protocol,fold_id,test_environment,fit_trajectories,calibration_trajectories,test_trajectory,covariance_input,method,agaci_aggregation,alpha,target_coverage,n_calibration,n_test,coverage,absolute_coverage_gap,median_log_6d_volume,mean_log_6d_volume,median_log_task_volume_m3,mean_log_task_volume_m3,coverage_per_median_volume,mean_radius,mean_effective_alpha,rolling_coverage_mae_100,longest_miss_streak
same_environment,same_environment:OV_MH_01_easy,MH,OV_MH_03_medium|OV_MH_04_difficult|OV_MH_05_difficult,OV_MH_02_easy,OV_MH_01_easy,openvins_full_6d,ACI,none,0.01,0.99,2212,2669,0.7426002248032971,0.24739977519670286,-5.052042171829704,-5.189442133786615,3.3945397111835884,3.2402427769661903,116.099169726737,25.400451291473992,0.0309751592356691,0.269696498054475,218
same_environment,same_environment:OV_MH_01_easy,MH,OV_MH_03_medium|OV_MH_04_difficult|OV_MH_05_difficult,OV_MH_02_easy,OV_MH_01_easy,openvins_full_6d,AgACI-EWA,exponential_weights,0.01,0.99,2212,2669,0.7433495691270139,0.2466504308729861,-5.10263940507966,-5.4558517995470455,3.3543336141397937,3.1070379440859757,122.24785027281929,24.401412512407447,0.0819279755197694,0.26897276264591463,219
same_environment,same_environment:OV_MH_01_easy,MH,OV_MH_03_medium|OV_MH_04_difficult|OV_MH_05_difficult,OV_MH_02_easy,OV_MH_01_easy,openvins_full_6d,ACI,none,0.05,0.95,2212,2669,0.7268639940052454,0.22313600599475458,-5.479953579398703,-5.860121141426034,3.148121174374573,2.904903273146481,174.32784307992998,22.940274192836476,0.14400936680404647,0.28922178988326863,219
same_environment,same_environment:OV_MH_01_easy,MH,OV_MH_03_medium|OV_MH_04_difficult|OV_MH_05_difficult,OV_MH_02_easy,OV_MH_01_easy,openvins_full_6d,AgACI-EWA,exponential_weights,0.05,0.95,2212,2669,0.7313600599475459,0.21863994005245402,-5.643537909697486,-6.646154035300328,3.0426936350842677,2.511886826209334,206.58016127448917,20.979659304853893,0.22740077289474092,0.28152918287937767,218
same_environment,same_environment:OV_MH_01_easy,MH,OV_MH_03_medium|OV_MH_04_difficult|OV_MH_05_difficult,OV_MH_02_easy,OV_MH_01_easy,openvins_full_6d,ACI,none,0.1,0.9,2212,2669,0.6905207943049831,0.20947920569501688,-5.662520450530586,-6.314463099748305,3.0325374956466824,2.677732293985346,198.78249932754508,21.657866881196462,0.19976582989883868,0.29126848249027254,218
same_environment,same_environment:OV_MH_01_easy,MH,OV_MH_03_medium|OV_MH_04_difficult|OV_MH_05_difficult,OV_MH_02_easy,OV_MH_01_easy,openvins_full_6d,AgACI-EWA,exponential_weights,0.1,0.9,2212,2669,0.701386286998876,0.19861371300112407,-5.834423454525005,-6.904925520774736,2.9414668898888294,2.38250108347213,239.78122908629942,20.273686062114265,0.26329634766192633,0.28641245136186794,218
same_environment,same_environment:OV_MH_01_easy,MH,OV_MH_03_medium|OV_MH_04_difficult|OV_MH_05_difficult,OV_MH_02_easy,OV_MH_01_easy,openvins_full_6d,ACI,none,0.2,0.8,2212,2669,0.6129636568002997,0.1870363431997003,-5.977179925460245,-6.832805270740424,2.932483075445198,2.418561208489286,241.70797756317052,20.40366812085823,0.257288872236793,0.291136186770428,218
same_environment,same_environment:OV_MH_01_easy,MH,OV_MH_03_medium|OV_MH_04_difficult|OV_MH_05_difficult,OV_MH_02_easy,OV_MH_01_easy,openvins_full_6d,AgACI-EWA,exponential_weights,0.2,0.8,2212,2669,0.6425627575871112,0.1574372424128888,-6.027249660685481,-7.101268528339433,2.8959350721937103,2.2843295796897816,266.38932615585287,19.76273782500326,0.28812005132746765,0.27284824902723753,218
same_environment,same_environment:OV_MH_01_easy,MH,OV_MH_03_medium|OV_MH_04_difficult|OV_MH_05_difficult,OV_MH_02_easy,OV_MH_01_easy,openvins_full_6d,ACI,none,0.4,0.6,2212,2669,0.45934807043836645,0.14065192956163353,-6.237144265510288,-7.2519701176779385,2.8810144876851487,2.2089787850205287,234.90877154988186,19.385836765334076,0.3048939677781943,0.2442062256809339,218
same_environment,same_environment:OV_MH_01_easy,MH,OV_MH_03_medium|OV_MH_04_difficult|OV_MH_05_difficult,OV_MH_02_easy,OV_MH_01_easy,openvins_full_6d,AgACI-EWA,exponential_weights,0.4,0.6,2212,2669,0.48220307231172727,0.11779692768827271,-6.163078148518391,-7.257172011581706,2.869678197676256,2.206377838068645,228.99226065345113,19.38811164103894,0.30414912312289605,0.20432684824902733,218
same_environment,same_environment:OV_MH_01_easy,MH,OV_MH_03_medium|OV_MH_04_difficult|OV_MH_05_difficult,OV_MH_02_easy,OV_MH_01_easy,openvins_full_6d,ACI,none,0.5,0.5,2212,2669,0.3836642937429749,0.1163357062570251,-6.309192059533217,-7.337234106959418,2.8625088974292243,2.1663467903797895,210.86217388910603,19.175458104970826,0.31366429374297505,0.21551750972762654,218
same_environment,same_environment:OV_MH_01_easy,MH,OV_MH_03_medium|OV_MH_04_difficult|OV_MH_05_difficult,OV_MH_02_easy,OV_MH_01_easy,openvins_full_6d,AgACI-EWA,exponential_weights,0.5,0.5,2212,2669,0.3859123267141251,0.11408767328587488,-6.218474007390764,-7.305556902239032,2.856455295418952,2.1821853927399824,193.70355806865192,19.26992808427297,0.3089206059962523,0.17649027237354092,218
same_environment,same_environment:OV_MH_01_easy,MH,OV_MH_03_medium|OV_MH_04_difficult|OV_MH_05_difficult,OV_MH_02_easy,OV_MH_01_easy,empirical_full_6d,ACI,none,0.01,0.99,2212,2669,0.9778943424503559,0.0121056575496441,-11.809852169496745,-11.731350423424075,-1.6651967984299416,-1.625945925393607,131596.87092288665,2.983356499195595,0.027168714874485248,0.018622568093385316,13
same_environment,same_environment:OV_MH_01_easy,MH,OV_MH_03_medium|OV_MH_04_difficult|OV_MH_05_difficult,OV_MH_02_easy,OV_MH_01_easy,empirical_full_6d,AgACI-EWA,exponential_weights,0.01,0.99,2212,2669,0.989883851629824,0.00011614837017603907,-11.735875179233185,-11.806726010183375,-1.6282083032981616,-1.6636337187732568,123711.4992572618,2.946496397140192,0.04069425974324094,0.015692607003891457,15
same_environment,same_environment:OV_MH_01_easy,MH,OV_MH_03_medium|OV_MH_04_difficult|OV_MH_05_difficult,OV_MH_02_easy,OV_MH_01_easy,empirical_full_6d,ACI,none,0.05,0.95,2212,2669,0.9273136005994754,0.022686399400524526,-12.10251128158443,-12.19030303199398,-1.8115263544737843,-1.855422229678559,167217.02643321833,2.7743084828571325,0.06854683402023241,0.043727626459144034,21
same_environment,same_environment:OV_MH_01_easy,MH,OV_MH_03_medium|OV_MH_04_difficult|OV_MH_05_difficult,OV_MH_02_easy,OV_MH_01_easy,empirical_full_6d,AgACI-EWA,exponential_weights,0.05,0.95,2212,2669,0.9692768827276134,0.01927688272761341,-12.092300189892315,-12.221440541007128,-1.8064208086277267,-1.8709909841851327,173008.36461275493,2.7646819481186484,0.08286896954303073,0.051556420233463414,14
same_environment,same_environment:OV_MH_01_easy,MH,OV_MH_03_medium|OV_MH_04_difficult|OV_MH_05_difficult,OV_MH_02_easy,OV_MH_01_easy,empirical_full_6d,ACI,none,0.1,0.9,2212,2669,0.870738104158861,0.02926189584113903,-12.225334787774166,-12.31825223204511,-1.8729381075686513,-1.9193968297041244,177534.59251916665,2.717576219753515,0.08513787935556401,0.06019455252918292,35
same_environment,same_environment:OV_MH_01_easy,MH,OV_MH_03_medium|OV_MH_04_difficult|OV_MH_05_difficult,OV_MH_02_easy,OV_MH_01_easy,empirical_full_6d,AgACI-EWA,exponential_weights,0.1,0.9,2212,2669,0.9348070438366429,0.034807043836642904,-12.175006921031773,-12.321630998648024,-1.8477741741974558,-1.92108621300558,181242.60643694387,2.7221269021549475,0.09695399600441833,0.08115564202334663,23
same_environment,same_environment:OV_MH_01_easy,MH,OV_MH_03_medium|OV_MH_04_difficult|OV_MH_05_difficult,OV_MH_02_easy,OV_MH_01_easy,empirical_full_6d,ACI,none,0.2,0.8,2212,2669,0.7680779318096665,0.0319220681903335,-12.442025509203901,-12.441483381589572,-1.9812834682835199,-1.9810124044763555,194494.9410996286,2.666053183717625,0.10434844511052845,0.07166926070038912,40
same_environment,same_environment:OV_MH_01_easy,MH,OV_MH_03_medium|OV_MH_04_difficult|OV_MH_05_difficult,OV_MH_02_easy,OV_MH_01_easy,empirical_full_6d,AgACI-EWA,exponential_weights,0.2,0.8,2212,2669,0.839640314724616,0.03964031472461593,-12.308872835483367,-12.40501340022867,-1.9147071314232527,-1.9627774137959049,186109.6248290012,2.6868843713829627,0.10866433094185163,0.09240077821011701,32
same_environment,same_environment:OV_MH_01_easy,MH,OV_MH_03_medium|OV_MH_04_difficult|OV_MH_05_difficult,OV_MH_02_easy,OV_MH_01_easy,empirical_full_6d,ACI,none,0.4,0.6,2212,2669,0.5777444735856125,0.02225552641438744,-12.524161305129693,-12.586233080746531,-2.022351366246416,-2.053387254054835,158821.73835782113,2.6028719759087062,0.12430348445110548,0.0700856031128405,62
same_environment,same_environment:OV_MH_01_easy,MH,OV_MH_03_medium|OV_MH_04_difficult|OV_MH_05_difficult,OV_MH_02_easy,OV_MH_01_easy,empirical_full_6d,AgACI-EWA,exponential_weights,0.4,0.6,2212,2669,0.6279505432746347,0.027950543274634754,-12.463263812940786,-12.531035576931266,-1.9919026201519623,-2.0257885021472024,162424.72531187336,2.6312584820690668,0.12599109927057509,0.07528404669260715,39
same_environment,same_environment:OV_MH_01_easy,MH,OV_MH_03_medium|OV_MH_04_difficult|OV_MH_05_difficult,OV_MH_02_easy,OV_MH_01_easy,empirical_full_6d,ACI,none,0.5,0.5,2212,2669,0.4814537279880105,0.018546272011989495,-12.580709598583256,-12.67053442641392,-2.0506255129731974,-2.0955379268885297,140051.35370460502,2.566095219576223,0.13645185462720122,0.07058754863813232,74
same_environment,same_environment:OV_MH_01_easy,MH,OV_MH_03_medium|OV_MH_04_difficult|OV_MH_05_difficult,OV_MH_02_easy,OV_MH_01_easy,empirical_full_6d,AgACI-EWA,exponential_weights,0.5,0.5,2212,2669,0.5031847133757962,0.0031847133757961776,-12.494194444428981,-12.592036101865686,-2.0073679358960597,-2.056288764614412,134241.6068418326,2.605933916110391,0.13389789854526868,0.054140077821011746,46
same_environment,same_environment:OV_MH_02_easy,MH,OV_MH_01_easy|OV_MH_04_difficult|OV_MH_05_difficult,OV_MH_03_medium,OV_MH_02_easy,openvins_full_6d,ACI,none,0.01,0.99,2245,2212,0.9593128390596745,0.03068716094032553,-6.230049270534597,3.2714237285683945,2.573686748345686,7.332633490146628,487.12035450949367,1014.719434738587,0.019652531645569776,0.04140558447704685,4
same_environment,same_environment:OV_MH_02_easy,MH,OV_MH_01_easy|OV_MH_04_difficult|OV_MH_05_difficult,OV_MH_03_medium,OV_MH_02_easy,openvins_full_6d,AgACI-EWA,exponential_weights,0.01,0.99,2245,2212,0.8933092224231465,0.09669077757685351,-6.404653711997881,1.104950184789107,2.472002924773102,6.249396718256983,540.1415461247477,792.101084541151,0.04535373528046156,0.1093989588263133,1
same_environment,same_environment:OV_MH_02_easy,MH,OV_MH_01_easy|OV_MH_04_difficult|OV_MH_05_difficult,OV_MH_03_medium,OV_MH_02_easy,openvins_full_6d,ACI,none,0.05,0.95,2245,2212,0.8539783001808319,0.09602169981916808,-6.791208222833873,0.37738835451047503,2.3151245195641117,5.885615803117667,760.0306243707047,763.1514169962068,0.08685533453887889,0.1401987695220066,16
same_environment,same_environment:OV_MH_02_easy,MH,OV_MH_01_easy|OV_MH_04_difficult|OV_MH_05_difficult,OV_MH_03_medium,OV_MH_02_easy,openvins_full_6d,AgACI-EWA,exponential_weights,0.05,0.95,2245,2212,0.8128390596745028,0.1371609403254972,-7.009838053650093,-2.05024345809144,2.327615430896759,4.67179989681671,900.1990504520775,613.7055243968592,0.20946150529235943,0.17960719356365354,25
same_environment,same_environment:OV_MH_02_easy,MH,OV_MH_01_easy|OV_MH_04_difficult|OV_MH_05_difficult,OV_MH_03_medium,OV_MH_02_easy,openvins_full_6d,ACI,none,0.1,0.9,2245,2212,0.7671790235081374,0.13282097649186264,-7.175119698155836,-1.804935383300996,2.2955746791232965,4.794453934211932,1002.3320367432533,576.9340597063244,0.1572879746835444,0.21478939895882634,35
same_environment,same_environment:OV_MH_02_easy,MH,OV_MH_01_easy|OV_MH_04_difficult|OV_MH_05_difficult,OV_MH_03_medium,OV_MH_02_easy,openvins_full_6d,AgACI-EWA,exponential_weights,0.1,0.9,2245,2212,0.7857142857142857,0.11428571428571432,-7.099829902215214,-2.5624258779271942,2.3000704527900298,4.415708686898833,952.0978807293291,612.3219353362255,0.25380345142245736,0.17037860861334603,80
same_environment,same_environment:OV_MH_02_easy,MH,OV_MH_01_easy|OV_MH_04_difficult|OV_MH_05_difficult,OV_MH_03_medium,OV_MH_02_easy,openvins_full_6d,ACI,none,0.2,0.8,2245,2212,0.7025316455696202,0.09746835443037982,-7.228009001683372,-2.533420228112223,2.2780024617035286,4.430211511806319,967.7213361640086,599.0093795777711,0.25521699819168187,0.20992901088499766,40
same_environment,same_environment:OV_MH_02_easy,MH,OV_MH_01_easy|OV_MH_04_difficult|OV_MH_05_difficult,OV_MH_03_medium,OV_MH_02_easy,openvins_full_6d,AgACI-EWA,exponential_weights,0.2,0.8,2245,2212,0.7527124773960217,0.047287522603978394,-7.176734534173772,-2.9529860977822757,2.26198879841658,4.220428576971293,985.020618998197,595.6983354973373,0.27871563473390115,0.14774254614292484,89
same_environment,same_environment:OV_MH_02_easy,MH,OV_MH_01_easy|OV_MH_04_difficult|OV_MH_05_difficult,OV_MH_03_medium,OV_MH_02_easy,openvins_full_6d,ACI,none,0.4,0.6,2245,2212,0.5650994575045208,0.03490054249547914,-7.342810448230603,-3.372743781898224,2.2257718566979037,4.010549734913318,873.1059537485374,586.8319277943509,0.3248227848101267,0.14706105063890204,54
same_environment,same_environment:OV_MH_02_easy,MH,OV_MH_01_easy|OV_MH_04_difficult|OV_MH_05_difficult,OV_MH_03_medium,OV_MH_02_easy,openvins_full_6d,AgACI-EWA,exponential_weights,0.4,0.6,2245,2212,0.4267631103074141,0.17323688969258588,-8.394046027568692,-8.13975271438353,1.7936075389523474,1.6270452686706651,1886.5778983391958,120.28221541841317,0.3234099336326646,0.32024136299100814,412
same_environment,same_environment:OV_MH_02_easy,MH,OV_MH_01_easy|OV_MH_04_difficult|OV_MH_05_difficult,OV_MH_03_medium,OV_MH_02_easy,openvins_full_6d,ACI,none,0.5,0.5,2245,2212,0.4986437613019892,0.0013562386980108254,-7.429312072813683,-3.279747627235195,2.179482945182048,4.057047812244833,840.0393444949784,608.7337376266382,0.3363833634719712,0.11382867960246108,65
same_environment,same_environment:OV_MH_02_easy,MH,OV_MH_01_easy|OV_MH_04_difficult|OV_MH_05_difficult,OV_MH_03_medium,OV_MH_02_easy,openvins_full_6d,AgACI-EWA,exponential_weights,0.5,0.5,2245,2212,0.3358951175406872,0.16410488245931282,-8.36913441892857,-9.339298813724518,1.7394169037980944,1.027272219000171,1448.3468781704942,23.545863374338996,0.3525252839916031,0.3022148603880739,500
same_environment,same_environment:OV_MH_02_easy,MH,OV_MH_01_easy|OV_MH_04_difficult|OV_MH_05_difficult,OV_MH_03_medium,OV_MH_02_easy,empirical_full_6d,ACI,none,0.01,0.99,2245,2212,0.9977396021699819,0.0077396021699819295,-12.141714999506993,-12.234550416587073,-2.1857348051600436,-2.2321525137000826,187110.0158918566,2.581878565081567,0.09848851717902413,0.010397539044013615,2
same_environment,same_environment:OV_MH_02_easy,MH,OV_MH_01_easy|OV_MH_04_difficult|OV_MH_05_difficult,OV_MH_03_medium,OV_MH_02_easy,empirical_full_6d,AgACI-EWA,exponential_weights,0.01,0.99,2245,2212,1.0,0.010000000000000009,-13.027910191538373,-12.838794598261824,-2.6288324011757336,-2.5342746045374596,454935.16421027196,2.349058614933009,0.16959150220592192,0.010000000000000453,0
same_environment,same_environment:OV_MH_02_easy,MH,OV_MH_01_easy|OV_MH_04_difficult|OV_MH_05_difficult,OV_MH_03_medium,OV_MH_02_easy,empirical_full_6d,ACI,none,0.05,0.95,2245,2212,0.9620253164556962,0.012025316455696267,-13.70667354268808,-13.51601179661533,-2.9682140767505865,-2.8728832037142134,862817.9783597515,2.0880161716822694,0.21939556962025336,0.05967818267865619,22
same_environment,same_environment:OV_MH_02_easy,MH,OV_MH_01_easy|OV_MH_04_difficult|OV_MH_05_difficult,OV_MH_03_medium,OV_MH_02_easy,empirical_full_6d,AgACI-EWA,exponential_weights,0.05,0.95,2245,2212,0.9660940325497287,0.016094032549728743,-14.558463373666152,-14.5166098200978,-3.3941089922396226,-3.373182215455447,2030858.6996757889,1.7990200828996312,0.4166130975842227,0.03413156649313798,5
same_environment,same_environment:OV_MH_02_easy,MH,OV_MH_01_easy|OV_MH_04_difficult|OV_MH_05_difficult,OV_MH_03_medium,OV_MH_02_easy,empirical_full_6d,ACI,none,0.1,0.9,2245,2212,0.9136528028933092,0.013652802893309168,-14.199978988630736,-14.069720397177075,-3.214866799721915,-3.1497375039950857,1342003.6863158322,1.905131945121768,0.3136283905967452,0.10684808329389517,50
same_environment,same_environment:OV_MH_02_easy,MH,OV_MH_01_easy|OV_MH_04_difficult|OV_MH_05_difficult,OV_MH_03_medium,OV_MH_02_easy,empirical_full_6d,AgACI-EWA,exponential_weights,0.1,0.9,2245,2212,0.9394213381555153,0.039421338155515295,-14.84559735002768,-14.875122630081211,-3.537675980420387,-3.5524386204471523,2631609.4075937774,1.7029719043037939,0.4728345628650613,0.055982016090866345,7
same_environment,same_environment:OV_MH_02_easy,MH,OV_MH_01_easy|OV_MH_04_difficult|OV_MH_05_difficult,OV_MH_03_medium,OV_MH_02_easy,empirical_full_6d,ACI,none,0.2,0.8,2245,2212,0.8096745027124774,0.009674502712477384,-14.573247895501536,-14.586586502258,-3.4015012531573148,-3.408170556535546,1727394.7989648331,1.7619958918229917,0.4140967450271249,0.16665877898722217,53
same_environment,same_environment:OV_MH_02_easy,MH,OV_MH_01_easy|OV_MH_04_difficult|OV_MH_05_difficult,OV_MH_03_medium,OV_MH_02_easy,empirical_full_6d,AgACI-EWA,exponential_weights,0.2,0.8,2245,2212,0.8783905967450272,0.07839059674502713,-14.971441689153902,-15.09057304644085,-3.6005981499834974,-3.6601638286269718,2790629.5566537506,1.6455478112329653,0.504440821842592,0.09559867486985364,15
same_environment,same_environment:OV_MH_02_easy,MH,OV_MH_01_easy|OV_MH_04_difficult|OV_MH_05_difficult,OV_MH_03_medium,OV_MH_02_easy,empirical_full_6d,ACI,none,0.4,0.6,2245,2212,0.6066907775768535,0.006690777576853546,-14.967526848384988,-15.137047678718554,-3.5986407295990417,-3.6834011447658233,1919913.715738071,1.6248579224052966,0.5097124773960213,0.20433506862281134,90
same_environment,same_environment:OV_MH_02_easy,MH,OV_MH_01_easy|OV_MH_04_difficult|OV_MH_05_difficult,OV_MH_03_medium,OV_MH_02_easy,empirical_full_6d,AgACI-EWA,exponential_weights,0.4,0.6,2245,2212,0.635623869801085,0.035623869801085006,-15.112496156012362,-15.269632074965035,-3.6711253834127278,-3.749693342889063,2325272.665801156,1.5998673532283287,0.5319745445638459,0.09963558920965468,31
same_environment,same_environment:OV_MH_02_easy,MH,OV_MH_01_easy|OV_MH_04_difficult|OV_MH_05_difficult,OV_MH_03_medium,OV_MH_02_easy,empirical_full_6d,ACI,none,0.5,0.5,2245,2212,0.505877034358047,0.005877034358046984,-15.056157627043438,-15.301188639964291,-3.642956118928266,-3.7654716253886917,1749247.0089687195,1.5833649794435876,0.5382594936708858,0.21440132513014687,104
same_environment,same_environment:OV_MH_02_easy,MH,OV_MH_01_easy|OV_MH_04_difficult|OV_MH_05_difficult,OV_MH_03_medium,OV_MH_02_easy,empirical_full_6d,AgACI-EWA,exponential_weights,0.5,0.5,2245,2212,0.5031645569620253,0.0031645569620253333,-15.155888127842587,-15.327143935449735,-3.692821369327841,-3.7784492731314154,1922333.0114318514,1.584896760606434,0.540526990759659,0.10271651680075729,38
same_environment,same_environment:OV_MH_03_medium,MH,OV_MH_01_easy|OV_MH_02_easy|OV_MH_05_difficult,OV_MH_04_difficult,OV_MH_03_medium,openvins_full_6d,ACI,none,0.01,0.99,1591,2245,0.9701559020044543,0.01984409799554565,-8.199083805987033,-8.092533091210992,1.749329459034925,1.783258728885687,3529.054649205459,16.94314487614051,0.048320623608018545,0.03342963653308507,21
same_environment,same_environment:OV_MH_03_medium,MH,OV_MH_01_easy|OV_MH_02_easy|OV_MH_05_difficult,OV_MH_04_difficult,OV_MH_03_medium,openvins_full_6d,AgACI-EWA,exponential_weights,0.01,0.99,1591,2245,0.97728285077951,0.012717149220489943,-8.301991618178509,-8.191090996163664,1.6911458246438933,1.7339797764093507,3940.3012503048108,16.66875068522711,0.06575171001828509,0.027958993476235188,21
same_environment,same_environment:OV_MH_03_medium,MH,OV_MH_01_easy|OV_MH_02_easy|OV_MH_05_difficult,OV_MH_04_difficult,OV_MH_03_medium,openvins_full_6d,ACI,none,0.05,0.95,1591,2245,0.9296213808463252,0.020378619153674782,-8.62862886655784,-8.589834091761551,1.4815491541534591,1.5346082286104086,5196.034271204965,15.62760627673767,0.12802739420935424,0.06904473438956209,21
same_environment,same_environment:OV_MH_03_medium,MH,OV_MH_01_easy|OV_MH_02_easy|OV_MH_05_difficult,OV_MH_04_difficult,OV_MH_03_medium,openvins_full_6d,AgACI-EWA,exponential_weights,0.05,0.95,1591,2245,0.9407572383073497,0.009242761692650259,-9.27949196978923,-9.354936061205374,1.1607323088080346,1.1520572438884966,10081.141854631098,13.94020731071118,0.28013134576345733,0.045615097856477334,21
same_environment,same_environment:OV_MH_03_medium,MH,OV_MH_01_easy|OV_MH_02_easy|OV_MH_05_difficult,OV_MH_04_difficult,OV_MH_03_medium,openvins_full_6d,ACI,none,0.1,0.9,1591,2245,0.8792873051224944,0.0207126948775056,-9.004978395671099,-8.95018393365791,1.3326569071001906,1.354433307662229,7160.498034940058,14.759022550654848,0.1975688195991092,0.10609506057781926,28
same_environment,same_environment:OV_MH_03_medium,MH,OV_MH_01_easy|OV_MH_02_easy|OV_MH_05_difficult,OV_MH_04_difficult,OV_MH_03_medium,openvins_full_6d,AgACI-EWA,exponential_weights,0.1,0.9,1591,2245,0.8922048997772829,0.007795100222717122,-9.650489493271497,-9.947429176634948,0.9970022233066658,0.8558106861737094,13855.39586328725,12.849597454552761,0.3790702593600317,0.05496272134203177,21
same_environment,same_environment:OV_MH_03_medium,MH,OV_MH_01_easy|OV_MH_02_easy|OV_MH_05_difficult,OV_MH_04_difficult,OV_MH_03_medium,openvins_full_6d,ACI,none,0.2,0.8,1591,2245,0.7790645879732739,0.020935412026726108,-9.522559582473729,-9.539643286951819,1.09228026775485,1.0597036310152745,10645.560793247643,13.509164866551789,0.3111447661469935,0.16886300093196654,63
same_environment,same_environment:OV_MH_03_medium,MH,OV_MH_01_easy|OV_MH_02_easy|OV_MH_05_difficult,OV_MH_04_difficult,OV_MH_03_medium,openvins_full_6d,AgACI-EWA,exponential_weights,0.2,0.8,1591,2245,0.800890868596882,0.0008908685968819219,-9.89891322796094,-10.363635786170434,0.8741530249559659,0.6477073814059665,15944.714003031335,12.140621991289251,0.44551886432302074,0.06449207828518179,21
same_environment,same_environment:OV_MH_03_medium,MH,OV_MH_01_easy|OV_MH_02_easy|OV_MH_05_difficult,OV_MH_04_difficult,OV_MH_03_medium,openvins_full_6d,ACI,none,0.4,0.6,1591,2245,0.6075723830734967,0.007572383073496725,-9.971382087226885,-10.331421953734045,0.8470061364010668,0.6638142976241601,13005.116363683865,12.081873886489724,0.4488632516703785,0.21101118359739068,112
same_environment,same_environment:OV_MH_03_medium,MH,OV_MH_01_easy|OV_MH_02_easy|OV_MH_05_difficult,OV_MH_04_difficult,OV_MH_03_medium,openvins_full_6d,AgACI-EWA,exponential_weights,0.4,0.6,1591,2245,0.6427616926503341,0.04276169265033414,-10.130130464212822,-10.662928383361239,0.7973512783368193,0.4980610828105633,16125.372187780384,11.649802718802878,0.4885945753889132,0.09091332712022376,21
same_environment,same_environment:OV_MH_03_medium,MH,OV_MH_01_easy|OV_MH_02_easy|OV_MH_05_difficult,OV_MH_04_difficult,OV_MH_03_medium,openvins_full_6d,ACI,none,0.5,0.5,1591,2245,0.5216035634743875,0.02160356347438752,-10.194902903482701,-10.604739054839056,0.7626010497478068,0.5271557470716552,13961.453180234175,11.606308039923618,0.4921180400890865,0.21388630009319676,123
same_environment,same_environment:OV_MH_03_medium,MH,OV_MH_01_easy|OV_MH_02_easy|OV_MH_05_difficult,OV_MH_04_difficult,OV_MH_03_medium,openvins_full_6d,AgACI-EWA,exponential_weights,0.5,0.5,1591,2245,0.5567928730512249,0.056792873051224935,-10.206443180560015,-10.746837639337055,0.7838764843936001,0.45610645482265466,15076.329509073894,11.519610815317153,0.49788495141992256,0.10287511649580622,29
same_environment,same_environment:OV_MH_03_medium,MH,OV_MH_01_easy|OV_MH_02_easy|OV_MH_05_difficult,OV_MH_04_difficult,OV_MH_03_medium,empirical_full_6d,ACI,none,0.01,0.99,1591,2245,0.999554565701559,0.009554565701558992,-8.816873392136928,-8.654297140011543,-0.46461698690004294,-0.38332886083735046,6744.1305578301135,5.99754907863385,0.11377683741648052,0.00953401677539654,1
same_environment,same_environment:OV_MH_03_medium,MH,OV_MH_01_easy|OV_MH_02_easy|OV_MH_05_difficult,OV_MH_04_difficult,OV_MH_03_medium,empirical_full_6d,AgACI-EWA,exponential_weights,0.01,0.99,1591,2245,1.0,0.010000000000000009,-9.271258191690256,-9.782487213614882,-0.6918093866767068,-0.9474238976390196,10628.115684396147,5.163107853491307,0.34522438083272644,0.010000000000000455,0
same_environment,same_environment:OV_MH_03_medium,MH,OV_MH_01_easy|OV_MH_02_easy|OV_MH_05_difficult,OV_MH_04_difficult,OV_MH_03_medium,empirical_full_6d,ACI,none,0.05,0.95,1591,2245,0.9884187082405346,0.038418708240534616,-9.987016684285226,-10.507618652618003,-1.049688632974192,-1.3099896171405794,21490.533332649444,4.562477547483999,0.44286636971045673,0.047628145386766456,11
same_environment,same_environment:OV_MH_03_medium,MH,OV_MH_01_easy|OV_MH_02_easy|OV_MH_05_difficult,OV_MH_04_difficult,OV_MH_03_medium,empirical_full_6d,AgACI-EWA,exponential_weights,0.05,0.95,1591,2245,0.9839643652561247,0.033964365256124784,-13.568080263654137,-12.960187354578146,-2.840220422658647,-2.5362739681206525,768283.9473399039,3.264571259897168,0.7048038751965914,0.03460857409133321,2
same_environment,same_environment:OV_MH_03_medium,MH,OV_MH_01_easy|OV_MH_02_easy|OV_MH_05_difficult,OV_MH_04_difficult,OV_MH_03_medium,empirical_full_6d,ACI,none,0.1,0.9,1591,2245,0.9403118040089087,0.04031180400890866,-12.481709072538862,-12.449195909866088,-2.297034827101009,-2.2807782457646217,247747.48981432326,3.537261711189732,0.636574610244989,0.06702702702702723,18
same_environment,same_environment:OV_MH_03_medium,MH,OV_MH_01_easy|OV_MH_02_easy|OV_MH_05_difficult,OV_MH_04_difficult,OV_MH_03_medium,empirical_full_6d,AgACI-EWA,exponential_weights,0.1,0.9,1591,2245,0.9456570155902004,0.04565701559020041,-13.653775725434173,-13.430840823780207,-2.883068153548664,-2.771600702721682,804438.9741888497,2.9796977972951795,0.7615802387617772,0.04655172413793145,9
same_environment,same_environment:OV_MH_03_medium,MH,OV_MH_01_easy|OV_MH_02_easy|OV_MH_05_difficult,OV_MH_04_difficult,OV_MH_03_medium,empirical_full_6d,ACI,none,0.2,0.8,1591,2245,0.8574610244988864,0.05746102449888635,-13.977435506295228,-13.34148212360043,-3.0448980439791926,-2.7269213526317935,1008178.6588600861,3.0543472327414727,0.7331224944320713,0.09321062441752116,26
same_environment,same_environment:OV_MH_03_medium,MH,OV_MH_01_easy|OV_MH_02_easy|OV_MH_05_difficult,OV_MH_04_difficult,OV_MH_03_medium,empirical_full_6d,AgACI-EWA,exponential_weights,0.2,0.8,1591,2245,0.8645879732739421,0.06458797327394206,-13.936616770447788,-13.737173258392255,-3.024488676055473,-2.924766920027706,975899.1727405493,2.805938951488798,0.7997832759717246,0.06623485554520069,15
same_environment,same_environment:OV_MH_03_medium,MH,OV_MH_01_easy|OV_MH_02_easy|OV_MH_05_difficult,OV_MH_04_difficult,OV_MH_03_medium,empirical_full_6d,ACI,none,0.4,0.6,1591,2245,0.6939866369710468,0.09398663697104681,-14.559244395744303,-13.918110429780167,-3.3358024887037296,-3.0152355057216624,1459992.4493581438,2.7242047672017295,0.8121015590200445,0.15004193849021458,48
same_environment,same_environment:OV_MH_03_medium,MH,OV_MH_01_easy|OV_MH_02_easy|OV_MH_05_difficult,OV_MH_04_difficult,OV_MH_03_medium,empirical_full_6d,AgACI-EWA,exponential_weights,0.4,0.6,1591,2245,0.6993318485523385,0.09933184855233856,-14.428113244663612,-14.005913419947152,-3.270236913163384,-3.0591370008051544,1290426.5012639947,2.6691873571168965,0.8279117727861572,0.11206430568499559,31
same_environment,same_environment:OV_MH_03_medium,MH,OV_MH_01_easy|OV_MH_02_easy|OV_MH_05_difficult,OV_MH_04_difficult,OV_MH_03_medium,empirical_full_6d,ACI,none,0.5,0.5,1591,2245,0.6080178173719376,0.10801781737193761,-14.624814659444159,-14.046355836707852,-3.368587620553658,-3.0793582091855045,1365817.306677364,2.6490021741539,0.8309153674832963,0.1657781919850887,55
same_environment,same_environment:OV_MH_03_medium,MH,OV_MH_01_easy|OV_MH_02_easy|OV_MH_05_difficult,OV_MH_04_difficult,OV_MH_03_medium,empirical_full_6d,AgACI-EWA,exponential_weights,0.5,0.5,1591,2245,0.5879732739420935,0.08797327394209353,-14.816350199051378,-14.12767592863401,-3.4643553903572677,-3.1200182551485827,1599619.60881781,2.6132006709591753,0.838201535922729,0.12699906803355093,40
same_environment,same_environment:OV_MH_04_difficult,MH,OV_MH_01_easy|OV_MH_02_easy|OV_MH_03_medium,OV_MH_05_difficult,OV_MH_04_difficult,openvins_full_6d,ACI,none,0.01,0.99,1806,1591,1.0,0.010000000000000009,-3.0766747606406035,-3.2260238716464107,4.520416319244461,4.357377252174118,21.686170660613556,27.459984752856148,0.08950000000000075,0.010000000000000453,0
same_environment,same_environment:OV_MH_04_difficult,MH,OV_MH_01_easy|OV_MH_02_easy|OV_MH_03_medium,OV_MH_05_difficult,OV_MH_04_difficult,openvins_full_6d,AgACI-EWA,exponential_weights,0.01,0.99,1806,1591,1.0,0.010000000000000009,-3.5581674101549154,-4.0246028447900635,4.038977768476159,3.9580877656022913,35.09881643683182,24.309118129288414,0.24697932887402094,0.010000000000000453,0
same_environment,same_environment:OV_MH_04_difficult,MH,OV_MH_01_easy|OV_MH_02_easy|OV_MH_03_medium,OV_MH_05_difficult,OV_MH_04_difficult,openvins_full_6d,ACI,none,0.05,0.95,1806,1591,0.9824010056568196,0.03240100565681969,-4.348792624224171,-5.050124893488421,3.585485818385953,3.4453267412531132,76.02307604024061,20.725080999744783,0.4019688874921358,0.04408176943699767,7
same_environment,same_environment:OV_MH_04_difficult,MH,OV_MH_01_easy|OV_MH_02_easy|OV_MH_03_medium,OV_MH_05_difficult,OV_MH_04_difficult,openvins_full_6d,AgACI-EWA,exponential_weights,0.05,0.95,1806,1591,0.9742300439974858,0.02423004399748585,-7.759624359302226,-7.233600628869884,2.429199538092748,2.3535888735623804,2283.6185355714497,14.913995066329836,0.6391189971894833,0.02835790884718536,1
same_environment,same_environment:OV_MH_04_difficult,MH,OV_MH_01_easy|OV_MH_02_easy|OV_MH_03_medium,OV_MH_05_difficult,OV_MH_04_difficult,openvins_full_6d,ACI,none,0.1,0.9,1806,1591,0.9321181646763043,0.03211816467630424,-7.480587681896136,-6.640149939811081,2.50486329109032,2.6503142180917822,1652.9089186972096,16.223883317814572,0.5809648020113141,0.07608579088471865,18
same_environment,same_environment:OV_MH_04_difficult,MH,OV_MH_01_easy|OV_MH_02_easy|OV_MH_03_medium,OV_MH_05_difficult,OV_MH_04_difficult,openvins_full_6d,AgACI-EWA,exponential_weights,0.1,0.9,1806,1591,0.9472030169704588,0.04720301697045881,-7.975015177890185,-7.71573975430831,2.212863682579723,2.1125193108431675,2753.899945941417,13.595605316549875,0.6920675343495866,0.04630697050938378,2
same_environment,same_environment:OV_MH_04_difficult,MH,OV_MH_01_easy|OV_MH_02_easy|OV_MH_03_medium,OV_MH_05_difficult,OV_MH_04_difficult,openvins_full_6d,ACI,none,0.2,0.8,1806,1591,0.8296668761785041,0.029666876178504054,-8.043408608961002,-7.750245808978387,2.1936746346926395,2.0952662835081295,2582.924585528364,13.447629805969427,0.6972470144563172,0.09930965147453095,20
same_environment,same_environment:OV_MH_04_difficult,MH,OV_MH_01_easy|OV_MH_02_easy|OV_MH_03_medium,OV_MH_05_difficult,OV_MH_04_difficult,openvins_full_6d,AgACI-EWA,exponential_weights,0.2,0.8,1806,1591,0.8761785040854808,0.07617850408548077,-8.1067927549817,-8.043006224691862,1.9209100208390018,1.9488860756513917,2906.216429021103,12.729396708400351,0.7275510000891395,0.07143431635388776,3
same_environment,same_environment:OV_MH_04_difficult,MH,OV_MH_01_easy|OV_MH_02_easy|OV_MH_03_medium,OV_MH_05_difficult,OV_MH_04_difficult,openvins_full_6d,ACI,none,0.4,0.6,1806,1591,0.6184789440603394,0.018478944060339453,-8.295592865296776,-8.26392427351379,1.8554448518901694,1.8384270512404268,2477.736532782542,12.21373282189755,0.745141420490258,0.09889410187667567,30
same_environment,same_environment:OV_MH_04_difficult,MH,OV_MH_01_easy|OV_MH_02_easy|OV_MH_03_medium,OV_MH_05_difficult,OV_MH_04_difficult,openvins_full_6d,AgACI-EWA,exponential_weights,0.4,0.6,1806,1591,0.6530483972344437,0.05304839723444377,-8.465674321963274,-8.379387883078431,1.8061561973357545,1.7806952464581065,3101.2802364625277,11.983865568059624,0.7558783111787533,0.05602546916890098,12
same_environment,same_environment:OV_MH_04_difficult,MH,OV_MH_01_easy|OV_MH_02_easy|OV_MH_03_medium,OV_MH_05_difficult,OV_MH_04_difficult,openvins_full_6d,ACI,none,0.5,0.5,1806,1591,0.5122564424890006,0.012256442489000596,-8.472449063343744,-8.426448960310486,1.7626984000586345,1.7571647078420798,2449.205948239708,11.854621597369754,0.7594311753614081,0.10147453083109924,41
same_environment,same_environment:OV_MH_04_difficult,MH,OV_MH_01_easy|OV_MH_02_easy|OV_MH_03_medium,OV_MH_05_difficult,OV_MH_04_difficult,openvins_full_6d,AgACI-EWA,exponential_weights,0.5,0.5,1806,1591,0.5059710873664363,0.005971087366436256,-8.50871364407035,-8.476822099876106,1.7679827167506277,1.7319781380592696,2508.4941030924047,11.786519012777822,0.7626077481861387,0.0564879356568365,32
same_environment,same_environment:OV_MH_04_difficult,MH,OV_MH_01_easy|OV_MH_02_easy|OV_MH_03_medium,OV_MH_05_difficult,OV_MH_04_difficult,empirical_full_6d,ACI,none,0.01,0.99,1806,1591,0.9930861093651792,0.0030861093651791682,-8.297325891935058,-7.90883594294365,-0.709000572175901,-0.5147555976801973,3985.380180733991,8.258971488190536,0.07558422375864383,0.010676943699732214,2
same_environment,same_environment:OV_MH_04_difficult,MH,OV_MH_01_easy|OV_MH_02_easy|OV_MH_03_medium,OV_MH_05_difficult,OV_MH_04_difficult,empirical_full_6d,AgACI-EWA,exponential_weights,0.01,0.99,1806,1591,1.0,0.010000000000000009,-8.672912309142077,-8.441156834225142,-0.8967937807794106,-0.7809160433209428,5842.489733153579,7.5455659259892025,0.10853454299898163,0.010000000000000453,0
same_environment,same_environment:OV_MH_04_difficult,MH,OV_MH_01_easy|OV_MH_02_easy|OV_MH_03_medium,OV_MH_05_difficult,OV_MH_04_difficult,empirical_full_6d,ACI,none,0.05,0.95,1806,1591,0.9509742300439975,0.0009742300439975482,-9.487478428376086,-9.379211125328533,-1.304076840396415,-1.2499431888726387,12546.664267687127,6.369896035480944,0.1450801382778129,0.05042225201072395,12
same_environment,same_environment:OV_MH_04_difficult,MH,OV_MH_01_easy|OV_MH_02_easy|OV_MH_03_medium,OV_MH_05_difficult,OV_MH_04_difficult,empirical_full_6d,AgACI-EWA,exponential_weights,0.05,0.95,1806,1591,0.9792583280955374,0.02925832809553741,-9.880517631164384,-9.952729848462935,-1.500596441790564,-1.5367025504398388,19140.424228452946,5.945916155171921,0.23790858895022612,0.03395442359249367,2
same_environment,same_environment:OV_MH_04_difficult,MH,OV_MH_01_easy|OV_MH_02_easy|OV_MH_03_medium,OV_MH_05_difficult,OV_MH_04_difficult,empirical_full_6d,ACI,none,0.1,0.9,1806,1591,0.8975487115021998,0.002451288497800186,-9.812489592028031,-9.774378204700545,-1.4665824222223875,-1.4475267285586448,16389.590826330183,5.973847868073779,0.18962602137020748,0.09048927613941025,31
same_environment,same_environment:OV_MH_04_difficult,MH,OV_MH_01_easy|OV_MH_02_easy|OV_MH_03_medium,OV_MH_05_difficult,OV_MH_04_difficult,empirical_full_6d,AgACI-EWA,exponential_weights,0.1,0.9,1806,1591,0.9358893777498428,0.0358893777498428,-10.214998424276486,-10.573225556465593,-1.6678368383466147,-1.8469504044411689,25558.888678714633,5.429752773113719,0.3058608453258367,0.051501340482574015,2
same_environment,same_environment:OV_MH_04_difficult,MH,OV_MH_01_easy|OV_MH_02_easy|OV_MH_03_medium,OV_MH_05_difficult,OV_MH_04_difficult,empirical_full_6d,ACI,none,0.2,0.8,1806,1591,0.7913262099308611,0.008673790069138931,-10.152334811965357,-10.387080555464072,-1.6365050321910504,-1.7538779039404084,20298.247224308245,5.442853126461671,0.2587366436203646,0.14917560321715828,44
same_environment,same_environment:OV_MH_04_difficult,MH,OV_MH_01_easy|OV_MH_02_easy|OV_MH_03_medium,OV_MH_05_difficult,OV_MH_04_difficult,empirical_full_6d,AgACI-EWA,exponential_weights,0.2,0.8,1806,1591,0.8654934003771213,0.06549340037712126,-10.43564756340049,-10.901731362171882,-1.778161407908617,-2.011203307294313,29471.8849042937,5.136901207282013,0.33676072531440043,0.09082439678284213,12
same_environment,same_environment:OV_MH_04_difficult,MH,OV_MH_01_easy|OV_MH_02_easy|OV_MH_03_medium,OV_MH_05_difficult,OV_MH_04_difficult,empirical_full_6d,ACI,none,0.4,0.6,1806,1591,0.5788812067881836,0.021118793211816422,-10.946570186982422,-11.12134346007972,-2.033622719699583,-2.1210093562482313,32856.740558388905,4.880918943961941,0.3557888120678818,0.18855227882037545,130
same_environment,same_environment:OV_MH_04_difficult,MH,OV_MH_01_easy|OV_MH_02_easy|OV_MH_03_medium,OV_MH_05_difficult,OV_MH_04_difficult,empirical_full_6d,AgACI-EWA,exponential_weights,0.4,0.6,1806,1591,0.6272784412319296,0.027278441231929573,-10.743866052110953,-11.174568383092655,-1.9322706522638482,-2.1476218177546995,29071.14266333367,4.919680184053927,0.36349368807907884,0.08196380697050956,21
same_environment,same_environment:OV_MH_04_difficult,MH,OV_MH_01_easy|OV_MH_02_easy|OV_MH_03_medium,OV_MH_05_difficult,OV_MH_04_difficult,empirical_full_6d,ACI,none,0.5,0.5,1806,1591,0.4732872407291012,0.026712759270898778,-11.244358820310616,-11.412202069488847,-2.18251703636368,-2.266438660952796,36181.60139203114,4.669137660436414,0.3911407919547453,0.18580428954423603,158
same_environment,same_environment:OV_MH_04_difficult,MH,OV_MH_01_easy|OV_MH_02_easy|OV_MH_03_medium,OV_MH_05_difficult,OV_MH_04_difficult,empirical_full_6d,AgACI-EWA,exponential_weights,0.5,0.5,1806,1591,0.4984286612193589,0.001571338780641085,-10.910749541778154,-11.27346413687447,-2.015712397097449,-2.197069694645606,27294.888660083237,4.843153287818122,0.37316208486450575,0.07973860589812339,33
same_environment,same_environment:OV_MH_05_difficult,MH,OV_MH_02_easy|OV_MH_03_medium|OV_MH_04_difficult,OV_MH_01_easy,OV_MH_05_difficult,openvins_full_6d,ACI,none,0.01,0.99,2669,1806,0.9961240310077519,0.00612403100775194,-3.5777116303755037,-3.6392333824879417,4.284970613575512,4.119817629136262,35.65281587257802,30.066932397758176,0.06674501661129754,0.011605155243116918,2
same_environment,same_environment:OV_MH_05_difficult,MH,OV_MH_02_easy|OV_MH_03_medium|OV_MH_04_difficult,OV_MH_01_easy,OV_MH_05_difficult,openvins_full_6d,AgACI-EWA,exponential_weights,0.01,0.99,2669,1806,1.0,0.010000000000000009,-3.654445365343813,-3.806054908474658,4.2459968448312,4.036406866142904,38.6460807142264,29.27013305446925,0.11712651418905738,0.010000000000000455,0
same_environment,same_environment:OV_MH_05_difficult,MH,OV_MH_02_easy|OV_MH_03_medium|OV_MH_04_difficult,OV_MH_01_easy,OV_MH_05_difficult,openvins_full_6d,ACI,none,0.05,0.95,2669,1806,0.9678848283499446,0.017884828349944648,-3.928028691798989,-4.342169729976533,4.023220991395881,3.768349455391966,49.175056539599325,26.831780317763645,0.21828765227021063,0.05596367896895168,23
same_environment,same_environment:OV_MH_05_difficult,MH,OV_MH_02_easy|OV_MH_03_medium|OV_MH_04_difficult,OV_MH_01_easy,OV_MH_05_difficult,openvins_full_6d,AgACI-EWA,exponential_weights,0.05,0.95,2669,1806,0.9717607973421927,0.021760797342192717,-5.1966347830946376,-5.6948559994617485,3.2557587685264755,3.092006320649358,175.56146069997428,22.243773902181225,0.40918079245648836,0.033274751025190695,1
same_environment,same_environment:OV_MH_05_difficult,MH,OV_MH_02_easy|OV_MH_03_medium|OV_MH_04_difficult,OV_MH_01_easy,OV_MH_05_difficult,openvins_full_6d,ACI,none,0.1,0.9,2669,1806,0.9213732004429679,0.021373200442967866,-4.778360408988,-5.027349277771321,3.3871773633522877,3.425759681494572,109.55977562105898,24.210014867889917,0.33186323366555937,0.10722905682483913,25
same_environment,same_environment:OV_MH_05_difficult,MH,OV_MH_02_easy|OV_MH_03_medium|OV_MH_04_difficult,OV_MH_01_easy,OV_MH_05_difficult,openvins_full_6d,AgACI-EWA,exponential_weights,0.1,0.9,2669,1806,0.9235880398671097,0.023588039867109667,-5.523093193878713,-6.254894295433596,2.974607195020462,2.811987172663434,231.27420537818432,20.562080111291817,0.47705943432076425,0.034282366725249216,2
same_environment,same_environment:OV_MH_05_difficult,MH,OV_MH_02_easy|OV_MH_03_medium|OV_MH_04_difficult,OV_MH_01_easy,OV_MH_05_difficult,openvins_full_6d,ACI,none,0.2,0.8,2669,1806,0.8277962347729789,0.02779623477297888,-5.521126968582347,-6.009918371565804,3.030550919581361,2.934475134597331,206.87995974253295,21.192240651287324,0.45069213732004443,0.13216754540128894,27
same_environment,same_environment:OV_MH_05_difficult,MH,OV_MH_02_easy|OV_MH_03_medium|OV_MH_04_difficult,OV_MH_01_easy,OV_MH_05_difficult,openvins_full_6d,AgACI-EWA,exponential_weights,0.2,0.8,2669,1806,0.844407530454042,0.044407530454042,-5.733376810809203,-6.705452179153869,2.9028881568542317,2.586708230803298,260.9311986516767,19.479971704259544,0.5166353784665471,0.04868189806678406,4
same_environment,same_environment:OV_MH_05_difficult,MH,OV_MH_02_easy|OV_MH_03_medium|OV_MH_04_difficult,OV_MH_01_easy,OV_MH_05_difficult,openvins_full_6d,ACI,none,0.4,0.6,2669,1806,0.6179401993355482,0.017940199335548246,-5.855664887870253,-6.724829328084597,2.8813631245895968,2.5770196563379346,215.78904713543952,19.25269155394463,0.5237342192691027,0.1420679554774459,58
same_environment,same_environment:OV_MH_05_difficult,MH,OV_MH_02_easy|OV_MH_03_medium|OV_MH_04_difficult,OV_MH_01_easy,OV_MH_05_difficult,openvins_full_6d,AgACI-EWA,exponential_weights,0.4,0.6,2669,1806,0.6566998892580288,0.056699889258028824,-5.926072619495473,-7.03492956450156,2.8612593649833866,2.421969538129453,246.05238614645793,18.6673606139152,0.5430813693637069,0.0712595196250734,15
same_environment,same_environment:OV_MH_05_difficult,MH,OV_MH_02_easy|OV_MH_03_medium|OV_MH_04_difficult,OV_MH_01_easy,OV_MH_05_difficult,openvins_full_6d,ACI,none,0.5,0.5,2669,1806,0.5121816168327796,0.01218161683277963,-6.158135129269056,-6.990283047552821,2.829734316159938,2.4442927966038215,242.02938219234366,18.70580804607436,0.5426218161683274,0.13823081429408327,64
same_environment,same_environment:OV_MH_05_difficult,MH,OV_MH_02_easy|OV_MH_03_medium|OV_MH_04_difficult,OV_MH_01_easy,OV_MH_05_difficult,openvins_full_6d,AgACI-EWA,exponential_weights,0.5,0.5,2669,1806,0.5049833887043189,0.004983388704318914,-6.0220709489655455,-7.142848598427957,2.8693445182655575,2.3680100211662536,208.2712267580706,18.436168280387683,0.5503473266540322,0.07475102519039253,31
same_environment,same_environment:OV_MH_05_difficult,MH,OV_MH_02_easy|OV_MH_03_medium|OV_MH_04_difficult,OV_MH_01_easy,OV_MH_05_difficult,empirical_full_6d,ACI,none,0.01,0.99,2669,1806,0.7951273532668881,0.1948726467331119,-10.949734957780025,-11.000636342650532,-1.4586304153896457,-1.4840811078248999,45273.71831275759,3.8929997457792487,0.013631506090808423,0.19117164616285898,201
same_environment,same_environment:OV_MH_05_difficult,MH,OV_MH_02_easy|OV_MH_03_medium|OV_MH_04_difficult,OV_MH_01_easy,OV_MH_05_difficult,empirical_full_6d,AgACI-EWA,exponential_weights,0.01,0.99,2669,1806,0.8001107419712071,0.18988925802879286,-11.012798598795104,-11.080496876734175,-1.4901622358971847,-1.5240113748667201,48523.013297487436,3.843374225481806,0.02846035037013036,0.18718804920913903,201
same_environment,same_environment:OV_MH_05_difficult,MH,OV_MH_02_easy|OV_MH_03_medium|OV_MH_04_difficult,OV_MH_01_easy,OV_MH_05_difficult,empirical_full_6d,ACI,none,0.05,0.95,2669,1806,0.7657807308970099,0.18421926910299002,-11.40547297955403,-11.393728715353728,-1.6864994262766482,-1.680627294176497,68776.23737304169,3.657269742208216,0.0594695459579181,0.20921499707088465,201
same_environment,same_environment:OV_MH_05_difficult,MH,OV_MH_02_easy|OV_MH_03_medium|OV_MH_04_difficult,OV_MH_01_easy,OV_MH_05_difficult,empirical_full_6d,AgACI-EWA,exponential_weights,0.05,0.95,2669,1806,0.7901439645625692,0.15985603543743077,-11.688576675883484,-11.664852146410789,-1.8280512744413748,-1.8161890097050275,94186.91641742724,3.5105961732036204,0.12808880429129457,0.19645577035735223,202
same_environment,same_environment:OV_MH_05_difficult,MH,OV_MH_02_easy|OV_MH_03_medium|OV_MH_04_difficult,OV_MH_01_easy,OV_MH_05_difficult,empirical_full_6d,ACI,none,0.1,0.9,2669,1806,0.7248062015503876,0.17519379844961247,-11.596850957805586,-11.620522070226283,-1.782188415402426,-1.7940239716127742,78826.14339055886,3.5315028224325506,0.10668826135105211,0.23312243702401886,202
same_environment,same_environment:OV_MH_05_difficult,MH,OV_MH_02_easy|OV_MH_03_medium|OV_MH_04_difficult,OV_MH_01_easy,OV_MH_05_difficult,empirical_full_6d,AgACI-EWA,exponential_weights,0.1,0.9,2669,1806,0.7547065337763013,0.14529346622369876,-11.870805575060007,-11.875764111147285,-1.9191657240296367,-1.9216449920732768,107945.2326917875,3.4052405925132114,0.1778624049427527,0.19346221441124795,202
same_environment,same_environment:OV_MH_05_difficult,MH,OV_MH_02_easy|OV_MH_03_medium|OV_MH_04_difficult,OV_MH_01_easy,OV_MH_05_difficult,empirical_full_6d,ACI,none,0.2,0.8,2669,1806,0.6450719822812846,0.15492801771871545,-11.862746788804289,-11.796300019707894,-1.9151363309017775,-1.8819129463535804,91523.71708830546,3.4364943158096217,0.14909634551495027,0.23613942589338033,201
same_environment,same_environment:OV_MH_05_difficult,MH,OV_MH_02_easy|OV_MH_03_medium|OV_MH_04_difficult,OV_MH_01_easy,OV_MH_05_difficult,empirical_full_6d,AgACI-EWA,exponential_weights,0.2,0.8,2669,1806,0.6710963455149501,0.12890365448504992,-11.980359564676805,-12.059309977024947,-1.9739427188380354,-2.0134179250121065,107099.86514975666,3.3213406428130283,0.2214627729563494,0.19049209138840076,203
same_environment,same_environment:OV_MH_05_difficult,MH,OV_MH_02_easy|OV_MH_03_medium|OV_MH_04_difficult,OV_MH_01_easy,OV_MH_05_difficult,empirical_full_6d,ACI,none,0.4,0.6,2669,1806,0.48726467331118495,0.11273532668881503,-12.109643354071865,-12.055331505226171,-2.0385846135355656,-2.0114286891127184,88494.48631831059,3.304768313584181,0.21431893687707654,0.25479203280609264,216
same_environment,same_environment:OV_MH_05_difficult,MH,OV_MH_02_easy|OV_MH_03_medium|OV_MH_04_difficult,OV_MH_01_easy,OV_MH_05_difficult,empirical_full_6d,AgACI-EWA,exponential_weights,0.4,0.6,2669,1806,0.49723145071982283,0.10276854928017715,-12.109875288577271,-12.197939262725098,-2.038700580788269,-2.082732567862182,90325.5479932034,3.256321226196138,0.2530330458136441,0.15898066783831286,202
same_environment,same_environment:OV_MH_05_difficult,MH,OV_MH_02_easy|OV_MH_03_medium|OV_MH_04_difficult,OV_MH_01_easy,OV_MH_05_difficult,empirical_full_6d,ACI,none,0.5,0.5,2669,1806,0.4008859357696567,0.0991140642303433,-12.288756283983345,-12.175308433223739,-2.1281410784913053,-2.0714171531115033,87088.31018346256,3.2462893925931557,0.24377353266888163,0.2601288810779146,220
same_environment,same_environment:OV_MH_05_difficult,MH,OV_MH_02_easy|OV_MH_03_medium|OV_MH_04_difficult,OV_MH_01_easy,OV_MH_05_difficult,empirical_full_6d,AgACI-EWA,exponential_weights,0.5,0.5,2669,1806,0.42414174972314506,0.07585825027685494,-12.148578427072888,-12.244248495466397,-2.0580521500360773,-2.1058871842328313,80088.76514336216,3.2331981125463,0.26316769963926734,0.1475512595196251,202
same_environment,same_environment:OV_V1_01_easy,V1,OV_V1_03_difficult,OV_V1_02_medium,OV_V1_01_easy,openvins_full_6d,ACI,none,0.01,0.99,1522,2706,0.10827790096082779,0.8817220990391722,-6.38089944970752,-6.373199977253898,1.5160097281512845,1.5079969497927699,63.93361311980611,25.57513647350372,0.00022631189948263113,0.8923398542385884,531
same_environment,same_environment:OV_V1_01_easy,V1,OV_V1_03_difficult,OV_V1_02_medium,OV_V1_01_easy,openvins_full_6d,AgACI-EWA,exponential_weights,0.01,0.99,1522,2706,0.10827790096082779,0.8817220990391722,-6.384407627404984,-6.378054908739281,1.5048855324242352,1.5055694840500782,64.15829748136609,25.554671851553433,0.0003412416801559025,0.8921135404679708,531
same_environment,same_environment:OV_V1_01_easy,V1,OV_V1_03_difficult,OV_V1_02_medium,OV_V1_01_easy,openvins_full_6d,ACI,none,0.05,0.95,1522,2706,0.10310421286031042,0.8468957871396895,-6.38623686151305,-6.398133095614166,1.457073201274742,1.4955303906126358,61.20456844973061,25.47344587966426,0.0010101626016260168,0.855554276946682,532
same_environment,same_environment:OV_V1_01_easy,V1,OV_V1_03_difficult,OV_V1_02_medium,OV_V1_01_easy,openvins_full_6d,AgACI-EWA,exponential_weights,0.05,0.95,1522,2706,0.1016260162601626,0.8483739837398374,-6.387614540710144,-6.4190367407649624,1.4331579992474675,1.4850785680372376,60.41025224219965,25.392720927862705,0.001889043697920227,0.8558611430763328,532
same_environment,same_environment:OV_V1_01_easy,V1,OV_V1_03_difficult,OV_V1_02_medium,OV_V1_01_easy,openvins_full_6d,ACI,none,0.1,0.9,1522,2706,0.09940872135994087,0.8005912786400592,-6.388042943215021,-6.421806435741749,1.4380663954789927,1.4836937205488447,59.117531049373405,25.38410838648625,0.001944937176644495,0.8079248177982356,532
same_environment,same_environment:OV_V1_01_easy,V1,OV_V1_03_difficult,OV_V1_02_medium,OV_V1_01_easy,openvins_full_6d,AgACI-EWA,exponential_weights,0.1,0.9,1522,2706,0.09534368070953436,0.8046563192904657,-6.388584688584711,-6.4896392809548145,1.4094484331043953,1.4497772979423114,56.73081087248283,25.156869674282614,0.004940743132661529,0.8120866896816265,531
same_environment,same_environment:OV_V1_01_easy,V1,OV_V1_03_difficult,OV_V1_02_medium,OV_V1_01_easy,openvins_full_6d,ACI,none,0.2,0.8,1522,2706,0.09053954175905396,0.7094604582409461,-6.396980815131597,-6.4773189599963,1.427561793643938,1.4559374584215692,54.32650432370614,25.191063751395998,0.0041862527716186254,0.7140506329113923,532
same_environment,same_environment:OV_V1_01_easy,V1,OV_V1_03_difficult,OV_V1_02_medium,OV_V1_01_easy,openvins_full_6d,AgACI-EWA,exponential_weights,0.2,0.8,1522,2706,0.08130081300813008,0.71869918699187,-6.3889161197372974,-6.544002408612936,1.38424100415725,1.4225957341132507,48.39114572199679,24.99515845779194,0.00797434781830939,0.7241733793632527,535
same_environment,same_environment:OV_V1_01_easy,V1,OV_V1_03_difficult,OV_V1_02_medium,OV_V1_01_easy,openvins_full_6d,ACI,none,0.4,0.6,1522,2706,0.07021433850702144,0.5297856614929786,-6.450971454523016,-6.617667007810906,1.4067652329928562,1.385763434514266,44.46795057746516,24.747654306948522,0.011466371027346637,0.5283659378596087,534
same_environment,same_environment:OV_V1_01_easy,V1,OV_V1_03_difficult,OV_V1_02_medium,OV_V1_01_easy,openvins_full_6d,AgACI-EWA,exponential_weights,0.4,0.6,1522,2706,0.06171470805617147,0.5382852919438285,-6.3944362211391415,-6.62448646379774,1.3402474161686957,1.3823537065208487,36.936610912473995,24.772408537239254,0.015035155084356117,0.5418718833908707,536
same_environment,same_environment:OV_V1_01_easy,V1,OV_V1_03_difficult,OV_V1_02_medium,OV_V1_01_easy,openvins_full_6d,ACI,none,0.5,0.5,1522,2706,0.06504065040650407,0.4349593495934959,-6.514646793155389,-6.717267338840567,1.3497496033762237,1.3359632689994352,43.89954604920291,24.443944341948328,0.01798226164079822,0.4336171845032605,534
same_environment,same_environment:OV_V1_01_easy,V1,OV_V1_03_difficult,OV_V1_02_medium,OV_V1_01_easy,openvins_full_6d,AgACI-EWA,exponential_weights,0.5,0.5,1522,2706,0.05543237250554324,0.4445676274944568,-6.4066206992883785,-6.666172024473145,1.3367743945690327,1.3615109261831466,33.58330890130663,24.66134860842311,0.018930020345055074,0.447560414269275,537
same_environment,same_environment:OV_V1_01_easy,V1,OV_V1_03_difficult,OV_V1_02_medium,OV_V1_01_easy,empirical_full_6d,ACI,none,0.01,0.99,1522,2706,0.0,0.99,-12.871467803027654,-12.871511655600635,-3.172522075943009,-3.172544002229501,0.0,4.485197823672799,3.7324464153732446e-06,0.99,2706
same_environment,same_environment:OV_V1_01_easy,V1,OV_V1_03_difficult,OV_V1_02_medium,OV_V1_01_easy,empirical_full_6d,AgACI-EWA,exponential_weights,0.01,0.99,1522,2706,0.0,0.99,-12.871467803027654,-12.871561783291188,-3.172522075943009,-3.1725690660747765,0.0,4.4851604381369095,7.636849707510585e-06,0.99,2706
same_environment,same_environment:OV_V1_01_easy,V1,OV_V1_03_difficult,OV_V1_02_medium,OV_V1_01_easy,empirical_full_6d,ACI,none,0.05,0.95,1522,2706,0.0,0.95,-12.871467803027654,-12.871982103849016,-3.172522075943009,-3.17277922635369,0.0,4.484856086040946,5.820399113082039e-05,0.9500000000000001,2706
same_environment,same_environment:OV_V1_01_easy,V1,OV_V1_03_difficult,OV_V1_02_medium,OV_V1_01_easy,empirical_full_6d,AgACI-EWA,exponential_weights,0.05,0.95,1522,2706,0.0,0.95,-12.871467803027654,-12.872489067715039,-3.172522075943009,-3.1730327082867005,0.0,4.484478983700598,0.00011540579331407136,0.9500000000000001,2706
same_environment,same_environment:OV_V1_01_easy,V1,OV_V1_03_difficult,OV_V1_02_medium,OV_V1_01_easy,empirical_full_6d,ACI,none,0.1,0.9,1522,2706,0.0,0.9,-12.871467803027654,-12.873804796403498,-3.172522075943009,-3.173690572630931,0.0,4.483590181078665,0.0002239467849223946,0.9,2706
same_environment,same_environment:OV_V1_01_easy,V1,OV_V1_03_difficult,OV_V1_02_medium,OV_V1_01_easy,empirical_full_6d,AgACI-EWA,exponential_weights,0.1,0.9,1522,2706,0.0,0.9,-12.871467803027654,-12.87427542308938,-3.172522075943009,-3.173925885973872,0.0,4.483222182167347,0.0002677426485920413,0.9,2706
same_environment,same_environment:OV_V1_01_easy,V1,OV_V1_03_difficult,OV_V1_02_medium,OV_V1_01_easy,empirical_full_6d,ACI,none,0.2,0.8,1522,2706,0.0,0.8,-12.871467803027654,-12.88020676543578,-3.172522075943009,-3.176891557147071,0.0,4.479290680229644,0.0009608277900960821,0.7999999999999998,2706
same_environment,same_environment:OV_V1_01_easy,V1,OV_V1_03_difficult,OV_V1_02_medium,OV_V1_01_easy,empirical_full_6d,AgACI-EWA,exponential_weights,0.2,0.8,1522,2706,0.0,0.8,-12.871467803027654,-12.877275148776208,-3.172522075943009,-3.1754257488172875,0.0,4.481198478614686,0.0007306848655675544,0.7999999999999998,2706
same_environment,same_environment:OV_V1_01_easy,V1,OV_V1_03_difficult,OV_V1_02_medium,OV_V1_01_easy,empirical_full_6d,ACI,none,0.4,0.6,1522,2706,0.0,0.6,-12.871467803027654,-12.906394515799686,-3.172522075943009,-3.1899854323290255,0.0,4.462425406684145,0.005001478196600144,0.6,2706
same_environment,same_environment:OV_V1_01_easy,V1,OV_V1_03_difficult,OV_V1_02_medium,OV_V1_01_easy,empirical_full_6d,AgACI-EWA,exponential_weights,0.4,0.6,1522,2706,0.0,0.6,-12.871467803027654,-12.885292991910468,-3.172522075943009,-3.1794346703844165,0.0,4.476148617422329,0.002308434314235502,0.6,2706
same_environment,same_environment:OV_V1_01_easy,V1,OV_V1_03_difficult,OV_V1_02_medium,OV_V1_01_easy,empirical_full_6d,ACI,none,0.5,0.5,1522,2706,0.0,0.5,-12.871467803027654,-12.93475845941577,-3.172522075943009,-3.204167404137069,0.0,4.445224595874558,0.009331116038433104,0.5,2706
same_environment,same_environment:OV_V1_01_easy,V1,OV_V1_03_difficult,OV_V1_02_medium,OV_V1_01_easy,empirical_full_6d,AgACI-EWA,exponential_weights,0.5,0.5,1522,2706,0.0,0.5,-12.871467803027654,-12.892942791789984,-3.172522075943009,-3.1832595703241733,0.0,4.471844731172606,0.003384894464218079,0.5,2706
same_environment,same_environment:OV_V1_02_medium,V1,OV_V1_01_easy,OV_V1_03_difficult,OV_V1_02_medium,openvins_full_6d,ACI,none,0.01,0.99,1895,1522,1.0,0.010000000000000009,-2.8918934003505257,-2.426875935794355,4.5624794906443755,4.597832827427826,18.027410413313962,51.22889781013916,0.08605000000000085,0.010000000000000453,0
same_environment,same_environment:OV_V1_02_medium,V1,OV_V1_01_easy,OV_V1_03_difficult,OV_V1_02_medium,openvins_full_6d,AgACI-EWA,exponential_weights,0.01,0.99,1895,1522,1.0,0.010000000000000009,-5.38408946713175,-4.56519188963345,3.6401436893714116,3.5286748505082777,217.91159807563022,38.137560800521634,0.36113645634959113,0.010000000000000453,0
same_environment,same_environment:OV_V1_02_medium,V1,OV_V1_01_easy,OV_V1_03_difficult,OV_V1_02_medium,openvins_full_6d,ACI,none,0.05,0.95,1895,1522,1.0,0.050000000000000044,-5.901975488790756,-5.349865073740128,3.097450301664746,3.136338258454939,365.7593080501477,32.418934980230695,0.4302499999999933,0.05000000000000048,0
same_environment,same_environment:OV_V1_02_medium,V1,OV_V1_01_easy,OV_V1_03_difficult,OV_V1_02_medium,openvins_full_6d,AgACI-EWA,exponential_weights,0.05,0.95,1895,1522,0.9671484888304862,0.017148488830486253,-9.444661789365782,-9.183045162803348,1.2777277755996561,1.2197482139233293,12225.247386257051,18.852980203456895,0.755658046593823,0.0216373858046384,1
same_environment,same_environment:OV_V1_02_medium,V1,OV_V1_01_easy,OV_V1_03_difficult,OV_V1_02_medium,openvins_full_6d,ACI,none,0.1,0.9,1895,1522,0.9526938239159002,0.05269382391590016,-7.604305240755178,-7.804786678725691,2.1110018328650346,1.908877455962158,1911.8823088119284,22.822736528153364,0.6507299605781871,0.08315530569219985,14
same_environment,same_environment:OV_V1_02_medium,V1,OV_V1_01_easy,OV_V1_03_difficult,OV_V1_02_medium,openvins_full_6d,AgACI-EWA,exponential_weights,0.1,0.9,1895,1522,0.9231274638633377,0.02312746386333764,-11.21234819396636,-10.475527102184,0.27722419730086223,0.5735072442330018,68347.49810500977,15.131164613900019,0.8250701484979347,0.027287420941672785,1
same_environment,same_environment:OV_V1_02_medium,V1,OV_V1_01_easy,OV_V1_03_difficult,OV_V1_02_medium,openvins_full_6d,ACI,none,0.2,0.8,1895,1522,0.8482260183968463,0.04822601839684626,-11.029132377748041,-9.860145885550693,0.4415640222719377,0.8811978525496554,52288.10729264832,16.33379086404086,0.7887726675427074,0.09385804638088562,17
same_environment,same_environment:OV_V1_02_medium,V1,OV_V1_01_easy,OV_V1_03_difficult,OV_V1_02_medium,openvins_full_6d,AgACI-EWA,exponential_weights,0.2,0.8,1895,1522,0.8377135348226018,0.03771353482260176,-11.830608136588655,-11.313147527471378,-0.01782683142736552,0.15469703158931436,115096.83031045139,13.014931792715071,0.863332088962288,0.03427969079409725,3
same_environment,same_environment:OV_V1_02_medium,V1,OV_V1_01_easy,OV_V1_03_difficult,OV_V1_02_medium,openvins_full_6d,ACI,none,0.4,0.6,1895,1522,0.6419185282522996,0.04191852825229958,-12.166311801058836,-11.72566120439147,-0.09331120804779314,-0.051559806870732514,123379.2118407576,12.13086988181495,0.8753127463863337,0.0929444834855939,24
same_environment,same_environment:OV_V1_02_medium,V1,OV_V1_01_easy,OV_V1_03_difficult,OV_V1_02_medium,openvins_full_6d,AgACI-EWA,exponential_weights,0.4,0.6,1895,1522,0.6616294349540078,0.061629434954007856,-12.246099456591107,-12.218809600528042,-0.1964648990439004,-0.2981340049390179,137729.9015198707,11.22194984859069,0.8928891451326032,0.06460295151089271,7
same_environment,same_environment:OV_V1_02_medium,V1,OV_V1_01_easy,OV_V1_03_difficult,OV_V1_02_medium,openvins_full_6d,ACI,none,0.5,0.5,1895,1522,0.5295663600525624,0.029566360052562413,-12.268363807583128,-12.202853340746309,-0.19772100818899396,-0.2901558750481516,112720.54839490591,11.289139147845463,0.8904040735873848,0.08198172874209422,39
same_environment,same_environment:OV_V1_02_medium,V1,OV_V1_01_easy,OV_V1_03_difficult,OV_V1_02_medium,openvins_full_6d,AgACI-EWA,exponential_weights,0.5,0.5,1895,1522,0.5295663600525624,0.029566360052562413,-12.343263317815207,-12.710381316372027,-0.2679449255424098,-0.543919862861011,121487.48373142512,10.624490578481685,0.900166241787802,0.05052705551651448,17
same_environment,same_environment:OV_V1_02_medium,V1,OV_V1_01_easy,OV_V1_03_difficult,OV_V1_02_medium,empirical_full_6d,ACI,none,0.01,0.99,1895,1522,0.9901445466491459,0.00014454664914587134,-8.60884833514477,-8.625509738900881,-1.4040040885156966,-1.4123347903937515,5425.926761055779,16.059266975118497,0.033119645203680395,0.011531974701335379,2
same_environment,same_environment:OV_V1_02_medium,V1,OV_V1_01_easy,OV_V1_03_difficult,OV_V1_02_medium,empirical_full_6d,AgACI-EWA,exponential_weights,0.01,0.99,1895,1522,1.0,0.010000000000000009,-8.645194145312667,-8.641986983745609,-1.4221769935996447,-1.420573412816116,5682.770434257142,16.012868662119747,0.03927157066868413,0.010000000000000453,0
same_environment,same_environment:OV_V1_02_medium,V1,OV_V1_01_easy,OV_V1_03_difficult,OV_V1_02_medium,empirical_full_6d,ACI,none,0.05,0.95,1895,1522,0.9494086727989488,0.0005913272010511506,-9.023198228016536,-8.981716541749527,-1.6111790349515793,-1.5904381918180746,7873.6914919976025,15.156307855805245,0.09019185282523012,0.04914265635980336,9
same_environment,same_environment:OV_V1_02_medium,V1,OV_V1_01_easy,OV_V1_03_difficult,OV_V1_02_medium,empirical_full_6d,AgACI-EWA,exponential_weights,0.05,0.95,1895,1522,0.9908015768725361,0.04080157687253616,-9.110370107760165,-9.13908022085912,-1.6547649748233937,-1.669120031372871,8965.409995564325,14.792184830162714,0.12832585693184145,0.04158116654954366,1
same_environment,same_environment:OV_V1_02_medium,V1,OV_V1_01_easy,OV_V1_03_difficult,OV_V1_02_medium,empirical_full_6d,ACI,none,0.1,0.9,1895,1522,0.897503285151117,0.0024967148488830304,-9.169768493183653,-9.21741983794794,-1.684464167535138,-1.7082898399172812,8618.186811971613,14.609889083333629,0.13944743758212888,0.07506676036542527,9
same_environment,same_environment:OV_V1_02_medium,V1,OV_V1_01_easy,OV_V1_03_difficult,OV_V1_02_medium,empirical_full_6d,AgACI-EWA,exponential_weights,0.1,0.9,1895,1522,0.9592641261498029,0.05926412614980292,-9.255323309785847,-9.336395343779685,-1.727241575836235,-1.7677775928331534,10033.998806178835,14.356559536689128,0.17193447055504546,0.0658819395643011,2
same_environment,same_environment:OV_V1_02_medium,V1,OV_V1_01_easy,OV_V1_03_difficult,OV_V1_02_medium,empirical_full_6d,ACI,none,0.2,0.8,1895,1522,0.7923784494086727,0.007621550591327297,-9.269726301655997,-9.424746110079658,-1.7344430717713095,-1.8119529759831408,8408.59890605645,14.150428060404597,0.18453482260183973,0.09163738580463815,26
same_environment,same_environment:OV_V1_02_medium,V1,OV_V1_01_easy,OV_V1_03_difficult,OV_V1_02_medium,empirical_full_6d,AgACI-EWA,exponential_weights,0.2,0.8,1895,1522,0.8797634691195795,0.07976346911957943,-9.3480327196715,-9.488641193615619,-1.7735962807790608,-1.8439005177511207,10096.362878569105,14.0301803940557,0.20563956053903407,0.08146170063246692,7
same_environment,same_environment:OV_V1_02_medium,V1,OV_V1_01_easy,OV_V1_03_difficult,OV_V1_02_medium,empirical_full_6d,ACI,none,0.4,0.6,1895,1522,0.5801576872536137,0.01984231274638626,-9.37612747611772,-9.608751708528835,-1.7876436590021711,-1.9039557752077292,6847.727595254669,13.766962022064789,0.2301668856767411,0.10422347153900217,41
same_environment,same_environment:OV_V1_02_medium,V1,OV_V1_01_easy,OV_V1_03_difficult,OV_V1_02_medium,empirical_full_6d,AgACI-EWA,exponential_weights,0.4,0.6,1895,1522,0.6596583442838371,0.059658344283837095,-9.403841744052878,-9.615747228825914,-1.8015007929697502,-1.9074535353562683,8004.894978708027,13.761809619186176,0.232682307319717,0.07545326774420255,23
same_environment,same_environment:OV_V1_02_medium,V1,OV_V1_01_easy,OV_V1_03_difficult,OV_V1_02_medium,empirical_full_6d,ACI,none,0.5,0.5,1895,1522,0.4743758212877792,0.02562417871222078,-9.40415569929112,-9.665892938147637,-1.8016577705888714,-1.9325263900171303,5758.315711677272,13.65472726755906,0.2447207621550589,0.10500351370344348,50
same_environment,same_environment:OV_V1_02_medium,V1,OV_V1_01_easy,OV_V1_03_difficult,OV_V1_02_medium,empirical_full_6d,AgACI-EWA,exponential_weights,0.5,0.5,1895,1522,0.48751642575558474,0.012483574244415263,-9.423962473069775,-9.659209295885454,-1.8115611574781987,-1.9291845688860383,6036.207388014798,13.670257661693133,0.24200199776972756,0.0658608573436402,31
same_environment,same_environment:OV_V1_03_difficult,V1,OV_V1_02_medium,OV_V1_01_easy,OV_V1_03_difficult,openvins_full_6d,ACI,none,0.01,0.99,2706,1895,1.0,0.010000000000000009,2.304939901952892,2.411682331876318,6.87863227530285,6.876478085706331,0.09976479614287655,109.79816173701347,0.10469999999999999,0.010000000000000453,0
same_environment,same_environment:OV_V1_03_difficult,V1,OV_V1_02_medium,OV_V1_01_easy,OV_V1_03_difficult,openvins_full_6d,AgACI-EWA,exponential_weights,0.01,0.99,2706,1895,0.9984168865435357,0.008416886543535673,-1.076128813707971,-0.4091126576135206,5.063938684171811,5.466080590961412,2.9286584339554715,73.34924622289799,0.38700984420367035,0.010400890868597279,1
same_environment,same_environment:OV_V1_03_difficult,V1,OV_V1_02_medium,OV_V1_01_easy,OV_V1_03_difficult,openvins_full_6d,ACI,none,0.05,0.95,2706,1895,0.9741424802110817,0.024142480211081785,-1.6225790514299412,-1.1850750502785845,4.9563659224270395,5.07809939462888,4.935141518537024,61.98438077103267,0.4330725593667443,0.05860801781737232,38
same_environment,same_environment:OV_V1_03_difficult,V1,OV_V1_02_medium,OV_V1_01_easy,OV_V1_03_difficult,openvins_full_6d,AgACI-EWA,exponential_weights,0.05,0.95,2706,1895,0.9699208443271767,0.01992084432717678,-4.2939630138551905,-3.8236442640317034,3.728587996818348,3.75881478775232,71.05272444396348,42.05336277979344,0.6961761008513419,0.03471046770601368,1
same_environment,same_environment:OV_V1_03_difficult,V1,OV_V1_02_medium,OV_V1_01_easy,OV_V1_03_difficult,openvins_full_6d,ACI,none,0.1,0.9,2706,1895,0.9266490765171504,0.026649076517150427,-2.705560257190875,-2.395071501746748,4.5053191659469185,4.473101168894798,13.865169636562873,50.42350676604981,0.56590765171504,0.12328507795100252,40
same_environment,same_environment:OV_V1_03_difficult,V1,OV_V1_02_medium,OV_V1_01_easy,OV_V1_03_difficult,openvins_full_6d,AgACI-EWA,exponential_weights,0.1,0.9,2706,1895,0.9118733509234829,0.01187335092348285,-4.873174459712743,-4.572900104190827,3.3363890964446092,3.3841868676727582,119.21401122533504,36.59414647596958,0.7540061802669293,0.03082405345211603,1
same_environment,same_environment:OV_V1_03_difficult,V1,OV_V1_02_medium,OV_V1_01_easy,OV_V1_03_difficult,openvins_full_6d,ACI,none,0.2,0.8,2706,1895,0.8311345646437994,0.03113456464379938,-4.039878101556692,-4.182330447410576,3.8720407730112907,3.579471696062884,47.2245807341707,39.104003970575334,0.7093139841688659,0.1571714922049,60
same_environment,same_environment:OV_V1_03_difficult,V1,OV_V1_02_medium,OV_V1_01_easy,OV_V1_03_difficult,openvins_full_6d,AgACI-EWA,exponential_weights,0.2,0.8,2706,1895,0.8580474934036939,0.05804749340369386,-5.20040751050357,-5.14029142748868,3.1484560841797755,3.100491206023832,155.60358994355136,33.39173146649986,0.7866245108021156,0.06439309576837447,3
same_environment,same_environment:OV_V1_03_difficult,V1,OV_V1_02_medium,OV_V1_01_easy,OV_V1_03_difficult,openvins_full_6d,ACI,none,0.4,0.6,2706,1895,0.6279683377308707,0.027968337730870707,-5.190218825349618,-5.3966497639001645,3.212859318727336,2.9723120378180896,112.7252332994543,32.25365292310695,0.7993139841688658,0.16561247216035652,96
same_environment,same_environment:OV_V1_03_difficult,V1,OV_V1_02_medium,OV_V1_01_easy,OV_V1_03_difficult,openvins_full_6d,AgACI-EWA,exponential_weights,0.4,0.6,2706,1895,0.6300791556728232,0.030079155672823266,-5.5511327986288705,-5.828712838534626,2.986845859051371,2.7562805005008593,162.26373009165067,30.752049337414793,0.8122649795933417,0.06869153674832978,8
same_environment,same_environment:OV_V1_03_difficult,V1,OV_V1_02_medium,OV_V1_01_easy,OV_V1_03_difficult,openvins_full_6d,ACI,none,0.5,0.5,2706,1895,0.5224274406332454,0.02242744063324542,-5.52960334871139,-5.761225324338952,3.001048802895431,2.790024257598696,131.67465882446604,30.479166358138155,0.8210474934036943,0.14665924276169276,110
same_environment,same_environment:OV_V1_03_difficult,V1,OV_V1_02_medium,OV_V1_01_easy,OV_V1_03_difficult,openvins_full_6d,AgACI-EWA,exponential_weights,0.5,0.5,2706,1895,0.5018469656992084,0.0018469656992083916,-5.68523063334705,-6.067489769622224,2.9138193440256224,2.6368920349570604,147.78678281659194,29.91009829267178,0.8194194005659975,0.08712694877505575,40
same_environment,same_environment:OV_V1_03_difficult,V1,OV_V1_02_medium,OV_V1_01_easy,OV_V1_03_difficult,empirical_full_6d,ACI,none,0.01,0.99,2706,1895,1.0,0.010000000000000009,-9.731354995531419,-9.734815984904762,-1.2233845965977572,-1.225115091284429,16837.35140656619,12.454885678682167,0.10469999999999999,0.010000000000000453,0
same_environment,same_environment:OV_V1_03_difficult,V1,OV_V1_02_medium,OV_V1_01_easy,OV_V1_03_difficult,empirical_full_6d,AgACI-EWA,exponential_weights,0.01,0.99,2706,1895,1.0,0.010000000000000009,-9.973711421580369,-10.086007481879623,-1.3445628096222322,-1.4007108397718597,21454.966190266663,11.782592175432729,0.2796071029783928,0.010000000000000453,0
same_environment,same_environment:OV_V1_03_difficult,V1,OV_V1_02_medium,OV_V1_01_easy,OV_V1_03_difficult,empirical_full_6d,ACI,none,0.05,0.95,2706,1895,0.9984168865435357,0.04841688654353571,-10.602268650107737,-10.70218219500818,-1.6588414238859173,-1.708798196336139,40162.31038440598,10.655691867072308,0.5221385224274265,0.04854677060133679,3
same_environment,same_environment:OV_V1_03_difficult,V1,OV_V1_02_medium,OV_V1_01_easy,OV_V1_03_difficult,empirical_full_6d,AgACI-EWA,exponential_weights,0.05,0.95,2706,1895,0.9878627968337731,0.03786279683377314,-12.109753502499872,-11.726662267992765,-2.412583850081985,-2.2210382328284304,179430.28768289226,9.034775134066953,0.8074967641927103,0.04325723830735008,9
same_environment,same_environment:OV_V1_03_difficult,V1,OV_V1_02_medium,OV_V1_01_easy,OV_V1_03_difficult,empirical_full_6d,ACI,none,0.1,0.9,2706,1895,0.9794195250659631,0.07941952506596306,-11.869347630477433,-11.537949392104908,-2.2923809140707654,-2.1266817948845023,139881.711460418,9.319731507036211,0.7710633245382588,0.08110244988864185,10
same_environment,same_environment:OV_V1_03_difficult,V1,OV_V1_02_medium,OV_V1_01_easy,OV_V1_03_difficult,empirical_full_6d,AgACI-EWA,exponential_weights,0.1,0.9,2706,1895,0.9846965699208443,0.08469656992084429,-12.440174779956632,-12.080811364800345,-2.5777944888103645,-2.398112781232221,248886.69801734888,8.477867123095571,0.9061284136979822,0.08572383073496702,9
same_environment,same_environment:OV_V1_03_difficult,V1,OV_V1_02_medium,OV_V1_01_easy,OV_V1_03_difficult,empirical_full_6d,ACI,none,0.2,0.8,2706,1895,0.9635883905013193,0.16358839050131924,-12.441632103495563,-12.045366279646846,-2.57852315057983,-2.3803902386554734,243906.69830058896,8.526834294038549,0.9091451187335092,0.16547884187082443,13
same_environment,same_environment:OV_V1_03_difficult,V1,OV_V1_02_medium,OV_V1_01_easy,OV_V1_03_difficult,empirical_full_6d,AgACI-EWA,exponential_weights,0.2,0.8,2706,1895,0.9783641160949869,0.1783641160949868,-12.441631912637598,-12.256724532652434,-2.578523055150848,-2.4860693651582655,247646.7318415951,8.203640800459521,0.9552635804118845,0.18061247216035672,10
same_environment,same_environment:OV_V1_03_difficult,V1,OV_V1_02_medium,OV_V1_01_easy,OV_V1_03_difficult,empirical_full_6d,ACI,none,0.4,0.6,2706,1895,0.9551451187335093,0.3551451187335093,-12.441632103495563,-12.301217885587796,-2.57852315057983,-2.508316041625948,241769.50926838227,8.134531563343876,0.9734364116094987,0.35916481069042366,13
same_environment,same_environment:OV_V1_03_difficult,V1,OV_V1_02_medium,OV_V1_01_easy,OV_V1_03_difficult,empirical_full_6d,AgACI-EWA,exponential_weights,0.4,0.6,2706,1895,0.9662269129287598,0.36622691292875986,-12.44163210349501,-12.35083536583598,-2.578523150579554,-2.53312478175004,244574.5698730184,8.059152398231584,0.9822456424763415,0.3708407572383078,11
same_environment,same_environment:OV_V1_03_difficult,V1,OV_V1_02_medium,OV_V1_01_easy,OV_V1_03_difficult,empirical_full_6d,ACI,none,0.5,0.5,2706,1895,0.9519788918205805,0.4519788918205805,-12.441632103495563,-12.35001958177582,-2.57852315057983,-2.5327168897199592,240968.06338130473,8.060669904134967,0.98467018469657,0.45724387527839677,13
same_environment,same_environment:OV_V1_03_difficult,V1,OV_V1_02_medium,OV_V1_01_easy,OV_V1_03_difficult,empirical_full_6d,AgACI-EWA,exponential_weights,0.5,0.5,2706,1895,0.9572559366754617,0.4572559366754617,-12.441632103495559,-12.374924250657639,-2.5785231505798283,-2.545169224160867,242303.80652643307,8.022997150539114,0.9882950234376003,0.46332405345211614,12
same_environment,same_environment:OV_V2_01_easy,V2,OV_V2_03_difficult,OV_V2_02_medium,OV_V2_01_easy,openvins_full_6d,ACI,none,0.01,0.99,2249,2070,0.9835748792270531,0.0064251207729468796,-1.5689617667439535,2.3379686853925223,4.845013004584982,6.880279946404307,4.722792510136945,1646.8032978314122,0.034054879227053865,0.018310502283105146,2
same_environment,same_environment:OV_V2_01_easy,V2,OV_V2_03_difficult,OV_V2_02_medium,OV_V2_01_easy,openvins_full_6d,AgACI-EWA,exponential_weights,0.01,0.99,2249,2070,0.9903381642512077,0.00033816425120769544,-1.765171613869418,2.1492666316148816,4.808183605269222,6.785928919515486,5.7861249395376575,1533.3731817332862,0.04450224908505616,0.013196347031963693,1
same_environment,same_environment:OV_V2_01_easy,V2,OV_V2_03_difficult,OV_V2_02_medium,OV_V2_01_easy,openvins_full_6d,ACI,none,0.05,0.95,2249,2070,0.9285024154589372,0.021497584541062764,-2.254903852082908,0.909949252146798,4.671526922669781,6.166270229781444,8.85269166179645,1240.5950099827912,0.08797922705314021,0.06267376966007099,10
same_environment,same_environment:OV_V2_01_easy,V2,OV_V2_03_difficult,OV_V2_02_medium,OV_V2_01_easy,openvins_full_6d,AgACI-EWA,exponential_weights,0.05,0.95,2249,2070,0.9222222222222223,0.02777777777777768,-2.398878978720239,0.09605994639732715,4.593462864697215,5.759325576906709,10.15442850440285,1039.3296057384325,0.13423897457558884,0.07332825976661606,3
same_environment,same_environment:OV_V2_01_easy,V2,OV_V2_03_difficult,OV_V2_02_medium,OV_V2_01_easy,openvins_full_6d,ACI,none,0.1,0.9,2249,2070,0.8748792270531401,0.02512077294685988,-2.4411230147782383,0.3001474581891047,4.601120025390573,5.861369332802599,10.048803637780118,1118.669900769285,0.12967536231884064,0.09869101978691025,22
same_environment,same_environment:OV_V2_01_easy,V2,OV_V2_03_difficult,OV_V2_02_medium,OV_V2_01_easy,openvins_full_6d,AgACI-EWA,exponential_weights,0.1,0.9,2249,2070,0.8782608695652174,0.021739130434782594,-2.4975458045182517,-0.3091894347651443,4.573291519546822,5.556700886325473,10.673181496595872,1009.220877389917,0.17370182697085138,0.06747843734145109,4
same_environment,same_environment:OV_V2_01_easy,V2,OV_V2_03_difficult,OV_V2_02_medium,OV_V2_01_easy,openvins_full_6d,ACI,none,0.2,0.8,2249,2070,0.7681159420289855,0.03188405797101457,-2.600167547461645,-0.6916859647154117,4.510932129599487,5.3654526213503395,10.343444696717135,846.4047584883601,0.1718859903381643,0.12593607305936078,33
same_environment,same_environment:OV_V2_01_easy,V2,OV_V2_03_difficult,OV_V2_02_medium,OV_V2_01_easy,openvins_full_6d,AgACI-EWA,exponential_weights,0.2,0.8,2249,2070,0.7903381642512077,0.009661835748792313,-2.6175544971813025,-1.041205652027931,4.543321341931115,5.190692777694079,10.829350945836357,837.7483137985251,0.2024335563879797,0.08107559614408939,11
same_environment,same_environment:OV_V2_01_easy,V2,OV_V2_03_difficult,OV_V2_02_medium,OV_V2_01_easy,openvins_full_6d,ACI,none,0.4,0.6,2249,2070,0.5835748792270531,0.01642512077294689,-2.893349134353743,-1.294965190893419,4.469571640930651,5.063813008261336,10.535669829565913,799.9206767255283,0.2275391304347826,0.13841197361745317,103
same_environment,same_environment:OV_V2_01_easy,V2,OV_V2_03_difficult,OV_V2_02_medium,OV_V2_01_easy,openvins_full_6d,AgACI-EWA,exponential_weights,0.4,0.6,2249,2070,0.6072463768115942,0.007246376811594235,-2.629206666463695,-2.925214846328684,4.5480988179540764,4.248688180543703,8.418115482671798,178.67826424738135,0.2151911869407647,0.14459157787924926,95
same_environment,same_environment:OV_V2_01_easy,V2,OV_V2_03_difficult,OV_V2_02_medium,OV_V2_01_easy,openvins_full_6d,ACI,none,0.5,0.5,2249,2070,0.49033816425120774,0.009661835748792258,-2.946983259887677,-1.4519169956379272,4.44208776709602,4.985337105889082,9.340158901495826,817.932901363689,0.24485748792270523,0.13254693049213603,123
same_environment,same_environment:OV_V2_01_easy,V2,OV_V2_03_difficult,OV_V2_02_medium,OV_V2_01_easy,openvins_full_6d,AgACI-EWA,exponential_weights,0.5,0.5,2249,2070,0.48792270531400966,0.012077294685990336,-2.7078611781223643,-3.3423548372106144,4.514330398214425,4.040118185102738,7.317457281396456,74.73453420154372,0.22735377721378186,0.1381227803145612,136
same_environment,same_environment:OV_V2_01_easy,V2,OV_V2_03_difficult,OV_V2_02_medium,OV_V2_01_easy,empirical_full_6d,ACI,none,0.01,0.99,2249,2070,0.34879227053140094,0.641207729468599,-13.155069472311068,-13.347677779163492,-3.471926820623162,-3.5682309740493747,180194.25185369758,3.8657997769671844,0.0038302898550724527,0.6506392694063927,322
same_environment,same_environment:OV_V2_01_easy,V2,OV_V2_03_difficult,OV_V2_02_medium,OV_V2_01_easy,empirical_full_6d,AgACI-EWA,exponential_weights,0.01,0.99,2249,2070,0.3536231884057971,0.6363768115942029,-13.155069472311068,-13.329652556090505,-3.471926820623162,-3.559218362512882,182690.01711482916,3.875488774273035,0.0041160749156864615,0.6472298325722984,322
same_environment,same_environment:OV_V2_01_easy,V2,OV_V2_03_difficult,OV_V2_02_medium,OV_V2_01_easy,empirical_full_6d,ACI,none,0.05,0.95,2249,2070,0.33043478260869563,0.6195652173913043,-13.155069472311068,-13.517751910819854,-3.471926820623162,-3.653268039877555,170710.3438613977,3.771684943275783,0.00969541062801934,0.6308117706747842,323
same_environment,same_environment:OV_V2_01_easy,V2,OV_V2_03_difficult,OV_V2_02_medium,OV_V2_01_easy,empirical_full_6d,AgACI-EWA,exponential_weights,0.05,0.95,2249,2070,0.34444444444444444,0.6055555555555555,-13.155069472311068,-13.508202810258659,-3.471926820623162,-3.6484934895969587,177948.06311867922,3.777642821276424,0.010462028188412166,0.6253729071537291,323
same_environment,same_environment:OV_V2_01_easy,V2,OV_V2_03_difficult,OV_V2_02_medium,OV_V2_01_easy,empirical_full_6d,ACI,none,0.1,0.9,2249,2070,0.30966183574879225,0.5903381642512078,-13.155069472311068,-13.569801912867417,-3.471926820623162,-3.6792930409013382,159978.55323853207,3.7448633300243768,0.012693236714975865,0.6018315575849823,322
same_environment,same_environment:OV_V2_01_easy,V2,OV_V2_03_difficult,OV_V2_02_medium,OV_V2_01_easy,empirical_full_6d,AgACI-EWA,exponential_weights,0.1,0.9,2249,2070,0.3342995169082126,0.5657004830917874,-13.155069472311068,-13.563426621836792,-3.471926820623162,-3.676105395386025,172706.956070303,3.7497165666248944,0.013566144110735957,0.5963521055301879,323
same_environment,same_environment:OV_V2_01_easy,V2,OV_V2_03_difficult,OV_V2_02_medium,OV_V2_01_easy,empirical_full_6d,ACI,none,0.2,0.8,2249,2070,0.26956521739130435,0.5304347826086957,-13.155069472311068,-13.622718415725842,-3.471926820623162,-3.705751292330549,139263.70157114026,3.7196339879101084,0.01653719806763288,0.5410908168442415,323
same_environment,same_environment:OV_V2_01_easy,V2,OV_V2_03_difficult,OV_V2_02_medium,OV_V2_01_easy,empirical_full_6d,AgACI-EWA,exponential_weights,0.2,0.8,2249,2070,0.2893719806763285,0.5106280193236715,-13.155069472311068,-13.60596662784272,-3.471926820623162,-3.697375398388989,149496.3391417796,3.729107382324108,0.016417807359056784,0.5327701674277018,324
same_environment,same_environment:OV_V2_01_easy,V2,OV_V2_03_difficult,OV_V2_02_medium,OV_V2_01_easy,empirical_full_6d,ACI,none,0.4,0.6,2249,2070,0.19227053140096617,0.4077294685990338,-13.155069472311068,-13.718511665171114,-3.471926820623162,-3.7536479170531862,99331.45739303551,3.673524695778977,0.023412560386473436,0.41396245560629114,322
same_environment,same_environment:OV_V2_01_easy,V2,OV_V2_03_difficult,OV_V2_02_medium,OV_V2_01_easy,empirical_full_6d,AgACI-EWA,exponential_weights,0.4,0.6,2249,2070,0.21014492753623187,0.3898550724637681,-13.155069472311068,-13.659135595325937,-3.471926820623162,-3.723959882130598,108565.78885922223,3.7024019852760257,0.019976238556833937,0.40803652968036525,323
same_environment,same_environment:OV_V2_01_easy,V2,OV_V2_03_difficult,OV_V2_02_medium,OV_V2_01_easy,empirical_full_6d,ACI,none,0.5,0.5,2249,2070,0.15458937198067632,0.34541062801932365,-13.155069472311068,-13.79265823477196,-3.471926820623162,-3.7907212018536085,79864.48835620946,3.639363162618811,0.029845410628019306,0.3524200913242009,322
same_environment,same_environment:OV_V2_01_easy,V2,OV_V2_03_difficult,OV_V2_02_medium,OV_V2_01_easy,empirical_full_6d,AgACI-EWA,exponential_weights,0.5,0.5,2249,2070,0.18357487922705315,0.3164251207729468,-13.155069472311068,-13.691521857509196,-3.471926820623162,-3.740153013222227,94839.07992299875,3.6863047825483433,0.022393677176800072,0.3271029934043633,322
same_environment,same_environment:OV_V2_02_medium,V2,OV_V2_01_easy,OV_V2_03_difficult,OV_V2_02_medium,openvins_full_6d,ACI,none,0.01,0.99,1755,2249,0.9911071587372166,0.0011071587372165625,-2.630885008510493,-2.490815737112922,4.639309030324867,4.560919464300817,13.762567269726413,50.54528933569293,0.05059030680302595,0.01426976744186074,3
same_environment,same_environment:OV_V2_02_medium,V2,OV_V2_01_easy,OV_V2_03_difficult,OV_V2_02_medium,openvins_full_6d,AgACI-EWA,exponential_weights,0.01,0.99,1755,2249,0.9991107158737217,0.009110715873721698,-2.873335979498588,-2.8551016977673314,4.450678035925913,4.378776483973612,17.680216448991978,47.859024529334796,0.07682874485019203,0.009990697674419012,2
same_environment,same_environment:OV_V2_02_medium,V2,OV_V2_01_easy,OV_V2_03_difficult,OV_V2_02_medium,openvins_full_6d,ACI,none,0.05,0.95,1755,2249,0.9506447309915518,0.0006447309915518229,-3.9937593533693665,-3.7781488031058084,3.8072373500869094,3.917252931304373,51.58054120814756,41.09796041704619,0.12074166296131641,0.05996279069767466,22
same_environment,same_environment:OV_V2_02_medium,V2,OV_V2_01_easy,OV_V2_03_difficult,OV_V2_02_medium,openvins_full_6d,AgACI-EWA,exponential_weights,0.05,0.95,1755,2249,0.974210760337928,0.024210760337928017,-4.532972177042396,-4.40790094075884,3.5276521984394957,3.602376862477857,90.63537276110125,38.32627358635039,0.2417598745340343,0.03977209302325617,4
same_environment,same_environment:OV_V2_02_medium,V2,OV_V2_01_easy,OV_V2_03_difficult,OV_V2_02_medium,openvins_full_6d,ACI,none,0.1,0.9,1755,2249,0.8986216096042685,0.0013783903957315102,-4.293449662586255,-4.2957877746131,3.5411244633519985,3.6584334455507275,65.79582773449691,37.97044915316036,0.17905113383726107,0.1081813953488374,49
same_environment,same_environment:OV_V2_02_medium,V2,OV_V2_01_easy,OV_V2_03_difficult,OV_V2_02_medium,openvins_full_6d,AgACI-EWA,exponential_weights,0.1,0.9,1755,2249,0.9164072921298355,0.016407292129835493,-5.157069088812012,-4.910810307532557,3.237835673280882,3.350922179090999,159.13847223051346,35.96023746405811,0.30672077726659414,0.04867441860465135,9
same_environment,same_environment:OV_V2_02_medium,V2,OV_V2_01_easy,OV_V2_03_difficult,OV_V2_02_medium,openvins_full_6d,ACI,none,0.2,0.8,1755,2249,0.7941307247665629,0.005869275233437166,-4.9375309346952,-4.93098982514558,3.222196604768415,3.340832420284488,110.72213163550414,34.50611484144245,0.27591462872387734,0.18087441860465137,81
same_environment,same_environment:OV_V2_02_medium,V2,OV_V2_01_easy,OV_V2_03_difficult,OV_V2_02_medium,openvins_full_6d,AgACI-EWA,exponential_weights,0.2,0.8,1755,2249,0.8274788795020009,0.027478879502000897,-5.542043787745417,-5.327342029040319,3.0520542493778144,3.1426563183371177,211.17181525472859,33.88152990321878,0.34531185372601847,0.07013953488372109,21
same_environment,same_environment:OV_V2_02_medium,V2,OV_V2_01_easy,OV_V2_03_difficult,OV_V2_02_medium,openvins_full_6d,ACI,none,0.4,0.6,1755,2249,0.5855935971542908,0.014406402845709154,-5.826521553382115,-5.675839049321858,2.805318139591243,2.968407808196349,198.6197719229711,31.032628424697368,0.379757225433526,0.21777674418604667,131
same_environment,same_environment:OV_V2_02_medium,V2,OV_V2_01_easy,OV_V2_03_difficult,OV_V2_02_medium,openvins_full_6d,AgACI-EWA,exponential_weights,0.4,0.6,1755,2249,0.6149399733214762,0.01493997332147623,-5.7546092864946665,-5.669005416630806,2.9838341076806305,2.971824624541875,194.10100466908062,32.18789960353417,0.37177253698177815,0.07589767441860477,38
same_environment,same_environment:OV_V2_02_medium,V2,OV_V2_01_easy,OV_V2_03_difficult,OV_V2_02_medium,openvins_full_6d,ACI,none,0.5,0.5,1755,2249,0.48110271231658513,0.018897287683414865,-6.110268627424542,-6.050052189750241,2.684126197889235,2.7813012379821567,216.7173857429558,29.478842353818933,0.4155091151622943,0.21785116279069777,154
same_environment,same_environment:OV_V2_02_medium,V2,OV_V2_01_easy,OV_V2_03_difficult,OV_V2_02_medium,openvins_full_6d,AgACI-EWA,exponential_weights,0.5,0.5,1755,2249,0.49310804802134284,0.006891951978657163,-5.82333189779769,-5.815164380347402,2.9516877602077454,2.898745142683577,166.71819520303865,31.513042238445436,0.38141644858500207,0.08306511627906982,49
same_environment,same_environment:OV_V2_02_medium,V2,OV_V2_01_easy,OV_V2_03_difficult,OV_V2_02_medium,empirical_full_6d,ACI,none,0.01,0.99,1755,2249,1.0,0.010000000000000009,-8.663847888694345,-8.585575049139905,-0.665646646888927,-0.6265102271117085,5789.770246515647,12.103544198152386,0.12239999999999879,0.010000000000000453,0
same_environment,same_environment:OV_V2_02_medium,V2,OV_V2_01_easy,OV_V2_03_difficult,OV_V2_02_medium,empirical_full_6d,AgACI-EWA,exponential_weights,0.01,0.99,1755,2249,0.9968875055580257,0.006887505558025753,-11.661878970953401,-11.31368682827168,-2.164662188018456,-1.9905661166775939,115700.66058460547,8.17881519280554,0.43998343112058425,0.012018604651163188,1
same_environment,same_environment:OV_V2_02_medium,V2,OV_V2_01_easy,OV_V2_03_difficult,OV_V2_02_medium,empirical_full_6d,ACI,none,0.05,0.95,1755,2249,0.9728768341485104,0.022876834148510494,-11.865868732719283,-12.077914154300595,-2.266657068901397,-2.3726797796920525,138464.7340379958,6.981759363564306,0.4930849266340403,0.06610232558139577,48
same_environment,same_environment:OV_V2_02_medium,V2,OV_V2_01_easy,OV_V2_03_difficult,OV_V2_02_medium,empirical_full_6d,AgACI-EWA,exponential_weights,0.05,0.95,1755,2249,0.9808803912850156,0.03088039128501563,-14.472678710661151,-13.649096250456559,-3.570062057872331,-3.158270827770034,1892433.1849937544,5.471597444467214,0.6652367911331839,0.0366976744186051,2
same_environment,same_environment:OV_V2_02_medium,V2,OV_V2_01_easy,OV_V2_03_difficult,OV_V2_02_medium,empirical_full_6d,ACI,none,0.1,0.9,1755,2249,0.9301911960871498,0.03019119608714982,-13.337197808853285,-13.29390941090226,-3.0023216069683976,-2.980677407992885,576558.8425456957,5.684140344488486,0.6257919075144514,0.0959906976744189,50
same_environment,same_environment:OV_V2_02_medium,V2,OV_V2_01_easy,OV_V2_03_difficult,OV_V2_02_medium,empirical_full_6d,AgACI-EWA,exponential_weights,0.1,0.9,1755,2249,0.9493108048021343,0.049310804802134234,-14.76256107947281,-14.060092791040459,-3.7150032422781605,-3.363769098061985,2447412.87003553,5.036026299290566,0.7036990131270552,0.055558139534884136,2
same_environment,same_environment:OV_V2_02_medium,V2,OV_V2_01_easy,OV_V2_03_difficult,OV_V2_02_medium,empirical_full_6d,ACI,none,0.2,0.8,1755,2249,0.8301467318808359,0.03014673188083583,-14.65719123260191,-14.025565158321548,-3.6623183188427104,-3.3465052817025303,1926159.003340753,5.0424100681611135,0.6952209871053806,0.10369767441860486,51
same_environment,same_environment:OV_V2_02_medium,V2,OV_V2_01_easy,OV_V2_03_difficult,OV_V2_02_medium,empirical_full_6d,AgACI-EWA,exponential_weights,0.2,0.8,1755,2249,0.8746109381947532,0.07461093819475317,-14.928680144259403,-14.324835492988726,-3.7980627746714566,-3.4961404490361185,2662308.0984138907,4.791621130490756,0.7275678380398056,0.0743302325581399,5
same_environment,same_environment:OV_V2_02_medium,V2,OV_V2_01_easy,OV_V2_03_difficult,OV_V2_02_medium,empirical_full_6d,ACI,none,0.4,0.6,1755,2249,0.6211649622054246,0.02116496220542463,-15.025836550534917,-14.4548769320601,-3.846640977809214,-3.5611611685718048,2083746.342574834,4.678496849192506,0.741638061360605,0.1020697674418606,54
same_environment,same_environment:OV_V2_02_medium,V2,OV_V2_01_easy,OV_V2_03_difficult,OV_V2_02_medium,empirical_full_6d,AgACI-EWA,exponential_weights,0.4,0.6,1755,2249,0.6305024455313473,0.03050244553134729,-15.092062907400036,-14.58552067067726,-3.8797541562417734,-3.626483037880386,2259885.4012081777,4.584125259012668,0.7528377648051414,0.05147906976744202,36
same_environment,same_environment:OV_V2_02_medium,V2,OV_V2_01_easy,OV_V2_03_difficult,OV_V2_02_medium,empirical_full_6d,ACI,none,0.5,0.5,1755,2249,0.5171187194308582,0.017118719430858187,-15.127133287363156,-14.59355839985066,-3.8972893462233333,-3.6305019024670857,1919644.3412685865,4.564490092006198,0.7559848821698535,0.09828837209302334,56
same_environment,same_environment:OV_V2_02_medium,V2,OV_V2_01_easy,OV_V2_03_difficult,OV_V2_02_medium,empirical_full_6d,AgACI-EWA,exponential_weights,0.5,0.5,1755,2249,0.49533125833703867,0.004668741662961329,-15.165255469647832,-14.673949552145489,-3.9163504373656712,-3.6706974786145006,1910216.1060967937,4.514764694333302,0.7615257461030795,0.05327441860465121,44
same_environment,same_environment:OV_V2_03_difficult,V2,OV_V2_02_medium,OV_V2_01_easy,OV_V2_03_difficult,openvins_full_6d,ACI,none,0.01,0.99,2070,1755,0.992022792022792,0.002022792022791986,-0.735485576523228,-0.5169320248378358,5.429349284378606,5.433662738502772,2.069850495745517,65.45788908675831,0.07582535612535675,0.017004830917874785,7
same_environment,same_environment:OV_V2_03_difficult,V2,OV_V2_02_medium,OV_V2_01_easy,OV_V2_03_difficult,openvins_full_6d,AgACI-EWA,exponential_weights,0.01,0.99,2070,1755,0.9971509971509972,0.007150997150997207,-1.2076916972718905,-0.9511707202158988,5.225892821399947,5.21654339081374,3.336220662991057,62.11744764837034,0.17110037241820356,0.011618357487923092,2
same_environment,same_environment:OV_V2_03_difficult,V2,OV_V2_02_medium,OV_V2_01_easy,OV_V2_03_difficult,openvins_full_6d,ACI,none,0.05,0.95,2070,1755,0.9629629629629629,0.012962962962962954,-2.4431777509215102,-2.0155274799076497,4.617486098822825,4.684365010967865,11.083277301737716,51.342112002130825,0.36348575498574653,0.07109903381642547,47
same_environment,same_environment:OV_V2_03_difficult,V2,OV_V2_02_medium,OV_V2_01_easy,OV_V2_03_difficult,openvins_full_6d,AgACI-EWA,exponential_weights,0.05,0.95,2070,1755,0.9692307692307692,0.019230769230769273,-3.730022890701605,-3.4561618860382035,3.92738718870919,3.964047807902587,40.39759878547013,42.220202574969825,0.6187218928267594,0.04085144927536264,6
same_environment,same_environment:OV_V2_03_difficult,V2,OV_V2_02_medium,OV_V2_01_easy,OV_V2_03_difficult,openvins_full_6d,ACI,none,0.1,0.9,2070,1755,0.9179487179487179,0.017948717948717885,-3.377426746111759,-3.2552074054277864,4.148815394844982,4.064525048207796,26.891573732423357,42.63115586234645,0.574532763532764,0.1233937198067636,58
same_environment,same_environment:OV_V2_03_difficult,V2,OV_V2_02_medium,OV_V2_01_easy,OV_V2_03_difficult,openvins_full_6d,AgACI-EWA,exponential_weights,0.1,0.9,2070,1755,0.9162393162393162,0.01623931623931618,-4.713071606976158,-4.292285431905058,3.4455836002056017,3.54598603496916,102.06337264672163,37.50990276803604,0.7198991447837044,0.03509057971014518,6
same_environment,same_environment:OV_V2_03_difficult,V2,OV_V2_02_medium,OV_V2_01_easy,OV_V2_03_difficult,openvins_full_6d,ACI,none,0.2,0.8,2070,1755,0.8250712250712251,0.025071225071225056,-4.599907595971914,-4.185223575964214,3.5568544834637024,3.5995169629395822,82.07406185774003,36.73515957468523,0.7059430199430203,0.12305555555555578,81
same_environment,same_environment:OV_V2_03_difficult,V2,OV_V2_02_medium,OV_V2_01_easy,OV_V2_03_difficult,openvins_full_6d,AgACI-EWA,exponential_weights,0.2,0.8,2070,1755,0.8113960113960114,0.011396011396011319,-5.10069259433309,-5.3420534456813735,3.234951434004712,3.0211020280810024,133.17892840108286,33.07046505963544,0.7839157178878934,0.030036231884058108,7
same_environment,same_environment:OV_V2_03_difficult,V2,OV_V2_02_medium,OV_V2_01_easy,OV_V2_03_difficult,openvins_full_6d,ACI,none,0.4,0.6,2070,1755,0.6267806267806267,0.02678062678062676,-5.5583680338927195,-5.660154736336577,3.0940814366208205,2.862051382753401,162.58636813306924,29.77568793488638,0.8148376068376073,0.1172946859903383,92
same_environment,same_environment:OV_V2_03_difficult,V2,OV_V2_02_medium,OV_V2_01_easy,OV_V2_03_difficult,openvins_full_6d,AgACI-EWA,exponential_weights,0.4,0.6,2070,1755,0.5897435897435898,0.01025641025641022,-5.613916610581324,-6.470604143250305,2.9711249743480135,2.4568266792965363,161.71720802666823,27.492277780858917,0.833705857280423,0.07131038647342995,55
same_environment,same_environment:OV_V2_03_difficult,V2,OV_V2_02_medium,OV_V2_01_easy,OV_V2_03_difficult,openvins_full_6d,ACI,none,0.5,0.5,2070,1755,0.5230769230769231,0.023076923076923106,-5.790013979759436,-6.230375333958027,2.9562394831485257,2.576941083942676,171.0553578927005,27.488295686964683,0.8438490028490027,0.10341183574879236,118
same_environment,same_environment:OV_V2_03_difficult,V2,OV_V2_02_medium,OV_V2_01_easy,OV_V2_03_difficult,openvins_full_6d,AgACI-EWA,exponential_weights,0.5,0.5,2070,1755,0.5048433048433049,0.004843304843304863,-6.08142591792485,-7.0181187563528065,2.8011232040749725,2.183069372745286,220.94608945231445,25.94723906503948,0.8485257457384402,0.0967934782608696,82
same_environment,same_environment:OV_V2_03_difficult,V2,OV_V2_02_medium,OV_V2_01_easy,OV_V2_03_difficult,empirical_full_6d,ACI,none,0.01,0.99,2070,1755,0.9846153846153847,0.005384615384615321,-11.734862701295535,-11.64948127874192,-3.213286833927709,-3.170596122650902,122928.54305434346,8.79641936534343,0.0430650712250717,0.020851449275362623,10
same_environment,same_environment:OV_V2_03_difficult,V2,OV_V2_02_medium,OV_V2_01_easy,OV_V2_03_difficult,empirical_full_6d,AgACI-EWA,exponential_weights,0.01,0.99,2070,1755,0.9863247863247864,0.0036752136752136177,-11.779307250434774,-11.734198663556727,-3.235509108497329,-3.212954815058305,128738.39386322086,8.67542322987057,0.08615259498475955,0.019064009661836103,11
same_environment,same_environment:OV_V2_03_difficult,V2,OV_V2_02_medium,OV_V2_01_easy,OV_V2_03_difficult,empirical_full_6d,ACI,none,0.05,0.95,2070,1755,0.9572649572649573,0.00726495726495735,-12.228631178118134,-12.167047893254049,-3.4601710723390084,-3.429379429906966,195820.97238723925,8.07701928223714,0.1909900284900286,0.06024758454106309,28
same_environment,same_environment:OV_V2_03_difficult,V2,OV_V2_02_medium,OV_V2_01_easy,OV_V2_03_difficult,empirical_full_6d,AgACI-EWA,exponential_weights,0.05,0.95,2070,1755,0.9475783475783476,0.002421652421652376,-12.88776846350448,-13.072739447011216,-3.789739715032182,-3.8822252067855496,374715.67103696393,7.0497740907253945,0.43258472218514055,0.052270531400966325,11
same_environment,same_environment:OV_V2_03_difficult,V2,OV_V2_02_medium,OV_V2_01_easy,OV_V2_03_difficult,empirical_full_6d,ACI,none,0.1,0.9,2070,1755,0.9145299145299145,0.014529914529914478,-12.617089612172094,-12.620642045340626,-3.654400289365989,-3.6561765059502545,275886.41270953487,7.4963487483186375,0.338811965811966,0.10900362318840598,54
same_environment,same_environment:OV_V2_03_difficult,V2,OV_V2_02_medium,OV_V2_01_easy,OV_V2_03_difficult,empirical_full_6d,AgACI-EWA,exponential_weights,0.1,0.9,2070,1755,0.9048433048433049,0.004843304843304863,-13.417329449294028,-13.68113513162409,-4.054520207926956,-4.186423049091986,607638.8302209323,6.428876162194285,0.5589916497294521,0.05868357487922718,14
same_environment,same_environment:OV_V2_03_difficult,V2,OV_V2_02_medium,OV_V2_01_easy,OV_V2_03_difficult,empirical_full_6d,ACI,none,0.2,0.8,2070,1755,0.8176638176638177,0.017663817663817638,-13.273369118650082,-13.536954602985587,-3.982540042604983,-4.114332784772734,475472.87348750106,6.503748974639036,0.5631179487179488,0.14758454106280208,62
same_environment,same_environment:OV_V2_03_difficult,V2,OV_V2_02_medium,OV_V2_01_easy,OV_V2_03_difficult,empirical_full_6d,AgACI-EWA,exponential_weights,0.2,0.8,2070,1755,0.815954415954416,0.015954415954415935,-13.945810057476487,-14.177246807233468,-4.318760512018185,-4.4344788868966765,929510.3946133774,5.943262492677307,0.6549340649945876,0.056835748792270706,16
same_environment,same_environment:OV_V2_03_difficult,V2,OV_V2_02_medium,OV_V2_01_easy,OV_V2_03_difficult,empirical_full_6d,ACI,none,0.4,0.6,2070,1755,0.6284900284900284,0.028490028490028463,-14.411127409311767,-14.381342091832284,-4.551419187935825,-4.536526529196083,1140174.9718421942,5.676948045035766,0.7195920227920228,0.15814009661835765,63
same_environment,same_environment:OV_V2_03_difficult,V2,OV_V2_02_medium,OV_V2_01_easy,OV_V2_03_difficult,empirical_full_6d,AgACI-EWA,exponential_weights,0.4,0.6,2070,1755,0.6649572649572649,0.06495726495726495,-14.563358104116238,-14.60111962424668,-4.627534535338061,-4.646415295403281,1404687.7590534072,5.556117669412863,0.7235864399860438,0.08746376811594223,21
same_environment,same_environment:OV_V2_03_difficult,V2,OV_V2_02_medium,OV_V2_01_easy,OV_V2_03_difficult,empirical_full_6d,ACI,none,0.5,0.5,2070,1755,0.5373219373219373,0.03732193732193734,-14.679048887409795,-14.663835555422178,-4.685379926984839,-4.67777326099103,1274278.933373796,5.41232438681943,0.7668091168091168,0.16792874396135277,77
same_environment,same_environment:OV_V2_03_difficult,V2,OV_V2_02_medium,OV_V2_01_easy,OV_V2_03_difficult,empirical_full_6d,AgACI-EWA,exponential_weights,0.5,0.5,2070,1755,0.58005698005698,0.08005698005698003,-14.640109566115868,-14.717321155895773,-4.6659102663378755,-4.704516061227827,1323090.2108107756,5.446447452042382,0.7428800478520533,0.10069444444444459,40
pooled_same_robot,pooled_same_robot:OV_MH_01_easy,MH,OV_MH_02_easy|OV_MH_03_medium|OV_V1_01_easy|OV_V2_01_easy,OV_MH_04_difficult|OV_MH_05_difficult|OV_V1_02_medium|OV_V1_03_difficult|OV_V2_02_medium|OV_V2_03_difficult,OV_MH_01_easy,openvins_full_6d,ACI,none,0.01,0.99,9132,2669,1.0,0.010000000000000009,-3.46333687581091,-3.039348612340636,4.417296901281112,4.31528953768918,31.92332314805154,37.16738592643561,0.1433999999999971,0.010000000000000453,0
pooled_same_robot,pooled_same_robot:OV_MH_01_easy,MH,OV_MH_02_easy|OV_MH_03_medium|OV_V1_01_easy|OV_V2_01_easy,OV_MH_04_difficult|OV_MH_05_difficult|OV_V1_02_medium|OV_V1_03_difficult|OV_V2_02_medium|OV_V2_03_difficult,OV_MH_01_easy,openvins_full_6d,AgACI-EWA,exponential_weights,0.01,0.99,9132,2669,1.0,0.010000000000000009,-4.261052394412886,-4.677653750703265,4.0121089391027525,3.4961369685078654,70.8845427112317,29.609731116969076,0.2866397006386577,0.010000000000000453,0
pooled_same_robot,pooled_same_robot:OV_MH_01_easy,MH,OV_MH_02_easy|OV_MH_03_medium|OV_V1_01_easy|OV_V2_01_easy,OV_MH_04_difficult|OV_MH_05_difficult|OV_V1_02_medium|OV_V1_03_difficult|OV_V2_02_medium|OV_V2_03_difficult,OV_MH_01_easy,openvins_full_6d,ACI,none,0.05,0.95,9132,2669,0.9707755713750469,0.02077557137504693,-4.495964867296848,-5.176347431927242,3.759338190574404,3.2467901278958773,87.03452669188097,26.511024955789093,0.31382652678905715,0.05185992217898861,14
pooled_same_robot,pooled_same_robot:OV_MH_01_easy,MH,OV_MH_02_easy|OV_MH_03_medium|OV_V1_01_easy|OV_V2_01_easy,OV_MH_04_difficult|OV_MH_05_difficult|OV_V1_02_medium|OV_V1_03_difficult|OV_V2_02_medium|OV_V2_03_difficult,OV_MH_01_easy,openvins_full_6d,AgACI-EWA,exponential_weights,0.05,0.95,9132,2669,0.9846384413638066,0.03463844136380667,-5.480795119901025,-6.353734374037471,3.1072066222340613,2.6580966568407627,236.35014012291765,22.61227001292341,0.4271620275177401,0.03566536964980588,2
pooled_same_robot,pooled_same_robot:OV_MH_01_easy,MH,OV_MH_02_easy|OV_MH_03_medium|OV_V1_01_easy|OV_V2_01_easy,OV_MH_04_difficult|OV_MH_05_difficult|OV_V1_02_medium|OV_V1_03_difficult|OV_V2_02_medium|OV_V2_03_difficult,OV_MH_01_easy,openvins_full_6d,ACI,none,0.1,0.9,9132,2669,0.9213188460097415,0.021318846009741432,-5.007376152075135,-6.183514737063334,3.0793849175119306,2.7432064753278316,137.74815372898115,22.833727658266653,0.40707980517047604,0.08864591439688738,26
pooled_same_robot,pooled_same_robot:OV_MH_01_easy,MH,OV_MH_02_easy|OV_MH_03_medium|OV_V1_01_easy|OV_V2_01_easy,OV_MH_04_difficult|OV_MH_05_difficult|OV_V1_02_medium|OV_V1_03_difficult|OV_V2_02_medium|OV_V2_03_difficult,OV_MH_01_easy,openvins_full_6d,AgACI-EWA,exponential_weights,0.1,0.9,9132,2669,0.9584113900337204,0.05841139003372042,-5.8545613335531606,-6.65422285196243,3.0007441431199338,2.5078524178782833,334.31483417667147,21.474083034974228,0.4514476312931707,0.06132684824902766,5
pooled_same_robot,pooled_same_robot:OV_MH_01_easy,MH,OV_MH_02_easy|OV_MH_03_medium|OV_V1_01_easy|OV_V2_01_easy,OV_MH_04_difficult|OV_MH_05_difficult|OV_V1_02_medium|OV_V1_03_difficult|OV_V2_02_medium|OV_V2_03_difficult,OV_MH_01_easy,openvins_full_6d,ACI,none,0.2,0.8,9132,2669,0.8205320344698389,0.020532034469838867,-5.795944105483876,-6.746338060094951,2.8918022979011786,2.4617948138120225,269.92436196734235,21.00594472971296,0.45819857624578514,0.09681322957198459,31
pooled_same_robot,pooled_same_robot:OV_MH_01_easy,MH,OV_MH_02_easy|OV_MH_03_medium|OV_V1_01_easy|OV_V2_01_easy,OV_MH_04_difficult|OV_MH_05_difficult|OV_V1_02_medium|OV_V1_03_difficult|OV_V2_02_medium|OV_V2_03_difficult,OV_MH_01_easy,openvins_full_6d,AgACI-EWA,exponential_weights,0.2,0.8,9132,2669,0.8729861371300113,0.07298613713001123,-5.973300725581783,-6.912907935346549,2.9248457885774286,2.378509876186223,342.9090057929023,20.682643098589093,0.47149314599792247,0.07834630350194584,4
pooled_same_robot,pooled_same_robot:OV_MH_01_easy,MH,OV_MH_02_easy|OV_MH_03_medium|OV_V1_01_easy|OV_V2_01_easy,OV_MH_04_difficult|OV_MH_05_difficult|OV_V1_02_medium|OV_V1_03_difficult|OV_V2_02_medium|OV_V2_03_difficult,OV_MH_01_easy,openvins_full_6d,ACI,none,0.4,0.6,9132,2669,0.6133383289621581,0.013338328962158141,-6.15994294353435,-7.120981702910988,2.8623569951117007,2.274472992404005,290.35501719927834,19.9914313519618,0.487180217309854,0.09806614785992228,53
pooled_same_robot,pooled_same_robot:OV_MH_01_easy,MH,OV_MH_02_easy|OV_MH_03_medium|OV_V1_01_easy|OV_V2_01_easy,OV_MH_04_difficult|OV_MH_05_difficult|OV_V1_02_medium|OV_V1_03_difficult|OV_V2_02_medium|OV_V2_03_difficult,OV_MH_01_easy,openvins_full_6d,AgACI-EWA,exponential_weights,0.4,0.6,9132,2669,0.6440614462345448,0.04406144623454478,-6.1203453091119435,-7.115333915754432,2.8659850792595103,2.277296885982283,293.0619924866603,20.075491311050822,0.48701663263888223,0.06428793774319083,29
pooled_same_robot,pooled_same_robot:OV_MH_01_easy,MH,OV_MH_02_easy|OV_MH_03_medium|OV_V1_01_easy|OV_V2_01_easy,OV_MH_04_difficult|OV_MH_05_difficult|OV_V1_02_medium|OV_V1_03_difficult|OV_V2_02_medium|OV_V2_03_difficult,OV_MH_01_easy,openvins_full_6d,ACI,none,0.5,0.5,9132,2669,0.5099288122892469,0.009928812289246913,-6.232890513146529,-7.234798120697188,2.848651868113052,2.2175647835109045,259.6686425274035,19.714917074389714,0.495796178343949,0.09822178988326856,70
pooled_same_robot,pooled_same_robot:OV_MH_01_easy,MH,OV_MH_02_easy|OV_MH_03_medium|OV_V1_01_easy|OV_V2_01_easy,OV_MH_04_difficult|OV_MH_05_difficult|OV_V1_02_medium|OV_V1_03_difficult|OV_V2_02_medium|OV_V2_03_difficult,OV_MH_01_easy,openvins_full_6d,AgACI-EWA,exponential_weights,0.5,0.5,9132,2669,0.5207943049831397,0.020794304983139722,-6.16212934285009,-7.175270277415329,2.8447822040034154,2.2473287051518334,247.08421243923107,19.892836976002062,0.49133233715477614,0.0684202334630351,45
pooled_same_robot,pooled_same_robot:OV_MH_01_easy,MH,OV_MH_02_easy|OV_MH_03_medium|OV_V1_01_easy|OV_V2_01_easy,OV_MH_04_difficult|OV_MH_05_difficult|OV_V1_02_medium|OV_V1_03_difficult|OV_V2_02_medium|OV_V2_03_difficult,OV_MH_01_easy,empirical_full_6d,ACI,none,0.01,0.99,9132,2669,0.9966279505432747,0.006627950543274697,-9.430905603062289,-9.31006872501083,-1.3483983749314712,-1.2879799359057411,12425.770429408138,5.7135854064219265,0.1349024353690492,0.011322957198443945,1
pooled_same_robot,pooled_same_robot:OV_MH_01_easy,MH,OV_MH_02_easy|OV_MH_03_medium|OV_V1_01_easy|OV_V2_01_easy,OV_MH_04_difficult|OV_MH_05_difficult|OV_V1_02_medium|OV_V1_03_difficult|OV_V2_02_medium|OV_V2_03_difficult,OV_MH_01_easy,empirical_full_6d,AgACI-EWA,exponential_weights,0.01,0.99,9132,2669,0.9962532783814163,0.006253278381416316,-12.353667194982375,-11.972497358906413,-2.809779170891514,-2.6191942528535335,230940.05111049727,3.9152806916311453,0.35629032349316136,0.009143968871595668,1
pooled_same_robot,pooled_same_robot:OV_MH_01_easy,MH,OV_MH_02_easy|OV_MH_03_medium|OV_V1_01_easy|OV_V2_01_easy,OV_MH_04_difficult|OV_MH_05_difficult|OV_V1_02_medium|OV_V1_03_difficult|OV_V2_02_medium|OV_V2_03_difficult,OV_MH_01_easy,empirical_full_6d,ACI,none,0.05,0.95,9132,2669,0.9565380292244287,0.006538029224428699,-12.959815085506476,-12.627252799137995,-3.1128531161535644,-2.946571972969324,406516.72593839566,3.395289462766056,0.39556125889844235,0.05343579766536982,7
pooled_same_robot,pooled_same_robot:OV_MH_01_easy,MH,OV_MH_02_easy|OV_MH_03_medium|OV_V1_01_easy|OV_V2_01_easy,OV_MH_04_difficult|OV_MH_05_difficult|OV_V1_02_medium|OV_V1_03_difficult|OV_V2_02_medium|OV_V2_03_difficult,OV_MH_01_easy,empirical_full_6d,AgACI-EWA,exponential_weights,0.05,0.95,9132,2669,0.9827650805545148,0.03276508055451488,-13.443021272017898,-13.083882631393312,-3.3544562094092756,-3.1748868890969826,677141.880611674,3.1616665343589854,0.4438484756503996,0.032743190661479085,1
pooled_same_robot,pooled_same_robot:OV_MH_01_easy,MH,OV_MH_02_easy|OV_MH_03_medium|OV_V1_01_easy|OV_V2_01_easy,OV_MH_04_difficult|OV_MH_05_difficult|OV_V1_02_medium|OV_V1_03_difficult|OV_V2_02_medium|OV_V2_03_difficult,OV_MH_01_easy,empirical_full_6d,ACI,none,0.1,0.9,9132,2669,0.904833270887973,0.004833270887973029,-13.468318652089959,-13.075084066029332,-3.367104899445306,-3.170487606414993,639418.257153857,3.124751093925819,0.4368100412139381,0.0668249027237355,10
pooled_same_robot,pooled_same_robot:OV_MH_01_easy,MH,OV_MH_02_easy|OV_MH_03_medium|OV_V1_01_easy|OV_V2_01_easy,OV_MH_04_difficult|OV_MH_05_difficult|OV_V1_02_medium|OV_V1_03_difficult|OV_V2_02_medium|OV_V2_03_difficult,OV_MH_01_easy,empirical_full_6d,AgACI-EWA,exponential_weights,0.1,0.9,9132,2669,0.9647808167853128,0.06478081678531278,-13.526961986553909,-13.315867066294857,-3.396426566677281,-3.290879106547756,722958.8979722235,3.021261684859342,0.46448210960304304,0.06509338521400823,2
pooled_same_robot,pooled_same_robot:OV_MH_01_easy,MH,OV_MH_02_easy|OV_MH_03_medium|OV_V1_01_easy|OV_V2_01_easy,OV_MH_04_difficult|OV_MH_05_difficult|OV_V1_02_medium|OV_V1_03_difficult|OV_V2_02_medium|OV_V2_03_difficult,OV_MH_01_easy,empirical_full_6d,ACI,none,0.2,0.8,9132,2669,0.8010490820532035,0.0010490820532034206,-13.596524358328368,-13.406577706231563,-3.431207752564511,-3.336234426516108,643509.005517661,2.9512175817653747,0.46912401648557533,0.08251750972762653,28
pooled_same_robot,pooled_same_robot:OV_MH_01_easy,MH,OV_MH_02_easy|OV_MH_03_medium|OV_V1_01_easy|OV_V2_01_easy,OV_MH_04_difficult|OV_MH_05_difficult|OV_V1_02_medium|OV_V1_03_difficult|OV_V2_02_medium|OV_V2_03_difficult,OV_MH_01_easy,empirical_full_6d,AgACI-EWA,exponential_weights,0.2,0.8,9132,2669,0.8864743349569127,0.0864743349569127,-13.621243165445861,-13.482789078843643,-3.4435671561232573,-3.3743401128221486,729956.3819453774,2.9259473062166714,0.4790928661605754,0.09174708171206263,7
pooled_same_robot,pooled_same_robot:OV_MH_01_easy,MH,OV_MH_02_easy|OV_MH_03_medium|OV_V1_01_easy|OV_V2_01_easy,OV_MH_04_difficult|OV_MH_05_difficult|OV_V1_02_medium|OV_V1_03_difficult|OV_V2_02_medium|OV_V2_03_difficult,OV_MH_01_easy,empirical_full_6d,ACI,none,0.4,0.6,9132,2669,0.5938553765455227,0.006144623454477305,-13.71911879328516,-13.599742115967521,-3.4925049700429067,-3.432816631384087,539284.9261644769,2.862431238578385,0.48955938553765466,0.09030739299610903,46
pooled_same_robot,pooled_same_robot:OV_MH_01_easy,MH,OV_MH_02_easy|OV_MH_03_medium|OV_V1_01_easy|OV_V2_01_easy,OV_MH_04_difficult|OV_MH_05_difficult|OV_V1_02_medium|OV_V1_03_difficult|OV_V2_02_medium|OV_V2_03_difficult,OV_MH_01_easy,empirical_full_6d,AgACI-EWA,exponential_weights,0.4,0.6,9132,2669,0.6436867740726864,0.043686774072686396,-13.72498217225804,-13.602693207584826,-3.4954366595293465,-3.43429217719274,587974.656874135,2.8649972967118353,0.490707511216248,0.07329571984435816,31
pooled_same_robot,pooled_same_robot:OV_MH_01_easy,MH,OV_MH_02_easy|OV_MH_03_medium|OV_V1_01_easy|OV_V2_01_easy,OV_MH_04_difficult|OV_MH_05_difficult|OV_V1_02_medium|OV_V1_03_difficult|OV_V2_02_medium|OV_V2_03_difficult,OV_MH_01_easy,empirical_full_6d,ACI,none,0.5,0.5,9132,2669,0.4900711877107531,0.009928812289246913,-13.776937667699256,-13.64762398620926,-3.5214144072499547,-3.456757566504955,471527.6633657975,2.8405730545809216,0.4948445110528288,0.09077431906614791,52
pooled_same_robot,pooled_same_robot:OV_MH_01_easy,MH,OV_MH_02_easy|OV_MH_03_medium|OV_V1_01_easy|OV_V2_01_easy,OV_MH_04_difficult|OV_MH_05_difficult|OV_V1_02_medium|OV_V1_03_difficult|OV_V2_02_medium|OV_V2_03_difficult,OV_MH_01_easy,empirical_full_6d,AgACI-EWA,exponential_weights,0.5,0.5,9132,2669,0.49119520419632823,0.008804795803671772,-13.787701655152208,-13.643928322037363,-3.5267964009764308,-3.4549097344190085,477723.7853388248,2.8450989019152777,0.49502093676974335,0.05914007782101172,50
pooled_same_robot,pooled_same_robot:OV_MH_02_easy,MH,OV_MH_01_easy|OV_MH_03_medium|OV_V1_01_easy|OV_V2_01_easy,OV_MH_04_difficult|OV_MH_05_difficult|OV_V1_02_medium|OV_V1_03_difficult|OV_V2_02_medium|OV_V2_03_difficult,OV_MH_02_easy,openvins_full_6d,ACI,none,0.01,0.99,9132,2212,1.0,0.010000000000000009,-2.4178565130001175,-2.1998930866269797,4.653282756611814,4.596975082548941,11.221779777944608,39.03572762245186,0.12054999999999894,0.010000000000000453,0
pooled_same_robot,pooled_same_robot:OV_MH_02_easy,MH,OV_MH_01_easy|OV_MH_03_medium|OV_V1_01_easy|OV_V2_01_easy,OV_MH_04_difficult|OV_MH_05_difficult|OV_V1_02_medium|OV_V1_03_difficult|OV_V2_02_medium|OV_V2_03_difficult,OV_MH_02_easy,openvins_full_6d,AgACI-EWA,exponential_weights,0.01,0.99,9132,2212,0.9986437613019892,0.008643761301989183,-5.093728240043596,-4.412385624915064,3.5685924925411077,3.490728813404899,162.775358381878,28.119805427868172,0.331498368654128,0.009048745858968744,1
pooled_same_robot,pooled_same_robot:OV_MH_02_easy,MH,OV_MH_01_easy|OV_MH_03_medium|OV_V1_01_easy|OV_V2_01_easy,OV_MH_04_difficult|OV_MH_05_difficult|OV_V1_02_medium|OV_V1_03_difficult|OV_V2_02_medium|OV_V2_03_difficult,OV_MH_02_easy,openvins_full_6d,ACI,none,0.05,0.95,9132,2212,0.9751356238698011,0.02513562386980117,-5.346879945978857,-5.090542503490991,3.408823865490535,3.151650374116935,204.73188185841306,24.438413072244902,0.3728178119348946,0.05102697586370122,11
pooled_same_robot,pooled_same_robot:OV_MH_02_easy,MH,OV_MH_01_easy|OV_MH_03_medium|OV_V1_01_easy|OV_V2_01_easy,OV_MH_04_difficult|OV_MH_05_difficult|OV_V1_02_medium|OV_V1_03_difficult|OV_V2_02_medium|OV_V2_03_difficult,OV_MH_02_easy,openvins_full_6d,AgACI-EWA,exponential_weights,0.05,0.95,9132,2212,0.9566003616636528,0.006600361663652854,-6.381305198563792,-7.35214555778442,2.698000197499755,2.0208488469702197,565.0620956426469,18.260063621573394,0.5521055604257915,0.019919545669664192,1
pooled_same_robot,pooled_same_robot:OV_MH_02_easy,MH,OV_MH_01_easy|OV_MH_03_medium|OV_V1_01_easy|OV_V2_01_easy,OV_MH_04_difficult|OV_MH_05_difficult|OV_V1_02_medium|OV_V1_03_difficult|OV_V2_02_medium|OV_V2_03_difficult,OV_MH_02_easy,openvins_full_6d,ACI,none,0.1,0.9,9132,2212,0.924502712477396,0.024502712477395994,-6.131718631866919,-6.247646998685418,2.8747697942923693,2.5730981265197217,425.4805932548922,20.25615876643455,0.46873236889692615,0.07743965925224817,17
pooled_same_robot,pooled_same_robot:OV_MH_02_easy,MH,OV_MH_01_easy|OV_MH_03_medium|OV_V1_01_easy|OV_V2_01_easy,OV_MH_04_difficult|OV_MH_05_difficult|OV_V1_02_medium|OV_V1_03_difficult|OV_V2_02_medium|OV_V2_03_difficult,OV_MH_02_easy,openvins_full_6d,AgACI-EWA,exponential_weights,0.1,0.9,9132,2212,0.9181735985533453,0.018173598553345327,-6.624670781376533,-7.94915261784638,2.5638604989192735,1.7223453169392402,691.8035169898214,16.698946257044405,0.5919843369740495,0.026076668244202822,2
pooled_same_robot,pooled_same_robot:OV_MH_02_easy,MH,OV_MH_01_easy|OV_MH_03_medium|OV_V1_01_easy|OV_V2_01_easy,OV_MH_04_difficult|OV_MH_05_difficult|OV_V1_02_medium|OV_V1_03_difficult|OV_V2_02_medium|OV_V2_03_difficult,OV_MH_02_easy,openvins_full_6d,ACI,none,0.2,0.8,9132,2212,0.8200723327305606,0.020072332730560527,-6.708037918890131,-7.757260139072352,2.3624711537639325,1.8182915563262538,671.6082350213723,16.80945693716647,0.5752947558770347,0.10535257927117855,18
pooled_same_robot,pooled_same_robot:OV_MH_02_easy,MH,OV_MH_01_easy|OV_MH_03_medium|OV_V1_01_easy|OV_V2_01_easy,OV_MH_04_difficult|OV_MH_05_difficult|OV_V1_02_medium|OV_V1_03_difficult|OV_V2_02_medium|OV_V2_03_difficult,OV_MH_02_easy,openvins_full_6d,AgACI-EWA,exponential_weights,0.2,0.8,9132,2212,0.8607594936708861,0.06075949367088607,-6.899459147346377,-8.384298504533826,2.3896440176546117,1.5047723735955176,853.6480590908278,15.650033147020041,0.6192414292645859,0.06199716043540028,3
pooled_same_robot,pooled_same_robot:OV_MH_02_easy,MH,OV_MH_01_easy|OV_MH_03_medium|OV_V1_01_easy|OV_V2_01_easy,OV_MH_04_difficult|OV_MH_05_difficult|OV_V1_02_medium|OV_V1_03_difficult|OV_V2_02_medium|OV_V2_03_difficult,OV_MH_02_easy,openvins_full_6d,ACI,none,0.4,0.6,9132,2212,0.6112115732368897,0.011211573236889705,-7.123867119385421,-8.71831062148544,2.2527386298867524,1.3377663151197101,758.6609818226167,15.026350950713118,0.6314032549728754,0.09211547562707062,41
pooled_same_robot,pooled_same_robot:OV_MH_02_easy,MH,OV_MH_01_easy|OV_MH_03_medium|OV_V1_01_easy|OV_V2_01_easy,OV_MH_04_difficult|OV_MH_05_difficult|OV_V1_02_medium|OV_V1_03_difficult|OV_V2_02_medium|OV_V2_03_difficult,OV_MH_02_easy,openvins_full_6d,AgACI-EWA,exponential_weights,0.4,0.6,9132,2212,0.6369801084990958,0.03698010849909583,-7.139125031429263,-8.831980623414443,2.2659106574791044,1.2809313141552086,802.8020581920038,14.860264095310482,0.6390463506980908,0.06472314245149093,17
pooled_same_robot,pooled_same_robot:OV_MH_02_easy,MH,OV_MH_01_easy|OV_MH_03_medium|OV_V1_01_easy|OV_V2_01_easy,OV_MH_04_difficult|OV_MH_05_difficult|OV_V1_02_medium|OV_V1_03_difficult|OV_V2_02_medium|OV_V2_03_difficult,OV_MH_02_easy,openvins_full_6d,ACI,none,0.5,0.5,9132,2212,0.5067811934900542,0.006781193490054238,-7.192589717897439,-8.856802767344869,2.24250779178009,1.2685202421899955,673.7868255565439,14.744848089839541,0.640727848101266,0.08453383814481787,52
pooled_same_robot,pooled_same_robot:OV_MH_02_easy,MH,OV_MH_01_easy|OV_MH_03_medium|OV_V1_01_easy|OV_V2_01_easy,OV_MH_04_difficult|OV_MH_05_difficult|OV_V1_02_medium|OV_V1_03_difficult|OV_V2_02_medium|OV_V2_03_difficult,OV_MH_02_easy,openvins_full_6d,AgACI-EWA,exponential_weights,0.5,0.5,9132,2212,0.4896021699819168,0.010397830018083198,-7.207592515932044,-8.937870197776094,2.2427490064411404,1.227986526974383,660.7862410211786,14.6601015621913,0.643773023972238,0.0703218173213441,29
pooled_same_robot,pooled_same_robot:OV_MH_02_easy,MH,OV_MH_01_easy|OV_MH_03_medium|OV_V1_01_easy|OV_V2_01_easy,OV_MH_04_difficult|OV_MH_05_difficult|OV_V1_02_medium|OV_V1_03_difficult|OV_V2_02_medium|OV_V2_03_difficult,OV_MH_02_easy,empirical_full_6d,ACI,none,0.01,0.99,9132,2212,1.0,0.010000000000000009,-8.663495449414874,-8.561304422130961,-1.1441282554826762,-1.093032741840719,5787.730063603079,6.621055621942782,0.12054999999999894,0.010000000000000453,0
pooled_same_robot,pooled_same_robot:OV_MH_02_easy,MH,OV_MH_01_easy|OV_MH_03_medium|OV_V1_01_easy|OV_V2_01_easy,OV_MH_04_difficult|OV_MH_05_difficult|OV_V1_02_medium|OV_V1_03_difficult|OV_V2_02_medium|OV_V2_03_difficult,OV_MH_02_easy,empirical_full_6d,AgACI-EWA,exponential_weights,0.01,0.99,9132,2212,0.9981916817359855,0.008191681735985501,-11.491009746406764,-10.756824414177617,-2.557885403978621,-2.1907927378640477,97655.35672367651,4.757926502737669,0.24111549734849658,0.009801230477993748,1
pooled_same_robot,pooled_same_robot:OV_MH_02_easy,MH,OV_MH_01_easy|OV_MH_03_medium|OV_V1_01_easy|OV_V2_01_easy,OV_MH_04_difficult|OV_MH_05_difficult|OV_V1_02_medium|OV_V1_03_difficult|OV_V2_02_medium|OV_V2_03_difficult,OV_MH_02_easy,empirical_full_6d,ACI,none,0.05,0.95,9132,2212,0.9629294755877035,0.01292947558770352,-11.902200617619757,-11.384891325723084,-2.7634808395851174,-2.504826193636781,142119.7816393308,4.149603883364367,0.2674154611211575,0.05087079981069589,9
pooled_same_robot,pooled_same_robot:OV_MH_02_easy,MH,OV_MH_01_easy|OV_MH_03_medium|OV_V1_01_easy|OV_V2_01_easy,OV_MH_04_difficult|OV_MH_05_difficult|OV_V1_02_medium|OV_V1_03_difficult|OV_V2_02_medium|OV_V2_03_difficult,OV_MH_02_easy,empirical_full_6d,AgACI-EWA,exponential_weights,0.05,0.95,9132,2212,0.9651898734177216,0.0151898734177216,-13.167680302663218,-12.866377363408294,-3.3962206821068484,-3.245569212479386,504967.76052937773,3.3471619615277284,0.40550661083198564,0.029734973970658066,1
pooled_same_robot,pooled_same_robot:OV_MH_02_easy,MH,OV_MH_01_easy|OV_MH_03_medium|OV_V1_01_easy|OV_V2_01_easy,OV_MH_04_difficult|OV_MH_05_difficult|OV_V1_02_medium|OV_V1_03_difficult|OV_V2_02_medium|OV_V2_03_difficult,OV_MH_02_easy,empirical_full_6d,ACI,none,0.1,0.9,9132,2212,0.9109403254972875,0.010940325497287517,-12.548879426002816,-12.336486470780105,-3.086820243776647,-2.9806237661652912,256684.1289560974,3.53211218531185,0.3387052441229658,0.09324656885944173,14
pooled_same_robot,pooled_same_robot:OV_MH_02_easy,MH,OV_MH_01_easy|OV_MH_03_medium|OV_V1_01_easy|OV_V2_01_easy,OV_MH_04_difficult|OV_MH_05_difficult|OV_V1_02_medium|OV_V1_03_difficult|OV_V2_02_medium|OV_V2_03_difficult,OV_MH_02_easy,empirical_full_6d,AgACI-EWA,exponential_weights,0.1,0.9,9132,2212,0.9620253164556962,0.0620253164556962,-13.477030205544157,-13.223703111249272,-3.550895633547317,-3.4242320863998748,685782.4261561225,3.1408254489448275,0.4370637459624829,0.06510648367250393,2
pooled_same_robot,pooled_same_robot:OV_MH_02_easy,MH,OV_MH_01_easy|OV_MH_03_medium|OV_V1_01_easy|OV_V2_01_easy,OV_MH_04_difficult|OV_MH_05_difficult|OV_V1_02_medium|OV_V1_03_difficult|OV_V2_02_medium|OV_V2_03_difficult,OV_MH_02_easy,empirical_full_6d,ACI,none,0.2,0.8,9132,2212,0.8065099457504521,0.006509945750452051,-13.239465038347044,-13.02081316572132,-3.432113049948761,-3.322787113635899,453352.8360624592,3.1700340924702073,0.4042820976491864,0.14594888783719845,47
pooled_same_robot,pooled_same_robot:OV_MH_02_easy,MH,OV_MH_01_easy|OV_MH_03_medium|OV_V1_01_easy|OV_V2_01_easy,OV_MH_04_difficult|OV_MH_05_difficult|OV_V1_02_medium|OV_V1_03_difficult|OV_V2_02_medium|OV_V2_03_difficult,OV_MH_02_easy,empirical_full_6d,AgACI-EWA,exponential_weights,0.2,0.8,9132,2212,0.8594032549728752,0.05940325497287513,-13.614887012743552,-13.435443143547745,-3.6198240371470147,-3.530102102549111,703181.272090202,3.021022580365332,0.4554116902618357,0.089763369616659,6
pooled_same_robot,pooled_same_robot:OV_MH_02_easy,MH,OV_MH_01_easy|OV_MH_03_medium|OV_V1_01_easy|OV_V2_01_easy,OV_MH_04_difficult|OV_MH_05_difficult|OV_V1_02_medium|OV_V1_03_difficult|OV_V2_02_medium|OV_V2_03_difficult,OV_MH_02_easy,empirical_full_6d,ACI,none,0.4,0.6,9132,2212,0.5976491862567812,0.0023508137432187715,-13.754106233319602,-13.58486125075156,-3.68943364743504,-3.6048111561510177,562054.9450495383,2.930780655004753,0.4664710669077759,0.1954898248935165,70
pooled_same_robot,pooled_same_robot:OV_MH_02_easy,MH,OV_MH_01_easy|OV_MH_03_medium|OV_V1_01_easy|OV_V2_01_easy,OV_MH_04_difficult|OV_MH_05_difficult|OV_V1_02_medium|OV_V1_03_difficult|OV_V2_02_medium|OV_V2_03_difficult,OV_MH_02_easy,empirical_full_6d,AgACI-EWA,exponential_weights,0.4,0.6,9132,2212,0.6134719710669078,0.013471971066907784,-13.78367341777419,-13.63169472537759,-3.7042172396623343,-3.6282278934640333,594248.4132027248,2.9291696537677323,0.47352053981772985,0.09009938476100343,21
pooled_same_robot,pooled_same_robot:OV_MH_02_easy,MH,OV_MH_01_easy|OV_MH_03_medium|OV_V1_01_easy|OV_V2_01_easy,OV_MH_04_difficult|OV_MH_05_difficult|OV_V1_02_medium|OV_V1_03_difficult|OV_V2_02_medium|OV_V2_03_difficult,OV_MH_02_easy,empirical_full_6d,ACI,none,0.5,0.5,9132,2212,0.49321880650994576,0.006781193490054238,-13.98389017101768,-13.738943548691473,-3.8043256162840793,-3.6818523051209753,583668.1092640297,2.861469201057722,0.48254520795660033,0.19850449597728362,119
pooled_same_robot,pooled_same_robot:OV_MH_02_easy,MH,OV_MH_01_easy|OV_MH_03_medium|OV_V1_01_easy|OV_V2_01_easy,OV_MH_04_difficult|OV_MH_05_difficult|OV_V1_02_medium|OV_V1_03_difficult|OV_V2_02_medium|OV_V2_03_difficult,OV_MH_02_easy,empirical_full_6d,AgACI-EWA,exponential_weights,0.5,0.5,9132,2212,0.4995479204339964,0.000452079566003627,-13.897205708424874,-13.689692898093446,-3.7609833849876764,-3.6572269798219614,542071.9169583342,2.900067864981649,0.47872829793972077,0.07959299574065316,28
pooled_same_robot,pooled_same_robot:OV_MH_03_medium,MH,OV_MH_01_easy|OV_MH_02_easy|OV_V1_01_easy|OV_V2_01_easy,OV_MH_04_difficult|OV_MH_05_difficult|OV_V1_02_medium|OV_V1_03_difficult|OV_V2_02_medium|OV_V2_03_difficult,OV_MH_03_medium,openvins_full_6d,ACI,none,0.01,0.99,9132,2245,0.999554565701559,0.009554565701558992,-3.652062701059048,-3.17249778121029,4.223453207680944,4.243276383886038,38.536936366709455,39.14967667993429,0.11820890868596763,0.009534016775396538,1
pooled_same_robot,pooled_same_robot:OV_MH_03_medium,MH,OV_MH_01_easy|OV_MH_02_easy|OV_V1_01_easy|OV_V2_01_easy,OV_MH_04_difficult|OV_MH_05_difficult|OV_V1_02_medium|OV_V1_03_difficult|OV_V2_02_medium|OV_V2_03_difficult,OV_MH_03_medium,openvins_full_6d,AgACI-EWA,exponential_weights,0.01,0.99,9132,2245,0.9968819599109131,0.006881959910913116,-7.372611584148061,-6.356814084911464,2.2061485199870035,2.6511182320354525,1586.8221902891137,24.89023860019647,0.4062205824777384,0.008676607642125281,1
pooled_same_robot,pooled_same_robot:OV_MH_03_medium,MH,OV_MH_01_easy|OV_MH_02_easy|OV_V1_01_easy|OV_V2_01_easy,OV_MH_04_difficult|OV_MH_05_difficult|OV_V1_02_medium|OV_V1_03_difficult|OV_V2_02_medium|OV_V2_03_difficult,OV_MH_03_medium,openvins_full_6d,ACI,none,0.05,0.95,9132,2245,0.9714922048997773,0.021492204899777323,-8.188081349559155,-7.092188309991875,2.159837469530018,2.2834311194952455,3495.2469686286463,21.20902840011781,0.44428730512247455,0.04667753960857435,3
pooled_same_robot,pooled_same_robot:OV_MH_03_medium,MH,OV_MH_01_easy|OV_MH_02_easy|OV_V1_01_easy|OV_V2_01_easy,OV_MH_04_difficult|OV_MH_05_difficult|OV_V1_02_medium|OV_V1_03_difficult|OV_V2_02_medium|OV_V2_03_difficult,OV_MH_03_medium,openvins_full_6d,AgACI-EWA,exponential_weights,0.05,0.95,9132,2245,0.9608017817371938,0.010801781737193816,-9.328747275475475,-9.219925718638303,1.256567934569242,1.219562415172032,10815.765548495294,15.151811409145283,0.6165414098349261,0.019613233923579006,1
pooled_same_robot,pooled_same_robot:OV_MH_03_medium,MH,OV_MH_01_easy|OV_MH_02_easy|OV_V1_01_easy|OV_V2_01_easy,OV_MH_04_difficult|OV_MH_05_difficult|OV_V1_02_medium|OV_V1_03_difficult|OV_V2_02_medium|OV_V2_03_difficult,OV_MH_03_medium,openvins_full_6d,ACI,none,0.1,0.9,9132,2245,0.9202672605790646,0.020267260579064583,-9.088739931287229,-8.554764225614463,1.3790285429780393,1.5521431616839512,8148.985995713006,16.506121215224127,0.5626948775055683,0.08025629077353227,8
pooled_same_robot,pooled_same_robot:OV_MH_03_medium,MH,OV_MH_01_easy|OV_MH_02_easy|OV_V1_01_easy|OV_V2_01_easy,OV_MH_04_difficult|OV_MH_05_difficult|OV_V1_02_medium|OV_V1_03_difficult|OV_V2_02_medium|OV_V2_03_difficult,OV_MH_03_medium,openvins_full_6d,AgACI-EWA,exponential_weights,0.1,0.9,9132,2245,0.9086859688195991,0.008685968819599044,-9.632360271933354,-9.907311750081304,1.0609050033240361,0.8758693994505317,13857.814254265997,13.454770441858415,0.6643752252270039,0.022823858341099835,2
pooled_same_robot,pooled_same_robot:OV_MH_03_medium,MH,OV_MH_01_easy|OV_MH_02_easy|OV_V1_01_easy|OV_V2_01_easy,OV_MH_04_difficult|OV_MH_05_difficult|OV_V1_02_medium|OV_V1_03_difficult|OV_V2_02_medium|OV_V2_03_difficult,OV_MH_03_medium,openvins_full_6d,ACI,none,0.2,0.8,9132,2245,0.8173719376391982,0.0173719376391982,-9.512477224576607,-9.546595518952946,1.1601888232520086,1.0562275150147107,11056.968977933,13.923276507590934,0.6364899777282855,0.09646318732525637,21
pooled_same_robot,pooled_same_robot:OV_MH_03_medium,MH,OV_MH_01_easy|OV_MH_02_easy|OV_V1_01_easy|OV_V2_01_easy,OV_MH_04_difficult|OV_MH_05_difficult|OV_V1_02_medium|OV_V1_03_difficult|OV_V2_02_medium|OV_V2_03_difficult,OV_MH_03_medium,openvins_full_6d,AgACI-EWA,exponential_weights,0.2,0.8,9132,2245,0.8302895322939866,0.030289532293986565,-9.909630183181445,-10.405642277293447,0.9401599049736369,0.6267041358444589,16708.10781094937,12.402772746872293,0.6960199595965545,0.0369524697110906,3
pooled_same_robot,pooled_same_robot:OV_MH_03_medium,MH,OV_MH_01_easy|OV_MH_02_easy|OV_V1_01_easy|OV_V2_01_easy,OV_MH_04_difficult|OV_MH_05_difficult|OV_V1_02_medium|OV_V1_03_difficult|OV_V2_02_medium|OV_V2_03_difficult,OV_MH_03_medium,openvins_full_6d,ACI,none,0.4,0.6,9132,2245,0.6093541202672605,0.009354120267260568,-9.942328636573738,-10.537471214256247,0.87494694403488,0.5607896673630607,12669.754980592861,12.040830096513345,0.7007661469933189,0.10923112767940363,35
pooled_same_robot,pooled_same_robot:OV_MH_03_medium,MH,OV_MH_01_easy|OV_MH_02_easy|OV_V1_01_easy|OV_V2_01_easy,OV_MH_04_difficult|OV_MH_05_difficult|OV_V1_02_medium|OV_V1_03_difficult|OV_V2_02_medium|OV_V2_03_difficult,OV_MH_03_medium,openvins_full_6d,AgACI-EWA,exponential_weights,0.4,0.6,9132,2245,0.6160356347438752,0.01603563474387526,-10.126675699322181,-10.967381698910572,0.8293113065905544,0.3458344250358978,15401.57769390651,11.520778935572443,0.7207152594208505,0.03863932898415665,12
pooled_same_robot,pooled_same_robot:OV_MH_03_medium,MH,OV_MH_01_easy|OV_MH_02_easy|OV_V1_01_easy|OV_V2_01_easy,OV_MH_04_difficult|OV_MH_05_difficult|OV_V1_02_medium|OV_V1_03_difficult|OV_V2_02_medium|OV_V2_03_difficult,OV_MH_03_medium,openvins_full_6d,ACI,none,0.5,0.5,9132,2245,0.5051224944320712,0.005122494432071245,-10.141456524282972,-10.823721709329094,0.7933210247514708,0.4176644198266358,12816.673358617083,11.560316166254529,0.7181291759465478,0.10388164026095066,47
pooled_same_robot,pooled_same_robot:OV_MH_03_medium,MH,OV_MH_01_easy|OV_MH_02_easy|OV_V1_01_easy|OV_V2_01_easy,OV_MH_04_difficult|OV_MH_05_difficult|OV_V1_02_medium|OV_V1_03_difficult|OV_V2_02_medium|OV_V2_03_difficult,OV_MH_03_medium,openvins_full_6d,AgACI-EWA,exponential_weights,0.5,0.5,9132,2245,0.5011135857461024,0.00111358574610243,-10.180304373802208,-11.106931930492562,0.7875571139044819,0.27605930924490246,13218.622215433115,11.303575291258436,0.726528876079309,0.04152376514445483,16
pooled_same_robot,pooled_same_robot:OV_MH_03_medium,MH,OV_MH_01_easy|OV_MH_02_easy|OV_V1_01_easy|OV_V2_01_easy,OV_MH_04_difficult|OV_MH_05_difficult|OV_V1_02_medium|OV_V1_03_difficult|OV_V2_02_medium|OV_V2_03_difficult,OV_MH_03_medium,empirical_full_6d,ACI,none,0.01,0.99,9132,2245,1.0,0.010000000000000009,-8.312444316876235,-8.23372654193892,-1.109018751486805,-1.0696598640181474,4074.259603915461,7.192774117147076,0.12219999999999881,0.010000000000000455,0
pooled_same_robot,pooled_same_robot:OV_MH_03_medium,MH,OV_MH_01_easy|OV_MH_02_easy|OV_V1_01_easy|OV_V2_01_easy,OV_MH_04_difficult|OV_MH_05_difficult|OV_V1_02_medium|OV_V1_03_difficult|OV_V2_02_medium|OV_V2_03_difficult,OV_MH_03_medium,empirical_full_6d,AgACI-EWA,exponential_weights,0.01,0.99,9132,2245,0.998218262806236,0.008218262806236054,-10.718293377784171,-10.587356464643564,-2.3119432819407733,-2.24647482537047,45094.251285314465,5.099365557599976,0.24971538322644313,0.008904939422181235,1
pooled_same_robot,pooled_same_robot:OV_MH_03_medium,MH,OV_MH_01_easy|OV_MH_02_easy|OV_V1_01_easy|OV_V2_01_easy,OV_MH_04_difficult|OV_MH_05_difficult|OV_V1_02_medium|OV_V1_03_difficult|OV_V2_02_medium|OV_V2_03_difficult,OV_MH_03_medium,empirical_full_6d,ACI,none,0.05,0.95,9132,2245,0.9630289532293986,0.013028953229398677,-11.045377138682413,-11.06627953425351,-2.4754851623898944,-2.485936360175443,60337.27414125912,4.531388929624537,0.2655478841870826,0.05502795899347655,16
pooled_same_robot,pooled_same_robot:OV_MH_03_medium,MH,OV_MH_01_easy|OV_MH_02_easy|OV_V1_01_easy|OV_V2_01_easy,OV_MH_04_difficult|OV_MH_05_difficult|OV_V1_02_medium|OV_V1_03_difficult|OV_V2_02_medium|OV_V2_03_difficult,OV_MH_03_medium,empirical_full_6d,AgACI-EWA,exponential_weights,0.05,0.95,9132,2245,0.9826280623608018,0.032628062360801846,-11.951702207122784,-11.997791704128517,-2.9286476966100796,-2.951692445112946,152386.84608934075,3.9463021552253976,0.3331428041383447,0.034995340167754393,3
pooled_same_robot,pooled_same_robot:OV_MH_03_medium,MH,OV_MH_01_easy|OV_MH_02_easy|OV_V1_01_easy|OV_V2_01_easy,OV_MH_04_difficult|OV_MH_05_difficult|OV_V1_02_medium|OV_V1_03_difficult|OV_V2_02_medium|OV_V2_03_difficult,OV_MH_03_medium,empirical_full_6d,ACI,none,0.1,0.9,9132,2245,0.9113585746102449,0.01135857461024492,-11.861808750574804,-11.94340002764248,-2.8837009683360897,-2.924496606869927,129183.59607550946,3.9254470838190376,0.32288195991091334,0.0719431500465985,24
pooled_same_robot,pooled_same_robot:OV_MH_03_medium,MH,OV_MH_01_easy|OV_MH_02_easy|OV_V1_01_easy|OV_V2_01_easy,OV_MH_04_difficult|OV_MH_05_difficult|OV_V1_02_medium|OV_V1_03_difficult|OV_V2_02_medium|OV_V2_03_difficult,OV_MH_03_medium,empirical_full_6d,AgACI-EWA,exponential_weights,0.1,0.9,9132,2245,0.9616926503340757,0.06169265033407567,-12.240139396262089,-12.34067718100615,-3.072866291179732,-3.1231351835517627,199003.7656915173,3.720086889899734,0.35924983676332767,0.06404473438956239,3
pooled_same_robot,pooled_same_robot:OV_MH_03_medium,MH,OV_MH_01_easy|OV_MH_02_easy|OV_V1_01_easy|OV_V2_01_easy,OV_MH_04_difficult|OV_MH_05_difficult|OV_V1_02_medium|OV_V1_03_difficult|OV_V2_02_medium|OV_V2_03_difficult,OV_MH_03_medium,empirical_full_6d,ACI,none,0.2,0.8,9132,2245,0.8080178173719377,0.00801781737193763,-12.296910644191744,-12.426255957043562,-3.1012519151445597,-3.1659245715704687,176970.70239979075,3.617749650446657,0.3571314031180402,0.08437092264678485,32
pooled_same_robot,pooled_same_robot:OV_MH_03_medium,MH,OV_MH_01_easy|OV_MH_02_easy|OV_V1_01_easy|OV_V2_01_easy,OV_MH_04_difficult|OV_MH_05_difficult|OV_V1_02_medium|OV_V1_03_difficult|OV_V2_02_medium|OV_V2_03_difficult,OV_MH_03_medium,empirical_full_6d,AgACI-EWA,exponential_weights,0.2,0.8,9132,2245,0.8565701559020045,0.056570155902004426,-12.457707785761686,-12.62149588052387,-3.1816504859295307,-3.2635445333106237,220331.54886274313,3.5408258320732005,0.37968964814181533,0.0647157502329919,11
pooled_same_robot,pooled_same_robot:OV_MH_03_medium,MH,OV_MH_01_easy|OV_MH_02_easy|OV_V1_01_easy|OV_V2_01_easy,OV_MH_04_difficult|OV_MH_05_difficult|OV_V1_02_medium|OV_V1_03_difficult|OV_V2_02_medium|OV_V2_03_difficult,OV_MH_03_medium,empirical_full_6d,ACI,none,0.4,0.6,9132,2245,0.5995545657015591,0.00044543429844090543,-12.767127401961059,-12.851864186455733,-3.336360294029217,-3.378728686276555,210146.27440054208,3.390893027623293,0.3933407572383073,0.10610904007455745,72
pooled_same_robot,pooled_same_robot:OV_MH_03_medium,MH,OV_MH_01_easy|OV_MH_02_easy|OV_V1_01_easy|OV_V2_01_easy,OV_MH_04_difficult|OV_MH_05_difficult|OV_V1_02_medium|OV_V1_03_difficult|OV_V2_02_medium|OV_V2_03_difficult,OV_MH_03_medium,empirical_full_6d,AgACI-EWA,exponential_weights,0.4,0.6,9132,2245,0.600445434298441,0.00044543429844101645,-12.714192768953644,-12.860893488424006,-3.30989297752551,-3.3832433372606907,199607.70817988622,3.4086520056844587,0.39915782678614803,0.06172879776328063,53
pooled_same_robot,pooled_same_robot:OV_MH_03_medium,MH,OV_MH_01_easy|OV_MH_02_easy|OV_V1_01_easy|OV_V2_01_easy,OV_MH_04_difficult|OV_MH_05_difficult|OV_V1_02_medium|OV_V1_03_difficult|OV_V2_02_medium|OV_V2_03_difficult,OV_MH_03_medium,empirical_full_6d,ACI,none,0.5,0.5,9132,2245,0.49487750556792875,0.005122494432071245,-12.915002561728928,-13.04116135354846,-3.4102978739131515,-3.4733772698229175,201099.9950592666,3.29055864457145,0.4102494432071269,0.11247437092264687,93
pooled_same_robot,pooled_same_robot:OV_MH_03_medium,MH,OV_MH_01_easy|OV_MH_02_easy|OV_V1_01_easy|OV_V2_01_easy,OV_MH_04_difficult|OV_MH_05_difficult|OV_V1_02_medium|OV_V1_03_difficult|OV_V2_02_medium|OV_V2_03_difficult,OV_MH_03_medium,empirical_full_6d,AgACI-EWA,exponential_weights,0.5,0.5,9132,2245,0.48953229398663695,0.010467706013363054,-12.759369961895096,-12.957862141636763,-3.332481573996236,-3.431727663867069,170257.1322812225,3.356998140600394,0.4072256027017149,0.05203168685927312,55
pooled_same_robot,pooled_same_robot:OV_MH_04_difficult,MH,OV_MH_01_easy|OV_MH_02_easy|OV_V1_01_easy|OV_V2_01_easy,OV_MH_03_medium|OV_MH_05_difficult|OV_V1_02_medium|OV_V1_03_difficult|OV_V2_02_medium|OV_V2_03_difficult,OV_MH_04_difficult,openvins_full_6d,ACI,none,0.01,0.99,9132,1591,1.0,0.010000000000000009,-0.4859420749648393,-0.705276168425403,5.80573978733276,5.617751103784622,1.6257058244168754,42.30710140136448,0.08950000000000075,0.010000000000000453,0
pooled_same_robot,pooled_same_robot:OV_MH_04_difficult,MH,OV_MH_01_easy|OV_MH_02_easy|OV_V1_01_easy|OV_V2_01_easy,OV_MH_03_medium|OV_MH_05_difficult|OV_V1_02_medium|OV_V1_03_difficult|OV_V2_02_medium|OV_V2_03_difficult,OV_MH_04_difficult,openvins_full_6d,AgACI-EWA,exponential_weights,0.01,0.99,9132,1591,1.0,0.010000000000000009,-4.02494093766202,-3.828669317210095,4.389648937740281,4.056054529392275,55.97700255136446,27.653756735776632,0.3667148798612258,0.010000000000000453,0
pooled_same_robot,pooled_same_robot:OV_MH_04_difficult,MH,OV_MH_01_easy|OV_MH_02_easy|OV_V1_01_easy|OV_V2_01_easy,OV_MH_03_medium|OV_MH_05_difficult|OV_V1_02_medium|OV_V1_03_difficult|OV_V2_02_medium|OV_V2_03_difficult,OV_MH_04_difficult,openvins_full_6d,ACI,none,0.05,0.95,9132,1591,0.9817724701445631,0.03177247014456319,-4.250880089124443,-4.557477780773099,4.055602873747183,3.6916502976107735,68.88816490376986,23.355115522585603,0.39963702074166435,0.04445710455764103,6
pooled_same_robot,pooled_same_robot:OV_MH_04_difficult,MH,OV_MH_01_easy|OV_MH_02_easy|OV_V1_01_easy|OV_V2_01_easy,OV_MH_03_medium|OV_MH_05_difficult|OV_V1_02_medium|OV_V1_03_difficult|OV_V2_02_medium|OV_V2_03_difficult,OV_MH_04_difficult,openvins_full_6d,AgACI-EWA,exponential_weights,0.05,0.95,9132,1591,0.967316153362665,0.01731615336266501,-7.820296046533894,-7.2755862272315195,2.3409163544864704,2.332596074381563,2409.238862794415,15.250928630284365,0.6316115577616808,0.022587131367292474,1
pooled_same_robot,pooled_same_robot:OV_MH_04_difficult,MH,OV_MH_01_easy|OV_MH_02_easy|OV_V1_01_easy|OV_V2_01_easy,OV_MH_03_medium|OV_MH_05_difficult|OV_V1_02_medium|OV_V1_03_difficult|OV_V2_02_medium|OV_V2_03_difficult,OV_MH_04_difficult,openvins_full_6d,ACI,none,0.1,0.9,9132,1591,0.9314896291640478,0.03148962916404774,-7.570820691280517,-6.5226486159012556,2.5340524284151513,2.709064880046695,1807.7720759144675,16.953313686329007,0.5636612193588941,0.07823056300268105,17
pooled_same_robot,pooled_same_robot:OV_MH_04_difficult,MH,OV_MH_01_easy|OV_MH_02_easy|OV_V1_01_easy|OV_V2_01_easy,OV_MH_03_medium|OV_MH_05_difficult|OV_V1_02_medium|OV_V1_03_difficult|OV_V2_02_medium|OV_V2_03_difficult,OV_MH_04_difficult,openvins_full_6d,AgACI-EWA,exponential_weights,0.1,0.9,9132,1591,0.9377749842866122,0.03777498428661219,-8.031633140430085,-7.732240473244668,2.095499974868712,2.1042689513749875,2885.3107713782247,13.680715984360472,0.6655462893114786,0.03738605898123364,2
pooled_same_robot,pooled_same_robot:OV_MH_04_difficult,MH,OV_MH_01_easy|OV_MH_02_easy|OV_V1_01_easy|OV_V2_01_easy,OV_MH_03_medium|OV_MH_05_difficult|OV_V1_02_medium|OV_V1_03_difficult|OV_V2_02_medium|OV_V2_03_difficult,OV_MH_04_difficult,openvins_full_6d,ACI,none,0.2,0.8,9132,1591,0.8277812696417347,0.027781269641734663,-8.034069764644695,-7.762800335985507,2.2304409983423596,2.0889890200045693,2553.099622068278,13.517438942058922,0.6665556253928351,0.08808310991957113,19
pooled_same_robot,pooled_same_robot:OV_MH_04_difficult,MH,OV_MH_01_easy|OV_MH_02_easy|OV_V1_01_easy|OV_V2_01_easy,OV_MH_03_medium|OV_MH_05_difficult|OV_V1_02_medium|OV_V1_03_difficult|OV_V2_02_medium|OV_V2_03_difficult,OV_MH_04_difficult,openvins_full_6d,AgACI-EWA,exponential_weights,0.2,0.8,9132,1591,0.8642363293526084,0.06423632935260837,-8.212221093668532,-8.06755555376955,1.9333155669283304,1.936611411112548,3185.332873542688,12.701106709845138,0.6914439420872509,0.05802949061662235,4
pooled_same_robot,pooled_same_robot:OV_MH_04_difficult,MH,OV_MH_01_easy|OV_MH_02_easy|OV_V1_01_easy|OV_V2_01_easy,OV_MH_03_medium|OV_MH_05_difficult|OV_V1_02_medium|OV_V1_03_difficult|OV_V2_02_medium|OV_V2_03_difficult,OV_MH_04_difficult,openvins_full_6d,ACI,none,0.4,0.6,9132,1591,0.6153362664990571,0.015336266499057172,-8.285522649852577,-8.30113274149867,1.8580107533464831,1.819822817247988,2440.4464284845035,12.133861829853048,0.7081081081081084,0.08425603217158184,31
pooled_same_robot,pooled_same_robot:OV_MH_04_difficult,MH,OV_MH_01_easy|OV_MH_02_easy|OV_V1_01_easy|OV_V2_01_easy,OV_MH_03_medium|OV_MH_05_difficult|OV_V1_02_medium|OV_V1_03_difficult|OV_V2_02_medium|OV_V2_03_difficult,OV_MH_04_difficult,openvins_full_6d,AgACI-EWA,exponential_weights,0.4,0.6,9132,1591,0.6486486486486487,0.04864864864864871,-8.470134843281643,-8.382985363603023,1.7893991595782568,1.7788965061958115,3094.156962144481,11.969110294186793,0.7147454599308578,0.048746648793565876,11
pooled_same_robot,pooled_same_robot:OV_MH_04_difficult,MH,OV_MH_01_easy|OV_MH_02_easy|OV_V1_01_easy|OV_V2_01_easy,OV_MH_03_medium|OV_MH_05_difficult|OV_V1_02_medium|OV_V1_03_difficult|OV_V2_02_medium|OV_V2_03_difficult,OV_MH_04_difficult,openvins_full_6d,ACI,none,0.5,0.5,9132,1591,0.5091137649277184,0.009113764927718426,-8.479565041653055,-8.443547208466105,1.7599594430927077,1.7486155837642703,2451.56349440372,11.821363131604606,0.7188843494657451,0.0872050938337802,43
pooled_same_robot,pooled_same_robot:OV_MH_04_difficult,MH,OV_MH_01_easy|OV_MH_02_easy|OV_V1_01_easy|OV_V2_01_easy,OV_MH_03_medium|OV_MH_05_difficult|OV_V1_02_medium|OV_V1_03_difficult|OV_V2_02_medium|OV_V2_03_difficult,OV_MH_04_difficult,openvins_full_6d,AgACI-EWA,exponential_weights,0.5,0.5,9132,1591,0.4984286612193589,0.001571338780641085,-8.53734922664513,-8.475988084494611,1.7596945135929394,1.7323951457500164,2542.884689058977,11.772106199950258,0.7207168707369163,0.06140750670241289,27
pooled_same_robot,pooled_same_robot:OV_MH_04_difficult,MH,OV_MH_01_easy|OV_MH_02_easy|OV_V1_01_easy|OV_V2_01_easy,OV_MH_03_medium|OV_MH_05_difficult|OV_V1_02_medium|OV_V1_03_difficult|OV_V2_02_medium|OV_V2_03_difficult,OV_MH_04_difficult,empirical_full_6d,ACI,none,0.01,0.99,9132,1591,0.9899434318038969,5.656819610311281e-05,-6.740847717651361,-6.60990345720873,-0.3232204518743682,-0.2577483216530518,837.7671857428182,9.270852647518652,0.029914833438089795,0.011528150134048459,1
pooled_same_robot,pooled_same_robot:OV_MH_04_difficult,MH,OV_MH_01_easy|OV_MH_02_easy|OV_V1_01_easy|OV_V2_01_easy,OV_MH_03_medium|OV_MH_05_difficult|OV_V1_02_medium|OV_V1_03_difficult|OV_V2_02_medium|OV_V2_03_difficult,OV_MH_04_difficult,empirical_full_6d,AgACI-EWA,exponential_weights,0.01,0.99,9132,1591,1.0,0.010000000000000009,-6.86043609931072,-6.579582761236157,-0.3830146427040475,-0.242587973666766,953.7829208822775,9.456024012528513,0.035514654582523925,0.010000000000000453,0
pooled_same_robot,pooled_same_robot:OV_MH_04_difficult,MH,OV_MH_01_easy|OV_MH_02_easy|OV_V1_01_easy|OV_V2_01_easy,OV_MH_03_medium|OV_MH_05_difficult|OV_V1_02_medium|OV_V1_03_difficult|OV_V2_02_medium|OV_V2_03_difficult,OV_MH_04_difficult,empirical_full_6d,ACI,none,0.05,0.95,9132,1591,0.9478315524827152,0.002168447517284733,-8.010529787658255,-8.038352985927945,-0.9580614868778152,-0.9719730860126606,2855.354572470006,7.436550251929656,0.056915461973601846,0.030315013404825796,3
pooled_same_robot,pooled_same_robot:OV_MH_04_difficult,MH,OV_MH_01_easy|OV_MH_02_easy|OV_V1_01_easy|OV_V2_01_easy,OV_MH_03_medium|OV_MH_05_difficult|OV_V1_02_medium|OV_V1_03_difficult|OV_V2_02_medium|OV_V2_03_difficult,OV_MH_04_difficult,empirical_full_6d,AgACI-EWA,exponential_weights,0.05,0.95,9132,1591,0.9736015084852294,0.02360150848522946,-7.982374812565935,-8.01950565587165,-0.943983999331655,-0.9625494209845132,2851.560378438304,7.532643977729918,0.05985452264765855,0.03191689008042925,2
pooled_same_robot,pooled_same_robot:OV_MH_04_difficult,MH,OV_MH_01_easy|OV_MH_02_easy|OV_V1_01_easy|OV_V2_01_easy,OV_MH_03_medium|OV_MH_05_difficult|OV_V1_02_medium|OV_V1_03_difficult|OV_V2_02_medium|OV_V2_03_difficult,OV_MH_04_difficult,empirical_full_6d,ACI,none,0.1,0.9,9132,1591,0.8944060339409177,0.005593966059082356,-8.347321670515178,-8.390873156555502,-1.126457428306277,-1.1482331713264384,3773.379282165428,7.080867743820239,0.067759270898806,0.04266756032171587,6
pooled_same_robot,pooled_same_robot:OV_MH_04_difficult,MH,OV_MH_01_easy|OV_MH_02_easy|OV_V1_01_easy|OV_V2_01_easy,OV_MH_03_medium|OV_MH_05_difficult|OV_V1_02_medium|OV_V1_03_difficult|OV_V2_02_medium|OV_V2_03_difficult,OV_MH_04_difficult,empirical_full_6d,AgACI-EWA,exponential_weights,0.1,0.9,9132,1591,0.9534883720930233,0.05348837209302326,-8.25525250835809,-8.35657654004487,-1.0804228472277329,-1.131084863071123,3668.8166830444816,7.118298565011188,0.06831510676930945,0.06239946380697091,5
pooled_same_robot,pooled_same_robot:OV_MH_04_difficult,MH,OV_MH_01_easy|OV_MH_02_easy|OV_V1_01_easy|OV_V2_01_easy,OV_MH_03_medium|OV_MH_05_difficult|OV_V1_02_medium|OV_V1_03_difficult|OV_V2_02_medium|OV_V2_03_difficult,OV_MH_04_difficult,empirical_full_6d,ACI,none,0.2,0.8,9132,1591,0.7881835323695788,0.011816467630421212,-8.64465416763296,-8.735018819968918,-1.2751236768651673,-1.3203060030331468,4476.648131688355,6.736459119290105,0.0812633563796357,0.058961126005361984,14
pooled_same_robot,pooled_same_robot:OV_MH_04_difficult,MH,OV_MH_01_easy|OV_MH_02_easy|OV_V1_01_easy|OV_V2_01_easy,OV_MH_03_medium|OV_MH_05_difficult|OV_V1_02_medium|OV_V1_03_difficult|OV_V2_02_medium|OV_V2_03_difficult,OV_MH_04_difficult,empirical_full_6d,AgACI-EWA,exponential_weights,0.2,0.8,9132,1591,0.8497800125707102,0.049780012570710186,-8.488498071199968,-8.69267147105018,-1.197045628648672,-1.299132328573777,4128.710045289054,6.818764811330769,0.08382584372726243,0.08142761394101906,11
pooled_same_robot,pooled_same_robot:OV_MH_04_difficult,MH,OV_MH_01_easy|OV_MH_02_easy|OV_V1_01_easy|OV_V2_01_easy,OV_MH_03_medium|OV_MH_05_difficult|OV_V1_02_medium|OV_V1_03_difficult|OV_V2_02_medium|OV_V2_03_difficult,OV_MH_04_difficult,empirical_full_6d,ACI,none,0.4,0.6,9132,1591,0.5757385292269013,0.024261470773098703,-8.939878384139664,-9.124748957873289,-1.4227357851185198,-1.5151710719853326,4393.039873246456,6.3787228767774184,0.10025769956002498,0.07840482573726548,62
pooled_same_robot,pooled_same_robot:OV_MH_04_difficult,MH,OV_MH_01_easy|OV_MH_02_easy|OV_V1_01_easy|OV_V2_01_easy,OV_MH_03_medium|OV_MH_05_difficult|OV_V1_02_medium|OV_V1_03_difficult|OV_V2_02_medium|OV_V2_03_difficult,OV_MH_04_difficult,empirical_full_6d,AgACI-EWA,exponential_weights,0.4,0.6,9132,1591,0.6090509113764928,0.009050911376492832,-8.694808833902178,-8.977666887296197,-1.3002010099997765,-1.441630036696786,3637.149019919563,6.557522425185466,0.09685572938956152,0.058451742627345954,22
pooled_same_robot,pooled_same_robot:OV_MH_04_difficult,MH,OV_MH_01_easy|OV_MH_02_easy|OV_V1_01_easy|OV_V2_01_easy,OV_MH_03_medium|OV_MH_05_difficult|OV_V1_02_medium|OV_V1_03_difficult|OV_V2_02_medium|OV_V2_03_difficult,OV_MH_04_difficult,empirical_full_6d,ACI,none,0.5,0.5,9132,1591,0.46951602765556255,0.03048397234443745,-9.009645511840253,-9.31778859867026,-1.457619348968814,-1.6116908923838174,3841.401944380924,6.214415344172495,0.11076995600251381,0.0863605898123325,82
pooled_same_robot,pooled_same_robot:OV_MH_04_difficult,MH,OV_MH_01_easy|OV_MH_02_easy|OV_V1_01_easy|OV_V2_01_easy,OV_MH_03_medium|OV_MH_05_difficult|OV_V1_02_medium|OV_V1_03_difficult|OV_V2_02_medium|OV_V2_03_difficult,OV_MH_04_difficult,empirical_full_6d,AgACI-EWA,exponential_weights,0.5,0.5,9132,1591,0.5047140163419234,0.004714016341923366,-8.925307999480967,-9.129268202645655,-1.4154505927891714,-1.517430694371515,3795.398477931286,6.385728035904031,0.10263155223659709,0.058525469168900876,42
pooled_same_robot,pooled_same_robot:OV_MH_05_difficult,MH,OV_MH_01_easy|OV_MH_02_easy|OV_V1_01_easy|OV_V2_01_easy,OV_MH_03_medium|OV_MH_04_difficult|OV_V1_02_medium|OV_V1_03_difficult|OV_V2_02_medium|OV_V2_03_difficult,OV_MH_05_difficult,openvins_full_6d,ACI,none,0.01,0.99,9132,1806,1.0,0.010000000000000009,-1.9935360015365653,-1.8568880590002976,5.018463800393441,5.010990290880083,7.341447289068715,41.080260120607534,0.10025000000000024,0.010000000000000455,0
pooled_same_robot,pooled_same_robot:OV_MH_05_difficult,MH,OV_MH_01_easy|OV_MH_02_easy|OV_V1_01_easy|OV_V2_01_easy,OV_MH_03_medium|OV_MH_04_difficult|OV_V1_02_medium|OV_V1_03_difficult|OV_V2_02_medium|OV_V2_03_difficult,OV_MH_05_difficult,openvins_full_6d,AgACI-EWA,exponential_weights,0.01,0.99,9132,1806,1.0,0.010000000000000009,-4.039087355002797,-3.566427399678544,4.242079802188464,4.15622062054096,56.774504186724435,31.542524795689246,0.22893180219087877,0.010000000000000455,0
pooled_same_robot,pooled_same_robot:OV_MH_05_difficult,MH,OV_MH_01_easy|OV_MH_02_easy|OV_V1_01_easy|OV_V2_01_easy,OV_MH_03_medium|OV_MH_04_difficult|OV_V1_02_medium|OV_V1_03_difficult|OV_V2_02_medium|OV_V2_03_difficult,OV_MH_05_difficult,openvins_full_6d,ACI,none,0.05,0.95,9132,1806,0.9689922480620154,0.018992248062015493,-4.192994369334681,-4.23997173698626,4.060154667455382,3.819448451887103,64.1674262258286,27.651888910701203,0.2670030454042084,0.04639132981839504,5
pooled_same_robot,pooled_same_robot:OV_MH_05_difficult,MH,OV_MH_01_easy|OV_MH_02_easy|OV_V1_01_easy|OV_V2_01_easy,OV_MH_03_medium|OV_MH_04_difficult|OV_V1_02_medium|OV_V1_03_difficult|OV_V2_02_medium|OV_V2_03_difficult,OV_MH_05_difficult,openvins_full_6d,AgACI-EWA,exponential_weights,0.05,0.95,9132,1806,0.969545957918051,0.019545957918051027,-5.280427152572734,-5.91611686717079,3.3945647386482234,2.981375886794837,190.47096169139806,21.94451214329849,0.39414568010921713,0.02463386057410697,1
pooled_same_robot,pooled_same_robot:OV_MH_05_difficult,MH,OV_MH_01_easy|OV_MH_02_easy|OV_V1_01_easy|OV_V2_01_easy,OV_MH_03_medium|OV_MH_04_difficult|OV_V1_02_medium|OV_V1_03_difficult|OV_V2_02_medium|OV_V2_03_difficult,OV_MH_05_difficult,openvins_full_6d,ACI,none,0.1,0.9,9132,1806,0.9219269102990033,0.021926910299003288,-5.018546778473365,-5.443358515200916,3.3752032836647246,3.2177550627797746,139.38744739788518,23.045401552947315,0.35224529346622385,0.07903339191564158,6
pooled_same_robot,pooled_same_robot:OV_MH_05_difficult,MH,OV_MH_01_easy|OV_MH_02_easy|OV_V1_01_easy|OV_V2_01_easy,OV_MH_03_medium|OV_MH_04_difficult|OV_V1_02_medium|OV_V1_03_difficult|OV_V2_02_medium|OV_V2_03_difficult,OV_MH_05_difficult,openvins_full_6d,AgACI-EWA,exponential_weights,0.1,0.9,9132,1806,0.916389811738649,0.01638981173864895,-5.503322468447433,-6.40922682329859,3.229465027206521,2.734820908730938,224.9794404567592,20.436856812047036,0.43251526887078107,0.026625659050966793,2
pooled_same_robot,pooled_same_robot:OV_MH_05_difficult,MH,OV_MH_01_easy|OV_MH_02_easy|OV_V1_01_easy|OV_V2_01_easy,OV_MH_03_medium|OV_MH_04_difficult|OV_V1_02_medium|OV_V1_03_difficult|OV_V2_02_medium|OV_V2_03_difficult,OV_MH_05_difficult,openvins_full_6d,ACI,none,0.2,0.8,9132,1806,0.8167220376522702,0.016722037652270205,-5.645111505722612,-6.264590289569254,3.023903884772012,2.8071391755956063,231.05482973560683,20.357767780105693,0.41734219269103007,0.08940246045694208,14
pooled_same_robot,pooled_same_robot:OV_MH_05_difficult,MH,OV_MH_01_easy|OV_MH_02_easy|OV_V1_01_easy|OV_V2_01_easy,OV_MH_03_medium|OV_MH_04_difficult|OV_V1_02_medium|OV_V1_03_difficult|OV_V2_02_medium|OV_V2_03_difficult,OV_MH_05_difficult,openvins_full_6d,AgACI-EWA,exponential_weights,0.2,0.8,9132,1806,0.8521594684385382,0.05215946843853814,-5.729191906641255,-6.792708249261544,2.995261426938999,2.5430801957494604,262.2269385462633,19.357264385795432,0.46094843008997866,0.06045694200351518,2
pooled_same_robot,pooled_same_robot:OV_MH_05_difficult,MH,OV_MH_01_easy|OV_MH_02_easy|OV_V1_01_easy|OV_V2_01_easy,OV_MH_03_medium|OV_MH_04_difficult|OV_V1_02_medium|OV_V1_03_difficult|OV_V2_02_medium|OV_V2_03_difficult,OV_MH_05_difficult,openvins_full_6d,ACI,none,0.4,0.6,9132,1806,0.6057585825027686,0.005758582502768617,-5.961312302890809,-6.899985067830533,2.866321535964744,2.4894417864649663,235.10648799135552,18.79760479146686,0.46935769656699894,0.11012302284710024,27
pooled_same_robot,pooled_same_robot:OV_MH_05_difficult,MH,OV_MH_01_easy|OV_MH_02_easy|OV_V1_01_easy|OV_V2_01_easy,OV_MH_03_medium|OV_MH_04_difficult|OV_V1_02_medium|OV_V1_03_difficult|OV_V2_02_medium|OV_V2_03_difficult,OV_MH_05_difficult,openvins_full_6d,AgACI-EWA,exponential_weights,0.4,0.6,9132,1806,0.659468438538206,0.05946843853820605,-6.0920261308796295,-7.068518059644737,2.8770422541339347,2.4051752905578634,291.6939004371801,18.57429180363199,0.4812169534581191,0.06683069712946708,13
pooled_same_robot,pooled_same_robot:OV_MH_05_difficult,MH,OV_MH_01_easy|OV_MH_02_easy|OV_V1_01_easy|OV_V2_01_easy,OV_MH_03_medium|OV_MH_04_difficult|OV_V1_02_medium|OV_V1_03_difficult|OV_V2_02_medium|OV_V2_03_difficult,OV_MH_05_difficult,openvins_full_6d,ACI,none,0.5,0.5,9132,1806,0.5005537098560354,0.0005537098560354226,-6.207410921532862,-7.09108909256048,2.870446874722367,2.393889774099992,248.4820346986707,18.462397452088066,0.4825830564784054,0.10734622144112484,33
pooled_same_robot,pooled_same_robot:OV_MH_05_difficult,MH,OV_MH_01_easy|OV_MH_02_easy|OV_V1_01_easy|OV_V2_01_easy,OV_MH_03_medium|OV_MH_04_difficult|OV_V1_02_medium|OV_V1_03_difficult|OV_V2_02_medium|OV_V2_03_difficult,OV_MH_05_difficult,openvins_full_6d,AgACI-EWA,exponential_weights,0.5,0.5,9132,1806,0.4983388704318937,0.0016611295681063232,-6.204616575655514,-7.1402445624389514,2.837048875556342,2.369312039160757,246.69224916981324,18.40034756450786,0.4859686026545814,0.07424721734036323,25
pooled_same_robot,pooled_same_robot:OV_MH_05_difficult,MH,OV_MH_01_easy|OV_MH_02_easy|OV_V1_01_easy|OV_V2_01_easy,OV_MH_03_medium|OV_MH_04_difficult|OV_V1_02_medium|OV_V1_03_difficult|OV_V2_02_medium|OV_V2_03_difficult,OV_MH_05_difficult,empirical_full_6d,ACI,none,0.01,0.99,9132,1806,0.902547065337763,0.08745293466223703,-7.207791062792067,-7.006819568415046,-0.5566921244447212,-0.45620637725621066,1218.3547019911061,8.686901050978125,0.029153820598006995,0.09812536613942612,151
pooled_same_robot,pooled_same_robot:OV_MH_05_difficult,MH,OV_MH_01_easy|OV_MH_02_easy|OV_V1_01_easy|OV_V2_01_easy,OV_MH_03_medium|OV_MH_04_difficult|OV_V1_02_medium|OV_V1_03_difficult|OV_V2_02_medium|OV_V2_03_difficult,OV_MH_05_difficult,empirical_full_6d,AgACI-EWA,exponential_weights,0.01,0.99,9132,1806,0.9053156146179402,0.0846843853820598,-7.557834199064163,-7.670183338205066,-0.7317136925807692,-0.787888262151221,1734.305889106685,7.978757296949833,0.05739851968277575,0.0965905096660812,151
pooled_same_robot,pooled_same_robot:OV_MH_05_difficult,MH,OV_MH_01_easy|OV_MH_02_easy|OV_V1_01_easy|OV_V2_01_easy,OV_MH_03_medium|OV_MH_04_difficult|OV_V1_02_medium|OV_V1_03_difficult|OV_V2_02_medium|OV_V2_03_difficult,OV_MH_05_difficult,empirical_full_6d,ACI,none,0.05,0.95,9132,1806,0.8676633444075305,0.0823366555924695,-8.410676577599004,-8.406574526059542,-1.1581348818481896,-1.156083856078459,3899.9736901441333,7.147319715998479,0.08030094130675541,0.12260691271236103,150
pooled_same_robot,pooled_same_robot:OV_MH_05_difficult,MH,OV_MH_01_easy|OV_MH_02_easy|OV_V1_01_easy|OV_V2_01_easy,OV_MH_03_medium|OV_MH_04_difficult|OV_V1_02_medium|OV_V1_03_difficult|OV_V2_02_medium|OV_V2_03_difficult,OV_MH_05_difficult,empirical_full_6d,AgACI-EWA,exponential_weights,0.05,0.95,9132,1806,0.8947951273532669,0.055204872646733016,-8.959700609190765,-8.9206374950774,-1.4326468976440703,-1.4131153405873877,6964.214587870998,6.760810053657463,0.11139721644891241,0.11813708260105488,151
pooled_same_robot,pooled_same_robot:OV_MH_05_difficult,MH,OV_MH_01_easy|OV_MH_02_easy|OV_V1_01_easy|OV_V2_01_easy,OV_MH_03_medium|OV_MH_04_difficult|OV_V1_02_medium|OV_V1_03_difficult|OV_V2_02_medium|OV_V2_03_difficult,OV_MH_05_difficult,empirical_full_6d,ACI,none,0.1,0.9,9132,1806,0.8205980066445183,0.0794019933554817,-9.100754000692469,-8.991049250948782,-1.503173593394922,-1.448321218523079,7354.238352226495,6.633297334219056,0.10931506090808436,0.1333333333333334,151
pooled_same_robot,pooled_same_robot:OV_MH_05_difficult,MH,OV_MH_01_easy|OV_MH_02_easy|OV_V1_01_easy|OV_V2_01_easy,OV_MH_03_medium|OV_MH_04_difficult|OV_V1_02_medium|OV_V1_03_difficult|OV_V2_02_medium|OV_V2_03_difficult,OV_MH_05_difficult,empirical_full_6d,AgACI-EWA,exponential_weights,0.1,0.9,9132,1806,0.863233665559247,0.03676633444075306,-9.288836106691786,-9.205036963082353,-1.5972146463945802,-1.5553150745898636,9337.242403699189,6.507136499440963,0.1254855192518605,0.1309080257762159,151
pooled_same_robot,pooled_same_robot:OV_MH_05_difficult,MH,OV_MH_01_easy|OV_MH_02_easy|OV_V1_01_easy|OV_V2_01_easy,OV_MH_03_medium|OV_MH_04_difficult|OV_V1_02_medium|OV_V1_03_difficult|OV_V2_02_medium|OV_V2_03_difficult,OV_MH_05_difficult,empirical_full_6d,ACI,none,0.2,0.8,9132,1806,0.7281284606866002,0.07187153931339985,-9.503103429901715,-9.409226506395886,-1.7043483079995454,-1.6574098462466298,9757.833141196374,6.275577561377355,0.13232779623477328,0.14388400702987705,151
pooled_same_robot,pooled_same_robot:OV_MH_05_difficult,MH,OV_MH_01_easy|OV_MH_02_easy|OV_V1_01_easy|OV_V2_01_easy,OV_MH_03_medium|OV_MH_04_difficult|OV_V1_02_medium|OV_V1_03_difficult|OV_V2_02_medium|OV_V2_03_difficult,OV_MH_05_difficult,empirical_full_6d,AgACI-EWA,exponential_weights,0.2,0.8,9132,1806,0.7513842746400886,0.04861572535991143,-9.530982904630644,-9.43982115076877,-1.7182880453640093,-1.672707168433073,10354.172219791088,6.329748001932738,0.14038982426860022,0.13157586408904529,154
pooled_same_robot,pooled_same_robot:OV_MH_05_difficult,MH,OV_MH_01_easy|OV_MH_02_easy|OV_V1_01_easy|OV_V2_01_easy,OV_MH_03_medium|OV_MH_04_difficult|OV_V1_02_medium|OV_V1_03_difficult|OV_V2_02_medium|OV_V2_03_difficult,OV_MH_05_difficult,empirical_full_6d,ACI,none,0.4,0.6,9132,1806,0.5359911406423035,0.06400885935769651,-9.971470726475198,-9.813084794750289,-1.9385319562862868,-1.8593389904238318,11473.933389183236,5.940544449684136,0.15772646733111864,0.1501816051552432,150
pooled_same_robot,pooled_same_robot:OV_MH_05_difficult,MH,OV_MH_01_easy|OV_MH_02_easy|OV_V1_01_easy|OV_V2_01_easy,OV_MH_03_medium|OV_MH_04_difficult|OV_V1_02_medium|OV_V1_03_difficult|OV_V2_02_medium|OV_V2_03_difficult,OV_MH_05_difficult,empirical_full_6d,AgACI-EWA,exponential_weights,0.4,0.6,9132,1806,0.5526024363233666,0.04739756367663339,-9.776362143299284,-9.668395660342433,-1.8409776646983302,-1.786994423219904,9732.690818717758,6.151547620712068,0.15738061087501942,0.11452255418863506,150
pooled_same_robot,pooled_same_robot:OV_MH_05_difficult,MH,OV_MH_01_easy|OV_MH_02_easy|OV_V1_01_easy|OV_V2_01_easy,OV_MH_03_medium|OV_MH_04_difficult|OV_V1_02_medium|OV_V1_03_difficult|OV_V2_02_medium|OV_V2_03_difficult,OV_MH_05_difficult,empirical_full_6d,ACI,none,0.5,0.5,9132,1806,0.4390919158361019,0.06090808416389809,-10.128540652903368,-10.01025912720629,-2.0170669195003716,-1.9579261566518327,10998.27961113612,5.79408006295146,0.17202657807308974,0.15564733450497956,151
pooled_same_robot,pooled_same_robot:OV_MH_05_difficult,MH,OV_MH_01_easy|OV_MH_02_easy|OV_V1_01_easy|OV_V2_01_easy,OV_MH_03_medium|OV_MH_04_difficult|OV_V1_02_medium|OV_V1_03_difficult|OV_V2_02_medium|OV_V2_03_difficult,OV_MH_05_difficult,empirical_full_6d,AgACI-EWA,exponential_weights,0.5,0.5,9132,1806,0.4573643410852713,0.0426356589147287,-9.971386001129652,-9.778532759613599,-1.938489593613514,-1.8420629728554878,9789.944247568861,6.054035190629748,0.16513370427196192,0.10107205623901587,151
pooled_same_robot,pooled_same_robot:OV_V1_01_easy,V1,OV_MH_01_easy|OV_MH_02_easy|OV_V1_02_medium|OV_V2_01_easy,OV_MH_03_medium|OV_MH_04_difficult|OV_MH_05_difficult|OV_V1_03_difficult|OV_V2_02_medium|OV_V2_03_difficult,OV_V1_01_easy,openvins_full_6d,ACI,none,0.01,0.99,9546,2706,0.9356984478935698,0.05430155210643017,-0.9376441881119533,6.705968914749744,4.620282876514092,8.04758139579459,2.389734238894493,3218.3754235733527,0.005457021433850692,0.060349060222477685,3
pooled_same_robot,pooled_same_robot:OV_V1_01_easy,V1,OV_MH_01_easy|OV_MH_02_easy|OV_V1_02_medium|OV_V2_01_easy,OV_MH_03_medium|OV_MH_04_difficult|OV_MH_05_difficult|OV_V1_03_difficult|OV_V2_02_medium|OV_V2_03_difficult,OV_V1_01_easy,openvins_full_6d,AgACI-EWA,exponential_weights,0.01,0.99,9546,2706,0.8536585365853658,0.13634146341463416,-1.1287155021780553,3.6537882979029117,4.301615370424524,6.5214910873711744,2.6392413197202718,1996.447643665126,0.011948673915710853,0.14410049865746047,2
pooled_same_robot,pooled_same_robot:OV_V1_01_easy,V1,OV_MH_01_easy|OV_MH_02_easy|OV_V1_02_medium|OV_V2_01_easy,OV_MH_03_medium|OV_MH_04_difficult|OV_MH_05_difficult|OV_V1_03_difficult|OV_V2_02_medium|OV_V2_03_difficult,OV_V1_01_easy,openvins_full_6d,ACI,none,0.05,0.95,9546,2706,0.8163340724316334,0.1336659275683666,-1.3652118212570699,3.516529386937853,4.150392705304631,6.452861631888645,3.1972153119924966,2093.964414669953,0.01987971175166299,0.15188339087073244,6
pooled_same_robot,pooled_same_robot:OV_V1_01_easy,V1,OV_MH_01_easy|OV_MH_02_easy|OV_V1_02_medium|OV_V2_01_easy,OV_MH_03_medium|OV_MH_04_difficult|OV_MH_05_difficult|OV_V1_03_difficult|OV_V2_02_medium|OV_V2_03_difficult,OV_V1_01_easy,openvins_full_6d,AgACI-EWA,exponential_weights,0.05,0.95,9546,2706,0.8178122690317813,0.13218773096821868,-1.343359599378367,3.4397862854935344,4.216502830394229,6.414490081166486,3.133771184874421,2006.4276644554861,0.018225755375080557,0.15175680859225144,14
pooled_same_robot,pooled_same_robot:OV_V1_01_easy,V1,OV_MH_01_easy|OV_MH_02_easy|OV_V1_02_medium|OV_V2_01_easy,OV_MH_03_medium|OV_MH_04_difficult|OV_MH_05_difficult|OV_V1_03_difficult|OV_V2_02_medium|OV_V2_03_difficult,OV_V1_01_easy,openvins_full_6d,ACI,none,0.1,0.9,9546,2706,0.7653362897265337,0.13466371027346635,-1.5778919278298407,3.7473187068778806,3.9547583120036744,6.568256291858659,3.707849209055479,2331.2493194949293,0.02982520325203255,0.15502109704641337,13
pooled_same_robot,pooled_same_robot:OV_V1_01_easy,V1,OV_MH_01_easy|OV_MH_02_easy|OV_V1_02_medium|OV_V2_01_easy,OV_MH_03_medium|OV_MH_04_difficult|OV_MH_05_difficult|OV_V1_03_difficult|OV_V2_02_medium|OV_V2_03_difficult,OV_V1_01_easy,openvins_full_6d,AgACI-EWA,exponential_weights,0.1,0.9,9546,2706,0.78640059127864,0.11359940872135998,-1.4715728668141637,3.1640495745170116,4.198645721613803,6.276621725678225,3.425624903146352,1944.1406180312965,0.02246564811916648,0.15265055619485993,29
pooled_same_robot,pooled_same_robot:OV_V1_01_easy,V1,OV_MH_01_easy|OV_MH_02_easy|OV_V1_02_medium|OV_V2_01_easy,OV_MH_03_medium|OV_MH_04_difficult|OV_MH_05_difficult|OV_V1_03_difficult|OV_V2_02_medium|OV_V2_03_difficult,OV_V1_01_easy,openvins_full_6d,ACI,none,0.2,0.8,9546,2706,0.6899482631189948,0.11005173688100522,-1.8819875996715627,3.6314058129905966,3.6606545745737256,6.510299844915017,4.530575323824718,2434.1961061254383,0.046006651884700704,0.13575757575757566,43
pooled_same_robot,pooled_same_robot:OV_V1_01_easy,V1,OV_MH_01_easy|OV_MH_02_easy|OV_V1_02_medium|OV_V2_01_easy,OV_MH_03_medium|OV_MH_04_difficult|OV_MH_05_difficult|OV_V1_03_difficult|OV_V2_02_medium|OV_V2_03_difficult,OV_V1_01_easy,openvins_full_6d,AgACI-EWA,exponential_weights,0.2,0.8,9546,2706,0.7320768662232077,0.06792313377679238,-1.5529806341240615,2.243059693304292,4.110140565839934,5.816126785071865,3.4594543422878457,1627.0489833096624,0.02533969277815947,0.17696202531645577,92
pooled_same_robot,pooled_same_robot:OV_V1_01_easy,V1,OV_MH_01_easy|OV_MH_02_easy|OV_V1_02_medium|OV_V2_01_easy,OV_MH_03_medium|OV_MH_04_difficult|OV_MH_05_difficult|OV_V1_03_difficult|OV_V2_02_medium|OV_V2_03_difficult,OV_V1_01_easy,openvins_full_6d,ACI,none,0.4,0.6,9546,2706,0.5546932742054693,0.045306725794530656,-2.225477522426292,2.816001191772202,3.3347228946968617,6.1025975343058185,5.1352963080542375,2286.6144619783545,0.07099039172209907,0.10302646720368239,67
pooled_same_robot,pooled_same_robot:OV_V1_01_easy,V1,OV_MH_01_easy|OV_MH_02_easy|OV_V1_02_medium|OV_V2_01_easy,OV_MH_03_medium|OV_MH_04_difficult|OV_MH_05_difficult|OV_V1_03_difficult|OV_V2_02_medium|OV_V2_03_difficult,OV_V1_01_easy,openvins_full_6d,AgACI-EWA,exponential_weights,0.4,0.6,9546,2706,0.5096082779009609,0.09039172209903912,-2.4303040574704653,-1.1564390284516755,3.549958574756948,4.116377424193881,5.790340664371059,574.2612979956409,0.057158263697468764,0.2577445339470657,122
pooled_same_robot,pooled_same_robot:OV_V1_01_easy,V1,OV_MH_01_easy|OV_MH_02_easy|OV_V1_02_medium|OV_V2_01_easy,OV_MH_03_medium|OV_MH_04_difficult|OV_MH_05_difficult|OV_V1_03_difficult|OV_V2_02_medium|OV_V2_03_difficult,OV_V1_01_easy,openvins_full_6d,ACI,none,0.5,0.5,9546,2706,0.4844789356984479,0.01552106430155209,-2.51684126528154,2.343250365780925,3.1675420414518927,5.866222121310181,6.002403307714216,2188.8307427823006,0.08575942350332594,0.10473341004986582,80
pooled_same_robot,pooled_same_robot:OV_V1_01_easy,V1,OV_MH_01_easy|OV_MH_02_easy|OV_V1_02_medium|OV_V2_01_easy,OV_MH_03_medium|OV_MH_04_difficult|OV_MH_05_difficult|OV_V1_03_difficult|OV_V2_02_medium|OV_V2_03_difficult,OV_V1_01_easy,openvins_full_6d,AgACI-EWA,exponential_weights,0.5,0.5,9546,2706,0.3699186991869919,0.13008130081300812,-2.971209586299036,-2.7714357368668274,3.0639993893926656,3.3088790699863053,7.219152450477296,242.20315846108826,0.09316411698704485,0.2896662830840047,276
pooled_same_robot,pooled_same_robot:OV_V1_01_easy,V1,OV_MH_01_easy|OV_MH_02_easy|OV_V1_02_medium|OV_V2_01_easy,OV_MH_03_medium|OV_MH_04_difficult|OV_MH_05_difficult|OV_V1_03_difficult|OV_V2_02_medium|OV_V2_03_difficult,OV_V1_01_easy,empirical_full_6d,ACI,none,0.01,0.99,9546,2706,0.9933481152993349,0.003348115299334875,-9.065387029670335,-8.814210070653152,-1.6769380572718067,-1.5513495777632145,8593.083569646484,7.396084962523902,0.09148798965262597,0.011369390103567573,1
pooled_same_robot,pooled_same_robot:OV_V1_01_easy,V1,OV_MH_01_easy|OV_MH_02_easy|OV_V1_02_medium|OV_V2_01_easy,OV_MH_03_medium|OV_MH_04_difficult|OV_MH_05_difficult|OV_V1_03_difficult|OV_V2_02_medium|OV_V2_03_difficult,OV_V1_01_easy,empirical_full_6d,AgACI-EWA,exponential_weights,0.01,0.99,9546,2706,0.999630450849963,0.009630450849963057,-9.005605188413924,-8.923791054321319,-1.6470471366436015,-1.6061400695972985,8145.619450214793,7.252497413449085,0.09926678787850782,0.009616417337936778,1
pooled_same_robot,pooled_same_robot:OV_V1_01_easy,V1,OV_MH_01_easy|OV_MH_02_easy|OV_V1_02_medium|OV_V2_01_easy,OV_MH_03_medium|OV_MH_04_difficult|OV_MH_05_difficult|OV_V1_03_difficult|OV_V2_02_medium|OV_V2_03_difficult,OV_V1_01_easy,empirical_full_6d,ACI,none,0.05,0.95,9546,2706,0.9519586104951958,0.001958610495195856,-9.581437550941382,-9.593400541285638,-1.9349633179073304,-1.9409448130794575,13796.963758458583,6.455326226172073,0.12898096821877347,0.026378979670118992,2
pooled_same_robot,pooled_same_robot:OV_V1_01_easy,V1,OV_MH_01_easy|OV_MH_02_easy|OV_V1_02_medium|OV_V2_01_easy,OV_MH_03_medium|OV_MH_04_difficult|OV_MH_05_difficult|OV_V1_03_difficult|OV_V2_02_medium|OV_V2_03_difficult,OV_V1_01_easy,empirical_full_6d,AgACI-EWA,exponential_weights,0.05,0.95,9546,2706,0.9951958610495196,0.04519586104951967,-9.544012825255685,-9.575569217910646,-1.9162509550644815,-1.9320291513919612,13893.787952553392,6.477627133189754,0.12867580014844954,0.04511315688530927,1
pooled_same_robot,pooled_same_robot:OV_V1_01_easy,V1,OV_MH_01_easy|OV_MH_02_easy|OV_V1_02_medium|OV_V2_01_easy,OV_MH_03_medium|OV_MH_04_difficult|OV_MH_05_difficult|OV_V1_03_difficult|OV_V2_02_medium|OV_V2_03_difficult,OV_V1_01_easy,empirical_full_6d,ACI,none,0.1,0.9,9546,2706,0.9002217294900222,0.00022172949002219333,-9.668317535191287,-9.742809780579284,-1.9784033100322826,-2.0156494327262813,14231.361366773684,6.296826703687596,0.1371637102734664,0.028902953586497943,4
pooled_same_robot,pooled_same_robot:OV_V1_01_easy,V1,OV_MH_01_easy|OV_MH_02_easy|OV_V1_02_medium|OV_V2_01_easy,OV_MH_03_medium|OV_MH_04_difficult|OV_MH_05_difficult|OV_V1_03_difficult|OV_V2_02_medium|OV_V2_03_difficult,OV_V1_01_easy,empirical_full_6d,AgACI-EWA,exponential_weights,0.1,0.9,9546,2706,0.9696969696969697,0.0696969696969697,-9.6560247299568,-9.71110980791405,-1.972256907415039,-1.999799446393665,15142.385408579721,6.329729076807042,0.13557476109838074,0.06926735711545884,3
pooled_same_robot,pooled_same_robot:OV_V1_01_easy,V1,OV_MH_01_easy|OV_MH_02_easy|OV_V1_02_medium|OV_V2_01_easy,OV_MH_03_medium|OV_MH_04_difficult|OV_MH_05_difficult|OV_V1_03_difficult|OV_V2_02_medium|OV_V2_03_difficult,OV_V1_01_easy,empirical_full_6d,ACI,none,0.2,0.8,9546,2706,0.7963784183296378,0.003621581670362195,-9.727706915626763,-9.822584879047824,-2.008098000250021,-2.055536981960551,13360.07564911988,6.214883010565913,0.14175166297117509,0.030655926352128923,7
pooled_same_robot,pooled_same_robot:OV_V1_01_easy,V1,OV_MH_01_easy|OV_MH_02_easy|OV_V1_02_medium|OV_V2_01_easy,OV_MH_03_medium|OV_MH_04_difficult|OV_MH_05_difficult|OV_V1_03_difficult|OV_V2_02_medium|OV_V2_03_difficult,OV_V1_01_easy,empirical_full_6d,AgACI-EWA,exponential_weights,0.2,0.8,9546,2706,0.8776792313377679,0.07767923133776788,-9.729060582366774,-9.810776846490118,-2.0087748336200266,-2.049632965681698,14743.926143878514,6.226908761710371,0.14114543598057452,0.08482930571538203,8
pooled_same_robot,pooled_same_robot:OV_V1_01_easy,V1,OV_MH_01_easy|OV_MH_02_easy|OV_V1_02_medium|OV_V2_01_easy,OV_MH_03_medium|OV_MH_04_difficult|OV_MH_05_difficult|OV_V1_03_difficult|OV_V2_02_medium|OV_V2_03_difficult,OV_V1_01_easy,empirical_full_6d,ACI,none,0.4,0.6,9546,2706,0.5890613451589062,0.010938654841093798,-9.797404456613869,-9.905025095952233,-2.0429467707435736,-2.0967570904127557,10595.44538640603,6.135455686975761,0.14681448632668126,0.03316072113540472,45
pooled_same_robot,pooled_same_robot:OV_V1_01_easy,V1,OV_MH_01_easy|OV_MH_02_easy|OV_V1_02_medium|OV_V2_01_easy,OV_MH_03_medium|OV_MH_04_difficult|OV_MH_05_difficult|OV_V1_03_difficult|OV_V2_02_medium|OV_V2_03_difficult,OV_V1_01_easy,empirical_full_6d,AgACI-EWA,exponential_weights,0.4,0.6,9546,2706,0.6252771618625277,0.02527716186252771,-9.782798481584173,-9.872931046668295,-2.0356437832287253,-2.080710065770787,11083.781725344461,6.165733372254071,0.14494983463974276,0.040920598388953004,21
pooled_same_robot,pooled_same_robot:OV_V1_01_easy,V1,OV_MH_01_easy|OV_MH_02_easy|OV_V1_02_medium|OV_V2_01_easy,OV_MH_03_medium|OV_MH_04_difficult|OV_MH_05_difficult|OV_V1_03_difficult|OV_V2_02_medium|OV_V2_03_difficult,OV_V1_01_easy,empirical_full_6d,ACI,none,0.5,0.5,9546,2706,0.48558758314855877,0.014412416851441234,-9.797404456613869,-9.960405367102785,-2.0429467707435736,-2.1244472259880323,8734.263009872975,6.087248896702713,0.15068920916481862,0.03522056003068663,74
pooled_same_robot,pooled_same_robot:OV_V1_01_easy,V1,OV_MH_01_easy|OV_MH_02_easy|OV_V1_02_medium|OV_V2_01_easy,OV_MH_03_medium|OV_MH_04_difficult|OV_MH_05_difficult|OV_V1_03_difficult|OV_V2_02_medium|OV_V2_03_difficult,OV_V1_01_easy,empirical_full_6d,AgACI-EWA,exponential_weights,0.5,0.5,9546,2706,0.49223946784922396,0.007760532150776045,-9.800565360607472,-9.913066119875566,-2.0445272227403755,-2.1007776023744222,8881.941086999856,6.126978455444446,0.14751022228146535,0.0267625623321826,28
pooled_same_robot,pooled_same_robot:OV_V1_02_medium,V1,OV_MH_01_easy|OV_MH_02_easy|OV_V1_01_easy|OV_V2_01_easy,OV_MH_03_medium|OV_MH_04_difficult|OV_MH_05_difficult|OV_V1_03_difficult|OV_V2_02_medium|OV_V2_03_difficult,OV_V1_02_medium,openvins_full_6d,ACI,none,0.01,0.99,9546,1522,1.0,0.010000000000000009,-4.027977865268873,-3.5561561051042307,4.0214995084890965,4.033192742772887,56.147259053241704,42.71603383371651,0.08605000000000085,0.010000000000000453,0
pooled_same_robot,pooled_same_robot:OV_V1_02_medium,V1,OV_MH_01_easy|OV_MH_02_easy|OV_V1_01_easy|OV_V2_01_easy,OV_MH_03_medium|OV_MH_04_difficult|OV_MH_05_difficult|OV_V1_03_difficult|OV_V2_02_medium|OV_V2_03_difficult,OV_V1_02_medium,openvins_full_6d,AgACI-EWA,exponential_weights,0.01,0.99,9546,1522,1.0,0.010000000000000009,-6.511819656587884,-6.041494544512283,2.6397464910298227,2.7905235230688614,673.0500238917823,29.966343777342825,0.3069636565599822,0.010000000000000453,0
pooled_same_robot,pooled_same_robot:OV_V1_02_medium,V1,OV_MH_01_easy|OV_MH_02_easy|OV_V1_01_easy|OV_V2_01_easy,OV_MH_03_medium|OV_MH_04_difficult|OV_MH_05_difficult|OV_V1_03_difficult|OV_V2_02_medium|OV_V2_03_difficult,OV_V1_02_medium,openvins_full_6d,ACI,none,0.05,0.95,9546,1522,0.9842312746386334,0.0342312746386334,-7.1942407271886974,-6.817616568420526,2.3891840571281717,2.4024625111147406,1310.7389653554733,25.43071318869495,0.3501908672798928,0.05773014757554504,16
pooled_same_robot,pooled_same_robot:OV_V1_02_medium,V1,OV_MH_01_easy|OV_MH_02_easy|OV_V1_01_easy|OV_V2_01_easy,OV_MH_03_medium|OV_MH_04_difficult|OV_MH_05_difficult|OV_V1_03_difficult|OV_V2_02_medium|OV_V2_03_difficult,OV_V1_02_medium,openvins_full_6d,AgACI-EWA,exponential_weights,0.05,0.95,9546,1522,0.9612352168199737,0.011235216819973748,-10.833574175801791,-10.104597320953944,0.5398297507553185,0.7589721348480304,48729.410495447715,15.733635187215004,0.6288788355340432,0.026950105411103497,3
pooled_same_robot,pooled_same_robot:OV_V1_02_medium,V1,OV_MH_01_easy|OV_MH_02_easy|OV_V1_01_easy|OV_V2_01_easy,OV_MH_03_medium|OV_MH_04_difficult|OV_MH_05_difficult|OV_V1_03_difficult|OV_V2_02_medium|OV_V2_03_difficult,OV_V1_02_medium,openvins_full_6d,ACI,none,0.1,0.9,9546,1522,0.9448094612352168,0.044809461235216785,-9.80267736297821,-8.701973982196485,1.0927899765942923,1.460283804226761,17084.132074799767,18.866499004161717,0.5077996057818663,0.09952213633169393,32
pooled_same_robot,pooled_same_robot:OV_V1_02_medium,V1,OV_MH_01_easy|OV_MH_02_easy|OV_V1_01_easy|OV_V2_01_easy,OV_MH_03_medium|OV_MH_04_difficult|OV_MH_05_difficult|OV_V1_03_difficult|OV_V2_02_medium|OV_V2_03_difficult,OV_V1_02_medium,openvins_full_6d,AgACI-EWA,exponential_weights,0.1,0.9,9546,1522,0.9145860709592641,0.014586070959264119,-11.531954521750945,-11.078363856855352,0.20978847716785598,0.2720888668973257,93215.64246741017,13.240922145063118,0.7020735461787236,0.03429374560787085,2
pooled_same_robot,pooled_same_robot:OV_V1_02_medium,V1,OV_MH_01_easy|OV_MH_02_easy|OV_V1_01_easy|OV_V2_01_easy,OV_MH_03_medium|OV_MH_04_difficult|OV_MH_05_difficult|OV_V1_03_difficult|OV_V2_02_medium|OV_V2_03_difficult,OV_V1_02_medium,openvins_full_6d,ACI,none,0.2,0.8,9546,1522,0.8423127463863338,0.042312746386333755,-10.727451548296324,-10.09707092995999,0.6307943383613592,0.7627353303450077,38401.340520530255,14.84622655570052,0.6311445466491462,0.1374139142656362,50
pooled_same_robot,pooled_same_robot:OV_V1_02_medium,V1,OV_MH_01_easy|OV_MH_02_easy|OV_V1_01_easy|OV_V2_01_easy,OV_MH_03_medium|OV_MH_04_difficult|OV_MH_05_difficult|OV_V1_03_difficult|OV_V2_02_medium|OV_V2_03_difficult,OV_V1_02_medium,openvins_full_6d,AgACI-EWA,exponential_weights,0.2,0.8,9546,1522,0.816688567674113,0.016688567674112975,-12.010331306028007,-11.825960761087535,-0.052338909777131626,-0.10170958521876489,134300.3326085652,11.745349723170246,0.7480695316076931,0.028981026001405657,5
pooled_same_robot,pooled_same_robot:OV_V1_02_medium,V1,OV_MH_01_easy|OV_MH_02_easy|OV_V1_01_easy|OV_V2_01_easy,OV_MH_03_medium|OV_MH_04_difficult|OV_MH_05_difficult|OV_V1_03_difficult|OV_V2_02_medium|OV_V2_03_difficult,OV_V1_02_medium,openvins_full_6d,ACI,none,0.4,0.6,9546,1522,0.6307490144546649,0.030749014454664936,-11.800777898354095,-11.784145120279096,0.00849775535629238,-0.08080176481454437,84114.19714643541,11.458613702379697,0.7515335085413932,0.1408713984539706,60
pooled_same_robot,pooled_same_robot:OV_V1_02_medium,V1,OV_MH_01_easy|OV_MH_02_easy|OV_V1_01_easy|OV_V2_01_easy,OV_MH_03_medium|OV_MH_04_difficult|OV_MH_05_difficult|OV_V1_03_difficult|OV_V2_02_medium|OV_V2_03_difficult,OV_V1_02_medium,openvins_full_6d,AgACI-EWA,exponential_weights,0.4,0.6,9546,1522,0.6314060446780552,0.03140604467805519,-12.32145129675884,-12.52397233387017,-0.2128898082859072,-0.4507153716100813,141725.18822722282,10.686812342511589,0.7794922436883549,0.050751932536894015,13
pooled_same_robot,pooled_same_robot:OV_V1_02_medium,V1,OV_MH_01_easy|OV_MH_02_easy|OV_V1_01_easy|OV_V2_01_easy,OV_MH_03_medium|OV_MH_04_difficult|OV_MH_05_difficult|OV_V1_03_difficult|OV_V2_02_medium|OV_V2_03_difficult,OV_V1_02_medium,openvins_full_6d,ACI,none,0.5,0.5,9546,1522,0.5249671484888305,0.024967148488830526,-12.134977118847289,-12.227236345567128,-0.15323164100104858,-0.3023473774585628,97788.03687426899,10.631205204465214,0.7829139290407362,0.13035839775122987,77
pooled_same_robot,pooled_same_robot:OV_V1_02_medium,V1,OV_MH_01_easy|OV_MH_02_easy|OV_V1_01_easy|OV_V2_01_easy,OV_MH_03_medium|OV_MH_04_difficult|OV_MH_05_difficult|OV_V1_03_difficult|OV_V2_02_medium|OV_V2_03_difficult,OV_V1_02_medium,openvins_full_6d,AgACI-EWA,exponential_weights,0.5,0.5,9546,1522,0.5006570302233903,0.0006570302233902536,-12.411808837390714,-12.748754028987848,-0.2665264961724958,-0.5631062191689211,123004.33217333423,10.368842155438353,0.7881251135814372,0.06121574139142658,19
pooled_same_robot,pooled_same_robot:OV_V1_02_medium,V1,OV_MH_01_easy|OV_MH_02_easy|OV_V1_01_easy|OV_V2_01_easy,OV_MH_03_medium|OV_MH_04_difficult|OV_MH_05_difficult|OV_V1_03_difficult|OV_V2_02_medium|OV_V2_03_difficult,OV_V1_02_medium,empirical_full_6d,ACI,none,0.01,0.99,9546,1522,1.0,0.010000000000000009,-7.577175704066672,-7.472678456220131,-0.7413844450820237,-0.689135821158753,1953.1050218637115,8.062489369692338,0.08605000000000085,0.010000000000000453,0
pooled_same_robot,pooled_same_robot:OV_V1_02_medium,V1,OV_MH_01_easy|OV_MH_02_easy|OV_V1_01_easy|OV_V2_01_easy,OV_MH_03_medium|OV_MH_04_difficult|OV_MH_05_difficult|OV_V1_03_difficult|OV_V2_02_medium|OV_V2_03_difficult,OV_V1_02_medium,empirical_full_6d,AgACI-EWA,exponential_weights,0.01,0.99,9546,1522,1.0,0.010000000000000009,-12.840107695481262,-11.534511016688542,-3.372850440789319,-2.7200521013929593,377040.42751973344,4.705727015620175,0.39449769981342847,0.010000000000000453,0
pooled_same_robot,pooled_same_robot:OV_V1_02_medium,V1,OV_MH_01_easy|OV_MH_02_easy|OV_V1_01_easy|OV_V2_01_easy,OV_MH_03_medium|OV_MH_04_difficult|OV_MH_05_difficult|OV_V1_03_difficult|OV_V2_02_medium|OV_V2_03_difficult,OV_V1_02_medium,empirical_full_6d,ACI,none,0.05,0.95,9546,1522,0.9888304862023654,0.0388304862023654,-12.669403413746714,-12.074324242908311,-3.2874982999220452,-2.989958714502843,314321.3196047937,3.987265966893761,0.40269415243100537,0.04977512297962094,5
pooled_same_robot,pooled_same_robot:OV_V1_02_medium,V1,OV_MH_01_easy|OV_MH_02_easy|OV_V1_01_easy|OV_V2_01_easy,OV_MH_03_medium|OV_MH_04_difficult|OV_MH_05_difficult|OV_V1_03_difficult|OV_V2_02_medium|OV_V2_03_difficult,OV_V1_02_medium,empirical_full_6d,AgACI-EWA,exponential_weights,0.05,0.95,9546,1522,0.9671484888304862,0.017148488830486253,-15.353470379856493,-14.85173701611012,-4.629531782976933,-4.378665101103747,4502156.853649855,2.5338200308469987,0.6695233265375005,0.029522136331693878,2
pooled_same_robot,pooled_same_robot:OV_V1_02_medium,V1,OV_MH_01_easy|OV_MH_02_easy|OV_V1_01_easy|OV_V2_01_easy,OV_MH_03_medium|OV_MH_04_difficult|OV_MH_05_difficult|OV_V1_03_difficult|OV_V2_02_medium|OV_V2_03_difficult,OV_V1_02_medium,empirical_full_6d,ACI,none,0.1,0.9,9546,1522,0.9415243101182654,0.041524310118265406,-14.598730026519316,-13.928203969656618,-4.252161606308345,-3.9168985778769962,2060532.3215961694,2.886495125615297,0.5751386333771358,0.09236823612087168,16
pooled_same_robot,pooled_same_robot:OV_V1_02_medium,V1,OV_MH_01_easy|OV_MH_02_easy|OV_V1_01_easy|OV_V2_01_easy,OV_MH_03_medium|OV_MH_04_difficult|OV_MH_05_difficult|OV_V1_03_difficult|OV_V2_02_medium|OV_V2_03_difficult,OV_V1_02_medium,empirical_full_6d,AgACI-EWA,exponential_weights,0.1,0.9,9546,1522,0.9244415243101183,0.024441524310118257,-15.650335610079065,-15.564430411301773,-4.77796439808822,-4.735011798699574,5790736.993600104,2.188785267774045,0.7272565923363177,0.03397048489107547,4
pooled_same_robot,pooled_same_robot:OV_V1_02_medium,V1,OV_MH_01_easy|OV_MH_02_easy|OV_V1_01_easy|OV_V2_01_easy,OV_MH_03_medium|OV_MH_04_difficult|OV_MH_05_difficult|OV_V1_03_difficult|OV_V2_02_medium|OV_V2_03_difficult,OV_V1_02_medium,empirical_full_6d,ACI,none,0.2,0.8,9546,1522,0.8383705650459922,0.03837056504599212,-15.426238929700895,-15.160014751626964,-4.665916057899135,-4.5328039688621695,4197265.732520191,2.2788465697713725,0.6928791064388966,0.12366127898805362,26
pooled_same_robot,pooled_same_robot:OV_V1_02_medium,V1,OV_MH_01_easy|OV_MH_02_easy|OV_V1_01_easy|OV_V2_01_easy,OV_MH_03_medium|OV_MH_04_difficult|OV_MH_05_difficult|OV_V1_03_difficult|OV_V2_02_medium|OV_V2_03_difficult,OV_V1_02_medium,empirical_full_6d,AgACI-EWA,exponential_weights,0.2,0.8,9546,1522,0.8528252299605782,0.052825229960578146,-15.852803251911194,-15.905545229931798,-4.879198219004284,-4.905569208014587,6541013.041525834,2.0245667078960925,0.7556908069782354,0.05329585382993707,6
pooled_same_robot,pooled_same_robot:OV_V1_02_medium,V1,OV_MH_01_easy|OV_MH_02_easy|OV_V1_01_easy|OV_V2_01_easy,OV_MH_03_medium|OV_MH_04_difficult|OV_MH_05_difficult|OV_V1_03_difficult|OV_V2_02_medium|OV_V2_03_difficult,OV_V1_02_medium,empirical_full_6d,ACI,none,0.4,0.6,9546,1522,0.633377135348226,0.03337713534822606,-15.85280325309871,-15.97699266094757,-4.879198219598042,-4.9412929235224725,4857886.424898945,1.9753842750248316,0.7628804204993431,0.12434996486296576,69
pooled_same_robot,pooled_same_robot:OV_V1_02_medium,V1,OV_MH_01_easy|OV_MH_02_easy|OV_V1_01_easy|OV_V2_01_easy,OV_MH_03_medium|OV_MH_04_difficult|OV_MH_05_difficult|OV_V1_03_difficult|OV_V2_02_medium|OV_V2_03_difficult,OV_V1_02_medium,empirical_full_6d,AgACI-EWA,exponential_weights,0.4,0.6,9546,1522,0.6675427069645203,0.06754270696452036,-16.043346601911256,-16.166617402315346,-4.974469894004315,-5.036105294206358,6194638.337676939,1.9214443429628718,0.7776512895346124,0.07329585382993696,12
pooled_same_robot,pooled_same_robot:OV_V1_02_medium,V1,OV_MH_01_easy|OV_MH_02_easy|OV_V1_01_easy|OV_V2_01_easy,OV_MH_03_medium|OV_MH_04_difficult|OV_MH_05_difficult|OV_V1_03_difficult|OV_V2_02_medium|OV_V2_03_difficult,OV_V1_02_medium,empirical_full_6d,ACI,none,0.5,0.5,9546,1522,0.5315374507227333,0.031537450722733285,-16.03935519243473,-16.21879513779564,-4.972474189266053,-5.0621941619465085,4912893.192151926,1.8983521986950966,0.7834067017082788,0.11951510892480686,74
pooled_same_robot,pooled_same_robot:OV_V1_02_medium,V1,OV_MH_01_easy|OV_MH_02_easy|OV_V1_01_easy|OV_V2_01_easy,OV_MH_03_medium|OV_MH_04_difficult|OV_MH_05_difficult|OV_V1_03_difficult|OV_V2_02_medium|OV_V2_03_difficult,OV_V1_02_medium,empirical_full_6d,AgACI-EWA,exponential_weights,0.5,0.5,9546,1522,0.5492772667542707,0.04927726675427069,-16.097470939190686,-16.25231052984374,-5.0015320626440305,-5.078951857970558,5380646.0784212705,1.8917281543506177,0.7850815629072876,0.06889669711876328,20
pooled_same_robot,pooled_same_robot:OV_V1_03_difficult,V1,OV_MH_01_easy|OV_MH_02_easy|OV_V1_01_easy|OV_V2_01_easy,OV_MH_03_medium|OV_MH_04_difficult|OV_MH_05_difficult|OV_V1_02_medium|OV_V2_02_medium|OV_V2_03_difficult,OV_V1_03_difficult,openvins_full_6d,ACI,none,0.01,0.99,9132,1895,0.9899736147757255,2.6385224274450003e-05,-2.621973649537779,-2.2032231528790454,4.431731679678892,4.56902534332865,13.624868124782514,115.32045224499869,0.031615672823219323,0.015044543429844326,2
pooled_same_robot,pooled_same_robot:OV_V1_03_difficult,V1,OV_MH_01_easy|OV_MH_02_easy|OV_V1_01_easy|OV_V2_01_easy,OV_MH_03_medium|OV_MH_04_difficult|OV_MH_05_difficult|OV_V1_02_medium|OV_V2_02_medium|OV_V2_03_difficult,OV_V1_03_difficult,openvins_full_6d,AgACI-EWA,exponential_weights,0.01,0.99,9132,1895,0.9973614775725593,0.007361477572559338,-2.1943031200394465,-2.053399338075717,4.552723148546873,4.643937250730313,8.950067825951104,61.575716568141665,0.023841032713713687,0.01146993318485563,4
pooled_same_robot,pooled_same_robot:OV_V1_03_difficult,V1,OV_MH_01_easy|OV_MH_02_easy|OV_V1_01_easy|OV_V2_01_easy,OV_MH_03_medium|OV_MH_04_difficult|OV_MH_05_difficult|OV_V1_02_medium|OV_V2_02_medium|OV_V2_03_difficult,OV_V1_03_difficult,openvins_full_6d,ACI,none,0.05,0.95,9132,1895,0.9498680738786279,0.00013192612137202797,-4.073482891973491,-3.7580547113408715,3.6080838968863365,3.791609564097736,55.81545031023312,120.84066887061809,0.09004379947229563,0.060489977728285266,9
pooled_same_robot,pooled_same_robot:OV_V1_03_difficult,V1,OV_MH_01_easy|OV_MH_02_easy|OV_V1_01_easy|OV_V2_01_easy,OV_MH_03_medium|OV_MH_04_difficult|OV_MH_05_difficult|OV_V1_02_medium|OV_V2_02_medium|OV_V2_03_difficult,OV_V1_03_difficult,openvins_full_6d,AgACI-EWA,exponential_weights,0.05,0.95,9132,1895,0.9577836411609498,0.007783641160949872,-2.995048598310415,-3.294535723302176,4.135976269523729,4.023369058117084,19.1425810397098,75.24274567134894,0.0806419642297599,0.06194877505567955,35
pooled_same_robot,pooled_same_robot:OV_V1_03_difficult,V1,OV_MH_01_easy|OV_MH_02_easy|OV_V1_01_easy|OV_V2_01_easy,OV_MH_03_medium|OV_MH_04_difficult|OV_MH_05_difficult|OV_V1_02_medium|OV_V2_02_medium|OV_V2_03_difficult,OV_V1_03_difficult,openvins_full_6d,ACI,none,0.1,0.9,9132,1895,0.9002638522427441,0.00026385224274405594,-4.887397440858145,-4.372850721510526,3.1257318193648675,3.484211559012909,119.3821928699039,178.6189878153841,0.13861688654353568,0.09910913140311824,24
pooled_same_robot,pooled_same_robot:OV_V1_03_difficult,V1,OV_MH_01_easy|OV_MH_02_easy|OV_V1_01_easy|OV_V2_01_easy,OV_MH_03_medium|OV_MH_04_difficult|OV_MH_05_difficult|OV_V1_02_medium|OV_V2_02_medium|OV_V2_03_difficult,OV_V1_03_difficult,openvins_full_6d,AgACI-EWA,exponential_weights,0.1,0.9,9132,1895,0.9218997361477572,0.0218997361477572,-3.902164285091448,-4.1528824154229715,3.6836361903795556,3.5941957120566865,45.64278196670066,72.245052103561,0.12571835656352878,0.09636971046770623,38
pooled_same_robot,pooled_same_robot:OV_V1_03_difficult,V1,OV_MH_01_easy|OV_MH_02_easy|OV_V1_01_easy|OV_V2_01_easy,OV_MH_03_medium|OV_MH_04_difficult|OV_MH_05_difficult|OV_V1_02_medium|OV_V2_02_medium|OV_V2_03_difficult,OV_V1_03_difficult,openvins_full_6d,ACI,none,0.2,0.8,9132,1895,0.7994722955145118,0.0005277044854882229,-5.539223811186918,-4.95813381782713,2.8835988913819524,3.1915700108546075,203.4500279064576,237.2316511801541,0.1912358839050133,0.13587973273942117,72
pooled_same_robot,pooled_same_robot:OV_V1_03_difficult,V1,OV_MH_01_easy|OV_MH_02_easy|OV_V1_01_easy|OV_V2_01_easy,OV_MH_03_medium|OV_MH_04_difficult|OV_MH_05_difficult|OV_V1_02_medium|OV_V2_02_medium|OV_V2_03_difficult,OV_V1_03_difficult,openvins_full_6d,AgACI-EWA,exponential_weights,0.2,0.8,9132,1895,0.8179419525065963,0.017941952506596248,-5.219904748950288,-5.1307594575438396,3.156917279705283,3.1052571909962525,151.25102009940053,82.26121542835719,0.18999525157709757,0.16292316258351913,104
pooled_same_robot,pooled_same_robot:OV_V1_03_difficult,V1,OV_MH_01_easy|OV_MH_02_easy|OV_V1_01_easy|OV_V2_01_easy,OV_MH_03_medium|OV_MH_04_difficult|OV_MH_05_difficult|OV_V1_02_medium|OV_V2_02_medium|OV_V2_03_difficult,OV_V1_03_difficult,openvins_full_6d,ACI,none,0.4,0.6,9132,1895,0.5920844327176781,0.0079155672823219,-5.981601687751606,-5.789091596914233,2.7352316922128335,2.7760911213110555,234.50939623540523,200.14166967014765,0.25354617414248026,0.16407015590200463,118
pooled_same_robot,pooled_same_robot:OV_V1_03_difficult,V1,OV_MH_01_easy|OV_MH_02_easy|OV_V1_01_easy|OV_V2_01_easy,OV_MH_03_medium|OV_MH_04_difficult|OV_MH_05_difficult|OV_V1_02_medium|OV_V2_02_medium|OV_V2_03_difficult,OV_V1_03_difficult,openvins_full_6d,AgACI-EWA,exponential_weights,0.4,0.6,9132,1895,0.6226912928759895,0.022691292875989477,-5.892135572741729,-5.952988327385173,2.7873289454068217,2.694142756075586,225.52503498844976,72.97666123100163,0.2377163045099555,0.19773942093541222,181
pooled_same_robot,pooled_same_robot:OV_V1_03_difficult,V1,OV_MH_01_easy|OV_MH_02_easy|OV_V1_01_easy|OV_V2_01_easy,OV_MH_03_medium|OV_MH_04_difficult|OV_MH_05_difficult|OV_V1_02_medium|OV_V2_02_medium|OV_V2_03_difficult,OV_V1_03_difficult,openvins_full_6d,ACI,none,0.5,0.5,9132,1895,0.48918205804749343,0.010817941952506571,-6.158081986357047,-6.058820991520868,2.6678789135506236,2.641226424007738,231.14874808855058,219.429141085459,0.27805013192612144,0.1678674832962139,156
pooled_same_robot,pooled_same_robot:OV_V1_03_difficult,V1,OV_MH_01_easy|OV_MH_02_easy|OV_V1_01_easy|OV_V2_01_easy,OV_MH_03_medium|OV_MH_04_difficult|OV_MH_05_difficult|OV_V1_02_medium|OV_V2_02_medium|OV_V2_03_difficult,OV_V1_03_difficult,openvins_full_6d,AgACI-EWA,exponential_weights,0.5,0.5,9132,1895,0.5187335092348285,0.018733509234828527,-6.078000894181006,-6.205112553259845,2.711619348873061,2.56808064313825,226.24893984738566,95.98458043309988,0.2582116189978849,0.18918151447661483,224
pooled_same_robot,pooled_same_robot:OV_V1_03_difficult,V1,OV_MH_01_easy|OV_MH_02_easy|OV_V1_01_easy|OV_V2_01_easy,OV_MH_03_medium|OV_MH_04_difficult|OV_MH_05_difficult|OV_V1_02_medium|OV_V2_02_medium|OV_V2_03_difficult,OV_V1_03_difficult,empirical_full_6d,ACI,none,0.01,0.99,9132,1895,1.0,0.010000000000000009,-7.981368569678681,-7.847683337120094,-0.9434808778880281,-0.8766382616087344,2925.9326679512587,7.611694009856296,0.10469999999999999,0.010000000000000453,0
pooled_same_robot,pooled_same_robot:OV_V1_03_difficult,V1,OV_MH_01_easy|OV_MH_02_easy|OV_V1_01_easy|OV_V2_01_easy,OV_MH_03_medium|OV_MH_04_difficult|OV_MH_05_difficult|OV_V1_02_medium|OV_V2_02_medium|OV_V2_03_difficult,OV_V1_03_difficult,empirical_full_6d,AgACI-EWA,exponential_weights,0.01,0.99,9132,1895,0.9947229551451188,0.004722955145118779,-12.156480427079233,-11.178618850931397,-3.031036806588304,-2.542106018514386,189319.1339433724,4.709843107675265,0.31938212507821956,0.009755011135857758,1
pooled_same_robot,pooled_same_robot:OV_V1_03_difficult,V1,OV_MH_01_easy|OV_MH_02_easy|OV_V1_01_easy|OV_V2_01_easy,OV_MH_03_medium|OV_MH_04_difficult|OV_MH_05_difficult|OV_V1_02_medium|OV_V2_02_medium|OV_V2_03_difficult,OV_V1_03_difficult,empirical_full_6d,ACI,none,0.05,0.95,9132,1895,0.9656992084432717,0.015699208443271773,-12.501648355264868,-11.84077103171918,-3.2036207706811215,-2.8731821089082774,259560.6008428247,4.028000492108786,0.34900395778364074,0.046681514476614935,10
pooled_same_robot,pooled_same_robot:OV_V1_03_difficult,V1,OV_MH_01_easy|OV_MH_02_easy|OV_V1_01_easy|OV_V2_01_easy,OV_MH_03_medium|OV_MH_04_difficult|OV_MH_05_difficult|OV_V1_02_medium|OV_V2_02_medium|OV_V2_03_difficult,OV_V1_03_difficult,empirical_full_6d,AgACI-EWA,exponential_weights,0.05,0.95,9132,1895,0.9620052770448548,0.012005277044854878,-13.318236913543274,-13.201328896619554,-3.6119150498203245,-3.553461041358464,585078.655314747,3.2286848050083656,0.46322202803249435,0.025645879732739633,6
pooled_same_robot,pooled_same_robot:OV_V1_03_difficult,V1,OV_MH_01_easy|OV_MH_02_easy|OV_V1_01_easy|OV_V2_01_easy,OV_MH_03_medium|OV_MH_04_difficult|OV_MH_05_difficult|OV_V1_02_medium|OV_V2_02_medium|OV_V2_03_difficult,OV_V1_03_difficult,empirical_full_6d,ACI,none,0.1,0.9,9132,1895,0.9129287598944591,0.012928759894459074,-13.116004219329291,-12.83744909059406,-3.510798702713333,-3.371521138345718,453570.8607234754,3.364102101394096,0.4229419525065966,0.07954899777282863,30
pooled_same_robot,pooled_same_robot:OV_V1_03_difficult,V1,OV_MH_01_easy|OV_MH_02_easy|OV_V1_01_easy|OV_V2_01_easy,OV_MH_03_medium|OV_MH_04_difficult|OV_MH_05_difficult|OV_V1_02_medium|OV_V2_02_medium|OV_V2_03_difficult,OV_V1_03_difficult,empirical_full_6d,AgACI-EWA,exponential_weights,0.1,0.9,9132,1895,0.9134564643799472,0.013456464379947186,-13.64309031919986,-13.737085326242896,-3.774341752648618,-3.8213392561701363,768788.1761170777,2.9316844285235373,0.509725045635336,0.03282850779510037,8
pooled_same_robot,pooled_same_robot:OV_V1_03_difficult,V1,OV_MH_01_easy|OV_MH_02_easy|OV_V1_01_easy|OV_V2_01_easy,OV_MH_03_medium|OV_MH_04_difficult|OV_MH_05_difficult|OV_V1_02_medium|OV_V2_02_medium|OV_V2_03_difficult,OV_V1_03_difficult,empirical_full_6d,ACI,none,0.2,0.8,9132,1895,0.807915567282322,0.0079155672823219,-13.767757668193951,-13.698842588344892,-3.8366754271456625,-3.8022178872211336,770241.935429357,2.8972698231608387,0.5004854881266494,0.1132238307349667,53
pooled_same_robot,pooled_same_robot:OV_V1_03_difficult,V1,OV_MH_01_easy|OV_MH_02_easy|OV_V1_01_easy|OV_V2_01_easy,OV_MH_03_medium|OV_MH_04_difficult|OV_MH_05_difficult|OV_V1_02_medium|OV_V2_02_medium|OV_V2_03_difficult,OV_V1_03_difficult,empirical_full_6d,AgACI-EWA,exponential_weights,0.2,0.8,9132,1895,0.8253298153034301,0.025329815303430037,-14.112172005099508,-14.291923020904392,-4.0088825955984415,-4.0987581035008835,1110365.5114600437,2.688939833172928,0.5590668162653057,0.04606347438752799,13
pooled_same_robot,pooled_same_robot:OV_V1_03_difficult,V1,OV_MH_01_easy|OV_MH_02_easy|OV_V1_01_easy|OV_V2_01_easy,OV_MH_03_medium|OV_MH_04_difficult|OV_MH_05_difficult|OV_V1_02_medium|OV_V2_02_medium|OV_V2_03_difficult,OV_V1_03_difficult,empirical_full_6d,ACI,none,0.4,0.6,9132,1895,0.5984168865435356,0.0015831134564643357,-14.639615113875545,-14.622951728180547,-4.27260414998646,-4.2642724571389605,1364293.787122578,2.502345859372439,0.591957783641161,0.12680957683741653,81
pooled_same_robot,pooled_same_robot:OV_V1_03_difficult,V1,OV_MH_01_easy|OV_MH_02_easy|OV_V1_01_easy|OV_V2_01_easy,OV_MH_03_medium|OV_MH_04_difficult|OV_MH_05_difficult|OV_V1_02_medium|OV_V2_02_medium|OV_V2_03_difficult,OV_V1_03_difficult,empirical_full_6d,AgACI-EWA,exponential_weights,0.4,0.6,9132,1895,0.6211081794195251,0.02110817941952514,-14.535842337130052,-14.796616571803263,-4.220717761613714,-4.351104878950319,1276448.7000405756,2.490815376151534,0.6038618064349647,0.05069599109131412,21
pooled_same_robot,pooled_same_robot:OV_V1_03_difficult,V1,OV_MH_01_easy|OV_MH_02_easy|OV_V1_01_easy|OV_V2_01_easy,OV_MH_03_medium|OV_MH_04_difficult|OV_MH_05_difficult|OV_V1_02_medium|OV_V2_02_medium|OV_V2_03_difficult,OV_V1_03_difficult,empirical_full_6d,ACI,none,0.5,0.5,9132,1895,0.49287598944591027,0.0071240105540897325,-15.223850815725033,-14.986358127935334,-4.564722000911204,-4.445975657016354,2015450.167172965,2.36531065245335,0.6306728232189975,0.11885857461024503,86
pooled_same_robot,pooled_same_robot:OV_V1_03_difficult,V1,OV_MH_01_easy|OV_MH_02_easy|OV_V1_01_easy|OV_V2_01_easy,OV_MH_03_medium|OV_MH_04_difficult|OV_MH_05_difficult|OV_V1_02_medium|OV_V2_02_medium|OV_V2_03_difficult,OV_V1_03_difficult,empirical_full_6d,AgACI-EWA,exponential_weights,0.5,0.5,9132,1895,0.49868073878627966,0.0013192612137203352,-14.720279015279838,-15.011628321759233,-4.3129361006886064,-4.458610753928304,1232419.4468738134,2.4144637639375217,0.6211288083941899,0.052945434298441,31
pooled_same_robot,pooled_same_robot:OV_V2_01_easy,V2,OV_MH_01_easy|OV_MH_02_easy|OV_V1_01_easy|OV_V2_02_medium,OV_MH_03_medium|OV_MH_04_difficult|OV_MH_05_difficult|OV_V1_02_medium|OV_V1_03_difficult|OV_V2_03_difficult,OV_V2_01_easy,openvins_full_6d,ACI,none,0.01,0.99,9132,2070,0.978743961352657,0.011256038647343036,-1.8523916842041483,-0.8257589180604067,4.823727293672738,5.298416144677842,6.239540131267727,180.9967513666043,0.018687439613526865,0.01997463216641299,1
pooled_same_robot,pooled_same_robot:OV_V2_01_easy,V2,OV_MH_01_easy|OV_MH_02_easy|OV_V1_01_easy|OV_V2_02_medium,OV_MH_03_medium|OV_MH_04_difficult|OV_MH_05_difficult|OV_V1_02_medium|OV_V1_03_difficult|OV_V2_03_difficult,OV_V2_01_easy,openvins_full_6d,AgACI-EWA,exponential_weights,0.01,0.99,9132,2070,0.996135265700483,0.006135265700483061,-1.713589649213402,-0.7382150542615975,4.89451718543222,5.342188076577247,5.527399366042928,153.31486319235884,0.0195561545202538,0.009482496194825293,1
pooled_same_robot,pooled_same_robot:OV_V2_01_easy,V2,OV_MH_01_easy|OV_MH_02_easy|OV_V1_01_easy|OV_V2_02_medium,OV_MH_03_medium|OV_MH_04_difficult|OV_MH_05_difficult|OV_V1_02_medium|OV_V1_03_difficult|OV_V2_03_difficult,OV_V2_01_easy,openvins_full_6d,ACI,none,0.05,0.95,9132,2070,0.9173913043478261,0.032608695652173836,-2.485704929338759,-1.5527262896290628,4.592933916877166,4.934932458893514,11.017487177374097,175.52447594816886,0.037091062801932494,0.052308472856418015,1
pooled_same_robot,pooled_same_robot:OV_V2_01_easy,V2,OV_MH_01_easy|OV_MH_02_easy|OV_V1_01_easy|OV_V2_02_medium,OV_MH_03_medium|OV_MH_04_difficult|OV_MH_05_difficult|OV_V1_02_medium|OV_V1_03_difficult|OV_V2_03_difficult,OV_V2_01_easy,openvins_full_6d,AgACI-EWA,exponential_weights,0.05,0.95,9132,2070,0.9768115942028985,0.02681159420289858,-2.0746953288428553,-1.7661228605330097,4.831959752728604,4.82823417344154,7.7774913854451295,128.80688350707663,0.04525958967177201,0.042663622526636504,9
pooled_same_robot,pooled_same_robot:OV_V2_01_easy,V2,OV_MH_01_easy|OV_MH_02_easy|OV_V1_01_easy|OV_V2_02_medium,OV_MH_03_medium|OV_MH_04_difficult|OV_MH_05_difficult|OV_V1_02_medium|OV_V1_03_difficult|OV_V2_03_difficult,OV_V2_01_easy,openvins_full_6d,ACI,none,0.1,0.9,9132,2070,0.8521739130434782,0.047826086956521796,-2.655235268824269,-1.2474107995484893,4.5622916648531975,5.087590203933801,12.125014335493505,242.51529832486693,0.04810772946859909,0.07317605276509384,15
pooled_same_robot,pooled_same_robot:OV_V2_01_easy,V2,OV_MH_01_easy|OV_MH_02_easy|OV_V1_01_easy|OV_V2_02_medium,OV_MH_03_medium|OV_MH_04_difficult|OV_MH_05_difficult|OV_V1_02_medium|OV_V1_03_difficult|OV_V2_03_difficult,OV_V2_01_easy,openvins_full_6d,AgACI-EWA,exponential_weights,0.1,0.9,9132,2070,0.9347826086956522,0.034782608695652195,-2.2401519181794605,-1.9914693093997926,4.757104971433941,4.7155609490081485,8.782056777959882,139.2313551706828,0.06531342638878565,0.06684931506849341,13
pooled_same_robot,pooled_same_robot:OV_V2_01_easy,V2,OV_MH_01_easy|OV_MH_02_easy|OV_V1_01_easy|OV_V2_02_medium,OV_MH_03_medium|OV_MH_04_difficult|OV_MH_05_difficult|OV_V1_02_medium|OV_V1_03_difficult|OV_V2_03_difficult,OV_V2_01_easy,openvins_full_6d,ACI,none,0.2,0.8,9132,2070,0.7507246376811594,0.049275362318840665,-2.7441920825307804,-1.2715122542497306,4.522357339443613,5.075539476583179,11.67530266246671,280.287431971951,0.06941739130434792,0.08634703196347031,57
pooled_same_robot,pooled_same_robot:OV_V2_01_easy,V2,OV_MH_01_easy|OV_MH_02_easy|OV_V1_01_easy|OV_V2_02_medium,OV_MH_03_medium|OV_MH_04_difficult|OV_MH_05_difficult|OV_V1_02_medium|OV_V1_03_difficult|OV_V2_03_difficult,OV_V2_01_easy,openvins_full_6d,AgACI-EWA,exponential_weights,0.2,0.8,9132,2070,0.8342995169082126,0.034299516908212535,-2.3856393769564868,-2.107268875054367,4.674216559439585,4.657661166180862,9.065505157908566,150.6104653172157,0.07876371948898535,0.07466260781329292,15
pooled_same_robot,pooled_same_robot:OV_V2_01_easy,V2,OV_MH_01_easy|OV_MH_02_easy|OV_V1_01_easy|OV_V2_02_medium,OV_MH_03_medium|OV_MH_04_difficult|OV_MH_05_difficult|OV_V1_02_medium|OV_V1_03_difficult|OV_V2_03_difficult,OV_V2_01_easy,openvins_full_6d,ACI,none,0.4,0.6,9132,2070,0.5690821256038647,0.030917874396135248,-2.858353702769998,-1.8025818026936884,4.462573950632056,4.8100047023612005,9.920696997984361,265.4795972711956,0.10312367149758446,0.06844748858447489,111
pooled_same_robot,pooled_same_robot:OV_V2_01_easy,V2,OV_MH_01_easy|OV_MH_02_easy|OV_V1_01_easy|OV_V2_02_medium,OV_MH_03_medium|OV_MH_04_difficult|OV_MH_05_difficult|OV_V1_02_medium|OV_V1_03_difficult|OV_V2_03_difficult,OV_V2_01_easy,openvins_full_6d,AgACI-EWA,exponential_weights,0.4,0.6,9132,2070,0.6458937198067632,0.04589371980676327,-2.7833430645187747,-2.8577608256464653,4.522297870542732,4.282415190884812,10.446037870445457,95.24084778202858,0.09047700244983367,0.09774733637747351,42
pooled_same_robot,pooled_same_robot:OV_V2_01_easy,V2,OV_MH_01_easy|OV_MH_02_easy|OV_V1_01_easy|OV_V2_02_medium,OV_MH_03_medium|OV_MH_04_difficult|OV_MH_05_difficult|OV_V1_02_medium|OV_V1_03_difficult|OV_V2_03_difficult,OV_V2_01_easy,openvins_full_6d,ACI,none,0.5,0.5,9132,2070,0.4782608695652174,0.021739130434782594,-2.8951712446161437,-1.8590918651733375,4.428288382840093,4.781749671121377,8.65011228241338,272.23215049511276,0.11118599033816412,0.057026889903602274,134
pooled_same_robot,pooled_same_robot:OV_V2_01_easy,V2,OV_MH_01_easy|OV_MH_02_easy|OV_V1_01_easy|OV_V2_02_medium,OV_MH_03_medium|OV_MH_04_difficult|OV_MH_05_difficult|OV_V1_02_medium|OV_V1_03_difficult|OV_V2_03_difficult,OV_V2_01_easy,openvins_full_6d,AgACI-EWA,exponential_weights,0.5,0.5,9132,2070,0.5376811594202898,0.03768115942028982,-2.942550839891595,-3.125093080265796,4.487520346397319,4.148749063575147,10.19667110642909,70.04795361708912,0.09489176817275388,0.08996448503297827,56
pooled_same_robot,pooled_same_robot:OV_V2_01_easy,V2,OV_MH_01_easy|OV_MH_02_easy|OV_V1_01_easy|OV_V2_02_medium,OV_MH_03_medium|OV_MH_04_difficult|OV_MH_05_difficult|OV_V1_02_medium|OV_V1_03_difficult|OV_V2_03_difficult,OV_V2_01_easy,empirical_full_6d,ACI,none,0.01,0.99,9132,2070,1.0,0.010000000000000009,-8.561976431032198,-8.351434437724285,-1.1441259682385194,-1.0388549715845623,5229.005735400774,7.664707172750324,0.11344999999999944,0.010000000000000453,0
pooled_same_robot,pooled_same_robot:OV_V2_01_easy,V2,OV_MH_01_easy|OV_MH_02_easy|OV_V1_01_easy|OV_V2_02_medium,OV_MH_03_medium|OV_MH_04_difficult|OV_MH_05_difficult|OV_V1_02_medium|OV_V1_03_difficult|OV_V2_03_difficult,OV_V2_01_easy,empirical_full_6d,AgACI-EWA,exponential_weights,0.01,0.99,9132,2070,0.9985507246376811,0.00855072463768114,-11.13175802449774,-10.854996695608298,-2.4290167649712906,-2.2906361005265694,68207.35604552111,5.328417003337399,0.30357920546675904,0.010020294266870013,1
pooled_same_robot,pooled_same_robot:OV_V2_01_easy,V2,OV_MH_01_easy|OV_MH_02_easy|OV_V1_01_easy|OV_V2_02_medium,OV_MH_03_medium|OV_MH_04_difficult|OV_MH_05_difficult|OV_V1_02_medium|OV_V1_03_difficult|OV_V2_03_difficult,OV_V2_01_easy,empirical_full_6d,ACI,none,0.05,0.95,9132,2070,0.9628019323671497,0.012801932367149771,-11.883050826003135,-11.759660818469923,-2.8046631657239876,-2.7429681619573816,139405.6433953539,4.434153165712343,0.3571002415458882,0.049690512430238705,11
pooled_same_robot,pooled_same_robot:OV_V2_01_easy,V2,OV_MH_01_easy|OV_MH_02_easy|OV_V1_01_easy|OV_V2_02_medium,OV_MH_03_medium|OV_MH_04_difficult|OV_MH_05_difficult|OV_V1_02_medium|OV_V1_03_difficult|OV_V2_03_difficult,OV_V2_01_easy,empirical_full_6d,AgACI-EWA,exponential_weights,0.05,0.95,9132,2070,0.9705314009661836,0.020531400966183666,-13.144609392356156,-12.875796260213459,-3.4354424489004987,-3.30103588282915,496181.89928751875,3.6812395940819798,0.4548886121321476,0.025915778792491455,5
pooled_same_robot,pooled_same_robot:OV_V2_01_easy,V2,OV_MH_01_easy|OV_MH_02_easy|OV_V1_01_easy|OV_V2_02_medium,OV_MH_03_medium|OV_MH_04_difficult|OV_MH_05_difficult|OV_V1_02_medium|OV_V1_03_difficult|OV_V2_03_difficult,OV_V2_01_easy,empirical_full_6d,ACI,none,0.1,0.9,9132,2070,0.9106280193236715,0.010628019323671523,-13.244638807864296,-12.861065510190764,-3.4854571566545687,-3.2936705078178035,514534.56899150606,3.64160770176784,0.4471038647342998,0.07038559107052267,17
pooled_same_robot,pooled_same_robot:OV_V2_01_easy,V2,OV_MH_01_easy|OV_MH_02_easy|OV_V1_01_easy|OV_V2_02_medium,OV_MH_03_medium|OV_MH_04_difficult|OV_MH_05_difficult|OV_V1_02_medium|OV_V1_03_difficult|OV_V2_03_difficult,OV_V2_01_easy,empirical_full_6d,AgACI-EWA,exponential_weights,0.1,0.9,9132,2070,0.9217391304347826,0.021739130434782594,-13.243164821095279,-13.19155754409908,-3.48472016327006,-3.4589165247719595,520045.6040685973,3.4553461240154757,0.4817305574410532,0.030664637239979944,8
pooled_same_robot,pooled_same_robot:OV_V2_01_easy,V2,OV_MH_01_easy|OV_MH_02_easy|OV_V1_01_easy|OV_V2_02_medium,OV_MH_03_medium|OV_MH_04_difficult|OV_MH_05_difficult|OV_V1_02_medium|OV_V1_03_difficult|OV_V2_03_difficult,OV_V2_01_easy,empirical_full_6d,ACI,none,0.2,0.8,9132,2070,0.8057971014492754,0.005797101449275366,-13.52898516652885,-13.359509571313993,-3.6276303359868454,-3.542892538379417,605047.268182382,3.323063135447755,0.4918743961352659,0.09272450532724513,17
pooled_same_robot,pooled_same_robot:OV_V2_01_easy,V2,OV_MH_01_easy|OV_MH_02_easy|OV_V1_01_easy|OV_V2_02_medium,OV_MH_03_medium|OV_MH_04_difficult|OV_MH_05_difficult|OV_V1_02_medium|OV_V1_03_difficult|OV_V2_03_difficult,OV_V2_01_easy,empirical_full_6d,AgACI-EWA,exponential_weights,0.2,0.8,9132,2070,0.8830917874396135,0.08309178743961343,-13.411793676723716,-13.410103879197106,-3.5690345910842787,-3.5681896923209733,589757.9883408002,3.30885649239815,0.5001035055665268,0.08021816336884868,15
pooled_same_robot,pooled_same_robot:OV_V2_01_easy,V2,OV_MH_01_easy|OV_MH_02_easy|OV_V1_01_easy|OV_V2_02_medium,OV_MH_03_medium|OV_MH_04_difficult|OV_MH_05_difficult|OV_V1_02_medium|OV_V1_03_difficult|OV_V2_03_difficult,OV_V2_01_easy,empirical_full_6d,ACI,none,0.4,0.6,9132,2070,0.5961352657004831,0.0038647342995168366,-13.659040742790552,-13.615585059776725,-3.6926581241176963,-3.670930282610783,509789.4421881939,3.182008907673737,0.5170241545893721,0.10691019786910207,29
pooled_same_robot,pooled_same_robot:OV_V2_01_easy,V2,OV_MH_01_easy|OV_MH_02_easy|OV_V1_01_easy|OV_V2_02_medium,OV_MH_03_medium|OV_MH_04_difficult|OV_MH_05_difficult|OV_V1_02_medium|OV_V1_03_difficult|OV_V2_03_difficult,OV_V2_01_easy,empirical_full_6d,AgACI-EWA,exponential_weights,0.4,0.6,9132,2070,0.6647342995169082,0.06473429951690823,-13.61993565827234,-13.61892820191448,-3.6731055818585903,-3.6726018536796605,546652.0595862445,3.184372651018568,0.5183867212046478,0.09648401826484036,19
pooled_same_robot,pooled_same_robot:OV_V2_01_easy,V2,OV_MH_01_easy|OV_MH_02_easy|OV_V1_01_easy|OV_V2_02_medium,OV_MH_03_medium|OV_MH_04_difficult|OV_MH_05_difficult|OV_V1_02_medium|OV_V1_03_difficult|OV_V2_03_difficult,OV_V2_01_easy,empirical_full_6d,ACI,none,0.5,0.5,9132,2070,0.49130434782608695,0.008695652173913049,-13.718125970237606,-13.680808946445357,-3.7222007378412236,-3.7035422259450983,445714.7623152216,3.1504205684166373,0.5236304347826087,0.10967021816336892,48
pooled_same_robot,pooled_same_robot:OV_V2_01_easy,V2,OV_MH_01_easy|OV_MH_02_easy|OV_V1_01_easy|OV_V2_02_medium,OV_MH_03_medium|OV_MH_04_difficult|OV_MH_05_difficult|OV_V1_02_medium|OV_V1_03_difficult|OV_V2_03_difficult,OV_V2_01_easy,empirical_full_6d,AgACI-EWA,exponential_weights,0.5,0.5,9132,2070,0.5077294685990338,0.007729468599033784,-13.67752379434739,-13.67836969057785,-3.701899649896115,-3.7023225980113446,442288.33011644834,3.1531138927504583,0.5237785932413496,0.09237950279046175,40
pooled_same_robot,pooled_same_robot:OV_V2_02_medium,V2,OV_MH_01_easy|OV_MH_02_easy|OV_V1_01_easy|OV_V2_01_easy,OV_MH_03_medium|OV_MH_04_difficult|OV_MH_05_difficult|OV_V1_02_medium|OV_V1_03_difficult|OV_V2_03_difficult,OV_V2_02_medium,openvins_full_6d,ACI,none,0.01,0.99,9132,2249,0.9902178746109382,0.00021787461093825122,-3.0067450856488414,-2.8681681292855434,4.304371829660653,4.372243268214506,20.023664537082066,55.1135084505842,0.03218408181414056,0.013813953488372305,2
pooled_same_robot,pooled_same_robot:OV_V2_02_medium,V2,OV_MH_01_easy|OV_MH_02_easy|OV_V1_01_easy|OV_V2_01_easy,OV_MH_03_medium|OV_MH_04_difficult|OV_MH_05_difficult|OV_V1_02_medium|OV_V1_03_difficult|OV_V2_03_difficult,OV_V2_02_medium,openvins_full_6d,AgACI-EWA,exponential_weights,0.01,0.99,9132,2249,0.9991107158737217,0.009110715873721698,-3.1427289382237937,-2.9626356307708774,4.29363535415059,4.325009517471839,23.14639994374299,57.58827607972458,0.048029336292133594,0.009990697674419012,2
pooled_same_robot,pooled_same_robot:OV_V2_02_medium,V2,OV_MH_01_easy|OV_MH_02_easy|OV_V1_01_easy|OV_V2_01_easy,OV_MH_03_medium|OV_MH_04_difficult|OV_MH_05_difficult|OV_V1_02_medium|OV_V1_03_difficult|OV_V2_03_difficult,OV_V2_02_medium,openvins_full_6d,ACI,none,0.05,0.95,9132,2249,0.9479768786127167,0.002023121387283222,-4.276729949354358,-4.233145058445429,3.594252592783617,3.6897548036345635,68.25869209647358,43.68077115436754,0.08304424188528264,0.054316279069767624,11
pooled_same_robot,pooled_same_robot:OV_V2_02_medium,V2,OV_MH_01_easy|OV_MH_02_easy|OV_V1_01_easy|OV_V2_01_easy,OV_MH_03_medium|OV_MH_04_difficult|OV_MH_05_difficult|OV_V1_02_medium|OV_V1_03_difficult|OV_V2_03_difficult,OV_V2_02_medium,openvins_full_6d,AgACI-EWA,exponential_weights,0.05,0.95,9132,2249,0.9617607825700312,0.011760782570031214,-4.553367437265951,-4.477671827158969,3.4320864842776757,3.567491419277794,91.32073874508653,48.2372776742574,0.11426965300548521,0.04367441860465147,8
pooled_same_robot,pooled_same_robot:OV_V2_02_medium,V2,OV_MH_01_easy|OV_MH_02_easy|OV_V1_01_easy|OV_V2_01_easy,OV_MH_03_medium|OV_MH_04_difficult|OV_MH_05_difficult|OV_V1_02_medium|OV_V1_03_difficult|OV_V2_03_difficult,OV_V2_02_medium,openvins_full_6d,ACI,none,0.1,0.9,9132,2249,0.8950644730991552,0.0049355269008448666,-4.847240505188569,-4.736840135839342,3.2685257578165032,3.437907264937606,114.02081037330454,44.91412914664396,0.12108270342374401,0.08830232558139552,30
pooled_same_robot,pooled_same_robot:OV_V2_02_medium,V2,OV_MH_01_easy|OV_MH_02_easy|OV_V1_01_easy|OV_V2_01_easy,OV_MH_03_medium|OV_MH_04_difficult|OV_MH_05_difficult|OV_V1_02_medium|OV_V1_03_difficult|OV_V2_03_difficult,OV_V2_02_medium,openvins_full_6d,AgACI-EWA,exponential_weights,0.1,0.9,9132,2249,0.9088483770564696,0.00884837705646957,-5.251352420482977,-4.996634269623824,3.1551666556718327,3.3080101980453662,173.4302358796607,49.19808826672185,0.15148475710023807,0.05765116279069784,18
pooled_same_robot,pooled_same_robot:OV_V2_02_medium,V2,OV_MH_01_easy|OV_MH_02_easy|OV_V1_01_easy|OV_V2_01_easy,OV_MH_03_medium|OV_MH_04_difficult|OV_MH_05_difficult|OV_V1_02_medium|OV_V1_03_difficult|OV_V2_03_difficult,OV_V2_02_medium,openvins_full_6d,ACI,none,0.2,0.8,9132,2249,0.7905735882614495,0.009426411738550522,-5.550377392124648,-5.226309912266126,2.9852979475007864,3.1931723767242146,203.44198052353508,45.28265145261844,0.15823388172521144,0.11408372093023272,55
pooled_same_robot,pooled_same_robot:OV_V2_02_medium,V2,OV_MH_01_easy|OV_MH_02_easy|OV_V1_01_easy|OV_V2_01_easy,OV_MH_03_medium|OV_MH_04_difficult|OV_MH_05_difficult|OV_V1_02_medium|OV_V1_03_difficult|OV_V2_03_difficult,OV_V2_02_medium,openvins_full_6d,AgACI-EWA,exponential_weights,0.2,0.8,9132,2249,0.8141396176078257,0.014139617607825672,-5.611450165220674,-5.413270528833843,3.0466950470401315,3.0996920684403557,222.70026360403227,41.37871301809753,0.17783808653962818,0.08913488372093045,23
pooled_same_robot,pooled_same_robot:OV_V2_02_medium,V2,OV_MH_01_easy|OV_MH_02_easy|OV_V1_01_easy|OV_V2_01_easy,OV_MH_03_medium|OV_MH_04_difficult|OV_MH_05_difficult|OV_V1_02_medium|OV_V1_03_difficult|OV_V2_03_difficult,OV_V2_02_medium,openvins_full_6d,ACI,none,0.4,0.6,9132,2249,0.5838150289017341,0.016184971098265888,-6.088851734426882,-6.013861588878254,2.7634677089409703,2.7993965384181503,257.41270599157724,30.477474724037254,0.2102507781236104,0.13513023255813966,115
pooled_same_robot,pooled_same_robot:OV_V2_02_medium,V2,OV_MH_01_easy|OV_MH_02_easy|OV_V1_01_easy|OV_V2_01_easy,OV_MH_03_medium|OV_MH_04_difficult|OV_MH_05_difficult|OV_V1_02_medium|OV_V1_03_difficult|OV_V2_03_difficult,OV_V2_02_medium,openvins_full_6d,AgACI-EWA,exponential_weights,0.4,0.6,9132,2249,0.5971542907959093,0.002845709204090663,-5.789377613959996,-5.7190343240658565,2.9813281025494724,2.946810170824349,195.15573064384634,36.00244441166096,0.19448095082612646,0.06248837209302339,41
pooled_same_robot,pooled_same_robot:OV_V2_02_medium,V2,OV_MH_01_easy|OV_MH_02_easy|OV_V1_01_easy|OV_V2_01_easy,OV_MH_03_medium|OV_MH_04_difficult|OV_MH_05_difficult|OV_V1_02_medium|OV_V1_03_difficult|OV_V2_03_difficult,OV_V2_02_medium,openvins_full_6d,ACI,none,0.5,0.5,9132,2249,0.47932414406402846,0.020675855935971543,-6.204454971532499,-6.200646248675795,2.6881117911290033,2.7060042085193787,237.24106380353146,29.678169818325035,0.22393063583815007,0.13237209302325587,133
pooled_same_robot,pooled_same_robot:OV_V2_02_medium,V2,OV_MH_01_easy|OV_MH_02_easy|OV_V1_01_easy|OV_V2_01_easy,OV_MH_03_medium|OV_MH_04_difficult|OV_MH_05_difficult|OV_V1_02_medium|OV_V1_03_difficult|OV_V2_03_difficult,OV_V2_02_medium,openvins_full_6d,AgACI-EWA,exponential_weights,0.5,0.5,9132,2249,0.49710982658959535,0.0028901734104046506,-5.871839289945786,-5.856910018903704,2.9313095591256317,2.8778723234054255,176.4248473597355,35.109369556195475,0.2014114511085761,0.06180930232558147,67
pooled_same_robot,pooled_same_robot:OV_V2_02_medium,V2,OV_MH_01_easy|OV_MH_02_easy|OV_V1_01_easy|OV_V2_01_easy,OV_MH_03_medium|OV_MH_04_difficult|OV_MH_05_difficult|OV_V1_02_medium|OV_V1_03_difficult|OV_V2_03_difficult,OV_V2_02_medium,empirical_full_6d,ACI,none,0.01,0.99,9132,2249,1.0,0.010000000000000009,-8.31392610928213,-8.18466676831205,-1.1097596476897529,-1.0451299772047122,4080.301286010032,7.234574070782007,0.12239999999999879,0.010000000000000453,0
pooled_same_robot,pooled_same_robot:OV_V2_02_medium,V2,OV_MH_01_easy|OV_MH_02_easy|OV_V1_01_easy|OV_V2_01_easy,OV_MH_03_medium|OV_MH_04_difficult|OV_MH_05_difficult|OV_V1_02_medium|OV_V1_03_difficult|OV_V2_03_difficult,OV_V2_02_medium,empirical_full_6d,AgACI-EWA,exponential_weights,0.01,0.99,9132,2249,0.9968875055580257,0.006887505558025753,-14.024892257186185,-12.751664661478182,-3.96524272164178,-3.328628923787779,1229078.0689414316,3.8873695039642273,0.5032671409383476,0.011227906976744587,1
pooled_same_robot,pooled_same_robot:OV_V2_02_medium,V2,OV_MH_01_easy|OV_MH_02_easy|OV_V1_01_easy|OV_V2_01_easy,OV_MH_03_medium|OV_MH_04_difficult|OV_MH_05_difficult|OV_V1_02_medium|OV_V1_03_difficult|OV_V2_03_difficult,OV_V2_02_medium,empirical_full_6d,ACI,none,0.05,0.95,9132,2249,0.9751000444642063,0.025100044464206328,-13.679894569558627,-13.01330825880882,-3.7927438778280003,-3.4594507224530973,851435.7881941049,3.44188396151564,0.4954904401956224,0.06377674418604691,33
pooled_same_robot,pooled_same_robot:OV_V2_02_medium,V2,OV_MH_01_easy|OV_MH_02_easy|OV_V1_01_easy|OV_V2_01_easy,OV_MH_03_medium|OV_MH_04_difficult|OV_MH_05_difficult|OV_V1_02_medium|OV_V1_03_difficult|OV_V2_03_difficult,OV_V2_02_medium,empirical_full_6d,AgACI-EWA,exponential_weights,0.05,0.95,9132,2249,0.9577590040017786,0.007759004001778647,-16.0421330305376,-15.649723829464344,-4.973863108317486,-4.777658507780861,8876997.481099773,2.2153986322845642,0.7590064956169514,0.01993953488372116,2
pooled_same_robot,pooled_same_robot:OV_V2_02_medium,V2,OV_MH_01_easy|OV_MH_02_easy|OV_V1_01_easy|OV_V2_01_easy,OV_MH_03_medium|OV_MH_04_difficult|OV_MH_05_difficult|OV_V1_02_medium|OV_V1_03_difficult|OV_V2_03_difficult,OV_V2_02_medium,empirical_full_6d,ACI,none,0.1,0.9,9132,2249,0.9226322810137839,0.022632281013783895,-15.279000641255294,-15.014180157411879,-4.592296913676335,-4.459886671754628,3986706.948716787,2.4669346577700795,0.6863877278790578,0.09285581395348862,39
pooled_same_robot,pooled_same_robot:OV_V2_02_medium,V2,OV_MH_01_easy|OV_MH_02_easy|OV_V1_01_easy|OV_V2_01_easy,OV_MH_03_medium|OV_MH_04_difficult|OV_MH_05_difficult|OV_V1_02_medium|OV_V1_03_difficult|OV_V2_03_difficult,OV_V2_02_medium,empirical_full_6d,AgACI-EWA,exponential_weights,0.1,0.9,9132,2249,0.9190751445086706,0.01907514450867054,-16.441927670189393,-16.111171006545774,-5.173760428143385,-5.008382096321575,12705433.288232233,1.9892885443635369,0.7976392827082213,0.029162790697674676,3
pooled_same_robot,pooled_same_robot:OV_V2_02_medium,V2,OV_MH_01_easy|OV_MH_02_easy|OV_V1_01_easy|OV_V2_01_easy,OV_MH_03_medium|OV_MH_04_difficult|OV_MH_05_difficult|OV_V1_02_medium|OV_V1_03_difficult|OV_V2_03_difficult,OV_V2_02_medium,empirical_full_6d,ACI,none,0.2,0.8,9132,2249,0.8185860382392174,0.01858603823921734,-16.085366554863498,-16.037074976282685,-4.9954798704804375,-4.971334081190031,7922281.449681671,2.005207325496625,0.780174299688751,0.11303255813953501,45
pooled_same_robot,pooled_same_robot:OV_V2_02_medium,V2,OV_MH_01_easy|OV_MH_02_easy|OV_V1_01_easy|OV_V2_01_easy,OV_MH_03_medium|OV_MH_04_difficult|OV_MH_05_difficult|OV_V1_02_medium|OV_V1_03_difficult|OV_V2_03_difficult,OV_V2_02_medium,empirical_full_6d,AgACI-EWA,exponential_weights,0.2,0.8,9132,2249,0.8755002223210315,0.07550022232103148,-16.608189712172468,-16.412754853807517,-5.256891449134923,-5.159174019952448,14292276.42034108,1.8622575086822868,0.8194733502996765,0.07838604651162827,6
pooled_same_robot,pooled_same_robot:OV_V2_02_medium,V2,OV_MH_01_easy|OV_MH_02_easy|OV_V1_01_easy|OV_V2_01_easy,OV_MH_03_medium|OV_MH_04_difficult|OV_MH_05_difficult|OV_V1_02_medium|OV_V1_03_difficult|OV_V2_03_difficult,OV_V2_02_medium,empirical_full_6d,ACI,none,0.4,0.6,9132,2249,0.6096042685638061,0.00960426856380614,-16.57611096148993,-16.61423127177358,-5.240852073793654,-5.259912228935478,9637436.317915764,1.7901205140569465,0.8319004001778572,0.10596744186046521,60
pooled_same_robot,pooled_same_robot:OV_V2_02_medium,V2,OV_MH_01_easy|OV_MH_02_easy|OV_V1_01_easy|OV_V2_01_easy,OV_MH_03_medium|OV_MH_04_difficult|OV_MH_05_difficult|OV_V1_02_medium|OV_V1_03_difficult|OV_V2_03_difficult,OV_V2_02_medium,empirical_full_6d,AgACI-EWA,exponential_weights,0.4,0.6,9132,2249,0.6331702979101823,0.033170297910182334,-16.809017324557537,-16.72142546876596,-5.357305255327455,-5.313509327431668,12635254.797018837,1.7630871531118553,0.839442837526901,0.06625116279069783,33
pooled_same_robot,pooled_same_robot:OV_V2_02_medium,V2,OV_MH_01_easy|OV_MH_02_easy|OV_V1_01_easy|OV_V2_01_easy,OV_MH_03_medium|OV_MH_04_difficult|OV_MH_05_difficult|OV_V1_02_medium|OV_V1_03_difficult|OV_V2_03_difficult,OV_V2_02_medium,empirical_full_6d,ACI,none,0.5,0.5,9132,2249,0.5051133837261005,0.005113383726100484,-16.760380739744313,-16.761780451659817,-5.332986962920845,-5.333686818878595,9601293.50116424,1.741294328668113,0.845082258781681,0.09989302325581402,67
pooled_same_robot,pooled_same_robot:OV_V2_02_medium,V2,OV_MH_01_easy|OV_MH_02_easy|OV_V1_01_easy|OV_V2_01_easy,OV_MH_03_medium|OV_MH_04_difficult|OV_MH_05_difficult|OV_V1_02_medium|OV_V1_03_difficult|OV_V2_03_difficult,OV_V2_02_medium,empirical_full_6d,AgACI-EWA,exponential_weights,0.5,0.5,9132,2249,0.4957759004001779,0.004224099599822118,-16.903779435918104,-16.81197476289738,-5.4046863110077386,-5.358783974497378,10876860.14200781,1.733844260869398,0.8463675975509531,0.07427906976744188,49
pooled_same_robot,pooled_same_robot:OV_V2_03_difficult,V2,OV_MH_01_easy|OV_MH_02_easy|OV_V1_01_easy|OV_V2_01_easy,OV_MH_03_medium|OV_MH_04_difficult|OV_MH_05_difficult|OV_V1_02_medium|OV_V1_03_difficult|OV_V2_02_medium,OV_V2_03_difficult,openvins_full_6d,ACI,none,0.01,0.99,9132,1755,0.9886039886039886,0.0013960113960114207,-2.8185683114727915,-2.160378419235597,4.411099292605591,4.611939541303891,16.561932979390388,167.15946195746454,0.04581430199430312,0.017451690821256333,4
pooled_same_robot,pooled_same_robot:OV_V2_03_difficult,V2,OV_MH_01_easy|OV_MH_02_easy|OV_V1_01_easy|OV_V2_01_easy,OV_MH_03_medium|OV_MH_04_difficult|OV_MH_05_difficult|OV_V1_02_medium|OV_V1_03_difficult|OV_V2_02_medium,OV_V2_03_difficult,openvins_full_6d,AgACI-EWA,exponential_weights,0.01,0.99,9132,1755,0.9914529914529915,0.0014529914529914922,-3.0348569752599133,-2.6522904639607794,4.278128421616154,4.3659835189413,20.62024234786573,145.15496739071736,0.06792302839359762,0.015410628019324038,7
pooled_same_robot,pooled_same_robot:OV_V2_03_difficult,V2,OV_MH_01_easy|OV_MH_02_easy|OV_V1_01_easy|OV_V2_01_easy,OV_MH_03_medium|OV_MH_04_difficult|OV_MH_05_difficult|OV_V1_02_medium|OV_V1_03_difficult|OV_V2_02_medium,OV_V2_03_difficult,openvins_full_6d,ACI,none,0.05,0.95,9132,1755,0.9487179487179487,0.0012820512820512775,-4.313698713405554,-3.808431915128412,3.5655907529844075,3.787912793357483,70.88472598396743,111.57834927925404,0.1079874643874646,0.051908212560386656,9
pooled_same_robot,pooled_same_robot:OV_V2_03_difficult,V2,OV_MH_01_easy|OV_MH_02_easy|OV_V1_01_easy|OV_V2_01_easy,OV_MH_03_medium|OV_MH_04_difficult|OV_MH_05_difficult|OV_V1_02_medium|OV_V1_03_difficult|OV_V2_02_medium,OV_V2_03_difficult,openvins_full_6d,AgACI-EWA,exponential_weights,0.05,0.95,9132,1755,0.950997150997151,0.0009971509971510306,-4.694565382379913,-4.384976779616215,3.43002052342832,3.4996403611135816,103.99274843686766,72.38321991283016,0.15087142808221432,0.0328260869565219,17
pooled_same_robot,pooled_same_robot:OV_V2_03_difficult,V2,OV_MH_01_easy|OV_MH_02_easy|OV_V1_01_easy|OV_V2_01_easy,OV_MH_03_medium|OV_MH_04_difficult|OV_MH_05_difficult|OV_V1_02_medium|OV_V1_03_difficult|OV_V2_02_medium,OV_V2_03_difficult,openvins_full_6d,ACI,none,0.1,0.9,9132,1755,0.8968660968660969,0.0031339031339031598,-4.8087630298701,-4.393323543914375,3.3531749040015644,3.4954669789645014,109.9377529059804,115.65226711541226,0.14377321937321944,0.07413647342995183,26
pooled_same_robot,pooled_same_robot:OV_V2_03_difficult,V2,OV_MH_01_easy|OV_MH_02_easy|OV_V1_01_easy|OV_V2_01_easy,OV_MH_03_medium|OV_MH_04_difficult|OV_MH_05_difficult|OV_V1_02_medium|OV_V1_03_difficult|OV_V2_02_medium,OV_V2_03_difficult,openvins_full_6d,AgACI-EWA,exponential_weights,0.1,0.9,9132,1755,0.9014245014245015,0.0014245014245014564,-5.3446490385686936,-5.047933851572192,3.1703398740173636,3.1681618251355927,188.83432644752702,69.80137804944442,0.19629866674727373,0.04770531400966192,18
pooled_same_robot,pooled_same_robot:OV_V2_03_difficult,V2,OV_MH_01_easy|OV_MH_02_easy|OV_V1_01_easy|OV_V2_01_easy,OV_MH_03_medium|OV_MH_04_difficult|OV_MH_05_difficult|OV_V1_02_medium|OV_V1_03_difficult|OV_V2_02_medium,OV_V2_03_difficult,openvins_full_6d,ACI,none,0.2,0.8,9132,1755,0.7931623931623931,0.006837606837606924,-5.615790063857187,-5.180637553532961,3.0122498929534274,3.1018099741552088,217.90578028839656,134.09448426663977,0.20126267806267806,0.10669685990338172,33
pooled_same_robot,pooled_same_robot:OV_V2_03_difficult,V2,OV_MH_01_easy|OV_MH_02_easy|OV_V1_01_easy|OV_V2_01_easy,OV_MH_03_medium|OV_MH_04_difficult|OV_MH_05_difficult|OV_V1_02_medium|OV_V1_03_difficult|OV_V2_02_medium,OV_V2_03_difficult,openvins_full_6d,AgACI-EWA,exponential_weights,0.2,0.8,9132,1755,0.807977207977208,0.007977207977207912,-5.718874177032625,-5.605934158691481,2.997740745648402,2.8891616715759487,246.07903091609398,88.39277019566228,0.2369366102838785,0.06385265700483099,37
pooled_same_robot,pooled_same_robot:OV_V2_03_difficult,V2,OV_MH_01_easy|OV_MH_02_easy|OV_V1_01_easy|OV_V2_01_easy,OV_MH_03_medium|OV_MH_04_difficult|OV_MH_05_difficult|OV_V1_02_medium|OV_V1_03_difficult|OV_V2_02_medium,OV_V2_03_difficult,openvins_full_6d,ACI,none,0.4,0.6,9132,1755,0.5868945868945868,0.013105413105413133,-6.196586141426106,-6.061741504940436,2.7811876129193394,2.661257998451471,288.20616846375617,108.6141156115576,0.26868945868945865,0.1268297101449276,81
pooled_same_robot,pooled_same_robot:OV_V2_03_difficult,V2,OV_MH_01_easy|OV_MH_02_easy|OV_V1_01_easy|OV_V2_01_easy,OV_MH_03_medium|OV_MH_04_difficult|OV_MH_05_difficult|OV_V1_02_medium|OV_V1_03_difficult|OV_V2_02_medium,OV_V2_03_difficult,openvins_full_6d,AgACI-EWA,exponential_weights,0.4,0.6,9132,1755,0.6176638176638176,0.017663817663817638,-6.116781682488764,-6.46048564870095,2.761724578683218,2.4618859265712136,280.0507197105348,63.32889929390883,0.28687952638798153,0.058448067632850285,31
pooled_same_robot,pooled_same_robot:OV_V2_03_difficult,V2,OV_MH_01_easy|OV_MH_02_easy|OV_V1_01_easy|OV_V2_01_easy,OV_MH_03_medium|OV_MH_04_difficult|OV_MH_05_difficult|OV_V1_02_medium|OV_V1_03_difficult|OV_V2_02_medium,OV_V2_03_difficult,openvins_full_6d,ACI,none,0.5,0.5,9132,1755,0.4826210826210826,0.01737891737891739,-6.500736482210549,-6.4260342680456795,2.590818194256352,2.4791116168988494,321.24788128395454,107.31450775481537,0.2979116809116808,0.13028381642512082,92
pooled_same_robot,pooled_same_robot:OV_V2_03_difficult,V2,OV_MH_01_easy|OV_MH_02_easy|OV_V1_01_easy|OV_V2_01_easy,OV_MH_03_medium|OV_MH_04_difficult|OV_MH_05_difficult|OV_V1_02_medium|OV_V1_03_difficult|OV_V2_02_medium,OV_V2_03_difficult,openvins_full_6d,AgACI-EWA,exponential_weights,0.5,0.5,9132,1755,0.5225071225071225,0.0225071225071225,-6.298203265702998,-6.68542618648285,2.6746664770630986,2.3494156576802645,284.03191314002345,84.37345582110397,0.3054025780991793,0.06391908212560392,48
pooled_same_robot,pooled_same_robot:OV_V2_03_difficult,V2,OV_MH_01_easy|OV_MH_02_easy|OV_V1_01_easy|OV_V2_01_easy,OV_MH_03_medium|OV_MH_04_difficult|OV_MH_05_difficult|OV_V1_02_medium|OV_V1_03_difficult|OV_V2_02_medium,OV_V2_03_difficult,empirical_full_6d,ACI,none,0.01,0.99,9132,1755,1.0,0.010000000000000009,-7.836842331824636,-7.711036034430694,-0.8712177589610057,-0.8083146102640344,2532.1963605690025,7.772225581051999,0.09770000000000038,0.010000000000000451,0
pooled_same_robot,pooled_same_robot:OV_V2_03_difficult,V2,OV_MH_01_easy|OV_MH_02_easy|OV_V1_01_easy|OV_V2_01_easy,OV_MH_03_medium|OV_MH_04_difficult|OV_MH_05_difficult|OV_V1_02_medium|OV_V1_03_difficult|OV_V2_02_medium,OV_V2_03_difficult,empirical_full_6d,AgACI-EWA,exponential_weights,0.01,0.99,9132,1755,0.9943019943019943,0.004301994301994294,-11.30850771680634,-10.680705022329322,-2.6070504514518573,-2.2931491042133483,81047.72158514943,5.064966211984983,0.2852110999060472,0.009710144927536512,2
pooled_same_robot,pooled_same_robot:OV_V2_03_difficult,V2,OV_MH_01_easy|OV_MH_02_easy|OV_V1_01_easy|OV_V2_01_easy,OV_MH_03_medium|OV_MH_04_difficult|OV_MH_05_difficult|OV_V1_02_medium|OV_V1_03_difficult|OV_V2_02_medium,OV_V2_03_difficult,empirical_full_6d,ACI,none,0.05,0.95,9132,1755,0.9646723646723647,0.014672364672364768,-11.97175543426046,-11.545534515391868,-2.938674310178918,-2.725563850744622,152632.55040518448,4.224232743786585,0.32869943019943015,0.04704106280193254,14
pooled_same_robot,pooled_same_robot:OV_V2_03_difficult,V2,OV_MH_01_easy|OV_MH_02_easy|OV_V1_01_easy|OV_V2_01_easy,OV_MH_03_medium|OV_MH_04_difficult|OV_MH_05_difficult|OV_V1_02_medium|OV_V1_03_difficult|OV_V2_02_medium,OV_V2_03_difficult,empirical_full_6d,AgACI-EWA,exponential_weights,0.05,0.95,9132,1755,0.9584045584045584,0.008404558404558449,-13.254434377203586,-12.925286483046476,-3.5800137816504805,-3.4154398345719263,546860.5330192853,3.350273618013205,0.43386023995228185,0.021745169082125745,5
pooled_same_robot,pooled_same_robot:OV_V2_03_difficult,V2,OV_MH_01_easy|OV_MH_02_easy|OV_V1_01_easy|OV_V2_01_easy,OV_MH_03_medium|OV_MH_04_difficult|OV_MH_05_difficult|OV_V1_02_medium|OV_V1_03_difficult|OV_V2_02_medium,OV_V2_03_difficult,empirical_full_6d,ACI,none,0.1,0.9,9132,1755,0.9116809116809117,0.011680911680911676,-12.80225159536135,-12.557760669673232,-3.3539223907293625,-3.2316769278853035,330971.1093731502,3.5040771794711403,0.39830484330484356,0.07079710144927549,20
pooled_same_robot,pooled_same_robot:OV_V2_03_difficult,V2,OV_MH_01_easy|OV_MH_02_easy|OV_V1_01_easy|OV_V2_01_easy,OV_MH_03_medium|OV_MH_04_difficult|OV_MH_05_difficult|OV_V1_02_medium|OV_V1_03_difficult|OV_V2_02_medium,OV_V2_03_difficult,empirical_full_6d,AgACI-EWA,exponential_weights,0.1,0.9,9132,1755,0.90997150997151,0.009971509971509973,-13.733482649649961,-13.615736618890264,-3.819537917873668,-3.760664902493819,838307.8392641864,2.9770703842580226,0.49300219774186305,0.02836352657004846,6
pooled_same_robot,pooled_same_robot:OV_V2_03_difficult,V2,OV_MH_01_easy|OV_MH_02_easy|OV_V1_01_easy|OV_V2_01_easy,OV_MH_03_medium|OV_MH_04_difficult|OV_MH_05_difficult|OV_V1_02_medium|OV_V1_03_difficult|OV_V2_02_medium,OV_V2_03_difficult,empirical_full_6d,ACI,none,0.2,0.8,9132,1755,0.8074074074074075,0.007407407407407418,-13.655428994954837,-13.45434774058654,-3.7805110905261063,-3.6799704633419585,687971.0921064215,2.9950844386124733,0.46950997150997165,0.10984299516908225,33
pooled_same_robot,pooled_same_robot:OV_V2_03_difficult,V2,OV_MH_01_easy|OV_MH_02_easy|OV_V1_01_easy|OV_V2_01_easy,OV_MH_03_medium|OV_MH_04_difficult|OV_MH_05_difficult|OV_V1_02_medium|OV_V1_03_difficult|OV_V2_02_medium,OV_V2_03_difficult,empirical_full_6d,AgACI-EWA,exponential_weights,0.2,0.8,9132,1755,0.8182336182336183,0.018233618233618243,-14.193658016672474,-14.043938348046652,-4.049625601384925,-3.9747657670720136,1194275.914465334,2.7612604183516734,0.5297173491047382,0.034818840579710277,8
pooled_same_robot,pooled_same_robot:OV_V2_03_difficult,V2,OV_MH_01_easy|OV_MH_02_easy|OV_V1_01_easy|OV_V2_01_easy,OV_MH_03_medium|OV_MH_04_difficult|OV_MH_05_difficult|OV_V1_02_medium|OV_V1_03_difficult|OV_V2_02_medium,OV_V2_03_difficult,empirical_full_6d,ACI,none,0.4,0.6,9132,1755,0.5971509971509972,0.002849002849002802,-14.501755931460618,-14.307294617197861,-4.203674558778997,-4.106443901647618,1186087.5322855574,2.613361490772419,0.5504159544159546,0.1375060386473431,52
pooled_same_robot,pooled_same_robot:OV_V2_03_difficult,V2,OV_MH_01_easy|OV_MH_02_easy|OV_V1_01_easy|OV_V2_01_easy,OV_MH_03_medium|OV_MH_04_difficult|OV_MH_05_difficult|OV_V1_02_medium|OV_V1_03_difficult|OV_V2_02_medium,OV_V2_03_difficult,empirical_full_6d,AgACI-EWA,exponential_weights,0.4,0.6,9132,1755,0.629059829059829,0.029059829059829068,-14.417516432005266,-14.373647280035533,-4.161554809051321,-4.139620233066455,1148523.225007787,2.6101532105812155,0.5580105880771892,0.05169082125603879,24
pooled_same_robot,pooled_same_robot:OV_V2_03_difficult,V2,OV_MH_01_easy|OV_MH_02_easy|OV_V1_01_easy|OV_V2_01_easy,OV_MH_03_medium|OV_MH_04_difficult|OV_MH_05_difficult|OV_V1_02_medium|OV_V1_03_difficult|OV_V2_02_medium,OV_V2_03_difficult,empirical_full_6d,ACI,none,0.5,0.5,9132,1755,0.4928774928774929,0.007122507122507116,-14.82591719477934,-14.617387317434899,-4.365755190438358,-4.261490251766137,1353795.3358348238,2.4871444396836817,0.5810113960113961,0.14377415458937204,70
pooled_same_robot,pooled_same_robot:OV_V2_03_difficult,V2,OV_MH_01_easy|OV_MH_02_easy|OV_V1_01_easy|OV_V2_01_easy,OV_MH_03_medium|OV_MH_04_difficult|OV_MH_05_difficult|OV_V1_02_medium|OV_V1_03_difficult|OV_V2_02_medium,OV_V2_03_difficult,empirical_full_6d,AgACI-EWA,exponential_weights,0.5,0.5,9132,1755,0.5133903133903134,0.01339031339031338,-14.539146201559962,-14.490852809063508,-4.222369693828669,-4.198222997580442,1058567.6971681062,2.5598885910192797,0.568624401859897,0.05785628019323677,32
cross_environment,cross_environment:MH:OV_MH_01_easy,MH,OV_V1_01_easy|OV_V2_01_easy,OV_V1_02_medium|OV_V1_03_difficult|OV_V2_02_medium|OV_V2_03_difficult,OV_MH_01_easy,openvins_full_6d,ACI,none,0.01,0.99,6088,2669,1.0,0.010000000000000009,-2.6175399752930772,-2.3009226028531105,4.751542506757071,4.684502542432942,13.701974894017894,41.72500610363329,0.1433999999999971,0.010000000000000453,0
cross_environment,cross_environment:MH:OV_MH_01_easy,MH,OV_V1_01_easy|OV_V2_01_easy,OV_V1_02_medium|OV_V1_03_difficult|OV_V2_02_medium|OV_V2_03_difficult,OV_MH_01_easy,openvins_full_6d,AgACI-EWA,exponential_weights,0.01,0.99,6088,2669,1.0,0.010000000000000009,-4.017737171257426,-4.316444867988089,4.1573190566907865,3.676741409865454,55.575206261836016,31.596234526566683,0.3402550325130469,0.010000000000000453,0
cross_environment,cross_environment:MH:OV_MH_01_easy,MH,OV_V1_01_easy|OV_V2_01_easy,OV_V1_02_medium|OV_V1_03_difficult|OV_V2_02_medium|OV_V2_03_difficult,OV_MH_01_easy,openvins_full_6d,ACI,none,0.05,0.95,6088,2669,0.974896965155489,0.024896965155489004,-4.335008006429366,-4.902055498293624,3.8989748293133566,3.3839360947126864,74.4095665398057,27.980907142294342,0.3837440989134462,0.049836575875486705,11
cross_environment,cross_environment:MH:OV_MH_01_easy,MH,OV_V1_01_easy|OV_V2_01_easy,OV_V1_02_medium|OV_V1_03_difficult|OV_V2_02_medium|OV_V2_03_difficult,OV_MH_01_easy,openvins_full_6d,AgACI-EWA,exponential_weights,0.05,0.95,6088,2669,0.9782690146122143,0.028269014612214316,-5.429802843025559,-6.3021418422023965,3.1298927890966555,2.6838929227582997,223.1473381141726,22.897078609843636,0.5136585848505979,0.029264591439689173,1
cross_environment,cross_environment:MH:OV_MH_01_easy,MH,OV_V1_01_easy|OV_V2_01_easy,OV_V1_02_medium|OV_V1_03_difficult|OV_V2_02_medium|OV_V2_03_difficult,OV_MH_01_easy,openvins_full_6d,ACI,none,0.1,0.9,6088,2669,0.9250655676283253,0.025065567628325236,-4.811665466306469,-6.093428563977859,3.3825564938536505,2.788249561870568,113.7240393452203,23.604406222442194,0.4865402772574001,0.09009727626459164,28
cross_environment,cross_environment:MH:OV_MH_01_easy,MH,OV_V1_01_easy|OV_V2_01_easy,OV_V1_02_medium|OV_V1_03_difficult|OV_V2_02_medium|OV_V2_03_difficult,OV_MH_01_easy,openvins_full_6d,AgACI-EWA,exponential_weights,0.1,0.9,6088,2669,0.9595354065192956,0.059535406519295564,-5.754129133130569,-6.597862101417358,3.015894537400504,2.536032793150819,302.72447546434836,21.727229448118752,0.5379886904649808,0.0589571984435802,2
cross_environment,cross_environment:MH:OV_MH_01_easy,MH,OV_V1_01_easy|OV_V2_01_easy,OV_V1_02_medium|OV_V1_03_difficult|OV_V2_02_medium|OV_V2_03_difficult,OV_MH_01_easy,openvins_full_6d,ACI,none,0.2,0.8,6088,2669,0.8224053952791308,0.02240539527913077,-5.71070273984779,-6.707767124327675,2.9193586552891144,2.48108028169566,248.4349190220285,21.28103843348002,0.5455833645560138,0.09477431906614801,31
cross_environment,cross_environment:MH:OV_MH_01_easy,MH,OV_V1_01_easy|OV_V2_01_easy,OV_V1_02_medium|OV_V1_03_difficult|OV_V2_02_medium|OV_V2_03_difficult,OV_MH_01_easy,openvins_full_6d,AgACI-EWA,exponential_weights,0.2,0.8,6088,2669,0.8714874484825778,0.07148744848257771,-5.954398924690935,-6.866630950315741,2.9506855005022157,2.4016483687016272,335.9106185535758,20.835412394672836,0.5573938340688378,0.07029182879377467,4
cross_environment,cross_environment:MH:OV_MH_01_easy,MH,OV_V1_01_easy|OV_V2_01_easy,OV_V1_02_medium|OV_V1_03_difficult|OV_V2_02_medium|OV_V2_03_difficult,OV_MH_01_easy,openvins_full_6d,ACI,none,0.4,0.6,6088,2669,0.6148370176095916,0.014837017609591663,-6.097925235653037,-7.063597290836572,2.8645961538147873,2.3031651984412123,273.5616963805579,20.162066763571204,0.5734072686399402,0.08767315175097287,40
cross_environment,cross_environment:MH:OV_MH_01_easy,MH,OV_V1_01_easy|OV_V2_01_easy,OV_V1_02_medium|OV_V1_03_difficult|OV_V2_02_medium|OV_V2_03_difficult,OV_MH_01_easy,openvins_full_6d,AgACI-EWA,exponential_weights,0.4,0.6,6088,2669,0.6575496440614462,0.05754964406144625,-6.1066677287276185,-7.096199386491274,2.8702782540064105,2.2868641506138614,295.13495172888963,20.122105736276556,0.5744636330219725,0.07033852140077843,26
cross_environment,cross_environment:MH:OV_MH_01_easy,MH,OV_V1_01_easy|OV_V2_01_easy,OV_V1_02_medium|OV_V1_03_difficult|OV_V2_02_medium|OV_V2_03_difficult,OV_MH_01_easy,openvins_full_6d,ACI,none,0.5,0.5,6088,2669,0.511052828774822,0.011052828774822054,-6.176962660065218,-7.1821440922192235,2.8527321097760714,2.2438917977498867,246.08582299763182,19.844045594009007,0.5810490820532035,0.087887159533074,48
cross_environment,cross_environment:MH:OV_MH_01_easy,MH,OV_V1_01_easy|OV_V2_01_easy,OV_V1_02_medium|OV_V1_03_difficult|OV_V2_02_medium|OV_V2_03_difficult,OV_MH_01_easy,openvins_full_6d,AgACI-EWA,exponential_weights,0.5,0.5,6088,2669,0.5099288122892469,0.009928812289246913,-6.14439871556441,-7.160946518707662,2.8482819490425193,2.254490584505667,237.6774657878261,19.927493187355463,0.5789548453051062,0.07175875486381326,32
cross_environment,cross_environment:MH:OV_MH_01_easy,MH,OV_V1_01_easy|OV_V2_01_easy,OV_V1_02_medium|OV_V1_03_difficult|OV_V2_02_medium|OV_V2_03_difficult,OV_MH_01_easy,empirical_full_6d,ACI,none,0.01,0.99,6088,2669,0.9936305732484076,0.0036305732484076536,-11.859231582929377,-11.669982666269899,-2.642493726377271,-2.547869268047532,140483.00292718946,5.233934724293298,0.1121635818658654,0.014046692607004248,3
cross_environment,cross_environment:MH:OV_MH_01_easy,MH,OV_V1_01_easy|OV_V2_01_easy,OV_V1_02_medium|OV_V1_03_difficult|OV_V2_02_medium|OV_V2_03_difficult,OV_MH_01_easy,empirical_full_6d,AgACI-EWA,exponential_weights,0.01,0.99,6088,2669,0.9996253278381416,0.009625327838141629,-12.320067746089538,-12.072228154798797,-2.872911807957352,-2.748992012311981,224065.34425498117,4.929576205953293,0.18878761576192687,0.009610894941634694,1
cross_environment,cross_environment:MH:OV_MH_01_easy,MH,OV_V1_01_easy|OV_V2_01_easy,OV_V1_02_medium|OV_V1_03_difficult|OV_V2_02_medium|OV_V2_03_difficult,OV_MH_01_easy,empirical_full_6d,ACI,none,0.05,0.95,6088,2669,0.95391532409142,0.003915324091420036,-12.758912773850486,-12.65217166770172,-3.092334321837826,-3.038963768763443,331615.8181349943,4.455366396402794,0.24738216560509482,0.06014007782101187,23
cross_environment,cross_environment:MH:OV_MH_01_easy,MH,OV_V1_01_easy|OV_V2_01_easy,OV_V1_02_medium|OV_V1_03_difficult|OV_V2_02_medium|OV_V2_03_difficult,OV_MH_01_easy,empirical_full_6d,AgACI-EWA,exponential_weights,0.05,0.95,6088,2669,0.9741476208317722,0.024147620831772243,-13.582903526475516,-13.308384041534687,-3.5043296981503405,-3.367069955679927,771977.8223594194,4.038629966027311,0.3733594293406278,0.030357976653696828,3
cross_environment,cross_environment:MH:OV_MH_01_easy,MH,OV_V1_01_easy|OV_V2_01_easy,OV_V1_02_medium|OV_V1_03_difficult|OV_V2_02_medium|OV_V2_03_difficult,OV_MH_01_easy,empirical_full_6d,ACI,none,0.1,0.9,6088,2669,0.9022105657549644,0.0022105657549643665,-13.288139382602557,-13.11498781365201,-3.356947626213861,-3.270371841738587,532443.4850792104,4.134752782321936,0.32821506182090693,0.08055252918287945,27
cross_environment,cross_environment:MH:OV_MH_01_easy,MH,OV_V1_01_easy|OV_V2_01_easy,OV_V1_02_medium|OV_V1_03_difficult|OV_V2_02_medium|OV_V2_03_difficult,OV_MH_01_easy,empirical_full_6d,AgACI-EWA,exponential_weights,0.1,0.9,6088,2669,0.9363057324840764,0.036305732484076425,-13.788620688696444,-13.651968670785923,-3.6071882792608037,-3.5388622703055432,911464.0848968003,3.8220761371060874,0.42589444500223045,0.04640466926070061,9
cross_environment,cross_environment:MH:OV_MH_01_easy,MH,OV_V1_01_easy|OV_V2_01_easy,OV_V1_02_medium|OV_V1_03_difficult|OV_V2_02_medium|OV_V2_03_difficult,OV_MH_01_easy,empirical_full_6d,ACI,none,0.2,0.8,6088,2669,0.7991757212439116,0.0008242787560884812,-13.679543371883959,-13.51480629335356,-3.552649620854562,-3.4702810815893637,697577.5302291022,3.8801762204975354,0.3975841139003374,0.10590661478599228,39
cross_environment,cross_environment:MH:OV_MH_01_easy,MH,OV_V1_01_easy|OV_V2_01_easy,OV_V1_02_medium|OV_V1_03_difficult|OV_V2_02_medium|OV_V2_03_difficult,OV_MH_01_easy,empirical_full_6d,AgACI-EWA,exponential_weights,0.2,0.8,6088,2669,0.8726114649681529,0.07261146496815285,-13.899147950855022,-13.830687872802436,-3.662451910340094,-3.6282218713138006,948733.3625270466,3.7108514614902055,0.45319695531453563,0.08148249027237386,16
cross_environment,cross_environment:MH:OV_MH_01_easy,MH,OV_V1_01_easy|OV_V2_01_easy,OV_V1_02_medium|OV_V1_03_difficult|OV_V2_02_medium|OV_V2_03_difficult,OV_MH_01_easy,empirical_full_6d,ACI,none,0.4,0.6,6088,2669,0.5919820157362308,0.008017984263769207,-13.950691281084337,-13.842315925728887,-3.688223575454751,-3.6340358977770264,677667.6518310268,3.684249030633267,0.45463244660921703,0.12256420233463045,58
cross_environment,cross_environment:MH:OV_MH_01_easy,MH,OV_V1_01_easy|OV_V2_01_easy,OV_V1_02_medium|OV_V1_03_difficult|OV_V2_02_medium|OV_V2_03_difficult,OV_MH_01_easy,empirical_full_6d,AgACI-EWA,exponential_weights,0.4,0.6,6088,2669,0.6223304608467591,0.02233046084675916,-13.997362363521475,-13.96760552817858,-3.71155911667332,-3.696680699001874,746445.8267952157,3.6296313795571518,0.47489181465472363,0.07246303501945538,32
cross_environment,cross_environment:MH:OV_MH_01_easy,MH,OV_V1_01_easy|OV_V2_01_easy,OV_V1_02_medium|OV_V1_03_difficult|OV_V2_02_medium|OV_V2_03_difficult,OV_MH_01_easy,empirical_full_6d,ACI,none,0.5,0.5,6088,2669,0.48819782690146124,0.01180217309853876,-14.056802710297312,-13.973487825922284,-3.7412792900612386,-3.6996218478737246,621423.527939773,3.608084165940963,0.47634319970026223,0.12637743190661485,70
cross_environment,cross_environment:MH:OV_MH_01_easy,MH,OV_V1_01_easy|OV_V2_01_easy,OV_V1_02_medium|OV_V1_03_difficult|OV_V2_02_medium|OV_V2_03_difficult,OV_MH_01_easy,empirical_full_6d,AgACI-EWA,exponential_weights,0.5,0.5,6088,2669,0.4900711877107531,0.009928812289246913,-14.033140804996206,-14.012936125202817,-3.7294483374106857,-3.719345997513992,609220.8883674855,3.602405147468954,0.4822333423566999,0.06530350194552532,68
cross_environment,cross_environment:MH:OV_MH_02_easy,MH,OV_V1_01_easy|OV_V2_01_easy,OV_V1_02_medium|OV_V1_03_difficult|OV_V2_02_medium|OV_V2_03_difficult,OV_MH_02_easy,openvins_full_6d,ACI,none,0.01,0.99,6088,2212,1.0,0.010000000000000009,-1.48539458353501,-1.4961322751236215,4.982219061243534,4.9488554883006195,4.416707829179903,43.58763191184496,0.12054999999999894,0.010000000000000453,0
cross_environment,cross_environment:MH:OV_MH_02_easy,MH,OV_V1_01_easy|OV_V2_01_easy,OV_V1_02_medium|OV_V1_03_difficult|OV_V2_02_medium|OV_V2_03_difficult,OV_MH_02_easy,openvins_full_6d,AgACI-EWA,exponential_weights,0.01,0.99,6088,2212,0.9990958408679927,0.009095840867992755,-5.100571370572004,-4.063954045987133,3.589770876670456,3.664944602868864,163.9672647047567,30.238255036372344,0.3931995390412617,0.009522006625651187,1
cross_environment,cross_environment:MH:OV_MH_02_easy,MH,OV_V1_01_easy|OV_V2_01_easy,OV_V1_02_medium|OV_V1_03_difficult|OV_V2_02_medium|OV_V2_03_difficult,OV_MH_02_easy,openvins_full_6d,ACI,none,0.05,0.95,6088,2212,0.9792043399638336,0.029204339963833648,-5.27048102545481,-4.680711534098169,3.4959699067171477,3.356565858813346,190.46455044994596,26.43869029464076,0.4376686256781068,0.05384761003312861,10
cross_environment,cross_environment:MH:OV_MH_02_easy,MH,OV_V1_01_easy|OV_V2_01_easy,OV_V1_02_medium|OV_V1_03_difficult|OV_V2_02_medium|OV_V2_03_difficult,OV_MH_02_easy,openvins_full_6d,AgACI-EWA,exponential_weights,0.05,0.95,6088,2212,0.9584086799276673,0.008408679927667362,-6.3460719907635905,-7.214047296114714,2.740350572146088,2.0898979778050735,546.5309809634774,18.86677079884164,0.6207411593521489,0.018755324183625407,1
cross_environment,cross_environment:MH:OV_MH_02_easy,MH,OV_V1_01_easy|OV_V2_01_easy,OV_V1_02_medium|OV_V1_03_difficult|OV_V2_02_medium|OV_V2_03_difficult,OV_MH_02_easy,openvins_full_6d,ACI,none,0.1,0.9,6088,2212,0.9272151898734177,0.027215189873417645,-6.1197129655327025,-5.9913193704820324,3.017517489194107,2.7012619406214147,421.6364125233114,21.356259704827735,0.550192585895118,0.07320397539044035,13
cross_environment,cross_environment:MH:OV_MH_02_easy,MH,OV_V1_01_easy|OV_V2_01_easy,OV_V1_02_medium|OV_V1_03_difficult|OV_V2_02_medium|OV_V2_03_difficult,OV_MH_02_easy,openvins_full_6d,AgACI-EWA,exponential_weights,0.1,0.9,6088,2212,0.916365280289331,0.01636528028933093,-6.548411697085916,-7.8705335131262855,2.6229137297664797,1.7616548692992882,639.7461652577362,17.05218425114009,0.6595815631814934,0.023516327496450794,2
cross_environment,cross_environment:MH:OV_MH_02_easy,MH,OV_V1_01_easy|OV_V2_01_easy,OV_V1_02_medium|OV_V1_03_difficult|OV_V2_02_medium|OV_V2_03_difficult,OV_MH_02_easy,openvins_full_6d,ACI,none,0.2,0.8,6088,2212,0.8227848101265823,0.02278481012658229,-6.608784943513893,-7.650537181301775,2.4982207040953757,1.8716530352115428,610.1619177886882,17.2648587166629,0.6484683544303801,0.09379081874112648,18
cross_environment,cross_environment:MH:OV_MH_02_easy,MH,OV_V1_01_easy|OV_V2_01_easy,OV_V1_02_medium|OV_V1_03_difficult|OV_V2_02_medium|OV_V2_03_difficult,OV_MH_02_easy,openvins_full_6d,AgACI-EWA,exponential_weights,0.2,0.8,6088,2212,0.8693490054249547,0.0693490054249547,-6.807639288066177,-8.319674068377278,2.484173065001236,1.5370845916737919,786.5282740147761,15.854918507982815,0.6860113223737945,0.07068149550402306,2
cross_environment,cross_environment:MH:OV_MH_02_easy,MH,OV_V1_01_easy|OV_V2_01_easy,OV_V1_02_medium|OV_V1_03_difficult|OV_V2_02_medium|OV_V2_03_difficult,OV_MH_02_easy,openvins_full_6d,ACI,none,0.4,0.6,6088,2212,0.6139240506329114,0.013924050632911467,-7.043369692426495,-8.663185704986455,2.2809189534742087,1.365328773369202,703.0905143294073,15.198225412504014,0.6997622061482824,0.07827733080927601,24
cross_environment,cross_environment:MH:OV_MH_02_easy,MH,OV_V1_01_easy|OV_V2_01_easy,OV_V1_02_medium|OV_V1_03_difficult|OV_V2_02_medium|OV_V2_03_difficult,OV_MH_02_easy,openvins_full_6d,AgACI-EWA,exponential_weights,0.4,0.6,6088,2212,0.6369801084990958,0.03698010849909583,-7.0848635655314105,-8.786192710417483,2.282523840154459,1.3038252706536888,760.401600015282,14.944838349964694,0.7065780082788826,0.051249408424041805,14
cross_environment,cross_environment:MH:OV_MH_02_easy,MH,OV_V1_01_easy|OV_V2_01_easy,OV_V1_02_medium|OV_V1_03_difficult|OV_V2_02_medium|OV_V2_03_difficult,OV_MH_02_easy,openvins_full_6d,ACI,none,0.5,0.5,6088,2212,0.509493670886076,0.009493670886076,-7.144925406488044,-8.81140702293131,2.2442593407433176,1.2912181143967763,645.8630974590118,14.861682354529178,0.7079792043399641,0.07149550402271657,28
cross_environment,cross_environment:MH:OV_MH_02_easy,MH,OV_V1_01_easy|OV_V2_01_easy,OV_V1_02_medium|OV_V1_03_difficult|OV_V2_02_medium|OV_V2_03_difficult,OV_MH_02_easy,openvins_full_6d,AgACI-EWA,exponential_weights,0.5,0.5,6088,2212,0.4868896925858951,0.013110307414104905,-7.224033103872463,-8.942756265956104,2.253159211222866,1.2255434928843785,668.0181998077112,14.691371733361438,0.7118647170517026,0.06244675816374826,35
cross_environment,cross_environment:MH:OV_MH_02_easy,MH,OV_V1_01_easy|OV_V2_01_easy,OV_V1_02_medium|OV_V1_03_difficult|OV_V2_02_medium|OV_V2_03_difficult,OV_MH_02_easy,empirical_full_6d,ACI,none,0.01,0.99,6088,2212,0.9380650994575045,0.0519349005424955,-10.16552829157908,-9.92232364664682,-1.7956420807021223,-1.6740397582359932,24381.803176527937,7.032089259411023,0.024191591320072633,0.06545669663984875,113
cross_environment,cross_environment:MH:OV_MH_02_easy,MH,OV_V1_01_easy|OV_V2_01_easy,OV_V1_02_medium|OV_V1_03_difficult|OV_V2_02_medium|OV_V2_03_difficult,OV_MH_02_easy,empirical_full_6d,AgACI-EWA,exponential_weights,0.01,0.99,6088,2212,0.9471066907775768,0.04289330922242318,-10.244232587941669,-10.080107337362096,-1.8349942288834171,-1.7529316035936309,26632.540059846415,6.877559255547504,0.03878163309117392,0.06285849503076234,116
cross_environment,cross_environment:MH:OV_MH_02_easy,MH,OV_V1_01_easy|OV_V2_01_easy,OV_V1_02_medium|OV_V1_03_difficult|OV_V2_02_medium|OV_V2_03_difficult,OV_MH_02_easy,empirical_full_6d,ACI,none,0.05,0.95,6088,2212,0.8924050632911392,0.05759493670886073,-11.035816921823569,-10.672706017064641,-2.230786395824367,-2.0492309434449036,55380.4420698353,6.281933829693362,0.06279724231464758,0.09695693327023197,113
cross_environment,cross_environment:MH:OV_MH_02_easy,MH,OV_V1_01_easy|OV_V2_01_easy,OV_V1_02_medium|OV_V1_03_difficult|OV_V2_02_medium|OV_V2_03_difficult,OV_MH_02_easy,empirical_full_6d,AgACI-EWA,exponential_weights,0.05,0.95,6088,2212,0.9267631103074141,0.02323688969258586,-11.275938368561103,-10.930187268913194,-2.350847119193134,-2.1779715693691797,73121.74553586628,6.069440429977932,0.09514001477087079,0.09133459536204487,118
cross_environment,cross_environment:MH:OV_MH_02_easy,MH,OV_V1_01_easy|OV_V2_01_easy,OV_V1_02_medium|OV_V1_03_difficult|OV_V2_02_medium|OV_V2_03_difficult,OV_MH_02_easy,empirical_full_6d,ACI,none,0.1,0.9,6088,2212,0.8404159132007233,0.059584086799276736,-11.383435319117597,-11.007218651041185,-2.404595594471381,-2.2164872604331745,73834.17240945708,5.985197839823542,0.09217947558770356,0.12452910553715105,114
cross_environment,cross_environment:MH:OV_MH_02_easy,MH,OV_V1_01_easy|OV_V2_01_easy,OV_V1_02_medium|OV_V1_03_difficult|OV_V2_02_medium|OV_V2_03_difficult,OV_MH_02_easy,empirical_full_6d,AgACI-EWA,exponential_weights,0.1,0.9,6088,2212,0.8634719710669078,0.03652802893309226,-11.516348856485141,-11.272598894802437,-2.4710523631551533,-2.3491773823138016,86643.30392419765,5.802140597306156,0.1413955769435263,0.11462375769048762,117
cross_environment,cross_environment:MH:OV_MH_02_easy,MH,OV_V1_01_easy|OV_V2_01_easy,OV_V1_02_medium|OV_V1_03_difficult|OV_V2_02_medium|OV_V2_03_difficult,OV_MH_02_easy,empirical_full_6d,ACI,none,0.2,0.8,6088,2212,0.7418625678119349,0.05813743218806511,-11.691716131778227,-11.387323699635724,-2.558736000801696,-2.406539784730445,88709.73020770388,5.675437151672344,0.14187341772151918,0.1709701845716991,114
cross_environment,cross_environment:MH:OV_MH_02_easy,MH,OV_V1_01_easy|OV_V2_01_easy,OV_V1_02_medium|OV_V1_03_difficult|OV_V2_02_medium|OV_V2_03_difficult,OV_MH_02_easy,empirical_full_6d,AgACI-EWA,exponential_weights,0.2,0.8,6088,2212,0.7567811934900542,0.043218806509945806,-11.710089323606422,-11.642521616120439,-2.5679225967157935,-2.5341387429728024,92171.68073766194,5.541507656592941,0.1970487640399076,0.14230951254141042,117
cross_environment,cross_environment:MH:OV_MH_02_easy,MH,OV_V1_01_easy|OV_V2_01_easy,OV_V1_02_medium|OV_V1_03_difficult|OV_V2_02_medium|OV_V2_03_difficult,OV_MH_02_easy,empirical_full_6d,ACI,none,0.4,0.6,6088,2212,0.5515370705244123,0.048462929475587724,-12.240256867590002,-11.909006672909365,-2.8330063687075837,-2.6673812713672658,114143.37843241927,5.270444086803456,0.21467359855334547,0.22498816848083306,143
cross_environment,cross_environment:MH:OV_MH_02_easy,MH,OV_V1_01_easy|OV_V2_01_easy,OV_V1_02_medium|OV_V1_03_difficult|OV_V2_02_medium|OV_V2_03_difficult,OV_MH_02_easy,empirical_full_6d,AgACI-EWA,exponential_weights,0.4,0.6,6088,2212,0.5650994575045208,0.03490054249547914,-11.836752867127334,-11.955081631567813,-2.6312543684762493,-2.690418750696489,78119.83983782463,5.31902654319698,0.2360053400158444,0.12022716516800763,121
cross_environment,cross_environment:MH:OV_MH_02_easy,MH,OV_V1_01_easy|OV_V2_01_easy,OV_V1_02_medium|OV_V1_03_difficult|OV_V2_02_medium|OV_V2_03_difficult,OV_MH_02_easy,empirical_full_6d,ACI,none,0.5,0.5,6088,2212,0.4566003616636528,0.04339963833634719,-12.535518561948738,-12.196821672520738,-2.9806372158869516,-2.8112887711729506,126952.94806827158,5.05645591930898,0.25424728752260406,0.24547562707051598,166
cross_environment,cross_environment:MH:OV_MH_02_easy,MH,OV_V1_01_easy|OV_V2_01_easy,OV_V1_02_medium|OV_V1_03_difficult|OV_V2_02_medium|OV_V2_03_difficult,OV_MH_02_easy,empirical_full_6d,AgACI-EWA,exponential_weights,0.5,0.5,6088,2212,0.4706148282097649,0.029385171790235087,-11.974678219427092,-12.04226424128509,-2.700217044626129,-2.734010055555129,74679.65107675026,5.245580403906764,0.2451970663670719,0.10888310459062948,114
cross_environment,cross_environment:MH:OV_MH_03_medium,MH,OV_V1_01_easy|OV_V2_01_easy,OV_V1_02_medium|OV_V1_03_difficult|OV_V2_02_medium|OV_V2_03_difficult,OV_MH_03_medium,openvins_full_6d,ACI,none,0.01,0.99,6088,2245,0.999554565701559,0.009554565701558992,-2.733279418702555,-2.4672253193352924,4.615705518693275,4.595912614823537,15.376400287708826,43.73800816210104,0.11820890868596763,0.009534016775396538,1
cross_environment,cross_environment:MH:OV_MH_03_medium,MH,OV_V1_01_easy|OV_V2_01_easy,OV_V1_02_medium|OV_V1_03_difficult|OV_V2_02_medium|OV_V2_03_difficult,OV_MH_03_medium,openvins_full_6d,AgACI-EWA,exponential_weights,0.01,0.99,6088,2245,0.9991091314031181,0.009109131403118087,-7.169941316477974,-5.779147917023995,2.6902060661651017,2.9399513159791857,1298.6104027982947,27.737788001230662,0.45024667688565595,0.009212488350419837,1
cross_environment,cross_environment:MH:OV_MH_03_medium,MH,OV_V1_01_easy|OV_V2_01_easy,OV_V1_02_medium|OV_V1_03_difficult|OV_V2_02_medium|OV_V2_03_difficult,OV_MH_03_medium,openvins_full_6d,ACI,none,0.05,0.95,6088,2245,0.976837416481069,0.026837416481069076,-7.655452226957159,-6.613447680646715,2.3326091053358997,2.5228014341678264,2063.20767642131,23.443517440341626,0.5004476614699124,0.04472041006523795,3
cross_environment,cross_environment:MH:OV_MH_03_medium,MH,OV_V1_01_easy|OV_V2_01_easy,OV_V1_02_medium|OV_V1_03_difficult|OV_V2_02_medium|OV_V2_03_difficult,OV_MH_03_medium,openvins_full_6d,AgACI-EWA,exponential_weights,0.05,0.95,6088,2245,0.9639198218262807,0.01391982182628071,-9.146621040339255,-9.088326419392706,1.3513358426568036,1.2853620647948307,9044.154171952952,15.837554267160954,0.6771896723687622,0.017753960857409493,2
cross_environment,cross_environment:MH:OV_MH_03_medium,MH,OV_V1_01_easy|OV_V2_01_easy,OV_V1_02_medium|OV_V1_03_difficult|OV_V2_02_medium|OV_V2_03_difficult,OV_MH_03_medium,openvins_full_6d,ACI,none,0.1,0.9,6088,2245,0.9256124721603564,0.025612472160356337,-9.038872258651107,-8.323085651684341,1.4482263094858912,1.6679824486490136,7797.6105822153295,17.552839222380378,0.6260133630289537,0.06610904007455748,4
cross_environment,cross_environment:MH:OV_MH_03_medium,MH,OV_V1_01_easy|OV_V2_01_easy,OV_V1_02_medium|OV_V1_03_difficult|OV_V2_02_medium|OV_V2_03_difficult,OV_MH_03_medium,openvins_full_6d,AgACI-EWA,exponential_weights,0.1,0.9,6088,2245,0.911804008908686,0.011804008908685937,-9.475766153433451,-9.798583031407702,1.1526585948918626,0.9302337587873324,11889.79726811538,13.940047084720144,0.7187490055387294,0.018508853681267673,2
cross_environment,cross_environment:MH:OV_MH_03_medium,MH,OV_V1_01_easy|OV_V2_01_easy,OV_V1_02_medium|OV_V1_03_difficult|OV_V2_02_medium|OV_V2_03_difficult,OV_MH_03_medium,openvins_full_6d,ACI,none,0.2,0.8,6088,2245,0.821826280623608,0.02182628062360792,-9.558056666356933,-9.611219568418107,1.1427838250077063,1.02391549028213,11635.667250532593,14.109843722103747,0.7048507795100226,0.07404007455731602,14
cross_environment,cross_environment:MH:OV_MH_03_medium,MH,OV_V1_01_easy|OV_V2_01_easy,OV_V1_02_medium|OV_V1_03_difficult|OV_V2_02_medium|OV_V2_03_difficult,OV_MH_03_medium,openvins_full_6d,AgACI-EWA,exponential_weights,0.2,0.8,6088,2245,0.8583518930957684,0.05835189309576838,-9.755372617656807,-10.342179721587138,1.0073065265512113,0.6584354136976149,14803.686045852504,12.654266843646912,0.7466274811132478,0.05910531220876075,2
cross_environment,cross_environment:MH:OV_MH_03_medium,MH,OV_V1_01_easy|OV_V2_01_easy,OV_V1_02_medium|OV_V1_03_difficult|OV_V2_02_medium|OV_V2_03_difficult,OV_MH_03_medium,openvins_full_6d,ACI,none,0.4,0.6,6088,2245,0.6129175946547885,0.012917594654788478,-9.96450804333772,-10.550730814044215,0.8708150217479993,0.5541598674690752,13029.655902254559,12.107725288575057,0.7557550111358577,0.08432432432432439,33
cross_environment,cross_environment:MH:OV_MH_03_medium,MH,OV_V1_01_easy|OV_V2_01_easy,OV_V1_02_medium|OV_V1_03_difficult|OV_V2_02_medium|OV_V2_03_difficult,OV_MH_03_medium,openvins_full_6d,AgACI-EWA,exponential_weights,0.4,0.6,6088,2245,0.6271714922048998,0.027171492204899783,-10.130988720328794,-10.928047442145843,0.8388847929890666,0.3655015534182616,15747.760707915522,11.595297769742935,0.7697766062252593,0.035717614165890164,8
cross_environment,cross_environment:MH:OV_MH_03_medium,MH,OV_V1_01_easy|OV_V2_01_easy,OV_V1_02_medium|OV_V1_03_difficult|OV_V2_02_medium|OV_V2_03_difficult,OV_MH_03_medium,openvins_full_6d,ACI,none,0.5,0.5,6088,2245,0.5086859688195992,0.008685968819599155,-10.120439642603042,-10.797370108262902,0.8110978077221578,0.4308402203597329,12638.65473245737,11.645027953815719,0.7675278396436527,0.07894221808014916,40
cross_environment,cross_environment:MH:OV_MH_03_medium,MH,OV_V1_01_easy|OV_V2_01_easy,OV_V1_02_medium|OV_V1_03_difficult|OV_V2_02_medium|OV_V2_03_difficult,OV_MH_03_medium,openvins_full_6d,AgACI-EWA,exponential_weights,0.5,0.5,6088,2245,0.5033407572383074,0.0033407572383074013,-10.199448338083993,-11.088076603161365,0.7906269706085531,0.2854869729104997,13534.00179761109,11.31806839226834,0.7757019619262555,0.03772134203168688,13
cross_environment,cross_environment:MH:OV_MH_03_medium,MH,OV_V1_01_easy|OV_V2_01_easy,OV_V1_02_medium|OV_V1_03_difficult|OV_V2_02_medium|OV_V2_03_difficult,OV_MH_03_medium,empirical_full_6d,ACI,none,0.01,0.99,6088,2245,0.9251670378619153,0.06483296213808465,-9.534239446967888,-9.467360580082971,-1.4799976583965266,-1.4465582249540683,12790.506188268355,7.585375150892752,0.015562984409799594,0.07631873252562925,107
cross_environment,cross_environment:MH:OV_MH_03_medium,MH,OV_V1_01_easy|OV_V2_01_easy,OV_V1_02_medium|OV_V1_03_difficult|OV_V2_02_medium|OV_V2_03_difficult,OV_MH_03_medium,empirical_full_6d,AgACI-EWA,exponential_weights,0.01,0.99,6088,2245,0.9349665924276169,0.055033407572383064,-9.543598777709049,-9.669593244519383,-1.484677323767107,-1.5476745571722754,13047.532277411985,7.367867987408633,0.029226021336220896,0.0739049394221811,108
cross_environment,cross_environment:MH:OV_MH_03_medium,MH,OV_V1_01_easy|OV_V2_01_easy,OV_V1_02_medium|OV_V1_03_difficult|OV_V2_02_medium|OV_V2_03_difficult,OV_MH_03_medium,empirical_full_6d,ACI,none,0.05,0.95,6088,2245,0.8779510022271715,0.07204899777282847,-10.316269871921666,-10.254834921161446,-1.8710128708734155,-1.840295395493306,26531.961482265535,6.7453032519320715,0.04956458797327399,0.10487418452935698,107
cross_environment,cross_environment:MH:OV_MH_03_medium,MH,OV_V1_01_easy|OV_V2_01_easy,OV_V1_02_medium|OV_V1_03_difficult|OV_V2_02_medium|OV_V2_03_difficult,OV_MH_03_medium,empirical_full_6d,AgACI-EWA,exponential_weights,0.05,0.95,6088,2245,0.9131403118040089,0.03685968819599106,-10.421326112126307,-10.43745768078901,-1.9235409909757362,-1.9316067753070865,30652.220449734927,6.588296805398746,0.07143875138723654,0.09799627213420345,107
cross_environment,cross_environment:MH:OV_MH_03_medium,MH,OV_V1_01_easy|OV_V2_01_easy,OV_V1_02_medium|OV_V1_03_difficult|OV_V2_02_medium|OV_V2_03_difficult,OV_MH_03_medium,empirical_full_6d,ACI,none,0.1,0.9,6088,2245,0.8253897550111359,0.07461024498886415,-10.80985751141552,-10.567042302629455,-2.117806690620343,-1.9963990862273104,40862.08673887155,6.447068399579293,0.07214966592427623,0.12314072693383041,108
cross_environment,cross_environment:MH:OV_MH_03_medium,MH,OV_V1_01_easy|OV_V2_01_easy,OV_V1_02_medium|OV_V1_03_difficult|OV_V2_02_medium|OV_V2_03_difficult,OV_MH_03_medium,empirical_full_6d,AgACI-EWA,exponential_weights,0.1,0.9,6088,2245,0.865478841870824,0.034521158129176,-10.76139973771992,-10.686924908812225,-2.0935778037725425,-2.056340389318696,40819.997981743705,6.36114823946677,0.09340669179979684,0.11373252562907757,108
cross_environment,cross_environment:MH:OV_MH_03_medium,MH,OV_V1_01_easy|OV_V2_01_easy,OV_V1_02_medium|OV_V1_03_difficult|OV_V2_02_medium|OV_V2_03_difficult,OV_MH_03_medium,empirical_full_6d,ACI,none,0.2,0.8,6088,2245,0.7282850779510023,0.07171492204899776,-11.084461013560954,-10.903584841362958,-2.25510844169306,-2.1646703555940614,47448.41010420211,6.153762377569795,0.10778173719376401,0.14218080149114637,108
cross_environment,cross_environment:MH:OV_MH_03_medium,MH,OV_V1_01_easy|OV_V2_01_easy,OV_V1_02_medium|OV_V1_03_difficult|OV_V2_02_medium|OV_V2_03_difficult,OV_MH_03_medium,empirical_full_6d,AgACI-EWA,exponential_weights,0.2,0.8,6088,2245,0.7496659242761693,0.05033407572383075,-11.158944198497823,-10.96741552237588,-2.292350034161494,-2.1965856961005223,52618.16032740423,6.120025756346114,0.12213780116320203,0.12983690587138874,108
cross_environment,cross_environment:MH:OV_MH_03_medium,MH,OV_V1_01_easy|OV_V2_01_easy,OV_V1_02_medium|OV_V1_03_difficult|OV_V2_02_medium|OV_V2_03_difficult,OV_MH_03_medium,empirical_full_6d,ACI,none,0.4,0.6,6088,2245,0.5429844097995545,0.05701559020044544,-11.691716131778227,-11.366115922299098,-2.558736000801696,-2.3959358960621318,64928.46868170679,5.753356759117675,0.15971492204899787,0.1589561975768873,142
cross_environment,cross_environment:MH:OV_MH_03_medium,MH,OV_V1_01_easy|OV_V2_01_easy,OV_V1_02_medium|OV_V1_03_difficult|OV_V2_02_medium|OV_V2_03_difficult,OV_MH_03_medium,empirical_full_6d,AgACI-EWA,exponential_weights,0.4,0.6,6088,2245,0.5670378619153675,0.03296213808463244,-11.521484685256658,-11.325056618091715,-2.4736202775409115,-2.3754062439584396,57191.209394181526,5.837232283233998,0.17182144628878127,0.11949207828518181,108
cross_environment,cross_environment:MH:OV_MH_03_medium,MH,OV_V1_01_easy|OV_V2_01_easy,OV_V1_02_medium|OV_V1_03_difficult|OV_V2_02_medium|OV_V2_03_difficult,OV_MH_03_medium,empirical_full_6d,ACI,none,0.5,0.5,6088,2245,0.4530066815144766,0.046993318485523405,-12.007082667864662,-11.670385941913858,-2.7164192688449136,-2.548070905869512,74253.05968813009,5.4708858575032036,0.1893585746102451,0.1610018639328985,143
cross_environment,cross_environment:MH:OV_MH_03_medium,MH,OV_V1_01_easy|OV_V2_01_easy,OV_V1_02_medium|OV_V1_03_difficult|OV_V2_02_medium|OV_V2_03_difficult,OV_MH_03_medium,empirical_full_6d,AgACI-EWA,exponential_weights,0.5,0.5,6088,2245,0.4717149220489978,0.028285077951002213,-11.695097312216237,-11.437828846587875,-2.5604265910207014,-2.4317923582065206,56597.31685287072,5.754235540120354,0.18767327027738942,0.08638397017707367,107
cross_environment,cross_environment:MH:OV_MH_04_difficult,MH,OV_V1_01_easy|OV_V2_01_easy,OV_V1_02_medium|OV_V1_03_difficult|OV_V2_02_medium|OV_V2_03_difficult,OV_MH_04_difficult,openvins_full_6d,ACI,none,0.01,0.99,6088,1591,1.0,0.010000000000000009,0.11714120045026633,-0.08139666983555396,6.1139958450722,5.9296908530795465,0.8894595922012513,46.6758574678885,0.08950000000000075,0.010000000000000453,0
cross_environment,cross_environment:MH:OV_MH_04_difficult,MH,OV_V1_01_easy|OV_V2_01_easy,OV_V1_02_medium|OV_V1_03_difficult|OV_V2_02_medium|OV_V2_03_difficult,OV_MH_04_difficult,openvins_full_6d,AgACI-EWA,exponential_weights,0.01,0.99,6088,1591,1.0,0.010000000000000009,-2.3309857955224835,-2.9335300081985216,4.9158101897120225,4.503624183898062,10.288078477443353,31.7871013286005,0.3746186371621086,0.010000000000000453,0
cross_environment,cross_environment:MH:OV_MH_04_difficult,MH,OV_V1_01_easy|OV_V2_01_easy,OV_V1_02_medium|OV_V1_03_difficult|OV_V2_02_medium|OV_V2_03_difficult,OV_MH_04_difficult,openvins_full_6d,ACI,none,0.05,0.95,6088,1591,0.9893148962916405,0.03931489629164053,-3.3013933199599776,-3.6975899652410775,4.464000637415603,4.121594205376784,26.860336544597832,26.93988947093567,0.42511785040854033,0.04404155495978589,1
cross_environment,cross_environment:MH:OV_MH_04_difficult,MH,OV_V1_01_easy|OV_V2_01_easy,OV_V1_02_medium|OV_V1_03_difficult|OV_V2_02_medium|OV_V2_03_difficult,OV_MH_04_difficult,openvins_full_6d,AgACI-EWA,exponential_weights,0.05,0.95,6088,1591,0.967316153362665,0.01731615336266501,-7.765837549530808,-7.0369629463499495,2.375972508198352,2.451907714822348,2281.543929939853,16.221997604756226,0.6739057622023487,0.021735924932976217,2
cross_environment,cross_environment:MH:OV_MH_04_difficult,MH,OV_V1_01_easy|OV_V2_01_easy,OV_V1_02_medium|OV_V1_03_difficult|OV_V2_02_medium|OV_V2_03_difficult,OV_MH_04_difficult,openvins_full_6d,ACI,none,0.1,0.9,6088,1591,0.9377749842866122,0.03777498428661219,-7.481083577446157,-6.09097646495338,2.59542770639562,2.9249009555206333,1663.7649075375698,18.662246764223543,0.6021527341294787,0.06631367292225217,15
cross_environment,cross_environment:MH:OV_MH_04_difficult,MH,OV_V1_01_easy|OV_V2_01_easy,OV_V1_02_medium|OV_V1_03_difficult|OV_V2_02_medium|OV_V2_03_difficult,OV_MH_04_difficult,openvins_full_6d,AgACI-EWA,exponential_weights,0.1,0.9,6088,1591,0.9377749842866122,0.03777498428661219,-7.884897479305614,-7.533862936078677,2.227057607126987,2.2034577199579846,2491.5299330859084,14.35252465547305,0.7107397123822967,0.03752680965147491,1
cross_environment,cross_environment:MH:OV_MH_04_difficult,MH,OV_V1_01_easy|OV_V2_01_easy,OV_V1_02_medium|OV_V1_03_difficult|OV_V2_02_medium|OV_V2_03_difficult,OV_MH_04_difficult,openvins_full_6d,ACI,none,0.2,0.8,6088,1591,0.8315524827152734,0.03155248271527333,-8.086887705329836,-7.663311123148045,2.192314996177405,2.1387336264233,2703.8361532292665,14.041819290001165,0.7140791954745448,0.0779289544235926,16
cross_environment,cross_environment:MH:OV_MH_04_difficult,MH,OV_V1_01_easy|OV_V2_01_easy,OV_V1_02_medium|OV_V1_03_difficult|OV_V2_02_medium|OV_V2_03_difficult,OV_MH_04_difficult,openvins_full_6d,AgACI-EWA,exponential_weights,0.2,0.8,6088,1591,0.8592080452545569,0.05920804525455681,-8.12645195300199,-7.940665464681591,1.9917561494002047,2.0000564556565275,2906.5083540101764,13.064807185794185,0.7378390023654084,0.052111260053619685,2
cross_environment,cross_environment:MH:OV_MH_04_difficult,MH,OV_V1_01_easy|OV_V2_01_easy,OV_V1_02_medium|OV_V1_03_difficult|OV_V2_02_medium|OV_V2_03_difficult,OV_MH_04_difficult,openvins_full_6d,ACI,none,0.4,0.6,6088,1591,0.6191074795725958,0.019107479572595842,-8.297930494629234,-8.233707591474667,1.8803399394421003,1.8535353922599889,2486.0592554928858,12.355728919765866,0.754318038969202,0.06586461126005366,21
cross_environment,cross_environment:MH:OV_MH_04_difficult,MH,OV_V1_01_easy|OV_V2_01_easy,OV_V1_02_medium|OV_V1_03_difficult|OV_V2_02_medium|OV_V2_03_difficult,OV_MH_04_difficult,openvins_full_6d,AgACI-EWA,exponential_weights,0.4,0.6,6088,1591,0.6524198617221874,0.05241986172218738,-8.436421454999644,-8.340639835578996,1.816888111818721,1.8000692702078247,3008.9741641076744,12.08675175103335,0.7615069754352068,0.04758042895442382,11
cross_environment,cross_environment:MH:OV_MH_04_difficult,MH,OV_V1_01_easy|OV_V2_01_easy,OV_V1_02_medium|OV_V1_03_difficult|OV_V2_02_medium|OV_V2_03_difficult,OV_MH_04_difficult,openvins_full_6d,ACI,none,0.5,0.5,6088,1591,0.5128849780012571,0.012884978001257097,-8.43823906747182,-8.390506177785623,1.7736479145025692,1.7751360991045106,2369.739693422745,11.968804839792067,0.7639252042740418,0.065730563002681,27
cross_environment,cross_environment:MH:OV_MH_04_difficult,MH,OV_V1_01_easy|OV_V2_01_easy,OV_V1_02_medium|OV_V1_03_difficult|OV_V2_02_medium|OV_V2_03_difficult,OV_MH_04_difficult,openvins_full_6d,AgACI-EWA,exponential_weights,0.5,0.5,6088,1591,0.502828409805154,0.0028284098051539752,-8.545606142972124,-8.459110198068839,1.7725191327529677,1.7408340889629037,2586.6007535313206,11.826835316579484,0.7676057945197363,0.0358981233243968,17
cross_environment,cross_environment:MH:OV_MH_04_difficult,MH,OV_V1_01_easy|OV_V2_01_easy,OV_V1_02_medium|OV_V1_03_difficult|OV_V2_02_medium|OV_V2_03_difficult,OV_MH_04_difficult,empirical_full_6d,ACI,none,0.01,0.99,6088,1591,0.3727215587680704,0.6172784412319297,-8.092370328966062,-8.334509125928633,-0.7590630993956147,-0.8801324978768991,1218.5863052205764,9.084596475439005,0.001575298554368321,0.6254088471849866,412
cross_environment,cross_environment:MH:OV_MH_04_difficult,MH,OV_V1_01_easy|OV_V2_01_easy,OV_V1_02_medium|OV_V1_03_difficult|OV_V2_02_medium|OV_V2_03_difficult,OV_MH_04_difficult,empirical_full_6d,AgACI-EWA,exponential_weights,0.01,0.99,6088,1591,0.3783783783783784,0.6116216216216216,-8.092370328966062,-8.33328684756105,-0.7590630993956147,-0.8795213586931077,1237.080869718022,9.08299464660281,0.002189877771718974,0.6205428954423591,412
cross_environment,cross_environment:MH:OV_MH_04_difficult,MH,OV_V1_01_easy|OV_V2_01_easy,OV_V1_02_medium|OV_V1_03_difficult|OV_V2_02_medium|OV_V2_03_difficult,OV_MH_04_difficult,empirical_full_6d,ACI,none,0.05,0.95,6088,1591,0.3488372093023256,0.6011627906976744,-8.092370328966062,-8.548581159071261,-0.7590630993956147,-0.9871685144482139,1140.4981440091399,8.815815191610186,0.005101194217473292,0.6090214477211795,413
cross_environment,cross_environment:MH:OV_MH_04_difficult,MH,OV_V1_01_easy|OV_V2_01_easy,OV_V1_02_medium|OV_V1_03_difficult|OV_V2_02_medium|OV_V2_03_difficult,OV_MH_04_difficult,empirical_full_6d,AgACI-EWA,exponential_weights,0.05,0.95,6088,1591,0.37083595223130106,0.5791640477686989,-8.092370328966062,-8.537859706218157,-0.7590630993956147,-0.9818077880216612,1212.4214503880946,8.826244354839002,0.005643608272096535,0.5930764075067023,413
cross_environment,cross_environment:MH:OV_MH_04_difficult,MH,OV_V1_01_easy|OV_V2_01_easy,OV_V1_02_medium|OV_V1_03_difficult|OV_V2_02_medium|OV_V2_03_difficult,OV_MH_04_difficult,empirical_full_6d,ACI,none,0.1,0.9,6088,1591,0.32432432432432434,0.5756756756756757,-8.092370328966062,-8.632117005743764,-0.7590630993956147,-1.0289364377844643,1060.355031186876,8.721046091709349,0.007842237586423639,0.5817627345844504,412
cross_environment,cross_environment:MH:OV_MH_04_difficult,MH,OV_V1_01_easy|OV_V2_01_easy,OV_V1_02_medium|OV_V1_03_difficult|OV_V2_02_medium|OV_V2_03_difficult,OV_MH_04_difficult,empirical_full_6d,AgACI-EWA,exponential_weights,0.1,0.9,6088,1591,0.34380892520427403,0.5561910747957259,-8.092370328966062,-8.626184189097964,-0.7590630993956147,-1.0259700294615646,1124.0585311225216,8.728613871340352,0.008554154482196227,0.566005361930295,412
cross_environment,cross_environment:MH:OV_MH_04_difficult,MH,OV_V1_01_easy|OV_V2_01_easy,OV_V1_02_medium|OV_V1_03_difficult|OV_V2_02_medium|OV_V2_03_difficult,OV_MH_04_difficult,empirical_full_6d,ACI,none,0.2,0.8,6088,1591,0.27906976744186046,0.5209302325581395,-8.092370328966062,-8.72361070280092,-0.7590630993956147,-1.0746832863130433,912.3985152073118,8.627003434531684,0.012323067253299824,0.5240281501340482,413
cross_environment,cross_environment:MH:OV_MH_04_difficult,MH,OV_V1_01_easy|OV_V2_01_easy,OV_V1_02_medium|OV_V1_03_difficult|OV_V2_02_medium|OV_V2_03_difficult,OV_MH_04_difficult,empirical_full_6d,AgACI-EWA,exponential_weights,0.2,0.8,6088,1591,0.28598365807668136,0.5140163419233187,-8.092370328966062,-8.709108561024442,-0.7590630993956147,-1.0674322154248033,935.002982926412,8.644659296573327,0.013328699721410776,0.5208109919571046,412
cross_environment,cross_environment:MH:OV_MH_04_difficult,MH,OV_V1_01_easy|OV_V2_01_easy,OV_V1_02_medium|OV_V1_03_difficult|OV_V2_02_medium|OV_V2_03_difficult,OV_MH_04_difficult,empirical_full_6d,ACI,none,0.4,0.6,6088,1591,0.2011313639220616,0.3988686360779384,-8.092370328966062,-8.92803314521667,-0.7590630993956147,-1.1768945075209172,657.5845154647293,8.411493838676169,0.024203645505971098,0.4013941018766755,412
cross_environment,cross_environment:MH:OV_MH_04_difficult,MH,OV_V1_01_easy|OV_V2_01_easy,OV_V1_02_medium|OV_V1_03_difficult|OV_V2_02_medium|OV_V2_03_difficult,OV_MH_04_difficult,empirical_full_6d,AgACI-EWA,exponential_weights,0.4,0.6,6088,1591,0.21935889377749843,0.3806411062225016,-8.092370328966062,-8.821872028145652,-0.7590630993956147,-1.123813948985409,717.1781121787203,8.524873960742763,0.020737630843915746,0.3861461126005361,413
cross_environment,cross_environment:MH:OV_MH_04_difficult,MH,OV_V1_01_easy|OV_V2_01_easy,OV_V1_02_medium|OV_V1_03_difficult|OV_V2_02_medium|OV_V2_03_difficult,OV_MH_04_difficult,empirical_full_6d,ACI,none,0.5,0.5,6088,1591,0.16530483972344437,0.33469516027655566,-8.092370328966062,-9.084290259300353,-0.7590630993956147,-1.2550230645627598,540.4522736475743,8.247347735140515,0.034170333123821485,0.3404222520107239,412
cross_environment,cross_environment:MH:OV_MH_04_difficult,MH,OV_V1_01_easy|OV_V2_01_easy,OV_V1_02_medium|OV_V1_03_difficult|OV_V2_02_medium|OV_V2_03_difficult,OV_MH_04_difficult,empirical_full_6d,AgACI-EWA,exponential_weights,0.5,0.5,6088,1591,0.18981772470144564,0.31018227529855436,-8.092370328966062,-8.886250020004123,-0.7590630993956147,-1.1560029449146452,620.5953864698383,8.463841854085716,0.02580783488238063,0.3144571045576407,412
cross_environment,cross_environment:MH:OV_MH_05_difficult,MH,OV_V1_01_easy|OV_V2_01_easy,OV_V1_02_medium|OV_V1_03_difficult|OV_V2_02_medium|OV_V2_03_difficult,OV_MH_05_difficult,openvins_full_6d,ACI,none,0.01,0.99,6088,1806,1.0,0.010000000000000009,-1.2416039509523884,-1.204539069075388,5.3660161533586335,5.337164785842539,3.4611605467050213,45.518161388089794,0.10025000000000024,0.010000000000000455,0
cross_environment,cross_environment:MH:OV_MH_05_difficult,MH,OV_V1_01_easy|OV_V2_01_easy,OV_V1_02_medium|OV_V1_03_difficult|OV_V2_02_medium|OV_V2_03_difficult,OV_MH_05_difficult,openvins_full_6d,AgACI-EWA,exponential_weights,0.01,0.99,6088,1806,1.0,0.010000000000000009,-3.4016828852418364,-2.917645330288772,4.429060063918523,4.480611655235846,30.014568643668586,35.16804289656836,0.28168944564211723,0.010000000000000455,0
cross_environment,cross_environment:MH:OV_MH_05_difficult,MH,OV_V1_01_easy|OV_V2_01_easy,OV_V1_02_medium|OV_V1_03_difficult|OV_V2_02_medium|OV_V2_03_difficult,OV_MH_05_difficult,openvins_full_6d,ACI,none,0.05,0.95,6088,1806,0.9767441860465116,0.02674418604651163,-3.9340279532043,-3.7094639024398677,4.166410204786933,4.084702369160299,49.92378067126462,30.261689726883464,0.34023117386489476,0.0493321616871708,12
cross_environment,cross_environment:MH:OV_MH_05_difficult,MH,OV_V1_01_easy|OV_V2_01_easy,OV_V1_02_medium|OV_V1_03_difficult|OV_V2_02_medium|OV_V2_03_difficult,OV_MH_05_difficult,openvins_full_6d,AgACI-EWA,exponential_weights,0.05,0.95,6088,1806,0.9662236987818383,0.01622369878183838,-5.191611448111159,-5.5943528027208815,3.479306557350828,3.1422579190197926,173.68643030853548,23.099685596083088,0.509809199093249,0.024159343878149053,1
cross_environment,cross_environment:MH:OV_MH_05_difficult,MH,OV_V1_01_easy|OV_V2_01_easy,OV_V1_02_medium|OV_V1_03_difficult|OV_V2_02_medium|OV_V2_03_difficult,OV_MH_05_difficult,openvins_full_6d,ACI,none,0.1,0.9,6088,1806,0.9302325581395349,0.03023255813953485,-4.490250231026929,-4.7663970291239774,3.814559611775824,3.5562358058182437,82.92441825117201,25.52661506095023,0.44789867109634574,0.08623315758640908,14
cross_environment,cross_environment:MH:OV_MH_05_difficult,MH,OV_V1_01_easy|OV_V2_01_easy,OV_V1_02_medium|OV_V1_03_difficult|OV_V2_02_medium|OV_V2_03_difficult,OV_MH_05_difficult,openvins_full_6d,AgACI-EWA,exponential_weights,0.1,0.9,6088,1806,0.9197120708748616,0.019712070874861598,-5.495650895472442,-6.204054233622105,3.2970618509242207,2.8374072035691795,224.06949989238873,20.994621460291867,0.5543330572226552,0.027000585823081628,1
cross_environment,cross_environment:MH:OV_MH_05_difficult,MH,OV_V1_01_easy|OV_V2_01_easy,OV_V1_02_medium|OV_V1_03_difficult|OV_V2_02_medium|OV_V2_03_difficult,OV_MH_05_difficult,openvins_full_6d,ACI,none,0.2,0.8,6088,1806,0.8261351052048727,0.02613510520487261,-5.437257684101715,-6.001903032097191,3.1684085348462823,2.9384828043316364,189.85502049977865,21.322501887757475,0.5427408637873757,0.10052138254247228,17
cross_environment,cross_environment:MH:OV_MH_05_difficult,MH,OV_V1_01_easy|OV_V2_01_easy,OV_V1_02_medium|OV_V1_03_difficult|OV_V2_02_medium|OV_V2_03_difficult,OV_MH_05_difficult,openvins_full_6d,AgACI-EWA,exponential_weights,0.2,0.8,6088,1806,0.8527131782945736,0.05271317829457356,-5.698413285238537,-6.66925076468485,3.100843475442721,2.604808938037808,254.44412065320856,19.656424901013764,0.5843702320522047,0.04920328060925631,2
cross_environment,cross_environment:MH:OV_MH_05_difficult,MH,OV_V1_01_easy|OV_V2_01_easy,OV_V1_02_medium|OV_V1_03_difficult|OV_V2_02_medium|OV_V2_03_difficult,OV_MH_05_difficult,openvins_full_6d,ACI,none,0.4,0.6,6088,1806,0.615171650055371,0.015171650055371022,-5.773555453624162,-6.786460844228343,2.9296381445129187,2.546203898266061,197.8880584169448,19.129395504834353,0.5966057585825029,0.10701816051552439,35
cross_environment,cross_environment:MH:OV_MH_05_difficult,MH,OV_V1_01_easy|OV_V2_01_easy,OV_V1_02_medium|OV_V1_03_difficult|OV_V2_02_medium|OV_V2_03_difficult,OV_MH_05_difficult,openvins_full_6d,AgACI-EWA,exponential_weights,0.4,0.6,6088,1806,0.6500553709856035,0.05005537098560353,-5.975592414472015,-7.01703634553906,2.879339429094416,2.4309161476107026,255.9276227526198,18.711276034264333,0.6076988109548146,0.05367896895137688,7
cross_environment,cross_environment:MH:OV_MH_05_difficult,MH,OV_V1_01_easy|OV_V2_01_easy,OV_V1_02_medium|OV_V1_03_difficult|OV_V2_02_medium|OV_V2_03_difficult,OV_MH_05_difficult,openvins_full_6d,ACI,none,0.5,0.5,6088,1806,0.5099667774086378,0.009966777408637828,-5.919260475750836,-7.025637487089916,2.8703686247032465,2.426615576835275,189.77720484274175,18.616446088420723,0.6095487264673313,0.10248388986526076,40
cross_environment,cross_environment:MH:OV_MH_05_difficult,MH,OV_V1_01_easy|OV_V2_01_easy,OV_V1_02_medium|OV_V1_03_difficult|OV_V2_02_medium|OV_V2_03_difficult,OV_MH_05_difficult,openvins_full_6d,AgACI-EWA,exponential_weights,0.5,0.5,6088,1806,0.5083056478405316,0.00830564784053156,-6.021714444550922,-7.119687750725497,2.8378795843984688,2.379590445017484,209.56670742184966,18.469212049525613,0.6135013053492624,0.05905682483889869,23
cross_environment,cross_environment:MH:OV_MH_05_difficult,MH,OV_V1_01_easy|OV_V2_01_easy,OV_V1_02_medium|OV_V1_03_difficult|OV_V2_02_medium|OV_V2_03_difficult,OV_MH_05_difficult,empirical_full_6d,ACI,none,0.01,0.99,6088,1806,0.4739756367663344,0.5160243632336656,-8.092370328966062,-8.651180427181892,-0.7590630993956147,-1.0384681485035276,1549.62922424099,8.671583074335757,0.0056522148394241335,0.521751611013474,489
cross_environment,cross_environment:MH:OV_MH_05_difficult,MH,OV_V1_01_easy|OV_V2_01_easy,OV_V1_02_medium|OV_V1_03_difficult|OV_V2_02_medium|OV_V2_03_difficult,OV_MH_05_difficult,empirical_full_6d,AgACI-EWA,exponential_weights,0.01,0.99,6088,1806,0.48006644518272423,0.5099335548172758,-8.092370328966062,-8.722544866384808,-0.7590630993956147,-1.074150368104987,1569.5426838982924,8.587735401944489,0.009738294760564812,0.5167135325131811,489
cross_environment,cross_environment:MH:OV_MH_05_difficult,MH,OV_V1_01_easy|OV_V2_01_easy,OV_V1_02_medium|OV_V1_03_difficult|OV_V2_02_medium|OV_V2_03_difficult,OV_MH_05_difficult,empirical_full_6d,ACI,none,0.05,0.95,6088,1806,0.4418604651162791,0.5081395348837209,-8.092370328966062,-9.0641037227583,-0.7590630993956147,-1.2449297962917323,1444.6309824115772,8.218746965653402,0.020970099667774106,0.5243702401874634,489
cross_environment,cross_environment:MH:OV_MH_05_difficult,MH,OV_V1_01_easy|OV_V2_01_easy,OV_V1_02_medium|OV_V1_03_difficult|OV_V2_02_medium|OV_V2_03_difficult,OV_MH_05_difficult,empirical_full_6d,AgACI-EWA,exponential_weights,0.05,0.95,6088,1806,0.45459579180509413,0.4954042081949058,-8.092371612496162,-9.117954432338443,-0.7590637411606638,-1.2718551510818046,1486.2701239116986,8.171633168920852,0.027303003658662776,0.5233684827182191,489
cross_environment,cross_environment:MH:OV_MH_05_difficult,MH,OV_V1_01_easy|OV_V2_01_easy,OV_V1_02_medium|OV_V1_03_difficult|OV_V2_02_medium|OV_V2_03_difficult,OV_MH_05_difficult,empirical_full_6d,ACI,none,0.1,0.9,6088,1806,0.4130675526024363,0.4869324473975637,-8.092370328966062,-9.171978653099911,-0.7590630993956147,-1.2988672614625372,1350.4946276679655,8.114671920178955,0.02798892580287931,0.507328646748682,489
cross_environment,cross_environment:MH:OV_MH_05_difficult,MH,OV_V1_01_easy|OV_V2_01_easy,OV_V1_02_medium|OV_V1_03_difficult|OV_V2_02_medium|OV_V2_03_difficult,OV_MH_05_difficult,empirical_full_6d,AgACI-EWA,exponential_weights,0.1,0.9,6088,1806,0.4158361018826135,0.4841638981173865,-8.092370951076289,-9.239461749014627,-0.759063410450727,-1.332608809419897,1359.5470460273243,8.062884230862945,0.03898846007751393,0.5124428822495608,489
cross_environment,cross_environment:MH:OV_MH_05_difficult,MH,OV_V1_01_easy|OV_V2_01_easy,OV_V1_02_medium|OV_V1_03_difficult|OV_V2_02_medium|OV_V2_03_difficult,OV_MH_05_difficult,empirical_full_6d,ACI,none,0.2,0.8,6088,1806,0.36655592469545956,0.4334440753045405,-8.092370328966062,-9.34811006118177,-0.7590630993956147,-1.3869329655034668,1198.4282084667468,7.9494565185112895,0.043885935769656735,0.4672349150556533,489
cross_environment,cross_environment:MH:OV_MH_05_difficult,MH,OV_V1_01_easy|OV_V2_01_easy,OV_V1_02_medium|OV_V1_03_difficult|OV_V2_02_medium|OV_V2_03_difficult,OV_MH_05_difficult,empirical_full_6d,AgACI-EWA,exponential_weights,0.2,0.8,6088,1806,0.3643410852713178,0.43565891472868223,-8.092370329070576,-9.367944037329785,-0.7590630994478698,-1.396849953577475,1191.1869505340414,7.947220021457523,0.05224566133766962,0.4728236672524897,489
cross_environment,cross_environment:MH:OV_MH_05_difficult,MH,OV_V1_01_easy|OV_V2_01_easy,OV_V1_02_medium|OV_V1_03_difficult|OV_V2_02_medium|OV_V2_03_difficult,OV_MH_05_difficult,empirical_full_6d,ACI,none,0.4,0.6,6088,1806,0.2840531561461794,0.3159468438538206,-8.092370328966062,-9.634516230303303,-0.7590630993956147,-1.5301360500642345,928.6913458360137,7.67884680184782,0.07325470653377635,0.3648740480374926,489
cross_environment,cross_environment:MH:OV_MH_05_difficult,MH,OV_V1_01_easy|OV_V2_01_easy,OV_V1_02_medium|OV_V1_03_difficult|OV_V2_02_medium|OV_V2_03_difficult,OV_MH_05_difficult,empirical_full_6d,AgACI-EWA,exponential_weights,0.4,0.6,6088,1806,0.2912513842746401,0.3087486157253599,-8.092370328966066,-9.539203290931576,-0.7590630993956156,-1.4824795803783706,952.2254345219202,7.791003036941809,0.0721806387051146,0.3587697715289982,489
cross_environment,cross_environment:MH:OV_MH_05_difficult,MH,OV_V1_01_easy|OV_V2_01_easy,OV_V1_02_medium|OV_V1_03_difficult|OV_V2_02_medium|OV_V2_03_difficult,OV_MH_05_difficult,empirical_full_6d,ACI,none,0.5,0.5,6088,1806,0.24529346622369877,0.25470653377630126,-8.092370328966062,-9.806840803926972,-0.7590630993956147,-1.616298336876068,801.9693298349982,7.509928415268904,0.08908084163898122,0.3064030462800234,489
cross_environment,cross_environment:MH:OV_MH_05_difficult,MH,OV_V1_01_easy|OV_V2_01_easy,OV_V1_02_medium|OV_V1_03_difficult|OV_V2_02_medium|OV_V2_03_difficult,OV_MH_05_difficult,empirical_full_6d,AgACI-EWA,exponential_weights,0.5,0.5,6088,1806,0.2502768549280177,0.2497231450719823,-8.092370328966062,-9.608383061689182,-0.7590630993956147,-1.5170694657571742,818.2621604637003,7.730272840133965,0.07902677405098836,0.2876859988283539,489
cross_environment,cross_environment:V1:OV_V1_01_easy,V1,OV_MH_01_easy|OV_MH_02_easy|OV_V2_01_easy,OV_MH_03_medium|OV_MH_04_difficult|OV_MH_05_difficult|OV_V2_02_medium|OV_V2_03_difficult,OV_V1_01_easy,openvins_full_6d,ACI,none,0.01,0.99,7955,2706,0.9371766444937176,0.052823355506282366,-0.9099870130917544,6.508139448788422,4.574495845935217,7.948666662813929,2.328218819117195,3160.209731021068,0.00474837398373983,0.057986191024165454,2
cross_environment,cross_environment:V1:OV_V1_01_easy,V1,OV_MH_01_easy|OV_MH_02_easy|OV_V2_01_easy,OV_MH_03_medium|OV_MH_04_difficult|OV_MH_05_difficult|OV_V2_02_medium|OV_V2_03_difficult,OV_V1_01_easy,openvins_full_6d,AgACI-EWA,exponential_weights,0.01,0.99,7955,2706,0.8407243163340724,0.14927568366592758,-1.1620706284507474,4.172580583145555,4.137071849069563,6.780887229992496,2.687413350084731,2336.1840927548865,0.01379765374270044,0.15558879938626743,1
cross_environment,cross_environment:V1:OV_V1_01_easy,V1,OV_MH_01_easy|OV_MH_02_easy|OV_V2_01_easy,OV_MH_03_medium|OV_MH_04_difficult|OV_MH_05_difficult|OV_V2_02_medium|OV_V2_03_difficult,OV_V1_01_easy,openvins_full_6d,ACI,none,0.05,0.95,7955,2706,0.8211382113821138,0.1288617886178861,-1.4181939959752246,3.4278519958931173,4.040332364440706,6.4085229363662775,3.3910179530207403,2055.9147493282835,0.01699223946784924,0.14449175297276542,5
cross_environment,cross_environment:V1:OV_V1_01_easy,V1,OV_MH_01_easy|OV_MH_02_easy|OV_V2_01_easy,OV_MH_03_medium|OV_MH_04_difficult|OV_MH_05_difficult|OV_V2_02_medium|OV_V2_03_difficult,OV_V1_01_easy,openvins_full_6d,AgACI-EWA,exponential_weights,0.05,0.95,7955,2706,0.8203991130820399,0.12960088691796,-1.4261794422513905,3.271386905991786,4.096150750169595,6.330290391415611,3.415128458884841,1973.5055483114388,0.01629793840180134,0.14818948983505925,19
cross_environment,cross_environment:V1:OV_V1_01_easy,V1,OV_MH_01_easy|OV_MH_02_easy|OV_V2_01_easy,OV_MH_03_medium|OV_MH_04_difficult|OV_MH_05_difficult|OV_V2_02_medium|OV_V2_03_difficult,OV_V1_01_easy,openvins_full_6d,ACI,none,0.1,0.9,7955,2706,0.7653362897265337,0.13466371027346635,-1.6219162044124786,3.88048192432866,3.8612837792900683,6.634837900584047,3.874731062137096,2403.2292962618267,0.025546193643754645,0.15168776371308001,8
cross_environment,cross_environment:V1:OV_V1_01_easy,V1,OV_MH_01_easy|OV_MH_02_easy|OV_V2_01_easy,OV_MH_03_medium|OV_MH_04_difficult|OV_MH_05_difficult|OV_V2_02_medium|OV_V2_03_difficult,OV_V1_01_easy,openvins_full_6d,AgACI-EWA,exponential_weights,0.1,0.9,7955,2706,0.7930524759793053,0.10694752402069474,-1.6082194160889056,2.899244602801058,4.073021846092109,6.144219239820248,3.9604336646622627,1878.0181468078156,0.0198754466423295,0.14364787111622543,25
cross_environment,cross_environment:V1:OV_V1_01_easy,V1,OV_MH_01_easy|OV_MH_02_easy|OV_V2_01_easy,OV_MH_03_medium|OV_MH_04_difficult|OV_MH_05_difficult|OV_V2_02_medium|OV_V2_03_difficult,OV_V1_01_easy,openvins_full_6d,ACI,none,0.2,0.8,7955,2706,0.688839615668884,0.11116038433111608,-1.8694939328204239,3.944546050736711,3.6496083988939088,6.666869963788074,4.467134355824249,2578.4056617780943,0.039444198078344456,0.1332604526275411,42
cross_environment,cross_environment:V1:OV_V1_01_easy,V1,OV_MH_01_easy|OV_MH_02_easy|OV_V2_01_easy,OV_MH_03_medium|OV_MH_04_difficult|OV_MH_05_difficult|OV_V2_02_medium|OV_V2_03_difficult,OV_V1_01_easy,openvins_full_6d,AgACI-EWA,exponential_weights,0.2,0.8,7955,2706,0.7313377679231338,0.06866223207686628,-1.8156529441333404,2.167588058236978,4.015610273041893,5.778390967538209,4.494134405155541,1653.2801407878421,0.023248803800235834,0.16512082853855015,96
cross_environment,cross_environment:V1:OV_V1_01_easy,V1,OV_MH_01_easy|OV_MH_02_easy|OV_V2_01_easy,OV_MH_03_medium|OV_MH_04_difficult|OV_MH_05_difficult|OV_V2_02_medium|OV_V2_03_difficult,OV_V1_01_easy,openvins_full_6d,ACI,none,0.4,0.6,7955,2706,0.5535846267553585,0.04641537324464151,-2.1629909646332344,3.0755173569605962,3.333667142246597,6.2323556169000165,4.8145872505146965,2402.097359271831,0.059287509238728775,0.09414652857690829,56
cross_environment,cross_environment:V1:OV_V1_01_easy,V1,OV_MH_01_easy|OV_MH_02_easy|OV_V2_01_easy,OV_MH_03_medium|OV_MH_04_difficult|OV_MH_05_difficult|OV_V2_02_medium|OV_V2_03_difficult,OV_V1_01_easy,openvins_full_6d,AgACI-EWA,exponential_weights,0.4,0.6,7955,2706,0.5136733185513673,0.08632668144863265,-2.590244146518172,-1.07473584703482,3.507940876070495,4.157229014902309,6.848819926379984,640.9471081108759,0.04768185670726847,0.24777905638665143,121
cross_environment,cross_environment:V1:OV_V1_01_easy,V1,OV_MH_01_easy|OV_MH_02_easy|OV_V2_01_easy,OV_MH_03_medium|OV_MH_04_difficult|OV_MH_05_difficult|OV_V2_02_medium|OV_V2_03_difficult,OV_V1_01_easy,openvins_full_6d,ACI,none,0.5,0.5,7955,2706,0.48410938654841096,0.015890613451589042,-2.409382711951311,2.785036591808675,3.184533517956069,6.087115234324057,5.386728909910781,2390.6954049108213,0.07251847745750185,0.09256233218258542,70
cross_environment,cross_environment:V1:OV_V1_01_easy,V1,OV_MH_01_easy|OV_MH_02_easy|OV_V2_01_easy,OV_MH_03_medium|OV_MH_04_difficult|OV_MH_05_difficult|OV_V2_02_medium|OV_V2_03_difficult,OV_V1_01_easy,openvins_full_6d,AgACI-EWA,exponential_weights,0.5,0.5,7955,2706,0.3736141906873614,0.1263858093126386,-3.004170272425945,-2.7297905602943393,3.060142706221506,3.329701658272549,7.535601698574173,294.6197947459908,0.08118981433802978,0.272788645953203,276
cross_environment,cross_environment:V1:OV_V1_01_easy,V1,OV_MH_01_easy|OV_MH_02_easy|OV_V2_01_easy,OV_MH_03_medium|OV_MH_04_difficult|OV_MH_05_difficult|OV_V2_02_medium|OV_V2_03_difficult,OV_V1_01_easy,empirical_full_6d,ACI,none,0.01,0.99,7955,2706,0.9926090169992609,0.0026090169992608603,-8.61008158149293,-8.360278547810156,-1.4334294244286578,-1.3085279075872716,5446.144193536047,7.58950071552218,0.0969610125646715,0.01098964326812452,1
cross_environment,cross_environment:V1:OV_V1_01_easy,V1,OV_MH_01_easy|OV_MH_02_easy|OV_V2_01_easy,OV_MH_03_medium|OV_MH_04_difficult|OV_MH_05_difficult|OV_V2_02_medium|OV_V2_03_difficult,OV_V1_01_easy,empirical_full_6d,AgACI-EWA,exponential_weights,0.01,0.99,7955,2706,0.999630450849963,0.009630450849963057,-8.616902831692235,-8.483478069403121,-1.4368400495283105,-1.3701276683837535,5522.208855664071,7.428204232816674,0.10598847549818641,0.009616417337936778,1
cross_environment,cross_environment:V1:OV_V1_01_easy,V1,OV_MH_01_easy|OV_MH_02_easy|OV_V2_01_easy,OV_MH_03_medium|OV_MH_04_difficult|OV_MH_05_difficult|OV_V2_02_medium|OV_V2_03_difficult,OV_V1_01_easy,empirical_full_6d,ACI,none,0.05,0.95,7955,2706,0.9512195121951219,0.0012195121951219523,-9.00773268046275,-9.022951449055121,-1.632254973913568,-1.6398643582097536,7767.644621484054,6.751659225959847,0.13358555062823382,0.0246835443037975,1
cross_environment,cross_environment:V1:OV_V1_01_easy,V1,OV_MH_01_easy|OV_MH_02_easy|OV_V2_01_easy,OV_MH_03_medium|OV_MH_04_difficult|OV_MH_05_difficult|OV_V2_02_medium|OV_V2_03_difficult,OV_V1_01_easy,empirical_full_6d,AgACI-EWA,exponential_weights,0.05,0.95,7955,2706,0.9977827050997783,0.04778270509977833,-8.941813196468157,-8.98272444850245,-1.5992952319162717,-1.6197508579334183,7628.095144710098,6.796857926835346,0.1311358221000712,0.04769850402761844,1
cross_environment,cross_environment:V1:OV_V1_01_easy,V1,OV_MH_01_easy|OV_MH_02_easy|OV_V2_01_easy,OV_MH_03_medium|OV_MH_04_difficult|OV_MH_05_difficult|OV_V2_02_medium|OV_V2_03_difficult,OV_V1_01_easy,empirical_full_6d,ACI,none,0.1,0.9,7955,2706,0.8994826311899483,0.0005173688100517104,-9.093711227728928,-9.1374187361749,-1.6752442475466571,-1.697098001769644,8004.632315698857,6.623664809638583,0.1407926829268293,0.024714230916762604,2
cross_environment,cross_environment:V1:OV_V1_01_easy,V1,OV_MH_01_easy|OV_MH_02_easy|OV_V2_01_easy,OV_MH_03_medium|OV_MH_04_difficult|OV_MH_05_difficult|OV_V2_02_medium|OV_V2_03_difficult,OV_V1_01_easy,empirical_full_6d,AgACI-EWA,exponential_weights,0.1,0.9,7955,2706,0.975240206947524,0.07524020694752398,-9.043707551388053,-9.10465795205475,-1.6502424093762196,-1.6807176097095688,8255.509537491838,6.658877192259192,0.13886515564699645,0.07579209819716191,2
cross_environment,cross_environment:V1:OV_V1_01_easy,V1,OV_MH_01_easy|OV_MH_02_easy|OV_V2_01_easy,OV_MH_03_medium|OV_MH_04_difficult|OV_MH_05_difficult|OV_V2_02_medium|OV_V2_03_difficult,OV_V1_01_easy,empirical_full_6d,ACI,none,0.2,0.8,7955,2706,0.795639320029564,0.004360679970436099,-9.127854617996539,-9.178401548832634,-1.6923159426804624,-1.7175894080985101,7326.4422348201,6.579124043164347,0.14325942350332588,0.02545070962792484,6
cross_environment,cross_environment:V1:OV_V1_01_easy,V1,OV_MH_01_easy|OV_MH_02_easy|OV_V2_01_easy,OV_MH_03_medium|OV_MH_04_difficult|OV_MH_05_difficult|OV_V2_02_medium|OV_V2_03_difficult,OV_V1_01_easy,empirical_full_6d,AgACI-EWA,exponential_weights,0.2,0.8,7955,2706,0.877309682187731,0.07730968218773093,-9.11871916397019,-9.173763454941879,-1.687748215667288,-1.7152703611531335,8005.018451372202,6.58354623169162,0.14299596278556803,0.08565784426543956,8
cross_environment,cross_environment:V1:OV_V1_01_easy,V1,OV_MH_01_easy|OV_MH_02_easy|OV_V2_01_easy,OV_MH_03_medium|OV_MH_04_difficult|OV_MH_05_difficult|OV_V2_02_medium|OV_V2_03_difficult,OV_V1_01_easy,empirical_full_6d,ACI,none,0.4,0.6,7955,2706,0.5883222468588323,0.011677753141167702,-9.155716961703208,-9.24280842031194,-1.706247114533797,-1.7497928438381634,5570.480079244852,6.514473075708937,0.14729859571322967,0.027222861526659016,43
cross_environment,cross_environment:V1:OV_V1_01_easy,V1,OV_MH_01_easy|OV_MH_02_easy|OV_V2_01_easy,OV_MH_03_medium|OV_MH_04_difficult|OV_MH_05_difficult|OV_V2_02_medium|OV_V2_03_difficult,OV_V1_01_easy,empirical_full_6d,AgACI-EWA,exponential_weights,0.4,0.6,7955,2706,0.6363636363636364,0.036363636363636376,-9.155716961703313,-9.218119313690266,-1.706247114533849,-1.7374482905273259,6025.3559651134665,6.537881025849346,0.14576427784365265,0.05498657460682793,19
cross_environment,cross_environment:V1:OV_V1_01_easy,V1,OV_MH_01_easy|OV_MH_02_easy|OV_V2_01_easy,OV_MH_03_medium|OV_MH_04_difficult|OV_MH_05_difficult|OV_V2_02_medium|OV_V2_03_difficult,OV_V1_01_easy,empirical_full_6d,ACI,none,0.5,0.5,7955,2706,0.48484848484848486,0.015151515151515138,-9.167167910163181,-9.298641610250861,-1.7119725887637838,-1.7777094388076236,4643.617945099647,6.464034831109543,0.15106245380635594,0.02927886459532031,71
cross_environment,cross_environment:V1:OV_V1_01_easy,V1,OV_MH_01_easy|OV_MH_02_easy|OV_V2_01_easy,OV_MH_03_medium|OV_MH_04_difficult|OV_MH_05_difficult|OV_V2_02_medium|OV_V2_03_difficult,OV_V1_01_easy,empirical_full_6d,AgACI-EWA,exponential_weights,0.5,0.5,7955,2706,0.4948263118994826,0.005173688100517382,-9.214142183343935,-9.255698858032419,-1.7354597253541604,-1.7562380626984024,4967.111287860323,6.501018533170925,0.14812275847252587,0.02397008055235906,26
cross_environment,cross_environment:V1:OV_V1_02_medium,V1,OV_MH_01_easy|OV_MH_02_easy|OV_V2_01_easy,OV_MH_03_medium|OV_MH_04_difficult|OV_MH_05_difficult|OV_V2_02_medium|OV_V2_03_difficult,OV_V1_02_medium,openvins_full_6d,ACI,none,0.01,0.99,7955,1522,1.0,0.010000000000000009,-4.556018828718166,-4.010278342259211,3.7232840684116333,3.8061316241953977,95.20370210684588,39.73890159024319,0.08605000000000085,0.010000000000000453,0
cross_environment,cross_environment:V1:OV_V1_02_medium,V1,OV_MH_01_easy|OV_MH_02_easy|OV_V2_01_easy,OV_MH_03_medium|OV_MH_04_difficult|OV_MH_05_difficult|OV_V2_02_medium|OV_V2_03_difficult,OV_V1_02_medium,openvins_full_6d,AgACI-EWA,exponential_weights,0.01,0.99,7955,1522,0.9986859395532195,0.008685939553219502,-6.97868050941006,-6.4081265852529,2.4172960175035945,2.6072075026985533,1072.0903125123136,28.0385444106477,0.2845397916065226,0.009943780744905524,1
cross_environment,cross_environment:V1:OV_V1_02_medium,V1,OV_MH_01_easy|OV_MH_02_easy|OV_V2_01_easy,OV_MH_03_medium|OV_MH_04_difficult|OV_MH_05_difficult|OV_V2_02_medium|OV_V2_03_difficult,OV_V1_02_medium,openvins_full_6d,ACI,none,0.05,0.95,7955,1522,0.9796320630749015,0.029632063074901516,-7.65388386982046,-7.116904665618831,2.1626206103677603,2.252818462515587,2065.8677729674514,24.055151035233393,0.3206310775295666,0.055509486999297676,18
cross_environment,cross_environment:V1:OV_V1_02_medium,V1,OV_MH_01_easy|OV_MH_02_easy|OV_V2_01_easy,OV_MH_03_medium|OV_MH_04_difficult|OV_MH_05_difficult|OV_V2_02_medium|OV_V2_03_difficult,OV_V1_02_medium,openvins_full_6d,AgACI-EWA,exponential_weights,0.05,0.95,7955,1522,0.9605781865965834,0.010578186596583494,-10.775530766356923,-10.206089608622738,0.5392496737855375,0.7082259910136337,45950.079974260916,15.351528412889794,0.5985423565216076,0.0297751229796207,2
cross_environment,cross_environment:V1:OV_V1_02_medium,V1,OV_MH_01_easy|OV_MH_02_easy|OV_V2_01_easy,OV_MH_03_medium|OV_MH_04_difficult|OV_MH_05_difficult|OV_V2_02_medium|OV_V2_03_difficult,OV_V1_02_medium,openvins_full_6d,ACI,none,0.1,0.9,7955,1522,0.9421813403416557,0.04218134034165566,-9.790370241089754,-8.826685529164596,1.1383950943861993,1.3979280307427047,16828.22346246922,18.274120718592375,0.4671754270696455,0.09949402670414648,35
cross_environment,cross_environment:V1:OV_V1_02_medium,V1,OV_MH_01_easy|OV_MH_02_easy|OV_V2_01_easy,OV_MH_03_medium|OV_MH_04_difficult|OV_MH_05_difficult|OV_V2_02_medium|OV_V2_03_difficult,OV_V1_02_medium,openvins_full_6d,AgACI-EWA,exponential_weights,0.1,0.9,7955,1522,0.9139290407358739,0.013929040735873865,-11.51688905189132,-11.096220552036545,0.20407331809352502,0.2631605193067303,91755.86663450472,13.092363392468624,0.6729214953784582,0.033302881236823796,4
cross_environment,cross_environment:V1:OV_V1_02_medium,V1,OV_MH_01_easy|OV_MH_02_easy|OV_V2_01_easy,OV_MH_03_medium|OV_MH_04_difficult|OV_MH_05_difficult|OV_V2_02_medium|OV_V2_03_difficult,OV_V1_02_medium,openvins_full_6d,ACI,none,0.2,0.8,7955,1522,0.8403416557161629,0.04034165571616288,-10.698726018834204,-10.163078779372576,0.6180452898067355,0.7297314056387144,37226.616509847205,14.582597087775147,0.5969526938239162,0.14518622628250197,53
cross_environment,cross_environment:V1:OV_V1_02_medium,V1,OV_MH_01_easy|OV_MH_02_easy|OV_V2_01_easy,OV_MH_03_medium|OV_MH_04_difficult|OV_MH_05_difficult|OV_V2_02_medium|OV_V2_03_difficult,OV_V1_02_medium,openvins_full_6d,AgACI-EWA,exponential_weights,0.2,0.8,7955,1522,0.8127463863337714,0.012746386333771342,-11.969467820365876,-11.868887565827599,-0.03145873638842378,-0.12317298758879607,128300.65481061558,11.67001264754945,0.7219635962506104,0.030892480674631177,6
cross_environment,cross_environment:V1:OV_V1_02_medium,V1,OV_MH_01_easy|OV_MH_02_easy|OV_V2_01_easy,OV_MH_03_medium|OV_MH_04_difficult|OV_MH_05_difficult|OV_V2_02_medium|OV_V2_03_difficult,OV_V1_02_medium,openvins_full_6d,ACI,none,0.4,0.6,7955,1522,0.6294349540078844,0.02943495400788443,-11.750944077599906,-11.800163105867673,0.014081840846971616,-0.08881075760883385,79858.47760595045,11.38773282761777,0.7265926412614984,0.15028109627547448,64
cross_environment,cross_environment:V1:OV_V1_02_medium,V1,OV_MH_01_easy|OV_MH_02_easy|OV_V2_01_easy,OV_MH_03_medium|OV_MH_04_difficult|OV_MH_05_difficult|OV_V2_02_medium|OV_V2_03_difficult,OV_V1_02_medium,openvins_full_6d,AgACI-EWA,exponential_weights,0.4,0.6,7955,1522,0.626149802890933,0.02614980289093305,-12.30426319959864,-12.498923677315537,-0.21099673939112673,-0.4381910433327666,138150.3086937084,10.67716188917324,0.7554630749461447,0.053443429374560876,14
cross_environment,cross_environment:V1:OV_V1_02_medium,V1,OV_MH_01_easy|OV_MH_02_easy|OV_V2_01_easy,OV_MH_03_medium|OV_MH_04_difficult|OV_MH_05_difficult|OV_V2_02_medium|OV_V2_03_difficult,OV_V1_02_medium,openvins_full_6d,ACI,none,0.5,0.5,7955,1522,0.5236530880420499,0.023653088042049908,-12.154757479078258,-12.274090944972029,-0.17669712623816114,-0.32577467716101155,99491.91061071878,10.521060851004343,0.7643134034165574,0.13791286015460302,79
cross_environment,cross_environment:V1:OV_V1_02_medium,V1,OV_MH_01_easy|OV_MH_02_easy|OV_V2_01_easy,OV_MH_03_medium|OV_MH_04_difficult|OV_MH_05_difficult|OV_V2_02_medium|OV_V2_03_difficult,OV_V1_02_medium,openvins_full_6d,AgACI-EWA,exponential_weights,0.5,0.5,7955,1522,0.4940867279894875,0.005913272010512505,-12.377437829903098,-12.756757019979364,-0.25837796377011646,-0.5671077146646798,117288.69057186828,10.352478472138491,0.7652029430481139,0.07452565003513706,31
cross_environment,cross_environment:V1:OV_V1_02_medium,V1,OV_MH_01_easy|OV_MH_02_easy|OV_V2_01_easy,OV_MH_03_medium|OV_MH_04_difficult|OV_MH_05_difficult|OV_V2_02_medium|OV_V2_03_difficult,OV_V1_02_medium,empirical_full_6d,ACI,none,0.01,0.99,7955,1522,1.0,0.010000000000000009,-8.33361367173827,-8.137204438914077,-1.2951954695513286,-1.1969908531392313,4161.428450081745,7.917646931250347,0.08605000000000085,0.010000000000000453,0
cross_environment,cross_environment:V1:OV_V1_02_medium,V1,OV_MH_01_easy|OV_MH_02_easy|OV_V2_01_easy,OV_MH_03_medium|OV_MH_04_difficult|OV_MH_05_difficult|OV_V2_02_medium|OV_V2_03_difficult,OV_V1_02_medium,empirical_full_6d,AgACI-EWA,exponential_weights,0.01,0.99,7955,1522,1.0,0.010000000000000009,-13.199782678650928,-12.051092359476117,-3.7282799730076572,-3.1539348134202516,540247.5171689454,4.730985842741949,0.39255662111660383,0.010000000000000453,0
cross_environment,cross_environment:V1:OV_V1_02_medium,V1,OV_MH_01_easy|OV_MH_02_easy|OV_V2_01_easy,OV_MH_03_medium|OV_MH_04_difficult|OV_MH_05_difficult|OV_V2_02_medium|OV_V2_03_difficult,OV_V1_02_medium,empirical_full_6d,ACI,none,0.05,0.95,7955,1522,0.9914586070959264,0.041458607095926414,-13.001876784112971,-12.67139725056663,-3.6293270257386787,-3.464087258965507,439458.5607743421,3.993232779969415,0.4132591984231209,0.05094167252283949,4
cross_environment,cross_environment:V1:OV_V1_02_medium,V1,OV_MH_01_easy|OV_MH_02_easy|OV_V2_01_easy,OV_MH_03_medium|OV_MH_04_difficult|OV_MH_05_difficult|OV_V2_02_medium|OV_V2_03_difficult,OV_V1_02_medium,empirical_full_6d,AgACI-EWA,exponential_weights,0.05,0.95,7955,1522,0.9730617608409987,0.023061760840998757,-15.688576776211333,-15.191298844892534,-4.9726770217878595,-4.72403805612846,6332901.437494712,2.617331752145752,0.63760630552856,0.028482080112438895,1
cross_environment,cross_environment:V1:OV_V1_02_medium,V1,OV_MH_01_easy|OV_MH_02_easy|OV_V2_01_easy,OV_MH_03_medium|OV_MH_04_difficult|OV_MH_05_difficult|OV_V2_02_medium|OV_V2_03_difficult,OV_V1_02_medium,empirical_full_6d,ACI,none,0.1,0.9,7955,1522,0.9421813403416557,0.04218134034165566,-15.404399008655316,-14.629511550275058,-4.830588138009851,-4.443144408819722,4615087.988002018,2.8539739589125452,0.5821688567674117,0.0840477863668309,15
cross_environment,cross_environment:V1:OV_V1_02_medium,V1,OV_MH_01_easy|OV_MH_02_easy|OV_V2_01_easy,OV_MH_03_medium|OV_MH_04_difficult|OV_MH_05_difficult|OV_V2_02_medium|OV_V2_03_difficult,OV_V1_02_medium,empirical_full_6d,AgACI-EWA,exponential_weights,0.1,0.9,7955,1522,0.9507227332457293,0.05072273324572929,-15.841029860190979,-15.650679629807083,-5.0489035637776825,-4.953728448585735,7206522.296192678,2.3657736382506784,0.6738564093964077,0.05226985242445582,2
cross_environment,cross_environment:V1:OV_V1_02_medium,V1,OV_MH_01_easy|OV_MH_02_easy|OV_V2_01_easy,OV_MH_03_medium|OV_MH_04_difficult|OV_MH_05_difficult|OV_V2_02_medium|OV_V2_03_difficult,OV_V1_02_medium,empirical_full_6d,ACI,none,0.2,0.8,7955,1522,0.8363994743758213,0.03639947437582125,-15.845061648287611,-15.533121157573197,-5.050919457825998,-4.894949212468791,6365559.625532958,2.3557300600816653,0.6622614980289097,0.0903443429374563,20
cross_environment,cross_environment:V1:OV_V1_02_medium,V1,OV_MH_01_easy|OV_MH_02_easy|OV_V2_01_easy,OV_MH_03_medium|OV_MH_04_difficult|OV_MH_05_difficult|OV_V2_02_medium|OV_V2_03_difficult,OV_V1_02_medium,empirical_full_6d,AgACI-EWA,exponential_weights,0.2,0.8,7955,1522,0.9080157687253614,0.10801576872536134,-15.928274626244797,-15.916629911618292,-5.0925259468045905,-5.08670358949134,7510263.368380506,2.232429000348139,0.6944845779789395,0.11196767392832085,5
cross_environment,cross_environment:V1:OV_V1_02_medium,V1,OV_MH_01_easy|OV_MH_02_easy|OV_V2_01_easy,OV_MH_03_medium|OV_MH_04_difficult|OV_MH_05_difficult|OV_V2_02_medium|OV_V2_03_difficult,OV_V1_02_medium,empirical_full_6d,ACI,none,0.4,0.6,7955,1522,0.6254927726675427,0.025492772667542685,-16.086643861368586,-16.02157275239163,-5.171710564366485,-5.1391750098780085,6061260.609237128,2.1730750387958904,0.7036097240473064,0.10053408292340142,43
cross_environment,cross_environment:V1:OV_V1_02_medium,V1,OV_MH_01_easy|OV_MH_02_easy|OV_V2_01_easy,OV_MH_03_medium|OV_MH_04_difficult|OV_MH_05_difficult|OV_V2_02_medium|OV_V2_03_difficult,OV_V1_02_medium,empirical_full_6d,AgACI-EWA,exponential_weights,0.4,0.6,7955,1522,0.6984231274638634,0.09842312746386339,-16.062160653120827,-16.094826449672247,-5.159468960242606,-5.175801858518317,6604293.2836735705,2.1571601528341966,0.7086776988620799,0.1352424455375969,22
cross_environment,cross_environment:V1:OV_V1_02_medium,V1,OV_MH_01_easy|OV_MH_02_easy|OV_V2_01_easy,OV_MH_03_medium|OV_MH_04_difficult|OV_MH_05_difficult|OV_V2_02_medium|OV_V2_03_difficult,OV_V1_02_medium,empirical_full_6d,ACI,none,0.5,0.5,7955,1522,0.519053876478318,0.01905387647831802,-16.205304533518582,-16.164629205043695,-5.231040900441484,-5.210703236204039,5663524.39237954,2.127467540616576,0.7148620236530882,0.10226282501756863,73
cross_environment,cross_environment:V1:OV_V1_02_medium,V1,OV_MH_01_easy|OV_MH_02_easy|OV_V2_01_easy,OV_MH_03_medium|OV_MH_04_difficult|OV_MH_05_difficult|OV_V2_02_medium|OV_V2_03_difficult,OV_V1_02_medium,empirical_full_6d,AgACI-EWA,exponential_weights,0.5,0.5,7955,1522,0.5177398160315374,0.017739816031537403,-16.115893643606622,-16.17639158108581,-5.186335455485504,-5.216584424225097,5166010.034473701,2.125593275689176,0.7153471651415553,0.09567814476458197,37
cross_environment,cross_environment:V1:OV_V1_03_difficult,V1,OV_MH_01_easy|OV_MH_02_easy|OV_V2_01_easy,OV_MH_03_medium|OV_MH_04_difficult|OV_MH_05_difficult|OV_V2_02_medium|OV_V2_03_difficult,OV_V1_03_difficult,openvins_full_6d,ACI,none,0.01,0.99,7955,1895,0.9899736147757255,2.6385224274450003e-05,-2.5098596293200437,-2.0516874976588593,4.47759347465372,4.644793170938742,12.179846278261115,132.30074892541822,0.033035989445910616,0.014977728285078188,2
cross_environment,cross_environment:V1:OV_V1_03_difficult,V1,OV_MH_01_easy|OV_MH_02_easy|OV_V2_01_easy,OV_MH_03_medium|OV_MH_04_difficult|OV_MH_05_difficult|OV_V2_02_medium|OV_V2_03_difficult,OV_V1_03_difficult,openvins_full_6d,AgACI-EWA,exponential_weights,0.01,0.99,7955,1895,0.9947229551451188,0.004722955145118779,-2.039363855166961,-1.9227634605456883,4.61216852534365,4.7092551894953285,7.645160532553807,62.09343157126555,0.02404530898247347,0.013084632516704183,7
cross_environment,cross_environment:V1:OV_V1_03_difficult,V1,OV_MH_01_easy|OV_MH_02_easy|OV_V2_01_easy,OV_MH_03_medium|OV_MH_04_difficult|OV_MH_05_difficult|OV_V2_02_medium|OV_V2_03_difficult,OV_V1_03_difficult,openvins_full_6d,ACI,none,0.05,0.95,7955,1895,0.950395778364116,0.0003957783641160839,-3.8855636986230344,-3.607329018463428,3.744480457114463,3.866972410536458,46.278936680944874,108.27138658861749,0.09699577836411621,0.06348552338530086,10
cross_environment,cross_environment:V1:OV_V1_03_difficult,V1,OV_MH_01_easy|OV_MH_02_easy|OV_V2_01_easy,OV_MH_03_medium|OV_MH_04_difficult|OV_MH_05_difficult|OV_V2_02_medium|OV_V2_03_difficult,OV_V1_03_difficult,openvins_full_6d,AgACI-EWA,exponential_weights,0.05,0.95,7955,1895,0.9598944591029024,0.009894459102902431,-3.2899798246413035,-3.479346255540539,3.962645273183348,3.9309637919979026,25.7657962503263,67.09902628792348,0.09916903670662433,0.055790645879732974,25
cross_environment,cross_environment:V1:OV_V1_03_difficult,V1,OV_MH_01_easy|OV_MH_02_easy|OV_V2_01_easy,OV_MH_03_medium|OV_MH_04_difficult|OV_MH_05_difficult|OV_V2_02_medium|OV_V2_03_difficult,OV_V1_03_difficult,openvins_full_6d,ACI,none,0.1,0.9,7955,1895,0.9018469656992084,0.0018469656992083916,-4.7416464518449395,-4.3370538937032785,3.220987453803586,3.5021099729165326,103.37219486441295,144.91592011101508,0.15437889182058057,0.10643652561247237,29
cross_environment,cross_environment:V1:OV_V1_03_difficult,V1,OV_MH_01_easy|OV_MH_02_easy|OV_V2_01_easy,OV_MH_03_medium|OV_MH_04_difficult|OV_MH_05_difficult|OV_V2_02_medium|OV_V2_03_difficult,OV_V1_03_difficult,openvins_full_6d,AgACI-EWA,exponential_weights,0.1,0.9,7955,1895,0.9102902374670184,0.010290237467018404,-4.160783477253041,-4.327055945545583,3.5985340323812736,3.5071089469953804,58.36939470543731,64.15725337705214,0.15224149076726795,0.10329621380846346,43
cross_environment,cross_environment:V1:OV_V1_03_difficult,V1,OV_MH_01_easy|OV_MH_02_easy|OV_V2_01_easy,OV_MH_03_medium|OV_MH_04_difficult|OV_MH_05_difficult|OV_V2_02_medium|OV_V2_03_difficult,OV_V1_03_difficult,openvins_full_6d,ACI,none,0.2,0.8,7955,1895,0.8026385224274406,0.0026385224274405594,-5.443659547685911,-4.999591971208,2.8892900407685236,3.1708409341641723,185.63989011149306,182.71823562264024,0.21498364116095003,0.14855233853006705,75
cross_environment,cross_environment:V1:OV_V1_03_difficult,V1,OV_MH_01_easy|OV_MH_02_easy|OV_V2_01_easy,OV_MH_03_medium|OV_MH_04_difficult|OV_MH_05_difficult|OV_V2_02_medium|OV_V2_03_difficult,OV_V1_03_difficult,openvins_full_6d,AgACI-EWA,exponential_weights,0.2,0.8,7955,1895,0.816358839050132,0.016358839050131913,-5.032027675905429,-5.102977051055078,3.1944976465692108,3.1191483942406326,125.10162524584392,67.43314896762058,0.20970472122362427,0.16938752783964386,107
cross_environment,cross_environment:V1:OV_V1_03_difficult,V1,OV_MH_01_easy|OV_MH_02_easy|OV_V2_01_easy,OV_MH_03_medium|OV_MH_04_difficult|OV_MH_05_difficult|OV_V2_02_medium|OV_V2_03_difficult,OV_V1_03_difficult,openvins_full_6d,ACI,none,0.4,0.6,7955,1895,0.5963060686015831,0.0036939313984168942,-6.003063017889659,-5.98500709931665,2.7331121771388034,2.678133370109846,241.30502861132737,117.6683155365752,0.2866796833773088,0.18127505567928745,127
cross_environment,cross_environment:V1:OV_V1_03_difficult,V1,OV_MH_01_easy|OV_MH_02_easy|OV_V2_01_easy,OV_MH_03_medium|OV_MH_04_difficult|OV_MH_05_difficult|OV_V2_02_medium|OV_V2_03_difficult,OV_V1_03_difficult,openvins_full_6d,AgACI-EWA,exponential_weights,0.4,0.6,7955,1895,0.6195250659630607,0.019525065963060695,-5.846051622873702,-5.9655097887295065,2.798023323586623,2.687882025403419,214.27270061879938,73.77188759386772,0.2720850177025248,0.21532850779510043,193
cross_environment,cross_environment:V1:OV_V1_03_difficult,V1,OV_MH_01_easy|OV_MH_02_easy|OV_V2_01_easy,OV_MH_03_medium|OV_MH_04_difficult|OV_MH_05_difficult|OV_V2_02_medium|OV_V2_03_difficult,OV_V1_03_difficult,openvins_full_6d,ACI,none,0.5,0.5,7955,1895,0.49182058047493404,0.008179419525065956,-6.195767783741996,-6.217751745691963,2.662196305949317,2.5617610469221908,241.32063403015954,164.37756611165898,0.31517414248021114,0.18400334075723845,164
cross_environment,cross_environment:V1:OV_V1_03_difficult,V1,OV_MH_01_easy|OV_MH_02_easy|OV_V2_01_easy,OV_MH_03_medium|OV_MH_04_difficult|OV_MH_05_difficult|OV_V2_02_medium|OV_V2_03_difficult,OV_V1_03_difficult,openvins_full_6d,AgACI-EWA,exponential_weights,0.5,0.5,7955,1895,0.5393139841688654,0.039313984168865446,-5.976125426611361,-6.171095113470137,2.769412510612126,2.585089363033103,212.44180241324855,62.58113228158573,0.2900140877634519,0.1708129175946549,179
cross_environment,cross_environment:V1:OV_V1_03_difficult,V1,OV_MH_01_easy|OV_MH_02_easy|OV_V2_01_easy,OV_MH_03_medium|OV_MH_04_difficult|OV_MH_05_difficult|OV_V2_02_medium|OV_V2_03_difficult,OV_V1_03_difficult,empirical_full_6d,ACI,none,0.01,0.99,7955,1895,1.0,0.010000000000000009,-8.606947410303349,-8.47328974609614,-1.4318623388338674,-1.3650335067302626,5469.52694688997,7.515120569586497,0.10469999999999999,0.010000000000000453,0
cross_environment,cross_environment:V1:OV_V1_03_difficult,V1,OV_MH_01_easy|OV_MH_02_easy|OV_V2_01_easy,OV_MH_03_medium|OV_MH_04_difficult|OV_MH_05_difficult|OV_V2_02_medium|OV_V2_03_difficult,OV_V1_03_difficult,empirical_full_6d,AgACI-EWA,exponential_weights,0.01,0.99,7955,1895,0.9989445910290238,0.008944591029023785,-11.378112910185438,-10.741379503622557,-2.817445088774912,-2.499078385493472,87295.74004295161,5.354793858796666,0.2662770972199397,0.008886414253898002,1
cross_environment,cross_environment:V1:OV_V1_03_difficult,V1,OV_MH_01_easy|OV_MH_02_easy|OV_V2_01_easy,OV_MH_03_medium|OV_MH_04_difficult|OV_MH_05_difficult|OV_V2_02_medium|OV_V2_03_difficult,OV_V1_03_difficult,empirical_full_6d,ACI,none,0.05,0.95,7955,1895,0.9625329815303431,0.012532981530343101,-11.754606832807188,-11.48083553645107,-3.005692050085787,-2.8688064019077273,122567.83195072754,4.589184814134779,0.30489841688654373,0.04883073496659266,10
cross_environment,cross_environment:V1:OV_V1_03_difficult,V1,OV_MH_01_easy|OV_MH_02_easy|OV_V2_01_easy,OV_MH_03_medium|OV_MH_04_difficult|OV_MH_05_difficult|OV_V2_02_medium|OV_V2_03_difficult,OV_V1_03_difficult,empirical_full_6d,AgACI-EWA,exponential_weights,0.05,0.95,7955,1895,0.9709762532981531,0.020976253298153114,-12.456168750582355,-12.386990082919148,-3.3564730089733708,-3.3218836751417666,249375.60275072555,3.936865382274815,0.3793477668770492,0.02310133630289574,1
cross_environment,cross_environment:V1:OV_V1_03_difficult,V1,OV_MH_01_easy|OV_MH_02_easy|OV_V2_01_easy,OV_MH_03_medium|OV_MH_04_difficult|OV_MH_05_difficult|OV_V2_02_medium|OV_V2_03_difficult,OV_V1_03_difficult,empirical_full_6d,ACI,none,0.1,0.9,7955,1895,0.9097625329815303,0.009762532981530292,-12.276672650865502,-12.314453031803717,-3.266724959114944,-3.285615149584052,195262.6754304206,3.9669507466871936,0.3700923482849607,0.07086302895322952,13
cross_environment,cross_environment:V1:OV_V1_03_difficult,V1,OV_MH_01_easy|OV_MH_02_easy|OV_V2_01_easy,OV_MH_03_medium|OV_MH_04_difficult|OV_MH_05_difficult|OV_V2_02_medium|OV_V2_03_difficult,OV_V1_03_difficult,empirical_full_6d,AgACI-EWA,exponential_weights,0.1,0.9,7955,1895,0.9366754617414248,0.036675461741424775,-12.704447330302033,-12.712263541059285,-3.4806122988332096,-3.4845204042118363,308361.7589280222,3.7035890917908634,0.40468462886641987,0.035846325167038284,1
cross_environment,cross_environment:V1:OV_V1_03_difficult,V1,OV_MH_01_easy|OV_MH_02_easy|OV_V2_01_easy,OV_MH_03_medium|OV_MH_04_difficult|OV_MH_05_difficult|OV_V2_02_medium|OV_V2_03_difficult,OV_V1_03_difficult,empirical_full_6d,ACI,none,0.2,0.8,7955,1895,0.8047493403693932,0.004749340369393118,-12.676507260587282,-12.77959766282924,-3.4666422639758343,-3.5181874650968132,257630.80021380563,3.6419717434115353,0.40794722955145135,0.07376948775055689,17
cross_environment,cross_environment:V1:OV_V1_03_difficult,V1,OV_MH_01_easy|OV_MH_02_easy|OV_V2_01_easy,OV_MH_03_medium|OV_MH_04_difficult|OV_MH_05_difficult|OV_V2_02_medium|OV_V2_03_difficult,OV_V1_03_difficult,empirical_full_6d,AgACI-EWA,exponential_weights,0.2,0.8,7955,1895,0.8854881266490765,0.08548812664907646,-12.886142522862844,-12.991310979265451,-3.571459895113615,-3.6240441233149183,349593.4868763102,3.5223174976761062,0.42721527304286894,0.08120267260579105,5
cross_environment,cross_environment:V1:OV_V1_03_difficult,V1,OV_MH_01_easy|OV_MH_02_easy|OV_V2_01_easy,OV_MH_03_medium|OV_MH_04_difficult|OV_MH_05_difficult|OV_V2_02_medium|OV_V2_03_difficult,OV_V1_03_difficult,empirical_full_6d,ACI,none,0.4,0.6,7955,1895,0.5941952506596306,0.005804749340369342,-13.122932104015167,-13.161475034430074,-3.6898546856897756,-3.70912615089723,297266.6407125744,3.414110245664675,0.4405277044854882,0.06441536748329627,38
cross_environment,cross_environment:V1:OV_V1_03_difficult,V1,OV_MH_01_easy|OV_MH_02_easy|OV_V2_01_easy,OV_MH_03_medium|OV_MH_04_difficult|OV_MH_05_difficult|OV_V2_02_medium|OV_V2_03_difficult,OV_V1_03_difficult,empirical_full_6d,AgACI-EWA,exponential_weights,0.4,0.6,7955,1895,0.6279683377308707,0.027968337730870707,-13.196080943163595,-13.207606383588425,-3.726429105263991,-3.7321918254764057,338004.81223742745,3.3950402753727236,0.4450732401210539,0.04392538975501123,18
cross_environment,cross_environment:V1:OV_V1_03_difficult,V1,OV_MH_01_easy|OV_MH_02_easy|OV_V2_01_easy,OV_MH_03_medium|OV_MH_04_difficult|OV_MH_05_difficult|OV_V2_02_medium|OV_V2_03_difficult,OV_V1_03_difficult,empirical_full_6d,ACI,none,0.5,0.5,7955,1895,0.48918205804749343,0.010817941952506571,-13.24244989722187,-13.2872722126263,-3.7496135822931285,-3.7720247399953437,275799.4762369529,3.3447227685682983,0.4515963060686015,0.06288418708240538,61
cross_environment,cross_environment:V1:OV_V1_03_difficult,V1,OV_MH_01_easy|OV_MH_02_easy|OV_V2_01_easy,OV_MH_03_medium|OV_MH_04_difficult|OV_MH_05_difficult|OV_V2_02_medium|OV_V2_03_difficult,OV_V1_03_difficult,empirical_full_6d,AgACI-EWA,exponential_weights,0.5,0.5,7955,1895,0.48970976253298154,0.01029023746701846,-13.33647532971502,-13.285055857721307,-3.796626298539703,-3.7709165625428462,303316.75818467437,3.3523865964301582,0.45160593582411696,0.04906458797327397,34
cross_environment,cross_environment:V2:OV_V2_01_easy,V2,OV_MH_01_easy|OV_MH_02_easy|OV_V1_01_easy,OV_MH_03_medium|OV_MH_04_difficult|OV_MH_05_difficult|OV_V1_02_medium|OV_V1_03_difficult,OV_V2_01_easy,openvins_full_6d,ACI,none,0.01,0.99,7610,2070,0.9565217391304348,0.03347826086956518,-1.8581904408585999,0.601315909982065,4.840232672047137,6.011953558699078,6.133335187691353,380.8363983715449,0.015371594202898707,0.04277524099441911,1
cross_environment,cross_environment:V2:OV_V2_01_easy,V2,OV_MH_01_easy|OV_MH_02_easy|OV_V1_01_easy,OV_MH_03_medium|OV_MH_04_difficult|OV_MH_05_difficult|OV_V1_02_medium|OV_V1_03_difficult,OV_V2_01_easy,openvins_full_6d,AgACI-EWA,exponential_weights,0.01,0.99,7610,2070,0.9637681159420289,0.026231884057971055,-1.9447250823560136,0.31286508880002395,4.815304593544109,5.867728148108056,6.738386640471819,310.48233238091154,0.0178424080213691,0.040806697108067155,1
cross_environment,cross_environment:V2:OV_V2_01_easy,V2,OV_MH_01_easy|OV_MH_02_easy|OV_V1_01_easy,OV_MH_03_medium|OV_MH_04_difficult|OV_MH_05_difficult|OV_V1_02_medium|OV_V1_03_difficult,OV_V2_01_easy,openvins_full_6d,ACI,none,0.05,0.95,7610,2070,0.8855072463768116,0.0644927536231884,-2.4971591250048064,-0.9146655521881125,4.612143130443479,5.2539628276139885,10.757083701997297,269.4930192388165,0.030548550724637805,0.08203450025367828,3
cross_environment,cross_environment:V2:OV_V2_01_easy,V2,OV_MH_01_easy|OV_MH_02_easy|OV_V1_01_easy,OV_MH_03_medium|OV_MH_04_difficult|OV_MH_05_difficult|OV_V1_02_medium|OV_V1_03_difficult,OV_V2_01_easy,openvins_full_6d,AgACI-EWA,exponential_weights,0.05,0.95,7610,2070,0.9154589371980676,0.034541062801932365,-2.476472781801565,-0.9220918485546585,4.664937680232256,5.250249679430715,10.893246532712258,274.24184879008556,0.041947305078992136,0.08378995433789971,10
cross_environment,cross_environment:V2:OV_V2_01_easy,V2,OV_MH_01_easy|OV_MH_02_easy|OV_V1_01_easy,OV_MH_03_medium|OV_MH_04_difficult|OV_MH_05_difficult|OV_V1_02_medium|OV_V1_03_difficult,OV_V2_01_easy,openvins_full_6d,ACI,none,0.1,0.9,7610,2070,0.8391304347826087,0.060869565217391286,-2.600568863530393,-0.981943186019559,4.582017544950767,5.220324010698266,11.304261104275401,283.088548698661,0.040276328502415554,0.08303906646372394,19
cross_environment,cross_environment:V2:OV_V2_01_easy,V2,OV_MH_01_easy|OV_MH_02_easy|OV_V1_01_easy,OV_MH_03_medium|OV_MH_04_difficult|OV_MH_05_difficult|OV_V1_02_medium|OV_V1_03_difficult,OV_V2_01_easy,openvins_full_6d,AgACI-EWA,exponential_weights,0.1,0.9,7610,2070,0.8797101449275362,0.020289855072463836,-2.63994747177402,-1.326957591712885,4.576799884576709,5.047816807851603,12.326909848945638,262.9760486712256,0.060605145860876265,0.09486555048198904,10
cross_environment,cross_environment:V2:OV_V2_01_easy,V2,OV_MH_01_easy|OV_MH_02_easy|OV_V1_01_easy,OV_MH_03_medium|OV_MH_04_difficult|OV_MH_05_difficult|OV_V1_02_medium|OV_V1_03_difficult,OV_V2_01_easy,openvins_full_6d,ACI,none,0.2,0.8,7610,2070,0.7478260869565218,0.05217391304347829,-2.7058811656310997,-1.1841235564793509,4.541102567558691,5.11923382546837,11.193086752961236,299.2226983832225,0.06216425120772961,0.08587519025875187,61
cross_environment,cross_environment:V2:OV_V2_01_easy,V2,OV_MH_01_easy|OV_MH_02_easy|OV_V1_01_easy,OV_MH_03_medium|OV_MH_04_difficult|OV_MH_05_difficult|OV_V1_02_medium|OV_V1_03_difficult,OV_V2_01_easy,openvins_full_6d,AgACI-EWA,exponential_weights,0.2,0.8,7610,2070,0.7942028985507247,0.005797101449275366,-2.558561783077465,-1.3862355296961946,4.575896653370961,5.018177838859947,10.25889847055051,260.70007797288383,0.06899764483652028,0.0857331303906648,13
cross_environment,cross_environment:V2:OV_V2_01_easy,V2,OV_MH_01_easy|OV_MH_02_easy|OV_V1_01_easy,OV_MH_03_medium|OV_MH_04_difficult|OV_MH_05_difficult|OV_V1_02_medium|OV_V1_03_difficult,OV_V2_01_easy,openvins_full_6d,ACI,none,0.4,0.6,7610,2070,0.5676328502415459,0.03236714975845412,-2.8526896667949266,-1.671035798523484,4.458459594842129,4.875777704446303,9.839542411768067,284.43810112262065,0.09182125603864726,0.06251648909183154,108
cross_environment,cross_environment:V2:OV_V2_01_easy,V2,OV_MH_01_easy|OV_MH_02_easy|OV_V1_01_easy,OV_MH_03_medium|OV_MH_04_difficult|OV_MH_05_difficult|OV_V1_02_medium|OV_V1_03_difficult,OV_V2_01_easy,openvins_full_6d,AgACI-EWA,exponential_weights,0.4,0.6,7610,2070,0.6594202898550725,0.05942028985507253,-2.79242806260271,-1.2857721127451816,4.495436320769236,5.068409547335455,10.762134234134503,267.33215084653955,0.07950063315769741,0.10556570268899053,27
cross_environment,cross_environment:V2:OV_V2_01_easy,V2,OV_MH_01_easy|OV_MH_02_easy|OV_V1_01_easy,OV_MH_03_medium|OV_MH_04_difficult|OV_MH_05_difficult|OV_V1_02_medium|OV_V1_03_difficult,OV_V2_01_easy,openvins_full_6d,ACI,none,0.5,0.5,7610,2070,0.4777777777777778,0.0222222222222222,-2.9140623077783037,-1.7605564677176415,4.425535906473373,4.831017369849224,8.80617124145055,289.582978144259,0.10040821256038633,0.050345002536783395,132
cross_environment,cross_environment:V2:OV_V2_01_easy,V2,OV_MH_01_easy|OV_MH_02_easy|OV_V1_01_easy,OV_MH_03_medium|OV_MH_04_difficult|OV_MH_05_difficult|OV_V1_02_medium|OV_V1_03_difficult,OV_V2_01_easy,openvins_full_6d,AgACI-EWA,exponential_weights,0.5,0.5,7610,2070,0.5323671497584541,0.03236714975845412,-2.9498565935367917,-1.8993039603922846,4.441367314242632,4.761643623511903,10.169923592362771,243.8451791824662,0.08488754981817073,0.06350076103500768,26
cross_environment,cross_environment:V2:OV_V2_01_easy,V2,OV_MH_01_easy|OV_MH_02_easy|OV_V1_01_easy,OV_MH_03_medium|OV_MH_04_difficult|OV_MH_05_difficult|OV_V1_02_medium|OV_V1_03_difficult,OV_V2_01_easy,empirical_full_6d,ACI,none,0.01,0.99,7610,2070,1.0,0.010000000000000009,-8.257306662100387,-8.07175446626168,-0.9707378647952831,-0.8779617668759295,3855.69541259292,7.448496443539327,0.11344999999999944,0.010000000000000453,0
cross_environment,cross_environment:V2:OV_V2_01_easy,V2,OV_MH_01_easy|OV_MH_02_easy|OV_V1_01_easy,OV_MH_03_medium|OV_MH_04_difficult|OV_MH_05_difficult|OV_V1_02_medium|OV_V1_03_difficult,OV_V2_01_easy,empirical_full_6d,AgACI-EWA,exponential_weights,0.01,0.99,7610,2070,0.9975845410628019,0.0075845410628019305,-11.118114779191258,-10.714104883288678,-2.4011419233407185,-2.1991369753894277,67218.0033972111,5.099389220639975,0.33990937923037307,0.009685438863521453,1
cross_environment,cross_environment:V2:OV_V2_01_easy,V2,OV_MH_01_easy|OV_MH_02_easy|OV_V1_01_easy,OV_MH_03_medium|OV_MH_04_difficult|OV_MH_05_difficult|OV_V1_02_medium|OV_V1_03_difficult,OV_V2_01_easy,empirical_full_6d,ACI,none,0.05,0.95,7610,2070,0.966183574879227,0.01618357487922706,-11.501122177551975,-11.523150315075956,-2.5926456225210774,-2.603659691283067,95484.64716115022,4.3053448836616335,0.3871727053139988,0.05100963977676332,9
cross_environment,cross_environment:V2:OV_V2_01_easy,V2,OV_MH_01_easy|OV_MH_02_easy|OV_V1_01_easy,OV_MH_03_medium|OV_MH_04_difficult|OV_MH_05_difficult|OV_V1_02_medium|OV_V1_03_difficult,OV_V2_01_easy,empirical_full_6d,AgACI-EWA,exponential_weights,0.05,0.95,7610,2070,0.966183574879227,0.01618357487922706,-13.08447925712801,-12.850254469779797,-3.3843241623090945,-3.2672117686349886,465132.61172209244,3.450313897908432,0.5026762449953853,0.02584982242516513,5
cross_environment,cross_environment:V2:OV_V2_01_easy,V2,OV_MH_01_easy|OV_MH_02_easy|OV_V1_01_easy,OV_MH_03_medium|OV_MH_04_difficult|OV_MH_05_difficult|OV_V1_02_medium|OV_V1_03_difficult,OV_V2_01_easy,empirical_full_6d,ACI,none,0.1,0.9,7610,2070,0.9140096618357488,0.01400966183574881,-13.121055684284201,-12.740708466557605,-3.4026123758871902,-3.212438767023891,456407.599427482,3.4720663949905606,0.48926328502415484,0.0673160832064943,17
cross_environment,cross_environment:V2:OV_V2_01_easy,V2,OV_MH_01_easy|OV_MH_02_easy|OV_V1_01_easy,OV_MH_03_medium|OV_MH_04_difficult|OV_MH_05_difficult|OV_V1_02_medium|OV_V1_03_difficult,OV_V2_01_easy,empirical_full_6d,AgACI-EWA,exponential_weights,0.1,0.9,7610,2070,0.9371980676328503,0.037198067632850274,-13.193563342577882,-13.147365499085955,-3.438866205034031,-3.4157672832880674,503179.7335286893,3.245021332161963,0.527358492749668,0.03824961948249656,10
cross_environment,cross_environment:V2:OV_V2_01_easy,V2,OV_MH_01_easy|OV_MH_02_easy|OV_V1_01_easy,OV_MH_03_medium|OV_MH_04_difficult|OV_MH_05_difficult|OV_V1_02_medium|OV_V1_03_difficult,OV_V2_01_easy,empirical_full_6d,ACI,none,0.2,0.8,7610,2070,0.8091787439613527,0.009178743961352653,-13.527355805582458,-13.352695985664608,-3.6057624365363186,-3.518432526577394,606597.263843207,3.1036794994980426,0.5416859903381644,0.08890410958904117,18
cross_environment,cross_environment:V2:OV_V2_01_easy,V2,OV_MH_01_easy|OV_MH_02_easy|OV_V1_01_easy,OV_MH_03_medium|OV_MH_04_difficult|OV_MH_05_difficult|OV_V1_02_medium|OV_V1_03_difficult,OV_V2_01_easy,empirical_full_6d,AgACI-EWA,exponential_weights,0.2,0.8,7610,2070,0.8888888888888888,0.0888888888888888,-13.388853860069421,-13.39656864066018,-3.5365114637798,-3.5403688540751794,580166.7402593723,3.088365080899128,0.5479662662502681,0.08798072044647426,17
cross_environment,cross_environment:V2:OV_V2_01_easy,V2,OV_MH_01_easy|OV_MH_02_easy|OV_V1_01_easy,OV_MH_03_medium|OV_MH_04_difficult|OV_MH_05_difficult|OV_V1_02_medium|OV_V1_03_difficult,OV_V2_01_easy,empirical_full_6d,ACI,none,0.4,0.6,7610,2070,0.5995169082125604,0.00048309178743954906,-13.622136050490715,-13.621748458674412,-3.653152558990447,-3.652958763082296,494105.803041958,2.9588391669441245,0.5661256038647344,0.09726027397260281,26
cross_environment,cross_environment:V2:OV_V2_01_easy,V2,OV_MH_01_easy|OV_MH_02_easy|OV_V1_01_easy,OV_MH_03_medium|OV_MH_04_difficult|OV_MH_05_difficult|OV_V1_02_medium|OV_V1_03_difficult,OV_V2_01_easy,empirical_full_6d,AgACI-EWA,exponential_weights,0.4,0.6,7610,2070,0.6888888888888889,0.0888888888888889,-13.589716011693994,-13.614825778527713,-3.6369425395920874,-3.649497423008946,549652.0531674401,2.965476475827102,0.5661220328477187,0.10227803145611387,19
cross_environment,cross_environment:V2:OV_V2_01_easy,V2,OV_MH_01_easy|OV_MH_02_easy|OV_V1_01_easy,OV_MH_03_medium|OV_MH_04_difficult|OV_MH_05_difficult|OV_V1_02_medium|OV_V1_03_difficult,OV_V2_01_easy,empirical_full_6d,ACI,none,0.5,0.5,7610,2070,0.49468599033816424,0.005314009661835761,-13.658435554858906,-13.679827517498895,-3.671302311174543,-3.681998292494537,422778.4128992327,2.931635883457784,0.5712729468599034,0.09822425164890923,34
cross_environment,cross_environment:V2:OV_V2_01_easy,V2,OV_MH_01_easy|OV_MH_02_easy|OV_V1_01_easy,OV_MH_03_medium|OV_MH_04_difficult|OV_MH_05_difficult|OV_V1_02_medium|OV_V1_03_difficult,OV_V2_01_easy,empirical_full_6d,AgACI-EWA,exponential_weights,0.5,0.5,7610,2070,0.529951690821256,0.02995169082125604,-13.645257673739827,-13.669095736805458,-3.6647133706150035,-3.676632402147819,446988.5453962594,2.937529053131064,0.5707221063957765,0.08538812785388138,22
cross_environment,cross_environment:V2:OV_V2_02_medium,V2,OV_MH_01_easy|OV_MH_02_easy|OV_V1_01_easy,OV_MH_03_medium|OV_MH_04_difficult|OV_MH_05_difficult|OV_V1_02_medium|OV_V1_03_difficult,OV_V2_02_medium,openvins_full_6d,ACI,none,0.01,0.99,7610,2249,0.9884393063583815,0.0015606936416184825,-3.1318068631887286,-2.7907410563109707,4.316211480219032,4.410956804701791,22.650429748519283,67.17942625267334,0.026217785682526248,0.014846511627907146,2
cross_environment,cross_environment:V2:OV_V2_02_medium,V2,OV_MH_01_easy|OV_MH_02_easy|OV_V1_01_easy,OV_MH_03_medium|OV_MH_04_difficult|OV_MH_05_difficult|OV_V1_02_medium|OV_V1_03_difficult,OV_V2_02_medium,openvins_full_6d,AgACI-EWA,exponential_weights,0.01,0.99,7610,2249,0.997332147621165,0.007332147621164964,-3.1538916374337944,-2.8710657084847293,4.260982046157068,4.370794478614913,23.3645570935732,72.37710098819231,0.03623620485959729,0.009172093023256174,2
cross_environment,cross_environment:V2:OV_V2_02_medium,V2,OV_MH_01_easy|OV_MH_02_easy|OV_V1_01_easy,OV_MH_03_medium|OV_MH_04_difficult|OV_MH_05_difficult|OV_V1_02_medium|OV_V1_03_difficult,OV_V2_02_medium,openvins_full_6d,ACI,none,0.05,0.95,7610,2249,0.9457536682970209,0.004246331702979056,-4.471700357172036,-4.359889991783335,3.456021388479776,3.6263823369656096,82.75854075011266,49.600349362131034,0.07354579813250363,0.05472558139534899,8
cross_environment,cross_environment:V2:OV_V2_02_medium,V2,OV_MH_01_easy|OV_MH_02_easy|OV_V1_01_easy,OV_MH_03_medium|OV_MH_04_difficult|OV_MH_05_difficult|OV_V1_02_medium|OV_V1_03_difficult,OV_V2_02_medium,openvins_full_6d,AgACI-EWA,exponential_weights,0.05,0.95,7610,2249,0.9568697198755002,0.006869719875500224,-4.673633232948546,-4.515956483723356,3.371119786120518,3.5483490909956,102.46745154738316,53.06435704890853,0.0912490096350487,0.04019534883720954,8
cross_environment,cross_environment:V2:OV_V2_02_medium,V2,OV_MH_01_easy|OV_MH_02_easy|OV_V1_01_easy,OV_MH_03_medium|OV_MH_04_difficult|OV_MH_05_difficult|OV_V1_02_medium|OV_V1_03_difficult,OV_V2_02_medium,openvins_full_6d,ACI,none,0.1,0.9,7610,2249,0.8932859048465985,0.006714095153401489,-5.077173772118346,-4.826069944594193,3.1668397582088748,3.3932923605601815,143.2118761325102,48.4765429001783,0.10030235660293484,0.07589302325581411,25
cross_environment,cross_environment:V2:OV_V2_02_medium,V2,OV_MH_01_easy|OV_MH_02_easy|OV_V1_01_easy,OV_MH_03_medium|OV_MH_04_difficult|OV_MH_05_difficult|OV_V1_02_medium|OV_V1_03_difficult,OV_V2_02_medium,openvins_full_6d,AgACI-EWA,exponential_weights,0.1,0.9,7610,2249,0.9017341040462428,0.001734104046242746,-5.09540540700166,-4.863422929539205,3.245677068352224,3.374615868087675,147.22614702307504,51.23378042359579,0.11345553543749216,0.07149767441860481,29
cross_environment,cross_environment:V2:OV_V2_02_medium,V2,OV_MH_01_easy|OV_MH_02_easy|OV_V1_01_easy,OV_MH_03_medium|OV_MH_04_difficult|OV_MH_05_difficult|OV_V1_02_medium|OV_V1_03_difficult,OV_V2_02_medium,openvins_full_6d,ACI,none,0.2,0.8,7610,2249,0.7896843041351712,0.010315695864828833,-5.710141887970007,-5.343213611588434,2.9762704491008307,3.134720527063061,238.41667055302446,46.28884586068759,0.13035660293463788,0.09920930232558155,51
cross_environment,cross_environment:V2:OV_V2_02_medium,V2,OV_MH_01_easy|OV_MH_02_easy|OV_V1_01_easy,OV_MH_03_medium|OV_MH_04_difficult|OV_MH_05_difficult|OV_V1_02_medium|OV_V1_03_difficult,OV_V2_02_medium,openvins_full_6d,AgACI-EWA,exponential_weights,0.2,0.8,7610,2249,0.7990217874610939,0.0009782125389061758,-5.645214561353793,-5.430626769011712,3.0509971559244455,3.0910139483514207,226.0706353367869,41.636514666047184,0.14406924006743813,0.06513023255813966,32
cross_environment,cross_environment:V2:OV_V2_02_medium,V2,OV_MH_01_easy|OV_MH_02_easy|OV_V1_01_easy,OV_MH_03_medium|OV_MH_04_difficult|OV_MH_05_difficult|OV_V1_02_medium|OV_V1_03_difficult,OV_V2_02_medium,openvins_full_6d,ACI,none,0.4,0.6,7610,2249,0.5833703868385949,0.0166296131614051,-6.0615095163236745,-6.013863293918833,2.7767440441239586,2.799395685897861,250.2790596342909,30.59571006656698,0.17252289906625157,0.11465581395348849,114
cross_environment,cross_environment:V2:OV_V2_02_medium,V2,OV_MH_01_easy|OV_MH_02_easy|OV_V1_01_easy,OV_MH_03_medium|OV_MH_04_difficult|OV_MH_05_difficult|OV_V1_02_medium|OV_V1_03_difficult,OV_V2_02_medium,openvins_full_6d,AgACI-EWA,exponential_weights,0.4,0.6,7610,2249,0.6122721209426412,0.012272120942641185,-5.799540237926944,-5.707845723884038,2.976586295555032,2.9524044709152584,202.14025430233986,35.81963826254546,0.15832503465416126,0.06352558139534899,49
cross_environment,cross_environment:V2:OV_V2_02_medium,V2,OV_MH_01_easy|OV_MH_02_easy|OV_V1_01_easy,OV_MH_03_medium|OV_MH_04_difficult|OV_MH_05_difficult|OV_V1_02_medium|OV_V1_03_difficult,OV_V2_02_medium,openvins_full_6d,ACI,none,0.5,0.5,7610,2249,0.4788795020008893,0.0211204979991107,-6.1885044798111934,-6.2196516902946986,2.7170497360596233,2.6965014877099285,233.27037884193834,29.72751610060411,0.18715429079590903,0.11266976744186054,138
cross_environment,cross_environment:V2:OV_V2_02_medium,V2,OV_MH_01_easy|OV_MH_02_easy|OV_V1_01_easy,OV_MH_03_medium|OV_MH_04_difficult|OV_MH_05_difficult|OV_V1_02_medium|OV_V1_03_difficult,OV_V2_02_medium,openvins_full_6d,AgACI-EWA,exponential_weights,0.5,0.5,7610,2249,0.4948866162738995,0.005113383726100484,-5.922854704937983,-5.863280806125939,2.9091341375230133,2.874686929794308,184.82845123452398,36.53569812992349,0.16636970907680068,0.061553488372093075,55
cross_environment,cross_environment:V2:OV_V2_02_medium,V2,OV_MH_01_easy|OV_MH_02_easy|OV_V1_01_easy,OV_MH_03_medium|OV_MH_04_difficult|OV_MH_05_difficult|OV_V1_02_medium|OV_V1_03_difficult,OV_V2_02_medium,empirical_full_6d,ACI,none,0.01,0.99,7610,2249,1.0,0.010000000000000009,-8.451261243225925,-8.210147335412369,-1.0677151553580524,-0.9471582014512743,4680.972859293608,7.291104732952816,0.12239999999999879,0.010000000000000453,0
cross_environment,cross_environment:V2:OV_V2_02_medium,V2,OV_MH_01_easy|OV_MH_02_easy|OV_V1_01_easy,OV_MH_03_medium|OV_MH_04_difficult|OV_MH_05_difficult|OV_V1_02_medium|OV_V1_03_difficult,OV_V2_02_medium,empirical_full_6d,AgACI-EWA,exponential_weights,0.01,0.99,7610,2249,0.9968875055580257,0.006887505558025753,-13.996453408010447,-12.649428029627785,-3.8403112377503135,-3.1667985485589814,1194616.844460054,4.052633406724897,0.5073523679489524,0.01106046511627945,1
cross_environment,cross_environment:V2:OV_V2_02_medium,V2,OV_MH_01_easy|OV_MH_02_easy|OV_V1_01_easy,OV_MH_03_medium|OV_MH_04_difficult|OV_MH_05_difficult|OV_V1_02_medium|OV_V1_03_difficult,OV_V2_02_medium,empirical_full_6d,ACI,none,0.05,0.95,7610,2249,0.9764339706536238,0.02643397065362385,-13.81866475985086,-12.96312093935293,-3.7514169136705195,-3.3236450034215563,979518.7029026283,3.5657836053594116,0.5104259670964665,0.057102325581395726,31
cross_environment,cross_environment:V2:OV_V2_02_medium,V2,OV_MH_01_easy|OV_MH_02_easy|OV_V1_01_easy,OV_MH_03_medium|OV_MH_04_difficult|OV_MH_05_difficult|OV_V1_02_medium|OV_V1_03_difficult,OV_V2_02_medium,empirical_full_6d,AgACI-EWA,exponential_weights,0.05,0.95,7610,2249,0.9573143619386394,0.007314361938639435,-16.307531760801346,-15.811348255403376,-4.995850414145762,-4.747758661446777,11569794.137244161,2.21426539443632,0.7617817724297749,0.019190697674418805,1
cross_environment,cross_environment:V2:OV_V2_02_medium,V2,OV_MH_01_easy|OV_MH_02_easy|OV_V1_01_easy,OV_MH_03_medium|OV_MH_04_difficult|OV_MH_05_difficult|OV_V1_02_medium|OV_V1_03_difficult,OV_V2_02_medium,empirical_full_6d,ACI,none,0.1,0.9,7610,2249,0.9239662072032014,0.023966207203201417,-15.578195133155383,-15.041604496406597,-4.63118210032278,-4.362886781948388,5384932.603283635,2.5265958820305774,0.6908385949310809,0.08149767441860485,37
cross_environment,cross_environment:V2:OV_V2_02_medium,V2,OV_MH_01_easy|OV_MH_02_easy|OV_V1_01_easy,OV_MH_03_medium|OV_MH_04_difficult|OV_MH_05_difficult|OV_V1_02_medium|OV_V1_03_difficult,OV_V2_02_medium,empirical_full_6d,AgACI-EWA,exponential_weights,0.1,0.9,7610,2249,0.925300133392619,0.02530013339261894,-16.621836890588774,-16.292633933579214,-5.153002979039478,-4.988401500534696,15312801.946395677,1.9750990999295426,0.7995655988045226,0.028502325581395708,2
cross_environment,cross_environment:V2:OV_V2_02_medium,V2,OV_MH_01_easy|OV_MH_02_easy|OV_V1_01_easy,OV_MH_03_medium|OV_MH_04_difficult|OV_MH_05_difficult|OV_V1_02_medium|OV_V1_03_difficult,OV_V2_02_medium,empirical_full_6d,ACI,none,0.2,0.8,7610,2249,0.8194753223654958,0.019475322365495762,-16.359968665235662,-16.165602794646738,-5.02206886636292,-4.924885931068457,10437103.620553112,2.0108548256417658,0.7850075589150739,0.1026093023255815,42
cross_environment,cross_environment:V2:OV_V2_02_medium,V2,OV_MH_01_easy|OV_MH_02_easy|OV_V1_01_easy,OV_MH_03_medium|OV_MH_04_difficult|OV_MH_05_difficult|OV_V1_02_medium|OV_V1_03_difficult,OV_V2_02_medium,empirical_full_6d,AgACI-EWA,exponential_weights,0.2,0.8,7610,2249,0.8652734548688306,0.06527345486883052,-16.801885148949456,-16.58025557396817,-5.243027108219817,-5.132212320729175,17144285.340262204,1.8491877405789756,0.820320847576665,0.06652558139534918,7
cross_environment,cross_environment:V2:OV_V2_02_medium,V2,OV_MH_01_easy|OV_MH_02_easy|OV_V1_01_easy,OV_MH_03_medium|OV_MH_04_difficult|OV_MH_05_difficult|OV_V1_02_medium|OV_V1_03_difficult,OV_V2_02_medium,empirical_full_6d,ACI,none,0.4,0.6,7610,2249,0.6109381947532236,0.010938194753223662,-16.875364395013335,-16.79404310377997,-5.279766731251758,-5.239106085635075,13027914.933405237,1.7674662138273203,0.8352085371276127,0.09258139534883729,55
cross_environment,cross_environment:V2:OV_V2_02_medium,V2,OV_MH_01_easy|OV_MH_02_easy|OV_V1_01_easy,OV_MH_03_medium|OV_MH_04_difficult|OV_MH_05_difficult|OV_V1_02_medium|OV_V1_03_difficult,OV_V2_02_medium,empirical_full_6d,AgACI-EWA,exponential_weights,0.4,0.6,7610,2249,0.6224988883948421,0.022498888394842154,-16.962126963599573,-16.8873446657354,-5.323148015544875,-5.285756866612791,14477604.950116383,1.7449260103470894,0.8402132275387628,0.048688372093023354,24
cross_environment,cross_environment:V2:OV_V2_02_medium,V2,OV_MH_01_easy|OV_MH_02_easy|OV_V1_01_easy,OV_MH_03_medium|OV_MH_04_difficult|OV_MH_05_difficult|OV_V1_02_medium|OV_V1_03_difficult,OV_V2_02_medium,empirical_full_6d,ACI,none,0.5,0.5,7610,2249,0.506447309915518,0.006447309915518007,-16.94508357372073,-16.937565990259316,-5.314626320605454,-5.310867528874748,11579520.077997126,1.7186547199649764,0.8456914184081817,0.08820465116279078,62
cross_environment,cross_environment:V2:OV_V2_02_medium,V2,OV_MH_01_easy|OV_MH_02_easy|OV_V1_01_easy,OV_MH_03_medium|OV_MH_04_difficult|OV_MH_05_difficult|OV_V1_02_medium|OV_V1_03_difficult,OV_V2_02_medium,empirical_full_6d,AgACI-EWA,exponential_weights,0.5,0.5,7610,2249,0.5024455313472654,0.0024455313472654394,-17.03184348275977,-16.987843631903637,-5.358006275124974,-5.336006349696906,12529237.142124683,1.712627999408461,0.8469532561633224,0.05657674418604654,39
cross_environment,cross_environment:V2:OV_V2_03_difficult,V2,OV_MH_01_easy|OV_MH_02_easy|OV_V1_01_easy,OV_MH_03_medium|OV_MH_04_difficult|OV_MH_05_difficult|OV_V1_02_medium|OV_V1_03_difficult,OV_V2_03_difficult,openvins_full_6d,ACI,none,0.01,0.99,7610,1755,0.9886039886039886,0.0013960113960114207,-3.4414311749287094,-2.9054633806885146,4.037344656009671,4.239397060577431,30.875708171372153,69.08918972318337,0.03773008547008644,0.017222222222222527,3
cross_environment,cross_environment:V2:OV_V2_03_difficult,V2,OV_MH_01_easy|OV_MH_02_easy|OV_V1_01_easy,OV_MH_03_medium|OV_MH_04_difficult|OV_MH_05_difficult|OV_V1_02_medium|OV_V1_03_difficult,OV_V2_03_difficult,openvins_full_6d,AgACI-EWA,exponential_weights,0.01,0.99,7610,1755,0.996011396011396,0.0060113960113959974,-3.525074927227255,-2.9997873179225976,4.0123442626498775,4.192235091960391,33.82087946916122,69.2489035110538,0.045411344878197896,0.010748792270531755,2
cross_environment,cross_environment:V2:OV_V2_03_difficult,V2,OV_MH_01_easy|OV_MH_02_easy|OV_V1_01_easy,OV_MH_03_medium|OV_MH_04_difficult|OV_MH_05_difficult|OV_V1_02_medium|OV_V1_03_difficult,OV_V2_03_difficult,openvins_full_6d,ACI,none,0.05,0.95,7610,1755,0.9452991452991453,0.004700854700854684,-4.589005772999407,-4.221208703729696,3.457240630994022,3.5815243990568413,93.01417745524314,54.13914918828093,0.07447635327635352,0.043743961352657124,6
cross_environment,cross_environment:V2:OV_V2_03_difficult,V2,OV_MH_01_easy|OV_MH_02_easy|OV_V1_01_easy,OV_MH_03_medium|OV_MH_04_difficult|OV_MH_05_difficult|OV_V1_02_medium|OV_V1_03_difficult,OV_V2_03_difficult,openvins_full_6d,AgACI-EWA,exponential_weights,0.05,0.95,7610,1755,0.9561253561253561,0.006125356125356141,-4.836462719572751,-4.299462649177597,3.3472101849018188,3.5423974263328906,120.49357966223825,55.16371884369197,0.10014728136443332,0.02855072463768129,7
cross_environment,cross_environment:V2:OV_V2_03_difficult,V2,OV_MH_01_easy|OV_MH_02_easy|OV_V1_01_easy,OV_MH_03_medium|OV_MH_04_difficult|OV_MH_05_difficult|OV_V1_02_medium|OV_V1_03_difficult,OV_V2_03_difficult,openvins_full_6d,ACI,none,0.1,0.9,7610,1755,0.8934472934472935,0.0065527065527065664,-5.132300694908633,-4.749299127717875,3.252436976171696,3.317479187062752,151.35570970340007,53.24218611460198,0.10335555555555566,0.06434782608695658,17
cross_environment,cross_environment:V2:OV_V2_03_difficult,V2,OV_MH_01_easy|OV_MH_02_easy|OV_V1_01_easy,OV_MH_03_medium|OV_MH_04_difficult|OV_MH_05_difficult|OV_V1_02_medium|OV_V1_03_difficult,OV_V2_03_difficult,openvins_full_6d,AgACI-EWA,exponential_weights,0.1,0.9,7610,1755,0.9048433048433049,0.004843304843304863,-5.359236611894769,-4.941128595113669,3.1439000709531317,3.221564453364855,192.3358606026083,47.96299871013627,0.13829868996643382,0.04815217391304355,11
cross_environment,cross_environment:V2:OV_V2_03_difficult,V2,OV_MH_01_easy|OV_MH_02_easy|OV_V1_01_easy,OV_MH_03_medium|OV_MH_04_difficult|OV_MH_05_difficult|OV_V1_02_medium|OV_V1_03_difficult,OV_V2_03_difficult,openvins_full_6d,ACI,none,0.2,0.8,7610,1755,0.7903133903133903,0.009686609686609726,-5.710179065670712,-5.438784223054702,2.973511039629315,2.9727366393943386,238.61547142621373,52.00571242624483,0.15070769230769238,0.09216787439613533,35
cross_environment,cross_environment:V2:OV_V2_03_difficult,V2,OV_MH_01_easy|OV_MH_02_easy|OV_V1_01_easy,OV_MH_03_medium|OV_MH_04_difficult|OV_MH_05_difficult|OV_V1_02_medium|OV_V1_03_difficult,OV_V2_03_difficult,openvins_full_6d,AgACI-EWA,exponential_weights,0.2,0.8,7610,1755,0.8142450142450143,0.014245014245014231,-5.744941937159766,-5.717122296809896,3.018843434106744,2.833567602516741,254.53745069940854,42.482121109947435,0.17969126754729053,0.053055555555555606,14
cross_environment,cross_environment:V2:OV_V2_03_difficult,V2,OV_MH_01_easy|OV_MH_02_easy|OV_V1_01_easy,OV_MH_03_medium|OV_MH_04_difficult|OV_MH_05_difficult|OV_V1_02_medium|OV_V1_03_difficult,OV_V2_03_difficult,openvins_full_6d,ACI,none,0.4,0.6,7610,1755,0.582905982905983,0.017094017094017033,-6.221462116014823,-6.179866322188952,2.7492528279375517,2.6021955898272133,293.4574769260372,45.79856576962841,0.2084444444444444,0.11157004830917881,80
cross_environment,cross_environment:V2:OV_V2_03_difficult,V2,OV_MH_01_easy|OV_MH_02_easy|OV_V1_01_easy,OV_MH_03_medium|OV_MH_04_difficult|OV_MH_05_difficult|OV_V1_02_medium|OV_V1_03_difficult,OV_V2_03_difficult,openvins_full_6d,AgACI-EWA,exponential_weights,0.4,0.6,7610,1755,0.6170940170940171,0.017094017094017144,-6.162388982059699,-6.480369304832419,2.756398872383885,2.4519440985054795,292.8484070833437,37.132732334148,0.22274233404872992,0.07676328502415466,41
cross_environment,cross_environment:V2:OV_V2_03_difficult,V2,OV_MH_01_easy|OV_MH_02_easy|OV_V1_01_easy,OV_MH_03_medium|OV_MH_04_difficult|OV_MH_05_difficult|OV_V1_02_medium|OV_V1_03_difficult,OV_V2_03_difficult,openvins_full_6d,ACI,none,0.5,0.5,7610,1755,0.47806267806267805,0.021937321937321952,-6.5479648544914255,-6.52809256050713,2.5293184385851237,2.4280824706681243,333.602920538695,46.27964770484501,0.23622507122507105,0.11698067632850247,92
cross_environment,cross_environment:V2:OV_V2_03_difficult,V2,OV_MH_01_easy|OV_MH_02_easy|OV_V1_01_easy,OV_MH_03_medium|OV_MH_04_difficult|OV_MH_05_difficult|OV_V1_02_medium|OV_V1_03_difficult,OV_V2_03_difficult,openvins_full_6d,AgACI-EWA,exponential_weights,0.5,0.5,7610,1755,0.5162393162393163,0.016239316239316293,-6.364326302714659,-6.7525888076200244,2.6378386704561265,2.315834347111677,299.80776107977044,34.4830978686518,0.24070079241217054,0.052669082125603915,48
cross_environment,cross_environment:V2:OV_V2_03_difficult,V2,OV_MH_01_easy|OV_MH_02_easy|OV_V1_01_easy,OV_MH_03_medium|OV_MH_04_difficult|OV_MH_05_difficult|OV_V1_02_medium|OV_V1_03_difficult,OV_V2_03_difficult,empirical_full_6d,ACI,none,0.01,0.99,7610,1755,1.0,0.010000000000000009,-7.961989017298105,-7.826879061853823,-0.8230790423941423,-0.7555240646720013,2869.7753123182156,7.739994210805535,0.09770000000000038,0.010000000000000451,0
cross_environment,cross_environment:V2:OV_V2_03_difficult,V2,OV_MH_01_easy|OV_MH_02_easy|OV_V1_01_easy,OV_MH_03_medium|OV_MH_04_difficult|OV_MH_05_difficult|OV_V1_02_medium|OV_V1_03_difficult,OV_V2_03_difficult,empirical_full_6d,AgACI-EWA,exponential_weights,0.01,0.99,7610,1755,0.9943019943019943,0.004301994301994294,-10.925393704654878,-10.241085226400488,-2.304781386072529,-1.9626271469453334,55253.08215259869,5.4776078768093335,0.3017203780939233,0.012264492753623518,3
cross_environment,cross_environment:V2:OV_V2_03_difficult,V2,OV_MH_01_easy|OV_MH_02_easy|OV_V1_01_easy,OV_MH_03_medium|OV_MH_04_difficult|OV_MH_05_difficult|OV_V1_02_medium|OV_V1_03_difficult,OV_V2_03_difficult,empirical_full_6d,ACI,none,0.05,0.95,7610,1755,0.9692307692307692,0.019230769230769273,-11.751440748114248,-11.325462571705835,-2.717804907802214,-2.504815819598007,123030.57794166345,4.446959038472674,0.37170797720797255,0.047765700483092026,12
cross_environment,cross_environment:V2:OV_V2_03_difficult,V2,OV_MH_01_easy|OV_MH_02_easy|OV_V1_01_easy,OV_MH_03_medium|OV_MH_04_difficult|OV_MH_05_difficult|OV_V1_02_medium|OV_V1_03_difficult,OV_V2_03_difficult,empirical_full_6d,AgACI-EWA,exponential_weights,0.05,0.95,7610,1755,0.958974358974359,0.008974358974359053,-13.320851166564651,-12.920233689956406,-3.5025101170274153,-3.302201378723293,584762.0111275574,3.4228858540384928,0.5086410126351572,0.023103864734299692,4
cross_environment,cross_environment:V2:OV_V2_03_difficult,V2,OV_MH_01_easy|OV_MH_02_easy|OV_V1_01_easy,OV_MH_03_medium|OV_MH_04_difficult|OV_MH_05_difficult|OV_V1_02_medium|OV_V1_03_difficult,OV_V2_03_difficult,empirical_full_6d,ACI,none,0.1,0.9,7610,1755,0.9168091168091168,0.016809116809116786,-12.805429686153857,-12.597787454096647,-3.2447993768220185,-3.140978260793414,333892.277421228,3.5739365211626057,0.47737037037037067,0.08457125603864753,21
cross_environment,cross_environment:V2:OV_V2_03_difficult,V2,OV_MH_01_easy|OV_MH_02_easy|OV_V1_01_easy,OV_MH_03_medium|OV_MH_04_difficult|OV_MH_05_difficult|OV_V1_02_medium|OV_V1_03_difficult,OV_V2_03_difficult,empirical_full_6d,AgACI-EWA,exponential_weights,0.1,0.9,7610,1755,0.9105413105413105,0.010541310541310467,-13.897611648741389,-13.617971064432021,-3.7908903581157842,-3.6510700659611004,988452.2739748969,3.035493788548289,0.5671836788487014,0.026268115942029123,5
cross_environment,cross_environment:V2:OV_V2_03_difficult,V2,OV_MH_01_easy|OV_MH_02_easy|OV_V1_01_easy,OV_MH_03_medium|OV_MH_04_difficult|OV_MH_05_difficult|OV_V1_02_medium|OV_V1_03_difficult,OV_V2_03_difficult,empirical_full_6d,ACI,none,0.2,0.8,7610,1755,0.811965811965812,0.011965811965811923,-13.81866475985086,-13.453096993869165,-3.7514169136705195,-3.568633030679672,814530.959431527,3.061472839441256,0.5501595441595444,0.1055132850241547,29
cross_environment,cross_environment:V2:OV_V2_03_difficult,V2,OV_MH_01_easy|OV_MH_02_easy|OV_V1_01_easy,OV_MH_03_medium|OV_MH_04_difficult|OV_MH_05_difficult|OV_V1_02_medium|OV_V1_03_difficult,OV_V2_03_difficult,empirical_full_6d,AgACI-EWA,exponential_weights,0.2,0.8,7610,1755,0.8193732193732194,0.01937321937321934,-14.243459186081468,-14.0945250110442,-3.963814126785824,-3.8893470392671885,1257006.4118352206,2.7867235359011455,0.6074006364456966,0.03361714975845422,7
cross_environment,cross_environment:V2:OV_V2_03_difficult,V2,OV_MH_01_easy|OV_MH_02_easy|OV_V1_01_easy,OV_MH_03_medium|OV_MH_04_difficult|OV_MH_05_difficult|OV_V1_02_medium|OV_V1_03_difficult,OV_V2_03_difficult,empirical_full_6d,ACI,none,0.4,0.6,7610,1755,0.6028490028490029,0.002849002849002913,-14.507091061283372,-14.3019447222559,-4.095630064386775,-3.99305689487304,1203810.5449800794,2.66105157058579,0.6253219373219375,0.12032004830917885,60
cross_environment,cross_environment:V2:OV_V2_03_difficult,V2,OV_MH_01_easy|OV_MH_02_easy|OV_V1_01_easy,OV_MH_03_medium|OV_MH_04_difficult|OV_MH_05_difficult|OV_V1_02_medium|OV_V1_03_difficult,OV_V2_03_difficult,empirical_full_6d,AgACI-EWA,exponential_weights,0.4,0.6,7610,1755,0.6227920227920228,0.02279202279202286,-14.514117783922602,-14.469004407212243,-4.099143425706391,-4.076586737351211,1252403.591593769,2.617036164228667,0.6392414050855296,0.042270531400966295,12
cross_environment,cross_environment:V2:OV_V2_03_difficult,V2,OV_MH_01_easy|OV_MH_02_easy|OV_V1_01_easy,OV_MH_03_medium|OV_MH_04_difficult|OV_MH_05_difficult|OV_V1_02_medium|OV_V1_03_difficult,OV_V2_03_difficult,empirical_full_6d,ACI,none,0.5,0.5,7610,1755,0.4985754985754986,0.001424501424501401,-14.742550409406912,-14.614633509251867,-4.2133597384485455,-4.149401288371023,1259909.1332571444,2.526834255969214,0.6530626780626781,0.12193236714975851,76
cross_environment,cross_environment:V2:OV_V2_03_difficult,V2,OV_MH_01_easy|OV_MH_02_easy|OV_V1_01_easy,OV_MH_03_medium|OV_MH_04_difficult|OV_MH_05_difficult|OV_V1_02_medium|OV_V1_03_difficult,OV_V2_03_difficult,empirical_full_6d,AgACI-EWA,exponential_weights,0.5,0.5,7610,1755,0.5088319088319089,0.008831908831908875,-14.672821216175336,-14.599307455625864,-4.178495141832757,-4.141738261558022,1199222.1079130913,2.5602781601634086,0.6505241273782371,0.05506642512077298,22
