timestamp,p_x,p_y,p_z,q_x,q_y,q_z,q_w,Pr11,Pr12,Pr13,Pr22,Pr23,Pr33,Pt11,Pt12,Pt13,Pt22,Pt23,Pt33,gt_p_x,gt_p_y,gt_p_z,gt_q_w,gt_q_x,gt_q_y,gt_q_z
1403636897.80453,-0.047577,-0.024582,0.001698,0.823325,-0.018923,0.566898,0.020129,0.0006971261,-6.4842e-06,-0.0002274497,6.13695e-05,-1.93685e-05,0.0001594769,0.0028289784,1.89291e-05,-8.77722e-05,0.0026500713,2.09051e-05,0.0025615247,4.574588,-1.669513,0.593074,0.552829,-0.018075,-0.833038,-0.010157
1403636897.90366,-0.058836,-0.033717,0.029967,0.831355,-0.016385,0.555204,0.018119,0.0003523672,6.5901e-06,-0.0001370924,6.3746e-06,-2.348e-06,6.11209e-05,0.0025379874,5.7407e-06,-5.7176e-06,0.0025255895,2.9497e-06,0.0025226285,4.586618,-1.660652,0.610513,0.544902,-0.016011,-0.83826,-0.012099
1403636897.95175,-0.063634,-0.038486,0.041493,0.82961,-0.014324,0.557868,0.018007,0.000350506,5.0382e-06,-0.0001380102,6.2189e-06,-1.5688e-06,6.17052e-05,0.002535687,6.3419e-06,-5.3464e-06,0.0025226081,2.2727e-06,0.0025212095,4.590405,-1.656486,0.622155,0.54737,-0.014701,-0.83667,-0.012409
1403636898.05195,-0.070602,-0.044697,0.059414,0.82264,-0.012343,0.568185,0.016625,0.0003570574,4.821e-06,-0.0001308093,6.4408e-06,-1.5075e-06,5.49557e-05,0.0025345974,5.7235e-06,-5.3728e-06,0.0025208963,1.8245e-06,0.002520629,4.593483,-1.649248,0.641651,0.557714,-0.012419,-0.829867,-0.011232
1403636898.30178,-0.08612,-0.058207,0.085759,0.815302,-0.008152,0.57892,0.008205,0.0003654116,2.1726e-06,-0.0001231469,7.6314e-06,-3.408e-07,4.92279e-05,0.0025307619,3.5318e-06,-5.1038e-06,0.0025214781,5.473e-07,0.0025181573,4.592134,-1.635924,0.674267,0.566879,-0.006659,-0.823761,-0.004614
1403636898.40221,-0.090611,-0.06305,0.099521,0.815369,-0.005672,0.578885,0.005782,0.0003649382,1.3458e-06,-0.000123944,6.2587e-06,5.12e-08,4.8123e-05,0.0025278009,2.6277e-06,-5.1738e-06,0.0025223252,4.404e-07,0.0025162586,4.587738,-1.632276,0.692227,0.566839,-0.003708,-0.823817,-0.002306
1403636898.45222,-0.093566,-0.065885,0.107678,0.81553,-0.004369,0.578686,0.00389,0.0003647361,9.596e-07,-0.0001246678,6.4276e-06,2.168e-07,4.87997e-05,0.0025275287,2.5557e-06,-4.8186e-06,0.0025230012,2.727e-07,0.0025157407,4.584722,-1.630957,0.70228,0.566329,-0.002349,-0.824176,-0.000743
1403636898.70238,-0.108875,-0.079697,0.148215,-0.815646,-0.000493,-0.578551,0.000365,0.0003667646,3.493e-07,-0.0001249529,7.5163e-06,6.752e-07,4.93116e-05,0.0025314727,2.7342e-06,-3.2176e-06,0.0025300139,-7.2e-07,0.0025137723,4.562108,-1.626889,0.754622,0.56479,0.003852,-0.82522,0.00306
1403636898.80238,-0.115962,-0.08619,0.16092,-0.815148,-0.000836,-0.579243,0.003236,0.0003679925,-8.434e-07,-0.0001247358,8.0605e-06,1.2073e-06,4.93996e-05,0.0025373909,4.3101e-06,-2.9669e-06,0.0025359207,-1.8265e-06,0.0025136645,4.549652,-1.626779,0.772937,0.564782,0.004708,-0.825209,0.005547
1403636898.95241,-0.127525,-0.097253,0.174452,-0.815559,0.002512,-0.578567,0.010823,0.0003690409,-6.9028e-06,-0.0001252891,9.0907e-06,3.5072e-06,5.02974e-05,0.002555399,9.0379e-06,-3.3809e-06,0.0025501847,-4.4144e-06,0.0025147178,4.526949,-1.627726,0.796139,0.5631,0.00229,-0.82629,0.012597
1403636899.00241,-0.131602,-0.102215,0.17726,-0.815441,0.005537,-0.578643,0.014058,0.0003695253,-1.01802e-05,-0.0001251751,9.5667e-06,4.7126e-06,5.03999e-05,0.0025647209,1.1537e-05,-3.8235e-06,0.0025568399,-5.5657e-06,0.0025154986,4.518049,-1.627643,0.80244,0.562835,-0.000479,-0.826422,0.015603
1403636899.05239,-0.136292,-0.108404,0.179349,-0.814597,0.009398,-0.57974,0.015659,0.0003705605,-1.28306e-05,-0.0001243484,1.0041e-05,5.6716e-06,4.99639e-05,0.0025760334,1.45512e-05,-4.4489e-06,0.0025646702,-6.8824e-06,0.0025165389,4.508297,-1.626767,0.80811,0.563525,-0.00405,-0.825916,0.016986
1403636899.1524,-0.140477,-0.121688,0.183144,-0.812063,0.018759,-0.583156,0.011422,0.0003738673,-1.47916e-05,-0.0001211996,1.05817e-05,6.1884e-06,4.78705e-05,0.0026030466,1.98025e-05,-6.1395e-06,0.0025829828,-1.00516e-05,0.0025193864,4.487112,-1.621808,0.818982,0.566883,-0.013411,-0.823596,0.01247
1403636899.2024,-0.145127,-0.132083,0.184766,-0.809543,0.024457,-0.586517,0.006295,0.0003762058,-1.37553e-05,-0.0001189735,1.08041e-05,5.8404e-06,4.6464e-05,0.0026218399,2.47507e-05,-7.4939e-06,0.0025944232,-1.19844e-05,0.0025213103,4.476005,-1.617781,0.824517,0.569975,-0.018704,-0.82142,0.007106
1403636899.35241,-0.16478,-0.170574,0.187554,0.7985,-0.050741,0.599709,0.013119,0.0003852725,-1.46224e-05,-0.0001078208,1.12339e-05,5.8147e-06,3.97058e-05,0.0026911311,3.9431e-05,-1.1497e-05,0.0026398706,-1.76067e-05,0.0025291181,4.443624,-1.60123,0.839871,0.582716,-0.043765,-0.811394,-0.013195
1403636899.40241,-0.173844,-0.185891,0.188024,0.795593,-0.061035,0.602355,0.021809,0.0003874696,-1.42379e-05,-0.0001053397,1.14648e-05,5.7159e-06,3.8503e-05,0.0027249458,4.68141e-05,-1.34553e-05,0.0026610092,-2.01826e-05,0.0025326835,4.433206,-1.594274,0.844687,0.585207,-0.053602,-0.808807,-0.022252
1403636899.60289,-0.205666,-0.235638,0.175985,0.798055,-0.101954,0.592773,0.036534,0.0003817009,-2.59267e-05,-0.0001128868,1.07999e-05,9.0468e-06,4.30241e-05,0.0027788253,3.12399e-05,4.7424e-06,0.0027007022,1.4791e-06,0.0025360203,4.402738,-1.565856,0.85767,0.575931,-0.093492,-0.811281,-0.037245
1403636899.65289,-0.221681,-0.253759,0.173344,0.798605,-0.109235,0.590643,0.037929,0.0003802661,-2.70334e-05,-0.00011566,1.1174e-05,9.6836e-06,4.51536e-05,0.0028169916,4.13712e-05,5.2981e-06,0.0027240713,1.9157e-06,0.0025396269,4.396155,-1.557785,0.860599,0.573528,-0.100469,-0.812071,-0.038897
1403636899.70289,-0.238467,-0.273238,0.170819,0.799191,-0.114642,0.588678,0.040112,0.0003796612,-2.79528e-05,-0.0001172177,1.15318e-05,1.0169e-05,4.648e-05,0.0028643835,4.77912e-05,7.1072e-06,0.0027564668,3.1912e-06,0.0025440501,4.389478,-1.548747,0.863737,0.571303,-0.105611,-0.812867,-0.041323
1403636899.75289,-0.256089,-0.29422,0.167914,0.799885,-0.119168,0.586663,0.042538,0.0003791247,-2.82919e-05,-0.0001187995,1.18102e-05,1.04787e-05,4.7838e-05,0.0029178913,5.49404e-05,9.1833e-06,0.0027929291,4.7353e-06,0.0025489622,4.382646,-1.538774,0.866636,0.569006,-0.109847,-0.813777,-0.043982
1403636899.80289,-0.27457,-0.316686,0.164529,0.800391,-0.12178,0.585179,0.045941,0.0003791689,-2.72134e-05,-0.0001199092,1.18777e-05,1.02808e-05,4.88472e-05,0.0029780998,6.28753e-05,1.1556e-05,0.0028338537,6.5784e-06,0.0025543985,4.375648,-1.527874,0.869193,0.567219,-0.112209,-0.814505,-0.047509
1403636899.90289,-0.3138,-0.366007,0.155707,0.800074,-0.122637,0.584644,0.055073,0.0003812712,-2.19524e-05,-0.0001199929,1.16457e-05,8.6704e-06,4.92825e-05,0.0031211273,8.13976e-05,1.7297e-05,0.0029306752,1.12886e-05,0.0025669875,4.361142,-1.503614,0.872473,0.566147,-0.11241,-0.814621,-0.056879
1403636899.95331,-0.337365,-0.403852,0.155187,0.798325,-0.123271,0.586571,0.058449,0.0003833606,-1.99146e-05,-0.0001183334,1.15536e-05,7.9893e-06,4.77984e-05,0.0031951009,8.77517e-05,2.24765e-05,0.0029534276,1.75887e-05,0.0025720239,4.353457,-1.490659,0.873154,0.567868,-0.111918,-0.813221,-0.060604
1403636900.15331,-0.430844,-0.520455,0.133922,0.78781,-0.121407,0.60019,0.066234,0.0003943412,-1.68657e-05,-0.0001064609,1.23175e-05,6.6178e-06,4.09131e-05,0.0036342495,0.0001382008,4.26377e-05,0.0032324791,3.6454e-05,0.0026071452,4.323004,-1.437685,0.875655,0.580546,-0.1089,-0.803984,-0.068685
1403636900.25316,-0.527533,-0.596364,0.133232,0.785414,-0.119663,0.60363,0.066606,0.0003963226,-1.56179e-05,-0.000104571,1.15636e-05,5.585e-06,3.98485e-05,0.0037480833,0.0001094518,5.73259e-05,0.0033985152,4.94543e-05,0.0026293057,4.311077,-1.411764,0.886794,0.582063,-0.106458,-0.803102,-0.06998
1403636900.30294,-0.591025,-0.652869,0.139835,0.785433,-0.119726,0.603697,0.065658,0.0003970979,-1.60081e-05,-0.0001041245,1.135e-05,5.0904e-06,3.87864e-05,0.0037903413,2.10282e-05,8.29951e-05,0.0034446176,7.23769e-05,0.0026408155,4.306431,-1.399239,0.895738,0.580986,-0.105292,-0.804035,-0.069977
1403636900.3528,-0.642939,-0.692576,0.145791,0.787277,-0.119835,0.601532,0.063195,0.0003963757,-1.8067e-05,-0.0001060253,1.15165e-05,5.5957e-06,3.99272e-05,0.0039045424,-1.35045e-05,0.0001008302,0.0035608151,8.77532e-05,0.0026548081,4.302142,-1.387054,0.90672,0.577946,-0.104988,-0.80644,-0.06791
1403636900.4529,-0.639996,-0.736918,0.148474,0.793789,-0.11806,0.593445,0.061515,0.0003943476,-1.91196e-05,-0.0001113788,1.10176e-05,5.6923e-06,4.28847e-05,0.0039542919,-0.0001059534,0.0001724832,0.003757493,0.0001266911,0.0026778766,4.295288,-1.363179,0.932162,0.571211,-0.102925,-0.811713,-0.065167
1403636900.60418,-0.721797,-0.772239,0.158297,0.797908,-0.113708,0.588909,0.059987,0.0003928939,-1.89035e-05,-0.0001169685,1.04601e-05,6.4211e-06,4.57543e-05,0.0041372123,-3.5567e-06,0.0002920739,0.0039163508,0.0001575923,0.0027016809,4.28448,-1.326389,0.967359,0.56639,-0.099452,-0.815811,-0.061358
1403636900.65414,-0.766432,-0.798766,0.160914,0.799924,-0.11298,0.586447,0.05862,0.0003917626,-1.68803e-05,-0.0001199739,1.00647e-05,6.4837e-06,4.67633e-05,0.0041777278,0.000123916,0.0003337956,0.0038132947,0.0001589101,0.0027106046,4.280964,-1.315578,0.975004,0.563746,-0.098866,-0.817804,-0.060117
1403636900.75407,-0.860778,-0.849083,0.15336,0.804245,-0.114147,0.580588,0.055479,0.0003883825,-1.85259e-05,-0.000125696,9.5774e-06,7.4329e-06,5.00923e-05,0.0043170508,0.0001773838,0.0003682146,0.0038843292,0.0001774378,0.0027271261,4.271624,-1.291262,0.98717,0.55644,-0.098679,-0.823096,-0.056129
1403636900.804,-0.908223,-0.883426,0.147698,0.805159,-0.115136,0.5794,0.052517,0.0003882189,-2.04576e-05,-0.0001266407,9.736e-06,8.3048e-06,5.01809e-05,0.0044351067,0.0002186178,0.0004028304,0.0038786476,0.0001878618,0.0027388613,4.265835,-1.278734,0.99116,0.554668,-0.099375,-0.824396,-0.053288
1403636900.90356,-0.97637,-0.963425,0.14573,0.802161,-0.119395,0.583359,0.044437,0.0003907375,-2.79065e-05,-0.0001233675,1.07488e-05,1.06731e-05,4.7232e-05,0.0047414826,0.000263838,0.0004692674,0.0039788031,0.0002208962,0.0027627112,4.251848,-1.252585,0.996017,0.558119,-0.102816,-0.822101,-0.045634
1403636900.95329,-1.017986,-1.012997,0.133466,0.799833,-0.121194,0.586398,0.041446,0.0003922781,-3.11332e-05,-0.0001212651,1.1035e-05,1.14367e-05,4.56424e-05,0.0048523558,0.0002754977,0.0004873147,0.0040572822,0.0002332148,0.0027699261,4.243755,-1.238498,0.996786,0.560812,-0.103997,-0.820266,-0.042864
1403636901.05331,-1.094647,-1.098805,0.115363,0.79685,-0.12385,0.59014,0.037762,0.0003952641,-3.57808e-05,-0.0001179425,1.18482e-05,1.25292e-05,4.33895e-05,0.0052177942,0.0003049775,0.0005585448,0.0043153935,0.0002759735,0.0028013273,4.226166,-1.206954,0.994491,0.564295,-0.106091,-0.817783,-0.039341
1403636901.10338,-1.119383,-1.139602,0.107283,0.795779,-0.125202,0.591414,0.035911,0.0003963003,-3.79827e-05,-0.0001168232,1.21388e-05,1.30117e-05,4.25994e-05,0.0053675118,0.0003148241,0.0005831225,0.0044290528,0.0002968328,0.0028117365,4.217038,-1.18953,0.991779,0.565705,-0.1072,-0.816752,-0.037446
1403636901.15306,-0.940174,-1.082235,0.167721,0.798259,-0.125152,0.587973,0.037507,0.0003955424,-3.91802e-05,-0.0001164665,1.13115e-05,1.26728e-05,4.19103e-05,0.005095445,0.0001224777,0.0004695666,0.0043967575,0.0002526179,0.002774856,4.207849,-1.170893,0.988359,0.566372,-0.10776,-0.816252,-0.036671
1403636901.40313,-1.129557,-1.341998,0.135215,0.796702,-0.121186,0.590441,0.04426,0.0003994118,-3.03958e-05,-0.0001180607,9.9485e-06,1.01794e-05,4.28655e-05,0.0060787415,0.0003938136,0.0006420033,0.0048851986,0.000350041,0.0028424021,4.162723,-1.060623,0.986706,0.567951,-0.102865,-0.815402,-0.044398
1403636901.45312,-1.147072,-1.405336,0.13936,0.797004,-0.119037,0.590346,0.045907,0.0003997145,-2.85197e-05,-0.0001180039,9.5856e-06,9.577e-06,4.28004e-05,0.0063004924,0.0004090384,0.0006622143,0.0050061428,0.0003697073,0.0028509181,4.152251,-1.035489,0.99155,0.568065,-0.101298,-0.815371,-0.047026
1403636901.70323,-1.308343,-1.655771,0.118181,0.794801,-0.113935,0.593738,0.052771,0.0004048978,-2.26472e-05,-0.0001146322,9.1315e-06,7.6606e-06,4.05961e-05,0.007760338,0.0005028657,0.0008927458,0.005874249,0.0005203599,0.0029438615,4.101556,-0.90505,1.011376,0.571149,-0.096903,-0.813251,-0.054978
1403636901.80321,-1.387459,-1.777601,0.099259,0.793988,-0.114407,0.594879,0.051122,0.0004062738,-2.33888e-05,-0.0001143836,9.3838e-06,7.9368e-06,4.05205e-05,0.0084291666,0.000680039,0.0010027198,0.0062550865,0.0005994661,0.0029810772,4.082059,-0.852131,1.00786,0.572052,-0.097549,-0.812601,-0.054041
1403636901.95324,-1.489637,-1.965444,0.058649,0.79442,-0.112233,0.594742,0.050819,0.0004074402,-2.23578e-05,-0.0001144205,9.4477e-06,7.7529e-06,4.05788e-05,0.0095955445,0.0008442962,0.0011961504,0.0069517454,0.0007445385,0.0030550224,4.054454,-0.772379,0.993043,0.571742,-0.096256,-0.812892,-0.05524
1403636902.05332,-1.543433,-2.080818,0.032159,0.794496,-0.109807,0.595086,0.050904,0.0004086976,-2.11215e-05,-0.0001143013,9.3961e-06,7.4728e-06,4.05094e-05,0.0104074564,0.0010165272,0.0013237044,0.0074357707,0.0008624069,0.0031037391,4.036865,-0.719701,0.980784,0.572163,-0.094494,-0.812739,-0.056181
1403636902.10339,-1.550252,-2.13525,0.023468,0.794298,-0.108705,0.595597,0.050383,0.0004092461,-2.07675e-05,-0.0001139823,9.3485e-06,7.4014e-06,4.0296e-05,0.0107470196,0.0011529064,0.0013746654,0.0076264657,0.0009274566,0.0031218429,4.028709,-0.69363,0.976676,0.572965,-0.094071,-0.812216,-0.056283
1403636902.20344,-1.62972,-2.256546,0.002671,0.79464,-0.107455,0.595368,0.050387,0.0004100574,-1.98083e-05,-0.0001145571,9.2823e-06,7.2643e-06,4.0687e-05,0.0115747956,0.0013976777,0.0015095174,0.0081944592,0.0010635054,0.0031741569,4.010576,-0.641628,0.973461,0.572528,-0.09293,-0.812626,-0.056698
1403636902.35347,-1.775043,-2.452377,-0.028901,0.794396,-0.110941,0.595351,0.046726,0.000411237,-2.38512e-05,-0.0001151531,9.891e-06,8.5686e-06,4.11229e-05,0.0131561759,0.001702183,0.0017824647,0.0091806456,0.0012785523,0.003277146,3.986165,-0.564539,0.969554,0.572205,-0.09639,-0.812647,-0.053802
1403636902.4036,-1.769184,-2.4708,-0.029276,0.794657,-0.11225,0.5947,0.047458,0.0004110268,-2.42347e-05,-0.0001158162,9.916e-06,8.723e-06,4.15123e-05,0.0135424641,0.0017242088,0.0018393287,0.0094243655,0.0013212727,0.0033024146,3.978427,-0.538642,0.962707,0.57163,-0.09749,-0.812919,-0.053842
1403636902.4536,-1.826765,-2.53772,-0.049367,0.794846,-0.113043,0.594222,0.048381,0.0004115022,-2.34448e-05,-0.0001165034,9.8967e-06,8.5709e-06,4.19764e-05,0.0140853195,0.001946546,0.0019353513,0.009709516,0.0013840658,0.0033295517,3.971059,-0.512555,0.95222,0.570939,-0.098113,-0.813262,-0.054839
1403636902.60365,-2.001244,-2.716505,-0.119792,0.79513,-0.112551,0.593164,0.057079,0.0004139527,-1.76254e-05,-0.0001174041,9.4092e-06,7.0331e-06,4.24671e-05,0.0159464209,0.0022162225,0.0022592308,0.0108400917,0.0016320133,0.0034561848,3.948343,-0.433679,0.910349,0.569384,-0.096821,-0.813906,-0.063138
1403636902.65359,-2.0753,-2.788076,-0.144888,0.794524,-0.112015,0.593744,0.060433,0.0004151721,-1.47591e-05,-0.0001168375,9.1493e-06,6.287e-06,4.20858e-05,0.0164973387,0.0024752289,0.0023655695,0.0112050063,0.001742037,0.0034954001,3.940376,-0.407686,0.897426,0.56959,-0.095985,-0.813582,-0.066627
1403636902.7035,-2.102151,-2.867893,-0.156828,0.794046,-0.112393,0.594154,0.061963,0.0004164013,-1.38029e-05,-0.0001160593,9.0369e-06,6.0793e-06,4.16029e-05,0.0170645042,0.0026903055,0.0024582119,0.0116617277,0.0018587244,0.0035360438,3.93209,-0.382075,0.886357,0.570131,-0.096223,-0.813014,-0.068566
1403636902.80357,-2.10584,-2.968324,-0.158741,0.793528,-0.114503,0.59434,0.062947,0.0004182463,-1.472e-05,-0.0001155074,8.7287e-06,6.3997e-06,4.12939e-05,0.0174247889,0.003009921,0.002442769,0.0125565986,0.0020500316,0.0035682434,3.915925,-0.332745,0.870061,0.570983,-0.097838,-0.812162,-0.069278
1403636902.85336,-2.122298,-2.983339,-0.15571,0.792698,-0.114185,0.595497,0.06305,0.0004178373,-1.48164e-05,-0.0001147406,8.6051e-06,6.3852e-06,4.08195e-05,0.017727272,0.0032399391,0.0024485956,0.0124859167,0.0020682823,0.0035664798,3.907746,-0.309005,0.865022,0.572608,-0.097795,-0.811059,-0.068849
1403636903.00339,-2.311786,-3.186909,-0.181606,0.791338,-0.113374,0.597748,0.060231,0.000420891,-1.59041e-05,-0.0001137684,8.9336e-06,6.7738e-06,4.03282e-05,0.020077139,0.0039940683,0.0028553409,0.0141508598,0.0024131156,0.0037091907,3.885575,-0.24129,0.861581,0.574506,-0.096651,-0.810069,-0.066262
1403636903.05341,-2.375517,-3.25305,-0.186517,0.791153,-0.1131,0.598142,0.059251,0.0004217263,-1.64414e-05,-0.0001136495,9.0526e-06,6.9636e-06,4.02889e-05,0.0209656068,0.0042340538,0.0030041491,0.0147679226,0.0025395427,0.0037632068,3.878644,-0.219672,0.863582,0.574801,-0.096258,-0.809987,-0.065268
1403636903.25341,-2.662235,-3.537447,-0.18875,0.793371,-0.110993,0.596042,0.054562,0.0004234153,-1.80859e-05,-0.000116631,9.5929e-06,7.7643e-06,4.22294e-05,0.0250209434,0.0053577627,0.0036969014,0.0177395134,0.0031366665,0.004013679,3.848061,-0.136321,0.896363,0.571815,-0.093651,-0.812739,-0.060932
1403636903.30341,-2.739054,-3.61019,-0.185682,0.794049,-0.109848,0.595337,0.054713,0.0004239296,-1.72692e-05,-0.0001174358,9.62e-06,7.6222e-06,4.2752e-05,0.0261473352,0.0056697924,0.0038901404,0.0185816842,0.0033034959,0.0040833147,3.841874,-0.116053,0.908756,0.570891,-0.092324,-0.813527,-0.061113
1403636903.40321,-2.903032,-3.785935,-0.194978,0.795117,-0.107199,0.594308,0.055644,0.0004247327,-1.47865e-05,-0.0001188839,9.5461e-06,7.1172e-06,4.34339e-05,0.0283600552,0.0062228616,0.0042291394,0.0196419935,0.0034723648,0.0041677051,3.829568,-0.0759,0.931817,0.56939,-0.089381,-0.814797,-0.062547
1403636903.45321,-2.983776,-3.861258,-0.196788,0.79566,-0.106297,0.593706,0.056036,0.0004252997,-1.41866e-05,-0.0001195623,9.6028e-06,7.0247e-06,4.38836e-05,0.0296954943,0.0065101128,0.0044448431,0.0205731917,0.0036548257,0.0042469222,3.823466,-0.056098,0.940521,0.568554,-0.088303,-0.815468,-0.062938
1403636903.50321,-3.066108,-3.937587,-0.20034,0.795403,-0.105991,0.594119,0.055885,0.0004264021,-1.41784e-05,-0.0001193276,9.6988e-06,7.0638e-06,4.37714e-05,0.0310066264,0.0068756418,0.0046670062,0.0215315511,0.0038389225,0.0043236618,3.81728,-0.036557,0.947802,0.568794,-0.087796,-0.815359,-0.062889
1403636903.70326,-3.28089,-4.190639,-0.208597,0.798335,-0.109847,0.589835,0.051858,0.0004260253,-1.87309e-05,-0.0001233679,1.01069e-05,8.7881e-06,4.65803e-05,0.0355372486,0.0083340918,0.0054564372,0.025619585,0.0046028776,0.0046280572,3.792061,0.037242,0.957888,0.564471,-0.089297,-0.818576,-0.05772
1403636903.80323,-3.438687,-4.328143,-0.227669,0.799982,-0.112913,0.587432,0.046946,0.000425087,-2.31144e-05,-0.0001268498,1.07264e-05,1.04393e-05,4.90281e-05,0.0384162639,0.0096018272,0.005926113,0.0274284599,0.0049830558,0.0047670241,3.778092,0.072857,0.955153,0.561521,-0.091998,-0.820631,-0.052868
1403636903.85322,-3.51323,-4.392747,-0.234071,0.800216,-0.115156,0.58693,0.043668,0.0004250363,-2.64123e-05,-0.0001276235,1.1224e-05,1.15743e-05,4.96257e-05,0.0399607679,0.0101527266,0.0061894271,0.0285628325,0.0051969087,0.0048520973,3.769403,0.091281,0.955042,0.560787,-0.094091,-0.821109,-0.049448
1403636903.90323,-3.589672,-4.460372,-0.238429,0.799241,-0.116062,0.588135,0.042905,0.0004264434,-2.75735e-05,-0.0001266698,1.14599e-05,1.19114e-05,4.90326e-05,0.0415783586,0.0107112545,0.0064638239,0.0297453388,0.0054199377,0.0049416372,3.75997,0.110298,0.957629,0.561785,-0.094784,-0.820402,-0.048523
1403636903.95326,-3.667457,-4.529305,-0.241421,0.797893,-0.11756,0.589826,0.040628,0.0004278696,-3.01696e-05,-0.0001253237,1.19189e-05,1.26469e-05,4.82029e-05,0.0432600563,0.0112829392,0.0067482701,0.030971673,0.005650921,0.0050348235,3.749941,0.129466,0.961979,0.56329,-0.096186,-0.819347,-0.046088
1403636904.0033,-3.759098,-4.591345,-0.240047,0.79639,-0.118431,0.59172,0.040051,0.0004296132,-3.13085e-05,-0.0001238274,1.2138e-05,1.28883e-05,4.72252e-05,0.0448791099,0.0117870843,0.0070224166,0.0321151861,0.0058550195,0.0051218051,3.739566,0.149231,0.968404,0.564892,-0.09678,-0.818213,-0.045366
1403636904.0531,-3.747371,-4.69461,-0.249269,0.79497,-0.119674,0.593456,0.038868,0.0004313375,-3.27816e-05,-0.0001218941,1.22771e-05,1.33544e-05,4.57176e-05,0.0461220034,0.0125894602,0.0073885803,0.0323719825,0.0059179044,0.0051868948,3.729181,0.169575,0.977096,0.567025,-0.097494,-0.816717,-0.044178
1403636904.15321,-3.780546,-4.797517,-0.215169,0.794319,-0.122306,0.593884,0.037432,0.0004326587,-3.58707e-05,-0.0001216602,1.28055e-05,1.42359e-05,4.56104e-05,0.0490032104,0.0133987775,0.0077736255,0.0342704431,0.0062463188,0.005313006,3.706638,0.212792,0.998971,0.567911,-0.099202,-0.816005,-0.042099
1403636904.35321,-4.151072,-5.158519,-0.210209,0.791129,-0.124787,0.597618,0.037348,0.000437945,-3.76096e-05,-0.0001192493,1.34215e-05,1.46761e-05,4.43583e-05,0.0573369464,0.0167747369,0.009173269,0.0398325937,0.0073201802,0.0057214692,3.665803,0.308026,1.053237,0.571111,-0.100931,-0.813555,-0.042108
1403636904.45321,-4.346442,-5.347828,-0.215111,0.790306,-0.123807,0.59864,0.041446,0.0004411666,-3.44477e-05,-0.0001183747,1.30239e-05,1.37919e-05,4.39064e-05,0.0621112468,0.0183889487,0.0099921999,0.0433078581,0.007957831,0.0059781805,3.646076,0.359451,1.075333,0.571867,-0.099455,-0.81298,-0.046264
1403636904.50321,-4.446874,-5.444354,-0.22006,0.790061,-0.124342,0.598801,0.042176,0.0004422847,-3.42769e-05,-0.0001183206,1.30754e-05,1.37896e-05,4.39351e-05,0.064625542,0.0192398136,0.010423768,0.0451463811,0.0082934199,0.0061132016,3.636546,0.385737,1.084435,0.571955,-0.099757,-0.812839,-0.046994
1403636904.60321,-4.652862,-5.641451,-0.234462,0.78995,-0.123456,0.598829,0.046279,0.000444933,-3.09618e-05,-0.0001183912,1.27168e-05,1.29777e-05,4.40661e-05,0.0699223838,0.0210337954,0.0113330997,0.0490337159,0.0089996363,0.0063971676,3.617771,0.439753,1.09896,0.571686,-0.098412,-0.812941,-0.051156
1403636904.65321,-4.758388,-5.741823,-0.243252,0.790237,-0.123263,0.598316,0.048472,0.0004459533,-2.92437e-05,-0.0001189304,1.25471e-05,1.25995e-05,4.44384e-05,0.072709809,0.0219798571,0.0118117628,0.0510870244,0.0093708856,0.0065463168,3.608488,0.46724,1.104973,0.571011,-0.097919,-0.813331,-0.053396
1403636904.75321,-4.974524,-5.94577,-0.262159,0.789975,-0.123199,0.598363,0.052191,0.0004484905,-2.6627e-05,-0.0001189436,1.2354e-05,1.19869e-05,4.45638e-05,0.0785758914,0.0239778145,0.0128195117,0.0554253466,0.0101513565,0.0068595131,3.59009,0.52272,1.116211,0.570801,-0.097383,-0.813283,-0.057215
1403636904.80321,-5.08512,-6.049182,-0.272507,0.789952,-0.123103,0.598236,0.054171,0.0004496953,-2.51648e-05,-0.0001190849,1.22521e-05,1.1651e-05,4.47079e-05,0.0816588024,0.0250322289,0.0133494081,0.0577145994,0.0105611282,0.0070237814,3.580959,0.550565,1.121165,0.57055,-0.09701,-0.813357,-0.059262
1403636904.85337,-4.535686,-5.836581,-0.140173,0.791808,-0.125146,0.594788,0.06004,0.0004473862,-2.52175e-05,-0.000119784,1.09453e-05,1.12431e-05,4.47287e-05,0.0761332428,0.0228496949,0.0124403238,0.0572930367,0.0103100027,0.0069150503,3.572033,0.578356,1.125326,0.570116,-0.096848,-0.813546,-0.061086
1403636904.90334,-4.642072,-5.956154,-0.151409,0.792131,-0.124813,0.59419,0.062353,0.000446592,-2.10021e-05,-0.0001233801,1.03725e-05,1.01659e-05,4.66424e-05,0.0759022429,0.0250571331,0.0121408749,0.0537617585,0.0098343995,0.0066595479,3.563119,0.605967,1.128186,0.5694,-0.096209,-0.813936,-0.063524
1403636904.95332,-4.737224,-6.063748,-0.162394,0.79229,-0.124913,0.593759,0.064224,0.0004473127,-1.98614e-05,-0.0001238913,1.02441e-05,9.8358e-06,4.68374e-05,0.077995936,0.0252646149,0.0124637409,0.0550477713,0.010051466,0.0067765727,3.55431,0.63317,1.129515,0.568899,-0.096007,-0.81416,-0.06543
1403636905.15329,-5.111745,-6.4462,-0.208858,0.790495,-0.127573,0.595033,0.069129,0.0004523305,-1.85235e-05,-0.0001227401,1.02546e-05,9.494e-06,4.62011e-05,0.0893065388,0.0290174683,0.0143975167,0.0634336785,0.0115412111,0.0073958703,3.518894,0.738724,1.128454,0.570015,-0.09762,-0.812788,-0.070212
1403636905.20314,-4.979525,-6.399785,-0.157837,0.79139,-0.127519,0.593446,0.072539,0.0004510415,-1.63447e-05,-0.0001218489,9.0462e-06,7.6184e-06,4.41995e-05,0.0757782995,0.0197487515,0.0114334208,0.0583569132,0.0096806947,0.0067937781,3.509422,0.764462,1.129959,0.569777,-0.097289,-0.812814,-0.072269
1403636905.25317,-5.005379,-6.473466,-0.149402,0.792192,-0.128055,0.592093,0.073891,0.0004502793,-1.44958e-05,-0.0001239923,8.7603e-06,6.9735e-06,4.50918e-05,0.0742511571,0.0191305932,0.0110143538,0.0565910411,0.0092920187,0.0066664079,3.499681,0.789647,1.132763,0.568903,-0.097668,-0.81328,-0.073395
1403636905.35331,-4.987548,-6.456311,-0.112398,0.794271,-0.130829,0.588183,0.077829,0.0004489277,-1.39685e-05,-0.0001276004,8.5123e-06,6.5774e-06,4.65714e-05,0.0734547185,0.015619537,0.0104678242,0.0548463569,0.008653983,0.0065992209,3.479771,0.837887,1.142471,0.566109,-0.098896,-0.814928,-0.075058
1403636905.4035,-4.72002,-6.303802,-0.010914,0.796531,-0.131527,0.584575,0.080689,0.0004456401,-1.18615e-05,-0.0001308812,7.9628e-06,5.4855e-06,4.76904e-05,0.0651607123,0.0095429273,0.0084684408,0.0473654208,0.0068340638,0.0060491617,3.469808,0.860636,1.149674,0.563943,-0.098753,-0.816366,-0.075914
1403636905.4535,-4.659475,-6.342387,0.018645,0.797709,-0.128775,0.583551,0.080907,0.000442513,-8.6763e-06,-0.0001320379,7.3733e-06,3.966e-06,4.76031e-05,0.0551712113,0.0042091575,0.0065408189,0.0397909991,0.0053013246,0.005593512,3.459324,0.882358,1.158425,0.563257,-0.096831,-0.817033,-0.076313
1403636905.50352,-4.594434,-6.38388,0.050314,0.79914,-0.124778,0.58257,0.080108,0.0004403717,-6.433e-06,-0.0001326869,7.0665e-06,3.0366e-06,4.77341e-05,0.0511204542,0.0017425576,0.0056834029,0.0370583653,0.004713344,0.0054237859,3.448445,0.902961,1.168429,0.56262,-0.093659,-0.817889,-0.075796
1403636905.55353,-4.49113,-6.404432,0.090383,0.80029,-0.120535,0.581934,0.079744,0.0004390052,-4.034e-06,-0.0001329291,6.8395e-06,2.1507e-06,4.77617e-05,0.0487237748,0.0005939141,0.0051510433,0.0355668099,0.0043882318,0.0053164368,3.437074,0.922802,1.178048,0.56245,-0.090323,-0.818393,-0.075675
1403636905.75352,-4.775741,-6.751252,0.087252,0.801177,-0.114624,0.582934,0.071867,0.0004419474,-6.0856e-06,-0.0001339883,7.0382e-06,2.8349e-06,4.82326e-05,0.0538396435,0.0013975454,0.0058377649,0.0388826014,0.0048526527,0.0056130969,3.387282,0.994954,1.200388,0.562861,-0.084208,-0.819439,-0.067947
1403636905.80352,-4.807829,-6.836901,0.086697,0.801627,-0.114199,0.582715,0.069247,0.0004422193,-7.668e-06,-0.0001346655,7.0907e-06,3.343e-06,4.86319e-05,0.0549031643,0.0015324961,0.0059278991,0.0395019246,0.0049250159,0.0056580491,3.373385,1.011497,1.200996,0.562705,-0.08398,-0.819769,-0.065502
1403636905.85353,-4.850809,-6.924116,0.080941,0.802135,-0.113539,0.58238,0.067245,0.0004425222,-8.6709e-06,-0.000135384,7.1292e-06,3.68e-06,4.90683e-05,0.0560604198,0.0017230222,0.0060427882,0.0402904564,0.0050213683,0.005709629,3.35936,1.027425,1.199642,0.562428,-0.083458,-0.820159,-0.063638
1403636906.05353,-5.203452,-7.277236,0.025904,0.806564,-0.11079,0.577179,0.063602,0.0004421314,-8.8798e-06,-0.0001417201,7.3248e-06,3.9508e-06,5.33176e-05,0.0628878382,0.0023769663,0.00701121,0.0454104407,0.0056992552,0.0061351997,3.299056,1.086539,1.180067,0.556505,-0.080121,-0.824795,-0.059971
1403636906.10353,-5.292568,-7.366729,0.009931,0.807342,-0.110042,0.576262,0.063334,0.0004423901,-8.5187e-06,-0.0001428179,7.3558e-06,3.8714e-06,5.40553e-05,0.064705872,0.0025314235,0.0072748346,0.0468491364,0.0058836492,0.0062514183,3.282006,1.100469,1.172975,0.555441,-0.079136,-0.82562,-0.059794
1403636906.25353,-5.561417,-7.638492,-0.028998,0.803704,-0.108784,0.58173,0.061776,0.0004487236,-9.7691e-06,-0.0001382969,7.5459e-06,4.1849e-06,5.06477e-05,0.0704547963,0.0030540666,0.0081152994,0.0513901362,0.006465641,0.0066195947,3.224385,1.139882,1.160605,0.560496,-0.077378,-0.822492,-0.058022
1403636906.30353,-5.651696,-7.730161,-0.037431,0.800449,-0.108932,0.586242,0.06112,0.0004525675,-1.10156e-05,-0.0001340941,7.6494e-06,4.456e-06,4.77506e-05,0.0724740889,0.003249252,0.0084128672,0.0529831632,0.0066697534,0.006749106,3.203024,1.152217,1.161185,0.565005,-0.077413,-0.819458,-0.057151
1403636906.35348,-5.645089,-7.675447,0.001051,0.797669,-0.111865,0.589502,0.060805,0.0004533097,-1.4357e-05,-0.0001305712,7.746e-06,5.2761e-06,4.55419e-05,0.0724864389,0.0019497592,0.0077678593,0.0529771762,0.0062300605,0.0064306841,3.181914,1.163993,1.16302,0.568641,-0.078656,-0.816969,-0.054975
1403636906.5035,-5.90357,-7.947484,-0.003636,0.792858,-0.122175,0.595221,0.046481,0.0004569261,-3.11468e-05,-0.0001264772,9.5548e-06,9.8841e-06,4.30258e-05,0.0774061976,0.0032046168,0.008411663,0.0570777704,0.0066738018,0.0066487195,3.119269,1.198174,1.17546,0.574054,-0.088685,-0.812983,-0.040705
1403636906.55349,-5.965815,-8.035069,0.00592,0.793323,-0.125267,0.594273,0.042278,0.0004562369,-3.58915e-05,-0.0001278143,1.0287e-05,1.13568e-05,4.38721e-05,0.0791194552,0.0033042343,0.0084946831,0.0585581346,0.0067923983,0.00667464,3.098936,1.210106,1.179811,0.573124,-0.09158,-0.81352,-0.036444
1403636906.60348,-6.019874,-8.118458,0.017167,0.79497,-0.127179,0.591776,0.040601,0.0004550336,-3.78548e-05,-0.0001305909,1.0632e-05,1.2194e-05,4.56126e-05,0.0808216187,0.003449535,0.0085755114,0.0599807799,0.0069000478,0.0066996446,3.079078,1.222766,1.182848,0.57054,-0.093195,-0.815231,-0.034617
1403636906.65348,-6.117942,-8.214132,0.010438,0.795728,-0.126608,0.590793,0.041848,0.0004555196,-3.64419e-05,-0.000131881,1.04358e-05,1.18962e-05,4.63795e-05,0.0830257557,0.0038322821,0.0088606181,0.0614774544,0.0070892637,0.006809005,3.059327,1.236273,1.184957,0.569503,-0.092478,-0.815987,-0.035759
1403636906.70348,-6.217608,-8.311321,0.002443,0.795686,-0.12434,0.591031,0.045895,0.0004574652,-3.22651e-05,-0.0001316177,9.822e-06,1.06255e-05,4.611e-05,0.0853474801,0.0040346193,0.0091650707,0.063368814,0.0073031224,0.0069338637,3.0397,1.250502,1.185992,0.569698,-0.08994,-0.815957,-0.039621
1403636906.90348,-6.630386,-8.712144,-0.044181,0.797433,-0.115439,0.589353,0.058631,0.0004625542,-1.75559e-05,-0.0001332015,8.3446e-06,6.4012e-06,4.68054e-05,0.095258942,0.0048869995,0.0104700087,0.07149558,0.0082148647,0.0074682817,2.961585,1.311874,1.176696,0.567969,-0.079835,-0.817503,-0.052218
1403636906.95348,-6.736826,-8.813925,-0.056208,0.797594,-0.113881,0.589309,0.059914,0.0004637094,-1.57011e-05,-0.0001333331,8.2532e-06,5.8697e-06,4.68323e-05,0.097892662,0.0051200123,0.0108194907,0.0736733924,0.0084573049,0.0076108141,2.941799,1.326799,1.174093,0.567801,-0.078034,-0.817714,-0.053445
1403636907.15348,-7.174981,-9.226666,-0.09136,0.800001,-0.110043,0.586691,0.060684,0.0004661029,-1.24869e-05,-0.0001367903,8.2484e-06,5.0839e-06,4.88611e-05,0.1090988545,0.0061509294,0.0123185655,0.0830128095,0.0094896137,0.0082193046,2.860183,1.383516,1.177116,0.564804,-0.073352,-0.820172,-0.054167
1403636907.25348,-7.400624,-9.436236,-0.112562,0.803465,-0.110576,0.582106,0.05805,0.0004646459,-1.40483e-05,-0.0001421417,8.445e-06,5.7727e-06,5.2363e-05,0.1151141284,0.0067299494,0.0131299235,0.0880648076,0.0100432977,0.0085476136,2.818069,1.410271,1.1753,0.559818,-0.0735,-0.823724,-0.051791
1403636907.35348,-7.628843,-9.648006,-0.139033,0.805033,-0.111872,0.580107,0.053687,0.0004646571,-1.77783e-05,-0.0001449675,8.8179e-06,7.088e-06,5.42419e-05,0.1214173691,0.0073600711,0.0139835894,0.0933661821,0.0106219392,0.0088924305,2.773456,1.436012,1.167816,0.557383,-0.074444,-0.825538,-0.047641
1403636907.45348,-7.860171,-9.863031,-0.161945,0.805463,-0.11488,0.579431,0.047877,0.0004652494,-2.38169e-05,-0.0001465021,9.4835e-06,9.121e-06,5.52687e-05,0.1280367405,0.0080407245,0.0148828636,0.0989379423,0.0112280529,0.0092548255,2.72627,1.461437,1.163651,0.556394,-0.077315,-0.826255,-0.04186
1403636907.55348,-8.094768,-10.083157,-0.177175,0.804488,-0.119554,0.580412,0.040355,0.0004664946,-3.24123e-05,-0.0001463509,1.06576e-05,1.18842e-05,5.51551e-05,0.1350039876,0.0087660337,0.0158302286,0.1047957356,0.011863866,0.0096359229,2.676517,1.488286,1.166851,0.556896,-0.08185,-0.825826,-0.034367
1403636907.60348,-8.213668,-10.195559,-0.181034,0.803842,-0.12004,0.581289,0.039138,0.0004678863,-3.37895e-05,-0.0001457332,1.09055e-05,1.22685e-05,5.46764e-05,0.1386270476,0.0091427533,0.0163228867,0.1078405061,0.0121937648,0.009833922,2.650985,1.502558,1.172184,0.557724,-0.082184,-0.825282,-0.033148
1403636907.65348,-8.333244,-10.310023,-0.183679,0.803391,-0.121319,0.581743,0.037676,0.0004688707,-3.57459e-05,-0.0001455374,1.12508e-05,1.2873e-05,5.45128e-05,0.1423483315,0.0095271612,0.016828052,0.1109593553,0.0125316516,0.0100370034,2.624601,1.517847,1.178833,0.55807,-0.083264,-0.824998,-0.031662
1403636907.75348,-8.575257,-10.544645,-0.182752,0.802641,-0.12269,0.582614,0.035724,0.000471072,-3.82346e-05,-0.0001451452,1.17469e-05,1.36174e-05,5.41636e-05,0.1500932554,0.0103204928,0.0178779462,0.1174370186,0.0132327444,0.0104590058,2.569885,1.55105,1.198551,0.55876,-0.084385,-0.824492,-0.02966
1403636907.80348,-8.698153,-10.664766,-0.181014,0.802184,-0.123885,0.583063,0.034508,0.0004720881,-3.99689e-05,-0.0001449285,1.20883e-05,1.41398e-05,5.39883e-05,0.1541189681,0.0107271454,0.0184231477,0.120803365,0.0135963548,0.01067831,2.542132,1.569034,1.209944,0.559058,-0.085408,-0.824228,-0.028422
1403636907.85348,-8.822071,-10.786731,-0.181498,0.801574,-0.124468,0.583809,0.033975,0.0004734893,-4.08812e-05,-0.0001443823,1.22913e-05,1.43623e-05,5.35714e-05,0.1582459339,0.011140112,0.0189815051,0.1242518739,0.013968343,0.0109032059,2.514408,1.587912,1.219462,0.559679,-0.085874,-0.823777,-0.027863
1403636907.90348,-8.945931,-10.910401,-0.185208,0.800647,-0.124045,0.585129,0.034646,0.0004756043,-4.03887e-05,-0.0001432002,1.22418e-05,1.40729e-05,5.26989e-05,0.1624738676,0.0115641697,0.0195524469,0.1277698925,0.014347944,0.0111333552,2.485485,1.607643,1.225844,0.560926,-0.085288,-0.822972,-0.028384
1403636907.95348,-9.069366,-11.036007,-0.192294,0.798996,-0.121789,0.587652,0.037916,0.0004791572,-3.70251e-05,-0.0001406369,1.17076e-05,1.27734e-05,5.0879e-05,0.1668064561,0.0119995282,0.0201358943,0.1313536399,0.0147350978,0.0113687824,2.455104,1.628394,1.228941,0.563555,-0.082853,-0.821318,-0.031302
1403636908.20341,-9.675683,-11.334029,-0.235994,0.79296,-0.112451,0.596434,0.053256,0.0004883956,-2.08547e-05,-0.0001311803,9.5841e-06,7.7111e-06,4.47709e-05,0.1863810044,0.0171235688,0.022798266,0.1446429417,0.0168468509,0.0121826656,2.300147,1.739346,1.230649,0.572354,-0.069657,-0.81593,-0.042626
1403636908.25341,-9.80812,-11.459606,-0.244693,0.792824,-0.110965,0.596857,0.05365,0.0004901171,-1.87225e-05,-0.0001305712,9.4284e-06,7.1071e-06,4.43917e-05,0.1882263295,0.0202741294,0.0234869687,0.1482220799,0.0171185313,0.0123178682,2.27078,1.761428,1.233327,0.57264,-0.067944,-0.815859,-0.042907
1403636908.35341,-10.078526,-11.712378,-0.264786,0.793296,-0.108861,0.596642,0.053372,0.0004921452,-1.75942e-05,-0.0001312895,9.4572e-06,6.8567e-06,4.47272e-05,0.1980909929,0.0217125449,0.0248706396,0.1564292834,0.0180173666,0.0128322923,2.212954,1.804848,1.236628,0.572238,-0.065404,-0.816367,-0.042559
1403636908.45341,-10.355155,-11.966871,-0.291092,0.7942,-0.107817,0.5958,0.051416,0.0004935356,-1.83252e-05,-0.0001328574,9.6337e-06,7.152e-06,4.55741e-05,0.2083871854,0.0232388843,0.0263216728,0.1650493216,0.018954871,0.0133708401,2.155666,1.847168,1.234318,0.571147,-0.06398,-0.817345,-0.04057
1403636908.50341,-10.495225,-12.095034,-0.306336,0.794714,-0.107255,0.595295,0.050493,0.0004941886,-1.86117e-05,-0.0001337301,9.7172e-06,7.2834e-06,4.60525e-05,0.2137047027,0.0240371753,0.0270728606,0.1695110907,0.0194381808,0.0136492797,2.126557,1.868081,1.231182,0.570431,-0.063248,-0.817947,-0.039641
1403636908.55341,-10.636633,-12.223845,-0.322472,0.794968,-0.106698,0.595117,0.049767,0.0004950825,-1.8803e-05,-0.0001342196,9.7924e-06,7.3713e-06,4.63036e-05,0.219139005,0.0248590481,0.0278418321,0.1740795403,0.0199316454,0.0139340827,2.097338,1.888805,1.227221,0.570092,-0.062478,-0.818278,-0.038907
1403636908.60341,-10.779055,-12.3552,-0.338692,0.79534,-0.105826,0.594825,0.049177,0.000495926,-1.86688e-05,-0.0001348302,9.8435e-06,7.3747e-06,4.66248e-05,0.2246920332,0.0257077961,0.0286291778,0.1787524225,0.0204364122,0.0142255252,2.068123,1.90943,1.223196,0.56968,-0.061487,-0.81867,-0.038259
1403636908.65341,-10.924322,-12.48521,-0.354019,0.795958,-0.104624,0.594226,0.04899,0.0004966413,-1.79704e-05,-0.0001357553,9.8525e-06,7.2344e-06,4.71314e-05,0.2303867929,0.0265650317,0.0294356287,0.1835505295,0.0209524635,0.0145242642,2.039499,1.92975,1.220258,0.568988,-0.060008,-0.819269,-0.038073
1403636908.75341,-11.220025,-12.747465,-0.37988,0.798354,-0.104886,0.591179,0.046234,0.00049642,-1.98202e-05,-0.0001398296,1.01247e-05,7.9752e-06,4.95582e-05,0.2421297437,0.0283770825,0.0311096062,0.1935356588,0.0220186505,0.0151423162,1.982526,1.969974,1.219405,0.565528,-0.059913,-0.821787,-0.035441
1403636908.80341,-11.369772,-12.879892,-0.389604,0.799382,-0.105453,0.589834,0.044315,0.000496321,-2.14782e-05,-0.0001416917,1.03323e-05,8.5638e-06,5.06963e-05,0.2482029848,0.0293245652,0.0319768638,0.1987073793,0.0225690773,0.0154618865,1.953412,1.989944,1.222331,0.564014,-0.060329,-0.822875,-0.033563
1403636908.85341,-11.520436,-13.01345,-0.396996,0.800882,-0.106699,0.587734,0.042094,0.0004956001,-2.3678e-05,-0.0001443802,1.0604e-05,9.3763e-06,5.23976e-05,0.2544170637,0.030300267,0.0328645542,0.2039962255,0.023131158,0.0157885657,1.923547,2.010022,1.227628,0.561626,-0.061406,-0.824511,-0.031431
1403636908.90341,-11.67189,-13.148182,-0.402071,0.802142,-0.106575,0.58605,0.041898,0.0004954928,-2.3489e-05,-0.0001464761,1.06447e-05,9.453e-06,5.37214e-05,0.2607751268,0.0313051278,0.0337729449,0.209402244,0.0237049812,0.0161224278,1.892733,2.030276,1.235426,0.559814,-0.061056,-0.825773,-0.031296
1403636909.00341,-11.978518,-13.420419,-0.40778,0.802457,-0.107391,0.585628,0.039618,0.0004970432,-2.5755e-05,-0.0001475529,1.0998e-05,1.02249e-05,5.43479e-05,0.2739229742,0.0334027883,0.0356539552,0.2205944308,0.0248891328,0.0168127243,1.829974,2.070741,1.255876,0.55905,-0.061453,-0.826341,-0.029124
1403636909.05341,-12.133136,-13.558334,-0.410172,0.802151,-0.108501,0.585924,0.038385,0.0004981214,-2.74845e-05,-0.0001475233,1.12451e-05,1.07565e-05,5.42955e-05,0.2807189207,0.0344945339,0.0366263257,0.2263738122,0.0254992112,0.0171692665,1.797629,2.091334,1.266993,0.55921,-0.062479,-0.826203,-0.027743
1403636909.10341,-12.288509,-13.697412,-0.413752,0.802387,-0.109707,0.585471,0.03693,0.0004986185,-2.9333e-05,-0.0001483258,1.15215e-05,1.13838e-05,5.48001e-05,0.2876634339,0.0356151655,0.0376199099,0.2322744771,0.0261211383,0.0175334991,1.764467,2.112179,1.27705,0.558568,-0.063471,-0.826603,-0.026482
1403636909.50334,-13.434381,-14.780634,-0.482329,0.797835,-0.112266,0.590744,0.043326,0.0005120661,-2.70222e-05,-0.0001435083,1.15186e-05,1.04001e-05,5.13175e-05,0.3461148786,0.044782857,0.0461535358,0.2830847418,0.0315129426,0.0207279565,1.481255,2.29356,1.311943,0.563863,-0.064074,-0.822769,-0.031692
1403636909.55334,-13.597102,-14.930312,-0.498976,0.796901,-0.112976,0.591851,0.043559,0.0005138096,-2.72335e-05,-0.000142764,1.15827e-05,1.04198e-05,5.08299e-05,0.3536250019,0.0476566007,0.0472134669,0.2874861163,0.0320367078,0.0210472504,1.443521,2.317672,1.310124,0.564989,-0.064478,-0.821958,-0.031858
1403636909.60334,-13.761635,-15.081212,-0.517393,0.796001,-0.114605,0.592783,0.043088,0.0005154359,-2.8847e-05,-0.0001419273,1.18107e-05,1.08303e-05,5.03025e-05,0.3621092475,0.0490864462,0.0484382134,0.2946750043,0.032788037,0.0214965187,1.405783,2.341947,1.306605,0.565817,-0.065941,-0.821289,-0.03143
1403636909.70334,-14.095413,-15.386149,-0.55799,0.792695,-0.11836,0.596633,0.040673,0.0005197222,-3.39926e-05,-0.0001379923,1.25498e-05,1.19861e-05,4.79457e-05,0.3796092746,0.0520449038,0.0509675105,0.3095378586,0.0343359938,0.0224247698,1.330027,2.390928,1.296082,0.569472,-0.0695,-0.818563,-0.028755
1403636909.75334,-14.264781,-15.54069,-0.580038,0.789853,-0.118152,0.60031,0.042431,0.0005236231,-3.31212e-05,-0.0001337216,1.24658e-05,1.14275e-05,4.54707e-05,0.3886368666,0.0535690299,0.0522731295,0.31722036,0.0351336905,0.0229043712,1.292073,2.416205,1.289223,0.573226,-0.069198,-0.815911,-0.030234
1403636909.80334,-14.436014,-15.696622,-0.603705,0.788135,-0.115826,0.602649,0.047338,0.0005272394,-2.80066e-05,-0.0001307656,1.18792e-05,9.9045e-06,4.3788e-05,0.3978527279,0.0551219899,0.0536067842,0.3250780999,0.0359477592,0.0233946993,1.254288,2.442059,1.280831,0.575789,-0.066603,-0.814141,-0.034732
1403636909.85334,-14.609442,-15.853479,-0.628604,0.786459,-0.112164,0.604924,0.054486,0.0005310619,-2.01048e-05,-0.00012757,1.116e-05,7.7631e-06,4.20371e-05,0.407255798,0.0567079469,0.0549695204,0.3331219379,0.0367786487,0.0238960258,1.217029,2.468082,1.271304,0.578349,-0.062545,-0.812329,-0.041538
1403636909.95334,-14.963016,-16.168,-0.682559,0.784616,-0.103281,0.607305,0.069934,0.0005367765,-1.7441e-06,-0.0001232046,1.0432e-05,3.2837e-06,3.97697e-05,0.4266126154,0.0600019115,0.0577843399,0.3497844671,0.0384905716,0.0249320012,1.14448,2.518766,1.248247,0.581165,-0.052717,-0.810116,-0.05642
1403636910.00334,-15.143224,-16.324797,-0.711134,0.78259,-0.100335,0.609758,0.075371,0.0005398634,4.3555e-06,-0.0001195268,1.04938e-05,1.91e-06,3.79873e-05,0.4365635745,0.0617217548,0.0592377279,0.3584126719,0.0393716467,0.0254668671,1.109325,2.542565,1.23517,0.583823,-0.049383,-0.808028,-0.061678
1403636910.05334,-15.325989,-16.480505,-0.740657,0.781222,-0.099205,0.611464,0.07722,0.0005421963,6.3885e-06,-0.0001172857,1.05857e-05,1.5054e-06,3.69331e-05,0.446691361,0.0634992081,0.0607229029,0.3672503145,0.0402695818,0.0260131802,1.075282,2.564488,1.221186,0.585595,-0.047929,-0.806692,-0.063494
1403636910.15334,-15.698788,-16.789338,-0.798295,0.782529,-0.103651,0.609969,0.06959,0.0005432368,-2.7143e-06,-0.0001207949,1.06794e-05,3.5887e-06,3.85565e-05,0.4675077983,0.067233383,0.063791917,0.3855683013,0.0421180475,0.0271409927,1.009956,2.603542,1.194214,0.58365,-0.052157,-0.808377,-0.056209
1403636910.30334,-16.271527,-17.251817,-0.871037,0.788251,-0.110736,0.60259,0.057306,0.0005408864,-1.64838e-05,-0.0001323079,1.14246e-05,7.1913e-06,4.43431e-05,0.500277957,0.0732802314,0.0686482585,0.4146211283,0.045026713,0.0289222893,0.913182,2.654159,1.166958,0.575333,-0.05891,-0.814577,-0.044577
1403636910.35334,-16.467455,-17.406601,-0.891047,0.789852,-0.111991,0.60048,0.054911,0.0005403841,-1.89606e-05,-0.0001354184,1.16673e-05,7.9603e-06,4.60079e-05,0.511639368,0.0754026605,0.0703390841,0.4247765468,0.046036597,0.0295422453,0.882509,2.669781,1.162149,0.572931,-0.0601,-0.816303,-0.042281
1403636910.40334,-16.66521,-17.562082,-0.909061,0.790547,-0.112117,0.599644,0.05378,0.0005409146,-1.98405e-05,-0.0001368179,1.18045e-05,8.2646e-06,4.67508e-05,0.5232304573,0.077579738,0.0720659318,0.4351580028,0.0470664528,0.0301752794,0.851813,2.685073,1.159413,0.571881,-0.060043,-0.8171,-0.041186
1403636910.50334,-17.065948,-17.875412,-0.939906,0.791195,-0.111454,0.59902,0.052557,0.0005428599,-2.03011e-05,-0.0001382241,1.19818e-05,8.4796e-06,4.74653e-05,0.5471185577,0.0820994607,0.0756294284,0.4566073861,0.0491869834,0.0314814176,0.790653,2.714926,1.159116,0.57091,-0.058997,-0.817915,-0.039942
1403636910.55334,-17.268742,-18.033369,-0.955037,0.79177,-0.11065,0.598349,0.053247,0.0005437842,-1.90373e-05,-0.0001392438,1.19505e-05,8.2095e-06,4.79989e-05,0.5594176635,0.0844405385,0.0774659804,0.4676739101,0.0502774791,0.0321548763,0.759952,2.729658,1.159431,0.570132,-0.057987,-0.818502,-0.040523
1403636910.70334,-17.886947,-18.511195,-1.00812,0.791808,-0.109967,0.598412,0.053387,0.0005476611,-1.84545e-05,-0.0001399132,1.21037e-05,8.1347e-06,4.82802e-05,0.5977376717,0.0918027059,0.083198133,0.5022723255,0.0536700886,0.0342591966,0.668165,2.772275,1.153375,0.569932,-0.056654,-0.818729,-0.040621
1403636910.75334,-18.096303,-18.671594,-1.029345,0.791847,-0.110517,0.59833,0.052583,0.0005487479,-1.9507e-05,-0.0001403441,1.22465e-05,8.4456e-06,4.84984e-05,0.610991918,0.0943743911,0.0851845203,0.5142825217,0.0548418522,0.0349893273,0.637718,2.785787,1.148043,0.569723,-0.056994,-0.818892,-0.039783
1403636910.90334,-18.734231,-19.156534,-1.10083,0.791899,-0.113323,0.598059,0.048776,0.000551732,-2.46891e-05,-0.0001417815,1.28843e-05,9.9252e-06,4.9251e-05,0.6522644086,0.1024584061,0.0913802953,0.5518061076,0.0584850962,0.0372693128,0.546426,2.824771,1.12504,0.569023,-0.059284,-0.819387,-0.036113
1403636910.95334,-18.949917,-19.319591,-1.125858,0.789711,-0.114309,0.60088,0.047264,0.0005546699,-2.72298e-05,-0.0001385952,1.31978e-05,1.04202e-05,4.74681e-05,0.6665455073,0.1052819202,0.093526728,0.5648212763,0.059743327,0.0380598005,0.515609,2.837388,1.116409,0.571563,-0.060218,-0.817622,-0.034424
1403636911.05334,-19.387808,-19.648985,-1.172508,0.779424,-0.1159,0.614006,0.045405,0.0005652535,-3.25515e-05,-0.0001220949,1.38922e-05,1.06871e-05,3.91407e-05,0.6959525424,0.1111090212,0.0979514631,0.5917070193,0.0623340442,0.0396904902,0.454603,2.863066,1.103349,0.584844,-0.061805,-0.808174,-0.031633
1403636911.15334,-19.835667,-19.983332,-1.216808,0.777687,-0.115827,0.616194,0.045737,0.0005692324,-3.26735e-05,-0.0001195945,1.40282e-05,1.05738e-05,3.79941e-05,0.7265157528,0.1171620577,0.1025582442,0.6198001474,0.0650291947,0.0413907521,0.395489,2.890492,1.094373,0.5872,-0.061375,-0.806487,-0.031755
1403636911.20334,-20.064361,-20.152118,-1.237732,0.780618,-0.115096,0.612497,0.047293,0.0005686249,-3.00749e-05,-0.0001246735,1.37953e-05,1.03347e-05,4.0327e-05,0.7422406065,0.1202732118,0.1049340113,0.6343454521,0.0664188451,0.0422686641,0.367591,2.904604,1.091662,0.583435,-0.060341,-0.809227,-0.033396
1403636911.40334,-21.009025,-20.835288,-1.30788,0.788274,-0.113828,0.602559,0.0509,0.0005681318,-2.40738e-05,-0.0001384671,1.34581e-05,9.7371e-06,4.71863e-05,0.8081915,0.1333745095,0.1149380196,0.6959526194,0.0722629253,0.0459702988,0.263896,2.960837,1.098326,0.572827,-0.057866,-0.816769,-0.037557
1403636911.50334,-21.497774,-21.181176,-1.334016,0.788863,-0.114066,0.601614,0.052396,0.0005703609,-2.27528e-05,-0.0001400512,1.34627e-05,9.5147e-06,4.79995e-05,0.8430638215,0.1403585961,0.1202496768,0.7288531337,0.0753590119,0.0479381545,0.21417,2.986925,1.11297,0.571807,-0.057578,-0.817431,-0.039103
1403636911.55334,-21.744933,-21.355198,-1.347349,0.788963,-0.113972,0.601461,0.052844,0.0005716681,-2.22623e-05,-0.0001404646,1.34868e-05,9.427e-06,4.81997e-05,0.8609808519,0.1439679458,0.1229814918,0.7457980628,0.0769485167,0.0489509979,0.189188,2.999292,1.120282,0.571502,-0.057188,-0.817644,-0.039655
1403636911.60334,-21.994209,-21.529923,-1.362116,0.78916,-0.114363,0.601122,0.052908,0.0005727724,-2.24241e-05,-0.0001411547,1.35642e-05,9.5173e-06,4.85548e-05,0.8792191084,0.1476530098,0.1257648096,0.7630850956,0.0785663026,0.0499838428,0.164517,3.011378,1.126301,0.571106,-0.057472,-0.817906,-0.039574
1403636911.65334,-22.24568,-21.70544,-1.378177,0.788965,-0.114365,0.60132,0.053569,0.0005743548,-2.18821e-05,-0.0001410824,1.35816e-05,9.3936e-06,4.84969e-05,0.8977852418,0.1514133644,0.1286006681,0.7807227612,0.0802131164,0.0510371692,0.138742,3.02187,1.131693,0.571284,-0.057217,-0.817764,-0.040277
1403636911.75334,-22.754954,-22.059434,-1.414727,0.788457,-0.116295,0.601746,0.052083,0.0005770516,-2.47136e-05,-0.0001411722,1.39545e-05,1.01446e-05,4.85269e-05,0.9359266283,0.1591554564,0.1344322895,0.8170618534,0.0835956216,0.0532067041,0.089,3.043843,1.137932,0.571444,-0.058714,-0.817615,-0.038871
1403636911.85334,-23.27176,-22.416942,-1.457431,0.787742,-0.121405,0.602207,0.045485,0.0005786949,-3.44694e-05,-0.0001416476,1.51517e-05,1.26624e-05,4.88063e-05,0.9754384791,0.1672147903,0.1404799401,0.8548223484,0.0870966386,0.0554606769,0.039087,3.065227,1.138407,0.571527,-0.063663,-0.817466,-0.03246
1403636911.90334,-23.533035,-22.597472,-1.481914,0.78878,-0.125301,0.600408,0.040457,0.000577555,-4.14501e-05,-0.000144638,1.61953e-05,1.46957e-05,5.04701e-05,0.9957236071,0.1713558661,0.1435863493,0.8742481795,0.0888931431,0.0566204116,0.014255,3.076271,1.135606,0.56949,-0.06755,-0.81875,-0.027738
1403636911.95334,-23.795913,-22.779806,-1.50771,0.789176,-0.128351,0.599487,0.036641,0.0005772063,-4.69132e-05,-0.0001463214,1.71477e-05,1.62858e-05,5.14383e-05,1.016381677,0.1755654141,0.1467486747,0.8940357838,0.0907213992,0.0578023848,-0.010913,3.088066,1.131464,0.568241,-0.070602,-0.819477,-0.024004
1403636912.00334,-24.060761,-22.964012,-1.53462,0.789577,-0.128631,0.598856,0.037323,0.0005782486,-4.6399e-05,-0.0001473722,1.71192e-05,1.62534e-05,5.20016e-05,1.037420094,0.1798405716,0.1499687586,0.914204784,0.0925829172,0.0590074226,-0.036049,3.100694,1.126229,0.567525,-0.070739,-0.819944,-0.024554
1403636912.10334,-24.595893,-23.337279,-1.591562,0.789617,-0.128627,0.598639,0.039894,0.0005813859,-4.41032e-05,-0.0001480191,1.68491e-05,1.57107e-05,5.23048e-05,1.0806501385,0.1886102066,0.1565844157,0.9556924843,0.0964054098,0.0614869818,-0.08657,3.12766,1.112514,0.567263,-0.070183,-0.820094,-0.027094
1403636912.15334,-24.865926,-23.526483,-1.619614,0.788854,-0.127766,0.599738,0.041232,0.0005839158,-4.2535e-05,-0.0001467497,1.66623e-05,1.51897e-05,5.15548e-05,1.1028659431,0.1931111435,0.159982404,0.9770192654,0.098367734,0.0627620167,-0.112313,3.142045,1.105856,0.568298,-0.069132,-0.819426,-0.028282
1403636912.30334,-25.68868,-24.104589,-1.689894,0.787161,-0.125064,0.602025,0.047987,0.0005912506,-3.49792e-05,-0.0001439405,1.57714e-05,1.30538e-05,4.99228e-05,1.1720608186,0.207099614,0.170564236,1.0435571422,0.1044777403,0.0667369243,-0.190041,3.188923,1.09924,0.570809,-0.065514,-0.817731,-0.034659
1403636912.35334,-25.967321,-24.299873,-1.710348,0.786922,-0.125243,0.602241,0.048714,0.0005929311,-3.45189e-05,-0.0001438386,1.57739e-05,1.29418e-05,4.98546e-05,1.1959728721,0.2119414925,0.1742232027,1.0666125299,0.1065888727,0.0681127449,-0.215645,3.204895,1.099932,0.570972,-0.065489,-0.817589,-0.03537
1403636912.40334,-26.247985,-24.496523,-1.73005,0.78693,-0.125811,0.602101,0.048865,0.0005942325,-3.47959e-05,-0.0001442736,1.58702e-05,1.30528e-05,5.00768e-05,1.2203161757,0.2168730862,0.1779486275,1.0901075252,0.1087375593,0.0695144872,-0.241261,3.22102,1.101373,0.570725,-0.065797,-0.817727,-0.035588
1403636912.50334,-26.814892,-24.893895,-1.772134,0.785913,-0.130259,0.602893,0.043505,0.0005962092,-4.32874e-05,-0.0001441345,1.71834e-05,1.51936e-05,5.00417e-05,1.2702922643,0.2270013159,0.1855974457,1.138403151,0.1131463269,0.0723964708,-0.292686,3.253894,1.101867,0.571243,-0.070071,-0.817223,-0.030334
1403636912.55334,-27.101253,-25.095068,-1.795227,0.785536,-0.131121,0.603183,0.043707,0.0005977917,-4.38546e-05,-0.0001439647,1.73248e-05,1.53273e-05,4.99527e-05,1.2959403014,0.2321875572,0.1895225405,1.1632185577,0.1154083368,0.073877949,-0.318278,3.271094,1.100019,0.571454,-0.070729,-0.817012,-0.030477
1403636912.70334,-27.972193,-25.707323,-1.873837,0.784416,-0.137024,0.603724,0.037866,0.0006005342,-5.39381e-05,-0.0001443395,1.92467e-05,1.79059e-05,5.02222e-05,1.3755720217,0.2482693062,0.2017113153,1.2404173107,0.1224292946,0.0784881925,-0.39499,3.324966,1.085903,0.571625,-0.076301,-0.816581,-0.024874
1403636912.75334,-28.266596,-25.914924,-1.902615,0.783508,-0.139472,0.60452,0.034886,0.0006014984,-5.87761e-05,-0.0001436314,2.02637e-05,1.90435e-05,4.98948e-05,1.4030461465,0.253794916,0.2059162167,1.2670978211,0.1248516275,0.0800821674,-0.420528,3.344165,1.07887,0.57222,-0.078723,-0.816021,-0.021896
1403636912.85334,-28.862326,-26.33616,-1.963396,0.782618,-0.140594,0.605429,0.034618,0.0006048006,-6.01964e-05,-0.000142892,2.06701e-05,1.9309e-05,4.95081e-05,1.4594462069,0.2650772829,0.2145481768,1.3219601537,0.1298271396,0.0833601878,-0.471068,3.385032,1.061923,0.572951,-0.079577,-0.815437,-0.021391
1403636912.90334,-29.163723,-26.550224,-1.995361,0.78234,-0.139369,0.605898,0.037508,0.000607448,-5.67503e-05,-0.0001423472,2.00145e-05,1.8394e-05,4.91855e-05,1.4883934378,0.2708250674,0.2189777062,1.3501601176,0.1323827916,0.0850456332,-0.496069,3.407283,1.052142,0.573423,-0.078038,-0.815177,-0.024125
1403636913.05334,-30.082906,-27.202658,-2.097387,0.778146,-0.133968,0.611763,0.047836,0.00061869,-4.44958e-05,-0.000133986,1.80079e-05,1.47181e-05,4.49911e-05,1.5782471723,0.2885823504,0.2327358013,1.4379684628,0.1403249721,0.0902921207,-0.568748,3.477594,1.01758,0.579746,-0.07168,-0.810941,-0.033668
1403636913.10334,-30.394789,-27.422941,-2.132426,0.776919,-0.132566,0.613424,0.050335,0.000621887,-4.14825e-05,-0.0001315887,1.76231e-05,1.38663e-05,4.38699e-05,1.6092218174,0.2946906436,0.237484568,1.4683626868,0.1430672009,0.0921064011,-0.591603,3.501558,1.005148,0.581475,-0.070042,-0.809746,-0.035939
1403636913.25334,-31.348963,-28.090406,-2.23056,0.775002,-0.130166,0.615999,0.054537,0.000629022,-3.63101e-05,-0.0001281355,1.71413e-05,1.25465e-05,4.23207e-05,1.7053571945,0.3136665912,0.252252169,1.5631919702,0.1515962754,0.0977551236,-0.654524,3.573879,0.975382,0.584119,-0.066847,-0.807932,-0.039791
1403636913.30334,-31.672145,-28.315284,-2.259297,0.775453,-0.130031,0.615423,0.054942,0.000630255,-3.56951e-05,-0.0001292145,1.7141e-05,1.25032e-05,4.27999e-05,1.738513742,0.3202257275,0.2573504345,1.5960023694,0.1545403414,0.0997066479,-0.67468,3.598061,0.969453,0.58348,-0.066408,-0.808404,-0.040316
1403636913.40334,-32.325859,-28.768477,-2.312223,0.778304,-0.133238,0.61158,0.049602,0.0006295016,-4.24263e-05,-0.0001360441,1.82069e-05,1.44921e-05,4.59277e-05,1.8065284383,0.3337079637,0.267815451,1.6634533221,0.16058209,0.1037148593,-0.713934,3.646123,0.962084,0.579115,-0.069347,-0.811519,-0.035416
1403636913.45334,-32.657005,-28.996894,-2.335807,0.779275,-0.135705,0.610129,0.045359,0.0006289152,-4.81006e-05,-0.0001388534,1.91671e-05,1.60282e-05,4.72821e-05,1.8414094771,0.3406289028,0.2731877647,1.6981478326,0.1636838591,0.1057737955,-0.732673,3.670148,0.96149,0.577278,-0.071718,-0.812786,-0.031428
1403636913.50334,-32.990708,-29.227026,-2.359006,0.779918,-0.136962,0.609076,0.04467,0.0006294293,-4.95338e-05,-0.0001407149,1.94706e-05,1.65362e-05,4.81976e-05,1.8768809998,0.3476552118,0.2786524465,1.7334770418,0.1668399171,0.1078698266,-0.750664,3.694708,0.961113,0.576143,-0.072856,-0.813517,-0.03069
1403636913.55334,-33.326574,-29.458682,-2.382874,0.780225,-0.136479,0.608682,0.046133,0.0006310612,-4.76844e-05,-0.0001414475,1.92337e-05,1.61778e-05,4.85412e-05,1.9129390599,0.3547932571,0.2842080552,1.7694229975,0.1700485502,0.1100024739,-0.768759,3.719663,0.960362,0.575707,-0.07215,-0.813834,-0.032112
1403636913.65334,-34.005203,-29.925873,-2.435047,0.781041,-0.135752,0.607552,0.049271,0.000634091,-4.38663e-05,-0.0001433723,1.87749e-05,1.54632e-05,4.9464e-05,1.9868128114,0.3694161779,0.2955958198,1.8432087114,0.1766247958,0.1143799146,-0.803553,3.770256,0.954129,0.574485,-0.070821,-0.814683,-0.035267
1403636913.70334,-34.347923,-30.161423,-2.463232,0.781169,-0.135426,0.607321,0.050959,0.0006358493,-4.19481e-05,-0.000143816,1.85602e-05,1.50574e-05,4.96755e-05,2.024645223,0.3769049365,0.3014303723,1.8810637975,0.1799937523,0.1166257554,-0.820549,3.795706,0.949015,0.574243,-0.070189,-0.814837,-0.036863
1403636913.80334,-35.040077,-30.636057,-2.521244,0.780735,-0.135049,0.607836,0.052441,0.0006396369,-4.03932e-05,-0.0001434633,1.84856e-05,1.46905e-05,4.94887e-05,2.1021542088,0.3922677241,0.3133890754,1.9587495311,0.186896919,0.1212338301,-0.854066,3.846459,0.937302,0.574693,-0.069338,-0.814526,-0.038311
1403636913.85334,-35.389841,-30.875271,-2.549379,0.780586,-0.13458,0.607999,0.053957,0.0006416475,-3.86069e-05,-0.0001433333,1.83162e-05,1.42787e-05,4.94186e-05,2.1418645838,0.4001458858,0.3195191337,1.9986268941,0.1904351944,0.123598025,-0.870307,3.871816,0.932214,0.574865,-0.068625,-0.814397,-0.039719
1403636913.90334,-35.741816,-31.115584,-2.575928,0.780084,-0.134575,0.608636,0.054047,0.0006436673,-3.87007e-05,-0.0001426576,1.84032e-05,1.42668e-05,4.90882e-05,2.1822293608,0.4081696653,0.3257514052,2.0391975142,0.1940314381,0.1260023561,-0.886717,3.89706,0.928789,0.575361,-0.068425,-0.814062,-0.039766
1403636913.95334,-36.096209,-31.357181,-2.600048,0.779697,-0.133992,0.609202,0.054697,0.0006458032,-3.7754e-05,-0.0001420296,1.83617e-05,1.40209e-05,4.87753e-05,2.2232689636,0.4163376196,0.3320892396,2.0804883381,0.1976882717,0.128448048,-0.903156,3.922328,0.927845,0.575919,-0.067602,-0.81371,-0.040291
1403636914.05334,-36.813956,-31.843729,-2.642685,0.779726,-0.134562,0.609085,0.054192,0.0006487155,-3.87291e-05,-0.0001428405,1.86404e-05,1.43293e-05,4.91632e-05,2.3073834208,0.4331050198,0.3450930778,2.1653662668,0.2051916023,0.1334690927,-0.934224,3.97263,0.93215,0.575639,-0.067772,-0.813917,-0.039821
1403636914.15334,-37.540446,-32.335088,-2.683347,0.77856,-0.137439,0.610273,0.050213,0.0006515932,-4.53849e-05,-0.0001420244,1.97144e-05,1.58099e-05,4.88105e-05,2.3942282761,0.4504599561,0.3585231347,2.2531453811,0.2129380052,0.1386598958,-0.96559,4.022577,0.939038,0.576515,-0.070426,-0.813255,-0.035867
1403636914.25334,-38.276974,-32.831683,-2.728615,0.778285,-0.138548,0.610339,0.05063,0.0006547802,-4.59832e-05,-0.0001424181,1.99348e-05,1.59996e-05,4.90225e-05,2.4838200969,0.4683613251,0.3723890798,2.3439455509,0.2209366785,0.144028245,-0.995688,4.073228,0.942317,0.576464,-0.071176,-0.813214,-0.036153
1403636914.30334,-38.649143,-33.081686,-2.753829,0.77936,-0.137891,0.609031,0.051632,0.0006557561,-4.41162e-05,-0.0001446222,1.97447e-05,1.57626e-05,5.00545e-05,2.5296537012,0.4775242711,0.3794885208,2.3905072648,0.2250319458,0.1467804894,-1.010047,4.098715,0.941719,0.574998,-0.070265,-0.81428,-0.037259
1403636914.35334,-39.023784,-33.333042,-2.779918,0.778772,-0.137329,0.609765,0.053308,0.0006582745,-4.2213e-05,-0.0001435938,1.95415e-05,1.52614e-05,4.95624e-05,2.5762037459,0.4868297372,0.3867013228,2.4378537328,0.2291928834,0.1495789161,-1.024185,4.124354,0.940452,0.575772,-0.069401,-0.813739,-0.038729
1403636914.40334,-39.401105,-33.585652,-2.806881,0.778892,-0.136222,0.609637,0.055805,0.0006604025,-3.87905e-05,-0.0001437886,1.91588e-05,1.45142e-05,4.96458e-05,2.6234771542,0.496280782,0.3940299621,2.4860091317,0.2334209741,0.1524245671,-1.037861,4.150053,0.938504,0.575688,-0.067974,-0.813795,-0.041231
1403636914.45334,-39.781011,-33.839239,-2.833305,0.778897,-0.13571,0.609629,0.057053,0.0006622984,-3.7133e-05,-0.0001439403,1.90285e-05,1.41658e-05,4.97142e-05,2.671491913,0.5058970641,0.4014771187,2.5349871737,0.2377166745,0.155317546,-1.051257,4.175453,0.93723,0.57566,-0.067221,-0.813819,-0.042379
1403636914.50334,-40.163469,-34.093927,-2.85799,0.778966,-0.135232,0.609491,0.058685,0.0006641715,-3.50816e-05,-0.0001442283,1.88573e-05,1.37384e-05,4.98518e-05,2.7202725355,0.5156831477,0.409045717,2.5848043342,0.2420818789,0.1582585778,-1.064563,4.200482,0.937909,0.575473,-0.066397,-0.813932,-0.044014
1403636914.55334,-40.548443,-34.349674,-2.881161,0.778996,-0.135206,0.609395,0.059352,0.0006658518,-3.43831e-05,-0.0001445781,1.88529e-05,1.36202e-05,5.00205e-05,2.7698259728,0.5256424991,0.4167368608,2.6354678791,0.2465170363,0.1612481781,-1.077752,4.225281,0.940276,0.575344,-0.066199,-0.814007,-0.044607
1403636914.60334,-40.935425,-34.606522,-2.902479,0.77878,-0.135275,0.609608,0.059831,0.0006677106,-3.40366e-05,-0.0001444709,1.88891e-05,1.35538e-05,4.99757e-05,2.8201668992,0.5357837335,0.4245498793,2.6869560247,0.2510210325,0.1642857324,-1.091422,4.249783,0.944618,0.57556,-0.066011,-0.813846,-0.045036
1403636914.80334,-42.510977,-35.643531,-2.975302,0.776463,-0.136263,0.612111,0.062113,0.0006763442,-3.33589e-05,-0.0001413301,1.90921e-05,1.32934e-05,4.85904e-05,3.0295130457,0.5781567974,0.4570851421,2.9018697984,0.2697707614,0.1769463486,-1.142794,4.344329,0.977003,0.577863,-0.066161,-0.812084,-0.047088
1403636914.90334,-43.314312,-36.167083,-3.017594,0.777316,-0.137453,0.610692,0.062776,0.0006786869,-3.33605e-05,-0.0001440398,1.92321e-05,1.34877e-05,4.98647e-05,3.1389473987,0.6004305751,0.4741212033,3.0146998368,0.2795823835,0.1835884554,-1.166279,4.388976,0.989141,0.576429,-0.06683,-0.813002,-0.047874
1403636914.95334,-43.719891,-36.430044,-3.041706,0.778242,-0.137996,0.609359,0.063077,0.0006794143,-3.31656e-05,-0.0001463957,1.92846e-05,1.3599e-05,5.09713e-05,3.1948694165,0.6118428111,0.4828348934,3.072488892,0.2845992674,0.1869897744,-1.177349,4.410834,0.992597,0.574955,-0.067137,-0.813997,-0.04826
1403636915.00334,-44.127774,-36.693804,-3.067631,0.779157,-0.138963,0.607984,0.062928,0.0006799812,-3.37859e-05,-0.0001488758,1.94224e-05,1.39013e-05,5.21587e-05,3.2516090292,0.6234459635,0.4916794825,3.1311869809,0.28968989,0.1904446552,-1.188307,4.432364,0.994445,0.573474,-0.067884,-0.814977,-0.04829
1403636915.10334,-44.950169,-37.224041,-3.123921,0.780611,-0.139803,0.605861,0.063518,0.000681806,-3.33351e-05,-0.0001527339,1.95254e-05,1.40603e-05,5.40315e-05,3.3676001355,0.6472330919,0.5097674982,3.2513396936,0.3000960597,0.1975174359,-1.210252,4.474513,0.994291,0.571095,-0.068243,-0.816575,-0.048987
1403636915.15334,-45.364861,-37.490581,-3.154364,0.781535,-0.140432,0.604524,0.063506,0.0006824268,-3.35242e-05,-0.0001551429,1.96224e-05,1.42638e-05,5.52221e-05,3.4268719652,0.6594174669,0.5190150845,3.312829751,0.3054144191,0.2011373249,-1.221029,4.495159,0.992237,0.569664,-0.068647,-0.81753,-0.049158
1403636915.20334,-45.781254,-37.757966,-3.186427,0.782969,-0.140915,0.602538,0.063644,0.000682582,-3.32387e-05,-0.0001585503,1.96718e-05,1.44137e-05,5.69313e-05,3.4870047828,0.6718104299,0.5283963757,3.3752266854,0.3108069076,0.204811787,-1.232247,4.515313,0.988688,0.567613,-0.068828,-0.81892,-0.049477
1403636915.30334,-46.619417,-38.295225,-3.255296,0.787856,-0.142223,0.595892,0.062991,0.0006804345,-3.3126e-05,-0.0001696175,1.9835e-05,1.50764e-05,6.27598e-05,3.6098930145,0.6972326901,0.547567726,3.5028034097,0.3218185118,0.2123277774,-1.255801,4.554272,0.97713,0.560579,-0.069629,-0.823691,-0.049372
1403636915.40334,-47.464245,-38.836781,-3.327626,0.791472,-0.142843,0.591001,0.062339,0.0006795276,-3.29217e-05,-0.0001778756,1.99993e-05,1.55542e-05,6.73682e-05,3.736409555,0.7235077859,0.5672961073,3.6341417762,0.3331403957,0.2200710534,-1.281788,4.592229,0.96235,0.555145,-0.069748,-0.827367,-0.049117
1403636915.50334,-48.314901,-39.383565,-3.397967,0.788572,-0.145049,0.594606,0.059656,0.0006851854,-3.87487e-05,-0.0001733691,2.08215e-05,1.68493e-05,6.47749e-05,3.8667390689,0.7506662263,0.58759771,3.7693008363,0.3447821532,0.2280458614,-1.311739,4.629394,0.949635,0.558409,-0.071722,-0.825164,-0.046264
1403636915.55334,-48.74251,-39.659122,-3.430149,0.784401,-0.147419,0.599851,0.056235,0.0006901258,-4.60165e-05,-0.0001659181,2.18544e-05,1.81715e-05,6.07523e-05,3.93339849,0.7645890582,0.5979718634,3.8383666942,0.3507284761,0.2321222289,-1.328435,4.64776,0.946349,0.563573,-0.0742,-0.821632,-0.042518
1403636915.65334,-49.603219,-40.215143,-3.490182,0.777788,-0.1522,0.607875,0.048682,0.0006971671,-6.06955e-05,-0.0001545,2.44076e-05,2.0699e-05,5.50714e-05,4.0697601301,0.7930897609,0.6191795443,3.9795935937,0.3628842037,0.2404594765,-1.364327,4.684958,0.944356,0.571412,-0.079178,-0.816106,-0.034506
1403636915.70334,-50.037812,-40.496182,-3.518022,0.775346,-0.15397,0.610748,0.046032,0.0006999695,-6.59914e-05,-0.000150348,2.54948e-05,2.14827e-05,5.31443e-05,4.1395022056,0.8076290869,0.6300277552,4.0519106689,0.3691075893,0.2447274009,-1.382299,4.704559,0.945905,0.574237,-0.08107,-0.814057,-0.031472
1403636915.85334,-51.363055,-41.350974,-3.592821,0.772603,-0.154379,0.614197,0.04487,0.0007071856,-6.88206e-05,-0.0001456845,2.62933e-05,2.16083e-05,5.10456e-05,4.3551150996,0.8523901081,0.6636068596,4.2762586387,0.3884020875,0.2579518288,-1.431669,4.766952,0.961037,0.57752,-0.081046,-0.81179,-0.029976
1403636915.90334,-51.811549,-41.639943,-3.613822,0.772185,-0.154031,0.614788,0.045167,0.0007094763,-6.84332e-05,-0.000144989,2.62913e-05,2.14518e-05,5.07391e-05,4.4291783804,0.8677046333,0.6751511155,4.3535343091,0.3950455784,0.262501964,-1.447132,4.788877,0.970622,0.577985,-0.080512,-0.811507,-0.03013
1403636915.95334,-52.263087,-41.930848,-3.634728,0.772478,-0.152764,0.614585,0.047187,0.000711848,-6.51389e-05,-0.0001454678,2.57083e-05,2.07986e-05,5.0938e-05,4.5043300972,0.8832148235,0.6868688728,4.4320353146,0.4017933572,0.2671232932,-1.462362,4.811111,0.980598,0.577797,-0.078984,-0.81172,-0.03198
1403636916.00334,-52.717558,-42.223632,-3.656583,0.772603,-0.149892,0.614766,0.051768,0.0007153618,-5.77678e-05,-0.0001450094,2.44216e-05,1.91833e-05,5.07046e-05,4.5805649823,0.8989187524,0.6987594488,4.5117562093,0.4086448917,0.2718162646,-1.477274,4.834145,0.98993,0.578119,-0.075695,-0.811622,-0.03633
1403636916.05334,-53.174737,-42.517986,-3.680295,0.773294,-0.147469,0.614124,0.055867,0.0007179996,-5.10164e-05,-0.0001459244,2.34002e-05,1.78397e-05,5.10881e-05,4.6578734768,0.9148296802,0.7108213259,4.5926815376,0.4155977377,0.2765805512,-1.492009,4.8576,0.997606,0.577635,-0.072809,-0.812045,-0.04026
1403636916.10334,-53.634735,-42.813448,-3.705761,0.773775,-0.144402,0.61381,0.060475,0.0007209416,-4.31891e-05,-0.0001461659,2.23807e-05,1.62157e-05,5.11718e-05,4.7362569918,0.9309714151,0.7230572191,4.6748371013,0.4226516886,0.2814167674,-1.506415,4.881031,1.003721,0.577354,-0.069256,-0.812317,-0.044808
1403636916.15334,-54.097677,-43.109921,-3.73288,0.774457,-0.142321,0.613161,0.063206,0.0007230308,-3.81428e-05,-0.0001472043,2.1861e-05,1.52367e-05,5.16142e-05,4.8157265411,0.9473506532,0.7354703177,4.7582505871,0.4298084048,0.2863262223,-1.520345,4.90424,1.008404,0.576749,-0.066845,-0.812804,-0.047353
1403636916.20334,-54.56346,-43.407286,-3.761093,0.774882,-0.141541,0.612684,0.064355,0.0007247645,-3.60494e-05,-0.0001481619,2.17198e-05,1.48716e-05,5.20394e-05,4.8963003542,0.9639823131,0.7480628681,4.8429325169,0.4370682767,0.2913093162,-1.53393,4.92709,1.012166,0.576185,-0.065579,-0.813225,-0.04873
1403636916.25334,-55.032398,-43.705366,-3.788844,0.774695,-0.142021,0.612884,0.06365,0.0007264995,-3.73357e-05,-0.0001482535,2.19535e-05,1.51718e-05,5.20936e-05,4.9780108775,0.9808860404,0.7608422857,4.9289447838,0.4444351547,0.2963678298,-1.547012,4.949352,1.016572,0.576342,-0.06596,-0.813131,-0.047938
1403636916.30334,-55.504338,-44.004264,-3.815587,0.774673,-0.142427,0.612918,0.062672,0.0007280666,-3.87976e-05,-0.0001486785,2.22192e-05,1.55298e-05,5.22891e-05,5.0608834384,0.998067121,0.7738106859,5.0162940465,0.4519102458,0.3015022336,-1.559785,4.971114,1.022183,0.576196,-0.066253,-0.813267,-0.046965
1403636916.35334,-55.979619,-44.304113,-3.84111,0.774644,-0.142624,0.612984,0.061933,0.0007297259,-3.98192e-05,-0.0001490153,2.2439e-05,1.57892e-05,5.24433e-05,5.1449387861,1.0155198246,0.7869737127,5.1050332638,0.4594980942,0.30671496,-1.571961,4.992554,1.029294,0.576124,-0.066253,-0.813362,-0.046198
1403636916.40334,-56.457307,-44.605405,-3.866006,0.775317,-0.142569,0.611975,0.063598,0.000731134,-3.76696e-05,-0.0001507761,2.22596e-05,1.54589e-05,5.32535e-05,5.2301943233,1.0332309065,0.8003250945,5.1950782244,0.467195436,0.3120041914,-1.584427,5.014071,1.037239,0.57511,-0.065913,-0.814017,-0.047755
1403636916.45334,-56.937866,-44.908027,-3.891253,0.774705,-0.143247,0.612134,0.067861,0.0007338509,-3.37711e-05,-0.0001499875,2.18461e-05,1.45981e-05,5.29942e-05,5.3166443979,1.0511951842,0.8138689909,5.2864813798,0.4750053808,0.3173725029,-1.596628,5.035646,1.045164,0.575514,-0.066088,-0.813454,-0.052044
1403636916.50334,-57.420987,-45.211683,-3.918265,0.774179,-0.147639,0.611476,0.070329,0.0007353058,-3.5097e-05,-0.000150765,2.19261e-05,1.49328e-05,5.35085e-05,5.4042687889,1.0694233727,0.8276017231,5.3792105893,0.4829240746,0.3228190595,-1.608624,5.056931,1.051544,0.575103,-0.070096,-0.813235,-0.054707
1403636916.60334,-58.394917,-45.822243,-3.976385,0.7725,-0.158241,0.609759,0.079983,0.0007388082,-3.42818e-05,-0.0001518306,2.1599e-05,1.48091e-05,5.44457e-05,5.5831173298,1.1066873759,0.8556444741,5.5687187169,0.4990946356,0.3339508473,-1.632129,5.098767,1.060811,0.574271,-0.079839,-0.812173,-0.064916
1403636916.65334,-58.885501,-46.128668,-4.007726,0.771802,-0.164028,0.608513,0.084431,0.000740196,-3.46278e-05,-0.0001530129,2.15064e-05,1.49335e-05,5.52136e-05,5.6743493944,1.1257565561,0.8699555854,5.6655001201,0.5073444776,0.3396360683,-1.643843,5.118837,1.063421,0.573513,-0.085223,-0.811767,-0.069725
1403636916.70334,-59.378506,-46.435489,-4.040323,0.770747,-0.16926,0.607935,0.087839,0.0007419104,-3.58219e-05,-0.0001532755,2.15317e-05,1.51904e-05,5.55417e-05,5.7667983291,1.1451443962,0.8844627972,5.763656109,0.5157038883,0.345401345,-1.655486,5.138069,1.064904,0.573266,-0.090191,-0.811075,-0.073417
1403636916.75334,-59.873858,-46.742742,-4.0742,0.769599,-0.173917,0.607624,0.090899,0.0007438036,-3.69547e-05,-0.0001531592,2.15725e-05,1.5412e-05,5.568e-05,5.8604767861,1.1648537351,0.8991673235,5.8631921917,0.5241735997,0.3512472638,-1.667193,5.156405,1.065212,0.573304,-0.094531,-0.810252,-0.076672
1403636916.85334,-60.872398,-47.35877,-4.146813,0.76786,-0.182248,0.606807,0.094669,0.0007469841,-4.07628e-05,-0.0001538817,2.19077e-05,1.6249e-05,5.63225e-05,6.051562553,1.2052217497,0.9291821058,6.0665398048,0.5414551224,0.3631883556,-1.689964,5.190836,1.061393,0.572871,-0.102446,-0.809191,-0.080828
1403636916.95334,-61.880982,-47.977404,-4.224073,0.766542,-0.186799,0.606284,0.099696,0.0007511,-3.96563e-05,-0.0001538577,2.17503e-05,1.59948e-05,5.65412e-05,6.2477597612,1.2468734582,0.9600193873,6.275665563,0.55920296,0.3754671555,-1.712561,5.222335,1.053523,0.572751,-0.106464,-0.80822,-0.086043
1403636917.00334,-62.388987,-48.287532,-4.265063,0.766045,-0.189099,0.606058,0.100548,0.0007527677,-4.0947e-05,-0.0001542422,2.19152e-05,1.62947e-05,5.68045e-05,6.3477916676,1.2681956462,0.9757497789,6.3824196929,0.568252764,0.3817349298,-1.723809,5.236785,1.047441,0.572579,-0.108485,-0.807957,-0.087118
1403636917.10334,-63.412758,-48.909543,-4.350955,0.765041,-0.193853,0.605996,0.099505,0.0007556153,-4.68456e-05,-0.0001551175,2.27304e-05,1.76288e-05,5.73482e-05,6.5518101158,1.3118492714,1.0078502537,6.6004364598,0.5867146088,0.3945335691,-1.745998,5.263338,1.031929,0.572479,-0.112956,-0.807502,-0.08631
1403636917.20334,-64.44732,-49.534767,-4.441934,0.763421,-0.199723,0.606396,0.097893,0.0007583934,-5.47274e-05,-0.0001552769,2.39164e-05,1.93331e-05,5.76094e-05,6.7612235695,1.3568203285,1.0408243299,6.8246255505,0.6056770522,0.4076928278,-1.767557,5.28759,1.012225,0.572761,-0.118574,-0.80666,-0.084766
1403636917.25334,-64.969117,-49.849271,-4.489866,0.762507,-0.204054,0.605805,0.099724,0.0007597678,-5.68677e-05,-0.0001559359,2.41939e-05,1.9817e-05,5.80769e-05,6.8679982434,1.3797561356,1.0576490011,6.9391251719,0.6153570878,0.4144136109,-1.777663,5.299554,1.000411,0.572427,-0.122606,-0.806076,-0.086821
1403636917.30334,-65.493974,-50.165057,-4.539171,0.760595,-0.209398,0.605783,0.103323,0.0007619463,-5.84078e-05,-0.0001550091,2.43181e-05,2.00081e-05,5.78977e-05,6.9761767708,1.4029968778,1.0747030956,7.0552606178,0.6251725332,0.4212301222,-1.787313,5.311437,0.98747,0.572842,-0.12768,-0.804584,-0.090554
1403636917.35334,-66.022306,-50.482268,-4.59003,0.759015,-0.215985,0.604532,0.108568,0.0007636058,-5.88663e-05,-0.0001556575,2.42109e-05,2.00739e-05,5.84729e-05,7.0857741143,1.4265289862,1.0919931496,7.1730978986,0.6351293311,0.428145697,-1.796017,5.323257,0.973417,0.572242,-0.133806,-0.80337,-0.096089
1403636917.40334,-66.553267,-50.800964,-4.642141,0.756855,-0.223901,0.603082,0.115459,0.0007654978,-5.88425e-05,-0.0001559776,2.39595e-05,1.99682e-05,5.89637e-05,7.1968131021,1.4503675525,1.1095134394,7.2925549303,0.645222477,0.4351575307,-1.804754,5.335202,0.958294,0.571556,-0.141233,-0.80168,-0.103441
1403636917.50334,-67.623166,-51.441394,-4.751162,0.75261,-0.241036,0.599572,0.126462,0.000767835,-6.29116e-05,-0.0001582635,2.41819e-05,2.07655e-05,6.06765e-05,7.4232082095,1.4990539054,1.1452506413,7.5363903065,0.6658143242,0.4494713989,-1.821651,5.357623,0.923874,0.569399,-0.157715,-0.798485,-0.115479
1403636917.55334,-68.162417,-51.762892,-4.805268,0.750411,-0.248382,0.598524,0.130224,0.0007691,-6.59915e-05,-0.0001587381,2.45582e-05,2.13516e-05,6.11765e-05,7.5386472688,1.5239480226,1.1634821926,7.6608786454,0.6763204371,0.45677646,-1.829892,5.367875,0.907319,0.568917,-0.164851,-0.796764,-0.119725
1403636917.60334,-68.704204,-52.085854,-4.857618,0.748279,-0.255349,0.597665,0.132936,0.0007701531,-6.9934e-05,-0.0001592564,2.51523e-05,2.21436e-05,6.16739e-05,7.6556542749,1.5491970738,1.181959823,7.7870824041,0.6869716007,0.4641813733,-1.838508,5.377767,0.892542,0.568503,-0.17164,-0.795155,-0.122772
1403636917.80334,-70.906137,-53.386402,-5.051091,0.74153,-0.273827,0.595196,0.144547,0.0007770709,-7.59436e-05,-0.0001595412,2.59698e-05,2.30685e-05,6.25529e-05,8.1394761366,1.654048361,1.2584799426,8.3106343184,0.7311058485,0.4948548799,-1.867532,5.410563,0.851487,0.567514,-0.189268,-0.789815,-0.135271
1403636917.85334,-71.464849,-53.714382,-5.094651,0.740335,-0.276938,0.594462,0.147731,0.0007791696,-7.55326e-05,-0.0001597143,2.58194e-05,2.29035e-05,6.27682e-05,8.2645066225,1.6812206689,1.2782743562,8.4462603664,0.742532008,0.5027915469,-1.874205,5.417681,0.846426,0.567094,-0.192126,-0.788847,-0.138613
1403636917.90334,-72.026937,-54.043266,-5.13589,0.739079,-0.279714,0.594132,0.150098,0.0007812794,-7.58955e-05,-0.0001595055,2.58485e-05,2.288e-05,6.27975e-05,8.3912046418,1.7088050121,1.2983421621,8.5838402141,0.7541184217,0.5108377684,-1.880635,5.424162,0.843825,0.567,-0.194676,-0.787848,-0.141097
1403636917.95334,-72.592591,-54.372863,-5.176294,0.73851,-0.281694,0.593384,0.152143,0.0007831526,-7.54642e-05,-0.0001602081,2.57439e-05,2.28025e-05,6.32016e-05,8.5195466138,1.7368000899,1.3186845284,8.7234002737,0.7658656484,0.5189953452,-1.886426,5.429912,0.842355,0.566476,-0.196405,-0.7874,-0.143287
1403636918.10334,-74.307864,-55.366588,-5.303515,0.73916,-0.285729,0.589571,0.156231,0.000787273,-7.31566e-05,-0.0001660728,2.53342e-05,2.28081e-05,6.60391e-05,8.9143521191,1.8231761397,1.3813204096,9.1535745818,0.802049141,0.5441327844,-1.90195,5.443603,0.833087,0.562816,-0.199752,-0.788353,-0.147775
1403636918.15334,-74.885391,-55.699541,-5.348675,0.739729,-0.286074,0.588362,0.157457,0.0007888271,-7.14765e-05,-0.0001680155,2.50513e-05,2.26149e-05,6.69615e-05,9.0492528161,1.8527728523,1.4027384527,9.3008040847,0.8144255905,0.5527358097,-1.906774,5.447034,0.827568,0.561582,-0.199826,-0.788966,-0.149089
1403636918.20334,-75.465647,-56.033442,-5.393982,0.740701,-0.285749,0.586909,0.158892,0.000790416,-6.8673e-05,-0.0001703211,2.45822e-05,2.22039e-05,6.8041e-05,9.1858657477,1.8827903383,1.4244325607,9.4499816078,0.8269628718,0.5614521844,-1.911752,5.449898,0.821983,0.560123,-0.199209,-0.789868,-0.150621
1403636918.30334,-76.635493,-56.703916,-5.480868,0.741849,-0.284978,0.58534,0.1607,0.0007940872,-6.49581e-05,-0.0001730393,2.40486e-05,2.16179e-05,6.93196e-05,9.4643995863,1.9441492361,1.4686870043,9.7544897008,0.8525421856,0.5792360302,-1.921522,5.4536,0.815001,0.558455,-0.197898,-0.791024,-0.152464
1403636918.40334,-77.817522,-57.377238,-5.562663,0.748121,-0.285797,0.577586,0.158208,0.0007908215,-6.3197e-05,-0.0001885937,2.39748e-05,2.27144e-05,7.70987e-05,9.7501172438,2.0073692519,1.5141134893,10.0673100568,0.878797279,0.5974933076,-1.931189,5.453783,0.813871,0.550078,-0.1982,-0.797118,-0.150796
1403636918.45334,-78.412325,-57.71559,-5.601222,0.751655,-0.286233,0.573155,0.156775,0.0007884156,-6.21759e-05,-0.0001972891,2.39255e-05,2.32999e-05,8.17826e-05,9.8957518902,2.0396638974,1.5372656424,10.2267811766,0.8921787992,0.6067996634,-1.936861,5.452912,0.815791,0.54525,-0.198387,-0.800561,-0.149827
1403636918.50334,-79.009304,-58.055423,-5.637521,0.754269,-0.286386,0.569958,0.155592,0.0007870675,-6.14533e-05,-0.0002036842,2.3921e-05,2.37358e-05,8.53694e-05,10.0432941716,2.0724095153,1.5607120852,10.388277766,0.9057312518,0.6162249443,-1.943621,5.451695,0.820095,0.541696,-0.198334,-0.803149,-0.148932
1403636918.55334,-79.608257,-58.396896,-5.671636,0.755381,-0.286387,0.568769,0.154544,0.0007875018,-6.18212e-05,-0.0002065826,2.40848e-05,2.41343e-05,8.70108e-05,10.1927689694,2.1056019555,1.5844530226,10.5517873458,0.9194549813,0.6257695657,-1.951668,5.450209,0.826675,0.54017,-0.198175,-0.804396,-0.147951
1403636918.70334,-81.416174,-59.431971,-5.761369,0.754598,-0.284473,0.571305,0.152538,0.000795047,-6.3896e-05,-0.0002044607,2.4722e-05,2.45695e-05,8.55803e-05,10.6530148446,2.2078530635,1.6574605938,11.0544509568,0.961666599,0.6551284746,-1.984509,5.444663,0.859478,0.542148,-0.19576,-0.804094,-0.14556
1403636918.75334,-82.02315,-59.7799,-5.787955,0.75215,-0.286149,0.574824,0.148213,0.0007977476,-7.29393e-05,-0.000200558,2.64652e-05,2.66349e-05,8.33971e-05,10.8103926607,2.2428720987,1.6824067951,11.2262007426,0.9760905297,0.6651625939,-1.997543,5.442027,0.873983,0.545356,-0.197562,-0.802284,-0.141072
1403636918.80334,-82.632215,-60.129599,-5.813269,0.748649,-0.289656,0.579348,0.141353,0.0007994085,-8.74563e-05,-0.0001956647,2.964e-05,2.9921e-05,8.08252e-05,10.9697864949,2.2783381819,1.7076610249,11.4000615685,0.9906953795,0.675322625,-2.011732,5.439376,0.889896,0.549495,-0.201355,-0.799728,-0.134018
1403636918.90334,-83.859715,-60.835436,-5.861024,0.739131,-0.296294,0.590359,0.131798,0.0008050003,-0.000113043,-0.0001798827,3.64113e-05,3.406e-05,7.29941e-05,11.2947178593,2.350468243,1.7591490247,11.7546832686,1.0205019788,0.6960468663,-2.040452,5.434454,0.92498,0.560266,-0.208667,-0.792039,-0.123436
1403636919.15334,-86.996612,-62.646431,-5.975968,0.722753,-0.316927,0.60048,0.128877,0.0008122569,-0.0001470933,-0.000162415,4.75357e-05,3.83305e-05,6.59628e-05,12.1438066444,2.5367622259,1.8939116889,12.6846310499,1.0988484648,0.7503798338,-2.10286,5.44263,1.023207,0.571528,-0.22947,-0.778618,-0.120221
1403636919.20334,-87.637732,-63.016515,-5.998686,0.721249,-0.31901,0.600784,0.130733,0.0008146719,-0.0001478814,-0.0001613472,4.77417e-05,3.81817e-05,6.56194e-05,12.3200774645,2.5750205161,1.9219593503,12.8786117145,1.1152214452,0.7617034919,-2.111826,5.447998,1.044404,0.572084,-0.231416,-0.777357,-0.121992
1403636919.30334,-88.934211,-63.763846,-6.045776,0.719618,-0.32232,0.600063,0.134851,0.0008193837,-0.0001470816,-0.000161631,4.72856e-05,3.78606e-05,6.59333e-05,12.6791530911,2.6525752337,1.9791816673,13.2748454828,1.1486911523,0.784822165,-2.125504,5.462055,1.086679,0.571697,-0.234221,-0.776126,-0.126221
1403636919.40334,-90.248779,-64.520135,-6.099821,0.718303,-0.325221,0.59852,0.141583,0.0008254003,-0.0001424542,-0.0001623931,4.53598e-05,3.67479e-05,6.6432e-05,13.0469061435,2.7315272829,2.0379018618,13.6820595252,1.1831206118,0.8085729992,-2.133835,5.480296,1.124088,0.570764,-0.236548,-0.77497,-0.133022
1403636919.45334,-90.912394,-64.901404,-6.129962,0.718549,-0.325203,0.596982,0.146773,0.000829631,-0.000135918,-0.0001635063,4.29349e-05,3.54024e-05,6.69305e-05,13.2340628554,2.7715547044,2.0678241218,13.8897653311,1.2006930712,0.8206860114,-2.136351,5.490772,1.140376,0.569634,-0.236041,-0.775039,-0.138263
1403636919.55334,-92.251694,-65.66899,-6.195554,0.720123,-0.321892,0.593514,0.159845,0.0008402377,-0.0001157149,-0.0001650828,3.63508e-05,3.10818e-05,6.7541e-05,13.615021241,2.8528578212,2.128804732,14.3134219201,1.2365481681,0.845388756,-2.138517,5.513096,1.168978,0.56687,-0.231559,-0.77599,-0.151277
1403636919.60334,-92.926986,-66.055024,-6.231115,0.720611,-0.320772,0.592136,0.164923,0.0008445331,-0.000107978,-0.0001656371,3.41475e-05,2.94287e-05,6.77775e-05,13.8088506371,2.8941728351,2.1598638988,14.5293533876,1.2548274854,0.8579786698,-2.138546,5.524675,1.181161,0.565775,-0.229883,-0.776269,-0.156396
1403636919.65334,-93.605768,-66.442017,-6.268492,0.720032,-0.31995,0.59214,0.168983,0.0008489668,-0.0001027839,-0.0001639236,3.27527e-05,2.80243e-05,6.70739e-05,14.0049213534,2.935990859,2.1913023453,14.74800567,1.2733354001,0.8707264576,-2.137984,5.53591,1.191864,0.565983,-0.228691,-0.775664,-0.160342
1403636919.70334,-94.287924,-66.82975,-6.308135,0.720171,-0.319355,0.591555,0.171548,0.0008521629,-9.89458e-05,-0.0001640922,3.18069e-05,2.72079e-05,6.71648e-05,14.2032305089,2.9783331297,2.2231199931,14.9693741337,1.2920696835,0.8836323166,-2.136887,5.546638,1.20062,0.565492,-0.22776,-0.775764,-0.162896
1403636919.80334,-95.662714,-67.607768,-6.393252,0.718617,-0.320718,0.592623,0.171836,0.0008567504,-0.0001013804,-0.0001625042,3.24634e-05,2.7457e-05,6.66189e-05,14.6066881985,3.0645873017,2.2879179401,15.4204462928,1.3302359615,0.9099283216,-2.132947,5.566832,1.213315,0.566565,-0.228842,-0.774626,-0.163068
1403636919.85334,-96.355056,-67.997989,-6.438782,0.717947,-0.321644,0.593161,0.171046,0.0008584936,-0.0001039101,-0.0001621916,3.31452e-05,2.79236e-05,6.655e-05,14.8118744317,3.1085212782,2.3209001972,15.6501446517,1.3496672948,0.9233190527,-2.130377,5.576314,1.217228,0.56701,-0.229553,-0.77424,-0.162352
1403636919.90334,-97.050788,-68.389056,-6.486396,0.717159,-0.322432,0.593881,0.170373,0.0008604369,-0.0001063056,-0.0001614603,3.38032e-05,2.83024e-05,6.63089e-05,15.0193911744,3.1529932014,2.3542775628,15.88266777,1.3693352913,0.9368744423,-2.127318,5.585287,1.219337,0.567671,-0.230288,-0.773703,-0.161554
1403636919.95334,-97.750017,-68.780992,-6.535864,0.715776,-0.323744,0.595346,0.168578,0.0008620502,-0.0001111888,-0.0001598122,3.51464e-05,2.90566e-05,6.5717e-05,15.2292696379,3.1980084715,2.3880567531,16.1180676651,1.3892443787,0.9505969221,-2.123718,5.593857,1.219955,0.568953,-0.231583,-0.772758,-0.15971
1403636920.00334,-98.453139,-69.173769,-6.587401,0.714469,-0.324857,0.596882,0.166531,0.0008635824,-0.0001161719,-0.0001581382,3.65822e-05,2.98173e-05,6.51168e-05,15.4415200664,3.2435626123,2.4222477986,16.356443623,1.4094022626,0.9644909973,-2.119188,5.602075,1.218896,0.570373,-0.232715,-0.77182,-0.157521
1403636920.20334,-101.306764,-70.755483,-6.811716,0.709452,-0.329769,0.602804,0.15671,0.0008679333,-0.0001383152,-0.0001523716,4.36692e-05,3.32781e-05,6.31831e-05,16.3148656301,3.4310542936,2.5632665531,17.3407920966,1.4926339425,1.0218390853,-2.090572,5.633641,1.200602,0.575616,-0.237805,-0.768407,-0.147192
1403636920.25334,-102.031151,-71.1541,-6.871928,0.709867,-0.328945,0.602535,0.157591,0.0008707541,-0.0001362744,-0.0001528972,4.30223e-05,3.29623e-05,6.3395e-05,16.5394354745,3.4792077265,2.5996214482,17.5948927271,1.5141226269,1.0366345355,-2.080305,5.64171,1.192985,0.575312,-0.236796,-0.768809,-0.147908
1403636920.35334,-103.493058,-71.955253,-6.995542,0.712461,-0.322883,0.600177,0.167133,0.0008812548,-0.0001166643,-0.0001538171,3.70507e-05,2.9275e-05,6.36613e-05,16.9962894291,3.5771058825,2.6736899276,18.1129633913,1.5579396066,1.0667885472,-2.056327,5.657992,1.175807,0.573249,-0.229623,-0.77069,-0.15715
1403636920.45334,-104.971859,-72.760086,-7.120838,0.716084,-0.318553,0.596319,0.17364,0.0008880693,-0.0001009675,-0.0001590788,3.30865e-05,2.69628e-05,6.56389e-05,17.463628756,3.6773839559,2.7495997749,18.6443385882,1.6028717894,1.0976975965,-2.028391,5.672733,1.158337,0.569572,-0.224289,-0.773598,-0.163796
1403636920.50334,-105.717301,-73.163678,-7.182006,0.71776,-0.317746,0.59436,0.174911,0.0008899042,-9.69378e-05,-0.0001627792,3.22159e-05,2.66377e-05,6.71e-05,17.7013689456,3.728497176,2.7882604821,18.9150815146,1.6257589776,1.1134373096,-2.013458,5.679107,1.151554,0.567466,-0.223086,-0.775206,-0.165139
1403636920.65334,-107.977803,-74.378365,-7.355998,0.723941,-0.318889,0.58664,0.173412,0.0008902105,-9.3597e-05,-0.0001804312,3.17575e-05,2.81044e-05,7.4568e-05,18.4313057542,3.8859749838,2.9071402747,19.7480134578,1.6961321748,1.1618189009,-1.965137,5.69319,1.142795,0.559077,-0.223435,-0.781304,-0.164546
1403636920.70334,-108.738834,-74.785127,-7.410487,0.726146,-0.319661,0.583694,0.172714,0.0008896887,-9.2864e-05,-0.0001871018,3.16947e-05,2.87428e-05,7.76035e-05,18.6803201775,3.9398289172,2.9477402199,20.0325613537,1.7201664881,1.1783371575,-1.948668,5.696662,1.144149,0.555864,-0.223981,-0.783513,-0.164181
1403636920.75334,-109.502896,-75.193319,-7.463664,0.7278,-0.320534,0.581415,0.171817,0.0008894485,-9.30671e-05,-0.000192514,3.18342e-05,2.94409e-05,8.0161e-05,18.9322327508,3.9943266271,2.988817372,20.3204396314,1.7444850849,1.1950489129,-1.932672,5.699826,1.147042,0.553312,-0.224613,-0.785262,-0.163584
1403636920.80334,-110.270861,-75.602318,-7.515546,0.72959,-0.321895,0.578753,0.170669,0.0008885833,-9.38227e-05,-0.0001987706,3.20957e-05,3.03741e-05,8.3227e-05,19.1870444915,4.0495262669,3.0303945304,20.6118748914,1.7690985023,1.2119620764,-1.916324,5.702303,1.151675,0.550428,-0.225757,-0.787118,-0.162818
1403636920.85334,-111.041703,-76.012982,-7.565437,0.730611,-0.322809,0.577243,0.169681,0.0008887704,-9.48506e-05,-0.0002026654,3.24144e-05,3.11012e-05,8.51888e-05,19.4448512008,4.1053734562,3.0724582929,20.9066834823,1.7940020696,1.2290717657,-1.900795,5.704669,1.15846,0.548683,-0.226558,-0.78828,-0.161969
1403636920.95334,-112.593254,-76.838163,-7.66137,0.731157,-0.324248,0.575861,0.16928,0.0008914035,-9.60588e-05,-0.0002063747,3.281e-05,3.18249e-05,8.71105e-05,19.9694217239,4.2190986977,3.1580798092,21.506771647,1.8446944863,1.2638956759,-1.870753,5.708347,1.177119,0.547069,-0.227647,-0.789145,-0.161688
1403636921.25334,-117.312642,-79.3491,-7.974669,0.725,-0.325429,0.581938,0.172683,0.0009109867,-9.96396e-05,-0.0001947,3.38135e-05,3.10483e-05,8.14972e-05,21.614390891,4.5756204797,3.4266233644,23.3881539548,2.0037245175,1.3732080783,-1.796171,5.716911,1.215039,0.553203,-0.227924,-0.784281,-0.164075
1403636921.35334,-118.908946,-80.196129,-8.09243,0.718501,-0.32575,0.589355,0.174078,0.0009214251,-0.0001054351,-0.0001793151,3.51599e-05,3.02952e-05,7.47406e-05,22.1868630534,4.6998060765,3.5201568146,24.0433164195,2.0591205533,1.4113153033,-1.774107,5.718065,1.216827,0.561009,-0.228035,-0.778563,-0.16465
1403636921.40334,-119.71199,-80.620823,-8.154077,0.715719,-0.327309,0.592406,0.17225,0.0009241699,-0.0001124906,-0.0001742618,3.69445e-05,3.1076e-05,7.27299e-05,22.4776987277,4.762997765,3.567708036,24.3764110315,2.0872799192,1.4306928145,-1.762882,5.717711,1.215363,0.564094,-0.229699,-0.776293,-0.162506
1403636921.45334,-120.518541,-81.046506,-8.217234,0.713292,-0.328868,0.594992,0.170425,0.0009264828,-0.0001191404,-0.0001701197,3.8729e-05,3.18297e-05,7.11542e-05,22.7716623591,4.8269078941,3.6157963965,24.7132936291,2.1157589901,1.4502918333,-1.751374,5.717031,1.212786,0.566636,-0.231279,-0.774374,-0.160561
1403636921.50334,-121.32897,-81.473028,-8.282348,0.712185,-0.331629,0.595932,0.166374,0.0009259711,-0.000128393,-0.0001706656,4.14266e-05,3.37818e-05,7.14924e-05,23.0687487574,4.8915425588,3.6644328916,25.0540766014,2.1445653515,1.470117338,-1.739113,5.715861,1.208579,0.567308,-0.234215,-0.773828,-0.156511
1403636921.60334,-122.961641,-82.329548,-8.417968,0.713417,-0.336846,0.593483,0.159216,0.0009225688,-0.0001413676,-0.0001803198,4.56727e-05,3.80858e-05,7.57071e-05,23.6724684074,5.0228966332,3.7633778095,25.7475414312,2.2031887791,1.5104605771,-1.71232,5.713031,1.195867,0.564271,-0.239469,-0.775733,-0.149973
1403636921.65334,-123.784073,-82.760282,-8.488642,0.716436,-0.339134,0.589371,0.15604,0.0009191805,-0.0001442611,-0.000190972,4.68188e-05,4.0614e-05,8.04849e-05,23.9791819889,5.0895241325,3.8137005506,26.1003371864,2.2330250255,1.5309869608,-1.697681,5.712077,1.187226,0.55978,-0.241695,-0.778799,-0.147319
1403636921.70334,-124.610128,-83.192984,-8.561198,0.722213,-0.340996,0.581812,0.153708,0.0009137589,-0.0001423957,-0.0002082295,4.64806e-05,4.32816e-05,8.87867e-05,24.2891865064,5.1567609952,3.8645860476,26.4571078901,2.2632094993,1.5517490599,-1.682688,5.711666,1.177003,0.55169,-0.243155,-0.784338,-0.146054
1403636921.80334,-126.272293,-84.065583,-8.707622,0.731598,-0.342705,0.569275,0.152455,0.0009065008,-0.0001345522,-0.0002350058,4.43881e-05,4.59588e-05,0.0001032395,24.9194651464,5.293021894,3.968068654,27.1826096403,2.3246405471,1.5939850326,-1.65322,5.713141,1.155979,0.538268,-0.244219,-0.793271,-0.146107
1403636921.85334,-127.107841,-84.506136,-8.780564,0.732747,-0.342486,0.567481,0.154111,0.0009083835,-0.0001307832,-0.0002382456,4.32615e-05,4.53798e-05,0.0001050444,25.2398830468,5.3620004399,4.0206670865,27.551282746,2.3558908293,1.6154597438,-1.63956,5.715529,1.146077,0.536348,-0.243659,-0.794416,-0.147871
1403636921.90334,-127.946146,-84.949355,-8.853678,0.73244,-0.341954,0.56752,0.156587,0.0009125725,-0.0001273569,-0.0002374505,4.22068e-05,4.41738e-05,0.0001044775,25.5638358726,5.4315685684,4.0738357311,27.9238764657,2.3874935706,1.637172116,-1.626764,5.718846,1.136187,0.536455,-0.242791,-0.794166,-0.150228
1403636922.00334,-129.631175,-85.843538,-9.000239,0.726379,-0.34005,0.573893,0.165491,0.0009292594,-0.0001206881,-0.0002209108,4.00108e-05,3.94473e-05,9.51404e-05,26.2224706369,5.5725235249,4.1819088547,28.6809951928,2.4517699388,1.681319207,-1.603779,5.728075,1.116761,0.543754,-0.240279,-0.788451,-0.157953
1403636922.05334,-130.4784,-86.293903,-9.0743,0.722856,-0.339534,0.576948,0.171251,0.0009379066,-0.0001162656,-0.0002117618,3.86426e-05,3.68132e-05,9.04474e-05,26.5571511306,5.6439733297,4.2368332168,29.0657026352,2.4844525376,1.7037617396,-1.592765,5.733508,1.106548,0.547421,-0.239392,-0.785106,-0.163192
1403636922.15334,-132.183172,-87.198643,-9.22201,0.716968,-0.341154,0.581039,0.178787,0.0009497972,-0.0001137751,-0.0001992715,3.77534e-05,3.41915e-05,8.46327e-05,27.2373793861,5.789223224,4.3485195187,29.8478890364,2.5509130782,1.7493965502,-1.571053,5.743648,1.087349,0.552609,-0.240494,-0.779638,-0.170151
1403636922.20334,-133.040942,-87.652935,-9.294034,0.715733,-0.342981,0.580704,0.181308,0.0009528051,-0.0001130591,-0.0001986659,3.7502e-05,3.38196e-05,8.44765e-05,27.5830787568,5.8630838289,4.4053088079,30.2455507143,2.5847055099,1.7725956117,-1.560302,5.748148,1.080003,0.552616,-0.241995,-0.778577,-0.172838
1403636922.30334,-134.767121,-88.565799,-9.43427,0.719013,-0.347184,0.573208,0.184164,0.0009520977,-0.0001080566,-0.0002132553,3.62983e-05,3.44023e-05,9.16038e-05,28.2858376174,6.0132560954,4.5208054433,31.054159097,2.6534350464,1.8197683352,-1.53928,5.756314,1.070076,0.545266,-0.245541,-0.781786,-0.176661
1403636922.35334,-135.635046,-89.02457,-9.502214,0.720064,-0.349827,0.570316,0.184034,0.0009511513,-0.0001089454,-0.0002196384,3.65441e-05,3.53872e-05,9.49205e-05,28.6429920011,6.0895730123,4.5795123388,31.4650481335,2.6883700223,1.8437415852,-1.529476,5.759995,1.067835,0.542379,-0.247952,-0.782944,-0.177043
1403636922.40334,-136.506081,-89.484618,-9.570671,0.721365,-0.352135,0.567057,0.184608,0.0009503799,-0.0001081543,-0.0002263134,3.63794e-05,3.59891e-05,9.84775e-05,29.0039134546,6.1667150873,4.6388499219,31.8802801975,2.7236778056,1.8679731654,-1.520075,5.763326,1.065452,0.53902,-0.250031,-0.784377,-0.178033
1403636922.45334,-137.379918,-89.946203,-9.640548,0.722606,-0.355107,0.563521,0.18489,0.0009488913,-0.0001082882,-0.0002336413,3.64322e-05,3.69045e-05,0.000102539,29.3685953581,6.2446368345,4.6988090024,32.2997709586,2.7593555983,1.8924625084,-1.511271,5.766541,1.061989,0.535429,-0.252769,-0.785779,-0.178818
1403636922.50334,-138.256564,-90.409586,-9.711923,0.722749,-0.359126,0.560272,0.186435,0.0009481178,-0.0001085879,-0.0002394261,3.64484e-05,3.75905e-05,0.0001059262,29.7370744257,6.3233014331,4.7593941046,32.7235499263,2.7954099823,1.9172128257,-1.503117,5.769913,1.057379,0.532409,-0.256491,-0.786152,-0.180885
1403636922.60334,-140.017476,-91.342032,-9.859057,0.720749,-0.368429,0.555274,0.190925,0.0009484439,-0.0001107219,-0.0002468231,3.67525e-05,3.87332e-05,0.0001105658,30.4855751218,6.4828635179,4.8824391408,33.5838592458,2.8686436819,1.9674958286,-1.489684,5.777284,1.04467,0.528024,-0.265394,-0.78489,-0.186295
1403636922.65334,-140.901474,-91.811199,-9.933744,0.716925,-0.372716,0.556293,0.194009,0.0009525289,-0.0001140984,-0.0002428579,3.7409e-05,3.88362e-05,0.0001084637,30.8657304454,6.5637897604,4.9449076265,34.0204017983,2.9058257042,1.9930295969,-1.484897,5.781265,1.037586,0.529601,-0.26962,-0.781647,-0.18936
1403636922.80334,-143.570367,-93.228038,-10.161037,0.699722,-0.380258,0.568734,0.205754,0.0009752187,-0.0001252158,-0.0002093935,3.96493e-05,3.60501e-05,9.14736e-05,32.030158612,6.8115563812,5.1362491182,35.3568228082,3.0197075224,2.0712500699,-1.475705,5.792587,1.015054,0.544093,-0.276921,-0.76638,-0.199854
1403636922.85334,-144.466882,-93.702117,-10.236723,0.694223,-0.384194,0.573142,0.204835,0.0009784201,-0.0001370343,-0.0002006915,4.28689e-05,3.7278e-05,8.77021e-05,32.4264002069,6.8960336138,5.2014060951,35.8117655533,3.0584738059,2.0978811125,-1.473117,5.795025,1.008401,0.54892,-0.281139,-0.76172,-0.198575
1403636922.90334,-145.367665,-94.177174,-10.311259,0.689327,-0.387403,0.577074,0.204288,0.0009814772,-0.0001469428,-0.0001926614,4.57765e-05,3.80131e-05,8.43871e-05,32.8268216816,6.9814654909,5.2672946831,36.271802764,3.0976753222,2.1248056502,-1.47017,5.796943,1.003449,0.553234,-0.284532,-0.757546,-0.197734
1403636922.95334,-146.273071,-94.653001,-10.384649,0.685248,-0.390845,0.58026,0.202418,0.0009827423,-0.0001578573,-0.0001871297,4.92772e-05,3.92852e-05,8.22712e-05,33.2314485963,7.0678854859,5.3339326761,36.7370907992,3.1373224096,2.1520297957,-1.466481,5.798182,1.000239,0.556597,-0.288198,-0.75423,-0.195654
1403636923.10334,-149.017827,-96.088988,-10.603549,0.679121,-0.399434,0.581946,0.20146,0.0009856729,-0.0001738765,-0.0001846098,5.48102e-05,4.18094e-05,8.17638e-05,34.4707392208,7.3323480712,5.5383952151,38.1649812032,3.2590541313,2.2355496044,-1.450133,5.80212,0.996105,0.558796,-0.296803,-0.749495,-0.194712
1403636923.15334,-149.942378,-96.570308,-10.679513,0.678224,-0.403614,0.579561,0.203021,0.0009857938,-0.0001755923,-0.0001888803,5.53721e-05,4.27818e-05,8.37396e-05,34.8921883864,7.422189791,5.608067944,38.6516971427,3.3005686716,2.2640147457,-1.442307,5.803633,0.993207,0.5567,-0.300809,-0.748934,-0.196721
1403636923.20334,-150.871512,-97.053056,-10.757521,0.678143,-0.407716,0.575716,0.206011,0.0009862737,-0.0001738577,-0.0001953184,5.46321e-05,4.33934e-05,8.66624e-05,35.3178397898,7.5128606561,5.6784996912,39.1437707928,3.3425527406,2.2927942604,-1.433492,5.805339,0.988915,0.553339,-0.304633,-0.748947,-0.200235
1403636923.25334,-151.805482,-97.536835,-10.837614,0.679314,-0.412148,0.569956,0.209322,0.0009857125,-0.0001698602,-0.0002056197,5.31125e-05,4.41975e-05,9.14115e-05,35.7476979598,7.6044229182,5.7497049109,39.6413262451,3.3850103592,2.3218928264,-1.423358,5.806914,0.983169,0.547953,-0.308664,-0.75013,-0.204406
1403636923.30334,-152.74375,-98.021871,-10.919506,0.681082,-0.415703,0.563644,0.213595,0.0009858544,-0.0001627738,-0.0002162756,5.05454e-05,4.42342e-05,9.65112e-05,36.1818293544,7.6968690571,5.8216745061,40.1442400682,3.4279343653,2.3513067815,-1.412479,5.808456,0.976135,0.542036,-0.311754,-0.751743,-0.209517
1403636923.55334,-157.488467,-100.467689,-11.35094,0.693274,-0.433234,0.533263,0.217509,0.0009695092,-0.000146261,-0.0002773253,4.55149e-05,5.00172e-05,0.0001313434,38.4182308241,8.1727371771,6.1928681104,42.7370084436,3.6493786863,2.5030543694,-1.359569,5.815082,0.925518,0.511466,-0.327774,-0.763844,-0.217983
1403636923.60334,-158.447157,-100.962886,-11.436883,0.695446,-0.435678,0.5287,0.216829,0.0009659938,-0.0001448036,-0.0002871207,4.51857e-05,5.12519e-05,0.0001378911,38.8793502444,8.2705196321,6.2694217433,43.2713179246,3.6950690046,2.5343530428,-1.351199,5.817454,0.916723,0.506647,-0.330056,-0.76608,-0.217932
1403636923.70334,-160.373577,-101.962353,-11.602208,0.697639,-0.438632,0.523205,0.217157,0.00096447,-0.0001418787,-0.0002983573,4.44095e-05,5.21126e-05,0.0001456085,39.8163611503,8.4684096101,6.4249152239,44.3559773928,3.787922489,2.5979233429,-1.338917,5.825564,0.906595,0.500908,-0.332615,-0.768457,-0.218934
1403636923.75334,-161.341086,-102.466749,-11.680935,0.697053,-0.439388,0.523115,0.217728,0.0009669714,-0.0001423493,-0.0002986097,4.45459e-05,5.21851e-05,0.0001456862,40.2923916114,8.5685277662,6.5038647196,44.9063483555,3.835089695,2.6301972082,-1.335335,5.831359,0.905906,0.500881,-0.333249,-0.768051,-0.219456
1403636923.80334,-162.311549,-102.974079,-11.757949,0.696691,-0.439347,0.522991,0.219266,0.0009706866,-0.0001405775,-0.0002982894,4.39757e-05,5.13863e-05,0.0001452624,40.773420417,8.6694343384,6.5836209918,45.4621304925,3.8827532856,2.6628009739,-1.333245,5.83827,0.907295,0.500808,-0.333013,-0.767788,-0.220895
1403636923.95334,-165.238591,-104.510497,-11.990791,0.696995,-0.439016,0.521983,0.221351,0.0009789347,-0.0001369174,-0.0003004208,4.2926e-05,5.02543e-05,0.0001462627,42.2458291186,8.9771880145,6.8276223026,47.1611158647,4.0286083228,2.7625701156,-1.335618,5.863146,0.911641,0.499752,-0.332018,-0.768328,-0.222899
1403636924.00334,-166.219204,-105.027348,-12.071072,0.697122,-0.438432,0.522228,0.221531,0.000981983,-0.000136339,-0.0003004367,4.27874e-05,5.00134e-05,0.0001460973,42.746373409,9.0814265139,6.9105258215,47.7379235203,4.0781770469,2.7964821994,-1.339268,5.872803,0.910967,0.499869,-0.33123,-0.768568,-0.222982
1403636924.05334,-167.202357,-105.546842,-12.152952,0.697023,-0.438221,0.522247,0.222215,0.0009851297,-0.0001354356,-0.0003004681,4.25369e-05,4.96301e-05,0.000145951,43.2518488845,9.1864353137,6.9942243641,48.3200447186,4.1282338656,2.8307287729,-1.344324,5.883401,0.908954,0.499917,-0.330783,-0.768559,-0.223569
1403636924.10334,-168.187921,-106.068859,-12.236166,0.696651,-0.437697,0.522867,0.222954,0.0009890627,-0.0001347981,-0.0002993032,4.23562e-05,4.91414e-05,0.0001449546,43.7623080149,9.2922527356,7.078721155,48.9074756588,4.1787764235,2.865309655,-1.350894,5.894831,0.905862,0.500532,-0.330065,-0.768291,-0.224173
1403636924.15334,-169.176059,-106.593263,-12.320651,0.696052,-0.436691,0.524101,0.223902,0.0009939932,-0.0001340264,-0.0002967929,4.21289e-05,4.8398e-05,0.0001430133,44.277786841,9.3989059761,7.1640290639,49.5003139765,4.2298112417,2.9002293964,-1.358893,5.906976,0.901694,0.501736,-0.328874,-0.767848,-0.22475
1403636924.20334,-170.16696,-107.119993,-12.406537,0.695776,-0.435903,0.524736,0.224802,0.0009981906,-0.0001328316,-0.0002954583,4.17992e-05,4.77219e-05,0.000141914,44.7983133056,9.5064025755,7.2501609129,50.0986638325,4.2813470617,2.9354935458,-1.368067,5.91982,0.896394,0.502371,-0.327891,-0.767642,-0.225468
1403636924.35334,-173.156414,-108.713101,-12.663637,0.693243,-0.436238,0.528614,0.222886,0.0010073889,-0.0001410771,-0.0002908352,4.42307e-05,4.94441e-05,0.0001386232,46.3912160024,9.8344878275,7.513646208,51.9275603826,4.4390044017,3.0433757918,-1.403612,5.960415,0.882221,0.505921,-0.327933,-0.766018,-0.222983
1403636924.40334,-174.158955,-109.248724,-12.746994,0.690253,-0.437972,0.532488,0.21952,0.0010095872,-0.0001527973,-0.0002859522,4.78299e-05,5.22357e-05,0.0001356135,46.9329595245,9.9457399756,7.6032305718,52.548875259,4.4926135355,3.0800509453,-1.418052,5.974705,0.880408,0.50962,-0.329903,-0.763772,-0.219328
1403636924.50334,-176.175273,-110.328028,-12.908246,0.682453,-0.439843,0.542415,0.215828,0.0010186794,-0.0001734828,-0.000268856,5.46598e-05,5.50606e-05,0.0001252735,48.0331096299,10.1708851666,7.785177931,53.810214101,4.6015475632,3.154530433,-1.449319,6.005826,0.883485,0.519492,-0.332247,-0.757492,-0.21435
1403636924.60334,-178.207409,-111.418039,-13.064708,0.674018,-0.441803,0.553089,0.211194,0.0010260613,-0.0001965373,-0.0002499906,6.32386e-05,5.75027e-05,0.0001149037,49.1555633486,10.3994756616,7.9708910239,55.0970448544,4.71282777,3.2305467352,-1.482674,6.040954,0.893481,0.530272,-0.334693,-0.75054,-0.208527
1403636924.65334,-179.230049,-111.966362,-13.144357,0.670538,-0.442754,0.557244,0.20935,0.0010289059,-0.0002059251,-0.0002425121,6.70187e-05,5.82911e-05,0.0001110754,49.7249516117,10.5150837217,8.0651773877,55.7502701265,4.769362783,3.2691458053,-1.498939,6.059719,0.897978,0.534407,-0.335931,-0.74774,-0.206025
1403636924.70334,-180.257378,-112.516642,-13.225766,0.667681,-0.44288,0.561019,0.208127,0.0010324172,-0.0002128698,-0.0002353697,6.98868e-05,5.84021e-05,0.000107495,50.299753164,10.6315880599,8.1604332937,56.41019539,4.8265057968,3.3081468951,-1.514443,6.079128,0.901442,0.53817,-0.336105,-0.745388,-0.204462
1403636924.75334,-181.289423,-113.068693,-13.309275,0.664473,-0.442931,0.565361,0.206532,0.0010357595,-0.0002208936,-0.0002270933,7.33241e-05,5.84393e-05,0.0001035159,50.8799622553,10.7490167632,8.2566645253,57.0768684129,4.8842586731,3.3475523843,-1.529097,6.099018,0.903458,0.542513,-0.336319,-0.742751,-0.202215
1403636924.85334,-183.368864,-114.178014,-13.483533,0.658623,-0.442403,0.573126,0.20499,0.0010433743,-0.0002329506,-0.000211057,7.8589e-05,5.73086e-05,9.62423e-05,52.0566815381,10.9866202536,8.4521288711,58.4311321474,5.0016574758,3.4276103324,-1.554659,6.140802,0.902462,0.550374,-0.335995,-0.737842,-0.199464
1403636924.95334,-185.47051,-115.293768,-13.668544,0.654432,-0.445141,0.574863,0.207606,0.0010494566,-0.0002373924,-0.0002054184,8.03464e-05,5.65225e-05,9.40204e-05,53.2552709753,11.2279371016,8.6517194213,59.8143492344,5.1216726688,3.5093827589,-1.573429,6.185608,0.893892,0.552714,-0.338413,-0.734347,-0.201792
1403636925.00334,-186.52995,-115.853823,-13.765507,0.653408,-0.448374,0.572541,0.210274,0.0010510925,-0.0002366721,-0.0002089141,7.98521e-05,5.69163e-05,9.56924e-05,53.8628097389,11.3500251779,8.7530931133,60.5170664705,5.182681571,3.5509250558,-1.579907,6.209087,0.88638,0.550927,-0.341452,-0.733461,-0.204758
1403636925.05334,-187.595189,-116.414884,-13.864994,0.654069,-0.450277,0.568589,0.214827,0.0010548067,-0.0002295083,-0.0002148477,7.63184e-05,5.63698e-05,9.8332e-05,54.4759093127,11.4731849422,8.8555389787,61.2273125038,5.2443595453,3.5929087761,-1.584359,6.232789,0.877097,0.547419,-0.3429,-0.733995,-0.209772
1403636925.15334,-189.741233,-117.540671,-14.070406,0.657826,-0.451241,0.558795,0.226704,0.0010654471,-0.0002046885,-0.0002286067,6.52478e-05,5.29259e-05,0.0001044299,55.7190963965,11.7227107191,9.0636114394,62.6698850277,5.369688831,3.6781847266,-1.58925,6.281017,0.854132,0.538661,-0.342508,-0.736866,-0.222631
1403636925.20334,-190.821298,-118.105288,-14.175582,0.660615,-0.450718,0.553197,0.233267,0.0010711192,-0.0001887646,-0.0002362656,5.89551e-05,5.03127e-05,0.0001079011,56.3493319601,11.8491693212,9.1692306365,63.4020334722,5.4333202726,3.7214704728,-1.590512,6.305308,0.840958,0.533437,-0.34122,-0.739089,-0.229704
1403636925.30334,-192.993644,-119.237745,-14.390797,0.668169,-0.452602,0.539955,0.239062,0.0010714888,-0.000166364,-0.0002619562,5.12927e-05,4.90325e-05,0.0001209248,57.6272820419,12.1056276783,9.3835939664,64.8874907709,5.5624588987,3.8093199061,-1.592463,6.353605,0.811006,0.52027,-0.341826,-0.745782,-0.237259
1403636925.35334,-194.085405,-119.805813,-14.500552,0.672208,-0.454475,0.533008,0.239771,0.0010682418,-0.0001585318,-0.0002770784,4.89433e-05,4.94181e-05,0.0001293983,58.2751277132,12.2356233938,9.4923332053,65.6406790384,5.6279579716,3.8538820379,-1.593796,6.377817,0.794324,0.513135,-0.343236,-0.749528,-0.238939
1403636925.50334,-197.381204,-121.520339,-14.831766,0.681147,-0.461016,0.516983,0.237133,0.0010554762,-0.0001488179,-0.000314836,4.64707e-05,5.2782e-05,0.0001532975,60.2555201712,12.6324262028,9.8248506853,67.9421098607,5.8282191078,3.9901379379,-1.602237,6.450949,0.74363,0.49612,-0.348963,-0.758366,-0.238686
1403636925.55334,-198.486208,-122.096206,-14.939841,0.683316,-0.46298,0.512955,0.235809,0.0010516496,-0.000147648,-0.0003247265,4.62733e-05,5.4054e-05,0.0001602159,60.9284427306,12.7669110575,9.9378232552,68.7232968154,5.896248291,4.0364195855,-1.607604,6.475977,0.72937,0.491765,-0.350764,-0.760579,-0.238016
1403636925.70334,-201.818982,-123.83934,-15.251813,0.687677,-0.467768,0.504382,0.232145,0.0010439284,-0.0001471649,-0.0003465343,4.65027e-05,5.75679e-05,0.00017641,62.9869913376,13.1768020801,10.2832294176,71.1091976701,6.104219391,4.1778795843,-1.634028,6.553496,0.699971,0.482374,-0.355159,-0.765299,-0.235573
1403636925.75334,-202.935569,-124.42677,-15.351014,0.688436,-0.468035,0.502749,0.232901,0.0010453118,-0.0001444487,-0.0003497495,4.57481e-05,5.7031e-05,0.0001786898,63.6867627534,13.3153486319,10.4005446683,71.9186732374,6.17486879,4.2259153028,-1.646938,6.581299,0.695317,0.48071,-0.355226,-0.766059,-0.236403
1403636925.80334,-204.055106,-125.016945,-15.447601,0.688126,-0.468036,0.502789,0.233726,0.0010487944,-0.0001437062,-0.0003496101,4.5531e-05,5.6604e-05,0.0001783385,64.3934120992,13.454972791,10.5189732971,72.7353790669,6.246183855,4.2743978639,-1.661831,6.609909,0.693578,0.480737,-0.355032,-0.765903,-0.237145
1403636925.85334,-205.177024,-125.610916,-15.542085,0.686132,-0.467029,0.505274,0.236229,0.0010572984,-0.0001430707,-0.0003432162,4.5238e-05,5.50678e-05,0.0001730483,65.1070145435,13.5954259774,10.6384853096,73.5590643668,6.3181668331,4.323323257,-1.679321,6.639998,0.694034,0.483336,-0.353838,-0.76421,-0.2391
1403636925.95334,-207.429609,-126.806165,-15.725944,0.677056,-0.463085,0.517086,0.244477,0.0010852784,-0.0001453292,-0.0003127164,4.54141e-05,5.02291e-05,0.0001507573,66.5548966797,13.8797168761,10.8808757185,75.2282691967,6.4641329638,4.4225297246,-1.719908,6.702192,0.700961,0.496304,-0.349641,-0.755871,-0.24516
1403636926.05334,-209.694767,-128.009332,-15.910218,0.664374,-0.458866,0.533062,0.252773,0.0011148757,-0.0001538256,-0.0002705075,4.73059e-05,4.54408e-05,0.0001251645,68.0298083609,14.168675788,11.1277839925,76.9269961087,6.6127868146,4.5235752736,-1.765638,6.765579,0.708941,0.513699,-0.345246,-0.744291,-0.250931
1403636926.10334,-210.832385,-128.612171,-16.005462,0.658363,-0.458254,0.540414,0.253996,0.0011244568,-0.0001631235,-0.0002526935,4.98842e-05,4.4798e-05,0.0001159594,68.7770919385,14.3152139826,11.2529439649,77.7875690518,6.6881042785,4.5747938992,-1.789401,6.796415,0.710411,0.52157,-0.34476,-0.738952,-0.251112
1403636926.15334,-211.973713,-129.215563,-16.103199,0.652781,-0.458227,0.547265,0.253784,0.001131408,-0.0001743473,-0.0002370751,5.3263e-05,4.47608e-05,0.0001085851,69.5309215522,14.4631796214,11.379266976,78.6558334275,6.7640984761,4.626486626,-1.813311,6.826819,0.709701,0.528777,-0.344931,-0.734107,-0.25001
1403636926.30334,-215.423802,-131.027318,-16.411243,0.6419,-0.46054,0.560805,0.24772,0.0011394712,-0.0002072942,-0.0002113984,6.47407e-05,4.71823e-05,9.79136e-05,71.8320197012,14.916069101,11.7655148335,81.3092458485,6.9963386943,4.7845175575,-1.882365,6.914872,0.695179,0.542334,-0.348086,-0.725305,-0.242163
1403636926.40334,-217.748508,-132.235886,-16.627686,0.637661,-0.46237,0.566485,0.242274,0.001140736,-0.0002259907,-0.000203477,7.22538e-05,4.94407e-05,9.50526e-05,73.3996309965,15.2257163678,12.02934564,83.1208211921,7.1548976911,4.8924281092,-1.923312,6.970336,0.676695,0.547708,-0.3503,-0.722204,-0.236066
1403636926.45334,-218.919048,-132.84047,-16.738485,0.637099,-0.462489,0.56761,0.24089,0.0011424186,-0.0002297343,-0.0002024949,7.38412e-05,4.99996e-05,9.47445e-05,74.1937300982,15.3828809283,12.163242878,84.0400352672,7.2353567791,4.9471800442,-1.941577,6.997107,0.665598,0.548658,-0.3504,-0.721929,-0.234548
1403636926.50334,-220.095383,-133.445168,-16.85072,0.637234,-0.463052,0.567877,0.238814,0.0011428333,-0.0002336388,-0.0002043738,7.5582e-05,5.1247e-05,9.55545e-05,74.9947741571,15.5416440897,12.2984977189,84.9684786267,7.3166255011,5.0024757836,-1.958033,7.023141,0.65354,0.548695,-0.350988,-0.722315,-0.232385
1403636926.55334,-221.277816,-134.050338,-16.962885,0.639382,-0.462093,0.56604,0.239291,0.0011460292,-0.0002286931,-0.0002091999,7.3502e-05,5.1292e-05,9.74108e-05,75.8030119122,15.7019836751,12.4351555165,85.9064591257,7.3987380044,5.0583289344,-1.972666,7.048691,0.642073,0.546677,-0.349698,-0.724296,-0.232919
1403636926.60334,-222.465931,-134.656532,-17.073967,0.641887,-0.461091,0.563757,0.239905,0.0011491277,-0.0002227853,-0.0002150251,7.10955e-05,5.13065e-05,9.97e-05,76.618652193,15.8638279382,12.5732143219,86.8538806624,7.4816958932,5.1147368895,-1.986133,7.074028,0.63212,0.544168,-0.348229,-0.726613,-0.233776
1403636926.65334,-223.660114,-135.263267,-17.183065,0.644011,-0.459557,0.561764,0.241824,0.0011538231,-0.0002149301,-0.0002187844,6.79341e-05,5.03717e-05,0.0001011564,77.4418189895,16.0273451664,12.7127221392,87.8110680475,7.5655154299,5.1717115497,-1.99806,7.098607,0.624684,0.54215,-0.346245,-0.728424,-0.235769
1403636926.70334,-224.859848,-135.870754,-17.290939,0.646113,-0.459185,0.55967,0.241778,0.0011557555,-0.0002111436,-0.000224719,6.65359e-05,5.07618e-05,0.0001036214,78.2725009919,16.1924787794,12.8536517815,88.777783888,7.6501800277,5.2292462702,-2.00887,7.12255,0.618926,0.539841,-0.345507,-0.730419,-0.235976
1403636926.75334,-226.065846,-136.478143,-17.397244,0.64808,-0.460753,0.556457,0.240943,0.0011549889,-0.0002099113,-0.0002340769,6.61744e-05,5.23281e-05,0.0001077557,79.1107242542,16.3594588985,12.9960651718,89.7545018587,7.7357120496,5.2873590605,-2.017742,7.145168,0.615312,0.536327,-0.346736,-0.732526,-0.235655
1403636926.85334,-228.494257,-137.696612,-17.605942,0.647619,-0.469454,0.551027,0.237847,0.0011483703,-0.0002205507,-0.0002508835,7.05304e-05,5.80246e-05,0.0001160417,80.8102333535,16.6979888594,13.2852224878,91.7369211979,7.9093779467,5.4052983326,-2.032642,7.189898,0.613588,0.530694,-0.355421,-0.73307,-0.233771
1403636926.90334,-229.716927,-138.308138,-17.708947,0.645217,-0.475601,0.548945,0.236976,0.0011445388,-0.0002292869,-0.0002566778,7.41512e-05,6.11742e-05,0.0001192657,81.6715926356,16.8693987522,13.4319943332,92.7428776283,7.9975475325,5.4651423142,-2.038453,7.212514,0.615051,0.528872,-0.36172,-0.731391,-0.233498
1403636927.00334,-232.177832,-139.536677,-17.918154,0.638199,-0.489222,0.543919,0.239822,0.0011397185,-0.0002426214,-0.0002654611,7.9763e-05,6.56832e-05,0.0001244977,83.4171610164,17.2160702429,13.7298178364,94.7835859548,8.1765279125,5.5865698401,-2.047396,7.259135,0.616693,0.525172,-0.375544,-0.725744,-0.237611
1403636927.05334,-233.415956,-140.153554,-18.025144,0.63382,-0.496412,0.540992,0.243257,0.0011388172,-0.0002471712,-0.0002687115,8.16345e-05,6.7018e-05,0.0001265378,84.3013633393,17.391346745,13.880873926,95.8183680137,8.2673402342,5.6481579492,-2.050589,7.283268,0.616088,0.523116,-0.382773,-0.72208,-0.241757
1403636927.15334,-235.907975,-141.391655,-18.245503,0.624388,-0.511767,0.533364,0.252502,0.00113783,-0.0002527834,-0.0002766583,8.38274e-05,6.89331e-05,0.0001313511,86.0925974191,17.7459679669,14.1873389213,97.9172833613,8.4516396689,5.7731114953,-2.053529,7.332199,0.610523,0.517743,-0.398155,-0.713875,-0.252589
1403636927.30334,-239.685534,-143.258121,-18.591772,0.609154,-0.535962,0.518064,0.270713,0.0011384405,-0.0002530977,-0.0002917084,8.34605e-05,6.99245e-05,0.0001401267,88.8371758011,18.2886356647,14.6581020295,101.1401317892,8.734845334,5.9650476375,-2.049973,7.407878,0.591411,0.506547,-0.422283,-0.700134,-0.273716
1403636927.35334,-240.954313,-143.882615,-18.711169,0.606508,-0.542547,0.511539,0.275895,0.0011382302,-0.0002488278,-0.0003007764,8.14764e-05,7.01233e-05,0.0001453279,89.7676416189,18.4725090436,14.8179618845,102.2340029425,8.8310192799,6.0302196862,-2.047605,7.433176,0.582263,0.501182,-0.428705,-0.697554,-0.280091
1403636927.40334,-242.227623,-144.508293,-18.832463,0.607085,-0.54818,0.502528,0.28002,0.0011360981,-0.0002389828,-0.0003165471,7.72285e-05,7.03576e-05,0.0001547185,90.7060082021,18.6578993471,14.9792936822,103.3376246614,8.9280749924,6.0959890755,-2.044932,7.458533,0.571715,0.492799,-0.433987,-0.697998,-0.285693
1403636927.60334,-247.362551,-147.027247,-19.327277,0.613147,-0.568048,0.471557,0.28108,0.0011096782,-0.0002169197,-0.0003818443,6.93023e-05,7.73077e-05,0.0002011302,94.5411041824,19.4141077766,15.639417242,107.8491831758,9.3251409118,6.3650564316,-2.037376,7.561818,0.524669,0.461911,-0.453319,-0.704222,-0.291911
1403636927.70334,-249.954947,-148.302471,-19.569606,0.613858,-0.57295,0.463544,0.282902,0.0011067221,-0.000209408,-0.0003967266,6.65457e-05,7.73261e-05,0.0002128864,96.5103292898,19.7998403157,15.9786067606,110.1645989298,9.5292303705,6.5032758008,-2.038772,7.619518,0.509133,0.454071,-0.457885,-0.705098,-0.294954
1403636927.75334,-251.257094,-148.944422,-19.68808,0.613175,-0.574846,0.4619,0.283226,0.0011069319,-0.0002096686,-0.0004000851,6.66872e-05,7.79546e-05,0.0002155611,97.508294867,19.994590353,16.1505193438,111.3373364443,9.632680783,6.5733163774,-2.041448,7.650344,0.504774,0.452437,-0.459736,-0.704684,-0.295575
1403636927.85334,-253.873582,-150.237409,-19.920399,0.610845,-0.577171,0.461697,0.283863,0.0011112728,-0.0002134701,-0.0004009137,6.81065e-05,7.91364e-05,0.0002158632,99.5311879122,20.3877021895,16.4990404501,113.7133279896,9.8424508322,6.715291385,-2.05059,7.716762,0.502135,0.452413,-0.462041,-0.702933,-0.296186
1403636927.90334,-255.187674,-150.888379,-20.036552,0.609485,-0.577731,0.462488,0.28436,0.0011149619,-0.0002158529,-0.0003994417,6.89543e-05,7.94557e-05,0.0002143641,100.5559221094,20.5859785059,16.6756201504,114.9164239557,9.9487603148,6.7872265615,-2.056918,7.75246,0.501578,0.453333,-0.462539,-0.701876,-0.296509
1403636928.00334,-257.82741,-152.198181,-20.272741,0.607303,-0.577734,0.464285,0.286085,0.0011244026,-0.0002183685,-0.0003953671,6.96825e-05,7.88999e-05,0.0002102875,102.6316474639,20.9861285079,17.0334121618,117.3528130506,10.1642113582,6.9330035798,-2.072272,7.82782,0.497914,0.455287,-0.46235,-0.700194,-0.297784
1403636928.10334,-260.482899,-153.517477,-20.513538,0.6042,-0.575285,0.468533,0.290632,0.0011417602,-0.0002186826,-0.0003832468,6.92315e-05,7.54092e-05,0.0001994991,104.7427582789,21.3914295315,17.397491432,119.8301140522,10.383476831,7.0813562167,-2.090854,7.907836,0.491293,0.460003,-0.459552,-0.697456,-0.301273
1403636928.15334,-261.816482,-154.18071,-20.635586,0.601701,-0.573533,0.472046,0.293578,0.0011527764,-0.0002200379,-0.0003733218,6.9391e-05,7.31964e-05,0.0001913947,105.8117449409,21.5960237631,17.5819121621,121.0842196639,10.4945533919,7.1565072987,-2.101468,7.949626,0.48691,0.463906,-0.457597,-0.695205,-0.303459
1403636928.25334,-264.495506,-155.512986,-20.883031,0.592806,-0.5702,0.483998,0.298661,0.0011763273,-0.0002338986,-0.0003427012,7.40863e-05,7.00714e-05,0.0001693122,107.9767622175,22.0095635536,17.9555965102,123.6237635744,10.7196040043,7.3087791668,-2.124762,8.035195,0.475962,0.476772,-0.454304,-0.687326,-0.306402
1403636928.35334,-267.191695,-156.849721,-21.136967,0.585319,-0.567159,0.494184,0.302512,0.0011951725,-0.0002460842,-0.0003159629,7.84299e-05,6.7021e-05,0.0001523066,110.1776499473,22.4298723155,18.3359101201,126.2062782697,10.9485593318,7.4637298496,-2.148359,8.120351,0.460263,0.487851,-0.451245,-0.680635,-0.30841
1403636928.40334,-268.546486,-157.519032,-21.266748,0.58354,-0.565721,0.496959,0.304093,0.0012025124,-0.0002478827,-0.0003080941,7.89155e-05,6.5492e-05,0.0001475806,111.2915735148,22.6428057094,18.5286024984,127.5139661517,11.0645155622,7.54222476,-2.159821,8.162217,0.4503,0.490887,-0.449656,-0.679048,-0.309413
1403636928.50334,-271.271137,-158.858558,-21.527716,0.58183,-0.563046,0.499649,0.307902,0.001216268,-0.0002453975,-0.0002979835,7.73862e-05,6.20514e-05,0.0001415696,113.5472123938,23.0748035613,18.9193216243,130.1639209653,11.2995162445,7.7013251652,-2.180976,8.243842,0.430145,0.494019,-0.446509,-0.677483,-0.312398
1403636928.55334,-272.641117,-159.52847,-21.657479,0.58257,-0.562488,0.499112,0.308393,0.0012199146,-0.0002429583,-0.0002992658,7.62873e-05,6.15741e-05,0.0001421404,114.6892309175,23.2940786846,19.1174102182,131.5065014719,11.4185780396,7.7819429314,-2.190742,8.283237,0.421536,0.493419,-0.445647,-0.67823,-0.312957
1403636928.65334,-275.39619,-160.869503,-21.914468,0.587411,-0.562761,0.493969,0.30699,0.0012211019,-0.0002343472,-0.0003147555,7.29077e-05,6.25634e-05,0.0001505905,117.0022331384,23.73903082,19.5191081698,134.2271815213,11.659873056,7.9453377029,-2.209149,8.359611,0.408178,0.48767,-0.445347,-0.682931,-0.31217
1403636928.70334,-276.781085,-161.541076,-22.041,0.59067,-0.563699,0.490322,0.304857,0.0012184406,-0.000230671,-0.0003268401,7.16339e-05,6.41957e-05,0.000157665,118.1734979892,23.9646353979,19.7227369272,135.605340117,11.7821193781,8.0281211534,-2.218222,8.396907,0.404191,0.483538,-0.446033,-0.686117,-0.310628
1403636928.80334,-279.565189,-162.886713,-22.289758,0.596231,-0.56506,0.483779,0.301949,0.0012150338,-0.0002227499,-0.0003471331,6.88544e-05,6.61894e-05,0.0001701489,120.5459634103,24.4220749808,20.1355913929,138.3974088986,12.0298215278,8.1958744645,-2.236741,8.470337,0.401812,0.476057,-0.446908,-0.691655,-0.308637
1403636928.85334,-280.96423,-163.561132,-22.411807,0.597936,-0.565795,0.481554,0.300757,0.0012141189,-0.0002208877,-0.0003543957,6.82485e-05,6.7126e-05,0.0001748271,121.7473651301,24.6538352484,20.3448304389,139.8113623068,12.1552874514,8.2808509288,-2.246558,8.507013,0.403572,0.473485,-0.447431,-0.693458,-0.307788
1403636928.95334,-283.776303,-164.9143,-22.649882,0.597026,-0.564329,0.482484,0.303812,0.0012255734,-0.0002175834,-0.0003496704,6.67545e-05,6.46613e-05,0.0001711991,124.1811724216,25.1231857595,20.7690111505,142.6755766024,12.4095177989,8.4530351936,-2.267765,8.580809,0.414467,0.474461,-0.445596,-0.692862,-0.310283
1403636929.05334,-286.606617,-166.272868,-22.879711,0.585633,-0.563651,0.495583,0.306151,0.001242863,-0.0002425583,-0.0003166129,7.57626e-05,6.44682e-05,0.0001512526,126.6567818575,25.6005574015,21.2008625302,145.5884147875,12.6681555383,8.6282114293,-2.291498,8.654681,0.435431,0.488518,-0.44536,-0.683032,-0.310627
1403636929.10334,-288.029198,-166.952956,-22.993142,0.580489,-0.563919,0.501517,0.305792,0.0012477829,-0.0002565042,-0.0003030445,8.13328e-05,6.50972e-05,0.0001439386,127.9100769538,25.842608258,21.4197335964,147.0635883335,12.7991512243,8.7169472635,-2.303701,8.693512,0.447536,0.494672,-0.446002,-0.678753,-0.309318
1403636929.20334,-290.890345,-168.31402,-23.219158,0.573908,-0.565764,0.508714,0.302905,0.0012507249,-0.0002790583,-0.0002899017,9.12079e-05,6.77984e-05,0.000137473,130.4475851838,26.333612615,21.8635002187,150.0525540803,13.0645963523,8.8967730218,-2.325634,8.765616,0.475222,0.502118,-0.448359,-0.673425,-0.305535
1403636929.25334,-292.328831,-168.994785,-23.333177,0.572703,-0.567341,0.509961,0.300126,0.0012489123,-0.0002877397,-0.0002909865,9.54017e-05,7.03884e-05,0.0001382681,131.7316723448,26.5825917771,22.088394461,151.5663644635,13.1990458831,8.9878683865,-2.335461,8.800633,0.488941,0.503143,-0.450096,-0.672778,-0.302706
1403636929.35334,-295.221652,-170.357441,-23.566426,0.571188,-0.569599,0.511991,0.295239,0.001246656,-0.0003016063,-0.000293388,0.0001023791,7.47826e-05,0.000139903,134.3303726204,27.0871447975,22.5442104762,154.6328794495,13.471449432,9.1724526053,-2.352457,8.869332,0.512956,0.504639,-0.452696,-0.67218,-0.297625
1403636929.40334,-296.676848,-171.039415,-23.68607,0.572053,-0.56895,0.511295,0.296022,0.0012510391,-0.0002983777,-0.0002948069,0.0001005905,7.41422e-05,0.0001404923,135.645049231,27.3426534989,22.7752227111,156.1863738375,13.6094859048,9.2659832528,-2.358791,8.903329,0.522968,0.503966,-0.451777,-0.672997,-0.298313
1403636929.45334,-298.13762,-171.721752,-23.807866,0.572775,-0.56862,0.5109,0.295941,0.0012540629,-0.0002971878,-0.0002965916,9.99007e-05,7.42057e-05,0.0001413496,136.9700040128,27.6003688611,23.008300103,157.7532576495,13.7487319793,9.3603371178,-2.363853,8.936886,0.531448,0.503367,-0.451277,-0.673828,-0.298205
1403636929.55334,-301.075806,-173.087619,-24.057622,0.578234,-0.565351,0.505491,0.300838,0.0012676307,-0.00027475,-0.0003053655,8.88705e-05,6.99444e-05,0.0001452237,139.6510280372,28.1224506777,23.4807041692,160.9274743256,14.0308801097,9.5515351409,-2.370308,9.002498,0.544088,0.497986,-0.446812,-0.678497,-0.303333
1403636929.60334,-302.552501,-173.771525,-24.185313,0.580349,-0.563342,0.503569,0.303742,0.0012753433,-0.000263929,-0.0003070326,8.38749e-05,6.71957e-05,0.0001457295,141.0073115677,28.3867547071,23.7200005407,162.5344398286,14.1737523715,9.6483673372,-2.372491,9.034726,0.548357,0.496086,-0.444273,-0.68027,-0.306192
1403636929.65334,-304.034113,-174.455814,-24.314838,0.583161,-0.56136,0.500617,0.30689,0.00128268,-0.0002505952,-0.0003108793,7.81309e-05,6.42567e-05,0.0001473717,142.3741796051,28.6533662454,23.9613718352,164.1546351715,14.3178130413,9.7460232305,-2.374078,9.066341,0.551269,0.493139,-0.441542,-0.68265,-0.309587
1403636929.70334,-305.520263,-175.140469,-24.445882,0.584221,-0.559878,0.49971,0.309052,0.001289132,-0.0002436775,-0.000310813,7.52199e-05,6.22125e-05,0.000147075,143.7517570092,28.9223500532,24.2048073174,165.7878632761,14.4630386659,9.8444948484,-2.375495,9.097205,0.553045,0.492315,-0.439639,-0.683538,-0.311641
1403636929.80334,-308.505777,-176.510229,-24.713696,0.586423,-0.558231,0.497383,0.311603,0.0012983099,-0.0002330879,-0.0003143712,7.10215e-05,5.9864e-05,0.0001486089,146.5390104298,29.4676838354,24.6978788372,169.0933193603,14.7569565222,10.0438891711,-2.37779,9.156121,0.552031,0.489928,-0.437251,-0.685592,-0.314239
1403636929.85334,-310.004906,-177.195417,-24.849939,0.585551,-0.558283,0.498324,0.311645,0.0013017432,-0.0002355206,-0.0003125119,7.18654e-05,6.00302e-05,0.0001475985,147.9489240349,29.7440855725,24.9475318331,170.7655407772,14.9056456741,10.1448143828,-2.378849,9.183895,0.549586,0.490744,-0.43721,-0.685074,-0.314151
1403636929.90334,-311.508275,-177.881008,-24.986909,0.584725,-0.55847,0.499487,0.311,0.0013043247,-0.0002393599,-0.0003110974,7.32756e-05,6.06996e-05,0.000146877,149.3699498027,30.0229772616,25.1992935722,172.4509006395,15.05550407,10.246565674,-2.380222,9.210992,0.546748,0.491909,-0.43742,-0.684497,-0.313294
1403636930.00334,-314.529476,-179.252641,-25.258489,0.5813,-0.560365,0.503202,0.308008,0.0013065959,-0.0002551468,-0.0003069578,7.94495e-05,6.38729e-05,0.0001449824,152.2463673673,30.5888356397,25.7094574998,175.8630351157,15.3588868115,10.4526314743,-2.382774,9.262301,0.544585,0.495356,-0.439521,-0.682225,-0.309859
1403636930.05334,-316.04769,-179.93956,-25.392222,0.580121,-0.561141,0.504526,0.306649,0.0013077045,-0.0002613484,-0.0003060393,8.19836e-05,6.5248e-05,0.0001446177,153.702138726,30.8755221512,25.9679258855,177.5903420031,15.5124872111,10.5569748104,-2.383965,9.287448,0.546225,0.496606,-0.440496,-0.681406,-0.308272
1403636930.20334,-320.635421,-182.003183,-25.784392,0.57864,-0.564356,0.505279,0.302276,0.0013082411,-0.000275,-0.0003119558,8.79031e-05,7.00831e-05,0.0001480155,158.1406454487,31.7514043838,26.7573518244,182.8605109581,15.9811956057,10.8754120951,-2.384694,9.359672,0.563956,0.496838,-0.443795,-0.68103,-0.303969
1403636930.25334,-322.175558,-182.691902,-25.913743,0.578714,-0.565464,0.505072,0.300406,0.0013076036,-0.000278954,-0.0003157167,8.97242e-05,7.2039e-05,0.0001501232,159.6438190473,32.0486417562,27.0251785743,184.6467404573,16.140075573,10.9833736644,-2.383874,9.382648,0.572547,0.496449,-0.444846,-0.6814,-0.302233
1403636930.30334,-323.721344,-183.381344,-26.042694,0.578646,-0.566738,0.50463,0.298874,0.0013070926,-0.0002824655,-0.0003195515,9.13647e-05,7.38788e-05,0.0001522882,161.1589305177,32.3483926082,27.2953824726,186.448029842,16.3003171097,11.0922624635,-2.382279,9.405171,0.582314,0.495756,-0.446189,-0.681686,-0.30074
1403636930.35334,-325.273086,-184.071652,-26.169897,0.578606,-0.566795,0.504451,0.299146,0.0013102648,-0.0002822529,-0.0003202428,9.11828e-05,7.38436e-05,0.000152597,162.6863214485,32.6506926718,27.5680339166,188.2648190793,16.4619625546,11.2020978036,-2.380076,9.427774,0.594594,0.495449,-0.446142,-0.681873,-0.300894
1403636930.40334,-326.830444,-184.762605,-26.297662,0.578804,-0.565817,0.503867,0.301587,0.0013171347,-0.0002768661,-0.0003189651,8.85642e-05,7.17888e-05,0.0001516514,164.2256153428,32.9555082141,27.8430751435,190.0967709848,16.624979299,11.312871353,-2.377073,9.450218,0.607146,0.495118,-0.444815,-0.681963,-0.303191
1403636930.60334,-333.108228,-187.529926,-26.830078,0.58093,-0.562154,0.500751,0.309438,0.0013412018,-0.0002554616,-0.0003183359,7.9012e-05,6.5075e-05,0.0001504458,170.4999983374,34.2008047886,28.9664585987,197.5702534918,17.2901010988,11.7651418049,-2.361325,9.534994,0.642485,0.492366,-0.439661,-0.683839,-0.310865
1403636930.65334,-334.689135,-188.22239,-26.968956,0.579411,-0.56268,0.502247,0.308904,0.0013437249,-0.000260919,-0.0003157153,8.11327e-05,6.58411e-05,0.0001491448,172.0981335115,34.5188296655,29.2531227781,199.4748792856,17.4596174943,11.8805068327,-2.356997,9.554702,0.646928,0.493845,-0.440189,-0.682763,-0.310137
1403636930.70334,-336.274466,-188.91481,-27.109891,0.57782,-0.564219,0.504059,0.306114,0.0013424818,-0.0002714812,-0.0003155744,8.55532e-05,6.86073e-05,0.0001493117,173.7082526298,34.8397319964,29.5421409564,201.3940440413,17.6304186393,11.9967942709,-2.352666,9.573503,0.649754,0.495404,-0.442006,-0.681768,-0.307243
1403636930.75334,-337.864686,-189.607473,-27.25255,0.5758,-0.565888,0.506203,0.303288,0.0013410272,-0.0002831562,-0.0003144846,9.0643e-05,7.14461e-05,0.0001490216,175.3305030164,35.1633999971,29.8335732263,203.3282580996,17.8025643447,12.11402995,-2.348046,9.591763,0.651407,0.497292,-0.443972,-0.680481,-0.304195
1403636930.80334,-339.459945,-190.300776,-27.397246,0.57326,-0.5682,0.508862,0.299301,0.001337336,-0.0002985391,-0.0003135422,9.77586e-05,7.53666e-05,0.0001489416,176.964939013,35.489647829,30.127434923,205.2777231749,17.976088357,12.2322273009,-2.343028,9.609905,0.651601,0.499658,-0.446702,-0.67879,-0.300073
1403636930.85334,-341.06072,-190.994738,-27.543731,0.571542,-0.569161,0.510454,0.298047,0.0013381201,-0.0003059073,-0.0003115165,0.0001012024,7.67269e-05,0.0001480574,178.6116825758,35.8184780054,30.4237938026,207.2429748402,18.1510447116,12.3514126226,-2.337177,9.628025,0.650681,0.501226,-0.447859,-0.677555,-0.298523
1403636931.10334,-349.156881,-194.470409,-28.303797,0.55396,-0.586443,0.509864,0.298751,0.0013326937,-0.0003463826,-0.0003119072,0.0001219165,8.57795e-05,0.000149461,187.0319873231,37.5032642767,31.9446620716,217.3181208149,19.0484070804,12.9627782891,-2.287054,9.718259,0.629306,0.502651,-0.466389,-0.663231,-0.299917
1403636931.15334,-350.796102,-195.166675,-28.456958,0.551786,-0.586388,0.50764,0.306566,0.0013458755,-0.0003353102,-0.000306691,0.0001152525,8.03878e-05,0.0001462863,188.7547681148,37.8487423767,32.2570325558,219.3853698334,19.2326200157,13.0882542838,-2.272161,9.736215,0.626274,0.50152,-0.465902,-0.660854,-0.307713
1403636931.25334,-354.093882,-196.558316,-28.760963,0.549039,-0.585378,0.502236,0.321944,0.0013721274,-0.0003088652,-0.000298086,0.0001009275,6.97118e-05,0.0001410773,192.2402141444,38.5496242803,32.8901943611,223.5726086135,19.6057511348,13.3424363776,-2.238372,9.7697,0.624846,0.498268,-0.463604,-0.657467,-0.323325
1403636931.30334,-355.751834,-197.253925,-28.910944,0.546733,-0.584918,0.501517,0.327772,0.0013827831,-0.0003020691,-0.0002907895,9.73415e-05,6.56481e-05,0.000137379,194.0032411485,38.9050585407,33.2109789371,225.6923004986,19.7946401687,13.4711315952,-2.220264,9.785307,0.627225,0.498427,-0.462803,-0.655085,-0.329013
1403636931.50334,-362.439346,-200.027979,-29.505217,0.550147,-0.583028,0.487765,0.345691,0.0014155542,-0.0002507204,-0.0002992136,7.54828e-05,5.36552e-05,0.0001400375,201.1903873024,40.3636994026,34.5221214328,234.3423174374,20.5652024263,13.9965462606,-2.141154,9.832765,0.649396,0.486672,-0.458553,-0.65703,-0.348127
1403636931.55334,-364.123913,-200.719255,-29.651863,0.55262,-0.581792,0.483171,0.35025,0.0014236064,-0.0002326654,-0.0003039009,6.90207e-05,4.99825e-05,0.0001418666,203.0214463849,40.7378996795,34.8568926053,236.5469627471,20.7615063359,14.1305376705,-2.120851,9.84036,0.658326,0.482427,-0.456561,-0.658873,-0.353141
1403636931.80334,-372.601252,-204.16557,-30.405568,0.55369,-0.587081,0.477297,0.347779,0.0014288938,-0.0002344775,-0.0003269355,6.97554e-05,5.40685e-05,0.0001530597,212.3798976442,42.6645037862,36.5703877623,247.8039369057,21.7631640308,14.8156470547,-2.03247,9.853823,0.689473,0.475799,-0.461163,-0.661086,-0.35201
1403636931.90334,-376.017903,-205.540622,-30.721469,0.552506,-0.593639,0.477713,0.337817,0.0014161272,-0.0002604838,-0.0003445989,7.95107e-05,6.44789e-05,0.0001629709,216.2185749025,43.4605711613,37.2744541831,252.417134252,22.1733861565,15.096882988,-2.002258,9.849102,0.6901,0.475069,-0.468569,-0.661396,-0.34251
1403636931.95334,-377.736084,-206.231723,-30.882593,0.552377,-0.595804,0.477403,0.334639,0.0014122863,-0.0002678828,-0.0003513669,8.2528e-05,6.79765e-05,0.0001669055,218.1551557193,43.8597588911,37.6302377469,254.7446021489,22.3802598359,15.239072587,-1.987538,9.845679,0.688404,0.474319,-0.470952,-0.661783,-0.339512
1403636932.05334,-381.180261,-207.607762,-31.209378,0.549492,-0.597175,0.479595,0.333809,0.0014168469,-0.0002783628,-0.0003480404,8.66026e-05,6.98544e-05,0.0001651783,222.0780508659,44.6739042348,38.3514197939,259.4629891439,22.7999760858,15.5270392956,-1.957951,9.837278,0.681189,0.476474,-0.472505,-0.659762,-0.338271
1403636932.10334,-382.909166,-208.296266,-31.375489,0.547541,-0.597389,0.481498,0.333896,0.0014205594,-0.0002841546,-0.0003433313,8.88559e-05,7.02143e-05,0.0001626715,224.0606705206,45.0869444407,38.7161397884,261.8462554192,23.0118832479,15.6725947112,-1.943468,9.832376,0.675516,0.478563,-0.472787,-0.658184,-0.338
1403636932.20334,-386.382005,-209.67366,-31.710706,0.544426,-0.596176,0.483666,0.337998,0.0014343442,-0.0002844057,-0.0003313934,8.85044e-05,6.70585e-05,0.0001561685,228.0694084673,45.9235270045,39.4544237193,266.6662854413,23.4404422964,15.9671218787,-1.914038,9.820664,0.662533,0.481361,-0.471401,-0.655448,-0.341264
1403636932.35334,-391.631122,-211.739625,-32.206759,0.545299,-0.589838,0.47891,0.354099,0.0014692495,-0.0002442543,-0.0003165823,7.25357e-05,5.29287e-05,0.0001476888,234.1957735546,47.2066370362,40.5849263662,274.034921553,24.095516939,16.4176770215,-1.868958,9.796655,0.653588,0.478434,-0.463146,-0.655127,-0.35694
1403636932.40334,-393.3904,-212.427373,-32.3694,0.5458,-0.588583,0.476797,0.358242,0.0014778518,-0.000232514,-0.0003149277,6.84858e-05,4.9558e-05,0.000146641,236.2686027856,47.6425721515,40.9679264092,276.5274305231,24.3170269548,16.5701735484,-1.854633,9.785699,0.654125,0.476747,-0.461314,-0.655339,-0.361155
1403636932.60334,-400.473483,-215.168547,-33.007034,0.536494,-0.600805,0.468532,0.362884,0.001481741,-0.000242334,-0.0003292236,7.19178e-05,5.26458e-05,0.000153384,244.715342635,49.4312079575,42.5312397912,286.6793990786,25.218640196,17.1918038627,-1.8015,9.722105,0.673282,0.470137,-0.473578,-0.647714,-0.367645
1403636932.65334,-402.255891,-215.852148,-33.162964,0.530966,-0.607995,0.466279,0.36194,0.0014757333,-0.0002573568,-0.0003369918,7.73934e-05,5.71769e-05,0.0001574312,246.8664817245,49.8893471489,42.9299954474,289.2635222135,25.4480159561,17.3501653336,-1.789383,9.701971,0.68269,0.468379,-0.481392,-0.643264,-0.367555
1403636932.70334,-404.043056,-216.535983,-33.3172,0.52498,-0.61413,0.464833,0.362175,0.0014722223,-0.0002710031,-0.000340243,8.26311e-05,6.06112e-05,0.0001592154,249.0337626398,50.3514583244,43.3319521163,291.8664253404,25.6790385785,17.5097284557,-1.777983,9.681103,0.694254,0.467779,-0.488166,-0.638122,-0.368358
1403636932.80334,-407.631738,-217.902583,-33.622669,0.515736,-0.623762,0.460387,0.364667,0.0014697218,-0.0002855037,-0.0003471681,8.86015e-05,6.45189e-05,0.0001627598,253.4163947849,51.2884857718,44.1455552142,297.1288956094,26.1460039228,17.8324861021,-1.756412,9.635727,0.721724,0.464696,-0.498538,-0.630185,-0.372028
1403636932.85334,-409.433415,-218.58499,-33.774635,0.512296,-0.628202,0.457137,0.36598,0.0014686106,-0.0002887847,-0.0003532753,9.01048e-05,6.60981e-05,0.0001658729,255.6317253824,51.763594479,44.5572545782,299.788791448,26.3819690127,17.9957027942,-1.745598,9.610434,0.737715,0.462098,-0.503224,-0.627163,-0.374031
1403636933.00334,-414.863807,-220.632296,-34.244495,0.506125,-0.640037,0.447244,0.366282,0.0014615576,-0.0002955157,-0.0003792173,9.35279e-05,7.24256e-05,0.0001800237,262.3708868243,53.2122624756,45.8110629297,307.8785419191,27.0995123788,18.4925671142,-1.715909,9.530654,0.773575,0.453068,-0.51557,-0.622227,-0.376498
1403636933.05334,-416.682252,-221.315033,-34.40906,0.503356,-0.644137,0.443353,0.36764,0.0014604987,-0.0002959758,-0.0003867157,9.39396e-05,7.36705e-05,0.0001841802,264.6477790931,53.7025632939,46.2351717746,310.6117078479,27.341921882,18.6606076855,-1.706327,9.502667,0.778583,0.449725,-0.519817,-0.619827,-0.378622
1403636933.25334,-423.997814,-224.047495,-35.10056,0.500614,-0.663142,0.424735,0.359484,0.0014293034,-0.0003012917,-0.0004494499,9.80664e-05,8.93653e-05,0.0002252874,273.9116702464,55.7019015889,47.9631382678,321.73023501,28.3279056165,19.345056522,-1.670939,9.383557,0.769375,0.430867,-0.539645,-0.61857,-0.374849
1403636933.30334,-425.838023,-224.731698,-35.279083,0.503507,-0.668689,0.417704,0.353354,0.0014112833,-0.0002993811,-0.0004774344,9.81286e-05,9.60352e-05,0.0002467525,276.2678884738,56.2111413946,48.4032618867,324.5579796804,28.5786520918,19.5193253842,-1.662872,9.353317,0.762516,0.422888,-0.545379,-0.621735,-0.370374
1403636933.55334,-435.139232,-228.099359,-36.187588,0.499827,-0.673629,0.415558,0.351723,0.0014164442,-0.0003094622,-0.0004885091,0.0001025662,0.0001015449,0.0002546705,288.3022388855,58.8050576453,50.6541308867,338.9916927162,29.8604155818,20.4103723193,-1.631943,9.22326,0.72514,0.420393,-0.550632,-0.619775,-0.368721
1403636933.60334,-437.010317,-228.794502,-36.368886,0.497546,-0.672087,0.418467,0.354447,0.0014280388,-0.000312909,-0.0004777025,0.0001035781,9.94347e-05,0.0002455904,290.7521761416,59.3824281961,51.1214660409,341.9730890683,30.1227846239,20.5941706815,-1.627074,9.201086,0.718934,0.423742,-0.548919,-0.617768,-0.370802
1403636933.70334,-440.769259,-230.188069,-36.729223,0.494311,-0.668109,0.423218,0.360796,0.0014529108,-0.0003138155,-0.0004565172,0.0001028515,9.31988e-05,0.0002285221,295.7230933118,60.4500268745,52.0536291558,347.9400666683,30.6523874131,20.962877792,-1.617918,9.158033,0.711001,0.429458,-0.544551,-0.614727,-0.375688
1403636933.75334,-442.657123,-230.886974,-36.907554,0.493246,-0.665769,0.425224,0.364204,0.0014657979,-0.0003120575,-0.0004460875,0.0001015098,8.94722e-05,0.0002205285,298.2355867036,60.9891931647,52.525191732,350.9562270953,30.920128647,21.1493313064,-1.613833,9.137618,0.709979,0.431943,-0.541877,-0.613661,-0.378439
1403636933.85334,-446.449025,-232.286963,-37.261481,0.489421,-0.663048,0.431159,0.367337,0.001482956,-0.0003215532,-0.0004266666,0.0001048975,8.71292e-05,0.0002071081,303.3147185209,62.0795844898,53.4793684361,357.0536287737,31.4613935697,21.5264422653,-1.606503,9.096766,0.712943,0.438388,-0.539014,-0.610476,-0.380262
1403636933.90334,-448.353284,-232.987379,-37.437212,0.487274,-0.662884,0.432954,0.368375,0.0014884886,-0.0003265997,-0.0004206415,0.0001069215,8.69037e-05,0.0002031206,305.8814624707,62.6312550477,53.9620843801,360.1353667493,31.7349465557,21.7171297707,-1.602878,9.0759,0.716738,0.440537,-0.538823,-0.608699,-0.380898
1403636933.95334,-450.263366,-233.688311,-37.612919,0.48502,-0.664429,0.432954,0.368565,0.0014897592,-0.0003316797,-0.0004207015,0.0001092347,8.81926e-05,0.0002031086,308.4662683084,63.1870433146,54.4485881933,363.2395935726,32.010508315,21.9092672291,-1.598948,9.054911,0.721635,0.440844,-0.540466,-0.606876,-0.381123
1403636934.10334,-456.027219,-235.791925,-38.148875,0.472236,-0.675838,0.425622,0.372938,0.0014878363,-0.0003446637,-0.0004308039,0.0001160153,9.30187e-05,0.0002089638,316.3271465907,64.8799696601,55.9306701806,372.6860422601,32.849093723,22.4943760632,-1.58403,8.990179,0.732489,0.435689,-0.552766,-0.595719,-0.386969
1403636934.15334,-457.958945,-236.493117,-38.335497,0.466501,-0.681165,0.419963,0.376857,0.0014882141,-0.000343533,-0.0004369314,0.0001158696,9.32028e-05,0.0002122998,318.9817703588,65.4526238221,56.4320371226,375.8784987636,33.1325080969,22.6922901775,-1.577671,8.967744,0.729735,0.431364,-0.558386,-0.590346,-0.391952
1403636934.30334,-463.783602,-238.596386,-38.915745,0.44447,-0.700129,0.400549,0.389649,0.0014856921,-0.0003438678,-0.0004571157,0.0001178771,9.51716e-05,0.0002235016,327.0508166726,67.1965236511,57.9583101187,385.5861057083,33.9942667651,23.2946631988,-1.55701,8.897572,0.704553,0.416525,-0.578821,-0.569741,-0.408522
1403636934.35334,-465.735421,-239.297529,-39.112597,0.434374,-0.707582,0.394908,0.393313,0.0014817824,-0.0003513026,-0.0004622992,0.0001223815,9.80116e-05,0.0002264582,329.7768361988,67.7867393458,58.4746954164,388.8665465668,34.2854550892,23.4983869467,-1.549963,8.873384,0.693754,0.412518,-0.587145,-0.560449,-0.413513
1403636934.45334,-469.655514,-240.699342,-39.507548,0.412438,-0.725049,0.384058,0.395851,0.0014600894,-0.0003767947,-0.0004807172,0.0001382,0.000110911,0.000239398,335.2850637027,68.9813968433,59.5193544325,395.4966343081,34.8739246923,23.9103534919,-1.535336,8.823313,0.672449,0.40474,-0.607208,-0.540529,-0.418712
1403636934.60334,-475.58326,-242.800843,-40.091246,0.382321,-0.74693,0.362375,0.405722,0.0014436064,-0.0003870937,-0.0005069839,0.0001478344,0.000120265,0.0002567519,343.6928410524,70.8102244638,61.1177792255,405.6261559651,35.7729590345,24.5401574114,-1.508492,8.745634,0.65383,0.38819,-0.632145,-0.512137,-0.432923
1403636934.65334,-477.572118,-243.500864,-40.282416,0.372978,-0.753464,0.355282,0.408599,0.0014385115,-0.0003890902,-0.0005158487,0.0001503117,0.0001231573,0.0002628545,346.5349453673,71.4299729245,61.6591560003,409.0527829367,36.0770683734,24.753307566,-1.498209,8.719278,0.652236,0.382708,-0.639616,-0.503199,-0.43729
1403636934.75334,-481.568376,-244.899465,-40.659829,0.364177,-0.764252,0.337313,0.411721,0.0014295363,-0.0003707011,-0.0005469883,0.0001426059,0.0001243437,0.00028649,352.2789615526,72.6853806695,62.7548223705,415.980815406,36.6918459492,25.1844323064,-1.476215,8.665035,0.65566,0.366567,-0.65145,-0.494355,-0.443687
1403636934.85334,-485.588828,-246.29835,-41.031987,0.362049,-0.771376,0.320937,0.413399,0.0014247807,-0.0003434083,-0.0005769093,0.0001300448,0.0001206937,0.0003107635,358.1031820571,73.9605469327,63.8676332128,423.0085896614,37.3154280034,25.6220136973,-1.453028,8.610386,0.666766,0.350891,-0.658783,-0.491929,-0.448205
1403636934.90334,-487.607962,-246.998816,-41.216028,0.361287,-0.774152,0.315158,0.413323,0.0014218759,-0.0003344931,-0.0005886421,0.0001262339,0.0001198528,0.0003209613,361.0457369989,74.6049741296,64.4304591845,426.5599748753,37.6305486168,25.8432370147,-1.441443,8.583653,0.675322,0.345217,-0.661694,-0.491182,-0.449147
1403636935.10334,-495.74324,-249.811408,-41.938884,0.357854,-0.775063,0.308686,0.419443,0.0014440726,-0.0003219436,-0.0005918179,0.0001197392,0.0001127813,0.0003192274,373.0216625195,77.2259886115,66.7248121996,441.0174972193,38.9134790544,26.7445141272,-1.3965,8.48423,0.729511,0.339687,-0.662411,-0.488008,-0.455713
1403636935.15334,-497.791584,-250.517483,-42.117117,0.355732,-0.773201,0.311638,0.422489,0.0014570019,-0.0003278309,-0.0005808849,0.0001217381,0.0001115634,0.0003078114,376.0673513848,77.8918986246,67.3092164063,444.6952128608,39.2398615853,26.9739639275,-1.385794,8.461624,0.747416,0.343135,-0.660433,-0.486145,-0.457985
1403636935.20334,-499.845136,-251.224261,-42.296421,0.352931,-0.771918,0.315966,0.423966,0.0014655368,-0.0003397089,-0.0005702946,0.0001267096,0.0001132027,0.0002978236,379.1332559124,78.5622678886,67.8978550746,448.3975059532,39.5684209704,27.2050430239,-1.375342,8.439416,0.76498,0.347861,-0.659255,-0.483801,-0.458598
1403636935.35334,-506.036379,-253.345894,-42.848001,0.350014,-0.769604,0.324511,0.424137,0.0014795698,-0.0003622801,-0.0005557876,0.0001363599,0.0001175397,0.0002847247,388.4505466809,80.6017056315,69.6891943979,459.6515152084,40.5670843121,27.9080978333,-1.343896,8.372785,0.808269,0.356509,-0.657005,-0.482054,-0.457023
1403636935.40334,-508.110397,-254.05296,-43.036889,0.350082,-0.769557,0.326343,0.422758,0.0014801822,-0.0003678474,-0.0005560358,0.0001389153,0.0001198131,0.0002850933,391.5963005463,81.2914185724,70.2948866316,463.4523465144,40.9043280517,28.1457573597,-1.333098,8.350138,0.819104,0.358062,-0.656958,-0.482537,-0.455365
1403636935.45334,-510.189763,-254.759987,-43.228112,0.350425,-0.769021,0.327934,0.422218,0.0014834049,-0.0003713172,-0.0005549734,0.0001402856,0.0001206791,0.0002840408,394.7622826241,81.9861137326,70.9049461097,467.2784419153,41.2438005918,28.3851004947,-1.32203,8.32738,0.828267,0.35946,-0.656403,-0.483188,-0.454372
1403636935.50334,-512.274486,-255.466742,-43.421482,0.350913,-0.768311,0.329165,0.422148,0.0014879168,-0.0003732078,-0.0005536264,0.0001407971,0.0001207202,0.0002825643,397.9486020644,82.6859966782,71.51941561,471.1299354752,41.5855055075,28.6261369369,-1.310688,8.304524,0.836176,0.360565,-0.655537,-0.483888,-0.454001
1403636935.65334,-518.56,-257.585199,-44.017898,0.352155,-0.76697,0.332263,0.421123,0.0014983622,-0.0003792818,-0.0005524514,0.0001427855,0.0001219996,0.000280807,407.6294997488,84.8168904195,73.3892807852,482.8365619378,42.6239817907,29.3594395646,-1.274936,8.234009,0.847848,0.363174,-0.653889,-0.485908,-0.452136
1403636935.75334,-522.777207,-258.995951,-44.427902,0.354971,-0.767349,0.33106,0.419011,0.0015006606,-0.0003753652,-0.000561725,0.0001403611,0.0001228101,0.0002880809,414.1864150484,86.263928374,74.6583107213,490.7701259723,43.3276476461,29.8569479205,-1.249427,8.185697,0.846961,0.361448,-0.653911,-0.488977,-0.450176
1403636935.80334,-524.894146,-259.701131,-44.636946,0.358118,-0.768498,0.328563,0.416183,0.0014966736,-0.0003689218,-0.0005742097,0.0001371775,0.0001239355,0.0002988337,417.4959581906,86.9952028936,75.2996480834,494.7764084401,43.6829688517,30.1083409844,-1.235956,8.161596,0.843654,0.358227,-0.654788,-0.492243,-0.447911
1403636935.85334,-527.016758,-260.406424,-44.848484,0.36056,-0.769988,0.326172,0.413192,0.0014912989,-0.0003642293,-0.0005865686,0.0001350264,0.0001257494,0.0003099459,420.8264446838,87.7315112123,75.9455767503,498.8093803063,44.0406533567,30.3615137655,-1.222014,8.137729,0.838621,0.355157,-0.656163,-0.494903,-0.445404
1403636935.90334,-529.145098,-261.112008,-45.062327,0.363069,-0.771826,0.32383,0.40939,0.0014833022,-0.0003605791,-0.0006003189,0.000133539,0.0001285564,0.0003230192,424.1780487948,88.4727538328,76.5961245978,502.8692616032,44.4007238789,30.6164790202,-1.20761,8.114219,0.832099,0.352022,-0.657932,-0.497621,-0.442245
1403636936.10334,-537.717015,-263.942032,-45.938438,0.370054,-0.781556,0.31573,0.390569,0.0014352734,-0.0003584413,-0.0006563784,0.0001348486,0.0001473298,0.0003840687,437.7987612836,91.4839008464,79.2449488262,519.3825685173,45.8653881299,31.6545207039,-1.145968,8.028765,0.793184,0.340562,-0.668336,-0.506212,-0.425552
1403636936.15334,-539.876278,-264.653312,-46.160646,0.370663,-0.781342,0.314709,0.391244,0.0014402614,-0.0003548306,-0.0006582113,0.0001327059,0.0001455028,0.0003848077,441.2588262853,92.2469839043,79.9191613763,523.5827317466,46.2380301585,31.9187392363,-1.128926,8.011971,0.782563,0.339508,-0.667973,-0.506898,-0.426147
1403636936.25334,-544.214768,-266.079762,-46.606152,0.370364,-0.779091,0.313945,0.396594,0.0014631153,-0.0003475606,-0.0006519819,0.0001278661,0.0001379221,0.0003739909,448.2464713732,93.7863870998,81.2824025131,532.0711090442,46.9912151409,32.4529385716,-1.092738,7.983746,0.763009,0.339354,-0.665145,-0.506598,-0.431022
1403636936.30334,-546.39391,-266.794368,-46.82763,0.36849,-0.776937,0.315323,0.401442,0.0014816206,-0.0003476375,-0.0006409816,0.0001269612,0.0001332636,0.0003600072,451.7748515324,94.5633846594,81.9715832372,536.3595803155,47.3717472604,32.7229387911,-1.07386,7.971691,0.755887,0.341544,-0.662675,-0.504759,-0.435233
1403636936.35334,-548.578987,-267.509251,-47.048744,0.365893,-0.775175,0.31731,0.405635,0.0014977308,-0.0003511564,-0.0006295824,0.0001278414,0.0001303683,0.0003466451,455.3262130223,95.345771904,82.665753999,540.6766611049,47.7547895173,32.9948396398,-1.054761,7.960209,0.7499,0.344337,-0.660792,-0.502271,-0.43876
1403636936.45334,-552.967468,-268.941325,-47.488269,0.360693,-0.77189,0.321255,0.413377,0.0015273193,-0.0003590239,-0.0006070973,0.00013013,0.0001252757,0.0003220552,462.499025124,96.9257685776,84.0692309377,549.398142064,48.5285864672,33.5444154317,-1.016232,7.940547,0.742954,0.349847,-0.657302,-0.497356,-0.445196
1403636936.50334,-555.17061,-269.657767,-47.706124,0.35935,-0.769887,0.321572,0.418011,0.0015440597,-0.0003560874,-0.0005972154,0.0001279408,0.0001200869,0.0003111627,466.1208385437,97.7241025682,84.7786238776,553.8024132814,48.9192972676,33.8220955919,-0.996939,7.931517,0.742476,0.350901,-0.654874,-0.495946,-0.449497
1403636936.80334,-568.506723,-273.964491,-49.033533,0.352123,-0.769989,0.31985,0.425232,0.0015776307,-0.0003591757,-0.0005892951,0.0001280433,0.000116138,0.0002995659,488.3379618495,102.6255901826,89.1404767103,580.8309354589,51.3166083322,35.5286894827,-0.879436,7.888684,0.733263,0.350955,-0.654869,-0.489735,-0.456221
1403636936.85334,-570.747809,-274.682471,-49.260272,0.352918,-0.770304,0.3176,0.425689,0.0015813288,-0.0003527547,-0.0005939242,0.0001249544,0.0001143601,0.0003026564,492.1220105013,103.4620833087,89.8850703428,585.4352961022,51.7248654759,35.8198821078,-0.85994,7.881954,0.727993,0.348603,-0.654977,-0.490555,-0.456986
1403636937.00334,-577.505096,-276.838493,-49.935424,0.353654,-0.770191,0.313594,0.428243,0.0015966964,-0.0003404619,-0.000599105,0.000118867,0.0001093729,0.0003045144,503.6210422681,106.0056317844,92.1505111368,599.4266712246,52.9652027179,36.7054445438,-0.80307,7.863821,0.720681,0.344918,-0.654314,-0.491389,-0.459827
1403636937.05334,-579.768603,-277.55705,-50.157637,0.3539,-0.770276,0.31227,0.428856,0.0016010764,-0.0003366941,-0.0006013443,0.0001170767,0.0001080142,0.0003056513,507.5037825067,106.865761758,92.9163698057,604.1499282678,53.3837934552,37.0046476771,-0.784895,7.857604,0.72215,0.343648,-0.654208,-0.491719,-0.460576
1403636937.10334,-582.037228,-278.275374,-50.378693,0.352996,-0.770998,0.312349,0.428246,0.0016017565,-0.000340045,-0.0006035047,0.0001184801,0.0001097255,0.0003072992,511.411486874,107.732218047,93.6875562452,608.9023809969,53.8048884958,37.305842027,-0.767397,7.851063,0.725286,0.343631,-0.655026,-0.491171,-0.460011
1403636937.30334,-591.166281,-281.151918,-51.262327,0.347228,-0.773646,0.315003,0.426236,0.0016054823,-0.0003620669,-0.0006060216,0.0001280911,0.0001185498,0.0003089053,527.2905303838,111.255641971,96.8258174805,628.212071955,55.5153644763,38.5309542597,-0.700943,7.828555,0.744612,0.346447,-0.658424,-0.487027,-0.457446
1403636937.35334,-593.461703,-281.871215,-51.487301,0.346071,-0.773653,0.315505,0.426794,0.0016098775,-0.0003650956,-0.0006044798,0.0001292676,0.0001189807,0.0003070777,531.3212653527,112.1511429712,97.6236736453,633.1140363804,55.9494717871,38.8423299298,-0.684609,7.823351,0.746994,0.34712,-0.658478,-0.486139,-0.457802
1403636937.45334,-598.067889,-283.309466,-51.944084,0.344921,-0.774349,0.314863,0.426937,0.0016154159,-0.0003667631,-0.0006072838,0.0001297727,0.0001197708,0.0003085365,539.4559129648,113.9601847509,99.2353947879,643.0073818752,56.8254510142,39.4712354585,-0.652168,7.812872,0.746717,0.346575,-0.659171,-0.48546,-0.457939
1403636937.50334,-600.378608,-284.028565,-52.175577,0.34444,-0.774374,0.314545,0.427513,0.001619908,-0.0003666625,-0.0006074825,0.000129509,0.0001193728,0.0003080662,543.560153149,114.8736756118,100.0493020448,647.998935627,57.2673347817,39.7887789126,-0.636201,7.807717,0.74434,0.346374,-0.659144,-0.48515,-0.458459
1403636937.60334,-605.01554,-285.46661,-52.644349,0.343695,-0.774424,0.313304,0.42893,0.0016294832,-0.0003643505,-0.0006085122,0.0001280216,0.0001178442,0.0003075121,551.8431917713,116.7188679207,101.693418014,658.0728815152,58.1589827807,40.4301210373,-0.604622,7.79759,0.735543,0.34537,-0.659046,-0.484684,-0.459848
1403636937.85334,-616.695521,-289.063139,-53.847681,0.349101,-0.769961,0.301899,0.440619,0.001679207,-0.0003122771,-0.0006081249,0.0001046223,9.3927e-05,0.0003001841,572.991987477,121.4374566607,105.8994058782,683.7883694435,60.4339861857,42.0701810365,-0.531273,7.774232,0.691565,0.335134,-0.652401,-0.488997,-0.472165
1403636937.90334,-619.045609,-289.783593,-54.092708,0.348219,-0.767268,0.301578,0.446198,0.001698853,-0.0003048789,-0.0005948355,0.0001013627,8.73566e-05,0.0002876277,577.2987326402,122.3987550251,106.7569997819,689.0216708053,60.8967454711,42.40447367,-0.51893,7.7705,0.67977,0.335716,-0.649254,-0.487866,-0.477234
1403636938.00334,-623.758308,-291.224417,-54.586591,0.346163,-0.76257,0.301027,0.456116,0.0017334813,-0.0002925787,-0.0005701066,9.62342e-05,7.6444e-05,0.000265822,585.990315042,124.3403945384,108.4886284018,699.5764171908,61.8297379312,43.079294301,-0.497733,7.762498,0.653489,0.336757,-0.643785,-0.485373,-0.486368
1403636938.05334,-626.120138,-291.944308,-54.835461,0.344082,-0.760859,0.301598,0.460152,0.0017475607,-0.0002921492,-0.0005579865,9.58205e-05,7.33817e-05,0.0002560176,590.375339448,125.3212586788,109.3626023009,704.8965617269,62.2998131688,43.4197753223,-0.489493,7.757563,0.638785,0.338124,-0.641794,-0.483333,-0.490063
1403636938.15334,-630.854611,-293.381911,-55.336935,0.335106,-0.760653,0.304,0.465504,0.0017640702,-0.0003101733,-0.0005381216,0.0001020556,7.45597e-05,0.0002410092,599.224467514,127.304354641,111.127088585,715.6225748858,63.2471032693,44.1069267334,-0.477566,7.744622,0.606312,0.342133,-0.642148,-0.475166,-0.494783
1403636938.35334,-640.372765,-296.246254,-56.335515,0.308562,-0.771332,0.319151,0.456047,0.0017311444,-0.0004204301,-0.0005332071,0.000150862,0.0001101971,0.0002405579,617.2503422267,131.3612287331,114.725303547,737.4326716978,65.1715482022,45.5068153775,-0.470388,7.705405,0.549029,0.358207,-0.657257,-0.453372,-0.483901
1403636938.40334,-642.763968,-296.957492,-56.582672,0.300927,-0.776099,0.324849,0.448984,0.0017058204,-0.0004598031,-0.0005399449,0.0001730652,0.0001267065,0.0002475021,621.8263493678,132.3972876259,115.6400737851,742.9632769537,65.6591716869,45.8623410276,-0.47041,7.690667,0.538319,0.363562,-0.663776,-0.447465,-0.476448
1403636938.45334,-645.160977,-297.666454,-56.82943,0.294186,-0.781571,0.329431,0.440541,0.0016751266,-0.0004954363,-0.0005520974,0.0001960402,0.0001449753,0.0002590237,626.4301939239,133.4424416505,116.561234475,748.5276097175,66.1496655792,46.2202195327,-0.469927,7.673887,0.528707,0.367516,-0.670951,-0.442456,-0.467968
1403636938.55334,-649.976624,-299.078492,-57.318619,0.288651,-0.789399,0.330491,0.429307,0.0016372147,-0.0005236878,-0.0005794767,0.000217405,0.0001676586,0.0002831274,635.7231557103,135.5595500034,118.423781194,759.7666401675,67.1402354147,46.943463138,-0.464358,7.636395,0.516777,0.367612,-0.680721,-0.438732,-0.457166
1403636938.65334,-654.821889,-300.482522,-57.805167,0.286536,-0.793802,0.328993,0.42372,0.0016211493,-0.0005321477,-0.0005981627,0.0002247265,0.0001789383,0.000299406,645.1294349044,137.7125638419,120.313568025,771.1554815194,68.1438632878,47.6768520271,-0.451336,7.593621,0.511881,0.365443,-0.685959,-0.437619,-0.452108
1403636938.80334,-662.146231,-302.574982,-58.531217,0.290219,-0.794599,0.320703,0.426069,0.0016410089,-0.0005061193,-0.0006152299,0.0002059022,0.0001719812,0.0003097069,659.4532234548,141.0087408838,123.1999589338,788.5246526983,69.6742727602,48.7962637095,-0.416644,7.522087,0.516888,0.357296,-0.685833,-0.441041,-0.455473
1403636938.85334,-664.602054,-303.269377,-58.773658,0.293534,-0.794011,0.316106,0.428324,0.0016545104,-0.0004872974,-0.0006217149,0.0001931282,0.0001650815,0.0003127847,664.2849062589,142.1247369172,124.1757553239,794.3899028761,70.1909934076,49.174537426,-0.401451,7.496602,0.52039,0.352803,-0.6844,-0.443871,-0.458374
1403636939.10334,-676.972185,-306.728025,-60.006335,0.309509,-0.792919,0.296697,0.43296,0.0016959285,-0.0004067833,-0.0006601525,0.00014629,0.0001394269,0.0003374615,688.8701144844,147.824146216,129.153223506,824.2544117323,72.8209835139,51.103232111,-0.312998,7.36443,0.530698,0.332419,-0.680156,-0.458388,-0.465581
1403636939.20334,-681.959963,-308.110251,-60.513021,0.30935,-0.790742,0.298092,0.436086,0.0017146636,-0.0004069457,-0.0006511687,0.0001451744,0.0001356124,0.0003276182,698.9040160031,150.1545720833,131.1893897937,836.4482193999,73.8943021634,51.8920024493,-0.275071,7.313529,0.526544,0.334186,-0.677609,-0.458435,-0.467978
1403636939.25334,-684.461938,-308.801383,-60.769478,0.309206,-0.790069,0.298934,0.43683,0.0017212191,-0.0004086057,-0.0006484146,0.0001455229,0.0001350366,0.0003246137,703.9641710255,151.3304267099,132.2171365011,842.5979112637,74.4354806186,52.2900914816,-0.256,7.288644,0.522326,0.335113,-0.676773,-0.45851,-0.46845
1403636939.55334,-699.591209,-312.938228,-62.319979,0.310868,-0.781682,0.305864,0.445849,0.0017800812,-0.0004103903,-0.0006146116,0.0001424599,0.0001229729,0.0002923735,734.9521978284,158.5513881727,138.5247146305,880.2538981414,77.7470350073,54.7318757825,-0.139743,7.13798,0.498092,0.342876,-0.66695,-0.460747,-0.474688
1403636939.60334,-702.132764,-313.625227,-62.574784,0.310573,-0.779009,0.307555,0.449554,0.0017967621,-0.0004097672,-0.000600992,0.000141225,0.0001182884,0.0002808867,740.2251535135,159.7844127975,139.6002958067,886.6586463352,78.3098475003,55.147891781,-0.120451,7.111403,0.499921,0.345076,-0.663907,-0.460399,-0.477685
1403636939.65334,-704.679774,-314.311219,-62.828243,0.308957,-0.777028,0.3103,0.452203,0.0018088859,-0.0004161647,-0.0005875699,0.0001435048,0.0001164358,0.0002704511,745.5295695156,161.026356142,140.6829134504,893.0999916259,78.8757309659,55.5665061459,-0.101473,7.084317,0.503762,0.348341,-0.661817,-0.459018,-0.479542
1403636939.75334,-709.788402,-315.678817,-63.336045,0.307137,-0.77551,0.312704,0.454388,0.0018225358,-0.0004233973,-0.0005770104,0.00014609,0.0001153576,0.0002621671,756.2310935679,163.5381328573,142.868903375,906.088974862,80.0163628296,56.4114210579,-0.064512,7.026332,0.512357,0.35123,-0.660208,-0.457626,-0.480979
1403636939.90334,-733.421906,-333.687338,-64.077788,0.315329,-0.77368,0.321734,0.445504,0.0015997144,-0.00036725,-0.0005514624,0.000130894,0.0001102682,0.0002626379,698.5025234398,91.5861057784,146.7720345594,847.464177008,82.532074114,57.6435290055,-0.010917,6.932476,0.516422,0.351093,-0.661808,-0.457577,-0.478923
1403636939.95334,-736.062334,-334.418228,-64.341972,0.312699,-0.77541,0.322088,0.444091,0.0015905023,-0.0003840595,-0.0005552196,0.0001384271,0.0001186122,0.0002677747,708.0787376168,73.4538877967,149.2122853924,886.620185003,87.0114866671,59.4596440052,0.006707,6.899173,0.514318,0.351548,-0.664024,-0.455496,-0.477503
1403636940.00334,-738.708323,-335.147748,-64.608455,0.309582,-0.777579,0.320575,0.443579,0.001587764,-0.0003883457,-0.0005600643,0.000140935,0.0001214636,0.0002714631,713.0005867885,74.0678991741,150.3533219079,893.0444110733,87.6278104161,59.9074018577,0.02471,6.864933,0.510614,0.350328,-0.666587,-0.452817,-0.477378
1403636940.05334,-741.359519,-335.876077,-64.876984,0.306865,-0.780273,0.317749,0.442769,0.0015837071,-0.0003894447,-0.0005683957,0.0001419954,0.0001241491,0.0002779171,717.9489267529,74.6871732151,151.5014163211,899.504438049,88.247331393,60.3578831261,0.042827,6.829654,0.505627,0.347712,-0.669697,-0.450435,-0.477191
1403636940.10334,-744.01601,-336.603263,-65.147625,0.303929,-0.782902,0.31495,0.442152,0.0015800091,-0.0003906757,-0.0005760944,0.0001431215,0.0001267128,0.0002839454,722.9238504676,75.3116668797,152.6566085186,906.0005836106,88.870080195,60.8111088627,0.061028,6.793521,0.499193,0.345177,-0.672733,-0.447852,-0.477191
1403636940.45334,-762.767039,-341.667063,-67.087895,0.287131,-0.794307,0.304469,0.440375,0.0015715178,-0.0004063913,-0.0006051485,0.000153067,0.0001403843,0.0003066753,758.5088240485,79.8258078823,160.9459690303,952.5130340044,93.3221072641,64.062280552,0.19344,6.524161,0.427251,0.336186,-0.686446,-0.433256,-0.477557
1403636940.50334,-765.468857,-342.38635,-67.368941,0.285574,-0.795429,0.303237,0.440212,0.0015716618,-0.0004073556,-0.000608655,0.0001536863,0.0001416157,0.0003093745,763.7033324003,80.4918770615,162.1599378651,959.3099052936,93.9716475917,64.5382246137,0.21331,6.483683,0.415675,0.335052,-0.687665,-0.432011,-0.477728
1403636940.55334,-768.174599,-343.126011,-67.649754,0.284444,-0.797408,0.301615,0.438475,0.0015668601,-0.0004084261,-0.0006167405,0.0001546726,0.0001446457,0.0003166463,768.9266052838,81.1637657189,163.3817035526,966.1427010275,94.6246560565,65.0171621328,0.233662,6.443115,0.405596,0.333419,-0.689925,-0.431099,-0.476434
1403636940.75334,-779.073196,-345.990116,-68.760375,0.290251,-0.805281,0.288042,0.429312,0.0015459181,-0.0003793465,-0.0006684503,0.0001411109,0.000147794,0.0003650181,790.1186015833,83.8800618406,168.3441762197,993.8908826205,97.2727370963,66.962279108,0.319889,6.283659,0.382533,0.317898,-0.697737,-0.43727,-0.469999
1403636940.85334,-784.56247,-347.41935,-69.308463,0.292624,-0.80717,0.28334,0.427277,0.0015440936,-0.0003673274,-0.0006838814,0.0001353053,0.0001463511,0.0003796013,800.8894158793,85.2794829746,170.8747582958,1008.0155510745,98.6187781118,67.9536806135,0.36557,6.205885,0.38324,0.31261,-0.699401,-0.439774,-0.468734
1403636940.90334,-787.316641,-348.133531,-69.580913,0.294448,-0.807465,0.280927,0.42706,0.001546413,-0.0003590155,-0.0006899979,0.000131179,0.0001437548,0.0003848926,806.3197965155,85.9864397811,172.1519485066,1015.1393554369,99.2972072846,68.4539685871,0.388546,6.167414,0.386427,0.309885,-0.699384,-0.441609,-0.468846
1403636941.00334,-792.845572,-349.563523,-70.123025,0.294473,-0.80636,0.280512,0.429398,0.0015604377,-0.0003561426,-0.00068766,0.0001290631,0.0001404261,0.000379971,817.2717943124,87.4117931239,174.7302748387,1029.5142217566,100.6653553704,69.4639024297,0.435603,6.093387,0.398527,0.309567,-0.697951,-0.441904,-0.470907
1403636941.20334,-803.98049,-352.425938,-71.201003,0.292992,-0.802324,0.282498,0.436607,0.0015978171,-0.0003566899,-0.0006713725,0.0001273308,0.0001332278,0.0003583846,839.5406547822,90.3136382526,179.9828264796,1058.7654985981,103.4458956195,71.5210837013,0.531291,5.954586,0.439525,0.31269,-0.693219,-0.440796,-0.476835
1403636941.25334,-806.778703,-353.141245,-71.471291,0.291947,-0.801106,0.284342,0.438344,0.0016071974,-0.0003613242,-0.0006646547,0.0001289166,0.0001328195,0.000350951,845.1834253782,91.0508185261,181.3157925629,1066.1800587931,104.1499550439,72.0430668226,0.554826,5.920869,0.45087,0.314807,-0.691959,-0.43999,-0.478015
1403636941.60334,-826.524739,-358.028112,-73.412994,0.29658,-0.793521,0.290577,0.444894,0.0016604547,-0.0003607622,-0.0006441122,0.0001252534,0.0001235869,0.0003262575,885.5207782194,96.3531400063,190.8676654454,1119.1877409273,109.1762566036,75.7829506653,0.713593,5.690352,0.495356,0.321172,-0.68261,-0.445551,-0.482055
1403636941.65334,-829.364667,-358.739573,-73.697766,0.297366,-0.79307,0.291119,0.444819,0.0016645681,-0.0003608657,-0.0006443383,0.0001249998,0.0001233895,0.0003259876,891.3698962629,97.2632912268,192.2834283278,1126.9498762288,109.9098916781,76.3349551504,0.735045,5.657925,0.49647,0.321498,-0.68203,-0.446489,-0.48179
1403636941.70334,-832.209597,-359.450531,-73.984385,0.298511,-0.792995,0.291174,0.444147,0.0016666961,-0.0003598759,-0.0006471165,0.00012435,0.0001234956,0.0003281046,897.2840650876,98.047633859,193.6881181773,1134.7253978298,110.6454684727,76.8847808555,0.756076,5.625555,0.496146,0.321288,-0.681779,-0.447842,-0.481028
1403636941.85334,-840.77836,-361.580549,-74.844203,0.299916,-0.792793,0.29307,0.442312,0.0016729222,-0.0003649591,-0.0006512554,0.0001259894,0.00012612,0.0003310545,915.2163752178,100.4331617417,197.9524216259,1158.3046046027,112.8740704925,78.5536137927,0.817461,5.528894,0.498029,0.322585,-0.681393,-0.450018,-0.478672
1403636942.05334,-852.286222,-364.41251,-75.977949,0.297845,-0.79472,0.297458,0.437295,0.0016697272,-0.0003878044,-0.0006588282,0.0001363057,0.0001376205,0.000338403,939.5793315589,103.6931663968,203.7586205922,1190.3481038522,115.8976372144,80.8249316789,0.895832,5.401519,0.52159,0.32605,-0.683944,-0.449649,-0.472999
1403636942.10334,-855.178257,-365.11836,-76.260397,0.297074,-0.794791,0.297866,0.437414,0.0016728339,-0.0003906399,-0.0006585504,0.0001374754,0.0001384238,0.0003377496,945.7510301789,104.5231948594,205.2320202789,1198.4686930831,116.6629932766,81.4011691756,0.915481,5.369662,0.530357,0.326565,-0.684103,-0.449184,-0.472855
1403636942.20334,-860.979313,-366.536358,-76.829738,0.294413,-0.794738,0.300081,0.437795,0.0016792266,-0.0004017238,-0.0006545127,0.0001424314,0.0001413474,0.0003335912,958.1903255022,106.2004231944,208.2046182786,1214.811883255,118.2022693681,82.5634091174,0.954698,5.305897,0.546715,0.328967,-0.684329,-0.447224,-0.472722
1403636942.40334,-872.647862,-369.343898,-77.993942,0.28628,-0.796631,0.304751,0.436519,0.0016815442,-0.0004329985,-0.0006503779,0.0001581888,0.0001525671,0.0003300589,983.4513994566,109.6168347799,214.2520813813,1248.0737963403,121.3312717831,84.9284802827,1.035362,5.177326,0.561683,0.334027,-0.68734,-0.440946,-0.470698
1403636942.45334,-875.579233,-370.043203,-78.291057,0.284452,-0.797552,0.305367,0.435602,0.0016797842,-0.0004398238,-0.0006520206,0.0001619495,0.0001558995,0.0003316959,989.845716936,110.4891884786,215.78620493,1256.4994870157,122.123062237,85.5283901419,1.056436,5.144966,0.561277,0.334713,-0.688577,-0.43954,-0.469717
1403636942.50334,-878.516391,-370.741436,-78.590321,0.28269,-0.798815,0.305544,0.434309,0.00167646,-0.0004459216,-0.0006555435,0.0001655068,0.0001596284,0.0003351007,996.272200355,111.3678456232,217.3292018146,1264.969853294,122.918721619,86.1317644378,1.077858,5.112533,0.559523,0.334829,-0.690197,-0.438223,-0.468486
1403636942.55334,-881.459473,-371.438386,-78.891835,0.282039,-0.8005,0.305101,0.431935,0.0016702139,-0.000449559,-0.0006632879,0.0001679396,0.0001639136,0.0003425521,1002.7308806177,112.2530883172,218.8811756343,1273.4854281798,123.7183004252,86.7386466395,1.099871,5.079754,0.556303,0.334099,-0.692156,-0.437968,-0.466349
1403636942.85334,-899.250135,-375.597557,-80.732771,0.285643,-0.803991,0.293082,0.431404,0.0016842204,-0.0004170443,-0.0006963128,0.0001501496,0.0001573603,0.0003682337,1042.1747457434,117.6991836635,228.3858610971,1325.5584350957,128.6005464309,90.455359732,1.246519,4.884605,0.522162,0.321539,-0.694814,-0.441924,-0.467494
1403636942.90334,-902.238456,-376.28797,-81.039102,0.285369,-0.802528,0.291944,0.435066,0.0016996335,-0.0004107946,-0.0006904026,0.0001462124,0.0001515823,0.0003604322,1048.8683538413,118.6287103238,230.0030118342,1334.4054046358,129.4287028403,91.0876590208,1.272916,4.853622,0.519817,0.320998,-0.692946,-0.441489,-0.471035
1403636942.95334,-905.233268,-376.977451,-81.344529,0.285736,-0.801584,0.290166,0.437746,0.0017117224,-0.0004027756,-0.0006882348,0.000141716,0.0001464565,0.0003565235,1055.5968737426,119.564860178,231.6297629507,1343.3005354717,130.2609641925,91.723662615,1.29957,4.822807,0.519177,0.319604,-0.69157,-0.441738,-0.473764
1403636943.05334,-911.241894,-378.354029,-81.950612,0.284737,-0.799487,0.289358,0.442739,0.0017344727,-0.0003973989,-0.0006785689,0.000138062,0.0001397447,0.0003448175,1069.1602139482,121.4568346682,234.9121697684,1361.234729523,131.937671684,93.0067602751,1.352818,4.762079,0.524929,0.31962,-0.689036,-0.440736,-0.478357
1403636943.10334,-914.255518,-379.040801,-82.252168,0.28357,-0.798914,0.288989,0.444759,0.0017434275,-0.0003968329,-0.0006746685,0.0001374187,0.0001377371,0.0003402133,1075.9948018628,122.4131107229,236.5678638598,1370.273631522,132.7821076766,93.6538767623,1.379564,4.732019,0.530487,0.319586,-0.688318,-0.439778,-0.48029
1403636943.35334,-929.403105,-382.46157,-83.779674,0.278947,-0.798403,0.286677,0.450063,0.0017723012,-0.0003964976,-0.0006689367,0.000136116,0.0001335344,0.0003312479,1110.6855791679,127.2941585614,244.9865692887,1416.1551183096,137.0623869761,96.9437076497,1.509111,4.581724,0.549006,0.31849,-0.687684,-0.435899,-0.485434
1403636943.40334,-932.447531,-383.142692,-84.091092,0.277554,-0.798335,0.286434,0.451198,0.0017779846,-0.0003979296,-0.0006669782,0.0001365636,0.0001331027,0.000328853,1117.7270514704,128.2910167874,246.6983030872,1425.4671074614,137.929885313,97.6125036976,1.533939,4.551155,0.54867,0.31855,-0.687649,-0.434682,-0.486535
1403636943.50334,-938.551109,-384.502394,-84.720043,0.276324,-0.798438,0.284806,0.452799,0.0017879943,-0.0003953796,-0.0006675646,0.0001350383,0.0001313227,0.000327854,1131.9144143338,130.3049474842,250.1499114339,1444.2274188588,139.6763447585,98.9609921099,1.582223,4.49016,0.543612,0.317285,-0.687697,-0.433704,-0.488164
1403636943.55334,-941.610075,-385.180691,-85.037672,0.275836,-0.798542,0.283967,0.45344,0.0017925741,-0.0003939614,-0.0006683723,0.0001342338,0.0001305407,0.0003278291,1139.0603854015,131.3224844103,251.8898533456,1453.6754911028,140.5552702379,99.6406991773,1.605557,4.45933,0.538755,0.316561,-0.687745,-0.433366,-0.488866
1403636943.60334,-944.674003,-385.857901,-85.356995,0.275702,-0.798105,0.282937,0.454931,0.0018004071,-0.0003901117,-0.0006671576,0.0001322084,0.0001281123,0.0003257774,1146.2415922231,132.3472033763,253.6393573933,1463.1695336275,141.4380473144,100.3240967046,1.628499,4.428306,0.532831,0.315748,-0.687153,-0.433256,-0.49032
1403636943.90334,-963.157586,-389.899637,-87.313277,0.278358,-0.798991,0.282925,0.451756,0.0018122004,-0.0003908728,-0.0006829201,0.0001316138,0.0001311832,0.0003372251,1190.0739751967,138.6463025611,264.3375902653,1521.0950295815,146.8148966948,104.5021172403,1.752254,4.236968,0.468116,0.314529,-0.687596,-0.437099,-0.487062
1403636943.95334,-966.254166,-390.57032,-87.646412,0.283224,-0.800799,0.2843,0.444611,0.0017959058,-0.0003934033,-0.0007023136,0.0001330238,0.000138228,0.0003558974,1197.5047819575,139.720675255,266.1541675884,1530.9087620652,147.7242646606,105.2113887669,1.769767,4.204761,0.45178,0.314208,-0.68934,-0.44238,-0.479985
1403636944.05334,-972.464276,-391.909714,-88.316167,0.293965,-0.805133,0.285022,0.429078,0.0017568568,-0.0003929297,-0.0007466148,0.0001338371,0.0001523837,0.0004017109,1212.4764575159,141.8895912972,269.8173126006,1550.6837168213,149.5553289901,106.6416020558,1.804262,4.141347,0.417418,0.311035,-0.693465,-0.454084,-0.464945
1403636944.10334,-975.578698,-392.578841,-88.650772,0.299544,-0.807571,0.284149,0.421144,0.0017349806,-0.0003894194,-0.0007703893,0.0001329605,0.000158786,0.0004282512,1220.0188205808,142.983647243,271.6642642623,1560.6478955376,150.4772584603,107.3626884408,1.821503,4.110798,0.401519,0.308198,-0.695769,-0.459989,-0.457528
1403636944.15334,-978.700126,-393.248205,-88.983978,0.303769,-0.808625,0.284369,0.415913,0.0017226077,-0.0003881399,-0.0007844726,0.0001326855,0.000163031,0.0004446852,1227.5998882316,144.0832169615,273.521688941,1570.6657069076,151.4036635275,108.0878641967,1.838964,4.081844,0.387781,0.307031,-0.696787,-0.464516,-0.452156
1403636944.55334,-1003.930275,-398.619629,-91.604514,0.311458,-0.788814,0.294915,0.440217,0.0018585225,-0.0003653073,-0.0007090395,0.0001162154,0.0001255542,0.0003558087,1289.6588559096,153.0660913825,288.7628927404,1652.7837421759,158.9796818362,114.039114684,1.992181,3.921484,0.356325,0.320174,-0.6731,-0.471913,-0.470889
1403636944.60334,-1007.112782,-399.290271,-91.928058,0.313681,-0.784627,0.293268,0.447167,0.0018875334,-0.0003448484,-0.0006935501,0.0001073496,0.0001125329,0.0003395518,1297.5930358128,154.2172425683,290.7159391453,1663.2875099566,159.9464131406,114.80162487,2.010974,3.906869,0.360289,0.319503,-0.6677,-0.473408,-0.477474
1403636944.90334,-1026.318633,-403.335643,-93.86069,0.318004,-0.775123,0.307934,0.450815,0.0019379028,-0.0003667311,-0.0006557786,0.0001130023,0.0001111169,0.0003070703,1346.0340022955,161.273362144,302.6536067005,1727.333459789,165.8287050455,119.4601719196,2.092105,3.826636,0.405872,0.33346,-0.656878,-0.479111,-0.477252
1403636945.00334,-1032.755306,-404.666913,-94.503285,0.317248,-0.774152,0.313097,0.449458,0.0019436868,-0.0003845617,-0.0006496059,0.0001195862,0.0001160285,0.0003025851,1362.5070052978,163.6333144513,306.7134896054,1749.1169392757,167.8250417798,121.0452922618,2.109422,3.800357,0.425415,0.338428,-0.656131,-0.479123,-0.474762
1403636945.05334,-1035.980914,-405.331942,-94.829168,0.317565,-0.773592,0.314397,0.449291,0.0019480077,-0.00038763,-0.0006480298,0.000120583,0.0001166012,0.0003012157,1370.7978495931,164.8499261788,308.7612040608,1760.0652866868,168.8275926192,121.8440576121,2.117115,3.787986,0.431335,0.339616,-0.655506,-0.479661,-0.474234
1403636945.15334,-1042.444018,-406.65731,-95.492297,0.318189,-0.772695,0.316283,0.44907,0.001956477,-0.0003918407,-0.0006461961,0.0001218504,0.000117312,0.0002993921,1387.4938285807,167.3092182514,312.8878959474,1782.1047813339,170.8442937709,123.4536813448,2.12971,3.760865,0.43278,0.341226,-0.654449,-0.480773,-0.473413
1403636945.25334,-1048.925558,-407.976651,-96.163902,0.318779,-0.771889,0.317337,0.449293,0.0019658074,-0.0003933042,-0.0006449277,0.0001220149,0.0001170859,0.0002978311,1404.3470297635,169.8035254746,317.0577744752,1804.3437185001,172.8771695138,125.0799399012,2.139307,3.731431,0.427232,0.342121,-0.653401,-0.481763,-0.473208
1403636945.40334,-1058.688135,-409.945281,-97.168486,0.318966,-0.772043,0.317059,0.449092,0.0019757367,-0.0003937045,-0.0006491915,0.0001218051,0.0001175328,0.0003000482,1429.9351490768,173.6109950991,323.3972707905,1838.096712775,175.9582793792,127.5516776526,2.148742,3.685578,0.425428,0.341663,-0.653381,-0.482535,-0.472779
1403636945.45334,-1061.953104,-410.598531,-97.500845,0.318393,-0.77207,0.317064,0.44945,0.0019799194,-0.0003949868,-0.0006488732,0.0001221944,0.0001176196,0.0002994649,1438.5483902847,174.8984312418,325.5334110076,1849.4536628331,176.9937847692,128.3843069273,2.150191,3.669558,0.428489,0.341755,-0.653361,-0.482183,-0.473099
1403636945.55334,-1068.498047,-411.900607,-98.167311,0.31695,-0.77391,0.316722,0.447542,0.0019785075,-0.0004021626,-0.000657552,0.0001252618,0.0001219368,0.0003057972,1455.8982522697,177.500455331,329.8395970655,1872.3238251641,179.0773333246,130.0625411451,2.150715,3.6361,0.434738,0.341175,-0.655439,-0.481406,-0.471432
1403636945.60334,-1071.777712,-412.549539,-98.503659,0.317091,-0.776401,0.315252,0.444152,0.0019689865,-0.0004045218,-0.000673021,0.00012667,0.0001266654,0.0003179064,1464.6339146847,178.8147532774,332.0094275148,1883.8364059923,180.1253578644,130.9081202122,2.149996,3.618676,0.435648,0.339155,-0.658131,-0.481924,-0.468602
1403636945.65334,-1075.062118,-413.197312,-98.842437,0.318807,-0.779738,0.312039,0.439321,0.0019542029,-0.000400809,-0.0006972752,0.0001257672,0.0001315227,0.0003375902,1473.4101068538,180.1375106975,334.1903630768,1895.400683062,181.1775448258,131.7580019565,2.148647,3.60108,0.434687,0.334941,-0.661542,-0.483925,-0.464757
1403636945.70334,-1078.351636,-413.844238,-99.183519,0.320662,-0.783873,0.308632,0.432972,0.0019331592,-0.000398665,-0.000725968,0.0001257717,0.0001384121,0.0003626256,1482.2271683433,181.4681976578,336.3824919768,1907.0180561725,182.2340195139,132.6122450473,2.14674,3.583529,0.432052,0.330249,-0.665931,-0.486146,-0.459494
1403636945.80334,-1084.947392,-415.137319,-99.872056,0.325006,-0.790981,0.301211,0.421891,0.0018950443,-0.0003878657,-0.0007776938,0.0001229091,0.0001481277,0.000411589,1499.9850390012,184.1502197396,340.8004641582,1930.4174009546,184.3602919568,134.3339814454,2.142237,3.551124,0.422439,0.32041,-0.673251,-0.491051,-0.45049
1403636945.90334,-1091.567026,-416.431395,-100.566896,0.323863,-0.793899,0.299459,0.418524,0.0018857691,-0.0003923486,-0.0007926515,0.0001252936,0.0001539806,0.0004264605,1517.9107948828,186.856437875,345.2638176769,1954.0427143775,186.5048161118,136.0736260785,2.136971,3.524495,0.409325,0.317954,-0.676659,-0.490725,-0.447467
1403636945.95334,-1094.886218,-417.079031,-100.915987,0.322444,-0.79216,0.299751,0.422683,0.0019044606,-0.000390277,-0.0007814289,0.0001237285,0.0001489743,0.0004133308,1526.937502998,188.2182861939,347.5127497392,1965.9420036195,187.5840682908,136.9502640212,2.134216,3.513729,0.402229,0.319045,-0.674769,-0.489314,-0.451075
1403636946.00334,-1098.21109,-417.726777,-101.266734,0.319516,-0.789106,0.301949,0.429009,0.0019317053,-0.0003933499,-0.0007589607,0.0001239738,0.0001431509,0.0003898487,1536.006480259,189.586473231,349.7730852275,1977.8973547466,188.6678168058,137.8313885048,2.131128,3.504364,0.394125,0.322516,-0.671496,-0.486508,-0.456501
1403636946.05334,-1101.54143,-418.374293,-101.619147,0.316745,-0.786256,0.303487,0.435167,0.0019573071,-0.0003944875,-0.0007376531,0.0001235181,0.0001370091,0.0003687221,1545.1178201251,190.9616578119,352.0448986655,1989.9082202901,189.7560067289,138.7170073694,2.127621,3.495841,0.384903,0.325435,-0.668366,-0.483731,-0.461935
1403636946.10334,-1104.8768,-419.021472,-101.97446,0.31506,-0.785246,0.304012,0.437839,0.0019696349,-0.0003960611,-0.0007289711,0.0001237495,0.0001348056,0.0003601906,1554.2708882412,192.3439728178,354.3280183247,2001.9733109017,190.8485391591,139.6070683116,2.123594,3.488141,0.373311,0.326555,-0.667309,-0.48217,-0.464297
1403636946.20334,-1111.563239,-420.313459,-102.691525,0.311378,-0.784712,0.304828,0.440851,0.0019848227,-0.0004034207,-0.0007189739,0.0001263256,0.0001342234,0.0003504981,1572.7038397667,195.1326692448,358.9290959569,2026.2688458947,193.0468504056,141.4007968039,2.1144,3.474004,0.345258,0.32824,-0.666914,-0.478997,-0.466954
1403636946.35334,-1121.632102,-422.244282,-103.781951,0.307412,-0.781764,0.304052,0.449328,0.0020220132,-0.0003984097,-0.0006958307,0.0001231215,0.0001246808,0.0003286606,1600.6727769729,199.3786021377,365.9188562361,2063.1278435078,196.3775607187,144.1257416126,2.097821,3.455289,0.292285,0.32928,-0.663594,-0.475184,-0.474782
1403636946.40334,-1124.998242,-422.885809,-104.149664,0.304958,-0.781504,0.305462,0.450494,0.0020283309,-0.0004070354,-0.0006890261,0.0001264227,0.0001258567,0.0003231025,1610.08134911,200.8111765643,368.2722934138,2075.5235690861,197.4964913665,145.0431922165,2.091075,3.449443,0.271321,0.331094,-0.663475,-0.473174,-0.475692
1403636946.50334,-1131.745265,-424.164558,-104.891149,0.302244,-0.782165,0.304953,0.451519,0.0020358957,-0.0004120062,-0.0006883048,0.00012832,0.0001267825,0.0003217709,1629.0276859749,203.7046086485,373.0150497811,2100.4799262145,199.7474577564,146.8919881611,2.075938,3.437259,0.224792,0.330985,-0.664389,-0.470956,-0.476694
1403636946.55334,-1135.126539,-424.801979,-105.263193,0.301051,-0.782186,0.304544,0.452556,0.002041664,-0.0004127469,-0.0006865848,0.0001284782,0.000126209,0.0003199155,1638.5668445147,205.1653061032,375.4046748828,2113.0421842297,200.8795840598,147.8234201568,2.06742,3.431234,0.20098,0.330856,-0.664441,-0.469959,-0.477693
1403636946.60334,-1138.512902,-425.437339,-105.634934,0.300216,-0.782578,0.303851,0.452898,0.0020450821,-0.0004129837,-0.0006879752,0.000128515,0.0001262813,0.0003205361,1648.1507630397,206.6368961314,377.8068189548,2125.6603295073,202.0160925586,148.7596132795,2.05815,3.424521,0.178045,0.330285,-0.664819,-0.469343,-0.478167
1403636946.65334,-1141.904487,-426.07104,-106.006468,0.299514,-0.783876,0.303229,0.451533,0.0020424294,-0.0004160035,-0.0006949676,0.0001299201,0.0001289453,0.000325862,1657.7796502726,208.1186707727,380.2214521218,2138.3350186027,203.1570336879,149.7005763891,2.04813,3.417504,0.155897,0.329499,-0.666225,-0.468959,-0.477129
1403636946.70334,-1145.301471,-426.703457,-106.377178,0.29472,-0.786378,0.307795,0.447227,0.0020277435,-0.0004485908,-0.0006979109,0.0001446265,0.0001422551,0.0003299186,1667.4542046128,209.6100392596,382.6486352886,2151.0670293224,204.3024438129,150.6463293236,2.037242,3.410589,0.135167,0.333411,-0.669923,-0.465552,-0.472551
1403636946.80334,-1152.113671,-427.962427,-107.11495,0.281292,-0.791969,0.320888,0.436682,0.001985178,-0.0005350437,-0.0006969273,0.0001902735,0.0001769387,0.0003349562,1686.9409388875,212.6252223077,387.5421265407,2176.7111487167,206.6075185388,152.5528018116,2.015043,3.395952,0.099821,0.345859,-0.679056,-0.455132,-0.460567
1403636946.85334,-1155.52973,-428.58841,-107.483141,0.276291,-0.79419,0.32569,0.432263,0.0019666745,-0.0005668089,-0.0006975637,0.0002097463,0.000190661,0.0003380272,1696.752611129,214.1499807627,390.0088682457,2189.6268675652,207.767601411,153.5137583133,2.00495,3.387953,0.084422,0.35036,-0.682623,-0.451317,-0.455619
1403636946.90334,-1158.952734,-429.212124,-107.852315,0.273041,-0.795894,0.328451,0.429093,0.0019540515,-0.0005867845,-0.0006998864,0.0002228324,0.0002001401,0.0003415955,1706.6091136582,215.6859476136,392.4889544937,2202.6065608554,208.9329116608,154.4799353618,1.996133,3.379687,0.069256,0.352875,-0.685185,-0.448857,-0.452249
1403636947.00334,-1165.81894,-430.452019,-108.597323,0.262904,-0.799842,0.338481,0.420197,0.0019130812,-0.0006488283,-0.0006976421,0.0002674745,0.0002276882,0.0003459503,1726.4546678938,218.7927900663,397.4890319965,2228.756684129,211.2792025797,156.4279719458,1.982819,3.36151,0.035762,0.362211,-0.691881,-0.441087,-0.442207
1403636947.05334,-1169.263308,-431.067663,-108.973056,0.260748,-0.801081,0.340175,0.417805,0.0019037171,-0.0006615044,-0.0007000819,0.0002774902,0.0002346244,0.0003492962,1736.4438892525,220.3646512305,400.0096617847,2241.9319431022,212.4606920666,157.4101304866,1.979611,3.351502,0.017734,0.363744,-0.693782,-0.439483,-0.439562
1403636947.15334,-1176.17638,-432.290365,-109.728398,0.268098,-0.801283,0.331413,0.419803,0.0019275632,-0.0006211616,-0.0007228417,0.0002473053,0.0002238668,0.0003636495,1756.557723852,223.5456186009,405.0932206825,2268.4907658371,214.8410516867,159.3911800026,1.981071,3.33026,-0.017836,0.354864,-0.692288,-0.445898,-0.442704
1403636947.20334,-1179.644798,-432.897182,-110.106444,0.276153,-0.802686,0.322109,0.419142,0.0019360062,-0.0005793861,-0.0007529995,0.0002200609,0.0002159473,0.000386487,1766.6836889863,225.1555344357,407.6564088481,2281.873650705,216.0397807019,160.3900978876,1.985283,3.318695,-0.034007,0.3447,-0.692097,-0.45311,-0.44371
1403636947.25334,-1183.120689,-433.501494,-110.48414,0.285455,-0.804256,0.311259,0.418098,0.0019414304,-0.0005300502,-0.0007874524,0.0001909117,0.0002051473,0.0004142675,1776.8563631895,226.7776007129,410.2336970944,2295.3240928663,217.2440015106,161.3945170701,1.991106,3.306768,-0.048609,0.332746,-0.691938,-0.461401,-0.444539
1403636947.30334,-1186.604161,-434.104471,-110.860875,0.293182,-0.806419,0.302058,0.415323,0.0019362221,-0.0004905748,-0.000820829,0.0001701681,0.0001978319,0.0004442898,1787.0766620484,228.4096894183,412.8248956313,2308.8426973116,218.4536938448,162.4043821159,1.998094,3.29565,-0.061102,0.322294,-0.692775,-0.468463,-0.443548
1403636947.35334,-1190.095422,-434.707269,-111.236057,0.299182,-0.808411,0.295088,0.412171,0.0019274478,-0.0004616233,-0.0008483744,0.0001562097,0.0001928713,0.0004711006,1797.3454325252,230.0496492437,415.4298373629,2322.4304559772,219.668878005,163.419652754,2.005943,3.286467,-0.070963,0.313977,-0.693866,-0.4741,-0.441814
1403636947.45334,-1197.100208,-435.912588,-111.983427,0.305081,-0.811019,0.287334,0.408182,0.0019163666,-0.0004321444,-0.000880048,0.00014294,0.0001879539,0.0005036172,1818.0280758211,233.3527084745,420.6805645775,2349.8102997049,222.1153789172,165.4662743726,2.023292,3.273886,-0.084506,0.304747,-0.695665,-0.479877,-0.439205
1403636947.50334,-1200.6143,-436.516058,-112.354943,0.302346,-0.81082,0.289666,0.408964,0.0019226053,-0.000444706,-0.0008733341,0.0001484862,0.0001916426,0.0004959208,1828.4429092484,235.0139827788,423.3264078573,2363.6050156416,223.3468818176,166.4976877755,2.032849,3.271519,-0.087361,0.307224,-0.695919,-0.477786,-0.439354
1403636947.55334,-1204.136025,-437.119468,-112.725678,0.298154,-0.809923,0.29349,0.411087,0.0019342023,-0.0004631083,-0.0008591744,0.0001567008,0.0001954834,0.0004802017,1838.9064033547,236.6828996723,425.9860428976,2377.4693639473,224.5838977944,167.5345573729,2.043192,3.271324,-0.088387,0.311792,-0.69554,-0.474227,-0.440595
1403636947.60334,-1207.665734,-437.722566,-113.09526,0.294962,-0.807238,0.296132,0.416738,0.001960637,-0.0004706575,-0.0008380182,0.0001589473,0.0001907383,0.0004556208,1849.4189185185,238.3599745701,428.6597540988,2391.4049423135,225.8265840963,168.5769950559,2.054602,3.273033,-0.08688,0.315858,-0.692864,-0.471116,-0.445224
1403636947.85334,-1225.413334,-440.728204,-114.956877,0.302384,-0.798407,0.286828,0.434558,0.0020530387,-0.0003992593,-0.00081464,0.0001234247,0.0001464766,0.0004194271,1902.700717849,246.8782630584,442.2329858188,2462.0813314343,232.1187793303,173.8699544321,2.117723,3.299647,-0.077929,0.309174,-0.680362,-0.476864,-0.462738
1403636948.00334,-1236.130243,-442.526738,-116.096888,0.307165,-0.795893,0.28241,0.43869,0.0020813337,-0.0003677365,-0.0008160992,0.0001106492,0.0001318814,0.0004164675,1935.2435730061,252.0904771015,450.5366143693,2505.2512498307,235.9534217099,177.1086855926,2.152159,3.329776,-0.086271,0.304702,-0.676187,-0.481356,-0.467145
1403636948.10334,-1243.299401,-443.724205,-116.866798,0.30584,-0.799297,0.285368,0.431453,0.0020607,-0.0003931233,-0.0008341703,0.0001206924,0.0001475539,0.0004354439,1957.1803905936,255.607289014,456.1381412814,2534.3368336578,238.5330419166,179.2935743609,2.170176,3.355453,-0.099362,0.30636,-0.680538,-0.481275,-0.459768
1403636948.15334,-1246.892277,-444.322081,-117.253837,0.307005,-0.799233,0.284895,0.431055,0.0020634387,-0.0003896859,-0.0008378988,0.0001192521,0.0001467154,0.0004383395,1968.222264422,257.3791406002,458.9593060124,2548.9755181222,239.8302041688,180.3940164497,2.178416,3.369885,-0.107098,0.305623,-0.680362,-0.48251,-0.459223
1403636948.20334,-1250.490821,-444.919493,-117.642137,0.307966,-0.798234,0.284786,0.432291,0.0020731186,-0.0003850396,-0.0008356591,0.0001171396,0.0001436719,0.0004349741,1979.313493639,259.1597852118,461.7941678117,2563.678930872,241.1323252801,181.4998341693,2.186181,3.38551,-0.115458,0.30563,-0.678969,-0.483431,-0.460311
1403636948.30334,-1257.704284,-446.113323,-118.422629,0.309876,-0.796212,0.284577,0.434787,0.0020925176,-0.0003756114,-0.0008309383,0.000112988,0.0001376009,0.0004281524,2001.6444111543,262.746699807,467.5047635268,2593.2781209381,243.7511971,183.7274940326,2.199676,3.420619,-0.134519,0.305558,-0.676274,-0.485391,-0.46226
1403636948.40334,-1264.939712,-447.305669,-119.208092,0.312953,-0.793899,0.28353,0.437488,0.0021128855,-0.0003599114,-0.0008275652,0.0001067748,0.0001293459,0.0004224571,2024.1746322638,266.3683115777,473.2703147074,2623.1355511906,246.3896892329,185.9766971449,2.21051,3.460679,-0.156453,0.304623,-0.672987,-0.488297,-0.464606
1403636948.45334,-1268.565432,-447.901378,-119.602458,0.315059,-0.792508,0.282778,0.438983,0.0021238539,-0.0003494113,-0.0008259651,0.0001028816,0.0001242198,0.0004196241,2035.5151331108,268.1920562106,476.1737367384,2638.1605845474,247.7161950396,187.109371277,2.214551,3.482448,-0.168305,0.303926,-0.671102,-0.49019,-0.465796
1403636948.55334,-1275.832648,-449.091809,-120.393208,0.324327,-0.785904,0.274582,0.44919,0.0021703726,-0.000279688,-0.0008139225,8.12841e-05,9.22991e-05,0.0004032257,2058.3484288757,271.8657376155,482.022143615,2668.403052757,250.3836049688,189.3909138726,2.219467,3.529366,-0.192542,0.296759,-0.661635,-0.497604,-0.47599
1403636948.65334,-1283.117469,-450.282198,-121.184832,0.331688,-0.779147,0.268028,0.459428,0.0022139476,-0.000217787,-0.0007949612,6.66381e-05,6.48425e-05,0.0003828745,2081.3876972975,275.5723660238,487.9248405094,2698.888491201,253.0685497787,191.6933436728,2.216322,3.580965,-0.216683,0.291222,-0.652176,-0.503469,-0.48619
1403636948.70334,-1286.765848,-450.877804,-121.578773,0.330939,-0.777056,0.270184,0.462237,0.0022304618,-0.0002206222,-0.0007805972,6.70303e-05,6.39572e-05,0.0003702726,2092.9867551595,277.437468587,490.8965251727,2714.2197341162,254.4171762647,192.8522608618,2.210483,3.608836,-0.226876,0.293738,-0.649853,-0.50296,-0.488304
1403636948.75334,-1290.417825,-451.4734,-121.971489,0.327164,-0.777084,0.275832,0.461542,0.0022361277,-0.0002504797,-0.0007708054,7.32604e-05,7.35623e-05,0.0003626869,2104.6388419817,279.3110554618,493.881770149,2729.608544654,255.7697565221,194.0162818543,2.201579,3.637685,-0.235779,0.299367,-0.650618,-0.50022,-0.48668
1403636948.85334,-1297.734469,-452.663023,-122.751709,0.314246,-0.778731,0.293446,0.456857,0.0022346473,-0.0003513384,-0.0007454786,0.0001005849,0.0001058812,0.0003454664,2128.1037919333,283.0870751259,499.8945295765,2760.5673190401,258.4876520188,196.3602641579,2.176207,3.697469,-0.247771,0.317121,-0.655294,-0.490294,-0.479206
1403636948.90334,-1301.399997,-453.256295,-123.139484,0.307862,-0.779075,0.302204,0.454901,0.0022326566,-0.0003999301,-0.0007298647,0.0001171339,0.0001200902,0.0003352174,2139.9166644738,284.9910824665,502.9226879609,2776.1413359214,259.8534320084,197.5405190603,2.160753,3.727904,-0.250764,0.325975,-0.657087,-0.485346,-0.475835
1403636948.95334,-1305.070567,-453.848045,-123.526575,0.30058,-0.77939,0.311683,0.452831,0.0022279082,-0.000452902,-0.0007114383,0.0001378017,0.000134664,0.0003236023,2151.7826985349,286.9067852754,505.9656106875,2791.7798018621,261.2239629995,198.7264111477,2.143973,3.758333,-0.252462,0.335604,-0.659118,-0.4796,-0.472145
1403636949.00334,-1308.746489,-454.437687,-123.91477,0.294511,-0.778961,0.319786,0.451906,0.002226158,-0.000495617,-0.0006917655,0.0001563146,0.0001445765,0.0003111377,2163.7005320661,288.8352580258,509.0234634676,2807.4844767974,262.5995399711,199.9180838095,2.126776,3.788307,-0.254431,0.344144,-0.659992,-0.474672,-0.469749
1403636949.05334,-1312.428109,-455.024918,-124.305093,0.29149,-0.778796,0.324171,0.451024,0.0022252325,-0.0005186924,-0.0006827139,0.0001670269,0.0001500372,0.0003056444,2175.6695803738,290.7771087591,512.096436699,2823.2572026751,263.9804127432,201.115665116,2.109822,3.817686,-0.257645,0.348805,-0.660606,-0.472209,-0.467924
1403636949.10334,-1316.115563,-455.609599,-124.697204,0.291309,-0.777781,0.325292,0.452086,0.0022335795,-0.000520823,-0.0006764283,0.0001675825,0.0001486923,0.0003010388,2187.6902384243,292.7327247032,515.1847212095,2839.0987331334,265.3666446379,202.3192197051,2.093215,3.846398,-0.261727,0.350064,-0.659451,-0.472225,-0.468596
1403636949.20334,-1323.506947,-456.77068,-125.487293,0.293518,-0.776776,0.324383,0.453036,0.0022474465,-0.0005110006,-0.0006780483,0.0001622606,0.0001451899,0.0003011067,2211.8866684746,296.6869678156,521.4072636111,2870.9845862963,268.1548210028,204.744196567,2.060363,3.900806,-0.273187,0.349116,-0.657826,-0.474412,-0.469378
1403636949.25334,-1327.210586,-457.347301,-125.885395,0.295494,-0.776534,0.322662,0.453396,0.0022542917,-0.0005001612,-0.0006831829,0.0001569855,0.0001425711,0.0003038546,2224.0626854986,298.6852372091,524.5414231416,2887.0280256019,269.5566430749,205.9655735558,2.043955,3.926695,-0.280802,0.347208,-0.657076,-0.476368,-0.469865
1403636949.35334,-1334.633086,-458.493132,-126.686992,0.293568,-0.776399,0.326046,0.452455,0.0022578717,-0.0005180463,-0.0006783793,0.000165013,0.0001469914,0.0003008973,2248.5718892507,302.723589212,530.8554783372,2919.3137734665,272.3754073363,208.4260240138,2.009693,3.975571,-0.299285,0.350396,-0.657382,-0.475265,-0.468183
1403636949.40334,-1338.352246,-459.062207,-127.090701,0.292214,-0.776654,0.327925,0.451536,0.0022573989,-0.0005295074,-0.0006769689,0.0001704544,0.0001503398,0.0003002568,2260.905243867,304.7640494555,534.0356229461,2935.5578091537,273.7925309668,209.665220365,1.992482,3.99876,-0.310372,0.352118,-0.657918,-0.47445,-0.466963
1403636949.45334,-1342.07698,-459.62862,-127.496405,0.291195,-0.776535,0.329399,0.451326,0.002259836,-0.0005374994,-0.000674103,0.0001741731,0.0001520198,0.0002984308,2273.2913376843,306.8190027506,537.2314089969,2951.870892244,275.2149802236,210.9105059706,1.975482,4.021076,-0.32268,0.353606,-0.658003,-0.473794,-0.466384
1403636949.50334,-1345.807064,-460.192092,-127.903309,0.28901,-0.776733,0.331929,0.450534,0.002258826,-0.0005529281,-0.0006699171,0.0001818236,0.0001558814,0.000296121,2285.730783128,308.8892040369,540.4429826566,2968.2521087491,276.6426312334,212.161883135,1.958531,4.042275,-0.335475,0.35614,-0.658658,-0.472186,-0.465163
1403636949.60334,-1353.285946,-461.310777,-128.71709,0.285957,-0.777391,0.33596,0.448355,0.0022554954,-0.0005780641,-0.0006670625,0.0001948721,0.0001632936,0.0002950649,2310.7734975585,313.0745645462,546.914952935,3001.231274463,279.514590306,214.6835220029,1.925514,4.082055,-0.358556,0.359992,-0.660074,-0.470108,-0.462284
1403636949.85334,-1372.097069,-464.053722,-130.739622,0.294019,-0.786571,0.327254,0.433317,0.0022205567,-0.0005604897,-0.0007556253,0.000188171,0.0001840186,0.0003584165,2374.3532080309,323.8171288062,563.3879494718,3084.9741007964,286.7941168454,221.1006882365,1.854408,4.16573,-0.387046,0.347446,-0.668837,-0.479252,-0.449729
1403636949.95334,-1379.666517,-465.131653,-131.546979,0.296862,-0.790123,0.323824,0.427454,0.0022049024,-0.0005540365,-0.0007888589,0.0001859314,0.0001918756,0.00038502,2400.1763939692,328.2218748372,570.0942948515,3118.9918952093,289.745736776,223.7129258788,1.83007,4.194709,-0.389132,0.34242,-0.672327,-0.482585,-0.444789
1403636950.00334,-1383.462073,-465.668268,-131.950623,0.296935,-0.791621,0.323252,0.425058,0.0021980128,-0.0005568946,-0.0007996955,0.0001878859,0.000196458,0.0003943124,2413.1725830368,330.443337135,573.4725352158,3136.118881465,291.2305911524,225.0289059075,1.819312,4.210312,-0.388255,0.341421,-0.67393,-0.483005,-0.44267
1403636950.15334,-1394.891105,-467.269423,-133.164834,0.297984,-0.79504,0.320286,0.420158,0.0021869811,-0.0005553529,-0.00082796,0.0001879658,0.0002044127,0.0004183431,2452.4993229072,337.182754055,583.7072305684,3187.9713639572,295.7211672015,229.0162866403,1.792567,4.262265,-0.381517,0.337317,-0.677527,-0.484799,-0.438343
1403636950.20334,-1398.714181,-467.800115,-133.573518,0.299516,-0.795146,0.317718,0.420819,0.0021936534,-0.0005429162,-0.0008346248,0.0001812718,0.0002005505,0.0004227351,2465.7193699342,339.4544990434,587.1517756296,3205.4106015246,297.2299104917,230.3584997807,1.785599,4.280999,-0.380905,0.334641,-0.677122,-0.486224,-0.43944
1403636950.25334,-1402.543627,-468.329398,-133.984544,0.300423,-0.79443,0.316197,0.422666,0.0022055461,-0.0005331673,-0.000834207,0.0001757698,0.0001954481,0.0004207219,2478.9949112922,341.7386688555,590.6126789814,3222.9262928403,298.7444721687,231.7072055019,1.779335,4.30047,-0.381657,0.33336,-0.676027,-0.487042,-0.44119
1403636950.35334,-1410.221614,-469.383891,-134.812425,0.301092,-0.792025,0.313628,0.428577,0.0022377217,-0.0005140836,-0.0008238528,0.0001649872,0.0001824952,0.0004081137,2505.714370014,346.3442761438,597.5838979226,3258.1876980667,301.7909976498,234.4241794422,1.768711,4.341842,-0.386225,0.331756,-0.672698,-0.487505,-0.44694
1403636950.45334,-1417.923854,-470.433244,-135.646969,0.300812,-0.788003,0.312587,0.436867,0.0022798131,-0.0004973866,-0.0007996368,0.0001554273,0.0001670799,0.0003844088,2532.660565408,350.9993791827,604.6209335016,3293.7513975042,304.8601046518,237.1670872047,1.759169,4.38668,-0.394409,0.332373,-0.667706,-0.486947,-0.454512
1403636950.50334,-1421.78368,-470.955659,-136.066886,0.30283,-0.785404,0.309648,0.442215,0.0023062371,-0.0004726905,-0.0007899279,0.0001437193,0.0001540224,0.0003741241,2546.2189514334,353.3464059471,608.1642387411,3311.6453215341,306.4030015958,238.5482806941,1.754684,4.410051,-0.400162,0.330269,-0.664115,-0.488337,-0.459785
1403636950.55334,-1425.648864,-471.476507,-136.48828,0.304422,-0.78279,0.307247,0.4474,0.0023314289,-0.0004507363,-0.0007785637,0.0001339312,0.0001421917,0.0003631663,2559.8347036791,355.706685224,611.7240325806,3329.612038798,307.9512333544,239.935906126,1.749845,4.433804,-0.40679,0.328695,-0.660444,-0.489502,-0.464937
1403636950.60334,-1429.519227,-471.995777,-136.909916,0.305941,-0.780632,0.305156,0.451546,0.0023521462,-0.0004316639,-0.0007697998,0.0001259791,0.0001326039,0.0003548586,2573.5090206994,358.0804131974,615.3004517011,3347.6506580662,309.5046314657,241.3299475642,1.744445,4.457962,-0.413477,0.327279,-0.657499,-0.490588,-0.468943
1403636950.75334,-1441.160559,-473.543094,-138.170875,0.302388,-0.77869,0.309384,0.454406,0.0023750066,-0.0004509258,-0.000748733,0.0001325963,0.000133702,0.0003387966,2614.8897705059,365.28583652,626.1308093358,3402.1947785224,314.1951739333,245.5507542163,1.721758,4.530913,-0.427133,0.33208,-0.65574,-0.488025,-0.470702
1403636950.85334,-1448.947563,-474.564746,-139.005816,0.296996,-0.778573,0.3167,0.453121,0.0023767437,-0.0004933246,-0.0007331783,0.0001496574,0.0001443381,0.0003289519,2642.7789219363,370.1631502518,633.4370311205,3438.9203508367,317.3479660078,248.3974522218,1.701993,4.579692,-0.428855,0.339542,-0.656841,-0.483969,-0.468023
1403636950.90334,-1452.849345,-475.071909,-139.421387,0.295786,-0.77828,0.31833,0.453273,0.0023809068,-0.0005021232,-0.0007284117,0.000153245,0.0001459105,0.0003256797,2656.8148194856,372.6258074156,637.1166296814,3457.3947466142,318.9323938167,249.8309203136,1.691286,4.603714,-0.427209,0.341294,-0.656746,-0.483129,-0.46775
1403636950.95334,-1456.756714,-475.576442,-139.836121,0.295323,-0.778205,0.319233,0.453069,0.0023840826,-0.0005071436,-0.0007274328,0.0001552901,0.0001471572,0.0003249406,2670.9115823996,375.1050037231,640.814043168,3475.9442268648,320.5222677819,251.271211887,1.68022,4.627299,-0.424225,0.34214,-0.656818,-0.482932,-0.467233
1403636951.15334,-1472.443361,-477.567387,-141.485894,0.286805,-0.78206,0.329996,0.444104,0.0023577996,-0.0005851061,-0.0007316633,0.0001932936,0.000175392,0.0003311569,2727.9111943549,385.1905733588,655.7840264811,3550.9036685942,326.9371386436,257.1015006258,1.633604,4.717036,-0.39706,0.351647,-0.663105,-0.477271,-0.457001
1403636951.30334,-1484.267126,-479.031879,-142.741133,0.29203,-0.788786,0.323502,0.433454,0.0023275935,-0.0005717407,-0.0007969107,0.0001885684,0.0001901959,0.0003795308,2771.2871432267,392.9321604094,667.1989050769,3607.9277640142,331.8080483032,261.5471857384,1.601644,4.779084,-0.386602,0.342622,-0.669679,-0.483004,-0.448162
1403636951.40334,-1492.1794,-479.998168,-143.59086,0.296748,-0.792804,0.31788,0.427031,0.002309316,-0.0005535541,-0.0008406454,0.0001807704,0.0001962416,0.000414586,2800.5020162875,398.1689239268,674.8975189245,3646.3400208549,335.0848260505,264.5459753898,1.583084,4.821848,-0.388318,0.335118,-0.673255,-0.48799,-0.443046
1403636951.45334,-1496.145136,-480.478707,-144.018472,0.298572,-0.793628,0.315355,0.426099,0.0023093941,-0.0005426159,-0.0008530285,0.0001755482,0.0001951231,0.0004242271,2815.2003484222,400.8092205752,678.7738664872,3665.6689082813,336.7323274374,266.0560561804,1.574753,4.844234,-0.390524,0.332073,-0.673672,-0.489848,-0.442656
1403636951.55334,-1504.095212,-481.434778,-144.878912,0.29962,-0.794342,0.313164,0.425648,0.0023146328,-0.0005345742,-0.000863564,0.0001715786,0.0001941134,0.0004319665,2844.7797325699,406.1333421128,686.5805968431,3704.5702854456,340.0452467654,269.0975344818,1.559348,4.890901,-0.39757,0.329632,-0.674089,-0.491124,-0.442429
1403636951.60334,-1508.079629,-481.910534,-145.31131,0.300818,-0.794034,0.311437,0.426644,0.0023230973,-0.0005242472,-0.0008665344,0.000166405,0.0001900721,0.0004331893,2859.661629624,408.8167360961,690.51109747,3724.1435633845,341.7106701994,270.6289708295,1.552146,4.915427,-0.402049,0.327917,-0.673392,-0.492269,-0.443492
1403636951.65334,-1512.0728,-482.32738,-145.743808,0.300922,-0.793215,0.310581,0.428715,0.0023357026,-0.000517835,-0.00086276,0.0001629295,0.0001856153,0.0004285584,2874.6053893292,411.5149077885,694.4597504214,3743.7752627715,343.3816041508,272.1675494724,1.545194,4.941003,-0.406946,0.32744,-0.672232,-0.492412,-0.445442
1403636951.70334,-1516.069859,-482.800171,-146.17801,0.300687,-0.791802,0.310221,0.431741,0.0023526065,-0.0005121094,-0.0008538655,0.000159629,0.000179978,0.0004194859,2889.6102035364,414.3781356361,698.4555984489,3763.5257283629,345.0663236897,273.7233333764,1.538362,4.96739,-0.411569,0.327633,-0.670469,-0.49217,-0.448216
1403636951.75334,-1520.07387,-483.272047,-146.611712,0.299771,-0.790151,0.310812,0.434965,0.0023702663,-0.0005109879,-0.0008410569,0.0001583725,0.0001752593,0.0004076221,2904.6807713613,417.1033899167,702.4413235529,3783.3495413693,346.7499194814,275.2764788047,1.531756,4.99534,-0.414847,0.32894,-0.668616,-0.491324,-0.450945
1403636952.10334,-1548.274889,-486.528837,-149.634558,0.300163,-0.780948,0.306724,0.453809,0.0024763818,-0.0004614185,-0.000786233,0.000134377,0.0001391104,0.000357532,3011.979897725,436.6020025678,730.867230272,3924.4254737188,358.6995450819,286.3529638932,1.480355,5.211852,-0.400873,0.328334,-0.656775,-0.491374,-0.468396
1403636952.15334,-1552.430856,-487.299337,-150.115189,0.298161,-0.780817,0.308959,0.453838,0.0024799585,-0.0004753817,-0.0007799564,0.0001396579,0.0001422839,0.0003532054,3027.5525529965,439.4202158163,734.997282544,3944.8076675701,360.417026743,287.9621772332,1.470197,5.244058,-0.401871,0.33064,-0.657056,-0.489796,-0.468033
1403636952.45335,-1576.718064,-489.862401,-152.722247,0.281143,-0.777719,0.327093,0.457298,0.0025065241,-0.0005831842,-0.000709273,0.000185233,0.0001588299,0.0003078825,3122.3127677524,455.9352700189,760.064242897,4069.7224279279,370.9134357099,297.7476988864,1.400718,5.432178,-0.439497,0.350964,-0.656964,-0.476313,-0.467279
1403636952.50335,-1580.803521,-490.302862,-153.174482,0.281801,-0.777111,0.326108,0.458629,0.0025164432,-0.0005758303,-0.0007080619,0.0001813271,0.0001556977,0.0003064791,3138.4013829973,459.3029272124,764.3615997188,4090.0992081969,372.6262141026,299.4057363513,1.389064,5.461521,-0.450839,0.350235,-0.656024,-0.476892,-0.468554
1403636952.55335,-1584.89351,-490.740201,-153.62831,0.283223,-0.776744,0.324551,0.459477,0.0025253497,-0.0005650656,-0.0007108637,0.0001759706,0.0001526609,0.0003075468,3154.4967632821,462.2925356636,768.6478659902,4111.1973102928,374.4002343066,301.0758151986,1.377292,5.490142,-0.463239,0.348588,-0.65516,-0.478278,-0.469576
1403636952.85335,-1609.544623,-493.291789,-156.346476,0.288703,-0.780223,0.318595,0.454312,0.0025328582,-0.0005422808,-0.0007605374,0.0001657682,0.0001568424,0.0003380889,3252.4899532961,480.6717172941,794.7918818271,4239.4877291114,385.1645044713,311.2596883142,1.299758,5.639782,-0.516668,0.340758,-0.65746,-0.484627,-0.465584
1403636952.95335,-1617.804353,-494.118892,-157.255808,0.288074,-0.785376,0.319131,0.445368,0.0025018746,-0.0005657852,-0.0007986355,0.0001778843,0.0001754131,0.0003662667,3285.6965374323,486.9561701904,803.6680019958,4282.9076284943,388.7986495377,314.7165730727,1.271193,5.685253,-0.530695,0.339305,-0.66355,-0.485259,-0.457273
1403636953.00335,-1621.942512,-494.528975,-157.713667,0.285565,-0.788069,0.321372,0.44059,0.0024824807,-0.0005912244,-0.0008113399,0.0001910049,0.000188564,0.0003771904,3302.4000108591,490.1255424454,808.1359241628,4304.7439024214,390.6246755068,316.4567163294,1.256949,5.708189,-0.539518,0.340687,-0.667197,-0.483729,-0.452535
1403636953.05335,-1626.086419,-494.936754,-158.173707,0.283297,-0.790049,0.323591,0.436869,0.0024676856,-0.0006133648,-0.0008195,0.0002029068,0.000199502,0.0003847278,3319.1705161311,493.3130786098,812.6239333671,4326.665955605,392.4568123783,318.204751505,1.242942,5.731284,-0.549634,0.342273,-0.670136,-0.482235,-0.448576
1403636953.10335,-1630.236415,-495.342088,-158.636,0.280495,-0.79143,0.326403,0.434077,0.0024562737,-0.00063702,-0.0008215906,0.0002159352,0.0002093206,0.0003877514,3336.0081910665,496.5192538807,817.1323204274,4348.6760071648,394.2953008195,319.9608225506,1.229487,5.754637,-0.560838,0.344719,-0.672378,-0.480234,-0.445481
1403636953.20335,-1638.555559,-496.145133,-159.567701,0.278764,-0.792873,0.327646,0.431614,0.0024508675,-0.0006521447,-0.0008287666,0.0002245325,0.0002171443,0.0003938358,3369.8856382638,502.9886806519,826.2110407254,4392.9663290938,397.9919852182,323.4974776905,1.205336,5.802076,-0.587395,0.345586,-0.674414,-0.479258,-0.442773
1403636953.25335,-1642.724871,-496.542417,-160.036583,0.279191,-0.793058,0.327047,0.431453,0.0024545022,-0.0006498034,-0.000832616,0.0002230715,0.0002170831,0.0003963051,3386.9262723301,506.2533434787,830.7818877195,4415.2479500496,399.8503153378,325.2782426442,1.194837,5.825953,-0.602181,0.344889,-0.67444,-0.479819,-0.44267
1403636953.35335,-1651.314785,-497.826354,-161.112792,0.28069,-0.79247,0.326134,0.432251,0.0024681236,-0.0006418012,-0.0008352959,0.0002179647,0.0002138577,0.0003969308,3421.2012905363,512.8041065483,839.9779777905,4460.0140501675,403.5647175428,328.8588837318,1.177076,5.875689,-0.628264,0.343853,-0.67349,-0.481156,-0.44347
1403636953.45335,-1659.701349,-498.494714,-162.047079,0.283347,-0.789181,0.32287,0.438933,0.0025092639,-0.0006110629,-0.0008223007,0.0001997061,0.0001963004,0.0003833839,3455.6099802315,518.0005957196,849.0809436367,4506.6230436,407.4198372344,332.4458982081,1.162874,5.926898,-0.646741,0.341686,-0.668791,-0.483339,-0.449839
1403636953.50335,-1663.905799,-498.877932,-162.512988,0.285609,-0.78727,0.320635,0.442522,0.0025316843,-0.0005897822,-0.0008166326,0.0001881698,0.000185945,0.0003771905,3473.0130075028,521.6866074446,853.8209731455,4529.3595158283,409.3251013519,334.289978745,1.156546,5.952164,-0.65336,0.339888,-0.665928,-0.485233,-0.453393
1403636953.55335,-1668.1164,-499.258503,-162.978616,0.286381,-0.785803,0.319997,0.445086,0.002548079,-0.0005804082,-0.000809318,0.0001829599,0.0001798809,0.0003707081,3490.4794849887,525.0706038689,858.5222262013,4552.2059075087,411.2238166081,336.1217588383,1.150336,5.977414,-0.658709,0.339701,-0.663902,-0.485894,-0.455793
1403636953.60335,-1672.333093,-499.636442,-163.444297,0.28883,-0.785351,0.317405,0.446155,0.0025587615,-0.0005620888,-0.0008150567,0.0001741478,0.000174413,0.0003735499,3508.0175671722,528.4747197903,863.2450247175,4575.1423706862,413.128821612,337.9619192432,1.144334,6.003369,-0.663527,0.337162,-0.662686,-0.488048,-0.457142
1403636953.65335,-1676.556093,-500.01205,-163.909135,0.291943,-0.785253,0.314736,0.446194,0.0025655119,-0.0005432917,-0.0008255548,0.000165632,0.0001701311,0.0003800377,3525.6283401279,531.8981901652,867.9895026055,4598.1701963135,415.0401316547,339.8104920798,1.138357,6.029918,-0.666701,0.334145,-0.661809,-0.490889,-0.457585
1403636953.90335,-1697.759938,-501.857237,-166.212067,0.302358,-0.783684,0.306586,0.447688,0.0025997541,-0.0004796365,-0.0008535851,0.0001388965,0.0001526262,0.0003962783,3614.7896046838,549.3020193325,892.0369727631,4714.6511876266,424.6866495859,349.1786026753,1.100391,6.171716,-0.651957,0.32488,-0.65744,-0.500883,-0.459718
1403636953.95335,-1702.017942,-502.221157,-166.66916,0.301133,-0.78375,0.308374,0.447168,0.0026018071,-0.0004914525,-0.0008510449,0.0001433577,0.0001561285,0.0003945329,3632.844271809,552.8360401466,896.9107965102,4738.2143777212,426.6335153605,351.0770374569,1.090315,6.202941,-0.643838,0.326621,-0.657805,-0.500137,-0.458775
1403636954.00335,-1706.281001,-502.583163,-167.127117,0.299509,-0.784068,0.31071,0.446083,0.0026012224,-0.0005077311,-0.000849037,0.000149781,0.00016141,0.0003934654,3650.9715609264,556.3883927982,901.8057040032,4761.8635083026,428.5860475472,352.9836475413,1.079394,6.234571,-0.636023,0.328807,-0.658581,-0.499046,-0.457286
1403636954.10335,-1714.822811,-503.301086,-168.048048,0.297334,-0.783996,0.313024,0.446048,0.0026086272,-0.0005239623,-0.0008434162,0.000156152,0.0001653535,0.0003892379,3687.4428226959,563.5493661208,911.6591988011,4809.4243193335,432.5087638761,356.821727524,1.056112,6.298737,-0.623545,0.331246,-0.658927,-0.497605,-0.456597
1403636954.30335,-1731.971061,-504.714279,-169.908703,0.295712,-0.785296,0.31388,0.444235,0.0026156789,-0.0005383701,-0.0008524742,0.000162095,0.0001717967,0.0003953834,3761.259516188,578.0929779163,931.6228862946,4905.6134715278,440.4258046689,364.5982372107,1.004376,6.431857,-0.609641,0.331708,-0.66049,-0.49709,-0.454559
1403636954.50335,-1749.247528,-506.228538,-171.769993,0.293341,-0.789678,0.312196,0.439197,0.0026041387,-0.0005538803,-0.0008830074,0.0001695561,0.0001844815,0.0004186414,3836.2779371585,592.9294385929,951.9403716912,5003.24585774,448.440637355,372.512365779,0.945924,6.573041,-0.582479,0.329059,-0.665511,-0.496037,-0.450292
1403636954.55335,-1753.573651,-506.569477,-172.234122,0.292885,-0.789974,0.310876,0.439904,0.0026097436,-0.0005499959,-0.0008852183,0.0001677347,0.0001830666,0.000419661,3855.1994157729,596.2739220026,957.010619479,5028.1173547329,450.4628791842,374.4937477766,0.930878,6.609989,-0.572789,0.327965,-0.665733,-0.495681,-0.451153
1403636954.60335,-1757.905646,-506.908718,-172.700322,0.292715,-0.790298,0.308913,0.440817,0.0026161555,-0.0005424766,-0.0008886416,0.0001643688,0.0001805328,0.000421424,3874.2187343601,600.0500120395,962.1681969866,5052.8662886799,452.4889926594,376.5028888854,0.915796,6.647895,-0.56432,0.32617,-0.665889,-0.495591,-0.452323
1403636954.65335,-1762.242945,-507.246443,-173.170278,0.291429,-0.789982,0.308,0.44287,0.0026273169,-0.0005399088,-0.0008834466,0.0001629304,0.0001775405,0.0004165159,3893.3107703259,603.8438139843,967.3472242776,5077.706591432,454.5212630271,378.5205484946,0.90056,6.686622,-0.558889,0.325727,-0.665489,-0.494501,-0.454418
1403636954.70335,-1766.585272,-507.582735,-173.645326,0.289085,-0.78963,0.307823,0.445151,0.00263868,-0.0005430544,-0.0008744679,0.0001638904,0.0001757015,0.0004090125,3912.4744493453,607.6550564065,972.5473919989,5102.6371589248,456.5596466776,380.5466578109,0.885199,6.726073,-0.557824,0.326236,-0.665297,-0.492438,-0.456569
1403636954.80335,-1775.284713,-508.249986,-174.60783,0.282678,-0.787948,0.309186,0.451259,0.0026671568,-0.000558013,-0.0008431061,0.0001692335,0.0001715789,0.000384844,3951.0202150231,615.3333661307,983.0122502124,5152.7671670469,460.6544485394,384.6244496915,0.853598,6.806164,-0.566293,0.329561,-0.664103,-0.486645,-0.462097
1403636954.85335,-1779.642304,-508.580548,-175.093059,0.279966,-0.786995,0.309041,0.454699,0.0026829226,-0.0005601785,-0.0008281451,0.0001696043,0.0001677349,0.0003735386,3970.4052009132,619.2019983745,988.2779236639,5177.9693960846,462.7110203263,386.6764213588,0.837374,6.846799,-0.57351,0.330395,-0.663305,-0.484101,-0.465311
1403636955.00335,-1792.744463,-509.556682,-176.562834,0.271442,-0.786363,0.30929,0.460751,0.0027100919,-0.0005799271,-0.0007995837,0.0001772949,0.0001652131,0.0003531874,4029.0140322784,630.9372101159,1004.2101095523,5254.1134680803,468.9164045888,392.8850921483,0.785869,6.967349,-0.605464,0.332892,-0.663454,-0.476465,-0.471161
1403636955.05335,-1797.121961,-509.876073,-177.056019,0.270133,-0.78718,0.307637,0.461232,0.0027134527,-0.0005784903,-0.0008034061,0.0001766599,0.00016517,0.0003553048,4048.7040079258,634.8950039599,1009.5670336653,5279.6762680414,470.9969676916,394.9726067623,0.76798,7.0065,-0.617984,0.331423,-0.664287,-0.475428,-0.472071
1403636955.20335,-1810.288032,-510.815507,-178.531941,0.267949,-0.789737,0.300342,0.46294,0.002726005,-0.0005591044,-0.0008216404,0.0001683198,0.000161562,0.0003656502,4108.253054067,646.9111813823,1025.7817790098,5356.9287939124,477.2758476165,401.2906348911,0.711925,7.121994,-0.647439,0.32471,-0.666596,-0.473609,-0.475298
1403636955.25335,-1814.688499,-511.123054,-179.021211,0.265246,-0.790596,0.29991,0.463311,0.002727619,-0.0005670961,-0.0008214832,0.0001717599,0.0001636777,0.0003654552,4128.2647142892,650.9624261081,1031.2350599816,5382.8718435662,479.3813499057,403.4152719148,0.692343,7.160877,-0.652938,0.32467,-0.667899,-0.471271,-0.475819
1403636955.30335,-1819.09451,-511.427718,-179.509986,0.263259,-0.791202,0.298578,0.464269,0.0027324059,-0.0005681087,-0.0008216524,0.0001721433,0.0001634584,0.0003651464,4148.3569532207,655.0369354081,1036.7124070856,5408.9094331695,481.4930062886,405.5491903062,0.672241,7.199647,-0.657144,0.323679,-0.668652,-0.469593,-0.477094
1403636955.35335,-1823.50615,-511.7293,-179.997623,0.262089,-0.791677,0.296364,0.465537,0.0027393204,-0.0005624097,-0.0008234056,0.0001696213,0.0001613451,0.0003656191,4168.5307714574,659.1354944962,1042.2141819627,5435.0421368457,483.6108394629,407.6924961518,0.651597,7.238143,-0.659223,0.321877,-0.669051,-0.46851,-0.478816
1403636955.40335,-1827.923031,-512.027941,-180.485131,0.259829,-0.792401,0.295812,0.465924,0.0027416231,-0.0005683596,-0.0008236863,0.000172166,0.0001628994,0.0003656398,4188.7853438934,663.2576353466,1047.7400120333,5461.267961466,485.7346770072,409.8450680103,0.630275,7.276413,-0.660379,0.321603,-0.670126,-0.466606,-0.479355
1403636955.50335,-1836.772162,-512.617078,-181.464465,0.257895,-0.793708,0.292829,0.466658,0.0027488886,-0.0005643003,-0.0008312697,0.0001704266,0.0001624279,0.0003698602,4229.5327128205,671.5705228981,1058.8627869868,5513.9991088677,490.0005752122,414.1778593496,0.586133,7.352806,-0.664411,0.318947,-0.671495,-0.465031,-0.480742
1403636955.55335,-1841.204431,-512.908041,-181.957755,0.256948,-0.794296,0.291653,0.466916,0.0027522556,-0.0005635241,-0.0008345744,0.0001700868,0.0001625234,0.0003717116,4250.0242223886,675.7597879944,1064.4593325305,5540.5055484979,492.1427618289,416.3580278207,0.563559,7.391444,-0.668839,0.317895,-0.672113,-0.464324,-0.481259
1403636955.60335,-1845.641248,-513.196152,-182.453086,0.255532,-0.794805,0.291184,0.467119,0.0027550885,-0.0005670823,-0.0008357417,0.0001715695,0.0001635835,0.0003722777,4270.5951575028,679.9724775322,1070.079470711,5567.1020760936,494.2907229142,418.5473453789,0.540226,7.429702,-0.674606,0.317626,-0.672784,-0.463159,-0.481621
1403636955.70335,-1854.529697,-513.763596,-183.44839,0.253952,-0.795603,0.289491,0.467674,0.0027629103,-0.0005666292,-0.0008401478,0.0001712685,0.000163671,0.000374532,4311.9780692879,688.4694296052,1081.3918623239,5620.5736044694,498.6046766074,422.9539731526,0.491951,7.504946,-0.68847,0.31612,-0.673704,-0.462007,-0.482432
1403636955.95335,-1876.847517,-515.131846,-185.929328,0.244594,-0.79929,0.294693,0.463104,0.0027509664,-0.0006310661,-0.0008480298,0.0002006789,0.0001866013,0.0003815541,4416.8900447963,710.1324060213,1110.1074978308,5755.9451480884,509.4979493717,434.1382728225,0.362684,7.690441,-0.701186,0.320772,-0.679612,-0.455289,-0.477441
1403636956.00335,-1881.328597,-515.395955,-186.422409,0.239265,-0.800295,0.299595,0.461002,0.002738116,-0.0006721676,-0.0008411838,0.0002213236,0.0001990308,0.0003786492,4438.1263050629,714.5410997106,1115.9272494327,5783.3173920925,511.6958374333,436.4046649092,0.335973,7.725702,-0.697572,0.325723,-0.682089,-0.451043,-0.474574
1403636956.40335,-1917.399399,-517.359746,-190.399988,0.231248,-0.803479,0.297773,0.460735,0.0027560462,-0.0006987129,-0.0008546043,0.0002344459,0.0002090706,0.0003865687,4611.0434002549,750.8632605132,1163.4396466499,6006.0255928724,529.5352255424,454.9081964525,0.153677,7.98125,-0.660571,0.324688,-0.686542,-0.44511,-0.474463
1403636956.45335,-1921.93453,-517.587689,-190.907778,0.234728,-0.80217,0.292986,0.464313,0.0027822996,-0.000662842,-0.0008556101,0.0002150119,0.0001956873,0.0003846672,4633.0331025199,755.5326386104,1169.4966943024,6034.3264457464,531.7968540502,457.2674605482,0.134782,8.010494,-0.661853,0.320363,-0.683856,-0.447987,-0.478563
1403636956.55335,-1931.019618,-518.034725,-191.92929,0.239192,-0.797333,0.292933,0.470359,0.0028274232,-0.000635732,-0.0008295833,0.0001997849,0.0001782608,0.0003646501,4677.265583902,764.9479768378,1181.6869679102,6091.2195243199,536.3386350661,462.0156505987,0.096143,8.06939,-0.668577,0.320842,-0.677407,-0.45194,-0.483664
1403636956.70335,-1944.6815,-518.681605,-193.476483,0.241028,-0.787964,0.318362,0.468683,0.0028440756,-0.0007249246,-0.0007536121,0.0002416842,0.0001869116,0.0003209655,4744.2522275795,779.2689054334,1200.163689273,6177.2703468532,543.1958475343,469.2120783742,0.033166,8.154586,-0.689082,0.344926,-0.668971,-0.455436,-0.475484
1403636956.75335,-1949.245148,-518.889335,-193.99539,0.244547,-0.785453,0.328604,0.463983,0.0028362892,-0.0007576587,-0.0007422192,0.00025934,0.0001948162,0.0003160515,4766.7537648939,784.1015508769,1206.3755585662,6206.1480883091,545.4941120348,471.6313803543,0.011686,8.180926,-0.697626,0.353549,-0.66672,-0.459535,-0.468316
1403636956.80335,-1953.81485,-519.092411,-194.513888,0.249657,-0.782287,0.339095,0.459035,0.0028309081,-0.0007854002,-0.0007304607,0.0002748957,0.0002010938,0.0003108332,4789.3446699558,788.9667108554,1212.6156073429,6235.131240373,547.7994413334,474.0615721244,-0.00922,8.206151,-0.704755,0.362207,-0.663593,-0.465036,-0.460647
1403636957.05335,-1976.76039,-520.033752,-197.094323,0.307109,-0.752935,0.373626,0.446292,0.0029285622,-0.0007109709,-0.0006857962,0.000228974,0.0001737135,0.0002841017,4903.6592458331,813.80202927,1244.2497420044,6381.6803170084,559.4371290804,486.3804195353,-0.099553,8.313995,-0.70979,0.387029,-0.625975,-0.519123,-0.434637
1403636957.10335,-1981.368831,-520.208373,-197.607762,0.320682,-0.744924,0.379172,0.44551,0.0029595015,-0.0006757087,-0.0006734844,0.0002106754,0.0001625995,0.000276534,4926.796184876,818.8676858483,1250.6631412094,6411.3180468055,561.7866129239,488.8777023317,-0.115299,8.332826,-0.70445,0.390814,-0.61567,-0.531447,-0.43103
1403636957.15335,-1985.982978,-520.378707,-198.121183,0.334235,-0.737402,0.384102,0.443837,0.0029855716,-0.0006397454,-0.0006681367,0.0001936422,0.0001536198,0.0002725952,4950.0241249118,823.9653915695,1257.104856582,6441.0605852862,564.1429288963,491.385933384,-0.130789,8.350647,-0.698049,0.393784,-0.605849,-0.5438,-0.426814
1403636957.30335,-1999.860045,-520.865643,-199.662129,0.36231,-0.719461,0.399858,0.437288,0.003035098,-0.0005869769,-0.0006485016,0.0001713759,0.0001400636,0.0002607422,5020.2555881337,839.4459797726,1276.5996582278,6530.9226270609,571.2530130857,498.9763760853,-0.175655,8.39956,-0.673258,0.404786,-0.58359,-0.569666,-0.413602
1403636957.35335,-2004.496602,-521.020971,-200.179099,0.368636,-0.714947,0.404172,0.435436,0.0030471082,-0.0005776961,-0.0006425481,0.0001678784,0.0001375203,0.0002573919,5043.845462979,844.6650180927,1283.1530235605,6561.0852248399,573.6364750463,501.5280321879,-0.190108,8.414814,-0.66632,0.407925,-0.578165,-0.57551,-0.410014
1403636957.50335,-2018.436602,-521.467892,-201.746946,0.378627,-0.706555,0.415559,0.429805,0.0030672583,-0.0005845308,-0.00062657,0.0001712861,0.0001375119,0.0002493726,5115.1483643058,860.4925634257,1302.9755992636,6652.187813763,580.8260237356,509.2466881862,-0.23328,8.458012,-0.657606,0.416681,-0.568756,-0.585272,-0.400438
1403636957.55335,-2023.093311,-521.610768,-202.275028,0.380642,-0.704786,0.418719,0.427858,0.0030710237,-0.0005910831,-0.0006235753,0.0001741588,0.0001387829,0.000247926,5139.0946930584,865.8245372202,1309.6373314032,6682.7604674378,583.2354761944,511.8408106401,-0.247772,8.471817,-0.658642,0.419135,-0.56692,-0.58732,-0.397471
1403636957.65335,-2032.422093,-521.887394,-203.338965,0.385743,-0.699444,0.426449,0.424408,0.003083913,-0.0006009285,-0.0006086471,0.0001786304,0.0001388076,0.0002409641,5187.2576311345,876.5732377107,1323.0428491957,6744.2169402992,588.0739762798,517.0612053263,-0.276825,8.498637,-0.666168,0.42532,-0.561254,-0.592282,-0.391535
1403636957.75335,-2041.77138,-522.151637,-204.413061,0.393832,-0.692068,0.436627,0.418682,0.0030963685,-0.0006107971,-0.0005940062,0.0001836257,0.0001393628,0.000233937,5235.7833020342,887.4364330194,1336.5585724902,6806.0898795636,592.9386539485,522.3247596147,-0.306076,8.52385,-0.680834,0.433091,-0.553389,-0.59993,-0.382465
1403636957.80335,-2046.453809,-522.279296,-204.953215,0.400335,-0.686865,0.443386,0.413953,0.0031020206,-0.0006149301,-0.0005885556,0.0001862079,0.0001402508,0.0002309255,5260.1835148321,892.9105035554,1343.3579829745,6837.183556298,595.3807538474,524.9727776453,-0.320939,8.535999,-0.690155,0.437976,-0.547782,-0.605842,-0.375594
1403636957.85335,-2051.141706,-522.403449,-205.495103,0.407885,-0.680269,0.451199,0.409004,0.0031104631,-0.0006168165,-0.0005787637,0.0001879995,0.0001398437,0.0002259227,5284.6764274799,898.415145746,1350.1858808837,6868.384319203,597.829655113,527.6319277578,-0.335664,8.547586,-0.700343,0.443781,-0.540691,-0.612676,-0.367917
1403636957.90335,-2055.835183,-522.524452,-206.038473,0.416895,-0.672307,0.459313,0.404021,0.0031224034,-0.0006117439,-0.000567667,0.0001870709,0.0001378118,0.0002201522,5309.2624388957,903.9491190519,1357.0421670646,6899.6931656801,600.2853343023,530.3021747947,-0.350301,8.558714,-0.711304,0.449749,-0.531944,-0.620632,-0.359976
1403636958.00335,-2065.240436,-522.753848,-207.125371,0.437038,-0.653325,0.476216,0.394184,0.0031534022,-0.0005884591,-0.0005401029,0.0001805362,0.0001302664,0.0002062061,5358.7221071368,915.1181923339,1370.8446682769,6962.646256719,605.2183792944,535.6776389377,-0.377985,8.57862,-0.730488,0.462189,-0.511078,-0.638121,-0.343494
1403636958.05335,-2069.953129,-522.863214,-207.667539,0.447126,-0.643783,0.484518,0.388411,0.0031665718,-0.0005779828,-0.0005300215,0.0001781827,0.0001275565,0.0002006657,5383.5974052304,920.7499594685,1377.7910371618,6994.2976310698,607.6960901439,538.3829526987,-0.390925,8.588668,-0.737382,0.468075,-0.50071,-0.646821,-0.334401
1403636958.10335,-2074.154084,-522.682925,-208.107579,0.457484,-0.633775,0.490973,0.384684,0.0031850596,-0.0005526355,-0.0005195225,0.000170314,0.0001219633,0.000194954,5408.3828433493,926.3100320441,1384.7312587216,7026.0108897122,610.1613007949,541.0930095364,-0.403114,8.598998,-0.742255,0.472747,-0.489215,-0.655755,-0.327368
1403636958.25335,-2088.351951,-522.976577,-209.722774,0.481683,-0.609288,0.507859,0.372597,0.0032240148,-0.0005058533,-0.0005003737,0.0001586812,0.0001125337,0.0001835595,5484.1962536806,944.4745784504,1405.7888002402,7117.8482331004,617.2768699564,549.2197228742,-0.434825,8.631992,-0.743289,0.48434,-0.462123,-0.67613,-0.307748
1403636958.35335,-2097.85071,-523.151699,-210.793616,0.495897,-0.593894,0.516246,0.367241,0.0032518764,-0.000463907,-0.0004884831,0.00014832,0.0001045522,0.0001767205,5535.0378270957,956.1079767048,1420.0202637992,7182.4195579997,622.312628731,554.7616253084,-0.452057,8.653013,-0.732693,0.490089,-0.44494,-0.687774,-0.298034
1403636958.45335,-2107.376853,-523.310996,-211.861781,0.507164,-0.582289,0.520498,0.364426,0.0032758051,-0.0004192091,-0.0004866227,0.0001378025,9.75772e-05,0.0001740071,5586.2778101999,967.8779038643,1434.3767991544,7247.4705646289,627.3794520545,560.3523758401,-0.466,8.674379,-0.715002,0.492581,-0.431471,-0.696972,-0.29228
1403636958.55335,-2116.927091,-523.456572,-212.935597,0.514766,-0.575345,0.522237,0.362302,0.0032918253,-0.0003887112,-0.0004937794,0.000131481,9.39146e-05,0.0001750378,5637.9068780232,979.7761731882,1448.8537766671,7312.9813827337,632.4755194074,565.9904329534,-0.477933,8.69568,-0.698705,0.492985,-0.423067,-0.703356,-0.288567
1403636958.60335,-2121.710616,-523.52497,-213.47572,0.516237,-0.5731,0.52366,0.361712,0.0032992572,-0.0003844186,-0.000489954,0.000130947,9.2811e-05,0.0001735136,5663.8663028864,985.7705249041,1456.1364197103,7345.9053798765,635.0340039573,568.8268282868,-0.483757,8.706726,-0.692424,0.4941,-0.420609,-0.704595,-0.287226
1403636958.80335,-2140.901982,-523.769763,-215.654146,0.518264,-0.569776,0.524575,0.362738,0.0033252806,-0.0003686269,-0.0004846018,0.0001281441,8.97149e-05,0.0001718391,5768.6818159254,1010.0501835525,1485.5646433239,7478.740221768,645.3381499482,580.2893818605,-0.505986,8.753442,-0.675614,0.494741,-0.416223,-0.706727,-0.287274
1403636958.85335,-2145.713469,-523.823983,-216.203595,0.518045,-0.570331,0.524268,0.362622,0.0033289123,-0.0003707025,-0.0004877315,0.0001287382,9.0402e-05,0.0001730112,5795.131111,1016.1950328889,1492.995887838,7512.2298145675,647.9312076256,583.1841270103,-0.51184,8.765513,-0.673829,0.49452,-0.416657,-0.706649,-0.287217
1403636958.90335,-2150.530526,-523.87532,-216.755363,0.518439,-0.571039,0.522492,0.363509,0.0033333798,-0.0003629697,-0.0004955708,0.0001269408,9.00852e-05,0.0001757454,5821.6788124417,1022.3704883721,1500.4570895091,7545.8334385019,650.5312674212,586.0906639556,-0.517547,8.777732,-0.673497,0.492791,-0.41698,-0.70719,-0.288387
1403636959.00335,-2160.18074,-523.969831,-217.865164,0.517219,-0.572588,0.52061,0.365503,0.0033437413,-0.0003587989,-0.0004982894,0.0001258767,8.96471e-05,0.000177273,5875.0714517979,1034.8113729449,1515.4690684226,7613.3785218713,655.751645354,591.9388815086,-0.529472,8.802865,-0.676478,0.491292,-0.418123,-0.706535,-0.290884
1403636959.15335,-2174.694725,-524.090262,-219.547671,0.514772,-0.576876,0.518784,0.364812,0.0033499297,-0.00037684,-0.000513488,0.0001300532,9.42479e-05,0.0001831826,5955.9058273634,1053.7023369238,1538.2117531073,7715.5329356516,663.6321603745,600.7993228667,-0.548897,8.840417,-0.69273,0.489226,-0.42235,-0.705341,-0.291158
1403636959.20335,-2179.543172,-524.12514,-220.112634,0.514041,-0.577649,0.518044,0.36567,0.0033550012,-0.0003762692,-0.0005141786,0.0001298665,9.4182e-05,0.0001837319,5983.0514127009,1060.0592164288,1545.8528077642,7749.8094846671,666.2722303634,603.7763666705,-0.556001,8.853194,-0.700817,0.488705,-0.422996,-0.704893,-0.292176
1403636959.25335,-2184.396893,-524.157148,-220.679563,0.513534,-0.577944,0.517117,0.367225,0.0033620273,-0.0003704393,-0.0005127912,0.0001284318,9.30016e-05,0.0001835791,6010.2980657814,1066.4471744561,1553.5243454461,7784.1994397703,668.9190187364,606.7653467795,-0.563269,8.865917,-0.710114,0.488136,-0.423026,-0.704547,-0.293914
1403636959.30335,-2189.255921,-524.186428,-221.248421,0.513969,-0.577653,0.514655,0.370517,0.0033722249,-0.0003484443,-0.0005129321,0.0001233191,8.93649e-05,0.0001839383,6037.646201422,1072.8657338062,1561.2263812613,7818.7033176213,671.5725108003,609.7662700376,-0.570837,8.878772,-0.720608,0.486416,-0.422069,-0.704863,-0.297367
1403636959.35335,-2194.11991,-524.21297,-221.819199,0.51498,-0.577032,0.512016,0.373723,0.0033822018,-0.0003232071,-0.0005147956,0.0001179434,8.5426e-05,0.0001847882,6065.0961910893,1079.3149051857,1568.9587965538,7853.3184633769,674.2324076132,612.7790460684,-0.578783,8.891358,-0.732445,0.484321,-0.420534,-0.705704,-0.300942
1403636959.50335,-2208.740073,-524.27505,-223.543445,0.512848,-0.576007,0.510456,0.380312,0.0034097383,-0.0002987642,-0.0004920568,0.0001130922,7.91812e-05,0.0001784842,6148.0613092248,1098.8511710104,1592.339256941,7957.8209178044,682.2495170864,621.8886580002,-0.607017,8.927429,-0.776243,0.484175,-0.418634,-0.70409,-0.307534
1403636959.55335,-2213.622896,-524.289139,-224.120338,0.508894,-0.576276,0.514228,0.380135,0.0034168476,-0.0003261992,-0.0004676246,0.0001184485,8.08318e-05,0.0001714832,6175.9256015836,1105.4296272497,1600.1952379824,7992.8743442684,684.9342786813,624.9493567436,-0.618072,8.938296,-0.791754,0.488163,-0.419808,-0.70098,-0.30674
1403636959.60335,-2218.511168,-524.299814,-224.697017,0.504766,-0.576623,0.518107,0.379846,0.0034229098,-0.0003552399,-0.0004426603,0.0001245859,8.22503e-05,0.0001647469,6203.8970087472,1112.0421604675,1608.0834977049,8028.0434637983,687.6256972728,628.0225232456,-0.62954,8.948661,-0.806348,0.492344,-0.42114,-0.697683,-0.305739
1403636959.65335,-2223.405316,-524.30664,-225.273424,0.503296,-0.577323,0.519176,0.379273,0.0034262443,-0.0003681908,-0.0004386022,0.0001275713,8.35634e-05,0.0001638907,6231.976352607,1118.6909344835,1616.0048667266,8063.3322324233,690.3242615209,631.1085177401,-0.641067,8.95852,-0.819665,0.493356,-0.42213,-0.696668,-0.305059
1403636959.80335,-2238.124473,-524.30683,-226.995149,0.502464,-0.58235,0.517543,0.374897,0.0034248584,-0.0003974506,-0.0004730335,0.0001348385,9.18321e-05,0.0001744303,6316.8717943997,1138.8440619524,1639.9682297452,8169.9291980247,698.4623837969,640.4434652785,-0.677225,8.988199,-0.846307,0.490582,-0.42722,-0.696955,-0.301771
1403636959.90335,-2247.967689,-524.286692,-228.138312,0.502116,-0.584812,0.516177,0.373411,0.0034274084,-0.0004074164,-0.0004905396,0.0001375031,9.55045e-05,0.000180192,6374.0211079728,1152.4676566308,1656.1138884632,8241.6056179898,703.9241906027,646.7324985559,-0.701202,9.00529,-0.853548,0.488659,-0.429582,-0.697268,-0.300815
1403636959.95335,-2252.898483,-524.270439,-228.709089,0.50216,-0.585505,0.515631,0.373019,0.0034301903,-0.0004092399,-0.0004968321,0.0001380886,9.65781e-05,0.0001823214,6402.7621432739,1159.3368633596,1664.2381606724,8277.6290772885,706.6661910256,649.8969416048,-0.712929,9.012885,-0.854427,0.487924,-0.43013,-0.697549,-0.300573
1403636960.00335,-2257.835477,-524.250616,-229.278881,0.501458,-0.586167,0.515894,0.372561,0.0034332263,-0.0004164413,-0.0004978216,0.0001400238,9.7806e-05,0.0001828517,6431.6145469167,1166.2420676166,1672.396448071,8313.7769701141,709.4154549249,653.0745496953,-0.724742,9.020427,-0.853258,0.488075,-0.430841,-0.697185,-0.300153
1403636960.10335,-2267.727459,-524.202079,-230.418921,0.500725,-0.586281,0.51604,0.373165,0.003444086,-0.0004182148,-0.0004950278,0.0001406742,9.76672e-05,0.000182358,6489.6489761712,1180.1529491732,1688.8126551264,8386.4437486403,714.9353573447,659.4685339037,-0.748778,9.036179,-0.84723,0.488214,-0.430886,-0.696899,-0.300526
1403636960.35335,-2292.554673,-524.028548,-233.290675,0.507414,-0.581461,0.505791,0.385499,0.0034932321,-0.0003020406,-0.0005046577,0.000115467,8.07377e-05,0.000186063,6636.6487874059,1215.5204797156,1730.4304351002,8570.2311357075,728.8564624564,675.6785726135,-0.812583,9.075304,-0.834918,0.479985,-0.422061,-0.702316,-0.313419
1403636960.40335,-2297.534928,-523.985307,-233.870738,0.506692,-0.580013,0.506269,0.387995,0.0035049945,-0.0002927422,-0.0004887259,0.0001138769,7.78615e-05,0.0001814372,6666.3765234112,1222.6934257065,1738.8516436874,8607.3389243207,731.6600643019,678.9585808772,-0.827142,9.082707,-0.835708,0.48104,-0.420293,-0.701677,-0.315602
1403636960.45335,-2302.51943,-523.938871,-234.452394,0.506392,-0.577432,0.507779,0.390257,0.0035180385,-0.0002828439,-0.0004677889,0.0001124441,7.4638e-05,0.0001753744,6696.215343259,1229.900982114,1747.3055949775,8644.5576946421,734.4695068867,682.2511991059,-0.842884,9.089482,-0.837541,0.483038,-0.417641,-0.701242,-0.317034
1403636960.50335,-2307.508352,-523.888975,-235.035555,0.506889,-0.574144,0.509546,0.392155,0.0035309548,-0.0002700764,-0.0004476553,0.0001107786,7.12965e-05,0.0001696734,6726.1657276624,1237.1444853617,1755.7927601149,8681.8892656853,737.2850282112,685.5566249576,-0.859569,9.095484,-0.840247,0.4852,-0.41403,-0.701452,-0.318004
1403636960.55335,-2312.501477,-523.835436,-235.620445,0.507992,-0.570625,0.511149,0.393773,0.0035431246,-0.0002547819,-0.0004303924,0.0001089195,6.80558e-05,0.0001649147,6756.2280645561,1244.4248169316,1764.3132504956,8719.3319943228,740.1065061512,688.8748805229,-0.877262,9.100447,-0.844126,0.487018,-0.410137,-0.702197,-0.318622
1403636960.65335,-2322.500788,-523.717136,-236.795302,0.509573,-0.564786,0.51531,0.394726,0.0035626059,-0.0002416192,-0.0004015459,0.0001081544,6.45696e-05,0.0001573081,6816.6906157527,1259.0979763051,1781.4552799778,8794.5559008331,745.7678282405,695.5503338557,-0.915358,9.107059,-0.855082,0.491124,-0.403847,-0.703359,-0.31779
1403636960.70335,-2327.507112,-523.652377,-237.38558,0.508712,-0.56458,0.519611,0.390469,0.0035636411,-0.0002748626,-0.0003974145,0.000113967,6.83492e-05,0.0001560191,6847.0912937943,1266.4911543196,1790.0770839719,8832.3389310623,748.6078526759,698.9076702262,-0.935644,9.108701,-0.862456,0.494314,-0.404402,-0.703045,-0.312798
1403636960.75335,-2332.518066,-523.583557,-237.977882,0.50818,-0.565542,0.523594,0.384401,0.0035596824,-0.0003164728,-0.0004049249,0.0001220303,7.41423e-05,0.0001574778,6877.6053092959,1273.9237761189,1798.7332959631,8870.2381632327,751.4544150181,702.2783243715,-0.956438,9.109002,-0.871119,0.496791,-0.406345,-0.703118,-0.306118
1403636960.80335,-2337.533982,-523.510834,-238.57197,0.509301,-0.565446,0.527077,0.37825,0.0035557684,-0.0003475846,-0.0004168157,0.0001291356,7.934e-05,0.0001598548,6908.2333736403,1281.3954088547,1807.4241755261,8908.2567402467,754.3077253492,705.6624209343,-0.977645,9.108282,-0.880769,0.498627,-0.406871,-0.704429,-0.299346
1403636960.85335,-2342.555011,-523.4345,-239.167475,0.511561,-0.563209,0.531301,0.372586,0.0035552746,-0.0003685942,-0.0004215464,0.0001348535,8.27121e-05,0.0001602053,6938.9760973052,1288.9048779881,1816.1497101775,8946.3960961054,757.167766822,709.0599500133,-0.999371,9.10687,-0.891113,0.501065,-0.405139,-0.70658,-0.292478
1403636960.90335,-2347.581471,-523.354509,-239.764121,0.515789,-0.558981,0.53528,0.367393,0.0035580276,-0.0003739462,-0.0004265638,0.0001375648,8.41828e-05,0.0001603213,6969.8343206103,1296.4526601616,1824.910357642,8984.6593236907,760.0348020058,712.4711093479,-1.021442,9.104912,-0.901791,0.503285,-0.400922,-0.710158,-0.285734
1403636960.95335,-2352.613714,-523.27047,-240.360971,0.521196,-0.552928,0.539559,0.362632,0.0035640643,-0.0003688086,-0.0004279129,0.0001381998,8.38806e-05,0.0001592359,7000.8104145036,1304.0408238634,1833.7071400849,9023.0494011438,762.9090795411,715.8962546195,-1.043681,9.102261,-0.91176,0.505787,-0.394602,-0.714523,-0.279156
1403636961.05335,-2362.696328,-523.091075,-241.552698,0.533915,-0.534994,0.549985,0.355293,0.0035877707,-0.0003300135,-0.0004073298,0.000134319,7.71371e-05,0.0001505975,7063.1200772816,1319.3350910401,1851.4097224229,9100.2174031282,768.6794479293,722.7886668855,-1.088981,9.096071,-0.926978,0.513215,-0.375735,-0.724119,-0.266625
1403636961.10335,-2367.74688,-522.995137,-242.147984,0.540283,-0.525757,0.555891,0.350227,0.0035975762,-0.0003170527,-0.000398599,0.0001341182,7.4729e-05,0.0001465923,7094.4546453591,1327.0443678502,1860.3164629208,9138.9978296491,771.5759570432,726.256343554,-1.111559,9.092142,-0.932476,0.517263,-0.366265,-0.728902,-0.258832
1403636961.25335,-2382.937607,-522.682051,-243.931407,0.560523,-0.495951,0.572941,0.334043,0.0036261574,-0.0002679271,-0.000379289,0.0001328171,6.66918e-05,0.0001361295,7189.1829657813,1350.4253448714,1887.2619315798,9256.1482801098,780.3129734554,736.7468717241,-1.177003,9.077773,-0.939851,0.528548,-0.33553,-0.743737,-0.234345
1403636961.30335,-2388.014443,-522.570367,-244.524299,0.567482,-0.48581,0.576713,0.330689,0.0036369283,-0.000235401,-0.0003759327,0.0001301559,6.24783e-05,0.0001336321,7221.0018113958,1358.2987613015,1896.3183746244,9295.4711289817,783.2409472385,740.2726956274,-1.198475,9.073282,-0.938677,0.530933,-0.324686,-0.748676,-0.228423
1403636961.50335,-2408.390447,-522.081205,-246.887524,0.584365,-0.457319,0.589952,0.318329,0.0036692075,-0.0001715503,-0.0003578451,0.0001289212,5.30225e-05,0.0001250561,7349.510150029,1390.2245273551,1932.9290797436,9454.1578922976,795.035150583,754.5256803115,-1.278091,9.052859,-0.913779,0.539607,-0.294932,-0.760442,-0.208732
1403636961.55335,-2413.500931,-521.948899,-247.476461,0.587638,-0.451442,0.592796,0.315397,0.003676132,-0.0001608005,-0.0003545467,0.0001292289,5.13373e-05,0.0001234468,7381.9465657798,1398.3116061279,1942.1773918101,9494.1739402121,798.0035269383,758.1260496683,-1.297157,9.047338,-0.902896,0.54149,-0.28893,-0.762612,-0.204304
1403636961.60335,-2418.617954,-521.812252,-248.064769,0.591039,-0.445334,0.595947,0.311767,0.0036825762,-0.0001527293,-0.0003521044,0.0001299229,4.98953e-05,0.0001219337,7414.5078399298,1406.4428670524,1951.4645321531,9534.3280201845,800.9799107575,761.7414850334,-1.315816,9.041399,-0.890251,0.543417,-0.282739,-0.764928,-0.199107
1403636961.65335,-2423.741414,-521.671577,-248.652841,0.594355,-0.438857,0.59949,0.307827,0.0036892532,-0.0001458839,-0.0003477432,0.0001308121,4.84259e-05,0.0001199946,7447.1934122298,1414.6169393745,1960.790107253,9574.6197395716,803.964198397,765.3718591163,-1.334086,9.035117,-0.876225,0.54572,-0.276352,-0.767092,-0.193369
1403636961.70335,-2428.871289,-521.52743,-249.239609,0.59775,-0.431689,0.602795,0.304923,0.0036971328,-0.0001306271,-0.0003403269,0.0001310311,4.60258e-05,0.0001175241,7480.0048836415,1422.8311851218,1970.1538673362,9615.0486026507,806.9559830169,769.0169846831,-1.352604,9.029065,-0.859898,0.548051,-0.269041,-0.769188,-0.188699
1403636961.90335,-2449.4518,-520.912647,-251.600118,0.614698,-0.40018,0.613479,0.292653,0.0037234143,-4.43946e-05,-0.0003350454,0.0001324846,3.46606e-05,0.0001123066,7612.4780850636,1456.1106006893,2007.9882532937,9778.1276131751,819.0017438827,783.745892658,-1.422307,9.001823,-0.796472,0.554337,-0.23645,-0.779847,-0.169242
1403636962.00335,-2459.775379,-520.584052,-252.795085,0.623255,-0.382968,0.619985,0.283736,0.0037345612,-1.09748e-05,-0.000334355,0.0001349845,2.942e-05,0.000109917,7679.4443988815,1472.9963082209,2027.1286747634,9860.4613993596,825.0694406343,791.1978361128,-1.456351,8.986262,-0.773525,0.558154,-0.219081,-0.784864,-0.156434
1403636962.20335,-2480.492749,-519.882464,-255.206461,0.641666,-0.345931,0.631174,0.264983,0.0037515224,6.95107e-05,-0.0003490578,0.0001419031,1.65961e-05,0.0001085482,7814.8675215702,1507.2767902989,2065.8676720987,10026.7611642349,837.2973196087,806.2810738266,-1.521099,8.950823,-0.736503,0.563501,-0.18175,-0.795375,-0.129668
1403636962.30335,-2490.88904,-519.507892,-256.412161,0.649774,-0.324403,0.637472,0.257266,0.0037604213,0.0001265681,-0.000341179,0.0001475038,8.4155e-06,0.0001052838,7883.3508286355,1524.6822752269,2085.4746655101,10110.751377088,843.4583580591,813.9150134353,-1.552068,8.931104,-0.711239,0.567531,-0.16016,-0.799042,-0.117449
1403636962.35335,-2496.096642,-519.314067,-257.015162,0.653806,-0.314236,0.640682,0.251634,0.0037640234,0.0001435526,-0.0003431498,0.0001499736,5.085e-06,0.0001048224,7917.7875713125,1533.4549640179,2095.338705008,10152.9584827038,846.5509456219,817.7555253052,-1.566826,8.920243,-0.696871,0.569154,-0.150276,-0.800909,-0.109684
1403636962.40335,-2501.310453,-519.11634,-257.617205,0.657841,-0.303054,0.643631,0.247267,0.0037669998,0.0001718525,-0.000342047,0.0001535399,7.914e-07,0.0001038858,7952.3561142438,1542.2720199218,2105.2429150991,10195.3058267352,849.6511248486,821.6115546838,-1.581705,8.909112,-0.680454,0.570862,-0.139118,-0.802587,-0.103056
1403636962.50335,-2511.757118,-518.708607,-258.820096,0.66667,-0.280093,0.64765,0.240101,0.0037676705,0.0002441526,-0.0003497422,0.0001637473,-9.857e-06,0.0001042001,8021.8885815552,1560.0433293896,2125.1730270173,10280.4278476712,855.875257205,829.3708265248,-1.610769,8.885828,-0.642777,0.572794,-0.11587,-0.806293,-0.091533
1403636962.55335,-2516.989678,-518.498461,-259.421754,0.671487,-0.267499,0.648917,0.237606,0.0037644139,0.0002926262,-0.0003561129,0.0001717828,-1.67593e-05,0.0001050033,8056.8520920205,1568.9985344028,2135.1988940015,10323.2007967358,858.9991563266,833.274086466,-1.624896,8.873432,-0.622388,0.573278,-0.1029,-0.808233,-0.086873
1403636962.60335,-2522.228026,-518.284079,-260.024547,0.676293,-0.254889,0.64985,0.235277,0.0037591248,0.0003423017,-0.0003645985,0.000181291,-2.41781e-05,0.0001063557,8091.9461794135,1578.0004883872,2145.2649998475,10366.1123856606,862.1308111853,837.193013385,-1.63876,8.860378,-0.601785,0.573506,-0.089869,-0.810087,-0.082337
1403636962.65335,-2527.472152,-518.065825,-260.629611,0.680411,-0.242852,0.650698,0.233786,0.0037529117,0.0003924536,-0.0003698393,0.0001921945,-3.14076e-05,0.0001072237,8127.1688141922,1587.0476668141,2155.3707471047,10409.1635107195,865.2703770783,841.1274909147,-1.652233,8.84682,-0.582314,0.573853,-0.07732,-0.811482,-0.07884
1403636962.70335,-2532.721853,-517.843439,-261.237076,0.684073,-0.231419,0.651154,0.233425,0.003744775,0.0004454403,-0.0003736527,0.0002051587,-3.87482e-05,0.0001079412,8162.5207654401,1596.1414679013,2165.5163977176,10452.3524563611,868.4177480448,845.0775915772,-1.665331,8.832474,-0.564099,0.574108,-0.065372,-0.812566,-0.076595
1403636962.75335,-2537.97672,-517.616807,-261.847283,0.686665,-0.221921,0.651943,0.232835,0.0037390493,0.0004864007,-0.0003740941,0.0002163202,-4.42906e-05,0.0001080363,8198.0017124819,1605.2823566876,2175.7017282499,10495.6756949738,871.5726436318,849.0432028462,-1.678246,8.817006,-0.547486,0.574759,-0.055438,-0.813049,-0.074383
1403636962.80335,-2543.236889,-517.386066,-262.46066,0.68899,-0.215218,0.65239,0.231,0.0037364094,0.0005088339,-0.0003812746,0.0002229706,-4.86412e-05,0.0001095489,8233.6113186616,1614.4699924689,2185.9267315476,10539.1351323326,874.7352685075,853.0243831772,-1.690798,8.8006,-0.532923,0.574616,-0.048508,-0.813854,-0.071455
1403636962.85335,-2548.50212,-517.150924,-263.076575,0.690007,-0.20957,0.653554,0.229866,0.0037368482,0.0005272871,-0.0003782905,0.000228623,-5.09331e-05,0.0001089755,8269.3515586815,1623.7057806299,2196.1918377943,10582.728255862,877.9053173929,857.0211934632,-1.703277,8.782952,-0.519825,0.57551,-0.042795,-0.813733,-0.069257
1403636963.00335,-2564.329532,-516.418162,-264.940918,0.68603,-0.205153,0.663193,0.217829,0.0037787338,0.0004644103,-0.0003372485,0.0002114072,-4.05091e-05,0.0001008797,8377.3598245515,1651.7098696522,2227.2310202617,10714.3276905175,887.4620515787,869.1069683093,-1.738452,8.722364,-0.49044,0.582313,-0.040874,-0.810071,-0.055017
1403636963.10335,-2574.909912,-515.908237,-266.195464,0.678757,-0.204663,0.672028,0.213964,0.0038112516,0.0004232151,-0.0002667031,0.0002013794,-2.87927e-05,8.94578e-05,8450.0275252943,1670.6226716892,2248.1291167033,10802.7706581158,893.8736510706,877.2445965537,-1.75918,8.677725,-0.476709,0.590844,-0.042618,-0.804141,-0.049448
1403636963.15335,-2580.209301,-515.646954,-266.826904,0.677153,-0.205447,0.673784,0.212766,0.0038216868,0.0004086413,-0.0002540461,0.0001981672,-2.62644e-05,8.77724e-05,8486.560061584,1680.1526342389,2258.6403195604,10847.2125849148,897.0923170608,881.337910457,-1.768103,8.654458,-0.472177,0.592478,-0.043776,-0.802961,-0.048025
1403636963.25335,-2590.826609,-515.111703,-268.097874,0.678321,-0.21057,0.672184,0.209069,0.0038363013,0.0003703452,-0.0002830015,0.0001903321,-2.60729e-05,9.20967e-05,8560.0254826062,1699.3609044871,2279.7879470781,10936.5405261511,903.5554914627,889.5738762433,-1.783081,8.606118,-0.46764,0.589552,-0.048451,-0.80499,-0.045553
1403636963.40335,-2606.799915,-514.279376,-270.020638,0.679793,-0.221268,0.66971,0.201025,0.0038590757,0.0002850297,-0.0003343614,0.0001756848,-2.27382e-05,0.0001007474,8671.2341007913,1728.5349910111,2311.8235396355,11071.6574819967,913.3144681846,902.0514612735,-1.799685,8.531331,-0.468658,0.584303,-0.058886,-0.808424,-0.039673
1403636963.45335,-2612.13741,-513.994772,-270.665149,0.680149,-0.22323,0.668509,0.201645,0.0038631181,0.000282027,-0.0003440313,0.0001754114,-2.27768e-05,0.0001025966,8708.5754503255,1738.3533967505,2322.5861684793,11117.0022430915,916.584658334,906.2437622731,-1.803934,8.506501,-0.470347,0.583039,-0.0604,-0.809171,-0.04074
1403636963.50335,-2617.48208,-513.706272,-271.310687,0.680069,-0.224511,0.667472,0.203916,0.0038667497,0.0002901834,-0.0003463815,0.0001768447,-2.31832e-05,0.000103157,8746.0551497707,1748.2210128688,2333.3922269668,11162.5071511927,919.8641045157,910.4531792846,-1.807032,8.481808,-0.471755,0.582347,-0.06107,-0.809483,-0.043376
1403636963.55335,-2622.834023,-513.413606,-271.956517,0.679554,-0.225914,0.667063,0.205417,0.0038720444,0.0002919555,-0.0003451202,0.0001772916,-2.27928e-05,0.0001030463,8783.6756830918,1758.1394560056,2344.2425193942,11208.1732769342,923.1528267836,914.6799546151,-1.809218,8.457088,-0.472205,0.58223,-0.062165,-0.809392,-0.045029
1403636963.60335,-2628.193516,-513.116741,-272.602831,0.679404,-0.227201,0.666118,0.207548,0.0038759116,0.0002990999,-0.0003469083,0.0001785931,-2.30795e-05,0.0001035132,8821.4372798354,1768.1093754857,2355.1374432623,11254.0041854694,926.4512003708,918.9243052017,-1.809964,8.432348,-0.471647,0.581708,-0.062894,-0.809572,-0.047471
1403636963.65335,-2633.559576,-512.816153,-273.248956,0.679132,-0.228756,0.665323,0.209273,0.0038804294,0.0003024087,-0.0003484925,0.0001792867,-2.30091e-05,0.0001039434,8859.3408680306,1778.1274365399,2366.0758186397,11299.9894131399,929.7578540736,923.185554802,-1.810548,8.407537,-0.469852,0.581196,-0.063976,-0.80973,-0.049558
1403636963.70335,-2638.931726,-512.51209,-273.893627,0.678719,-0.230326,0.664629,0.211088,0.0038852042,0.0003057553,-0.0003486515,0.0001799841,-2.28145e-05,0.0001041187,8897.3890454379,1788.1918521195,2377.0573948385,11346.1234463674,933.0718810385,927.4633984259,-1.811906,8.38261,-0.465725,0.580846,-0.065095,-0.809759,-0.051688
1403636964.00335,-2671.310776,-510.598891,-277.751386,0.675023,-0.236836,0.664421,0.216329,0.0039213015,0.0002998312,-0.0003323286,0.0001800155,-1.88979e-05,0.000101992,9128.7303557395,1849.6667569004,2443.8938054167,11626.2893434712,953.1414985843,953.4989628393,-1.80878,8.224281,-0.403173,0.581468,-0.07036,-0.808461,-0.057757
1403636964.05335,-2676.73123,-510.265444,-278.393263,0.674419,-0.237435,0.664746,0.216555,0.0039277728,0.0002969168,-0.0003286803,0.0001797404,-1.81532e-05,0.0001014804,9167.7995506417,1860.0943195236,2455.1916506573,11673.5442049451,956.5170440517,957.8998550526,-1.806789,8.196622,-0.387105,0.581745,-0.070896,-0.808194,-0.05804
1403636964.10335,-2682.158625,-509.927728,-279.035557,0.674268,-0.237089,0.664788,0.217277,0.0039326595,0.0003022931,-0.0003264806,0.0001808,-1.83063e-05,0.0001012226,9207.0153894596,1870.5751259977,2466.535212819,11720.9620015519,959.9016755463,962.3186124821,-1.804108,8.168588,-0.369987,0.581922,-0.070307,-0.808073,-0.058666
1403636964.20335,-2693.032762,-509.240657,-280.325359,0.672633,-0.236149,0.666348,0.218586,0.0039454807,0.000308726,-0.0003076403,0.0001822444,-1.71085e-05,9.83411e-05,9285.8795650011,1891.6901563245,2489.3560962715,11816.2742149788,966.6971629817,971.2085940013,-1.797285,8.111979,-0.337056,0.583808,-0.069322,-0.806738,-0.059466
1403636964.25335,-2698.479056,-508.891373,-280.97467,0.672619,-0.23588,0.666482,0.21851,0.0039507415,0.000309483,-0.0003075679,0.0001825869,-1.71115e-05,9.84341e-05,9325.5251304577,1902.3242548511,2500.8326610741,11864.165683779,970.1079616169,975.6796413549,-1.792905,8.083179,-0.32318,0.583852,-0.068889,-0.806756,-0.059294
1403636964.30335,-2703.931444,-508.538286,-281.626898,0.673333,-0.234976,0.665614,0.219923,0.0039528794,0.0003242706,-0.0003121719,0.0001852732,-1.85488e-05,9.93096e-05,9365.3137041813,1913.0094316988,2512.3534134435,11912.2139533552,973.5273920386,980.1680872504,-1.788138,8.054143,-0.310931,0.583196,-0.067468,-0.807249,-0.06066
1403636964.50335,-2725.799801,-507.087527,-284.261023,0.673628,-0.230699,0.665953,0.222508,0.0039694195,0.00035902,-0.0003040562,0.0001924111,-2.04914e-05,9.84565e-05,9525.9164640206,1956.2638534137,2558.8806864165,12105.9571266252,987.2883445859,998.2959642752,-1.766173,7.93317,-0.276654,0.583818,-0.062242,-0.807091,-0.062348
1403636964.60335,-2736.769773,-506.337258,-285.591874,0.675723,-0.222339,0.665392,0.226314,0.0039672992,0.0004236529,-0.0003004851,0.0002063117,-2.57125e-05,9.80906e-05,9607.0999437821,1978.2124431585,2582.4161814958,12203.7695662837,994.2197281249,1007.4662933563,-1.752894,7.868742,-0.266765,0.584064,-0.052841,-0.807389,-0.064813
1403636964.70335,-2747.762554,-505.569208,-286.932038,0.679637,-0.210329,0.665625,0.225387,0.0039627689,0.0004807711,-0.0003098458,0.0002207021,-3.29384e-05,9.96221e-05,9688.8793841264,2000.3830885864,2606.1350412697,12302.2016552612,1001.1843545466,1016.7081439383,-1.738447,7.799785,-0.261905,0.583818,-0.040274,-0.808513,-0.061998
1403636964.75335,-2753.267562,-505.178529,-287.605596,0.681903,-0.202391,0.665879,0.22506,0.0039572693,0.0005191082,-0.000313414,0.0002312653,-3.75902e-05,0.000100244,9729.9937179016,2011.5521658306,2618.0636197746,12351.6518367291,1004.6792509763,1021.3560520822,-1.730752,7.763735,-0.261355,0.583889,-0.03202,-0.808955,-0.060354
1403636964.85335,-2764.295002,-504.382088,-288.958352,0.685454,-0.185337,0.66955,0.21796,0.0039562209,0.0005593614,-0.0003141285,0.0002434674,-4.40266e-05,0.0001004334,9812.6806792487,2034.0689647956,2642.0628289342,12451.0237666163,1011.6946965674,1030.707111745,-1.713934,7.686958,-0.262497,0.585741,-0.015564,-0.808791,-0.05027
1403636964.90335,-2769.81835,-503.975686,-289.635502,0.686,-0.176301,0.673729,0.210738,0.003964076,0.0005567055,-0.000304051,0.0002428112,-4.43181e-05,9.88979e-05,9854.2598039208,2045.4213567554,2654.1361411394,12500.9556447975,1015.2160164208,1035.4112187223,-1.704338,7.645919,-0.261881,0.588232,-0.00784,-0.80762,-0.040929
1403636965.00335,-2780.89361,-502.934669,-290.981632,0.688671,-0.154402,0.679922,0.198995,0.003966011,0.0005897468,-0.0002945376,0.0002529862,-4.9717e-05,9.79337e-05,9937.8938155438,2068.3293848156,2678.4332940481,12600.4762149986,1022.2606935545,1044.8767576851,-1.682009,7.559271,-0.255726,0.591898,0.012142,-0.805537,-0.024991
1403636965.05335,-2786.437316,-502.511963,-291.658373,0.690358,-0.145033,0.682738,0.19037,0.0039720771,0.000584728,-0.0003005351,0.0002512413,-5.24162e-05,9.92517e-05,9980.4213615087,2081.1113151736,2690.9632892454,12650.9973797361,1025.8813310693,1049.7509823163,-1.669376,7.513733,-0.250451,0.592683,0.02032,-0.805063,-0.014471
1403636965.10335,-2791.988471,-502.084638,-292.334573,0.69403,-0.135704,0.682352,0.185209,0.0039667204,0.0006044271,-0.0003271086,0.0002574487,-5.99791e-05,0.0001040342,10022.6421292211,2092.7156967124,2703.2374440555,12701.6098508434,1029.4403476921,1054.5329920049,-1.655799,7.467375,-0.243211,0.590917,0.029644,-0.806148,-0.008111
1403636965.15335,-2797.546692,-501.652652,-293.010571,0.697048,-0.128403,0.682448,0.17861,0.0039675366,0.0006048098,-0.0003519985,0.0002574175,-6.55923e-05,0.0001088827,10065.0227357891,2104.3799646134,2715.5613424618,12752.3957635106,1033.0087974698,1059.3343490983,-1.641358,7.420469,-0.234431,0.58925,0.036623,-0.807122,-0.000499
1403636965.20335,-2803.112079,-501.216193,-293.686405,0.70228,-0.12238,0.679502,0.173505,0.0039602359,0.0006124058,-0.0004027401,0.0002599476,-7.57994e-05,0.0001192906,10107.5634622325,2116.1033737115,2727.935012166,12803.3567268103,1036.5867391677,1064.1550899519,-1.626057,7.373119,-0.224129,0.584733,0.043175,-0.810062,0.004908
1403636965.25335,-2808.684243,-500.77531,-294.361799,0.708031,-0.117463,0.675538,0.168947,0.0039500865,0.0006185517,-0.0004610913,0.0002621484,-8.71378e-05,0.0001328822,10150.2649224835,2127.8853523043,2740.3581886862,12854.4886403681,1040.1736665286,1068.9950242642,-1.610214,7.325133,-0.212101,0.579182,0.04902,-0.813671,0.00933
1403636965.35335,-2819.847323,-499.881967,-295.713672,0.724448,-0.113122,0.660723,0.160694,0.0039076244,0.0006181619,-0.0006395412,0.0002632794,-0.0001184175,0.0001855334,10236.1442565234,2151.6146907244,2765.3491652229,12957.2498208205,1047.3726712348,1078.7310010112,-1.578251,7.227735,-0.185776,0.560646,0.056919,-0.825961,0.015158
1403636965.40335,-2825.437766,-499.429451,-296.38866,0.732554,-0.112607,0.652663,0.157213,0.0038805742,0.0006132491,-0.0007295783,0.0002625352,-0.0001334167,0.0002190052,10279.3264728576,2163.5618931945,2777.917373577,13008.8734603058,1050.9838223805,1083.6269491426,-1.563044,7.17813,-0.17024,0.550794,0.059425,-0.83236,0.017066
1403636965.45335,-2831.033733,-498.973173,-297.062097,0.738787,-0.11327,0.646485,0.153036,0.0038613619,0.0005955104,-0.0008014118,0.0002574011,-0.0001423348,0.0002490395,10322.6729816798,2175.5628848382,2790.5339963852,13060.654166901,1054.601947942,1088.5413313114,-1.548811,7.128002,-0.152303,0.54277,0.060127,-0.837495,0.019738
1403636965.60335,-2847.849255,-497.585938,-299.067623,0.733449,-0.11839,0.654756,0.139032,0.0039310575,0.0004794895,-0.0007637523,0.0002227229,-0.0001116236,0.0002311684,10453.7041233114,2211.8574754812,2828.665682701,13216.873995934,1065.4888341475,1103.3902311599,-1.521404,6.975584,-0.081439,0.547136,0.052257,-0.834715,0.03415
1403636965.65335,-2853.464071,-497.118114,-299.731045,0.72496,-0.119519,0.664683,0.135445,0.003981783,0.0004379288,-0.0006760075,0.0002119482,-9.23938e-05,0.000196959,10497.7124105168,2224.0493933196,2841.4701164475,13269.2459643525,1069.1287822889,1108.3751512205,-1.517234,6.92432,-0.05177,0.556912,0.0484,-0.828225,0.039414
1403636965.70335,-2859.084352,-496.647825,-300.395607,0.7172,-0.121872,0.673527,0.130895,0.0040256109,0.0003856482,-0.000597871,0.0002002765,-7.49255e-05,0.0001705529,10541.8790679886,2236.2885293659,2854.320916497,13321.7777527936,1072.7758204256,1113.378030171,-1.514027,6.873076,-0.022366,0.565352,0.043478,-0.822459,0.045284
1403636965.80335,-2870.342661,-495.701234,-301.732632,0.706504,-0.123742,0.684664,0.129518,0.0040755993,0.0003496029,-0.0004851986,0.0001933817,-5.85912e-05,0.0001389752,10630.6754444213,2260.9031907697,2880.1599288807,13427.3418390599,1080.0935634251,1123.4378461164,-1.508574,6.772879,0.031198,0.577127,0.03873,-0.81428,0.048712
1403636965.85335,-2875.981446,-495.224784,-302.405955,0.703799,-0.122062,0.686651,0.135196,0.004082106,0.0003878761,-0.0004505276,0.0002009032,-5.93427e-05,0.0001307011,10675.3047552005,2273.2809693981,2893.1491367166,13480.3846279475,1083.7654383624,1128.495395184,-1.505523,6.724454,0.054628,0.580767,0.040568,-0.811866,0.044042
1403636965.90335,-2881.62702,-494.745888,-303.082598,0.702527,-0.120515,0.687029,0.141149,0.0040829452,0.0004297634,-0.0004318269,0.0002100254,-6.15443e-05,0.0001264869,10720.0893249973,2285.7084720143,2906.1858296246,13533.6064561981,1087.446598176,1133.5718349161,-1.501818,6.67716,0.07584,0.582765,0.042828,-0.810596,0.038554
1403636966.00335,-2892.937712,-493.779568,-304.444723,0.701236,-0.118069,0.686653,0.151114,0.0040814568,0.0005006363,-0.0004103395,0.0002275991,-6.56509e-05,0.0001218836,10810.131644844,2310.7192672236,2932.4034259786,13640.5784568857,1094.8359385673,1143.7817235218,-1.493012,6.58418,0.112624,0.584838,0.046774,-0.809274,0.029206
1403636966.05335,-2898.602528,-493.291334,-305.129783,0.700655,-0.117216,0.686536,0.154955,0.0040816686,0.000527373,-0.0004014773,0.0002349384,-6.68555e-05,0.0001200675,10855.3930715716,2323.3073793148,2945.5855735694,13694.3257584239,1098.5439584561,1148.9155178948,-1.487991,6.537488,0.128698,0.585701,0.048234,-0.808686,0.025584
1403636966.10335,-2904.273769,-492.799559,-305.817743,0.699877,-0.117615,0.68689,0.156592,0.0040869394,0.0005343664,-0.0003935029,0.0002370244,-6.61243e-05,0.0001184455,10900.8153256758,2335.9520595286,2958.817103721,13748.2493867126,1102.2611504269,1154.0687726675,-1.482396,6.49057,0.143063,0.586453,0.04818,-0.808194,0.02397
1403636966.15335,-2909.951436,-492.304177,-306.50836,0.699107,-0.117648,0.687062,0.15923,0.0040901084,0.00054921,-0.0003845033,0.0002413729,-6.59456e-05,0.0001166648,10946.3996151243,2348.6538398023,2972.0983351366,13802.3497007922,1105.987487216,1159.2415794481,-1.476379,6.443513,0.155936,0.587208,0.048521,-0.807697,0.021422
1403636966.25335,-2921.326314,-491.302646,-307.899038,0.697423,-0.119206,0.688354,0.159874,0.004105881,0.0005432071,-0.0003696764,0.000239908,-6.27491e-05,0.0001138414,11038.0532956161,2374.2299041143,2998.8102855042,13911.086433519,1113.4683393138,1169.6462196633,-1.462378,6.349194,0.175837,0.58856,0.047063,-0.806814,0.020836
1403636966.30335,-2927.023343,-490.796623,-308.598724,0.697131,-0.119891,0.68833,0.160737,0.0041112762,0.0005450375,-0.0003679518,0.0002405831,-6.23694e-05,0.0001135197,11084.123993992,2387.1034491148,3012.2409939744,13965.7214233389,1117.2225287657,1174.8779790252,-1.454807,6.302238,0.183012,0.58867,0.046675,-0.806781,0.019827
1403636966.35335,-2932.726647,-490.286806,-309.301071,0.695745,-0.122189,0.689925,0.158152,0.0041266887,0.0005158384,-0.0003584267,0.0002326754,-5.82146e-05,0.0001117711,11130.3592958856,2400.0358429476,3025.7221089479,14020.5331517374,1120.9857774236,1180.1295235198,-1.446661,6.254845,0.188704,0.589585,0.044001,-0.806204,0.022132
1403636966.40335,-2938.436592,-489.773194,-310.006532,0.694345,-0.126977,0.692231,0.150261,0.0041510799,0.0004416717,-0.00035568,0.00021456,-5.12775e-05,0.0001112679,11176.758733937,2413.0278847433,3039.2540466653,14075.5269563077,1124.7586593921,1185.4011409793,-1.437772,6.208063,0.192159,0.589905,0.038089,-0.80604,0.029375
1403636966.50335,-2949.877373,-488.736811,-311.425142,0.690858,-0.137244,0.697182,0.133482,0.0041936883,0.0002805598,-0.0003449164,0.0001853724,-3.65636e-05,0.0001094563,11270.05011694,2439.1785493025,3066.4692504735,14186.0736754493,1132.3332777491,1196.0042361323,-1.417919,6.11735,0.194527,0.590531,0.025023,-0.80537,0.045034
1403636966.55335,-2955.608656,-488.215291,-312.138108,0.689767,-0.140588,0.698431,0.129035,0.004205756,0.0002341904,-0.0003419808,0.0001795957,-3.24383e-05,0.0001089938,11316.939926991,2452.3301863922,3080.1514438252,14241.6332099883,1136.1351062972,1201.3354261192,-1.407175,6.07469,0.193498,0.590665,0.020953,-0.805145,0.049174
1403636966.65335,-2967.093942,-487.166496,-313.571237,0.689278,-0.140633,0.697736,0.135214,0.0042131819,0.0002721993,-0.0003353014,0.0001850055,-3.4304e-05,0.0001078356,11411.2082085956,2478.7823512594,3107.6654735806,14353.3389391634,1143.7686122236,1212.0574798577,-1.383572,5.995386,0.187288,0.591279,0.021925,-0.805,0.043419
1403636966.70335,-2972.848016,-486.638555,-314.291354,0.690465,-0.139389,0.695599,0.141318,0.0042102565,0.0003194652,-0.0003442006,0.0001923303,-3.82809e-05,0.0001092748,11458.5897596873,2492.087509348,3121.4987505226,14409.487100475,1147.6006068967,1217.4488794528,-1.370357,5.957937,0.182327,0.59059,0.024683,-0.805737,0.037182
1403636966.80335,-2984.379702,-485.573564,-315.732224,0.689877,-0.137647,0.694691,0.150088,0.0042124287,0.0003823445,-0.0003316198,0.0002039001,-4.14661e-05,0.0001072071,11553.8694354432,2518.8688394955,3149.3244196186,14522.3819266904,1155.2950538666,1228.2942580762,-1.341344,5.885183,0.175451,0.591728,0.02805,-0.805138,0.028699
1403636966.85335,-2990.157472,-485.035818,-316.452632,0.689622,-0.138619,0.694738,0.150151,0.0042189456,0.0003776796,-0.0003314126,0.0002032293,-4.08278e-05,0.0001072018,11601.7716231063,2532.349993814,3163.3185429412,14579.1315340773,1159.1578680468,1233.7488587166,-1.325225,5.849163,0.174165,0.591651,0.027267,-0.805229,0.028489
1403636966.90335,-2995.943028,-484.494768,-317.172203,0.68901,-0.140145,0.695278,0.149039,0.0042278459,0.0003621078,-0.0003288312,0.0002005588,-3.91517e-05,0.0001068191,11649.8508146262,2545.8900504934,3177.3668630651,14636.0807954508,1163.030601546,1239.2246080462,-1.308519,5.813528,0.175035,0.591811,0.025703,-0.805132,0.029346
1403636966.95335,-3001.736488,-483.950369,-317.891531,0.688517,-0.142161,0.695932,0.146331,0.0042382001,0.0003342369,-0.0003293927,0.0001959232,-3.68974e-05,0.0001069572,11698.1065988661,2559.4898338488,3191.4695965386,14693.2321032832,1166.9135679332,1244.7216789071,-1.290991,5.778418,0.177571,0.591717,0.023387,-0.805179,0.031789
1403636967.00335,-3007.537681,-483.403089,-318.6114,0.688113,-0.14285,0.69612,0.146669,0.0042445233,0.0003323065,-0.0003268652,0.0001958283,-3.63114e-05,0.0001065932,11746.5359870758,2573.1465067736,3205.6256734068,14750.5845421503,1170.806661551,1250.2397540439,-1.272748,5.744212,0.180966,0.591921,0.022837,-0.805055,0.031525
1403636967.15335,-3024.984772,-481.744933,-320.785685,0.688442,-0.141164,0.694303,0.155123,0.0042500538,0.0003956123,-0.0003256727,0.0002079702,-4.02144e-05,0.0001065289,11892.8435617566,2614.4528360689,3248.4072187689,14923.8239462137,1182.5459594763,1266.9182578763,-1.213178,5.646383,0.184441,0.591914,0.026426,-0.805231,0.023301
1403636967.20335,-3030.814324,-481.186277,-321.516263,0.688493,-0.140915,0.693951,0.156691,0.0042533375,0.0004071259,-0.000325853,0.0002104717,-4.0902e-05,0.0001066159,11941.9538126911,2628.3369295908,3262.7724520755,14981.9584235021,1186.4787132811,1272.5192521239,-1.19182,5.614513,0.18238,0.591874,0.02721,-0.80528,0.021648
1403636967.25335,-3036.650781,-480.624436,-322.249559,0.6882,-0.141387,0.694073,0.157013,0.0042593673,0.0004064445,-0.0003241454,0.0002105318,-4.04746e-05,0.0001064028,11991.2361838723,2642.2803064388,3277.1906310383,15040.2875318738,1190.4213418363,1278.1411917162,-1.169671,5.582885,0.178888,0.591988,0.026852,-0.805215,0.021378
1403636967.35335,-3048.344948,-479.49079,-323.721951,0.687726,-0.140829,0.693846,0.160555,0.0042665087,0.0004311124,-0.0003175779,0.0002160475,-4.11972e-05,0.0001055089,12090.3268417777,2670.3484812143,3306.1886184161,15157.537104022,1198.3363839415,1289.448764853,-1.123414,5.520561,0.169912,0.592468,0.028241,-0.804899,0.017951
1403636967.40335,-3054.203335,-478.918362,-324.458932,0.687423,-0.140787,0.693838,0.161916,0.0042708349,0.000439544,-0.0003142034,0.0002180564,-4.12332e-05,0.0001050586,12140.1430491083,2684.4781332742,3320.7712428041,15216.4662245726,1202.309305743,1295.1353279194,-1.099126,5.489646,0.166691,0.592789,0.028594,-0.804676,0.016729
1403636967.50335,-3065.942931,-477.761689,-325.930996,0.686476,-0.141886,0.694598,0.161714,0.0042849422,0.0004311601,-0.0003073757,0.0002166152,-3.95426e-05,0.0001041735,12240.3304903461,2712.932993388,3350.1070586336,15334.9367045369,1210.285507019,1306.5748426744,-1.048943,5.427731,0.166336,0.593367,0.027652,-0.804281,0.016838
1403636967.55335,-3071.82495,-477.177551,-326.666049,0.68616,-0.141935,0.694512,0.163376,0.0042889673,0.0004410604,-0.000303855,0.0002189426,-3.96009e-05,0.0001037191,12290.7025078792,2727.2591403187,3364.861377008,15394.490022504,1214.2898288468,1312.3284066203,-1.022469,5.397136,0.169453,0.593645,0.027973,-0.804096,0.015299
1403636967.60335,-3077.715256,-476.589072,-327.401468,0.685706,-0.142209,0.694737,0.164086,0.0042946989,0.0004434392,-0.0002996752,0.0002196461,-3.91038e-05,0.0001031849,12341.2599808448,2741.6550896764,3379.6741480294,15454.2587651683,1218.3056083047,1318.1049714506,-0.99442,5.366459,0.173961,0.593946,0.027903,-0.803889,0.014528
1403636967.65335,-3083.612682,-475.996861,-328.138727,0.685647,-0.142528,0.6945,0.165055,0.0042992499,0.0004481949,-0.0003000014,0.0002208871,-3.92229e-05,0.0001032983,12391.9981875574,2756.1157515306,3394.5426858664,15514.2289903772,1222.3315698085,1323.9034710529,-0.965613,5.33571,0.178043,0.593862,0.027898,-0.803968,0.013596
1403636967.80335,-3101.341472,-474.200445,-330.377735,0.685023,-0.143661,0.694625,0.166135,0.0043164779,0.0004488132,-0.0002971333,0.0002215846,-3.83635e-05,0.0001031155,12545.2563430042,2799.8664000336,3439.4674248329,15695.2815861568,1234.4663862144,1341.4255168247,-0.876149,5.24288,0.169803,0.594017,0.027451,-0.803889,0.012315
1403636967.90335,-3113.191711,-472.986109,-331.895205,0.683983,-0.143711,0.695491,0.166754,0.0043288787,0.0004505578,-0.0002866516,0.0002223122,-3.70733e-05,0.0001018391,12648.2985439502,2829.3458908375,3469.6850548222,15816.949597285,1242.605328727,1353.2134821497,-0.812975,5.180103,0.144667,0.594939,0.027549,-0.803209,0.011975
1403636968.00335,-3125.068574,-471.757754,-333.425678,0.683325,-0.14395,0.696138,0.166544,0.0043417138,0.0004469159,-0.0002813826,0.0002218644,-3.60535e-05,0.0001013171,12752.0606914218,2859.0820954372,3500.1239740602,15939.4149034436,1250.7841736012,1365.0889052667,-0.74728,5.11619,0.110872,0.595401,0.027533,-0.802864,0.012211
1403636968.05335,-3131.017407,-471.138188,-334.194861,0.683314,-0.143783,0.696216,0.166405,0.0043472806,0.0004470628,-0.0002818712,0.0002220713,-3.60588e-05,0.000101484,12804.2156082742,2874.0482347789,3515.4278386928,16000.9530214626,1254.8889262197,1371.0599309452,-0.713333,5.08399,0.09182,0.595366,0.027889,-0.802875,0.012388
1403636968.10335,-3136.973546,-470.514911,-334.965809,0.681989,-0.144252,0.697858,0.16455,0.0043582946,0.0004297387,-0.000269267,0.000218533,-3.36638e-05,9.99538e-05,12856.5564459448,2889.0811467419,3530.7891657027,16062.6999944665,1259.0041828183,1377.0535852163,-0.67891,5.051664,0.071853,0.596516,0.026989,-0.802018,0.014378
1403636968.20335,-3148.909464,-469.257274,-336.511626,0.682223,-0.146012,0.697982,0.161473,0.0043739678,0.0004019563,-0.0002789411,0.0002133379,-3.27408e-05,0.000101389,12961.8017111492,2919.3501675139,3561.6874526627,16186.8454035049,1267.2680747163,1389.110229052,-0.60681,4.987544,0.032213,0.595688,0.025187,-0.802636,0.017243
1403636968.25335,-3154.89003,-468.62264,-337.283814,0.682718,-0.145936,0.697333,0.162251,0.0043774854,0.0004088306,-0.0002850339,0.0002148922,-3.36081e-05,0.0001022844,13014.7146407171,2934.5890100105,3577.2271233758,16249.2542487032,1271.4170965755,1395.1740723358,-0.569217,4.955887,0.015337,0.595083,0.02579,-0.803085,0.016291
1403636968.30335,-3160.879405,-467.983672,-338.055821,0.682979,-0.146422,0.697201,0.161278,0.0043839781,0.0004008907,-0.0002904756,0.0002135436,-3.35423e-05,0.0001031134,13067.8228112519,2949.9016600812,3592.828584433,16311.8938339551,1275.5782965198,1401.2622578643,-0.530267,4.924109,0.000124,0.594554,0.025384,-0.803471,0.017172
1403636968.40335,-3172.882912,-466.694269,-339.597662,0.683898,-0.147002,0.696215,0.161116,0.0043936725,0.0003995922,-0.0003042984,0.0002137157,-3.45033e-05,0.0001052138,13174.6265542318,2980.7355901095,3624.2136163596,16437.8439791261,1283.9340821865,1413.5098868492,-0.449875,4.86138,-0.023542,0.593201,0.025472,-0.804471,0.017031
1403636968.45335,-3178.896619,-466.044039,-340.367767,0.684254,-0.147725,0.695859,0.160482,0.0043996494,0.0003928887,-0.0003112159,0.0002126563,-3.45395e-05,0.0001062906,13228.3223434525,2996.2553359802,3639.9966445657,16501.1500672657,1288.1281165156,1419.6690667506,-0.408953,4.830414,-0.032466,0.592558,0.024965,-0.804951,0.017489
1403636968.55335,-3190.949108,-464.731848,-341.906512,0.683962,-0.14856,0.696135,0.159757,0.0044127241,0.000383604,-0.0003117176,0.0002113432,-3.36794e-05,0.0001065379,13336.3058611532,3027.5082981361,3671.7471215125,16628.4443647607,1296.5504519352,1432.0597473547,-0.324061,4.769165,-0.043881,0.592378,0.024332,-0.805089,0.018115
1403636968.70335,-3209.08528,-462.736473,-344.213631,0.684707,-0.145339,0.694029,0.168454,0.0044144812,0.0004597319,-0.0003118121,0.0002273094,-3.8377e-05,0.0001068444,13499.758082278,3074.9016079927,3719.8256242662,16821.029061728,1309.2627217851,1450.8226316961,-0.193498,4.677862,-0.048851,0.592226,0.029585,-0.805168,0.009866
1403636968.75335,-3215.145288,-462.06387,-344.985454,0.685209,-0.143965,0.693044,0.171617,0.004413207,0.000488994,-0.0003140922,0.0002341523,-4.05027e-05,0.0001072867,13554.6315589241,3090.8390317906,3735.9717063953,16885.6569810452,1313.5213105327,1457.1240222786,-0.148513,4.647196,-0.050324,0.591902,0.03175,-0.805355,0.006892
1403636968.80335,-3221.211741,-461.387579,-345.759629,0.685175,-0.143823,0.692827,0.172746,0.0044170243,0.0004973443,-0.0003136935,0.0002363065,-4.08498e-05,0.0001073241,13609.6982014462,3106.8451767495,3752.176515356,16950.490900145,1317.7896208326,1463.4484223222,-0.10326,4.616051,-0.052894,0.591972,0.032345,-0.80529,0.005658
1403636968.85335,-3227.285177,-460.707125,-346.535013,0.684926,-0.143818,0.692926,0.17334,0.0044222577,0.0005009455,-0.0003113056,0.0002373389,-4.06539e-05,0.0001070734,13664.9632205496,3122.9241460584,3768.4421501383,17015.5381848784,1322.0682079283,1469.7965780869,-0.057345,4.584335,-0.055352,0.592115,0.032541,-0.80518,0.005159
1403636968.90335,-3233.3661,-460.022262,-347.310861,0.684512,-0.146102,0.693738,0.169781,0.0044359025,0.0004651393,-0.0003139751,0.0002292622,-3.83128e-05,0.0001075272,13720.4300542266,3139.0785294256,3784.7701437258,17080.8060739342,1326.3576225212,1476.1690787446,-0.01054,4.55186,-0.056739,0.591939,0.029945,-0.805385,0.008284
1403636969.00335,-3245.54949,-458.640653,-348.860215,0.684292,-0.147758,0.694203,0.167314,0.0044521699,0.0004403133,-0.0003179998,0.000224306,-3.67527e-05,0.0001082902,13831.9770653019,3171.6020357092,3817.6118916638,17211.990464069,1334.9660703099,1488.9859307197,0.083169,4.485243,-0.053236,0.591525,0.028204,-0.805724,0.010588
1403636969.10335,-3257.763972,-457.242613,-350.4086,0.683818,-0.150663,0.695297,0.162034,0.0044728848,0.0003895364,-0.0003232652,0.0002147554,-3.34989e-05,0.0001092331,13944.3423005657,3204.4226563989,3850.7058422363,17344.079239199,1343.6181596321,1501.9011616836,0.179792,4.417161,-0.042462,0.591081,0.024811,-0.806082,0.015465
1403636969.30335,-3282.284473,-454.404185,-353.507726,0.696206,-0.156721,0.683013,0.155657,0.0044712508,0.0003483521,-0.0004926046,0.000208736,-4.36652e-05,0.0001412623,14171.5111985194,3270.9120917923,3917.6405820864,17610.9687551848,1361.0501291865,1528.0237407286,0.378185,4.282913,-0.005861,0.575309,0.022243,-0.817434,0.018082
1403636969.35335,-3288.433056,-453.686312,-354.281941,0.698981,-0.157482,0.680004,0.155628,0.0044679395,0.0003517231,-0.0005287891,0.0002095796,-4.68243e-05,0.0001498601,14228.8159373882,3287.7069547739,3934.5296708961,17678.2503306101,1365.433422591,1534.6149255659,0.427738,4.249775,0.007256,0.571791,0.022451,-0.819907,0.01742
1403636969.40335,-3294.5883,-452.965366,-355.055404,0.701206,-0.158116,0.677409,0.15629,0.0044652263,0.0003590972,-0.0005577221,0.0002110968,-4.98888e-05,0.0001571948,14286.3275870287,3304.5680225904,3951.4801701045,17745.7459725816,1369.8256041397,1541.2298038181,0.476344,4.216663,0.022292,0.568989,0.022794,-0.821871,0.016131
1403636969.55335,-3313.089485,-450.786827,-357.385086,0.704767,-0.160153,0.672963,0.1574,0.0044679101,0.0003666918,-0.0006080055,0.0002131759,-5.44198e-05,0.0001708933,14460.0636062304,3355.5271976247,4002.6858880076,17949.466311898,1383.0526043035,1561.2121863784,0.616346,4.118337,0.063854,0.564029,0.022671,-0.825328,0.013786
1403636969.60335,-3319.267831,-450.05557,-358.166334,0.705422,-0.161094,0.672057,0.157379,0.0044711042,0.0003638951,-0.000619231,0.0002129448,-5.47231e-05,0.0001740983,14518.372929137,3372.6379375466,4019.871478324,18017.7792489628,1387.4781461981,1567.9186058757,0.661082,4.085761,0.074744,0.562928,0.022146,-0.826099,0.01347
1403636969.70335,-3331.64133,-448.58528,-359.735765,0.704705,-0.162193,0.67244,0.157824,0.0044848389,0.0003601343,-0.000615078,0.0002127469,-5.33294e-05,0.0001729152,14635.5922910022,3407.0477482403,4054.4193718187,18155.0153134822,1396.3538695779,1581.4002725408,0.747438,4.020508,0.092001,0.563249,0.02135,-0.825909,0.013006
1403636969.80335,-3344.037324,-447.104519,-361.3135,0.70457,-0.162768,0.672255,0.158622,0.0044958372,0.0003629196,-0.0006165255,0.000213671,-5.33891e-05,0.0001733673,14753.6188120944,3441.7102790244,4089.2045210441,18293.0690606051,1405.2623515739,1594.974221473,0.829447,3.95505,0.104029,0.563113,0.021292,-0.826018,0.012071
1403636969.95335,-3362.673798,-444.864666,-363.695323,0.70313,-0.163636,0.673585,0.15848,0.0045185979,0.0003543505,-0.0006044001,0.0002128898,-5.06375e-05,0.0001699909,14932.1804287541,3494.1742058189,4141.8288896338,18501.6954337341,1418.6864377988,1615.5089039859,0.944013,3.857328,0.111863,0.564101,0.020672,-0.825355,0.01233
1403636970.00335,-3368.897156,-444.113011,-364.493205,0.700606,-0.16387,0.676391,0.157454,0.004534789,0.0003393376,-0.0005758236,0.0002106497,-4.62479e-05,0.0001622493,14992.1094757722,3511.7882145244,4159.4900193776,18571.6497699079,1423.177298768,1622.4002966851,0.979771,3.824574,0.111893,0.566782,0.019671,-0.823514,0.014018
1403636970.05335,-3375.126537,-443.358789,-365.292572,0.696469,-0.162717,0.68068,0.158521,0.004553723,0.000341484,-0.0005228468,0.0002111327,-4.22385e-05,0.0001490404,15052.2453126933,3529.4664855842,4177.2121043337,18641.8170633482,1427.6766971545,1629.3153938439,1.014495,3.791839,0.111261,0.571778,0.019992,-0.820045,0.014037
1403636970.10335,-3381.362134,-442.601836,-366.094249,0.693339,-0.161346,0.683837,0.160049,0.0045676388,0.0003507412,-0.0004813494,0.0002127751,-3.98775e-05,0.0001396875,15112.5869002701,3547.2111592939,4194.9955318898,18712.2012732391,1432.1852277971,1636.2545021918,1.048687,3.75905,0.109228,0.575592,0.020811,-0.817359,0.013608
1403636970.15335,-3387.604279,-441.841864,-366.897647,0.689931,-0.160173,0.687208,0.161505,0.0045816267,0.0003577687,-0.0004369428,0.0002140837,-3.68841e-05,0.0001305906,15173.1376208657,3565.0250097391,4212.84167878,18782.8075924094,1436.7032871581,1643.2181245467,1.082568,3.726172,0.106531,0.579749,0.021475,-0.814408,0.013052
1403636970.20335,-3393.853317,-441.078836,-367.702809,0.687718,-0.159798,0.689481,0.161629,0.0045931976,0.0003547275,-0.0004098034,0.0002137803,-3.43248e-05,0.000125522,15233.8983962267,3582.9092211911,4230.7512706149,18853.6417121618,1441.2313788521,1650.206621499,1.116439,3.693364,0.103182,0.582169,0.021382,-0.812674,0.013525
1403636970.45335,-3425.205194,-437.215657,-371.748731,0.695005,-0.161439,0.682392,0.158889,0.0046029956,0.0003478505,-0.0005101467,0.0002139631,-4.11846e-05,0.0001466022,15540.8965457936,3673.4141150078,4321.2676419677,19211.2989637039,1464.0264952184,1685.5285041111,1.287544,3.529788,0.085568,0.573236,0.022439,-0.818958,0.014332
1403636970.50335,-3431.496251,-436.433725,-372.560802,0.697999,-0.162742,0.679427,0.157133,0.004600485,0.000337195,-0.0005523969,0.0002125946,-4.31326e-05,0.0001567284,15602.9417048698,3691.7291394901,4339.5649507254,19283.5211992087,1468.615060166,1692.6685804291,1.32098,3.496953,0.082814,0.569403,0.021912,-0.821626,0.015255
1403636970.80335,-3469.380222,-431.680315,-377.425413,0.713326,-0.16419,0.663903,0.153102,0.0045750003,0.0003440403,-0.0007550681,0.0002154335,-5.9728e-05,0.0002170582,15979.8551174129,3803.0821727371,4450.7195010041,19721.610684782,1496.332738044,1736.0378362738,1.49945,3.298728,0.095486,0.550405,0.025294,-0.834369,0.015604
1403636970.85335,-3475.715402,-430.878543,-378.23544,0.716778,-0.164514,0.660233,0.1525,0.0045642369,0.0003476996,-0.0008002414,0.000216351,-6.39732e-05,0.0002332118,16043.4491608948,3821.8770785041,4469.47135621,19795.3968016842,1500.9807667465,1743.3529485378,1.523848,3.265353,0.101419,0.54605,0.026121,-0.837208,0.015285
1403636970.90335,-3482.055527,-430.074486,-379.047011,0.719536,-0.165334,0.657364,0.151013,0.0045569046,0.0003406431,-0.0008385652,0.0002155577,-6.57346e-05,0.0002476534,16107.2594861989,3840.7348234706,4488.2851567767,19869.388594948,1505.6357131276,1750.6918793887,1.546137,3.231729,0.106355,0.542395,0.026099,-0.839569,0.015953
1403636970.95335,-3488.400481,-429.268371,-379.860292,0.721239,-0.166417,0.655712,0.148865,0.0045551357,0.0003246206,-0.0008648863,0.0002133994,-6.46939e-05,0.0002579052,16171.285534315,3859.6535588584,4507.1604419819,19943.5846696426,1510.2973445374,1758.0544537084,1.566246,3.198359,0.110221,0.539762,0.025391,-0.841254,0.017454
1403636971.05335,-3501.104578,-427.650351,-381.491635,0.718615,-0.169649,0.659374,0.141556,0.0045848833,0.0002486915,-0.000847206,0.0002038715,-4.89031e-05,0.0002503622,16299.9850234101,3897.6706622291,4545.0948948939,20092.5871061958,1519.6400278114,1772.8502338518,1.599018,3.131256,0.114487,0.54144,0.020814,-0.840119,0.024701
1403636971.10335,-3507.464221,-426.838712,-382.309952,0.71474,-0.171603,0.664003,0.137109,0.0046116443,0.0001959712,-0.0008076091,0.0001987495,-3.71739e-05,0.0002350755,16364.6579746566,3916.7683237545,4564.1545065635,20167.4022766769,1524.3217294673,1780.2837901106,1.612029,3.098137,0.114824,0.545188,0.017268,-0.837611,0.029682
1403636971.15335,-3513.829356,-426.025516,-383.130303,0.710213,-0.172942,0.669273,0.133275,0.0046393646,0.0001487583,-0.0007576664,0.0001952996,-2.71213e-05,0.0002171639,16429.5454681926,3935.9250668803,4583.2760318294,20242.4343350844,1529.0109546924,1787.7414162219,1.623136,3.065706,0.113797,0.549868,0.014304,-0.834426,0.034282
1403636971.35335,-3539.353366,-422.760006,-386.434946,0.693354,-0.181447,0.688137,0.113158,0.0047192786,-8.787e-05,-0.0005828194,0.000193052,7.8278e-06,0.0001649755,16691.2300435078,4013.1427884611,4660.389842891,20544.8801667008,1547.8552097428,1817.8188509116,1.65502,2.949682,0.095091,0.564975,-0.001197,-0.823176,0.056422
1403636971.50335,-3558.572364,-420.30146,-388.937375,0.691145,-0.180385,0.690397,0.114594,0.004744853,-7.83445e-05,-0.0005543367,0.0001935512,6.293e-06,0.0001580364,16889.7321281619,4071.6691250693,4718.8946470488,20774.3143662792,1562.0920236741,1840.6429261893,1.670822,2.884327,0.068685,0.567708,-0.000147,-0.82132,0.056043
1403636971.60335,-3571.422324,-418.657411,-390.616295,0.689346,-0.17521,0.691835,0.124368,0.0047675152,1.46427e-05,-0.0005143508,0.0001928547,-4.1125e-06,0.0001488403,17023.1452472871,4110.9871450139,4758.2220448118,20928.536027252,1571.6342994017,1855.9879006889,1.678192,2.850818,0.046444,0.571685,0.00625,-0.819046,0.047985
1403636971.65335,-3577.858497,-417.833237,-391.458986,0.687357,-0.171567,0.693456,0.131239,0.0047802958,7.8364e-05,-0.0004766434,0.0001944488,-1.01048e-05,0.0001408462,17090.1799247306,4130.7420103268,4777.9847778283,21006.0287038458,1576.4211018177,1863.6997181376,1.681266,2.83654,0.033987,0.575318,0.010491,-0.816764,0.042402
1403636971.70335,-3584.302021,-417.00716,-392.304093,0.685735,-0.167706,0.694663,0.138152,0.0047896866,0.0001447379,-0.0004430909,0.0001979638,-1.54419e-05,0.0001343146,17157.4358436828,4150.5647090938,4797.8144483653,21083.7751411998,1581.218471541,1871.4380786489,1.684106,2.823454,0.020396,0.57849,0.015076,-0.814725,0.036698
1403636971.75335,-3590.752928,-416.1787,-393.15158,0.683463,-0.165143,0.696739,0.141992,0.0047998534,0.0001801538,-0.0004063716,0.0002007371,-1.71767e-05,0.0001277416,17224.915356706,4170.4594385719,4817.7121665008,21161.7768185987,1586.0267148854,1879.2033934431,1.687014,2.811171,0.005785,0.581844,0.017816,-0.812404,0.033758
1403636971.85335,-3603.677358,-414.514173,-394.852795,0.679452,-0.16332,0.700753,0.143586,0.0048198478,0.0001906419,-0.0003515452,0.0002021079,-1.57427e-05,0.0001191,17360.5535186225,4210.4702326836,4857.7145892541,21318.5552876638,1595.6764141022,1894.8159009339,1.693322,2.788779,-0.025529,0.586771,0.019104,-0.808836,0.033449
1403636971.95335,-3616.635067,-412.837614,-396.557341,0.678632,-0.162722,0.701672,0.143653,0.0048331654,0.00019228,-0.0003413631,0.0002027825,-1.53653e-05,0.0001178369,17497.1262673553,4250.7982112357,4898.0051199657,21476.4197133419,1605.3741878087,1910.54213756,1.702035,2.769016,-0.053756,0.587562,0.019798,-0.808233,0.033731
1403636972.20335,-3649.179256,-408.592553,-400.819465,0.682149,-0.16457,0.698228,0.141657,0.0048555714,0.0001776605,-0.0003971531,0.0002030006,-1.59801e-05,0.0001271198,17842.7298005902,4353.0316854619,5000.0178644625,21875.9358655905,1629.8322090659,1950.3642559475,1.734617,2.73206,-0.09434,0.582764,0.019762,-0.811668,0.034521
1403636972.25335,-3655.713769,-407.733907,-401.673168,0.684811,-0.16665,0.695753,0.138525,0.0048559829,0.000150813,-0.0004396166,0.0002013911,-1.51014e-05,0.0001347307,17912.5699825002,4373.726976871,5020.6430816548,21956.6782930276,1634.7610849078,1958.4165140801,1.743707,2.726448,-0.09817,0.579059,0.018216,-0.814259,0.036634
1403636972.30335,-3662.256344,-406.872711,-402.526632,0.687656,-0.168303,0.692949,0.136472,0.0048545607,0.0001347467,-0.0004828863,0.0002006937,-1.47834e-05,0.0001432784,17982.650511845,4394.4986411495,5041.3412329964,22037.6935320379,1639.7011572575,1966.4973599156,1.7527,2.721705,-0.100336,0.57524,0.017225,-0.816934,0.037751
1403636972.35335,-3668.806488,-406.009437,-403.379146,0.689555,-0.168343,0.690825,0.137607,0.0048545053,0.0001483383,-0.0005080113,0.0002018093,-1.67208e-05,0.0001486569,18052.9719810024,4415.3413160349,5062.1111109694,22118.9735186797,1644.6512406762,1974.6061035301,1.761019,2.718064,-0.099918,0.573042,0.018098,-0.818524,0.036252
1403636972.50335,-3688.502563,-403.404826,-405.931598,0.689673,-0.167404,0.690004,0.142206,0.0048699499,0.0001880871,-0.0005076352,0.0002055198,-2.02186e-05,0.0001488536,18265.3992627428,4478.3178310774,5124.8582104065,22364.4134061526,1659.5630726381,1999.1024331058,1.781804,2.711314,-0.085573,0.573027,0.02041,-0.818663,0.031863
1403636972.55335,-3695.082614,-402.531526,-406.781311,0.688655,-0.167193,0.690798,0.143524,0.0048782304,0.0001961911,-0.0004941482,0.0002064587,-2.02782e-05,0.0001460891,18336.6971224624,4499.4606001481,5145.9196442816,22446.7541386949,1664.5537386996,2007.3244805148,1.78714,2.710046,-0.077136,0.574221,0.020743,-0.817856,0.030846
1403636972.60335,-3701.670666,-401.655352,-407.630976,0.687751,-0.166496,0.691354,0.145967,0.0048854607,0.0002156533,-0.0004802126,0.0002084415,-2.13433e-05,0.0001433328,18408.2406658786,4520.6837361881,5167.0557910831,22529.3712609294,1669.5557719969,2015.5757935151,1.792692,2.709308,-0.066773,0.575367,0.021632,-0.817098,0.028909
1403636972.70335,-3714.8698,-399.894216,-409.334591,0.685712,-0.165373,0.692727,0.150264,0.0049002589,0.0002480595,-0.0004503225,0.0002121747,-2.24324e-05,0.0001377126,18552.0545892738,4563.3733736408,5209.5498362983,22695.4243891928,1679.5941456519,2032.1657679372,1.804379,2.708897,-0.045709,0.578086,0.023385,-0.815252,0.025182
1403636972.85335,-3734.720174,-397.230882,-411.911098,0.685524,-0.166379,0.692521,0.150964,0.0049180407,0.0002475564,-0.0004531643,0.0002129332,-2.19752e-05,0.0001385685,18769.5661830166,4628.0073048898,5273.8330319609,22946.4693541451,1694.7322122317,2057.2645299272,1.82212,2.708682,-0.025184,0.577793,0.023109,-0.815494,0.024298
1403636972.90335,-3741.350862,-396.337474,-412.775733,0.685384,-0.167114,0.692266,0.151951,0.004923699,0.0002506269,-0.000453764,0.0002135222,-2.19407e-05,0.0001387977,18842.5490802215,4649.7119369961,5295.4059539657,23030.6798722146,1699.7999291353,2065.6881206469,1.828091,2.708872,-0.021578,0.577694,0.022761,-0.815608,0.02315
1403636972.95335,-3747.988729,-395.441417,-413.643724,0.685782,-0.170129,0.690996,0.152591,0.0049281778,0.0002402715,-0.0004678468,0.0002126987,-2.09898e-05,0.0001416267,18915.7705576789,4671.4963484186,5317.0516551496,23115.1601605929,1704.8789517381,2074.1406144277,1.834205,2.709468,-0.020027,0.576436,0.020441,-0.816595,0.021834
1403636973.05335,-3761.285334,-393.641697,-415.388122,0.686088,-0.180805,0.687091,0.156523,0.0049361072,0.0002133129,-0.0005020477,0.0002105101,-1.73933e-05,0.0001488921,19062.9338606218,4715.2998505619,5360.5609511777,23284.920779178,1715.0693086757,2091.1317267117,1.846005,2.711802,-0.021827,0.573219,0.011614,-0.819181,0.015247
1403636973.15335,-3774.60998,-391.830528,-417.14231,0.684759,-0.191928,0.684443,0.160646,0.004947706,0.0001810195,-0.000518038,0.00020811,-1.20218e-05,0.0001527547,19211.0748721796,4759.4288033125,5404.3661233885,23455.7550598971,1725.3030257682,2108.239406498,1.856949,2.714512,-0.028737,0.571445,0.001836,-0.820592,0.008759
1403636973.25335,-3787.96226,-390.007741,-418.906467,0.682342,-0.199985,0.683539,0.164893,0.0049627128,0.0001625879,-0.0005117235,0.0002070492,-7.7118e-06,0.0001519139,19360.1999427883,4803.8854865047,5448.4685123519,23627.6614952841,1735.5795983048,2125.4640583012,1.866931,2.717161,-0.040906,0.571601,-0.0054,-0.820508,0.003183
1403636973.30335,-3794.648822,-389.091931,-419.792152,0.681159,-0.203261,0.683268,0.166891,0.0049703038,0.0001564641,-0.0005068876,0.0002067788,-5.9922e-06,0.000151157,19435.1337408267,4826.2379288799,5470.6319333764,23714.0196057065,1740.7340701742,2134.1205433812,1.871594,2.718497,-0.048825,0.571864,-0.008354,-0.820306,0.00064
1403636973.35335,-3801.342138,-388.173234,-420.680248,0.680017,-0.206375,0.683206,0.167976,0.0049780884,0.0001443413,-0.0005027724,0.0002061784,-3.8421e-06,0.0001505435,19510.3157721725,4848.6723723489,5492.8700062347,23800.6451112388,1745.8990056942,2142.8063462813,1.875873,2.719795,-0.058043,0.572145,-0.011175,-0.820076,-0.001029
1403636973.40335,-3808.042074,-387.251643,-421.57046,0.679293,-0.208302,0.682725,0.170466,0.0049845571,0.0001506993,-0.0004993782,0.0002067209,-3.636e-06,0.0001501108,19585.7477809233,4871.1885610777,5515.1828669087,23887.5360885026,1751.0740868926,2151.52142077,1.879544,2.720973,-0.068337,0.572251,-0.012667,-0.819972,-0.003785
1403636973.50335,-3821.462103,-385.399141,-423.357064,0.677996,-0.2125,0.682319,0.172066,0.004998032,0.0001362758,-0.000498001,0.0002062471,-1.0134e-06,0.0001502869,19737.3690836313,4916.4734528845,5560.035808251,24062.1222020106,1761.4553475585,2169.0404749192,1.885562,2.722529,-0.09179,0.572175,-0.016316,-0.819947,-0.006151
1403636973.60335,-3834.90979,-383.53426,-425.151228,0.674888,-0.214305,0.683999,0.175344,0.0050169248,0.0001404532,-0.0004635736,0.0002069009,4.923e-07,0.0001439353,19890.0061886873,4962.0979887775,5605.1945414466,24237.7987985125,1771.8791737166,2186.6793066721,1.890302,2.72345,-0.118169,0.5749,-0.017941,-0.817975,-0.009208
1403636973.65335,-3841.644222,-382.596945,-426.051051,0.673158,-0.214771,0.685189,0.17677,0.0050268514,0.0001424777,-0.0004426176,0.0002072507,1.2785e-06,0.0001402592,19966.7092607413,4985.0408526618,5627.8900417132,24326.051546193,1777.1074698531,2195.5442249048,1.892465,2.723559,-0.132284,0.576635,-0.018453,-0.816728,-0.010326
1403636973.75335,-3855.136204,-380.712033,-427.851779,0.669997,-0.2146,0.687595,0.179618,0.0050457034,0.0001533946,-0.0004006399,0.0002084253,2.1604e-06,0.0001334387,20120.9066928685,5031.1967475876,5673.5210902558,24503.4208451164,1787.5985492577,2213.3677859262,1.896708,2.723292,-0.157543,0.579979,-0.018241,-0.81433,-0.012615
1403636973.80335,-3861.894078,-379.764405,-428.751701,0.668672,-0.213973,0.68875,0.18088,0.0050544214,0.0001614569,-0.0003811314,0.0002092322,2.3104e-06,0.0001305179,20198.4058342442,5054.410968663,5696.4581536238,24592.5442105609,1792.8615577532,2222.3269343013,1.898754,2.722918,-0.167556,0.581527,-0.01774,-0.813227,-0.013233
1403636973.90335,-3875.434469,-377.857439,-430.551374,0.667341,-0.213616,0.689983,0.181518,0.0050691876,0.0001633196,-0.0003638162,0.0002099602,2.9553e-06,0.0001282347,20354.2147745135,5101.1286624829,5742.5807725428,24771.68869978,1803.4247949013,2240.3423187723,1.904373,2.720997,-0.1821,0.582964,-0.017177,-0.812203,-0.013577
1403636973.95335,-3882.216858,-376.8983,-431.450392,0.666719,-0.214418,0.690765,0.179874,0.0050770406,0.0001440182,-0.0003604363,0.0002090846,4.4647e-06,0.0001278697,20432.5280067768,5124.6301175009,5765.7665624267,24861.7084175092,1808.7244496799,2249.3984705738,1.90746,2.719447,-0.186015,0.583286,-0.018152,-0.811975,-0.012023
1403636974.00335,-3889.007668,-375.935405,-432.350317,0.667896,-0.216476,0.689389,0.178315,0.0050804621,0.0001254384,-0.0003853447,0.0002083369,5.3978e-06,0.0001318164,20511.1091013461,5148.2286902286,5789.0353389047,24952.0343063072,1814.0372176261,2258.4873231129,1.911514,2.717695,-0.188864,0.581285,-0.019862,-0.813382,-0.011144
1403636974.05335,-3895.806596,-374.969527,-433.25114,0.668182,-0.220391,0.688267,0.176774,0.0050848379,9.36584e-05,-0.0004054274,0.0002071042,8.008e-06,0.0001353064,20589.954733661,5171.9167215211,5812.3851310493,25042.6614941398,1819.3622679783,2267.6080868135,1.916023,2.716264,-0.190915,0.579551,-0.023477,-0.814529,-0.010606
1403636974.30335,-3929.913886,-370.10454,-437.78205,0.661615,-0.262224,0.675364,0.193361,0.0051032749,-2.07706e-05,-0.0004842848,0.0002033974,2.71401e-05,0.0001539715,20988.0768839278,5291.6046510228,5930.314234614,25500.1887686087,1846.1582647824,2313.6776482018,1.936801,2.717648,-0.205028,0.571178,-0.060579,-0.817769,-0.036652
1403636974.35335,-3936.757,-369.124317,-438.695611,0.657154,-0.273325,0.673197,0.200617,0.0051114772,-3.91111e-05,-0.00047269,0.000202497,3.15668e-05,0.0001533912,21068.4786677763,5315.7929543566,5954.1353343236,25592.563617039,1851.5510480771,2322.9845273157,1.94049,2.719248,-0.211082,0.571372,-0.070811,-0.816329,-0.046156
1403636974.45335,-3950.464171,-367.155335,-440.531134,0.646601,-0.29802,0.66873,0.214224,0.0051264115,-0.0001019485,-0.0004489088,0.0002014239,4.25254e-05,0.00015301,21230.0703431014,5364.4326181427,6002.0158662184,25778.1764728715,1862.3699844588,2341.6922350997,1.94754,2.722299,-0.227775,0.571703,-0.09405,-0.812484,-0.064707
1403636974.50335,-3957.328473,-366.166288,-441.452821,0.640491,-0.311067,0.666687,0.220313,0.0051327629,-0.00014599,-0.0004352117,0.0002019504,4.86979e-05,0.0001528884,21311.2641663996,5388.8877292122,6026.076940501,25871.4205454006,1867.7966007304,2351.0936986538,1.951042,2.723669,-0.238134,0.571995,-0.106811,-0.809961,-0.073362
1403636974.55335,-3964.200184,-365.174273,-442.376765,0.634439,-0.323857,0.663919,0.227633,0.0051387981,-0.0001783159,-0.0004235465,0.0002021079,5.37025e-05,0.0001534631,21392.7253664405,5413.4332691247,6050.2193731463,25964.9620580282,1873.2349212195,2360.5272354772,1.954562,2.725018,-0.249405,0.571858,-0.118979,-0.807405,-0.083372
1403636974.65335,-3977.965256,-363.180959,-444.230651,0.622519,-0.35056,0.657035,0.240588,0.0051444426,-0.0002578314,-0.000421079,0.0002047257,6.5132e-05,0.0001587649,21556.4582732181,5462.7978769673,6098.749494854,26152.929335455,1884.1455890473,2379.4905761274,1.960645,2.727388,-0.274486,0.569967,-0.144684,-0.802327,-0.10238
1403636974.75335,-3991.7632,-361.171928,-446.088414,0.6135,-0.377459,0.647877,0.247786,0.0051338147,-0.0003610513,-0.0004752104,0.0002134307,8.16911e-05,0.0001743028,21721.3135253887,5512.5700247423,6147.6255360887,26342.1530938825,1895.1080707033,2398.5897205631,1.968634,2.727828,-0.297116,0.563904,-0.170721,-0.799563,-0.11649
1403636974.80335,-3998.674629,-360.16184,-447.016847,0.609696,-0.390591,0.64288,0.249829,0.0051229839,-0.0004163958,-0.0005153145,0.0002201888,9.20459e-05,0.0001852033,21804.1688855529,5537.6058291767,6172.1944062416,26437.2395443755,1900.6081114413,2408.1903572948,1.972621,2.727601,-0.30566,0.559998,-0.183475,-0.798633,-0.122185
1403636974.85335,-4005.594546,-359.147914,-447.944679,0.60532,-0.403938,0.638896,0.249468,0.0051058897,-0.0004931262,-0.0005549904,0.0002327243,0.0001055313,0.0001966015,21887.3126309113,5562.7433664545,6196.8516865331,26532.6467715415,1906.1209050338,2417.8254739462,1.976638,2.727044,-0.311961,0.556478,-0.197074,-0.79737,-0.125299
1403636975.10335,-4040.320867,-354.037685,-452.579673,0.583445,-0.457333,0.619657,0.257805,0.0050411459,-0.0007272749,-0.0006902942,0.0002830569,0.0001582477,0.0002453228,22307.2633384871,5689.8062866851,6321.4301931263,27014.5198862329,1933.8697595156,2466.5076962568,1.990013,2.733066,-0.315431,0.542304,-0.25098,-0.788097,-0.147718
1403636975.15335,-4047.291023,-353.009018,-453.508056,0.578222,-0.462576,0.618135,0.263802,0.0050534205,-0.000729745,-0.0006678341,0.0002817999,0.0001555246,0.0002411797,22392.087740725,5715.4812767321,6346.6005226801,27111.8615895229,1939.4560111995,2476.3444638184,1.991071,2.737123,-0.312843,0.543078,-0.2561,-0.784551,-0.154829
1403636975.30335,-4068.246606,-349.908602,-456.307139,0.56505,-0.469575,0.61651,0.283077,0.0051128961,-0.0006898488,-0.0005610026,0.0002651785,0.0001349205,0.0002189606,22648.2102500234,5793.039018271,6422.6132888206,27405.7561390653,1956.2850353514,2506.0530292625,1.991201,2.752111,-0.310318,0.548446,-0.262394,-0.774414,-0.17506
1403636975.40335,-4082.253376,-347.82697,-458.18835,0.560594,-0.471295,0.615984,0.290136,0.005140351,-0.0006710403,-0.0005204803,0.0002585325,0.0001272108,0.0002119127,22820.3442320766,5845.2150623574,6473.7110627048,27603.231670912,1967.5637347794,2526.0256994918,1.990495,2.761642,-0.316743,0.550432,-0.263628,-0.770911,-0.182267
1403636975.55335,-4103.319247,-344.679551,-461.030486,0.563308,-0.474078,0.611262,0.290334,0.0051507357,-0.0006555988,-0.0005777581,0.0002546698,0.0001334238,0.0002260772,23080.6685552141,5924.2214057712,6551.0070211038,27901.7997037496,1984.5733415349,2556.2406761266,1.989992,2.77303,-0.336026,0.545313,-0.264967,-0.773661,-0.184055
1403636975.60335,-4110.357097,-343.623672,-461.979475,0.565648,-0.474594,0.609108,0.289466,0.0051515768,-0.0006460129,-0.0006108049,0.0002525521,0.0001367234,0.0002342698,23168.0275632684,5950.7574379484,6576.9507164004,28001.9707393853,1990.267935796,2566.382201463,1.989534,2.776353,-0.341231,0.542454,-0.264777,-0.775777,-0.18387
1403636975.65335,-4117.40325,-342.564256,-462.927793,0.567674,-0.474552,0.607862,0.288184,0.0051527931,-0.0006411237,-0.0006359765,0.0002518601,0.000139465,0.0002406712,23255.686935795,5977.3959972548,6602.9859638116,28102.4731213648,1995.9749721656,2576.5593775341,1.988795,2.779367,-0.344201,0.540526,-0.264229,-0.777543,-0.182873
1403636975.70335,-4124.457755,-341.501463,-463.875557,0.569718,-0.474223,0.60666,0.287223,0.005155302,-0.0006328724,-0.0006587753,0.000250298,0.0001413797,0.0002466589,23343.6464521166,6004.1360143577,6629.112724671,28203.3085828772,2001.6944848797,2586.7722417651,1.987734,2.782233,-0.345053,0.53871,-0.263381,-0.779268,-0.18211
1403636975.75335,-4131.5203,-340.43556,-464.822598,0.571713,-0.473588,0.605873,0.285966,0.0051577865,-0.0006268739,-0.000678775,0.0002494487,0.0001431623,0.0002519668,23431.9050307633,6030.9740322204,6655.3300073557,28304.472112792,2007.4258218644,2597.0203198526,1.986012,2.78502,-0.343775,0.537129,-0.262292,-0.780993,-0.180958
1403636975.80335,-4138.59112,-339.36663,-465.769166,0.572674,-0.473528,0.605436,0.285069,0.0051606575,-0.0006270725,-0.0006912727,0.0002499774,0.0001448278,0.0002555172,23520.46241753,6057.9104447846,6681.6382385251,28405.9692613369,2013.1694353423,2607.303917433,1.983782,2.787911,-0.340465,0.536257,-0.261905,-0.781918,-0.180108
1403636976.10335,-4181.177078,-332.904933,-471.478088,0.545588,-0.504345,0.60309,0.290264,0.0051417185,-0.0008520562,-0.0006486999,0.0003117997,0.0001704086,0.0002544079,24057.8693368566,6221.4403000806,6841.3263037414,29021.7865798829,2047.876791601,2669.7295819286,1.955256,2.816152,-0.320889,0.538766,-0.295998,-0.765166,-0.191463
1403636976.20335,-4195.435174,-330.72931,-473.40201,0.524369,-0.523352,0.605754,0.290174,0.0050922172,-0.0010453086,-0.0005892013,0.0003841027,0.0001846566,0.0002454621,24239.3187810469,6276.7302017583,6895.2676613905,29229.7207011209,2059.5477019718,2690.8206375545,1.945538,2.828055,-0.322857,0.544499,-0.31933,-0.750835,-0.194424
1403636976.25335,-4202.576977,-329.637076,-474.369302,0.514032,-0.53374,0.60543,0.290426,0.0050594654,-0.0011351923,-0.0005761266,0.0004234839,0.0001933208,0.0002457314,24330.4774176371,6304.5306386684,6922.374867553,29334.2121751637,2065.4047842275,2701.4209167232,1.942054,2.834745,-0.326408,0.545816,-0.331683,-0.743865,-0.196828
1403636976.35335,-4216.888493,-327.444056,-476.312749,0.496168,-0.554722,0.598867,0.295735,0.0050087323,-0.0012496687,-0.0005895664,0.000477209,0.0002112223,0.0002564942,24513.6718414461,6360.448074489,6976.8686556864,29544.2959518831,2077.1655960038,2722.7339285995,1.938815,2.850885,-0.336381,0.543685,-0.354881,-0.731693,-0.207601
1403636976.50335,-4238.426355,-324.131527,-479.252554,0.476314,-0.583475,0.579202,0.311781,0.0049830416,-0.0012892164,-0.0006710167,0.0004907683,0.0002358722,0.0002892036,24790.6704219755,6445.1416694149,7059.3162597144,29862.208775311,2094.9269891382,2754.9885417965,1.94551,2.880919,-0.360157,0.532023,-0.383807,-0.717791,-0.233292
1403636976.55335,-4245.623849,-323.021241,-480.238424,0.4735,-0.590093,0.570394,0.319747,0.0050021175,-0.0012480457,-0.0007077522,0.0004651596,0.0002375507,0.0003026107,24883.5972461752,6473.5892504183,7086.9874892064,29968.9142598518,2100.8782392525,2765.8158363818,1.950144,2.892184,-0.370077,0.526043,-0.389105,-0.715649,-0.24439
1403636976.85335,-4288.975275,-316.292241,-486.217546,0.464341,-0.614946,0.540358,0.337997,0.0050322394,-0.0011546179,-0.0008785536,0.000410173,0.0002586182,0.0003689777,25447.4730024829,6646.511799866,7254.9740528476,30616.4214110742,2136.8683500757,2831.5578222335,1.985059,2.957461,-0.460917,0.502932,-0.410267,-0.709527,-0.274433
1403636976.90335,-4296.22836,-315.15964,-487.222007,0.463858,-0.618186,0.538529,0.335661,0.0050157072,-0.0011727491,-0.0009120147,0.0004198027,0.0002706957,0.0003828163,25542.5226539495,6675.7047550221,7283.302385141,30725.5598840717,2142.9129025775,2842.645617276,1.990971,2.967897,-0.478917,0.500499,-0.413657,-0.709728,-0.273268
1403636976.95335,-4303.49054,-314.023941,-488.226193,0.463381,-0.621188,0.537388,0.332593,0.0049959241,-0.001196851,-0.0009434306,0.0004329536,0.0002840732,0.0003963852,25637.8906298038,6705.0061742114,7311.7295751793,30835.0707580916,2148.9715262189,2853.7723666901,1.996829,2.978771,-0.495094,0.498462,-0.417088,-0.709974,-0.271128
1403636977.05335,-4318.042847,-311.743362,-490.232101,0.462804,-0.623691,0.536863,0.329545,0.0049833245,-0.0012231111,-0.0009696695,0.0004474942,0.0002968331,0.0004083188,25829.5887882642,6763.9357847184,7368.8834396897,31055.2271569833,2161.1316138488,2876.1438334388,2.008295,3.002312,-0.519702,0.497049,-0.41991,-0.710209,-0.268742
1403636977.10335,-4325.333443,-310.599308,-491.233498,0.462485,-0.624476,0.537078,0.328153,0.0049792057,-0.0012363657,-0.0009773024,0.0004548978,0.0003018998,0.0004119745,25925.9163011631,6793.5572948404,7397.6096774729,31165.8841518458,2167.2333884542,2887.3885868185,2.013666,3.015843,-0.527921,0.496825,-0.420877,-0.710272,-0.267472
1403636977.20335,-4339.942842,-308.301493,-493.236044,0.463272,-0.624871,0.537838,0.325032,0.0049746698,-0.001255104,-0.0009935495,0.0004659991,0.0003108656,0.0004192979,26119.537509892,6853.1380019479,7455.3650125938,31388.349190942,2179.4814873004,2909.9979221516,2.025131,3.044726,-0.538128,0.4964,-0.421381,-0.711481,-0.264236
1403636977.25335,-4347.261479,-307.148264,-494.237454,0.463548,-0.624388,0.538658,0.324207,0.0049785856,-0.0012611216,-0.0009926419,0.0004694482,0.0003119879,0.0004188821,26216.8273953743,6883.0918314048,7484.3926830727,31500.1562819477,2185.6274378304,2921.3620343266,2.030922,3.060451,-0.540491,0.496822,-0.420878,-0.711919,-0.263062
1403636977.40335,-4369.269369,-303.67236,-497.253266,0.463409,-0.618542,0.543,0.328341,0.0050391231,-0.0012436256,-0.0009282069,0.0004578486,0.0002893614,0.0003908266,26510.5709889148,6973.5944644975,7572.0616738932,31837.8178516905,2204.150594179,2955.6879556714,2.048485,3.112042,-0.547562,0.501898,-0.414484,-0.711613,-0.264404
1403636977.45335,-4376.622005,-302.508226,-498.264026,0.462571,-0.615351,0.545087,0.332041,0.0050737041,-0.001227927,-0.0008836633,0.0004480453,0.0002736111,0.0003730237,26609.107187762,7003.9765421409,7601.4788160698,31951.1090795257,2210.3530306287,2967.207448669,2.054439,3.130353,-0.551648,0.50503,-0.410893,-0.710594,-0.266776
1403636977.60335,-4398.727762,-298.996723,-501.314541,0.459842,-0.608727,0.550811,0.338533,0.0051411275,-0.0012127534,-0.0007826691,0.0004376007,0.0002436669,0.0003370037,26906.6021504734,7095.7920329577,7690.3175001312,32293.1644780614,2229.0431258526,3001.9997469988,2.073332,3.185726,-0.571894,0.512603,-0.403916,-0.707914,-0.270089
1403636977.65335,-4406.112556,-297.8196,-502.337374,0.45982,-0.607189,0.551306,0.340512,0.0051611104,-0.0011995622,-0.0007650962,0.0004303494,0.0002366679,0.0003312653,27006.401467191,7126.6249633265,7720.1283698886,32407.9185124145,2235.3013649075,3013.6760370764,2.08028,3.204231,-0.581259,0.513702,-0.401897,-0.707722,-0.271513
1403636977.70335,-4413.505595,-296.639158,-503.363583,0.458695,-0.608167,0.551596,0.339814,0.0051594062,-0.0012149432,-0.0007665118,0.0004380744,0.0002395256,0.0003322422,27106.5182513953,7157.5732403071,7750.0388135199,32523.04509754,2241.5741562511,3025.3921255552,2.087769,3.222794,-0.592314,0.513894,-0.40303,-0.707141,-0.270983
1403636977.80335,-4428.316118,-294.26814,-505.425101,0.455352,-0.614082,0.551372,0.333986,0.0051201706,-0.0012855235,-0.0008061084,0.0004762976,0.0002624907,0.0003472459,27307.7110042149,7219.8172143966,7810.1597226042,32754.4134486971,2254.162677237,3048.9439073722,2.104052,3.259842,-0.618822,0.512455,-0.410249,-0.705695,-0.266611
1403636977.85335,-4435.733952,-293.076997,-506.459659,0.454102,-0.617263,0.550853,0.330664,0.005097383,-0.0013191241,-0.0008329403,0.0004957522,0.000276308,0.000357568,27408.7967951734,7251.1203901838,7840.3736037657,32870.6638156468,2260.4789547158,3060.7808140589,2.113139,3.278064,-0.633498,0.511114,-0.414123,-0.705342,-0.264117
1403636977.95335,-4450.597217,-290.684996,-508.531764,0.450877,-0.619477,0.549998,0.332358,0.005105753,-0.0013321555,-0.0008276383,0.0005018838,0.0002763781,0.0003570447,27611.9594340823,7314.07930761,7901.1134323724,33104.3506373715,2273.1572027879,3084.57877621,2.132742,3.316394,-0.66119,0.511062,-0.416566,-0.703152,-0.266208
1403636978.00335,-4458.043101,-289.482733,-509.568125,0.449963,-0.619469,0.549194,0.334928,0.0051234767,-0.0013203934,-0.0008180938,0.0004941404,0.0002708021,0.0003540593,27714.0540204253,7345.75195338,7931.6456448962,33221.7982617888,2279.5202469441,3096.542018595,2.143877,3.335539,-0.672628,0.51117,-0.416211,-0.7023,-0.268791
1403636978.05335,-4465.498819,-288.276202,-510.604082,0.450011,-0.619221,0.547164,0.338626,0.0051491566,-0.0012909194,-0.0008142885,0.0004766085,0.0002634333,0.0003529159,27816.4956531471,7377.5556924376,7962.2878718371,33339.6568170086,2285.8996482428,3108.5487902297,2.155917,3.354634,-0.681568,0.510194,-0.415088,-0.702171,-0.272693
1403636978.15335,-4480.438013,-285.853626,-512.675469,0.450936,-0.620032,0.543666,0.341531,0.0051747517,-0.0012582935,-0.0008327224,0.0004582742,0.000261341,0.0003596978,28022.3945620674,7441.5153049491,8023.8900495677,33576.5734811394,2298.7029461566,3132.6880156265,2.180051,3.39471,-0.694435,0.507331,-0.414686,-0.702997,-0.276488
1403636978.35336,-4510.005442,-281.802761,-516.749144,0.455854,-0.623608,0.534996,0.342183,0.0051963981,-0.0012015846,-0.0009252124,0.0004297039,0.0002729842,0.0003942163,28437.242820898,7570.2770940527,8148.1510760211,34052.910502396,2324.3925065206,3181.4210635797,2.232301,3.473082,-0.700185,0.498096,-0.415703,-0.707683,-0.279781
1403636978.45336,-4525.051568,-279.335906,-518.820578,0.46047,-0.626186,0.529373,0.340033,0.0051920704,-0.0011711054,-0.0010045809,0.0004160858,0.0002862228,0.0004263217,28640.6175894036,7624.4493836372,8207.6984813633,34285.0858375767,2336.0751947169,3204.675861095,2.257408,3.511766,-0.692071,0.49117,-0.416783,-0.71196,-0.279567
1403636978.50336,-4532.616482,-277.923085,-519.878257,0.462881,-0.628493,0.52641,0.33709,0.0051759124,-0.0011678073,-0.0010579182,0.0004158116,0.0002990001,0.0004497437,28746.032795799,7657.5176929526,8239.2550562178,34405.8604265142,2342.6799818802,3217.0409788506,2.26921,3.53133,-0.687423,0.487051,-0.418668,-0.714363,-0.277821
1403636978.55336,-4540.159303,-276.681894,-520.917752,0.465517,-0.630376,0.523247,0.334862,0.0051640052,-0.001156863,-0.0011081119,0.0004117016,0.0003090759,0.0004728628,28853.2455809841,7692.6123161759,8271.5235290216,34528.3139427572,2349.359998215,3229.6824040025,2.28032,3.551218,-0.683234,0.482843,-0.419883,-0.716891,-0.276825
1403636978.60336,-4547.709587,-275.438363,-521.960132,0.46735,-0.632821,0.520728,0.331608,0.0051435522,-0.0011607418,-0.0011573427,0.0004149923,0.0003227578,0.0004971337,28959.4192077946,7725.7035377012,8303.3249990492,34650.4455497525,2355.8925630416,3242.1468571222,2.29054,3.571657,-0.680629,0.47905,-0.422093,-0.718925,-0.274766
1403636978.70336,-4562.833377,-272.94501,-524.052628,0.470129,-0.63547,0.516854,0.328663,0.0051285057,-0.0011520207,-0.0012192928,0.0004123506,0.0003362562,0.000529053,29172.7492882617,7792.2006493418,8367.2307440673,34895.8478099316,2368.9959071465,3267.1964566354,2.308296,3.615131,-0.679103,0.473799,-0.42403,-0.72181,-0.273319
1403636978.75336,-4570.406688,-271.695421,-525.102949,0.47119,-0.636595,0.515288,0.327421,0.0051226443,-0.0011493255,-0.0012446259,0.0004117125,0.0003419643,0.0005426752,29279.9039446532,7825.6037784169,8399.3342212208,35019.1163410248,2375.5663271598,3279.781321789,2.315594,3.638249,-0.680476,0.471739,-0.424841,-0.722937,-0.272645
1403636979.00336,-4608.391567,-265.422677,-530.386697,0.460004,-0.630295,0.524103,0.341233,0.0052495562,-0.0011623942,-0.0010594384,0.0004112753,0.0002949296,0.0004518881,29820.608788705,7994.1327672416,8561.3700806392,35641.2541585071,2408.6073261117,3343.3114736268,2.333656,3.7728,-0.699749,0.485314,-0.419087,-0.713684,-0.281947
1403636979.15336,-4631.273613,-261.628517,-533.590529,0.449682,-0.623583,0.532798,0.353632,0.0053441522,-0.0011736613,-0.0008731697,0.000411462,0.0002499721,0.0003785451,30149.0612596931,8096.5850416886,8659.8343330702,36019.1342468692,2428.5865323889,3381.9243460903,2.335432,3.859124,-0.727893,0.498946,-0.413087,-0.704441,-0.290131
1403636979.25336,-4646.597643,-258.72175,-535.773714,0.451302,-0.624901,0.531507,0.351177,0.0053422092,-0.0011778938,-0.0009091521,0.0004143125,0.0002594156,0.0003918609,30369.7531609077,8165.5574814055,8726.0047984627,36272.3295077683,2442.0254821939,3407.8725802033,2.334657,3.913965,-0.75486,0.496828,-0.413963,-0.706161,-0.288333
1403636979.30336,-4654.255054,-257.441594,-536.851633,0.454188,-0.626724,0.528747,0.348362,0.0053311854,-0.0011706739,-0.0009626401,0.0004120703,0.0002710039,0.0004122916,30483.670908903,8204.5887745385,8760.4247474543,36400.6289649213,2449.0196815587,3421.3464239541,2.333767,3.940673,-0.767623,0.492799,-0.415152,-0.708954,-0.286674
1403636979.35336,-4661.920709,-256.158068,-537.929875,0.456992,-0.628634,0.526228,0.345054,0.0053162436,-0.0011680296,-0.0010167621,0.0004121878,0.0002838003,0.0004342904,30594.9336495625,8239.3787184528,8793.7943017771,36528.528714032,2455.746734031,3434.4337363016,2.332208,3.967486,-0.779068,0.488749,-0.416617,-0.711778,-0.284479
1403636979.50336,-4684.968332,-252.288015,-541.163938,0.463298,-0.633337,0.520452,0.336703,0.0052766392,-0.0011680033,-0.0011446771,0.0004157684,0.0003158933,0.0004918839,30930.8998615772,8344.4840467612,8894.5749444913,36914.6730690482,2476.0087932041,3473.9601439634,2.322253,4.050371,-0.801993,0.479514,-0.420311,-0.718154,-0.278678
1403636979.55336,-4692.668091,-250.991139,-542.241722,0.464714,-0.634422,0.518728,0.335366,0.0052713901,-0.0011629703,-0.0011737584,0.0004140805,0.0003218455,0.0005060221,31043.6208461519,8379.7711260192,8928.3954131729,37044.2142214545,2482.7906596958,3487.2250437074,2.317657,4.078446,-0.805751,0.476984,-0.421042,-0.71968,-0.277979
1403636979.65336,-4708.093408,-248.389497,-544.397316,0.46452,-0.636166,0.517923,0.333572,0.005266848,-0.0011770491,-0.001195978,0.0004213444,0.0003307499,0.0005177136,31270.143991081,8450.6970322739,8996.3708187511,37304.5420434817,2496.3949470104,3513.887101075,2.304918,4.137703,-0.807102,0.475671,-0.422736,-0.720053,-0.276684
1403636979.75336,-4723.552793,-245.776887,-546.555031,0.465315,-0.637247,0.514985,0.334945,0.0052810308,-0.0011544331,-0.0012184233,0.0004103926,0.0003295832,0.0005289202,31498.1096779881,8522.0997665575,9064.7934476614,37566.5317400928,2510.0539835699,3540.7263615765,2.288531,4.200145,-0.803463,0.472858,-0.422961,-0.720959,-0.278796
1403636979.80336,-4731.295314,-244.467118,-547.633645,0.46337,-0.63678,0.515738,0.337363,0.0053018066,-0.0011548786,-0.0011931451,0.0004094751,0.0003226609,0.0005162884,31612.634361119,8557.972097609,9099.1719618147,37698.152733818,2516.9032616842,3554.2121033099,2.278326,4.233072,-0.799028,0.47445,-0.422545,-0.719418,-0.280698
1403636979.85336,-4739.046363,-243.154718,-548.712606,0.460401,-0.635693,0.517006,0.341511,0.0053335383,-0.0011520003,-0.0011489708,0.0004063303,0.000310056,0.0004949325,31727.5222099659,8593.9630234213,9133.6629698101,37830.1925016278,2523.766126582,3567.7424036795,2.266948,4.267104,-0.792967,0.477318,-0.421427,-0.716833,-0.284109
1403636979.90336,-4746.805176,-241.839739,-549.793023,0.45701,-0.635242,0.519015,0.34385,0.0053526667,-0.0011677935,-0.0011091626,0.0004123763,0.0003034294,0.0004769913,31842.7684227523,8630.0699200313,9168.2640127601,37962.6350174083,2530.6415879897,3581.3162575926,2.254312,4.301631,-0.786914,0.480458,-0.421451,-0.714089,-0.285685
1403636979.95336,-4754.571774,-240.521992,-550.875701,0.454287,-0.634299,0.519989,0.347707,0.0053808155,-0.0011641548,-0.0010690219,0.0004090873,0.0002919263,0.0004593667,31958.3723478725,8666.2962536016,9202.9755314344,38095.4824702032,2537.5302151162,3594.9340237933,2.240798,4.336561,-0.781614,0.482939,-0.420467,-0.711704,-0.288889
1403636980.00336,-4762.345512,-239.201039,-551.961938,0.452648,-0.634105,0.520216,0.349852,0.0053975735,-0.001162647,-0.0010498806,0.0004075096,0.0002863618,0.0004514254,32074.3317041419,8702.6461939536,9237.7966410146,38228.7222686013,2544.4317517609,3608.5953912253,2.226492,4.371564,-0.778292,0.483983,-0.420229,-0.710343,-0.290829
1403636980.30336,-4809.145875,-231.203427,-558.541345,0.442872,-0.635595,0.523604,0.354573,0.0054453427,-0.0012198264,-0.0009737164,0.0004314511,0.0002776311,0.0004232072,32777.7183253128,8923.4357347643,9449.0848605027,39036.6253945354,2586.1238517439,3691.5021934303,2.129776,4.577591,-0.789338,0.489832,-0.422732,-0.703276,-0.294559
1403636980.35336,-4816.972664,-229.858006,-559.647608,0.440561,-0.634757,0.525183,0.356613,0.0054621677,-0.0012278743,-0.0009400365,0.0004343502,0.0002704829,0.0004107341,32896.2375147015,8960.6927108241,9484.6989212451,39172.7047485176,2593.1205644869,3705.4786629637,2.112092,4.610935,-0.795615,0.492225,-0.422143,-0.701412,-0.295857
1403636980.50336,-4840.498783,-225.799035,-562.984135,0.431906,-0.633312,0.532857,0.358379,0.0054813291,-0.0013053435,-0.0008385361,0.0004709802,0.0002587992,0.0003766764,33254.0298635863,9073.2737577018,9592.2349679419,39583.4107927888,2614.1944385291,3747.6837870572,2.057757,4.708057,-0.823105,0.501447,-0.422642,-0.694772,-0.295326
1403636980.55336,-4848.356495,-224.437667,-564.101879,0.43009,-0.633093,0.535059,0.357671,0.0054810645,-0.0013311184,-0.000819666,0.0004842312,0.0002584603,0.0003709266,33374.0511798336,9111.083654649,9628.316497288,39721.1488641018,2621.2482277498,3761.8459881965,2.039835,4.738915,-0.834509,0.503586,-0.42301,-0.693573,-0.293974
1403636980.65336,-4864.217036,-222.483198,-566.409108,0.426247,-0.632937,0.539768,0.355464,0.0054740008,-0.0013904873,-0.0007839247,0.0005160637,0.0002592323,0.0003605554,33615.2480524286,9187.0637481555,9700.8392441488,39997.3438452793,2635.3536473239,3790.3120357101,2.005759,4.797069,-0.857662,0.508026,-0.424322,-0.690949,-0.290604
1403636980.80336,-4887.900458,-218.351007,-569.774514,0.43203,-0.631774,0.535392,0.357166,0.0055176217,-0.0013235368,-0.0008290982,0.0004802437,0.0002592303,0.0003744751,33972.0166238926,9293.1326203638,9808.1779177678,40419.052571354,2656.5370433959,3832.633734011,1.958336,4.881947,-0.880142,0.503329,-0.420785,-0.695572,-0.292881
1403636980.90336,-4903.735252,-215.575587,-572.01903,0.439296,-0.632489,0.529723,0.355487,0.0055315992,-0.0012652316,-0.0009146817,0.0004522302,0.0002703228,0.0004030738,34217.1123666341,9370.6126769217,9881.9423826943,40700.4332382972,2670.8549479516,3861.5958186293,1.928046,4.936238,-0.885909,0.495934,-0.419335,-0.701849,-0.292604
1403636980.95336,-4911.666178,-214.182026,-573.141686,0.442375,-0.632249,0.527157,0.355909,0.0055449282,-0.0012311161,-0.0009437857,0.0004360076,0.0002707386,0.0004132732,34340.2562922149,9409.5684299692,9919.0117002041,40841.8037569152,2678.0371671393,3876.151036004,1.912741,4.963117,-0.886167,0.492908,-0.417887,-0.704416,-0.29362
1403636981.00336,-4919.605255,-212.78489,-574.26605,0.443898,-0.632267,0.526064,0.355598,0.0055513894,-0.0012189464,-0.0009610134,0.0004305353,0.0002724334,0.0004196011,34463.7876701703,9448.6619903737,9956.2017650839,40983.6096248152,2685.233768084,3890.7542286479,1.897367,4.988967,-0.886138,0.491436,-0.417394,-0.705789,-0.293487
1403636981.10336,-4935.506162,-209.980394,-576.522259,0.442397,-0.632015,0.527567,0.355689,0.0055637307,-0.001235857,-0.0009450456,0.0004382553,0.0002715859,0.0004141935,34712.0017330883,9527.2518201368,10030.9379358156,41268.4906595405,2699.6673588852,3920.1019982665,1.864676,5.03992,-0.888761,0.492858,-0.417291,-0.705022,-0.293093
1403636981.20336,-4951.437286,-207.161274,-578.790435,0.436629,-0.633723,0.532823,0.351924,0.0055429812,-0.001326623,-0.0009132354,0.0004834962,0.0002812186,0.0004043439,34961.7577295837,9606.3951137916,10106.1525189865,41555.0697257064,2714.1563162114,3949.6401085911,1.830745,5.088677,-0.896715,0.497621,-0.42106,-0.701325,-0.288489
1403636981.25336,-4959.414819,-205.746144,-579.928561,0.431432,-0.635321,0.537423,0.348439,0.0055157253,-0.0014067915,-0.0008848005,0.0005266602,0.0002891008,0.0003957401,35087.2190104508,9646.1790274489,10143.9421461039,41699.0144391396,2721.4227920398,3964.4818746402,1.813688,5.112651,-0.902129,0.501749,-0.424663,-0.697863,-0.284428
1403636981.30336,-4967.400939,-204.327137,-581.069446,0.425898,-0.63659,0.542247,0.345445,0.0054889232,-0.0014851284,-0.0008489424,0.0005715718,0.000293778,0.0003849136,35213.0718863756,9686.1101378755,10181.8557930332,41843.4128320037,2728.7053959843,3979.373363563,1.797007,5.136579,-0.908339,0.50639,-0.428038,-0.694034,-0.280497
1403636981.35336,-4975.395805,-202.904225,-582.21338,0.421023,-0.637955,0.546347,0.34243,0.0054609504,-0.0015554583,-0.000821306,0.0006146213,0.0002986631,0.0003771003,35339.3161507803,9726.190405417,10219.8940524677,41988.270442761,2736.0046783825,3994.3149584156,1.781152,5.160495,-0.915511,0.510278,-0.431238,-0.690642,-0.276887
1403636981.45336,-4991.412738,-200.0459,-584.511525,0.419999,-0.639294,0.545191,0.343033,0.0054705006,-0.0015586721,-0.0008298389,0.0006158783,0.0003011355,0.0003807967,35592.9855254504,9806.8164248281,10296.3500812273,42279.3938189906,2750.6565938774,4024.3513686838,1.752809,5.208205,-0.933529,0.509556,-0.432485,-0.690046,-0.277751
1403636981.50336,-4999.435096,-198.610301,-585.664839,0.422683,-0.639497,0.540994,0.34599,0.0055007967,-0.0015077429,-0.0008577242,0.0005837644,0.0002992137,0.000389887,35720.4186144416,9847.3659242453,10334.7705502525,42425.6686435069,2758.0095405807,4039.4471433389,1.740391,5.231983,-0.943469,0.505863,-0.431162,-0.692061,-0.281523
1403636981.60336,-5015.508256,-195.725934,-587.975597,0.431546,-0.639789,0.52899,0.352998,0.0055710139,-0.0013574653,-0.0009466699,0.0004979414,0.0002933364,0.0004201203,35976.5130255463,9928.9416736273,10412.004364995,42719.6619466371,2772.768450776,4069.7960588181,1.718052,5.279274,-0.96089,0.494795,-0.426925,-0.698643,-0.291225
1403636981.65336,-5023.558899,-194.277904,-589.131222,0.43509,-0.640287,0.523746,0.355556,0.00559494,-0.0012963528,-0.0009878198,0.0004663131,0.0002909555,0.0004351759,36105.1784323666,9969.9560879005,10450.8168695956,42867.3764726632,2780.1724978354,4085.0484000081,1.706906,5.303151,-0.966856,0.489786,-0.4256,-0.701386,-0.295015
1403636981.85336,-5055.850214,-188.444395,-593.752938,0.442208,-0.645794,0.510865,0.355554,0.0056062815,-0.0012048896,-0.0011346308,0.0004236391,0.0003057472,0.0004960655,36624.0264712172,10135.5353048439,10607.3773324733,43462.9147546041,2809.9416426614,4146.5763364461,1.658776,5.395461,-0.970904,0.475794,-0.427784,-0.707809,-0.299379
1403636981.90336,-5063.945016,-186.976897,-594.90754,0.443898,-0.647955,0.50801,0.353603,0.0055941676,-0.0011980087,-0.0011819716,0.0004213844,0.000315413,0.000517847,36754.7809992906,10177.2945010761,10646.8424400855,43612.9690101224,2817.4205277395,4162.0868673342,1.644778,5.418696,-0.966618,0.472061,-0.429459,-0.709583,-0.298691
1403636981.95336,-5072.048044,-185.506323,-596.063043,0.445464,-0.651099,0.505393,0.349585,0.0055658448,-0.0012081872,-0.0012419574,0.00042768,0.0003327773,0.0005472921,36885.9429496481,10219.1912107546,10686.4338686621,43763.4799262834,2824.9131089705,4177.6475284677,1.629638,5.442167,-0.961591,0.468012,-0.432484,-0.711475,-0.296188
1403636982.00336,-5080.159141,-184.033064,-597.220454,0.447068,-0.653758,0.503173,0.345756,0.0055394014,-0.001217339,-0.0012959104,0.0004335946,0.0003489,0.0005752414,37017.5027420321,10261.2212789985,10726.1492054853,43914.4463582555,2832.4195184964,4193.2576970806,1.613476,5.466215,-0.956858,0.464335,-0.435083,-0.713349,-0.293649
1403636982.10336,-5096.405162,-181.079412,-599.542887,0.449236,-0.659089,0.49994,0.337415,0.0054792274,-0.0012517626,-0.0013931637,0.0004537648,0.0003845548,0.0006300857,37281.8016463111,10345.6706237026,10805.9472635133,44217.7416668949,2847.4733201059,4224.6253222977,1.577841,5.516799,-0.950544,0.458092,-0.440745,-0.7164,-0.287517
1403636982.30336,-5128.995081,-175.14708,-604.216756,0.442251,-0.663755,0.506254,0.327949,0.005424317,-0.0013987176,-0.001392517,0.0005330806,0.0004285701,0.0006353292,37815.11218515,10516.0984235655,10967.0163763631,44829.877719027,2877.7470110248,4287.9525865881,1.492615,5.632785,-0.949381,0.462094,-0.448636,-0.712812,-0.277658
1403636982.35336,-5137.164133,-173.658991,-605.391566,0.438501,-0.662774,0.510004,0.329156,0.0054410779,-0.0014330557,-0.0013432457,0.0005506413,0.000423157,0.0006084062,37949.4225870048,10559.0295246497,11007.5943184802,44984.1055830875,2885.3528132665,4303.9099908217,1.469243,5.665595,-0.951448,0.466513,-0.448642,-0.709999,-0.277469
1403636982.40336,-5145.342524,-172.168727,-606.568431,0.433837,-0.661129,0.514493,0.331649,0.0054667107,-0.0014677164,-0.0012754769,0.0005679049,0.000411332,0.0005729064,38084.1323451732,10602.096381542,11048.300028523,45138.8317337591,2892.9750260647,4319.9192089392,1.445474,5.700147,-0.953727,0.472361,-0.447951,-0.706235,-0.278293
1403636982.60336,-5178.155971,-166.175003,-611.283831,0.420788,-0.651278,0.528055,0.346312,0.005601452,-0.0015111016,-0.001013111,0.0005820701,0.0003390752,0.0004535756,38627.1718646421,10775.8938483323,11212.475014736,45762.9028314603,2923.6427382769,4384.5015597292,1.352641,5.850068,-0.949276,0.491899,-0.439515,-0.694862,-0.286406
1403636982.65336,-5186.383775,-164.667847,-612.465472,0.420967,-0.651134,0.528872,0.345117,0.0056014342,-0.0015214572,-0.001015274,0.000588482,0.0003420505,0.0004545818,38763.9887346972,10819.7337738875,11253.8585738737,45920.2060985242,2931.3542925821,4400.784146121,1.33022,5.889725,-0.94522,0.492293,-0.439431,-0.695196,-0.285046
1403636982.70336,-5194.621226,-163.156699,-613.648703,0.421269,-0.651034,0.529458,0.344036,0.0056021947,-0.0015293564,-0.0010191618,0.0005934585,0.0003449838,0.0004562485,38901.2342159858,10863.7374332854,11295.3800149752,46078.0229821639,2939.0840332668,4417.1223065595,1.308383,5.929689,-0.940239,0.492516,-0.439304,-0.695642,-0.283764
1403636982.75336,-5202.867882,-161.641387,-614.834503,0.424119,-0.651127,0.527629,0.343168,0.0056087516,-0.00150856,-0.0010511002,0.0005818873,0.0003499185,0.0004686749,39038.9048215503,10907.9068155067,11337.0382490712,46236.3447848522,2946.8318496193,4433.5157170841,1.287357,5.969729,-0.935352,0.48986,-0.438649,-0.698125,-0.283277
1403636982.90336,-5227.661992,-157.072737,-618.409836,0.430867,-0.651424,0.522666,0.341789,0.005629974,-0.0014524291,-0.0011287093,0.0005511766,0.0003592964,0.0005004706,39454.4428562267,11041.3796210246,11462.8242564394,46714.3241310533,2970.1810799678,4483.024289343,1.227747,6.091538,-0.924183,0.483216,-0.436677,-0.704068,-0.283024
1403636982.95336,-5235.943966,-155.543112,-619.608338,0.43134,-0.650534,0.522303,0.343439,0.0056504885,-0.0014361633,-0.0011221454,0.0005413667,0.0003530549,0.0004972254,39593.7883368119,11086.1787143806,11505.0187486782,46874.6387196238,2977.9974924919,4499.6347445018,1.208211,6.132895,-0.922767,0.483163,-0.435298,-0.704429,-0.284341
1403636983.00336,-5244.234209,-154.010545,-620.810341,0.431296,-0.649765,0.522193,0.345113,0.005669811,-0.0014245894,-0.001111781,0.0005341891,0.000346898,0.0004925487,39733.5453980094,11131.1249492551,11547.343868199,47035.4399689013,2985.8296249917,4516.2980623136,1.188422,6.174778,-0.922849,0.48345,-0.434134,-0.70439,-0.285725
1403636983.10336,-5260.839368,-150.935116,-623.224686,0.427949,-0.646722,0.524876,0.350879,0.0057227522,-0.0014181526,-0.0010357178,0.0005275152,0.0003230538,0.0004612334,40014.3176534028,11221.4792326887,11632.3929227286,47358.5020895216,3001.5415410993,4549.7856657935,1.148556,6.259144,-0.927444,0.488193,-0.430957,-0.701436,-0.28971
1403636983.15336,-5269.154393,-149.391987,-624.437004,0.427039,-0.645399,0.525305,0.353769,0.0057490593,-0.0014056926,-0.0010078878,0.0005195281,0.0003122482,0.0004503968,40155.3380819069,11266.8923721935,11675.1188771777,47520.7682498601,3009.4218055473,4566.6107783602,1.128714,6.301634,-0.932005,0.489586,-0.429287,-0.700537,-0.292005
1403636983.20336,-5277.477835,-147.844875,-625.652505,0.427313,-0.644293,0.524489,0.356653,0.0057762599,-0.0013796877,-0.0009949849,0.0005048816,0.0003028899,0.0004453337,40296.7890472441,11312.4687942999,11717.9816313976,47683.5287298403,3017.3186275186,4583.4910153322,1.109094,6.344189,-0.937809,0.489625,-0.427465,-0.70051,-0.294663
1403636983.25336,-5285.809446,-146.293914,-626.871068,0.426855,-0.643305,0.524513,0.358942,0.0057982039,-0.0013666001,-0.0009765061,0.0004972521,0.0002949675,0.00043852,40438.6695418984,11358.2056781183,11760.9802876996,47846.7782265943,3025.2313810882,4600.4259218026,1.089466,6.386855,-0.944929,0.490305,-0.426047,-0.700095,-0.296567
1403636983.35336,-5302.496872,-143.1796,-629.317289,0.42605,-0.642658,0.523875,0.361977,0.0058288601,-0.001349572,-0.0009593358,0.0004874403,0.0002863776,0.0004326973,40723.7356668563,11450.1721789663,11847.3894980955,48174.7393855444,3041.1043942156,4634.4610602054,1.050194,6.471527,-0.962903,0.490602,-0.42478,-0.699452,-0.299398
1403636983.40336,-5310.852993,-141.615971,-630.544527,0.426091,-0.642132,0.523024,0.364086,0.005848751,-0.0013310047,-0.0009520653,0.0004775577,0.0002805085,0.0004302076,40866.9290765912,11496.4076468109,11890.8030466661,48339.4612596524,3049.0653188361,4651.5624841794,1.030722,6.513357,-0.973204,0.490406,-0.423762,-0.699343,-0.301408
1403636983.65336,-5353.23267,-134.699449,-636.880035,0.428494,-0.647306,0.517365,0.360168,0.0058450897,-0.001329371,-0.0010552827,0.000478163,0.0003049597,0.0004703764,41588.8059759103,11728.2499351575,12109.6792737347,49166.5801170226,3088.391201042,4737.7990555107,0.931197,6.714122,-1.014583,0.482931,-0.427831,-0.70257,-0.300224
1403636983.70336,-5361.642384,-133.10957,-638.111945,0.429516,-0.648919,0.515417,0.358839,0.0058394637,-0.0013261911,-0.0010897709,0.0004772417,0.0003128088,0.0004844813,41722.2255243856,11764.7431270803,12151.2630219113,49348.0582425239,3097.0033961473,4754.639823558,0.910214,6.75304,-1.017671,0.48039,-0.429091,-0.703736,-0.299774
1403636983.75336,-5370.06078,-131.515379,-639.343081,0.430894,-0.650449,0.51324,0.357536,0.0058343595,-0.0013187924,-0.0011268547,0.0004742971,0.0003203482,0.0005000948,41868.5896241199,11812.1524363366,12195.6830206583,49516.3876481981,3105.0769738501,4772.1436662135,0.888424,6.79171,-1.017872,0.477537,-0.430271,-0.705148,-0.299319
1403636983.80336,-5378.488169,-129.917364,-640.574173,0.431988,-0.651391,0.511201,0.357422,0.0058375808,-0.0013047897,-0.0011521639,0.0004677559,0.0003231907,0.0005109881,42015.4138257071,11859.7264762438,12240.2479489178,49685.2377816315,3113.1662290278,4789.7052635331,0.865814,6.830644,-1.016139,0.475228,-0.430675,-0.706249,-0.299817
1403636983.95336,-5403.753069,-123.324553,-644.214435,0.433104,-0.655689,0.507101,0.354036,0.0058205097,-0.0013106615,-0.0012279835,0.0004720507,0.0003430727,0.0005461515,42458.6676832192,12003.2895744843,12374.8137045283,50190.0214614529,3137.3733832865,4842.7343440851,0.79448,6.945382,-1.002181,0.469837,-0.434303,-0.70824,-0.298379
1403636984.00336,-5412.214653,-121.707296,-645.44723,0.433063,-0.656811,0.506267,0.353199,0.0058174118,-0.0013156241,-0.0012442151,0.0004746895,0.0003481191,0.0005542035,42629.0738757548,12076.6300401681,12427.0167614442,50358.8202184716,3146.6580359763,4863.0126361169,0.768884,6.983925,-0.994203,0.468641,-0.435439,-0.70851,-0.297963
1403636984.05336,-5420.684764,-120.086542,-646.681127,0.433103,-0.658238,0.505359,0.351792,0.0058095019,-0.0013238644,-0.0012661283,0.0004792442,0.0003556417,0.0005651556,42778.3006955882,12125.1180281611,12472.3310002049,50530.2124595521,3154.8256102991,4880.8715564974,0.742438,7.022811,-0.985476,0.467257,-0.436824,-0.708901,-0.29718
1403636984.10336,-5429.163271,-118.462497,-647.917057,0.432658,-0.659058,0.504608,0.351881,0.0058125496,-0.001325231,-0.0012737076,0.0004798096,0.0003574955,0.0005691421,42927.9766821117,12173.7653942204,12517.7869017909,50702.118801933,3163.0084954431,4898.7874172077,0.715107,7.062212,-0.976765,0.466538,-0.437589,-0.708763,-0.297512
1403636984.20336,-5445.980281,-114.495389,-650.337443,0.429263,-0.658577,0.505477,0.355672,0.0058467706,-0.0013294826,-0.0012314593,0.0004798779,0.0003462396,0.0005496007,43228.4069483983,12270.4242998481,12609.0256592102,51042.6466418495,3179.0105008381,4934.7543536561,0.658641,7.142803,-0.963229,0.468935,-0.437122,-0.706169,-0.300583
1403636984.25336,-5454.481832,-112.860042,-651.582566,0.426082,-0.657898,0.507303,0.358146,0.005867558,-0.0013445527,-0.0011883623,0.0004857374,0.0003379427,0.0005305623,43388.4784837754,12328.7911384589,12657.40096482,51211.1423233317,3187.3283113704,4953.6135654671,0.629208,7.183572,-0.958985,0.471924,-0.436905,-0.703614,-0.302208
1403636984.30336,-5462.991166,-111.221433,-652.831495,0.424374,-0.657024,0.507792,0.361073,0.0058926651,-0.0013389689,-0.0011575446,0.0004816286,0.000327963,0.0005171756,43539.9729978872,12378.1005628034,12703.4247932081,51385.0191178713,3195.5687594702,4971.7572473533,0.599165,7.224687,-0.956918,0.473491,-0.435852,-0.70213,-0.304721
1403636984.40336,-5480.032704,-107.933145,-655.340424,0.420514,-0.656525,0.509468,0.364124,0.0059204078,-0.0013556381,-0.0011105342,0.000488021,0.0003185677,0.0004982668,43844.3129972377,12477.2151193112,12795.8969578045,51734.2731040308,3212.0945853785,5008.2155144507,0.537495,7.307589,-0.959068,0.476591,-0.435764,-0.699115,-0.306936
1403636984.45336,-5488.565072,-106.28337,-656.59999,0.419222,-0.655971,0.509734,0.366232,0.0059393244,-0.001351999,-0.0010889241,0.0004852652,0.000311688,0.0004897233,43997.1650498997,12527.022619219,12842.3473188174,51909.656339864,3220.3800728275,5026.5308193968,0.505814,7.348895,-0.962741,0.477712,-0.435074,-0.698016,-0.308666
1403636984.55337,-5505.718437,-104.188031,-659.229126,0.41714,-0.655542,0.510453,0.368371,0.0059631854,-0.0013571588,-0.0010618182,0.0004866207,0.0003050629,0.0004796551,44304.2530853001,12627.0703708972,12935.6765469194,52260.3548979202,3236.8651204516,5063.3251639293,0.440971,7.430515,-0.974075,0.479264,-0.434673,-0.696387,-0.3105
1403636984.60337,-5514.275982,-102.527128,-660.49641,0.416483,-0.655306,0.51078,0.369079,0.0059735159,-0.0013592087,-0.0010525911,0.0004872774,0.0003028867,0.0004762968,44442.6620642125,12659.9499862351,12977.5603149477,52439.4021954745,3244.4796992714,5080.078054119,0.407703,7.47061,-0.979873,0.479842,-0.434399,-0.695958,-0.310953
1403636984.65337,-5522.841329,-100.861827,-661.764113,0.416204,-0.655235,0.510935,0.369305,0.0059812227,-0.0013611592,-0.0010498074,0.0004880635,0.0003023586,0.0004754365,44597.3405687443,12710.4105229744,13024.5895023636,52616.8667542088,3252.8260355242,5098.625929222,0.373896,7.510325,-0.984274,0.479975,-0.434255,-0.695907,-0.311064
1403636984.75337,-5539.998131,-97.516064,-664.30136,0.41491,-0.654633,0.512642,0.369462,0.0059952398,-0.0013782601,-0.0010305923,0.0004961067,0.0003006864,0.0004686531,44908.1790380592,12811.9013997584,13119.1150177,52973.4018629088,3269.5680954198,5135.9076889043,0.304986,7.587933,-0.98794,0.48179,-0.433781,-0.695162,-0.310584
1403636984.85337,-5557.189695,-94.150948,-666.842857,0.412042,-0.655401,0.516071,0.366526,0.0059833056,-0.0014388919,-0.001016907,0.0005272479,0.0003093772,0.0004647213,45220.9784814857,12914.1456927735,13214.2606111913,53332.0890589228,3286.3767823596,5173.4371642445,0.234748,7.663913,-0.986844,0.484446,-0.435808,-0.69365,-0.306976
1403636984.90337,-5565.798728,-92.460307,-668.115561,0.410253,-0.656172,0.517976,0.364461,0.0059712404,-0.0014773133,-0.0010123202,0.0005478801,0.0003159388,0.0004637862,45378.1254156246,12965.5659613496,13262.070828981,53512.2497654196,3294.8075769944,5192.2968670804,0.199757,7.700837,-0.984543,0.485886,-0.437419,-0.69268,-0.304589
1403636984.95337,-5574.416926,-90.764121,-669.389362,0.408959,-0.656261,0.519106,0.364148,0.0059727862,-0.0014952853,-0.0010017652,0.0005573544,0.0003164787,0.0004603958,45535.7761884925,13017.1896916129,13310.0418102992,53692.966179596,3303.2567457368,5211.2209428357,0.165084,7.736966,-0.980748,0.487059,-0.437857,-0.691862,-0.303943
1403636985.15337,-5608.977855,-83.928193,-674.505601,0.410647,-0.657122,0.516194,0.364833,0.0060042921,-0.0014697636,-0.0010356737,0.0005432878,0.0003194233,0.0004735174,46171.3198756506,13225.6634692111,13503.5031028607,54421.3314521708,3337.2338762182,5287.5515409484,0.029252,7.876352,-0.962215,0.483922,-0.437413,-0.693749,-0.305291
1403636985.30337,-5634.98022,-78.755533,-678.387558,0.410772,-0.656574,0.514188,0.368494,0.0060483562,-0.0014360798,-0.0010295852,0.0005241793,0.0003096533,0.0004715714,46652.9633187514,13383.9579289368,13650.1792000296,54973.1201869239,3362.8894264606,5345.4381890116,-0.07294,7.978239,-0.972641,0.482847,-0.435698,-0.693931,-0.30901
1403636985.35337,-5643.143976,-76.104868,-679.562038,0.411557,-0.655989,0.514018,0.368897,0.0060607556,-0.0014262793,-0.0010306374,0.0005191203,0.0003078863,0.0004718318,46814.2394826298,13436.6874523681,13699.3165435381,55157.3916902032,3371.374896614,5364.8414043967,-0.107643,8.01165,-0.980865,0.482676,-0.434684,-0.694647,-0.309094
1403636985.40337,-5651.833829,-74.366121,-680.865147,0.413329,-0.654297,0.514718,0.368944,0.0060768737,-0.0014130369,-0.0010269108,0.0005125629,0.0003045141,0.000469964,46989.1365044452,13500.4521192452,13751.2388268737,55326.7440592986,3379.2819603612,5384.848660678,-0.142837,8.044329,-0.98856,0.482905,-0.432476,-0.696106,-0.308553
1403636985.50337,-5669.239485,-70.874734,-683.472216,0.420946,-0.647857,0.516763,0.368839,0.0061249355,-0.0013529604,-0.0010214787,0.0004844088,0.0002927983,0.0004654815,47314.7800403448,13607.7153006953,13850.4370123233,55699.3035390739,3396.5202854073,5424.0022637425,-0.215382,8.108681,-0.99944,0.483303,-0.424136,-0.701991,-0.306163
1403636985.60337,-5685.877448,-66.172718,-685.896588,0.426352,-0.640857,0.52034,0.369827,0.0061755564,-0.0013067363,-0.0009852909,0.0004637867,0.0002767923,0.0004504678,47640.6554923108,13713.2748840954,13949.8621751225,56070.7095634073,3413.2468237266,5463.317335035,-0.289755,8.170213,-1.002673,0.48601,-0.415571,-0.706145,-0.304063
1403636985.65337,-5694.609282,-64.407559,-687.200268,0.429222,-0.637467,0.521182,0.371178,0.0062052138,-0.001271138,-0.0009699955,0.0004480906,0.0002672226,0.0004442624,47822.3870639089,13780.3478579214,14003.0357005366,56233.6776385163,3420.6624254782,5483.581504494,-0.327746,8.199567,-1.00153,0.486599,-0.411155,-0.708251,-0.304228
1403636985.80337,-5720.855684,-59.080642,-691.113647,0.431874,-0.628494,0.526296,0.376154,0.0062835646,-0.0012170889,-0.0008748815,0.0004249855,0.0002382691,0.0004123364,48319.6402195068,13944.6051841428,14154.5600758348,56801.3811887609,3446.7646501227,5543.3889449597,-0.444883,8.281041,-0.988251,0.492383,-0.400715,-0.709769,-0.305311
1403636985.90337,-5738.393958,-55.50364,-693.727853,0.423558,-0.618725,0.536795,0.386818,0.0063588065,-0.0012251191,-0.0006384457,0.0004259449,0.0001903669,0.0003516799,48653.7534536109,14055.1103477469,14256.3933933334,57182.581911694,3464.2437989782,5583.5856463971,-0.525925,8.330034,-0.975122,0.507061,-0.39215,-0.702064,-0.310186
1403636986.00337,-5755.961494,-51.904799,-696.355479,0.413713,-0.609164,0.546899,0.398324,0.0064154204,-0.0012333629,-0.0003869059,0.0004273494,0.0001400522,0.0003091352,48989.9296210151,14166.435366401,14358.871271452,57565.8917513583,3481.7851621888,5624.0398453595,-0.607568,8.372264,-0.967976,0.522288,-0.383909,-0.69271,-0.3162
1403636986.05337,-5764.755891,-50.096062,-697.676081,0.413112,-0.607194,0.547463,0.401171,0.0064355389,-0.0012135373,-0.0003506381,0.0004190028,0.0001314797,0.0003050845,49158.7985498004,14222.4256241559,14410.3552463759,57758.3329607228,3490.5808357055,5644.3650971391,-0.647491,8.38978,-0.968242,0.523863,-0.381452,-0.691866,-0.31841
1403636986.10337,-5773.557206,-48.280969,-699.001018,0.413822,-0.607494,0.547812,0.399506,0.0064367974,-0.0012235757,-0.0003657828,0.0004235466,0.000135413,0.0003070059,49328.1933703631,14278.6359187367,14462.0034783001,57951.2940204179,3499.3926821634,5664.7559332517,-0.687027,8.4047,-0.971038,0.523542,-0.38169,-0.692701,-0.316833
1403636986.15337,-5782.365498,-46.459715,-700.330061,0.417251,-0.610029,0.545567,0.395124,0.0064308444,-0.0012284268,-0.000444941,0.0004264674,0.0001518743,0.0003177772,49498.1142606191,14335.0637469812,14513.8159128561,58144.7775147936,3508.2204944747,5685.2123204495,-0.726272,8.417197,-0.976167,0.51932,-0.383607,-0.696184,-0.313816
1403636986.30337,-5808.83587,-40.95937,-704.335557,0.429687,-0.619646,0.536092,0.379491,0.0063883981,-0.0012367691,-0.0007388709,0.0004338523,0.0002134609,0.0003761899,50011.0823923076,14505.6649360465,14670.2585345708,58728.477368433,3534.8034874074,5746.9829447593,-0.842553,8.441848,-0.998566,0.502776,-0.391327,-0.708554,-0.303367
1403636986.35337,-5817.675136,-39.115167,-705.675506,0.432675,-0.621459,0.533504,0.376768,0.0063824886,-0.0012277515,-0.0008020607,0.0004310538,0.000225404,0.0003927204,50183.1329431561,14562.95217523,14722.739306196,58924.1494517983,3543.6969716984,5767.7064279195,-0.881631,8.447215,-1.00707,0.498692,-0.392459,-0.711487,-0.301781
1403636986.40337,-5826.522145,-37.265952,-707.017896,0.433069,-0.623603,0.533858,0.372244,0.0063611209,-0.0012670258,-0.0008427197,0.0004486411,0.0002400814,0.0004043328,50355.7110710582,14620.4434523813,14775.3851841257,59120.3710916777,3552.6059300188,5788.495938442,-0.921234,8.451133,-1.016344,0.497354,-0.395082,-0.7126,-0.29791
1403636986.45337,-5835.377359,-35.41191,-708.362203,0.432035,-0.625332,0.53546,0.368224,0.0063400736,-0.001318007,-0.0008608347,0.0004718115,0.0002521992,0.0004100418,50528.8196090652,14678.1383686488,14828.1977910825,59317.1569975649,3561.5308936403,5809.3522233987,-0.961326,8.454229,-1.025642,0.497659,-0.397783,-0.712518,-0.293977
1403636986.50337,-5844.241157,-33.552893,-709.707712,0.431138,-0.62695,0.536915,0.364385,0.0063196575,-0.001365228,-0.0008787241,0.0004942721,0.0002640774,0.0004158275,50702.4650299217,14736.0413991987,14881.1799550563,59514.5201608403,3570.4725499591,5830.2764182212,-1.001797,8.456526,-1.034162,0.497888,-0.400202,-0.712509,-0.290307
1403636986.55337,-5853.11429,-31.6887,-711.052923,0.428911,-0.628059,0.539645,0.361055,0.0063000745,-0.0014230531,-0.000874009,0.00052249,0.0002725644,0.000415017,50876.6619515755,14794.1585497319,14934.3370001639,59712.4830913459,3579.4317275354,5851.270496808,-1.042617,8.458342,-1.040231,0.499802,-0.402608,-0.711301,-0.286632
1403636986.65337,-5870.889459,-27.942628,-713.744867,0.426631,-0.629444,0.542556,0.356959,0.0062807972,-0.0014887482,-0.0008746196,0.0005562947,0.0002836859,0.0004161273,51226.7312794334,14911.0835542299,15041.1882707535,60110.2473127212,3597.4090440723,5893.4744887043,-1.122693,8.459068,-1.046091,0.501504,-0.405269,-0.710388,-0.282135
1403636986.70337,-5879.791944,-26.0616,-715.091237,0.424778,-0.630347,0.544689,0.354316,0.0062646869,-0.0015346151,-0.0008705322,0.000580847,0.0002903647,0.0004154987,51402.5976547072,14969.8812508785,15094.8813368589,60310.0651299403,3606.4272538655,5914.6841943342,-1.162183,8.459021,-1.045543,0.502999,-0.407157,-0.709395,-0.27924
1403636986.80337,-5897.627638,-22.28529,-717.784799,0.421295,-0.631807,0.548567,0.349863,0.0062373209,-0.0016152772,-0.0008592246,0.000626036,0.0003009242,0.0004132868,51755.9731386325,15088.1294648713,15202.7991421145,60711.6117537763,3624.5241243485,5957.3187533279,-1.240258,8.46023,-1.037381,0.505764,-0.410361,-0.707541,-0.274213
1403636986.85337,-5906.561179,-20.389105,-719.132266,0.41989,-0.631553,0.549681,0.350263,0.0062433066,-0.0016281318,-0.000840825,0.0006328131,0.0002976739,0.000408323,51933.4970693729,15147.5987080878,15257.0300183358,60913.354745469,3633.604678739,5978.7462256109,-1.278034,8.460949,-1.02969,0.507185,-0.410359,-0.706558,-0.274124
1403636986.90337,-5915.505232,-18.4876,-720.480265,0.418949,-0.632071,0.550152,0.349716,0.006242358,-0.0016433461,-0.0008393639,0.0006414538,0.0002995921,0.00040843,52111.5794628545,15207.298895282,15311.442795841,61115.7481554448,3642.7068392008,6000.2474711887,-1.314914,8.461846,-1.019666,0.507526,-0.411154,-0.706068,-0.273565
1403636986.95337,-5924.459959,-16.581148,-721.828508,0.418761,-0.631547,0.549927,0.351237,0.0062596412,-0.0016326394,-0.0008295084,0.0006345307,0.0002947218,0.0004058725,52290.2190503629,15267.2250105743,15366.0370883586,61318.798025349,3651.8303913654,6021.8223663679,-1.351117,8.4632,-1.007152,0.507788,-0.41028,-0.705881,-0.274872
1403636987.05337,-5942.400317,-12.751805,-724.528159,0.419219,-0.630986,0.547255,0.355843,0.0063046867,-0.0015850217,-0.0008239566,0.000605947,0.000284568,0.0004050402,52649.1793337763,15387.7816376221,15475.7734427255,61726.843757573,3670.1427342732,6065.1945867735,-1.420448,8.465864,-0.976175,0.506504,-0.408347,-0.706054,-0.279632
1403636987.10337,-5951.38478,-10.829042,-725.881037,0.419209,-0.63074,0.546225,0.357868,0.0063244879,-0.0015662508,-0.0008192495,0.0005948911,0.0002799005,0.0004041259,52829.4923437369,15448.4057304917,15530.9107236709,61931.8066920236,3679.3294613154,6086.9898360135,-1.4539,8.46662,-0.959728,0.506105,-0.407479,-0.705983,-0.281793
1403636987.20337,-5969.38053,-6.968822,-728.59708,0.417864,-0.630792,0.545257,0.360814,0.0063519519,-0.0015529335,-0.0008038351,0.0005862947,0.0002729311,0.0004009407,53191.7428133018,15570.3197212408,15641.7089199443,62343.5698126832,3697.7615861813,6130.7935601314,-1.518902,8.467442,-0.929709,0.506201,-0.406993,-0.704999,-0.284769
1403636987.25337,-5978.39138,-5.031511,-729.960987,0.415877,-0.631276,0.546244,0.360769,0.0063514204,-0.0015751372,-0.0007896957,0.0005977981,0.0002722801,0.000397814,53373.6752085893,15631.6069369832,15697.3677761258,62550.3602201166,3707.0064324525,6152.8012969012,-1.550502,8.467444,-0.917043,0.507364,-0.407962,-0.703689,-0.284554
1403636987.45337,-6014.519409,2.765659,-735.455562,0.414608,-0.627817,0.548172,0.365311,0.0064109982,-0.0015547412,-0.0007260129,0.000584986,0.0002520789,0.0003824516,54106.8210318973,15878.954134524,15921.7391814022,63383.5485101999,3744.1721299889,6241.5385519826,-1.67255,8.463668,-0.88295,0.510608,-0.403848,-0.7026,-0.2873
1403636987.50337,-6023.572717,4.727483,-736.837564,0.413558,-0.624882,0.550347,0.368253,0.0064386747,-0.0015436049,-0.000670388,0.0005781897,0.0002363045,0.0003694313,54291.4853506941,15941.3509084814,15978.2727555788,63593.3615499659,3753.5099185774,6263.9016663998,-1.702142,8.461363,-0.877239,0.513796,-0.400751,-0.701461,-0.28873
1403636987.65337,-6050.782984,10.646454,-741.004537,0.413135,-0.618036,0.553766,0.375091,0.0065110111,-0.0014935926,-0.0005637731,0.0005511391,0.0002041822,0.0003477478,54848.8538650804,16129.9485646299,16148.9519598657,64226.4362323551,3781.6367185564,6331.4278961762,-1.787146,8.447905,-0.867324,0.519175,-0.392785,-0.700417,-0.292566
1403636987.70337,-6059.870119,12.63108,-742.399815,0.413479,-0.61659,0.554499,0.376009,0.0065268618,-0.0014835887,-0.0005471751,0.000546129,0.0001992979,0.0003447808,55035.7861216184,16193.293970486,16206.2101096934,64438.6847109256,3791.0506555293,6354.0843290523,-1.81411,8.440897,-0.865652,0.520046,-0.391036,-0.70064,-0.292826
1403636987.80337,-6078.07129,16.619209,-745.195292,0.413861,-0.61493,0.556943,0.374694,0.006537706,-0.0014975838,-0.0005321455,0.0005537245,0.0001976164,0.0003420999,55411.4233012934,16320.7333331737,16321.2928354709,64865.063635787,3809.9373897608,6399.6252850089,-1.865949,8.422469,-0.859801,0.5218,-0.389434,-0.701225,-0.29043
1403636987.85337,-6087.186225,18.622698,-746.594003,0.414065,-0.614525,0.557952,0.373629,0.0065401371,-0.0015079284,-0.0005312963,0.0005592813,0.0001986743,0.000341997,55600.1420800571,16384.8318679751,16379.1229999178,65079.2243070174,3819.4112539501,6422.5120404675,-1.890829,8.411483,-0.853942,0.5222,-0.389101,-0.701685,-0.289043
1403636987.95337,-6105.444469,22.649339,-749.395555,0.413555,-0.616246,0.561422,0.366086,0.0065057319,-0.0015903136,-0.000561962,0.0006039541,0.0002155577,0.0003474978,55979.386807917,16513.8064056607,16495.3644458282,65509.4885831521,3838.421809606,6468.5200701455,-1.93748,8.385172,-0.838042,0.523108,-0.392219,-0.702399,-0.281354
1403636988.00337,-6114.587714,24.671308,-750.798995,0.413268,-0.618219,0.563041,0.360554,0.0064746273,-0.0016472318,-0.0005947578,0.0006365869,0.0002308931,0.0003538521,56169.8928182966,16578.6646347153,16553.7698385413,65725.5946604446,3847.957813129,6491.6394125506,-1.95971,8.370828,-0.828883,0.52283,-0.395172,-0.703052,-0.276063
1403636988.05337,-6123.740247,26.698742,-752.20584,0.413219,-0.620626,0.563933,0.35504,0.0064421711,-0.0016997958,-0.0006361858,0.000668187,0.0002488527,0.0003625888,56360.9744149714,16643.7684897333,16612.3620597799,65942.3507780494,3857.5151368676,6514.8350876534,-1.980689,8.355796,-0.820297,0.521856,-0.39844,-0.703839,-0.271153
1403636988.10337,-6132.901957,28.73131,-753.616433,0.412846,-0.62265,0.565055,0.350111,0.006411658,-0.001749854,-0.0006677034,0.0006993915,0.0002645257,0.0003697747,56552.6255293085,16709.112870805,16671.1391656395,66159.7552894724,3867.0934570755,6538.1064430956,-2.000679,8.340436,-0.812975,0.521364,-0.401423,-0.704274,-0.266527
1403636988.15337,-6142.073112,30.768927,-755.031048,0.412579,-0.624451,0.565521,0.346448,0.0063892972,-0.001786158,-0.0006956417,0.0007227756,0.0002777875,0.0003766276,56744.8443222544,16774.6996325948,16730.1018108939,66377.8194548337,3876.6937064959,6561.4540644875,-2.019395,8.324956,-0.807035,0.520503,-0.403825,-0.70475,-0.263305
1403636988.20337,-6151.253966,32.811444,-756.449424,0.411161,-0.625759,0.566881,0.343537,0.0063680095,-0.0018277865,-0.000702709,0.0007497159,0.0002858015,0.0003788464,56937.6324150848,16840.5280459045,16789.2509311627,66596.5526995283,3886.3161325687,6584.8784007175,-2.036901,8.30963,-0.802217,0.521046,-0.406005,-0.704156,-0.260451
1403636988.25337,-6160.444796,34.858909,-757.871424,0.409146,-0.626232,0.568436,0.342511,0.0063586154,-0.0018588093,-0.0006890719,0.0007695881,0.0002858202,0.0003762339,57130.9912868744,16906.6019253892,16848.5881698242,66815.9669274508,3895.96164979,6608.3803166814,-2.052989,8.294683,-0.798324,0.522453,-0.407217,-0.702915,-0.25909
1403636988.30337,-6169.64578,36.911426,-759.296457,0.405107,-0.625798,0.571501,0.343004,0.0063526468,-0.00189768,-0.0006382897,0.0007941046,0.0002748106,0.0003655412,57324.928843459,16972.923605276,16908.1158532812,67036.0683325067,3905.6302337219,6631.9605853964,-2.067766,8.280077,-0.79474,0.526158,-0.407972,-0.699899,-0.258576
1403636988.40337,-6188.080468,41.033266,-762.153057,0.397471,-0.622972,0.576748,0.34826,0.0063724017,-0.0019325244,-0.0005094218,0.0008137039,0.0002370598,0.0003418599,57714.5896848198,17106.3540257318,17027.7635563081,67478.4132534175,3925.0424367485,6679.3648892421,-2.092116,8.252096,-0.785329,0.534246,-0.406515,-0.69352,-0.261452
1403636988.45337,-6197.314797,43.103628,-763.583679,0.395394,-0.621262,0.577991,0.351602,0.0063945081,-0.0019255199,-0.0004591437,0.0008070683,0.0002200098,0.0003342125,57910.3399990947,17173.4851299739,17087.8932869157,67700.6799497029,3934.7879897383,6703.1926876029,-2.101118,8.238156,-0.778164,0.536868,-0.404793,-0.691609,-0.263805
1403636988.50337,-6206.560267,45.181588,-765.015631,0.393516,-0.619812,0.579044,0.354523,0.0064136408,-0.0019198299,-0.0004152068,0.0008016378,0.0002053455,0.0003283316,58106.7267565449,17240.9159118148,17148.2339404546,67923.6727101914,3944.5606467859,6727.1067151702,-2.107488,8.223216,-0.768916,0.53913,-0.403306,-0.689898,-0.26594
1403636988.55337,-6215.816685,47.266461,-766.449458,0.392023,-0.619045,0.580191,0.35564,0.0064212269,-0.0019262798,-0.0003875448,0.000805153,0.0001970874,0.00032505,58303.7379031682,17308.6348635643,17208.7813973581,68147.3872742516,3954.3596441392,6751.1054979244,-2.111481,8.207547,-0.758261,0.540829,-0.402689,-0.688698,-0.266537
1403636988.60337,-6225.083971,49.358657,-767.885496,0.390938,-0.618446,0.580937,0.356656,0.0064298912,-0.0019293366,-0.0003668565,0.0008064634,0.0001907315,0.0003228925,58501.3793850584,17376.6502341427,17269.5377463862,68371.8233629009,3964.185534306,6775.1899129942,-2.112986,8.191075,-0.746553,0.542108,-0.402118,-0.687808,-0.267097
1403636988.70337,-6243.649162,53.561503,-770.767916,0.389255,-0.618085,0.582168,0.357117,0.0064380232,-0.0019443942,-0.0003447383,0.0008157425,0.0001848161,0.0003211187,58898.478606634,17513.5044711385,17391.6501701718,68822.8043892633,3983.912335258,6823.605556381,-2.109835,8.15654,-0.724294,0.543577,-0.401987,-0.686745,-0.267044
1403636988.90337,-6280.897465,62.041099,-776.582976,0.384037,-0.615658,0.585802,0.360994,0.0064644662,-0.0019664918,-0.0002522161,0.0008279749,0.0001566746,0.0003137214,59699.9206443408,17790.516940409,17638.2633899682,69733.1099616531,4023.6630880055,6921.4211076439,-2.078961,8.07908,-0.694521,0.548981,-0.400151,-0.682744,-0.269
1403636988.95337,-6290.23431,64.176765,-778.047512,0.381811,-0.615346,0.587547,0.361052,0.0064587777,-0.001989235,-0.0002247393,0.0008432721,0.0001490937,0.0003119207,59901.8044734566,17860.4718760204,17700.4198366971,69962.4415989029,4033.6640321385,6946.0825557011,-2.065761,8.057789,-0.690355,0.55104,-0.400356,-0.681114,-0.268617
1403636989.00337,-6299.581226,66.319071,-779.516386,0.380387,-0.615083,0.588342,0.361709,0.0064616853,-0.0019983796,-0.0002057485,0.0008490229,0.0001433649,0.0003110624,60104.3048909431,17930.7169382762,17762.7808065975,70192.4853760763,4043.6913495975,6970.8284971047,-2.049978,8.035613,-0.687358,0.552287,-0.400304,-0.680002,-0.268949
1403636989.10337,-6318.305758,70.624387,-782.466694,0.377548,-0.615012,0.589919,0.362235,0.0064615414,-0.0020234718,-0.000175596,0.0008656796,0.0001346042,0.0003101377,60511.18073769,18072.0973504576,17888.1252324807,70654.7314274385,4063.8267618819,7020.5774416028,-2.010303,7.987782,-0.684635,0.554365,-0.400837,-0.678019,-0.268885
1403636989.15337,-6327.683405,72.78722,-783.947823,0.376669,-0.615402,0.590294,0.361875,0.0064602318,-0.0020362101,-0.000173265,0.0008744193,0.0001343554,0.0003105011,60715.5587658042,18143.2308682378,17951.1092953788,70886.9376904521,4073.9345311014,7045.5806424774,-1.986562,7.962446,-0.684567,0.554716,-0.401412,-0.677544,-0.268499
1403636989.20337,-6337.071565,74.957032,-785.432234,0.376813,-0.615931,0.589583,0.361984,0.0064685059,-0.0020346001,-0.0001830616,0.0008727275,0.0001374448,0.0003117164,60920.5748896659,18214.6648518575,18014.3048557903,71119.8758925772,4084.0692191108,7070.6709558571,-1.960284,7.936114,-0.684659,0.554009,-0.401668,-0.67783,-0.268855
1403636989.30337,-6355.880857,79.317371,-788.408769,0.384847,-0.618673,0.58081,0.363037,0.0065354745,-0.0019446643,-0.0003089648,0.0008093813,0.0001725276,0.0003237537,61332.5356847634,18358.4417468393,18141.338620356,71588.0053691478,4104.4218414162,7121.1166507781,-1.899635,7.88096,-0.682705,0.544463,-0.400903,-0.684465,-0.272665
1403636989.35337,-6365.302319,81.506618,-789.898997,0.39095,-0.620331,0.574559,0.363634,0.0065776147,-0.0018750382,-0.0003999288,0.0007637517,0.0001950489,0.0003351343,61539.4769869669,18430.7610711731,18205.1744418116,71823.2079071701,4114.6374158519,7146.470740252,-1.866502,7.853043,-0.679029,0.537454,-0.400067,-0.689462,-0.275199
1403636989.40337,-6374.734299,83.703059,-791.390794,0.397054,-0.62297,0.568377,0.36222,0.0066014535,-0.0018215187,-0.0005091907,0.0007310343,0.0002223847,0.0003519473,61747.0785532735,18503.3843593843,18269.2271974724,72059.1469429393,4124.8786257743,7171.9135596602,-1.83122,7.823431,-0.673663,0.529825,-0.400499,-0.694748,-0.276067
1403636989.45337,-6384.177042,85.905017,-792.883114,0.402186,-0.625574,0.56349,0.359699,0.0066099901,-0.0017877713,-0.0006095094,0.0007118367,0.0002477577,0.00037058,61955.3223751601,18576.2810906997,18333.4904397421,72295.8304353709,4135.1432267858,7197.442505651,-1.794979,7.793545,-0.665983,0.523105,-0.401506,-0.699403,-0.275664
1403636989.50337,-6393.629996,88.11326,-794.376507,0.405345,-0.627404,0.560176,0.358137,0.0066158081,-0.0017662662,-0.0006753961,0.0006998444,0.0002638807,0.0003847502,62164.2174536358,18649.463259594,18397.9662137824,72533.2423313736,4145.4311740189,7223.0582319411,-1.757524,7.762595,-0.656402,0.518775,-0.402279,-0.702293,-0.27537
1403636989.75337,-6441.038239,99.22653,-801.874988,0.415999,-0.629514,0.547918,0.361168,0.0067019373,-0.0016130346,-0.0008315304,0.0006144314,0.0002839469,0.0004242849,63218.0433264773,19019.2256533587,18723.3789810923,73730.9571384982,4197.1823858656,7352.3800736618,-1.565662,7.607155,-0.602931,0.505538,-0.399179,-0.711156,-0.281684
1403636989.80337,-6450.54575,101.462384,-803.384715,0.416307,-0.629869,0.547484,0.360854,0.0067069114,-0.0016127959,-0.0008419704,0.0006143862,0.0002865007,0.0004274493,63430.6409869362,19093.915852015,18789.0506888939,73972.5464121982,4207.589047126,7378.4859187808,-1.527636,7.575747,-0.595846,0.504812,-0.399302,-0.711637,-0.281595
1403636989.85337,-6460.061659,103.702433,-804.897911,0.415714,-0.629728,0.547977,0.361033,0.0067137263,-0.0016190716,-0.0008339126,0.0006174629,0.000285223,0.0004256556,63643.8484662044,19168.8478865947,18854.9178152909,74214.8132988199,4218.013742421,7404.6718337324,-1.490038,7.544462,-0.590291,0.505293,-0.399218,-0.711383,-0.281493
1403636989.90337,-6469.586186,105.946838,-806.414291,0.413994,-0.62922,0.549378,0.361765,0.0067215346,-0.0016334894,-0.0008064964,0.0006244901,0.0002800202,0.0004189174,63857.6720615744,19244.0264811173,18920.9828589595,74457.766820711,4228.4570138312,7430.9388501056,-1.452776,7.513329,-0.585906,0.507141,-0.399067,-0.710119,-0.281576
1403636990.00337,-6488.66124,110.44987,-809.456243,0.408315,-0.626912,0.554035,0.365109,0.0067434632,-0.0016708548,-0.0007039612,0.0006424328,0.0002577021,0.0003952249,64287.1970484121,19395.1473076024,19053.7161425963,74945.7439244289,4249.4005431864,7483.7197502616,-1.3787,7.4505,-0.580071,0.513641,-0.397899,-0.705569,-0.282882
1403636990.05337,-6498.212516,112.70917,-810.980458,0.405802,-0.625555,0.555688,0.367717,0.006760703,-0.0016758279,-0.0006522471,0.0006438573,0.000244345,0.0003846423,64502.9223986605,19471.1066693428,19120.3933873464,75190.7961782175,4259.9025200019,7510.2371601119,-1.34156,7.418555,-0.576993,0.516486,-0.396779,-0.70345,-0.284549
1403636990.10337,-6507.77328,114.973832,-812.505834,0.40387,-0.624484,0.557332,0.369175,0.0067716598,-0.0016855785,-0.0006131084,0.0006483983,0.0002350023,0.0003772215,64719.3024941883,19547.3362183954,19187.2817157305,75436.5693811095,4270.4247258937,7536.8405881737,-1.304426,7.386164,-0.57275,0.518818,-0.396035,-0.701891,-0.285192
1403636990.15337,-6517.343715,117.244526,-814.032095,0.403298,-0.623858,0.557732,0.370251,0.0067844194,-0.0016828404,-0.0005968141,0.0006464299,0.0002302957,0.0003745067,64936.3528907913,19623.8501747706,19254.3864965251,75683.0714523876,4280.9681873387,7563.5321154897,-1.26699,7.352917,-0.566823,0.519675,-0.395245,-0.701412,-0.285905
1403636990.20337,-6526.923815,119.521118,-815.559559,0.403977,-0.623779,0.556973,0.370787,0.0067976711,-0.0016704185,-0.0006038303,0.0006395388,0.0002306871,0.0003762292,65154.0715424919,19700.6473386933,19321.7072592044,75930.304100628,4291.5329810237,7590.311688834,-1.22919,7.318948,-0.559577,0.518961,-0.394676,-0.701989,-0.286568
1403636990.30337,-6546.11284,124.091243,-818.617172,0.408073,-0.62464,0.554049,0.36923,0.0068158004,-0.001639854,-0.0006688037,0.0006241695,0.0002441039,0.0003896717,65591.5095849374,19855.0772894054,19456.9946055217,76426.9621753753,4312.7247432797,7644.1339487464,-1.153445,7.24975,-0.540413,0.514693,-0.39418,-0.705667,-0.285916
1403636990.40337,-6565.339569,128.684448,-821.67934,0.412234,-0.625276,0.551454,0.367411,0.0068316112,-0.0016112928,-0.0007321387,0.0006104211,0.0002568435,0.0004038656,66031.6307656329,20010.6310178692,19593.1461228489,76926.528340559,4333.998452902,7698.3081163631,-1.077293,7.177638,-0.5158,0.510673,-0.393448,-0.709368,-0.284972
1403636990.45337,-6574.965798,130.988319,-823.214184,0.413105,-0.625543,0.551653,0.365676,0.0068301817,-0.0016202686,-0.0007500409,0.0006157368,0.0002627557,0.0004081251,66252.6625355365,20088.7986103819,19661.532286437,77177.3617505801,4344.6626377031,7725.52184309,-1.039896,7.14067,-0.503915,0.509995,-0.393643,-0.710422,-0.283287
1403636990.55337,-6594.243254,135.609852,-826.294357,0.415241,-0.626189,0.551437,0.362462,0.0068294879,-0.0016304308,-0.0007919237,0.0006223749,0.0002751641,0.0004184927,66696.6366951524,20245.9065587075,19798.9170283771,77681.1178727335,4366.046155086,7780.2003563447,-0.966015,7.065291,-0.484184,0.508163,-0.393997,-0.712733,-0.280266
1403636990.60337,-6603.89473,137.927254,-827.8399,0.416566,-0.626389,0.551016,0.361235,0.0068324398,-0.001628579,-0.0008136277,0.0006220243,0.0002805929,0.0004240584,66919.5766566286,20324.8457045244,19867.9158645737,77934.0530776316,4376.7660637662,7807.6655771402,-0.929398,7.027147,-0.47636,0.506993,-0.393903,-0.714036,-0.279196
1403636990.70337,-6623.223853,142.57497,-830.942127,0.419231,-0.626404,0.549978,0.359704,0.0068448741,-0.0016154441,-0.0008504133,0.000616184,0.000288227,0.0004338232,67367.3623464405,20483.4968530169,20006.5291884833,78442.0711972887,4398.2639487218,7862.8497909828,-0.856766,6.951811,-0.465332,0.504817,-0.393141,-0.716519,-0.27785
1403636990.80337,-6642.585898,147.240005,-834.059495,0.420968,-0.625986,0.549237,0.359538,0.0068641665,-0.001599347,-0.0008678844,0.0006083114,0.0002901985,0.0004387986,67817.6963213647,20643.1678686485,20145.9591871451,78952.8893020456,4419.8337917482,7918.3694668589,-0.785976,6.876132,-0.461168,0.503557,-0.391973,-0.718156,-0.27756
1403636990.85337,-6652.278993,149.578854,-835.623561,0.42133,-0.625582,0.549364,0.359622,0.0068740157,-0.0015959657,-0.0008674143,0.0006066512,0.0002895488,0.0004388189,68043.8222064785,20723.3806590779,20215.9800241099,79209.3405806876,4430.6442630845,7946.2546332802,-0.75171,6.838069,-0.461537,0.503557,-0.391256,-0.718548,-0.277558
1403636990.95337,-6671.690721,154.269208,-838.762181,0.421424,-0.625734,0.54933,0.359299,0.0068860675,-0.0015997877,-0.000873742,0.0006086597,0.0002915368,0.0004411916,68498.0019776973,20884.5751460028,20356.6414718558,79724.3876500274,4452.3201804182,8002.2799062397,-0.68486,6.762793,-0.466745,0.503142,-0.391212,-0.719044,-0.277087
1403636991.00337,-6681.409767,156.620721,-840.336146,0.421093,-0.625466,0.549667,0.359638,0.0068952176,-0.0016015769,-0.0008664968,0.0006093846,0.0002898726,0.000439541,68726.0625621871,20965.5606179679,20427.2852961193,79983.0018491286,4463.1863764889,8030.4214330198,-0.652248,6.726062,-0.470959,0.503601,-0.390862,-0.718859,-0.277225
1403636991.05337,-6691.137687,158.976658,-841.912958,0.420175,-0.624919,0.550173,0.360887,0.0069091985,-0.0016010038,-0.0008466653,0.0006085064,0.0002845918,0.0004346655,68954.7782764343,21046.8095889827,20498.1403868658,80242.3478866515,4474.0715780069,8058.6498332465,-0.620152,6.689761,-0.475991,0.504644,-0.390234,-0.718137,-0.278084
1403636991.20337,-6720.374362,166.07087,-846.659323,0.420066,-0.625909,0.548644,0.361625,0.0069320511,-0.0015942203,-0.0008627524,0.0006046348,0.0002869594,0.0004403954,69644.8786913394,21292.1340787752,20711.9776622646,81024.7769300984,4506.8385484033,8143.8573683241,-0.528121,6.583198,-0.495738,0.50319,-0.390536,-0.718536,-0.279263
1403636991.25337,-6730.138658,168.446158,-848.24379,0.419781,-0.626621,0.548541,0.360879,0.006931659,-0.0016050631,-0.000872213,0.0006102095,0.0002908092,0.0004434612,69876.2903769988,21374.4732577415,20783.700803778,81287.0921936825,4517.8002446717,8172.4413671347,-0.498428,6.547593,-0.500494,0.502795,-0.391297,-0.718605,-0.27873
1403636991.30337,-6739.912239,170.82768,-849.829818,0.419707,-0.626897,0.548203,0.360999,0.0069385449,-0.0016047821,-0.0008765134,0.0006099588,0.0002916559,0.0004450783,70108.4092328613,21457.1149823159,20855.6519624582,81550.1606977868,4528.7829359897,8201.1185203264,-0.468499,6.510964,-0.50434,0.502468,-0.391399,-0.718696,-0.278944
1403636991.35337,-6749.695713,173.214942,-851.415947,0.418734,-0.627873,0.548353,0.360203,0.0069350608,-0.0016238095,-0.0008816612,0.0006195975,0.0002956322,0.0004471801,70341.2391815818,21540.0517752637,20927.8328424617,81814.0045854031,4539.7862714288,8229.889396531,-0.43909,6.47432,-0.506567,0.502447,-0.392609,-0.718269,-0.278378
1403636991.50337,-6779.106855,180.407203,-856.173371,0.418704,-0.629726,0.545972,0.36062,0.0069534821,-0.001617129,-0.0009123414,0.0006157648,0.0003015285,0.0004573922,71043.9519363363,21790.569543821,21145.7429678675,82610.2569971342,4572.9177061698,8316.7610584422,-0.354247,6.36531,-0.498946,0.500019,-0.39374,-0.718813,-0.279746
1403636991.60337,-6798.764262,185.224702,-859.344363,0.415742,-0.631913,0.547101,0.358503,0.0069391198,-0.0016725853,-0.0009148085,0.0006443893,0.0003104951,0.0004596766,71515.9086197595,21958.9516100875,21292.1421581817,83145.0211077777,4595.1014970124,8375.1359999154,-0.302452,6.295644,-0.483423,0.500854,-0.396841,-0.717207,-0.277988
1403636991.75337,-6828.32527,192.48678,-864.105669,0.407566,-0.637751,0.552059,0.349848,0.0068573511,-0.0018509823,-0.0009205134,0.0007459036,0.0003408205,0.0004647026,72229.0913436383,22213.6458680495,21513.445163585,83953.1083131243,4628.5296944852,8463.3980454472,-0.228322,6.194017,-0.448735,0.503903,-0.406501,-0.712756,-0.269848
1403636991.80337,-6838.199471,194.916873,-865.695489,0.404872,-0.639402,0.553413,0.347821,0.0068352037,-0.0019003031,-0.0009175056,0.0007759965,0.0003479878,0.0004649939,72468.2100007653,22299.1191434474,21587.6689599582,84224.0888836865,4639.7164119967,8493.0072160432,-0.203615,6.161416,-0.434996,0.504975,-0.409252,-0.711123,-0.267988
1403636991.95337,-6867.881371,202.233113,-870.484114,0.400378,-0.64355,0.5537,0.344902,0.0068053497,-0.0019738157,-0.0009354644,0.0008222965,0.0003651389,0.0004732236,73189.6321973527,22557.2395134374,21811.6799798041,85041.8453700652,4673.4110908715,8582.3925104657,-0.128027,6.069267,-0.398122,0.504924,-0.414798,-0.708685,-0.266009
1403636992.05337,-6887.71757,207.132192,-873.696814,0.400498,-0.643417,0.549901,0.351034,0.0068661287,-0.0019103462,-0.000929448,0.0007787351,0.0003506844,0.0004724795,73673.9471422553,22730.745146784,21962.1319883796,85591.0124356399,4695.9879402179,8642.4469537035,-0.075451,6.011824,-0.381271,0.503176,-0.412976,-0.708511,-0.27254
1403636992.10337,-6897.650001,209.588256,-875.309028,0.400522,-0.642388,0.548017,0.355805,0.0069110824,-0.0018630413,-0.0009086784,0.0007476518,0.0003356834,0.0004668681,73917.122207331,22817.9264711845,22037.6930213557,85866.7935918825,4707.3098377247,8672.6139459525,-0.048729,5.983977,-0.37487,0.502898,-0.410776,-0.708149,-0.277278
1403636992.15336,-6908.52426,212.220718,-877.112865,0.399408,-0.641317,0.54757,0.359656,0.0069445192,-0.0018387117,-0.0008752498,0.0007312023,0.0003213617,0.0004581291,74160.574423946,22905.4667978943,22113.3954172393,86143.3445739108,4718.6677928179,8702.857184763,-0.022033,5.956361,-0.369843,0.503877,-0.409149,-0.70698,-0.280864
1403636992.20336,-6918.475152,214.686064,-878.732573,0.398309,-0.640244,0.546878,0.363817,0.0069798254,-0.0018104934,-0.0008404519,0.0007128481,0.0003064698,0.0004494535,74406.9976789442,23006.5965335865,22194.0339879154,86459.4550390874,4733.5368242069,8735.9489190389,0.004737,5.928747,-0.365986,0.504736,-0.407445,-0.705834,-0.284656
1403636992.35336,-6948.384188,222.112467,-883.613338,0.397488,-0.641157,0.544034,0.367354,0.0070205692,-0.001781211,-0.0008435307,0.0006942857,0.0003016181,0.0004521415,75144.8754497115,23271.7680571156,22423.468670754,87296.5079601019,4767.7810779069,8827.5994718856,0.084723,5.844947,-0.361774,0.503313,-0.407159,-0.705255,-0.288986
1403636992.40336,-6958.371606,224.597684,-885.246876,0.398766,-0.642688,0.541863,0.3665,0.007022414,-0.0017712196,-0.0008851671,0.0006891162,0.0003111845,0.0004637733,75392.2405150343,23360.7423416923,22500.4025561058,87577.0835738242,4779.2361021444,8858.3380077837,0.111012,5.816792,-0.362504,0.500577,-0.408123,-0.706592,-0.289114
1403636992.70336,-7018.501876,239.616004,-895.067565,0.401682,-0.650099,0.532619,0.363785,0.0070340176,-0.0017448485,-0.0010480962,0.0006754694,0.0003489484,0.0005158594,76891.8158304127,23900.9007305128,22967.0035038969,89277.6981789629,4848.3969377333,9044.8255500579,0.259265,5.651947,-0.337464,0.489711,-0.41346,-0.710448,-0.290685
1403636992.80336,-7038.621459,244.66023,-898.352352,0.401772,-0.65174,0.530281,0.364165,0.0070459369,-0.0017346981,-0.0010772655,0.0006696288,0.0003541182,0.0005265174,77397.4909328123,24083.310032374,23124.4238814126,89851.0697000306,4871.6084141125,9107.7655029993,0.303676,5.599099,-0.321878,0.487458,-0.414439,-0.710875,-0.292031
1403636992.85336,-7048.694092,247.188554,-899.99962,0.401374,-0.652066,0.529552,0.36508,0.0070573692,-0.0017288173,-0.0010777294,0.0006659124,0.0003526584,0.0005271795,77651.3847950278,24174.9339934372,23203.4747905448,90138.9291065466,4883.2411219335,9139.3763627175,0.324546,5.573047,-0.31592,0.487056,-0.414585,-0.710657,-0.293025
1403636992.95336,-7068.864806,252.257003,-903.304755,0.400932,-0.652378,0.527603,0.367818,0.0070886931,-0.00170324,-0.0010762022,0.0006509856,0.0003464607,0.000527562,78161.2741797143,24359.0104654013,23362.2546373942,90716.9950962732,4906.5597658419,9202.8788492778,0.36371,5.521996,-0.308648,0.48603,-0.41403,-0.71036,-0.296213
1403636993.05336,-7089.069272,257.342528,-906.622864,0.395638,-0.652426,0.530234,0.369679,0.0071003923,-0.0017509736,-0.0010136173,0.0006743522,0.0003372701,0.0005092835,78674.0111788174,24544.2191084337,23521.9513808346,91298.1925904455,4929.9493627495,9266.7601687499,0.399316,5.471558,-0.306442,0.489963,-0.415223,-0.706539,-0.297202
1403636993.10336,-7099.18414,259.891921,-908.286202,0.392798,-0.651553,0.533659,0.36932,0.0070983129,-0.0017954772,-0.0009676774,0.0006981963,0.0003323887,0.0004959027,78931.4614666193,24637.2520649309,23602.1470987483,91589.9669759237,4941.6701875175,9298.8439611183,0.41563,5.446212,-0.306651,0.49352,-0.415433,-0.704563,-0.295713
1403636993.35336,-7149.899508,272.717287,-916.620251,0.398421,-0.633446,0.55526,0.362895,0.0071577067,-0.001862533,-0.0007633779,0.0007403877,0.0002916741,0.000436173,80230.0671898281,25107.0580209633,24006.7970133621,93061.2213418917,5000.5673458474,9460.7724851569,0.487631,5.31522,-0.289228,0.510512,-0.398888,-0.709067,-0.278372
1403636993.45336,-7170.255575,277.887248,-919.959006,0.407232,-0.62087,0.565443,0.359106,0.0072115514,-0.0018296695,-0.0006834571,0.0007262385,0.0002693689,0.0004132572,80754.935877886,25297.2634791847,24170.4244716639,93655.7043099671,5024.2772884885,9526.2722040072,0.515221,5.261153,-0.268331,0.517116,-0.385533,-0.715486,-0.268398
1403636993.50336,-7180.448438,280.481379,-921.630466,0.412918,-0.613991,0.570138,0.357009,0.0072436185,-0.0017984962,-0.000653088,0.0007118472,0.00025958,0.0004039861,81018.5448716215,25392.874078177,24252.621654602,93954.2316682404,5036.1663036942,9559.1804352138,0.529431,5.233298,-0.255602,0.519728,-0.377999,-0.719599,-0.26302
1403636993.65336,-7211.085893,288.298779,-926.656429,0.430129,-0.594383,0.582661,0.349577,0.0073299344,-0.0017038653,-0.0005934591,0.0006714849,0.0002392418,0.0003833285,81814.0339963445,25681.7189718677,24500.7377683458,94854.9682232584,5071.9697733458,9658.5366466535,0.573971,5.148589,-0.212068,0.525674,-0.356133,-0.732041,-0.246889
1403636993.70336,-7221.317463,290.915167,-928.337891,0.434957,-0.589507,0.585507,0.347095,0.0073511919,-0.0016790198,-0.0005900435,0.0006618046,0.0002370491,0.0003802112,82080.7156396177,25778.6525944358,24583.94076314,95156.920407844,5083.9492406459,9691.8625459691,0.58944,5.12083,-0.198378,0.526609,-0.350567,-0.735566,-0.242343
1403636993.90336,-7262.334535,301.428564,-935.104077,0.448174,-0.575708,0.591347,0.343525,0.0074378717,-0.0015711804,-0.0005768423,0.0006171564,0.0002260116,0.0003721419,83154.8791581245,26169.5432167983,24919.1877240351,96373.1427189331,5132.0828644267,9826.1833704302,0.652814,5.013111,-0.159501,0.528084,-0.333994,-0.745102,-0.233234
1403636993.95336,-7272.611302,304.068983,-936.805199,0.448097,-0.573023,0.593999,0.343539,0.0074517415,-0.0015729197,-0.0005377173,0.0006187642,0.0002177152,0.0003651764,83425.2966453446,26268.0563335544,25003.6118774582,96679.2990561024,5144.1687083133,9860.0189436429,0.668596,4.986335,-0.153376,0.530536,-0.331573,-0.744939,-0.231641
1403636994.00336,-7282.896897,306.714297,-938.50996,0.447722,-0.570115,0.595908,0.345554,0.0074760043,-0.0015546348,-0.0004879878,0.0006105695,0.0002053642,0.0003576194,83696.4698348612,26366.886594545,25088.2819685185,96986.2921637564,5156.2749688272,9893.9568996301,0.684229,4.959439,-0.148536,0.533099,-0.328468,-0.744317,-0.232181
1403636994.05336,-7293.191456,309.364897,-940.218289,0.446744,-0.567193,0.597635,0.348632,0.0075032754,-0.0015306384,-0.0004278986,0.0005995848,0.0001906506,0.0003498436,83968.4107527077,26466.0442745278,25173.2021101798,97294.129012473,5168.4024533664,9927.9989071837,0.699911,4.93226,-0.144843,0.535869,-0.325345,-0.743202,-0.233771
1403636994.35336,-7355.145105,325.389401,-950.543025,0.433497,-0.555871,0.609036,0.363542,0.0075881529,-0.0015096893,-6.18353e-05,0.0005886049,0.0001130844,0.0003268416,85616.5051453817,27068.1110884006,25688.0692876114,99158.8814548594,5241.6210851202,10134.4719285822,0.799319,4.752171,-0.14534,0.554172,-0.315447,-0.731453,-0.241585
1403636994.40336,-7365.501994,328.082208,-952.276399,0.431807,-0.555259,0.609886,0.36506,0.0075957386,-0.0015118218,-2.81654e-05,0.0005892602,0.0001061871,0.000327059,85893.9880778146,27169.6963497848,25774.7916248544,99472.6567745505,5253.9037354869,10169.2625423102,0.817938,4.718123,-0.148849,0.555856,-0.314973,-0.730058,-0.242553
1403636994.45336,-7375.868146,330.782066,-954.012977,0.431446,-0.555513,0.609729,0.365362,0.0076028524,-0.0015136068,-2.72253e-05,0.0005899467,0.0001060879,0.0003277177,86172.2979608343,27271.6572837058,25861.7834471594,99787.3021084927,5266.2106867936,10204.1649686436,0.837585,4.682591,-0.152731,0.555783,-0.315066,-0.729934,-0.24297
1403636994.55336,-7396.629658,336.203196,-957.492034,0.431542,-0.558379,0.610064,0.360287,0.0075898485,-0.0015760176,-8.08812e-05,0.0006184156,0.0001185292,0.0003291912,86731.4403328634,27476.7205087882,26036.5910114798,100419.2674955951,5290.8984683121,10274.3111439237,0.879627,4.607519,-0.157616,0.554148,-0.318451,-0.731065,-0.238863
1403636994.70336,-7427.847081,344.386812,-962.721622,0.435652,-0.566499,0.60743,0.346864,0.0075468628,-0.0016919388,-0.0002820253,0.0006756288,0.0001680546,0.0003404546,87576.4964754028,27787.1554835045,26300.8766278086,101374.0139311089,5328.1136827278,10380.3898700877,0.948129,4.486304,-0.153168,0.545839,-0.326963,-0.736699,-0.228977
1403636994.85336,-7459.156558,352.627026,-967.965227,0.436177,-0.576155,0.608505,0.327897,0.0074346021,-0.0019053215,-0.0004665543,0.0007933864,0.000228718,0.0003605205,88429.0745699681,28100.9172118057,26567.6339700034,102337.0572680672,5365.5480398375,10487.4968218802,1.021494,4.361398,-0.135952,0.539816,-0.339584,-0.740161,-0.213174
1403636994.95336,-7480.08099,358.146589,-971.47652,0.434645,-0.578672,0.609515,0.323595,0.0074075276,-0.0019720045,-0.0004919897,0.0008330186,0.0002413146,0.0003649984,89001.4740749631,28311.861538922,26746.8059737275,102983.7596652611,5390.6294193422,10559.4624441169,1.07336,4.280871,-0.12543,0.539353,-0.343186,-0.739929,-0.20935
1403636995.05336,-7501.046013,363.68555,-975.004087,0.433011,-0.576333,0.609531,0.329871,0.0074626261,-0.0019233417,-0.0004266951,0.0008020265,0.0002191589,0.0003579306,89577.0312131668,28524.2047077803,26927.0319737537,103634.2077347667,5415.8123490363,10631.8737583829,1.127957,4.203363,-0.119832,0.541647,-0.340004,-0.738295,-0.21433
1403636995.10336,-7511.5433,366.462503,-976.773276,0.43212,-0.57395,0.609568,0.335082,0.0075050045,-0.0018759957,-0.0003713602,0.0007736467,0.0002010053,0.0003524612,89866.009763588,28630.8996155538,27017.5422788184,103960.818724168,5428.4396108542,10668.2465744129,1.15578,4.165389,-0.118491,0.543604,-0.336773,-0.73709,-0.21858
1403636995.20336,-7532.568421,372.033652,-980.318969,0.431394,-0.569965,0.609158,0.343461,0.0075764906,-0.0017902376,-0.0002897528,0.0007253551,0.0001752409,0.0003463416,90446.4630579452,28845.3916835498,27199.3874114953,104616.859975311,5453.7678087522,10741.3374305254,1.212969,4.090063,-0.115092,0.546189,-0.331106,-0.735671,-0.225464
1403636995.25336,-7543.096762,374.828601,-982.093895,0.430881,-0.568316,0.609461,0.346288,0.0076013262,-0.0017639593,-0.000254225,0.0007112304,0.0001653388,0.0003441759,90737.9729023732,28953.2086157263,27290.7336927411,104946.3141718761,5466.4696583932,10778.0597280659,1.242417,4.052444,-0.111197,0.547478,-0.328979,-0.735007,-0.227609
1403636995.30336,-7553.635825,377.630201,-983.869704,0.43127,-0.567212,0.609058,0.348317,0.0076244714,-0.0017364534,-0.0002405446,0.000697024,0.0001609426,0.0003437872,91030.3555237622,29061.4170866947,27382.3680770532,105276.7345545227,5479.1972558387,10814.9020967256,1.272499,4.014469,-0.105103,0.547711,-0.327155,-0.735124,-0.229294
1403636995.35336,-7564.185358,380.439257,-985.64684,0.432617,-0.56654,0.608125,0.349369,0.0076455335,-0.0017091331,-0.0002482359,0.0006835403,0.0001617296,0.0003447696,91323.6282479117,29170.0357772328,27474.2955925399,105608.1130983035,5491.9515954941,10851.866503075,1.303692,3.975634,-0.097255,0.546883,-0.325695,-0.73607,-0.230312
1403636995.40336,-7574.744903,383.254243,-987.425505,0.435237,-0.566508,0.606423,0.349125,0.0076636339,-0.0016821272,-0.0002855012,0.0006709073,0.0001693203,0.000347878,91617.7553659372,29279.025433937,27566.5031733626,105940.4311311908,5504.7289782185,10888.9475464982,1.334844,3.936453,-0.088076,0.544622,-0.324601,-0.738171,-0.230489
1403636995.55336,-7606.485217,391.739384,-992.769478,0.440591,-0.568716,0.603341,0.344124,0.0076757537,-0.0016808279,-0.0004051947,0.0006723386,0.0001972146,0.0003601579,92505.4064703125,29608.3516379236,27844.8574877217,106943.1145392196,5543.2102717156,11000.9119048395,1.430968,3.814909,-0.050113,0.538477,-0.325408,-0.743378,-0.227028
1403636995.65336,-7627.695352,397.425748,-996.341433,0.441192,-0.570057,0.603114,0.341523,0.0076750062,-0.0017063477,-0.0004403297,0.000685474,0.0002072629,0.0003650386,93101.4680849373,29829.7787195494,28031.8371879337,107616.3061598206,5568.9813806129,11076.1435450256,1.495251,3.733355,-0.019596,0.537074,-0.326684,-0.744483,-0.224886
1403636995.80336,-7659.57925,405.995281,-1001.727585,0.438294,-0.572406,0.605806,0.336526,0.007649914,-0.001802088,-0.000446468,0.000734596,0.0002158033,0.0003669272,94001.8062880568,30164.6283619407,28314.3528310589,108632.9886511081,5607.8044437049,11189.8491476111,1.591648,3.610251,0.017754,0.538123,-0.33052,-0.743465,-0.220094
1403636995.90336,-7680.881885,411.733235,-1005.340101,0.436284,-0.576086,0.608294,0.328268,0.00759403,-0.0019223294,-0.0004897968,0.000801641,0.0002365246,0.0003730236,94606.1466079995,30389.659592165,28504.0545350806,109315.4502632349,5633.8024247804,11266.2257572958,1.656801,3.529344,0.034363,0.537831,-0.336292,-0.74329,-0.212521
1403636996.00336,-7702.224154,417.490218,-1008.968878,0.435506,-0.578661,0.608839,0.323731,0.0075682241,-0.0019844759,-0.0005275272,0.0008383606,0.0002521991,0.0003793575,95213.7855259207,30616.1377203824,28694.8537519513,110001.7733005551,5659.8979161353,11343.0671446239,1.723384,3.451621,0.045769,0.536757,-0.339725,-0.743601,-0.208653
1403636996.10336,-7723.606903,423.266014,-1012.613891,0.438944,-0.578432,0.604557,0.327499,0.0076244055,-0.00190424,-0.0005683942,0.000791599,0.0002557421,0.0003872276,95824.7299380841,30844.0755493915,28886.757652414,110692.0172699212,5686.0939225925,11420.3775106464,1.79205,3.377782,0.052185,0.53315,-0.337062,-0.746144,-0.213095
1403636996.25336,-7755.758916,431.968043,-1018.100844,0.442877,-0.577197,0.599206,0.334149,0.0077093271,-0.0017835518,-0.0005977128,0.0007257309,0.0002515134,0.0003942343,96747.5606025995,31188.7867955441,29176.7466103347,111734.8324690141,5725.5717714316,11537.2432097022,1.896917,3.271966,0.063624,0.529307,-0.332416,-0.748867,-0.220297
1403636996.30336,-7766.49745,434.878372,-1019.93136,0.443976,-0.576102,0.598595,0.335672,0.0077334761,-0.0017533137,-0.0005953481,0.0007104218,0.0002480929,0.0003941085,97056.9089687864,31304.4186634412,29273.9841734466,112084.4424226304,5738.7753009521,11576.4393451002,1.930685,3.238527,0.071212,0.528945,-0.330553,-0.749561,-0.221608
1403636996.35336,-7777.246168,437.794375,-1021.762903,0.445401,-0.574848,0.598958,0.335287,0.0077470622,-0.0017414702,-0.0005986072,0.0007053558,0.0002479391,0.0003943128,97367.1487569422,31420.4325028124,29371.5145556038,112435.0392392774,5752.0011586433,11615.7578340503,1.964198,3.205076,0.080515,0.528745,-0.328877,-0.750682,-0.220783
1403636996.50336,-7809.554398,446.575955,-1027.26099,0.452656,-0.565011,0.603615,0.333937,0.0078126617,-0.0016700503,-0.0005616662,0.0006758815,0.0002339794,0.0003844068,98303.2532720799,31770.7639036079,29665.8749543717,113492.8108298713,5791.8111123295,11734.4521418912,2.061543,3.105661,0.121834,0.531104,-0.31769,-0.755413,-0.2153
1403636996.55336,-7820.344095,449.514134,-1029.096064,0.456666,-0.55984,0.605545,0.333693,0.0078455126,-0.0016225391,-0.0005452755,0.0006564892,0.0002267475,0.0003797094,98617.072680243,31888.3027346918,29764.5817720239,113847.3872344694,5805.1253330228,11774.2624368718,2.092977,3.072803,0.138832,0.532037,-0.31162,-0.757925,-0.213027
1403636996.60336,-7831.143473,452.457868,-1030.932852,0.461094,-0.554403,0.608392,0.331495,0.0078686688,-0.0015923537,-0.0005358494,0.0006463941,0.0002227218,0.0003754205,98931.7846820168,32006.2217739023,29863.5806347778,114202.9390743512,5818.4608145853,11814.1948311005,2.123841,3.039819,0.156868,0.53297,-0.305711,-0.760897,-0.208616
1403636996.65336,-7841.952074,455.406293,-1032.772566,0.465704,-0.547781,0.61205,0.329317,0.0078954103,-0.0015576363,-0.0005131875,0.0006350896,0.0002156281,0.0003687643,99247.3577296927,32124.4999068784,29962.8612788845,114559.4498387054,5831.8162738752,11854.245552339,2.153845,3.007205,0.174517,0.534756,-0.29869,-0.763781,-0.20362
1403636996.85336,-7885.267696,467.24527,-1040.190684,0.488696,-0.516826,0.627304,0.317107,0.0080049798,-0.0013853905,-0.0004566133,0.0005847921,0.0001925528,0.000344726,100517.9668043318,32601.1654990111,30362.7021091924,115994.6744415327,5885.4401774047,12015.59873011,2.270251,2.877117,0.208837,0.54038,-0.265733,-0.778023,-0.179051
1403636996.90336,-7896.117602,470.216489,-1042.058062,0.494428,-0.508021,0.631968,0.313165,0.0080298138,-0.0013470158,-0.0004356522,0.0005760512,0.0001858491,0.0003374617,100837.7294031507,32721.2286066718,30463.352375839,116355.8131678064,5898.8964774944,12056.2285970665,2.298126,2.84481,0.210207,0.542284,-0.256787,-0.781389,-0.171537
1403636996.95336,-7906.976546,473.192472,-1043.929503,0.499961,-0.499256,0.636912,0.308427,0.0080502038,-0.001318927,-0.000416362,0.0005715869,0.0001800238,0.0003303693,101158.3559911516,32841.6593500551,30564.2861636149,116717.9157854312,5912.3736924483,12096.9781507819,2.325511,2.812738,0.20991,0.544314,-0.248108,-0.784549,-0.163255
1403636997.15336,-7950.505404,485.140752,-1051.451503,0.520773,-0.466578,0.650938,0.295601,0.0081472308,-0.0011373806,-0.0003654329,0.0005311913,0.0001575891,0.0003091302,102449.4791246021,33327.015692762,30970.8604910599,118176.1374318224,5966.4915019429,12261.1771373961,2.429215,2.691049,0.196089,0.549139,-0.214216,-0.795928,-0.138052
1403636997.35336,-7994.188429,497.160261,-1059.025872,0.531609,-0.449486,0.657028,0.289256,0.0082106684,-0.0010309045,-0.0003558922,0.0005110483,0.0001479358,0.0003013133,103754.5492560878,33818.2716499491,31382.0457892893,119650.3945883996,6020.9531185967,12427.3288007718,2.525085,2.582443,0.168499,0.550545,-0.196003,-0.801713,-0.12546
1403636997.45336,-8016.092983,503.200073,-1062.821004,0.533362,-0.44565,0.658549,0.288505,0.0082346211,-0.0010057791,-0.0003433773,0.0005068285,0.0001445473,0.0002993512,104412.5573825552,34066.2310720974,31589.4528935069,120393.8053381008,6048.3195069563,12511.1703409732,2.570367,2.533037,0.162667,0.551276,-0.191729,-0.802597,-0.123175
1403636997.55336,-8038.039007,509.259639,-1066.619461,0.534422,-0.444307,0.658353,0.289061,0.0082564625,-0.0009823817,-0.0003469989,0.0005019711,0.0001439546,0.0003001559,105074.2471337412,34315.7317909543,31798.0751837235,121141.3954720669,6075.7705460187,12595.5231964569,2.612765,2.486642,0.163889,0.550905,-0.189644,-0.803326,-0.123311
1403636997.60336,-8049.027676,512.296957,-1068.519475,0.534621,-0.44487,0.658048,0.288521,0.0082614221,-0.0009900431,-0.0003593049,0.0005043182,0.0001459892,0.0003017533,105406.4865181365,34441.0648311087,31902.8462525175,121516.7672879814,6089.5275842023,12637.8929500448,2.632777,2.464498,0.167621,0.550215,-0.19001,-0.803765,-0.122971
1403636997.70336,-8071.036132,518.386033,-1072.321067,0.534699,-0.445932,0.656806,0.289563,0.008278303,-0.0009816677,-0.0003740084,0.0005023404,0.0001479483,0.0003046752,106073.7495352726,34692.8812493168,32113.3057801411,122270.6650923125,6117.1025059576,12723.0180428347,2.66979,2.422636,0.181277,0.54926,-0.190298,-0.80412,-0.124464
1403636997.80336,-8093.084808,524.494045,-1076.125371,0.5352,-0.448054,0.654342,0.290937,0.0082941745,-0.0009688201,-0.000408682,0.0004988299,0.0001523182,0.0003101731,106744.7214783102,34946.2160339875,32324.983085901,123028.7233368081,6144.7543788372,12808.6543882646,2.701618,2.383532,0.201884,0.547041,-0.191309,-0.805002,-0.126963
1403636997.85336,-8104.12437,527.55582,-1078.028195,0.53463,-0.448834,0.654028,0.291489,0.0083015467,-0.0009719248,-0.0004082543,0.0004995503,0.0001527376,0.000311022,107081.6257846742,35073.4723358157,32431.2872102419,123409.3241292796,6158.610187235,12851.6677629786,2.716813,2.364542,0.216085,0.546891,-0.191907,-0.804847,-0.127687
1403636997.90336,-8115.173836,530.622259,-1079.932732,0.534258,-0.450236,0.65309,0.292113,0.0083078535,-0.0009745175,-0.0004189087,0.0004999161,0.0001546104,0.0003132968,107419.4518013154,35201.111532916,32537.8950037358,123790.9676072398,6172.4861114248,12894.8092190627,2.730394,2.346238,0.230846,0.546211,-0.192877,-0.80488,-0.12892
1403636998.05336,-8148.384069,539.85284,-1085.651578,0.532203,-0.453735,0.652088,0.292687,0.0083230977,-0.0010062487,-0.0004280551,0.0005077008,0.0001584855,0.0003171429,108438.6235781458,35586.4297556578,32859.5961092155,124942.2838384706,6214.2409651111,13025.0240385016,2.765977,2.294097,0.286901,0.545537,-0.196056,-0.804297,-0.130607
1403636998.15336,-8170.573292,546.031185,-1089.473993,0.529897,-0.455533,0.652582,0.292978,0.0083331518,-0.0010368802,-0.0004112387,0.0005156715,0.0001585446,0.0003170583,109122.7410665248,35845.2733797031,33075.6018577179,125715.0655367572,6242.1804847127,13112.4831866356,2.785394,2.261571,0.328331,0.546276,-0.19804,-0.803219,-0.131156
1403636998.25336,-8192.798823,552.227222,-1093.310358,0.52749,-0.45755,0.653835,0.29138,0.0083351587,-0.0010936318,-0.0003988656,0.000531616,0.0001602787,0.0003170496,109810.4981538608,36105.6311976536,33292.8028390313,126491.9242290126,6270.1969461239,13200.448285691,2.800879,2.231055,0.365678,0.547204,-0.200801,-0.802125,-0.129779
1403636998.30336,-8203.925382,555.331951,-1095.234854,0.527402,-0.458589,0.652847,0.29212,0.0083431481,-0.0010899599,-0.0004102337,0.0005303724,0.000161995,0.0003192835,110155.7362586533,36236.3899528156,33401.8528656562,126881.9017601508,6284.2367793069,13244.6221541367,2.807703,2.216745,0.382003,0.546364,-0.201412,-0.80235,-0.130974
1403636998.35336,-8215.06092,558.440974,-1097.163179,0.526545,-0.459158,0.653135,0.29213,0.008348548,-0.001102346,-0.0004033335,0.000533981,0.0001619023,0.0003192577,110501.8826346107,36367.5266357778,33511.2014678868,127272.9012537205,6298.2957819916,13288.9226478255,2.813517,2.203017,0.39677,0.546747,-0.202065,-0.801908,-0.131077
1403636998.45336,-8237.359382,564.672352,-1101.030802,0.5251,-0.460776,0.653534,0.291288,0.0083550231,-0.0011370293,-0.0004019511,0.0005443078,0.0001639266,0.0003204321,111196.9272588222,36630.9522330248,33730.8042674434,128057.9954379352,6326.4727275817,13377.9077035938,2.82211,2.177248,0.422333,0.546886,-0.203851,-0.801444,-0.130571
1403636998.60336,-8270.884016,574.058233,-1106.846978,0.520058,-0.460173,0.656281,0.295085,0.0083866238,-0.0011447136,-0.000301778,0.0005463175,0.0001506079,0.0003137965,112246.6849085999,37029.1907256777,34062.5952130584,129243.8164356701,6368.9077427873,13512.3970983413,2.830251,2.1434,0.466546,0.551543,-0.203823,-0.797864,-0.132931
1403636998.65336,-8282.080638,577.197881,-1108.787734,0.515678,-0.457546,0.658793,0.301198,0.0084138425,-0.0011055182,-0.0001814056,0.0005341726,0.0001328653,0.0003077014,112598.5698101588,37162.7934351045,34173.8471573707,129641.3392787372,6383.1007095922,13557.5044452754,2.831925,2.133519,0.485253,0.556886,-0.201406,-0.794039,-0.137177
1403636998.70336,-8293.287705,580.343802,-1110.730414,0.510976,-0.455697,0.662252,0.304413,0.0084247071,-0.0011096783,-7.08142e-05,0.0005351289,0.0001179861,0.0003048398,112951.4549554921,37296.8443782097,34285.4309719593,130039.970580878,6397.3187643748,13602.7523173731,2.833572,2.123526,0.50525,0.562251,-0.200545,-0.7902,-0.138708
1403636998.75336,-8304.505388,583.495937,-1112.675378,0.507241,-0.454193,0.664688,0.307578,0.0084350877,-0.0011048298,1.8044e-05,0.0005335281,0.0001060899,0.0003050019,113305.3346181841,37431.3484599232,34397.346935986,130439.725245737,6411.5635025393,13648.1414486383,2.835514,2.113597,0.526236,0.566433,-0.199531,-0.787145,-0.140516
1403636998.95336,-8349.474718,596.165938,-1120.49158,0.505279,-0.451154,0.662565,0.319626,0.0085036163,-0.0009608813,0.0001092528,0.0004949728,9.69401e-05,0.0003107597,114730.6993009577,37973.8523527353,34848.2809702829,132049.6597643966,6468.7997065024,13831.0895191945,2.847408,2.071252,0.604951,0.568958,-0.193811,-0.784715,-0.151489
1403636999.00336,-8360.739893,599.348649,-1122.456573,0.505803,-0.451214,0.661575,0.320761,0.0085165705,-0.0009410675,0.0001006366,0.0004903278,9.84557e-05,0.0003113977,115089.4889880995,38110.5850112236,34961.8218020634,132454.7937717406,6483.1689670891,13877.1695473268,2.85111,2.059136,0.620812,0.568188,-0.193178,-0.785171,-0.152811
1403636999.10336,-8383.297258,605.732894,-1126.399617,0.506522,-0.451021,0.659927,0.323283,0.0085421876,-0.0009002104,9.35393e-05,0.0004811231,0.0001002351,0.000312898,115810.0403725713,38385.3950767503,35189.8807663961,133268.2356585572,6511.9790669376,13969.744317206,2.859725,2.032078,0.647716,0.56723,-0.191725,-0.785683,-0.155546
1403636999.15336,-8394.589244,608.933995,-1128.377541,0.507195,-0.451401,0.658788,0.324019,0.0085538852,-0.0008851064,7.74546e-05,0.0004778545,0.0001024001,0.0003134382,116171.7955490145,38523.4592640614,35304.3956927877,133676.5362824218,6526.4180459162,14016.2375414209,2.864189,2.017324,0.658687,0.566176,-0.19146,-0.786301,-0.156583
1403636999.20336,-8405.889962,612.141097,-1130.359725,0.508266,-0.452236,0.657688,0.323412,0.0085623686,-0.0008849894,4.60657e-05,0.0004781841,0.0001059746,0.000313606,116534.5419860069,38661.9620324251,35419.2348084346,134085.8843065402,6540.8788955739,14062.8680186085,2.868673,2.001635,0.667902,0.5646,-0.191743,-0.787364,-0.156588
1403636999.25336,-8417.199573,615.354158,-1132.345837,0.508767,-0.452757,0.657106,0.323077,0.0085702446,-0.000886426,2.91166e-05,0.0004788687,0.0001079763,0.0003140383,116898.2815488214,38800.9051127124,35534.3996514681,134496.2914606795,6555.3619598862,14109.6365362549,2.87322,1.98515,0.675724,0.563635,-0.191952,-0.788012,-0.156548
1403636999.50336,-8473.882818,631.506618,-1142.334133,0.505156,-0.457566,0.661233,0.313404,0.0085640569,-0.0010784369,7.9796e-06,0.0005289745,0.0001107555,0.0003151694,118731.9247459882,39502.2101944132,36115.1296940939,136564.3674896974,6628.107286387,14345.5596416699,2.894977,1.892688,0.69532,0.564204,-0.199205,-0.787552,-0.147493
1403636999.55336,-8485.247739,634.754366,-1144.342738,0.503178,-0.457603,0.662602,0.31364,0.0085666274,-0.0010986857,4.16296e-05,0.0005346835,0.0001064604,0.0003158997,119101.6589631852,39643.8068586728,36232.2681252338,136981.2723921017,6642.7258021114,14393.1663734095,2.899356,1.873004,0.696485,0.565966,-0.199736,-0.786179,-0.147348
1403636999.65336,-8508.006445,641.267747,-1148.371414,0.499711,-0.45743,0.665259,0.313811,0.0085715964,-0.0011362338,0.0001028523,0.0005457915,9.81938e-05,0.0003178283,119844.164535104,39928.3730145197,36467.5515266992,137818.4248737883,6672.0366430459,14488.8089680362,2.90877,1.832403,0.696161,0.569123,-0.200472,-0.783844,-0.146625
1403636999.70336,-8519.400546,644.533644,-1150.391762,0.498341,-0.457488,0.666085,0.314152,0.0085757773,-0.0011482079,0.0001256778,0.0005493961,9.5089e-05,0.0003190408,120216.9467948182,40071.3576115575,36585.7018353733,138238.6948456221,6686.7310586583,14536.8475671146,2.914204,1.811528,0.69466,0.570213,-0.200812,-0.782951,-0.146696
1403636999.90336,-8565.076831,657.659598,-1158.511359,0.49721,-0.458379,0.665567,0.315739,0.0086084842,-0.0011470828,0.0001332801,0.0005497049,9.49958e-05,0.0003220459,121718.3626549192,40648.0479502069,37061.7317903462,139931.2141717705,6745.7756497417,14730.4683972267,2.940947,1.724677,0.6823,0.570154,-0.200934,-0.78264,-0.148408
1403636999.95336,-8576.521213,660.957084,-1160.550525,0.497381,-0.458216,0.664809,0.3173,0.0086228828,-0.0011247725,0.0001345687,0.0005433689,9.5455e-05,0.0003230024,122096.3185966111,40793.4282466602,37181.606961248,140357.2321951096,6760.6047963301,14779.2447505038,2.948976,1.702025,0.678038,0.569899,-0.200148,-0.782736,-0.149933
1403637000.00336,-8587.976221,664.261365,-1162.591794,0.498178,-0.457525,0.663471,0.319838,0.0086432408,-0.0010800224,0.0001337176,0.0005310482,9.65658e-05,0.000323992,122475.3479738198,40939.3053889983,37301.8400033539,140784.4341090627,6775.4613325372,14828.1736138083,2.957542,1.678926,0.674962,0.569295,-0.198458,-0.783116,-0.152472
1403637000.10336,-8610.91815,670.89216,-1166.680543,0.499863,-0.457439,0.661575,0.321257,0.0086699968,-0.0010426808,0.0001063782,0.000521759,0.000100997,0.0003246069,123236.6994660252,41232.6056020746,37543.4013804492,141642.3984381159,6805.2595686945,14926.497403631,2.976338,1.629988,0.67334,0.567453,-0.196953,-0.784471,-0.15431
1403637000.30336,-8656.927812,684.237222,-1174.87994,0.502148,-0.459773,0.660325,0.316903,0.0086923716,-0.0010861451,2.35658e-05,0.0005354218,0.0001117814,0.0003248443,124772.5165661392,41825.2273174663,38030.8747358731,143372.5255109748,6865.172535144,15124.9941674076,3.016988,1.52304,0.688126,0.563814,-0.198596,-0.787286,-0.151176
1403637000.40336,-8679.992128,690.945965,-1178.998505,0.500307,-0.460277,0.662105,0.315365,0.0086964248,-0.0011312052,4.46574e-05,0.0005487353,0.0001090938,0.0003256537,125546.7639139709,42124.4011104218,38276.7150513259,144244.5670195091,6895.2768498111,15225.1407058146,3.037187,1.467502,0.695162,0.565147,-0.199834,-0.786399,-0.149172
1403637000.45336,-8691.539047,694.309155,-1181.064212,0.50071,-0.46005,0.661312,0.316717,0.0087109452,-0.0011082906,4.22551e-05,0.0005424993,0.0001097583,0.0003264612,125935.4560248039,42274.7077270555,38400.1581902942,144682.3401903992,6910.3679438351,15275.4385203713,3.047929,1.439426,0.696878,0.564702,-0.198947,-0.786666,-0.150629
1403637000.50336,-8703.095453,697.678273,-1183.133806,0.500624,-0.459929,0.661176,0.317313,0.0087209816,-0.001101455,4.56261e-05,0.0005409046,0.0001095374,0.0003271171,126325.2004410736,42425.4905299334,38523.9500234115,145121.2648881593,6925.4832198853,15325.8854631347,3.058764,1.410864,0.697622,0.564738,-0.198546,-0.786647,-0.151118
1403637000.55336,-8714.66188,701.053884,-1185.206604,0.500686,-0.459977,0.660749,0.318034,0.0087317414,-0.0010919949,4.43984e-05,0.0005385183,0.0001099674,0.0003278466,126716.0263804438,42576.770913697,38648.1011593252,145561.3704297319,6940.6245286729,15376.4859676116,3.070013,1.381685,0.698302,0.564504,-0.198186,-0.786749,-0.151935
1403637000.60336,-8726.23837,704.435878,-1187.28196,0.500687,-0.460046,0.660813,0.317799,0.0087389119,-0.0010959659,4.21119e-05,0.0005400482,0.0001103922,0.0003282541,127107.9402383207,42728.5440883047,38772.6128252561,146002.6592024771,6955.7905963448,15427.2401692612,3.081372,1.3519,0.699463,0.564379,-0.198167,-0.786891,-0.151688
1403637000.70336,-8749.422773,711.219879,-1191.437931,0.498343,-0.460609,0.662874,0.316371,0.0087413979,-0.0011459133,7.15532e-05,0.0005546892,0.0001064512,0.0003293471,127895.0978716563,43033.6041697621,39022.7410229364,146888.8571696925,6986.1990277734,15529.2190077734,3.10451,1.290457,0.706036,0.566089,-0.199553,-0.785663,-0.14985
1403637000.75336,-8761.031404,714.621545,-1193.517472,0.49812,-0.460495,0.662932,0.316768,0.0087502725,-0.0011433396,7.6923e-05,0.0005542755,0.0001059233,0.0003299987,128290.3468529531,43186.8898198796,39148.3619220774,147333.8101288426,7001.4418314381,15580.4458105091,3.116074,1.259473,0.712564,0.566237,-0.199262,-0.785574,-0.15015
1403637000.80336,-8772.65103,718.029721,-1195.59803,0.496916,-0.461043,0.663559,0.316548,0.0087526687,-0.0011633701,8.95646e-05,0.0005601077,0.0001042343,0.0003308842,128686.7156523572,43340.68311984,39274.3561903475,147780.0047811809,7016.710538102,15631.8318179705,3.127729,1.228243,0.721347,0.566925,-0.200029,-0.784926,-0.149918
1403637000.85336,-8784.280694,721.444298,-1197.681487,0.495928,-0.461338,0.664318,0.316077,0.0087550547,-0.0011830241,0.0001012655,0.0005661307,0.0001025642,0.0003315882,129084.1821359421,43494.9773186126,39400.7147571678,148227.3957160875,7032.0044923512,15683.3734778648,3.139586,1.196446,0.730325,0.567585,-0.200708,-0.784402,-0.149252
1403637000.90336,-8795.920126,724.86475,-1199.769005,0.496109,-0.461956,0.663898,0.315772,0.008762002,-0.0011883653,8.83305e-05,0.0005679284,0.0001045488,0.0003319611,129482.7188510815,43649.7604255919,39527.4296682262,148675.9745185137,7047.3237108295,15735.0681616529,3.151699,1.164388,0.738158,0.566968,-0.200999,-0.784763,-0.149311
1403637001.05336,-8830.896645,735.161536,-1206.058162,0.494525,-0.462896,0.664314,0.316006,0.0087802386,-0.0012098727,0.000101479,0.0005748461,0.0001031076,0.0003341862,130684.7561769311,44117.0654140207,39909.7161675046,150028.8483314201,7093.4356465283,15891.073378652,3.190235,1.066605,0.752452,0.567521,-0.201837,-0.784099,-0.149567
1403637001.30336,-8889.392581,752.446837,-1216.614846,0.491423,-0.464786,0.666189,0.314118,0.0087990424,-0.0012826197,0.0001225845,0.0005985743,0.0001000344,0.0003373406,132710.0654324196,44906.0523660859,40554.1765713169,152307.9805473022,7170.8209379141,16154.2273264113,3.263019,0.897764,0.761041,0.56872,-0.204359,-0.782941,-0.147646
1403637001.35336,-8901.125306,755.924411,-1218.732142,0.491229,-0.465783,0.666342,0.312616,0.0087990723,-0.0013098021,0.0001086077,0.0006076362,0.0001019988,0.000337394,133118.5598934758,45065.4631473943,40684.2216092572,152767.6547880591,7186.3853334339,16207.3533480189,3.279639,0.86319,0.766925,0.568365,-0.205514,-0.783127,-0.146418
1403637001.40336,-8912.869328,759.408279,-1220.850495,0.491555,-0.466782,0.666304,0.310688,0.0087992111,-0.0013364803,8.45753e-05,0.0006168964,0.0001056081,0.0003371487,133528.198006818,45225.3952844359,40814.6501788757,153228.6213990816,7201.9763342875,16260.6437612722,3.296263,0.828749,0.775002,0.567451,-0.206609,-0.783779,-0.144921
1403637001.50336,-8936.390401,766.39465,-1225.093248,0.494098,-0.469486,0.663637,0.308278,0.0088112915,-0.001351857,-4.0749e-06,0.0006225221,0.000120102,0.0003377895,134350.8758943567,45546.8229258678,41076.648845455,154154.4028460799,7233.2392984845,16367.715232611,3.330235,0.760018,0.794876,0.563257,-0.208335,-0.786504,-0.14405
1403637001.55336,-8948.166857,769.896627,-1227.21923,0.494596,-0.470582,0.662844,0.307514,0.0088162167,-0.0013615072,-3.04462e-05,0.0006259194,0.0001245982,0.0003386586,134763.8836500921,45708.3052441657,41208.2088782609,154619.1956186864,7248.9109248526,16421.4928347465,3.347676,0.725948,0.805009,0.562001,-0.209135,-0.787215,-0.143912
1403637001.65336,-8971.750057,776.917449,-1231.483214,0.494301,-0.472325,0.662677,0.305671,0.0088202583,-0.0013980679,-5.47902e-05,0.0006388586,0.0001291976,0.0003400867,135593.1943157592,46032.7813168011,41472.4332282453,155552.5165522843,7280.3316026918,16529.5250348834,3.383305,0.658127,0.822307,0.56104,-0.210891,-0.78765,-0.142716
1403637001.70336,-8983.556905,780.435938,-1233.621378,0.494329,-0.472315,0.661895,0.30733,0.0088359919,-0.0013765109,-5.28543e-05,0.0006313105,0.0001289899,0.0003411137,136009.4898616822,46195.7686188092,41605.0960756243,156021.055760217,7296.0804117748,16583.7793760216,3.40131,0.624716,0.829242,0.56076,-0.210309,-0.787716,-0.144298
1403637001.80336,-9007.200155,787.489598,-1237.910603,0.492198,-0.473067,0.663059,0.307084,0.0088419364,-0.0014094411,-2.77301e-05,0.0006428185,0.0001254762,0.0003420964,136845.3780433832,46523.2537664966,41871.5253510048,156961.8550996046,7327.6540000221,16692.7650584713,3.437866,0.558186,0.839033,0.562073,-0.211451,-0.78653,-0.143991
1403637001.85336,-9019.036403,791.024672,-1240.06233,0.493316,-0.473794,0.661719,0.30706,0.0088529713,-0.0014003592,-5.87741e-05,0.0006398307,0.0001307867,0.0003432713,137264.9659243562,46687.7516400849,42005.2904061549,157434.1128118021,7343.4790139241,16747.496162181,3.456496,0.525073,0.841171,0.560472,-0.211533,-0.787559,-0.144485
1403637001.90336,-9030.882603,794.565108,-1242.218044,0.49371,-0.474304,0.661169,0.306825,0.0088606115,-0.0014016389,-7.43262e-05,0.0006405118,0.0001335556,0.0003441834,137685.6571720369,46852.7493741601,42139.4247738558,157907.6216780005,7359.3285418488,16802.386862436,3.475007,0.492223,0.842149,0.559714,-0.211701,-0.788047,-0.144517
1403637001.95336,-9042.738964,798.111005,-1244.37775,0.493693,-0.474552,0.660872,0.30711,0.0088695649,-0.0013998019,-7.78931e-05,0.000640023,0.0001343241,0.0003449593,138107.459102303,47018.2540230806,42273.9317170916,158382.3959330544,7375.2034778529,16857.438759391,3.493477,0.459703,0.842105,0.559412,-0.211734,-0.788181,-0.144905
1403637002.05336,-9066.481325,805.219288,-1248.708907,0.494682,-0.475207,0.659553,0.307339,0.008889271,-0.0013890717,-0.0001062638,0.0006368018,0.0001392148,0.0003469798,138954.402970544,47350.7797922558,42544.0623933275,159335.7047502735,7407.026741187,16968.0249787779,3.529953,0.395027,0.838857,0.557834,-0.211505,-0.789235,-0.145585
1403637002.10336,-9078.367586,808.78166,-1250.8802,0.49457,-0.475896,0.659541,0.306478,0.0088918282,-0.0014054049,-0.0001166018,0.0006427039,0.0001413224,0.0003477852,139379.552742455,47517.8055191367,42679.689684776,159814.2585752801,7422.9755869398,17023.561038356,3.548063,0.363083,0.835823,0.557414,-0.212162,-0.789457,-0.145033
1403637002.15336,-9090.263765,812.349625,-1253.055309,0.494181,-0.47588,0.659796,0.306583,0.0088991357,-0.0014092964,-0.0001101493,0.0006443188,0.0001404665,0.0003481303,139805.8278409324,47685.3423341918,42815.6930176621,160294.0740272481,7438.9488769642,17079.2594998824,3.566123,0.331174,0.831875,0.557675,-0.212158,-0.789286,-0.144967
1403637002.20336,-9102.169962,815.923115,-1255.234402,0.494313,-0.476257,0.659637,0.306126,0.0089049415,-0.0014160637,-0.0001197059,0.0006470024,0.000142307,0.0003489143,140233.2279638503,47853.3912354459,42952.0729465618,160775.1593164356,7454.9469900168,17135.1208413054,3.584238,0.299418,0.826813,0.557252,-0.212306,-0.789586,-0.144741
1403637002.40336,-9149.898755,830.273313,-1263.981477,0.495526,-0.475751,0.657581,0.30936,0.0089575073,-0.0013587487,-0.0001319273,0.0006283512,0.0001440495,0.0003521523,141954.2494255354,48530.7828556297,43501.4248808696,162712.4661718969,7519.1905915319,17360.2226747719,3.656411,0.175206,0.805234,0.555853,-0.209953,-0.790611,-0.147923
1403637002.45336,-9161.858235,833.875832,-1266.172403,0.495138,-0.475392,0.657592,0.310505,0.0089701747,-0.001347194,-0.0001185434,0.0006246661,0.0001419332,0.0003524758,142387.4496654087,48701.4631195532,43639.7498567401,163200.1096847568,7535.3140668396,17416.9231390184,3.673771,0.144631,0.803357,0.556296,-0.209285,-0.790303,-0.148846
1403637002.60336,-9197.802362,844.719703,-1272.750576,0.495499,-0.474317,0.656259,0.31437,0.0090146414,-0.0012878411,-0.0001050453,0.0006061745,0.0001395649,0.0003544548,143694.2218229432,49216.7134699714,44057.1222281186,164671.046742022,7583.8279040589,17588.0541719541,3.72229,0.053825,0.810381,0.556134,-0.206632,-0.790436,-0.152413
1403637002.80336,-9245.87903,859.268862,-1281.547845,0.494317,-0.475965,0.65551,0.315301,0.0090449255,-0.0012989891,-0.0001089559,0.0006100035,0.0001411623,0.0003576938,145453.4745045412,49911.4782605367,44619.2717933455,166651.0070442091,7648.8778782721,17818.6640961492,3.785542,-0.070024,0.838862,0.555561,-0.207529,-0.79032,-0.153881
1403637002.85336,-9257.922616,862.920481,-1283.756573,0.493278,-0.476853,0.656288,0.313965,0.0090423969,-0.0013343469,-0.0001064271,0.0006214825,0.0001414482,0.000358089,145896.198801538,50086.4905245469,44760.779952772,167149.217201559,7665.1998946527,17876.7361548861,3.800365,-0.101386,0.843809,0.555974,-0.208923,-0.789901,-0.152648
1403637002.90336,-9269.975643,866.577701,-1285.969798,0.491454,-0.477942,0.657631,0.312356,0.0090352452,-0.0013837709,-9.31505e-05,0.0006378357,0.0001402085,0.0003582332,146340.0791935463,50262.0282242242,44902.673290903,167648.7033163724,7681.5454622132,17934.974968873,3.815008,-0.133034,0.847069,0.556911,-0.21076,-0.789055,-0.151076
1403637002.95336,-9282.038306,870.240322,-1288.187849,0.490872,-0.478677,0.657641,0.312124,0.0090390632,-0.0013977339,-9.45881e-05,0.0006425477,0.0001408421,0.0003590482,146785.1085604712,50438.0908113438,45044.951154349,168149.480383614,7697.9154064241,17993.380819242,3.829471,-0.16463,0.848344,0.556871,-0.211594,-0.788872,-0.151005
1403637003.00336,-9294.110576,873.908381,-1290.410263,0.490585,-0.479538,0.657497,0.311556,0.009042129,-0.0014131391,-0.0001039044,0.0006478823,0.0001427731,0.0003599971,147231.2931154402,50614.6788509531,45187.6152357337,168651.5496545247,7714.3091574466,18051.9542031059,3.843687,-0.196261,0.84806,0.556527,-0.212389,-0.788954,-0.150734
1403637003.25336,-9354.620957,892.330658,-1301.584682,0.487496,-0.482942,0.65699,0.312215,0.0090690368,-0.0014592128,-0.0001007851,0.0006633972,0.0001440964,0.0003643873,149479.7085040841,51505.6097796214,45906.8024650396,171181.6519125099,7796.6465294669,18347.3696529585,3.911789,-0.352667,0.827381,0.556444,-0.215517,-0.78786,-0.152311
1403637003.35336,-9378.89786,899.740416,-1306.076896,0.484388,-0.483883,0.658984,0.311394,0.0090677156,-0.0015137181,-6.20488e-05,0.0006830276,0.0001384763,0.0003648145,150387.4591534343,51865.8322195677,46197.2930526112,172203.1392201296,7829.7592121502,18466.7572182962,3.938423,-0.414985,0.817499,0.558524,-0.217429,-0.786083,-0.151162
1403637003.40336,-9391.053073,903.45466,-1308.325775,0.483178,-0.483751,0.659426,0.312542,0.0090768713,-0.0015131999,-3.69274e-05,0.0006826896,0.0001343229,0.0003653633,150843.1893889876,52046.8012224403,46343.1635623595,172715.984437082,7846.3557682591,18526.7219291288,3.951669,-0.445999,0.814651,0.559508,-0.217301,-0.785252,-0.152022
1403637003.45336,-9403.219653,907.174837,-1310.575771,0.481714,-0.483829,0.660239,0.312962,0.0090808719,-0.0015264823,-1.18729e-05,0.0006875179,0.0001302159,0.000365899,151300.1595022292,52228.3318235499,46489.4516676554,173230.2425191096,7862.9774223127,18586.8672804559,3.964334,-0.476626,0.813826,0.560701,-0.217592,-0.78429,-0.152174
1403637003.50336,-9415.397833,910.901627,-1312.827246,0.480536,-0.484538,0.660738,0.312621,0.0090811885,-0.0015490848,-2.7773e-06,0.0006958458,0.0001288968,0.0003666179,151758.3891823436,52410.455586029,46636.1661829572,173745.9360952693,7879.6280545683,18647.1977261405,3.97726,-0.507138,0.815053,0.561235,-0.218615,-0.78368,-0.151883
1403637003.65336,-9452.000847,922.122292,-1319.592602,0.479225,-0.486299,0.660994,0.311359,0.0090908982,-0.0015914936,-1.0603e-05,0.0007122569,0.0001310261,0.0003686058,153140.6716709831,52960.40819648,47078.8747066423,175301.5898783366,7929.7530410375,18829.3021665437,4.018033,-0.599059,0.829025,0.560998,-0.22047,-0.783489,-0.15106
1403637003.70336,-9464.224096,925.875192,-1321.852751,0.479188,-0.486698,0.660799,0.311204,0.0090975404,-0.0015963998,-1.71018e-05,0.0007143031,0.0001324255,0.0003692944,153603.9299305893,53144.8974709672,47227.2878601846,175822.9768276772,7946.5174412131,18890.370493363,4.032071,-0.629512,0.835529,0.560648,-0.220746,-0.783663,-0.151056
1403637003.75336,-9476.45767,929.63375,-1324.116986,0.4793,-0.486899,0.660634,0.311067,0.0091052598,-0.0015984614,-2.32987e-05,0.0007153646,0.0001337396,0.0003698964,154068.3941019051,53329.949619617,47376.1083185623,176345.7441446556,7963.3084886605,18951.6166988303,4.046179,-0.659672,0.841138,0.560362,-0.22072,-0.783887,-0.150989
1403637003.80336,-9488.701453,933.398101,-1326.385604,0.479124,-0.487158,0.661355,0.309399,0.0091035734,-0.0016249401,-2.83736e-05,0.0007263692,0.0001348937,0.0003699657,154534.0696684571,53515.5693227127,47525.3372968274,176869.8872491461,7980.1263782723,19013.0412964216,4.060457,-0.689734,0.845554,0.560368,-0.22127,-0.784038,-0.149377
1403637003.85336,-9500.955759,937.168127,-1328.6586,0.48067,-0.487322,0.660187,0.309236,0.0091175429,-0.0016096737,-5.98989e-05,0.0007209011,0.0001407711,0.00037086,155000.9549007163,53701.7597642644,47674.9763797114,177395.4294779189,7996.9722087688,19074.6455208184,4.075071,-0.719354,0.848799,0.558788,-0.220789,-0.785285,-0.14945
1403637003.95336,-9525.494398,944.724427,-1333.218438,0.484356,-0.486879,0.657858,0.309145,0.0091497837,-0.0015653195,-0.000122187,0.0007053592,0.0001517065,0.0003729935,155938.3284917623,54075.8078359584,47975.4687347202,178450.6238771476,8030.7401742818,19198.3846307149,4.104216,-0.777888,0.850552,0.555604,-0.218655,-0.78806,-0.149858
1403637004.10336,-9562.376594,956.09956,-1340.093071,0.489471,-0.486132,0.654809,0.308737,0.0091931545,-0.0015065489,-0.0002085137,0.0006860141,0.0001657934,0.0003773344,157353.4266277851,54641.0577015558,48429.2503349368,180043.684217359,8081.5805504811,19385.3234185912,4.147436,-0.864523,0.840413,0.55112,-0.21562,-0.792,-0.150038
1403637004.15336,-9574.690775,959.901771,-1342.392735,0.49054,-0.485458,0.654091,0.309622,0.0092109679,-0.0014790162,-0.0002173914,0.0006767573,0.0001666503,0.0003782572,157827.5489805047,54830.5794165963,48581.3266727465,180577.4687135807,8098.5753667284,19447.9926045012,4.160888,-0.892797,0.834655,0.550379,-0.214265,-0.79274,-0.150786
1403637004.20336,-9587.015294,963.709615,-1344.695687,0.49143,-0.485566,0.653814,0.308625,0.0092170472,-0.0014827734,-0.0002385447,0.0006788468,0.0001703839,0.0003795752,158302.9130819405,55020.6675561254,48733.8203621258,181112.6536398501,8115.5943622899,19510.843538852,4.173797,-0.920998,0.828634,0.54949,-0.21407,-0.79356,-0.149992
1403637004.35336,-9624.055617,975.168089,-1351.611271,0.490903,-0.48536,0.655548,0.3061,0.0092279548,-0.0015259304,-0.0002340652,0.0006961571,0.0001710967,0.0003798506,159736.6783738936,55594.3904411395,49193.8851062892,182726.9058645364,8166.7933263132,19700.5172931536,4.207341,-1.004305,0.822543,0.54997,-0.21423,-0.793756,-0.146937
1403637004.40336,-9636.425235,978.99863,-1353.918895,0.488666,-0.485392,0.657453,0.30554,0.0092254227,-0.0015625869,-0.0001953683,0.0007097724,0.0001654401,0.0003782632,160217.1437984288,55786.7801594827,49348.1012852972,183267.9384258673,8183.9082358677,19764.1168630025,4.216878,-1.030846,0.824554,0.551986,-0.215148,-0.792304,-0.145866
1403637004.75336,-9723.343779,1005.997486,-1370.112154,0.46888,-0.493243,0.66982,0.296992,0.0091269835,-0.0019556325,2.10396e-05,0.0008743705,0.0001287287,0.0003783137,163617.3969330839,57151.0124846349,50440.1851359859,187097.5772915144,8304.5300886226,20214.7999648556,4.285643,-1.212908,0.90423,0.564173,-0.230557,-0.780963,-0.136563
1403637004.90336,-9760.754861,1017.652531,-1377.123351,0.467569,-0.499942,0.669429,0.288621,0.0090757223,-0.0021089071,-7.84576e-05,0.0009510151,0.0001536877,0.0003811761,165093.385256535,57744.6497582921,50914.6132384457,188760.8394972246,8356.6611449631,20410.7691562135,4.321679,-1.283849,0.919007,0.560803,-0.238737,-0.781924,-0.130765
1403637004.95336,-9773.245443,1021.546494,-1379.474475,0.46965,-0.502103,0.666935,0.287261,0.0090808391,-0.0021109393,-0.0001527035,0.0009520508,0.0001720763,0.0003844627,165587.7515440104,57943.6655601337,51073.570930699,189318.1574371687,8374.0954330471,20476.4556015567,4.334664,-1.305175,0.916097,0.557369,-0.240043,-0.783972,-0.130803
1403637005.00336,-9785.746386,1025.444967,-1381.831575,0.472315,-0.503108,0.663798,0.288398,0.0091080437,-0.0020689467,-0.0002147185,0.0009301159,0.0001861797,0.0003886553,166083.3193102291,58143.2518008688,51232.941703554,189876.9428805801,8391.5575133904,20542.3258121645,4.347924,-1.325346,0.910139,0.554095,-0.239517,-0.786095,-0.132911
1403637005.05336,-9798.258507,1029.348176,-1384.193107,0.473966,-0.503019,0.661185,0.291828,0.0091476038,-0.0020045025,-0.0002371037,0.0008971391,0.0001896736,0.000391561,166580.1219560657,58343.4214761198,51392.7381247447,190437.2456864936,8409.0478465144,20608.3849198893,4.361168,-1.344079,0.90298,0.552386,-0.237679,-0.787195,-0.136759
1403637005.10336,-9810.781847,1033.256368,-1386.558483,0.473882,-0.502246,0.659839,0.296305,0.0091866637,-0.0019441771,-0.0002153734,0.0008669971,0.0001831728,0.0003921492,167078.179619183,58544.1811130657,51552.9656839449,190999.0690764334,8426.5658948268,20674.6347823025,4.374303,-1.361582,0.895259,0.552648,-0.235614,-0.786878,-0.141038
1403637005.25336,-9845.3039,1048.259888,-1392.916399,0.475646,-0.500896,0.655159,0.305991,0.009282245,-0.0017895398,-0.0002088985,0.0007959028,0.0001780544,0.0003960706,168576.596565069,59146.5067521148,52035.4198095477,192689.8602929474,8478.4212046113,20874.3269855524,4.411909,-1.409335,0.866902,0.551365,-0.230324,-0.787562,-0.150647
1403637005.30336,-9857.864567,1052.193823,-1395.296624,0.477497,-0.501205,0.653477,0.306199,0.0092992388,-0.0017643419,-0.000248418,0.0007854242,0.0001853954,0.0003991126,169219.4686052509,59394.6326224873,52216.9614506868,193037.8339944464,8487.9371012592,20942.740478736,4.424093,-1.424327,0.855422,0.54935,-0.229706,-0.789011,-0.151366
1403637005.65336,-9946.091007,1079.896781,-1412.03622,0.478551,-0.49593,0.656214,0.307288,0.0093806672,-0.0017233503,-0.0001909425,0.0007727496,0.0001733847,0.0003974281,172781.8128912357,60834.2922890135,53363.6163503748,197049.4856188044,8611.8040397841,21417.3233511763,4.49939,-1.524855,0.785241,0.551528,-0.223169,-0.78966,-0.149831
1403637005.75336,-9971.401407,1087.870118,-1416.832277,0.480584,-0.498642,0.656795,0.298354,0.00934632,-0.0018328296,-0.0002918672,0.0008215426,0.0001969229,0.0004021862,173812.0121590968,61251.407537459,53695.4271248666,198209.6633268546,8647.4345541348,21554.7529159879,4.51802,-1.553165,0.78345,0.548004,-0.226905,-0.792472,-0.142105
1403637005.80336,-9984.075012,1091.866024,-1419.231348,0.480792,-0.498361,0.656917,0.298219,0.0093554705,-0.0018319545,-0.0002927186,0.0008216258,0.0001971346,0.0004025635,174329.1875495809,61460.9378619814,53862.0426548099,198792.1847170099,8665.2916354985,21623.7796127806,4.526643,-1.566227,0.787273,0.547866,-0.226529,-0.792751,-0.141678
1403637005.85336,-9996.760282,1095.867616,-1421.632387,0.480687,-0.497127,0.656782,0.300738,0.0093819042,-0.0017949239,-0.0002672771,0.0008056484,0.0001907537,0.0004017241,174847.7147940577,61671.0988231723,54029.1203235452,199376.2961497958,8683.1754728098,21693.0098497601,4.534736,-1.578466,0.792841,0.54866,-0.224586,-0.7924,-0.143652
1403637005.90336,-10009.456334,1099.874636,-1424.036727,0.480266,-0.495875,0.656907,0.303192,0.0094062489,-0.0017624774,-0.0002357895,0.0007919644,0.0001835793,0.0004006849,175367.5679677704,61881.8744588252,54196.64887128,199961.9454546124,8701.0844293245,21762.4387606079,4.542173,-1.59011,0.798488,0.549644,-0.222897,-0.791871,-0.145426
1403637005.95336,-10022.163031,1103.887209,-1426.444902,0.479371,-0.494745,0.657253,0.305693,0.0094281424,-0.0017356529,-0.0001972345,0.0007807342,0.0001754829,0.0003996457,175888.7496100945,62093.2708743616,54364.6288552048,200549.1275093944,8719.0192264709,21832.0667777479,4.549061,-1.601302,0.803722,0.551053,-0.221346,-0.790988,-0.147255
1403637006.00336,-10034.880032,1107.905345,-1428.857399,0.478061,-0.49397,0.657873,0.30766,0.0094439675,-0.0017227866,-0.0001575595,0.0007752762,0.0001677495,0.0003989022,176411.2524698695,62305.288364869,54533.0575305411,201137.8269169297,8736.9800176859,21901.8929135173,4.555499,-1.612144,0.807997,0.552609,-0.220425,-0.789899,-0.148649
1403637006.05336,-10047.607306,1111.9292,-1431.274187,0.476217,-0.493699,0.659306,0.307888,0.0094461226,-0.0017429543,-0.0001195858,0.0007834739,0.0001609787,0.0003981707,176935.0880441826,62517.932024673,54701.9378272464,201728.0428154295,8754.9667118947,21971.9182161158,4.561479,-1.622804,0.811288,0.554298,-0.220621,-0.788706,-0.148403
1403637006.40336,-10136.996645,1140.264522,-1448.30388,0.484227,-0.501253,0.654593,0.29288,0.0094274053,-0.0018830468,-0.0004276353,0.0008483258,0.0002287137,0.0004194839,180639.9412088007,64024.5443415846,55897.0229022133,205903.0071383081,8881.6503044809,22467.8030186397,4.599656,-1.693282,0.819328,0.54187,-0.227033,-0.797355,-0.138049
1403637006.45336,-10149.809578,1144.33489,-1450.752032,0.485395,-0.503023,0.654125,0.288927,0.0094086851,-0.0019296906,-0.0004869947,0.0008705331,0.0002441327,0.0004256927,181174.6137979341,64242.3236871895,56069.5924841672,206505.7003102104,8899.8541679188,22539.4590256865,4.60368,-1.701565,0.818549,0.539492,-0.229001,-0.798917,-0.135051
1403637006.55336,-10175.468378,1152.490256,-1455.658503,0.481791,-0.502913,0.659054,0.283908,0.0093782337,-0.0020461581,-0.0004299338,0.0009270385,0.0002380916,0.000419021,182247.9626131259,64679.7338521943,56416.1036146704,207715.8664408968,8936.3355723615,22683.3796313606,4.609188,-1.714858,0.816337,0.542689,-0.231527,-0.797063,-0.128753
1403637006.60336,-10188.314964,1156.5753,-1458.116291,0.479968,-0.499364,0.661994,0.286409,0.0094072013,-0.0020237121,-0.0003355712,0.0009164955,0.0002152532,0.0004102691,182786.6552948899,64899.3790043237,56590.0541166836,208323.3937871797,8954.6149943013,22755.6487509411,4.610729,-1.719484,0.8157,0.546773,-0.228404,-0.795128,-0.129008
1403637006.75336,-10226.919785,1168.862143,-1465.512675,0.480197,-0.481009,0.671851,0.294377,0.0095309214,-0.001840897,-4.05631e-05,0.0008399823,0.0001459254,0.0003920445,184410.869766765,65562.1322553736,57114.6885797662,210155.5506144134,9009.6084777678,22973.6908496416,4.612659,-1.728824,0.810209,0.55896,-0.209834,-0.791974,-0.12772
1403637006.85336,-10252.71,1177.082249,-1470.464642,0.48533,-0.466263,0.679352,0.292463,0.0095909524,-0.0017370958,7.85697e-05,0.0008063888,0.0001202071,0.0003849014,185500.5632568005,66007.2577616798,57466.7963639739,211384.9726072543,9046.4095593439,23120.0959358716,4.613841,-1.733147,0.802169,0.564154,-0.195325,-0.793323,-0.119244
1403637006.90336,-10265.621242,1181.201077,-1472.946116,0.48993,-0.457927,0.682819,0.28988,0.0096228918,-0.0016757261,0.0001067035,0.0007882904,0.0001137106,0.0003807093,186047.5004891374,66230.8101018233,57643.5623969038,212002.086248814,9064.8500331927,23193.6137908178,4.614103,-1.734887,0.797538,0.565446,-0.186878,-0.795305,-0.113311
1403637006.95336,-10278.543404,1185.32612,-1475.431323,0.496766,-0.448495,0.684966,0.287917,0.0096697563,-0.0015711552,0.0001051358,0.0007560393,0.0001128897,0.0003757543,186595.8518920192,66455.0406026859,57820.8104038702,212620.816736636,9083.3187978888,23267.3451623132,4.614416,-1.736525,0.792559,0.565193,-0.176497,-0.79861,-0.107852
1403637007.00336,-10291.477041,1189.457573,-1477.919761,0.503026,-0.438623,0.687208,0.286915,0.0097172642,-0.0014551858,0.0001187165,0.0007225409,0.0001096441,0.000371417,187145.632230604,66679.968223641,57998.5487767185,213241.2088512029,9101.8183990216,23341.2944134921,4.615141,-1.737834,0.788032,0.565522,-0.165536,-0.801319,-0.103306
1403637007.20336,-10343.322892,1206.044562,-1487.908226,0.516446,-0.406856,0.697032,0.286177,0.0098432069,-0.0011089287,0.0002744631,0.0006417272,8.7599e-05,0.0003650034,189358.9638382265,67586.5064602079,58714.3615207894,215739.2028439949,9176.1031467797,23639.2486842447,4.618764,-1.7399,0.769952,0.5714,-0.132114,-0.804972,-0.08986
1403637007.25336,-10356.311979,1210.206717,-1490.413696,0.517061,-0.400568,0.699309,0.288374,0.0098662257,-0.0010265991,0.0003474809,0.0006251294,8.09141e-05,0.0003682511,189915.8731462056,67814.8536707136,58894.5356044226,216367.8087068009,9194.7445565374,23714.278858461,4.619663,-1.739819,0.765674,0.574218,-0.125613,-0.804073,-0.089237
1403637007.30336,-10369.312302,1214.375603,-1492.922948,0.516629,-0.394659,0.701586,0.291747,0.0098857458,-0.0009403908,0.0004384027,0.0006087089,7.42912e-05,0.0003748054,190474.2377907613,68043.9178284886,59075.2078057078,216998.0806148796,9213.4177175765,23789.5305964735,4.621223,-1.739776,0.761413,0.577762,-0.119483,-0.802396,-0.089872
1403637007.55336,-10434.473342,1235.324328,-1505.528693,0.520867,-0.386076,0.703188,0.291838,0.0099483028,-0.0008294284,0.0004548421,0.000594039,7.63528e-05,0.0003751188,193288.1139186861,69199.9991347633,59986.0504930715,220173.8813697193,9307.2319190581,24169.1037093414,4.637308,-1.748411,0.734249,0.578244,-0.109212,-0.803842,-0.086858
1403637007.60336,-10447.537081,1239.534679,-1508.062113,0.524466,-0.38792,0.700925,0.28837,0.0099613788,-0.0008536505,0.0003483181,0.000599432,8.45966e-05,0.0003663301,193855.3049371948,69433.3653149744,60169.7162483347,220813.9290240699,9326.0829798846,24245.6819326324,4.642086,-1.751918,0.727066,0.573911,-0.110175,-0.807018,-0.084917
1403637007.70336,-10473.69622,1247.975402,-1513.139528,0.53349,-0.393059,0.693756,0.282128,0.0099853834,-0.0008802001,7.69127e-05,0.0006057124,0.0001089457,0.0003555172,194994.1295938745,69902.2260848396,60538.5517720165,222098.9361966478,9363.8670907506,24399.5040073255,4.651848,-1.760554,0.712222,0.56246,-0.112489,-0.814939,-0.082827
1403637007.75336,-10486.791757,1252.205287,-1515.682484,0.536995,-0.395121,0.690513,0.28055,0.0099949056,-0.000877632,-2.89636e-05,0.0006056049,0.0001190612,0.0003558897,195565.7611169539,70137.7008705278,60723.7208441205,222743.9084236871,9382.7968128061,24476.7471813317,4.656191,-1.765347,0.705407,0.557806,-0.113182,-0.818027,-0.08291
1403637007.95336,-10539.28013,1269.184935,-1525.876754,0.521308,-0.396965,0.701774,0.279589,0.0099783836,-0.0010893366,0.0002761287,0.0006512049,8.6289e-05,0.0003659732,197867.0990969663,71086.4097827236,61469.4011424518,225340.2735483817,9458.7374722701,24787.9274333414,4.663975,-1.786226,0.686536,0.570923,-0.12041,-0.808261,-0.079147
1403637008.00336,-10552.429473,1273.445349,-1528.432991,0.516466,-0.397285,0.705074,0.279817,0.0099676563,-0.001144077,0.000373191,0.0006644614,7.34969e-05,0.0003731728,198446.1423484388,71325.3486559582,61657.0836237788,225993.5667390385,9477.7883801688,24866.2829151865,4.665139,-1.791529,0.682597,0.575241,-0.122429,-0.804977,-0.078271
1403637008.05336,-10565.590314,1277.712434,-1530.993032,0.51477,-0.397855,0.705404,0.281297,0.0099734488,-0.0011463714,0.0004033571,0.0006647466,7.05188e-05,0.00037681,199026.685930208,71565.0330522496,61845.2820036022,226648.5976936966,9496.8718361078,24944.8690974538,4.666987,-1.796711,0.678713,0.57653,-0.122981,-0.803827,-0.079692
1403637008.10336,-10578.762409,1281.986053,-1533.55746,0.517915,-0.40027,0.701833,0.281032,0.00999273,-0.0011322662,0.00030455,0.0006609771,8.36237e-05,0.0003710273,199608.7182863239,71805.4589185849,62033.9923093089,227305.3548081157,9515.9878095115,25023.684558482,4.669584,-1.801779,0.67425,0.572383,-0.123715,-0.80652,-0.081231
1403637008.15336,-10591.945739,1286.266199,-1536.125567,0.5233,-0.403472,0.696527,0.279673,0.0100132154,-0.0011129627,0.000145015,0.0006561714,0.0001035114,0.0003651189,200192.2527812935,72046.6211716882,62223.2172768023,227963.8359122551,9535.1342279956,25102.7297570904,4.672557,-1.806839,0.669738,0.565494,-0.124608,-0.811098,-0.082519
1403637008.35336,-10644.790399,1303.447782,-1546.422169,0.536686,-0.412161,0.681833,0.277839,0.0100590281,-0.0010397816,-0.0002660055,0.0006391339,0.0001517015,0.0003757954,202541.4717173177,73018.3698563455,62985.2555410537,230614.9184445241,9611.9710361698,25421.1919988512,4.678246,-1.826035,0.660811,0.54718,-0.126635,-0.8227,-0.087879
1403637008.50336,-10684.539049,1316.395128,-1554.164708,0.523123,-0.411625,0.691108,0.281562,0.0100690894,-0.0011459401,3.73955e-05,0.0006635608,0.0001198481,0.0003709798,204319.2561175883,73754.4810775428,63562.1734733595,232621.1788078429,9669.8291519514,25662.4256022922,4.669808,-1.838924,0.666717,0.559992,-0.129887,-0.813483,-0.088233
1403637008.55336,-10697.810437,1320.722841,-1556.75096,0.517614,-0.411258,0.695045,0.282584,0.0100636635,-0.0011945617,0.0001604152,0.0006757151,0.0001048064,0.0003740932,204914.8793108896,74001.2728265231,63755.510775692,233293.3725258691,9689.1637253877,25743.2952868007,4.66538,-1.842967,0.669757,0.565353,-0.131247,-0.809591,-0.087823
1403637008.60336,-10711.092536,1325.056563,-1559.341606,0.513128,-0.411437,0.698041,0.283122,0.0100566242,-0.001241489,0.0002526551,0.0006879341,9.25731e-05,0.0003787324,205511.998834895,74248.7891730373,63949.3601396567,233967.2857623495,9708.5262270425,25824.3941529888,4.660887,-1.846833,0.671777,0.569355,-0.132834,-0.806566,-0.087418
1403637008.65336,-10724.385278,1329.396705,-1561.936893,0.509916,-0.411842,0.700167,0.283086,0.0100508057,-0.0012832033,0.000313394,0.0006993711,8.37382e-05,0.0003829168,206110.6332244569,74497.0485183605,64143.7271282253,234642.9183057836,9727.9182429595,25905.7246329747,4.656685,-1.850834,0.672578,0.572028,-0.134246,-0.804495,-0.086886
1403637008.70336,-10737.688742,1333.74315,-1564.53682,0.507306,-0.413642,0.702483,0.279391,0.0100303324,-0.0013811201,0.0003344971,0.0007281958,7.74841e-05,0.0003843563,206710.7822157207,74746.0484714268,64338.6119797219,235320.2777979341,9747.339452343,25987.2869262118,4.652697,-1.854867,0.672114,0.57335,-0.137652,-0.803345,-0.083423
1403637008.85336,-10777.665699,1346.818951,-1572.362503,0.505733,-0.423659,0.706254,0.256812,0.0099217277,-0.0017948764,0.0001781085,0.0008759664,9.12042e-05,0.0003745541,208520.2941742043,75497.5018840026,64926.3860953643,237362.9349243693,9805.7823646322,26233.3746977035,4.642039,-1.864807,0.665554,0.568249,-0.152845,-0.80595,-0.064633
1403637008.90336,-10791.014525,1351.188191,-1574.980101,0.506755,-0.425926,0.705655,0.25266,0.0099068422,-0.0018579502,0.0001154907,0.000902339,0.0001023047,0.0003728622,209126.4207416429,75749.4417471184,65123.3398144657,238047.4374148775,9825.3239534044,26315.8693326799,4.638725,-1.865672,0.661389,0.565748,-0.155505,-0.80744,-0.061556
1403637008.95336,-10804.375643,1355.562319,-1577.602404,0.506994,-0.427045,0.705085,0.251883,0.0099094456,-0.0018743573,9.2162e-05,0.0009092528,0.0001070941,0.0003731498,209734.0087932273,76002.1119525589,65320.8089146006,238733.81005485,9844.8982019356,26398.5988319409,4.635741,-1.864564,0.656313,0.564777,-0.156445,-0.80796,-0.06126
1403637009.05336,-10831.13418,1364.325336,-1582.860192,0.508183,-0.425317,0.701541,0.262098,0.009993777,-0.0017054145,0.000111181,0.0008404893,0.0001071351,0.0003772305,210953.5887899054,76509.6376976294,65717.2960127379,240112.1392919348,9884.1410096955,26564.7624641745,4.630308,-1.856848,0.644151,0.564861,-0.151302,-0.808095,-0.070907
1403637009.10336,-10844.531023,1368.714847,-1585.495975,0.50925,-0.423835,0.699142,0.268755,0.0100447305,-0.00158746,0.0001228242,0.0007969845,0.0001075831,0.0003796326,211565.6138480253,76764.509086964,65916.3199996622,240804.0580336457,9903.809158882,26648.1981800238,4.628043,-1.851077,0.636604,0.564805,-0.147513,-0.808252,-0.077227
1403637009.30336,-10898.232192,1386.330875,-1596.078274,0.517398,-0.417181,0.685593,0.29702,0.0102372975,-0.0010222008,0.0001002297,0.0006353788,0.0001210694,0.0003882458,214029.0150968856,77791.4668715203,66717.7035978719,243589.8708513491,9982.7720892613,26984.3227060141,4.618981,-1.821967,0.603158,0.560848,-0.129718,-0.81093,-0.105017
1403637009.40336,-10925.148165,1395.177573,-1601.38594,0.512563,-0.410332,0.696805,0.288738,0.0102162937,-0.0011636915,0.0002781884,0.000674756,9.54406e-05,0.0003897121,215270.2362887245,78309.4781898581,67121.6363671185,244993.4382590732,10022.406043709,27153.8293917905,4.611508,-1.809364,0.58989,0.568709,-0.12759,-0.807291,-0.092639
