timestamp,p_x,p_y,p_z,q_x,q_y,q_z,q_w,Pr11,Pr12,Pr13,Pr22,Pr23,Pr33,Pt11,Pt12,Pt13,Pt22,Pt23,Pt33,gt_p_x,gt_p_y,gt_p_z,gt_q_w,gt_q_x,gt_q_y,gt_q_z
1403636624.71514,-0.001814,-0.037452,0.012665,-0.80825,0.020137,-0.588463,0.006123,0.0009503046,-0.0001033349,-0.0001036773,0.0003370942,-0.0002736623,0.0006702682,0.0086569839,-0.0088609578,-0.0003452474,0.0171294543,-1.4023e-06,0.0027953069,4.593311,-1.654758,0.571072,0.5828,-0.094501,-0.806163,-0.038942
1403636624.81263,-0.032135,-0.048034,0.004681,-0.810204,0.000326,-0.586124,0.005314,0.0003917896,-5.7214e-06,-0.0001235578,6.5691e-06,2.1787e-06,4.68183e-05,0.0025271536,-7.12e-07,-2.6114e-06,0.0025198327,2.0211e-06,0.0025198038,4.606058,-1.644447,0.570487,0.580864,-0.088419,-0.807814,-0.047193
1403636624.86248,-0.036394,-0.055745,0.007461,-0.812269,-0.003603,-0.583271,0.001397,0.0003823806,1.7215e-06,-0.0001255501,5.9704e-06,-3.46e-07,4.83958e-05,0.0025233642,-1.759e-06,-1.5793e-06,0.0025188894,1.6061e-06,0.0025170209,4.61382,-1.638986,0.572021,0.577077,-0.0844,-0.810648,-0.052087
1403636625.11295,-0.078902,-0.087713,0.046151,0.831309,0.02156,0.555148,0.016491,0.0003695935,1.88235e-05,-0.0001493711,6.8657e-06,-7.5983e-06,6.66509e-05,0.0025196884,-3.1905e-06,-2.4774e-06,0.0025212207,1.0297e-06,0.0025117233,4.656051,-1.618147,0.611254,0.548684,-0.070758,-0.830235,-0.068191
1403636625.16371,-0.085384,-0.090817,0.059343,0.833175,0.019152,0.552538,0.012456,0.0003680607,1.53498e-05,-0.0001520287,6.1983e-06,-6.2799e-06,6.87913e-05,0.0025191133,-3.4422e-06,-1.6681e-06,0.002521974,8.543e-07,0.0025101854,4.662071,-1.616815,0.624433,0.547115,-0.073528,-0.83136,-0.064035
1403636625.26402,-0.092946,-0.093131,0.089523,0.830644,0.014035,0.556588,0.006532,0.0003694469,8.7174e-06,-0.0001480142,5.6822e-06,-3.4751e-06,6.53001e-05,0.0025195145,-3.613e-06,-9.211e-07,0.0025230804,5.935e-07,0.0025090037,4.670084,-1.615389,0.653577,0.552574,-0.077056,-0.827878,-0.05782
1403636625.31313,-0.093447,-0.094078,0.101002,0.828736,0.014394,0.559446,0.003188,0.0003718749,6.7929e-06,-0.0001459508,5.4432e-06,-2.7436e-06,6.32227e-05,0.0025198093,-3.7065e-06,-7.519e-07,0.0025234289,5.765e-07,0.002508596,4.671904,-1.614962,0.665206,0.556068,-0.077953,-0.825602,-0.055635
1403636625.36301,-0.092442,-0.093384,0.107763,0.827603,0.01478,0.561118,0.001152,0.0003734836,5.8258e-06,-0.0001446308,5.1697e-06,-2.4983e-06,6.1845e-05,0.0025198814,-4.1834e-06,-7.635e-07,0.0025230971,4.22e-07,0.0025082607,4.673126,-1.614784,0.671613,0.558311,-0.078074,-0.824189,-0.053916
1403636625.41322,-0.092002,-0.093692,0.10864,0.828276,0.015132,0.560115,0.000521,0.0003731932,5.8153e-06,-0.0001458922,5.1526e-06,-2.5263e-06,6.28886e-05,0.0025201514,-4.1235e-06,-6.709e-07,0.0025231373,5.567e-07,0.0025081602,4.673837,-1.614435,0.67271,0.557251,-0.077929,-0.824969,-0.053152
1403636625.46392,-0.089146,-0.092556,0.107663,0.830317,0.004928,0.55722,0.007517,0.0003563968,5.79e-06,-0.0001418799,5.0472e-06,-2.4725e-06,6.22614e-05,0.0025186168,-2.8273e-06,-6.29e-07,0.0025215453,4.519e-07,0.0025080736,4.673844,-1.614049,0.670319,0.554637,-0.077469,-0.826804,-0.052649
1403636625.51415,-0.086733,-0.092994,0.103196,0.831177,0.004287,0.555943,0.007323,0.000354006,5.3605e-06,-0.0001425282,5.0513e-06,-2.3491e-06,6.31837e-05,0.0025185473,-2.4512e-06,-5.46e-07,0.0025210757,3.874e-07,0.0025080721,4.672463,-1.613582,0.665946,0.553348,-0.077501,-0.827708,-0.051962
1403636625.66441,-0.069934,-0.090135,0.100588,0.831151,0.005572,0.555945,0.0091,0.0003524381,6.8108e-06,-0.0001417978,5.3248e-06,-2.8513e-06,6.31063e-05,0.0025198162,-7.38e-07,-1.202e-07,0.002521723,3.049e-07,0.0025083213,4.661629,-1.613464,0.662505,0.553536,-0.074776,-0.827799,-0.052494
1403636625.7146,-0.062079,-0.087332,0.108407,0.829318,0.004793,0.558682,0.009077,0.0003527856,6.7724e-06,-0.0001392444,5.3741e-06,-2.716e-06,6.10421e-05,0.0025199407,4.419e-07,1.614e-07,0.0025221106,1.472e-07,0.0025084612,4.655261,-1.61383,0.669651,0.556309,-0.074322,-0.826028,-0.051733
1403636625.86491,-0.044728,-0.087418,0.151478,0.818719,0.003138,0.574141,0.007099,0.0003577509,6.0793e-06,-0.0001286098,5.0491e-06,-2.3446e-06,5.2036e-05,0.00251778,2.057e-07,4.021e-07,0.0025202193,4.291e-07,0.0025080862,4.631387,-1.615996,0.715045,0.57021,-0.073135,-0.816654,-0.050951
1403636625.91476,-0.037205,-0.088313,0.173454,0.816314,0.002284,0.577578,0.005467,0.0003600377,4.3575e-06,-0.0001246594,4.9167e-06,-1.6802e-06,4.8795e-05,0.002517612,-8.227e-07,5.309e-07,0.0025192681,7.694e-07,0.0025080391,4.622801,-1.617358,0.737144,0.573406,-0.073413,-0.814444,-0.049977
1403636626.21437,0.018693,-0.069275,0.307266,-0.810913,0.008594,-0.584973,0.012394,0.0003638251,-1.1924e-05,-0.000118499,5.3881e-06,3.8347e-06,4.43e-05,0.0025243717,-3.331e-07,8.033e-07,0.0025253564,1.9133e-06,0.0025085676,4.578643,-1.626181,0.873689,0.582521,-0.083457,-0.807861,-0.032639
1403636626.31433,0.034067,-0.068021,0.336597,-0.810558,0.01043,-0.585354,0.015747,0.0003640132,-1.43931e-05,-0.0001178885,5.6618e-06,4.6253e-06,4.40295e-05,0.0025290202,-1.0633e-06,9.5e-07,0.0025312581,2.6037e-06,0.0025093191,4.567656,-1.625353,0.903971,0.583269,-0.085242,-0.807259,-0.02938
1403636626.56426,0.063994,-0.080296,0.360391,-0.805663,0.001772,-0.592336,0.006464,0.0003683489,-4.6179e-06,-0.0001124127,5.2994e-06,1.3188e-06,4.02989e-05,0.0025470106,-3.6428e-06,1.1451e-06,0.0025488659,4.6074e-06,0.0025127005,4.549683,-1.609682,0.929721,0.589434,-0.076159,-0.803247,-0.039543
1403636626.61426,0.068005,-0.085901,0.361425,-0.803701,-0.000913,-0.595019,0.004132,0.0003700407,-1.9122e-06,-0.0001100787,5.2674e-06,4.26e-07,3.86798e-05,0.0025519817,-5.1196e-06,1.2885e-06,0.0025510607,4.7407e-06,0.0025135928,4.548298,-1.604952,0.931148,0.591897,-0.073194,-0.80157,-0.042273
1403636626.71421,0.071539,-0.096338,0.360518,-0.802419,-0.004693,-0.59674,0.001867,0.0003711143,1.2397e-06,-0.0001087519,5.3031e-06,-5.35e-07,3.77759e-05,0.0025621907,-6.3479e-06,2.0496e-06,0.0025572962,5.0385e-06,0.0025156526,4.548995,-1.59547,0.930224,0.593375,-0.069188,-0.800687,-0.044937
1403636626.86402,0.069875,-0.11657,0.350803,-0.807698,-0.007089,-0.589543,0.003535,0.0003672993,1.5219e-06,-0.0001147716,5.4114e-06,-6.814e-07,4.17944e-05,0.0025851711,-1.03798e-05,4.1228e-06,0.0025655346,4.4264e-06,0.0025191166,4.557896,-1.582633,0.919264,0.58617,-0.066959,-0.806259,-0.043222
1403636626.91396,0.066129,-0.126179,0.346248,-0.810027,-0.00754,-0.58633,0.004009,0.0003654799,1.316e-06,-0.0001173647,5.399e-06,-6.358e-07,4.35352e-05,0.0025923616,-1.10035e-05,5.9463e-06,0.0025623356,2.9703e-06,0.0025197902,4.562374,-1.578693,0.913799,0.58277,-0.066553,-0.808777,-0.042797
1403636626.96388,0.061543,-0.134736,0.34148,-0.812712,-0.007983,-0.582599,0.003743,0.0003632836,1.5837e-06,-0.0001203663,5.4004e-06,-7.41e-07,4.56869e-05,0.0026001726,-1.16486e-05,7.8856e-06,0.0025605994,1.7391e-06,0.002520593,4.567393,-1.574855,0.907504,0.578836,-0.06619,-0.811616,-0.042993
1403636627.01381,0.056655,-0.143139,0.336242,-0.815144,-0.008267,-0.579186,0.003872,0.000361249,1.5946e-06,-0.0001230488,5.4e-06,-7.547e-07,4.76968e-05,0.0026082743,-1.21615e-05,1.01076e-05,0.0025594569,4.936e-07,0.0025214154,4.572777,-1.571179,0.900558,0.575255,-0.066015,-0.814183,-0.042787
1403636627.06377,0.051552,-0.150825,0.331754,-0.817368,-0.008201,-0.576046,0.003733,0.0003593408,1.5905e-06,-0.0001254833,5.4065e-06,-7.657e-07,4.95951e-05,0.002617141,-1.30639e-05,1.23393e-05,0.0025591963,-5.02e-07,0.002522399,4.578145,-1.567568,0.894143,0.57195,-0.066143,-0.816497,-0.042822
1403636627.11375,0.039097,-0.161927,0.32607,-0.819896,-0.008542,-0.572432,0.004335,0.000356345,1.4049e-06,-0.0001285182,5.2629e-06,-7.027e-07,5.196e-05,0.0026084671,-9.0648e-06,1.1596e-05,0.0025433516,-1.8727e-06,0.0025194871,4.583552,-1.564115,0.889209,0.567943,-0.066124,-0.819315,-0.042332
1403636627.26339,0.030507,-0.177926,0.333092,-0.815258,-0.008875,-0.579014,0.00438,0.0003606699,1.321e-06,-0.0001233359,5.3273e-06,-6.357e-07,4.77109e-05,0.0026395577,-1.21797e-05,1.62365e-05,0.0025483279,-3.1251e-06,0.002521448,4.597004,-1.554127,0.89516,0.574452,-0.065201,-0.814809,-0.042911
1403636627.36296,0.005536,-0.171628,0.336988,-0.81225,-0.007524,-0.583241,0.004778,0.0003626688,-2.19e-07,-0.0001204129,5.009e-06,-1.34e-08,4.53012e-05,0.0026020509,6.847e-07,7.0915e-06,0.0025396477,8.364e-07,0.002518265,4.605311,-1.547851,0.911724,0.578524,-0.065819,-0.811958,-0.041272
1403636627.51287,-0.027963,-0.178214,0.370938,-0.811388,-0.002894,-0.584472,0.005864,0.000362603,-2.4402e-06,-0.0001199037,4.6435e-06,7.689e-07,4.48748e-05,0.0025580547,4.869e-06,-4.0376e-06,0.0025337801,3.7121e-06,0.0025165131,4.619269,-1.537765,0.950098,0.578993,-0.070182,-0.811337,-0.039678
1403636627.56279,-0.031036,-0.181607,0.3816,-0.811919,0.000878,-0.583752,0.004373,0.0003625932,-2.9036e-06,-0.0001198269,4.6547e-06,9.096e-07,4.47919e-05,0.0025579821,2.2355e-06,-3.7501e-06,0.0025330785,3.539e-06,0.0025169043,4.624157,-1.53346,0.960063,0.57813,-0.073786,-0.811571,-0.040912
1403636627.8626,-0.060411,-0.218794,0.368157,0.826507,-0.025974,0.562102,0.015902,0.0003494349,-1.2632e-06,-0.0001358902,4.7644e-06,4.233e-07,5.82744e-05,0.0025830017,6.73e-07,-4.353e-06,0.0025421756,3.7505e-06,0.0025210479,4.658332,-1.502789,0.947169,0.554476,-0.09968,-0.824101,-0.059011
1403636627.96277,-0.067674,-0.230044,0.360099,0.830527,-0.033265,0.555476,0.023753,0.0003452194,8.952e-07,-0.0001403331,4.7846e-06,-4.52e-07,6.25244e-05,0.0025863092,5.12e-08,-4.6674e-06,0.0025427627,3.2748e-06,0.002522074,4.664632,-1.490629,0.938265,0.547135,-0.107231,-0.827512,-0.066116
1403636628.11327,-0.058882,-0.246965,0.367329,0.826019,-0.041069,0.561261,0.031513,0.0003494911,2.1373e-06,-0.0001360128,4.8229e-06,-9.364e-07,5.8326e-05,0.0025961273,6.785e-07,-5.2086e-06,0.0025447423,2.9002e-06,0.0025236909,4.660033,-1.470612,0.945151,0.55244,-0.114498,-0.822325,-0.074065
1403636628.16342,-0.04734,-0.249926,0.376523,0.820849,-0.043739,0.56855,0.032311,0.0003542622,1.2158e-06,-0.0001306619,4.7291e-06,-5.657e-07,5.34737e-05,0.0025890403,-1.2465e-06,-6.8041e-06,0.0025422389,2.4877e-06,0.0025233611,4.655813,-1.463883,0.953339,0.559869,-0.116538,-0.816881,-0.07535
1403636628.21348,-0.035047,-0.251841,0.386128,0.816023,-0.046403,0.575241,0.032411,0.0003583438,-3.229e-07,-0.0001256716,4.6471e-06,-2.16e-08,4.92574e-05,0.0025838923,-2.6947e-06,-7.7569e-06,0.0025386459,2.1148e-06,0.0025230812,4.651034,-1.457093,0.962984,0.566866,-0.118511,-0.811716,-0.075758
1403636628.26353,-0.026795,-0.25796,0.396254,0.812261,-0.049657,0.580371,0.030602,0.000361223,-2.9995e-06,-0.0001220316,4.6734e-06,8.918e-07,4.63522e-05,0.0025848937,-1.3351e-06,-8.0908e-06,0.0025383919,2.3264e-06,0.0025231433,4.646108,-1.450403,0.973806,0.572162,-0.12139,-0.807683,-0.074468
1403636628.31354,-0.019234,-0.264128,0.407931,0.809611,-0.052895,0.583929,0.027559,0.0003631766,-6.4935e-06,-0.0001193563,4.7654e-06,2.0292e-06,4.43122e-05,0.0025872962,-5.198e-07,-8.46e-06,0.0025386095,2.4534e-06,0.002523323,4.641685,-1.44367,0.985606,0.576033,-0.124309,-0.804721,-0.071822
1403636628.41389,-0.010283,-0.275625,0.430835,0.808103,-0.056721,0.585804,0.024202,0.0003636622,-1.05034e-05,-0.0001178661,4.8043e-06,3.2769e-06,4.32433e-05,0.0025829193,2.1745e-06,-1.23455e-05,0.0025317492,1.078e-07,0.0025222277,4.63401,-1.428778,1.009737,0.578306,-0.127673,-0.802849,-0.068518
1403636628.51377,-0.006855,-0.28018,0.448966,0.808263,-0.058931,0.585446,0.022159,0.0003627758,-1.27202e-05,-0.0001180725,4.8072e-06,3.9504e-06,4.34246e-05,0.0025693867,-2.7211e-06,-1.24666e-05,0.0025217393,1.8942e-06,0.0025218571,4.628438,-1.411968,1.029395,0.578339,-0.128857,-0.802856,-0.065897
1403636628.61354,0.000986,-0.293639,0.462052,0.809352,-0.060025,0.583938,0.019041,0.0003617733,-1.47457e-05,-0.0001188878,4.7803e-06,4.6122e-06,4.39887e-05,0.002568758,-4.1703e-06,-1.2136e-05,0.0025193138,2.6104e-06,0.0025212972,4.625161,-1.392975,1.042545,0.577716,-0.129327,-0.803477,-0.062795
1403636628.66348,0.003441,-0.30502,0.466851,0.809562,-0.059541,0.583722,0.018256,0.0003612956,-1.51513e-05,-0.0001194256,4.7711e-06,4.7765e-06,4.43597e-05,0.0025695593,-3.9073e-06,-1.20108e-05,0.0025192875,2.5731e-06,0.0025214565,4.624267,-1.382264,1.046828,0.577742,-0.128896,-0.80357,-0.06225
1403636628.86338,0.004142,-0.360619,0.471613,0.81597,-0.061092,0.573904,0.033087,0.0003564396,-6.1695e-06,-0.0001264393,4.2477e-06,1.9042e-06,4.97487e-05,0.0025859162,-3.9865e-06,-1.23757e-05,0.0025203974,2.6973e-06,0.0025232065,4.624215,-1.329192,1.047089,0.56696,-0.131164,-0.80961,-0.076725
1403636628.91336,0.00637,-0.376415,0.472685,0.818516,-0.063088,0.569838,0.036549,0.0003539809,-4.6389e-06,-0.0001294023,4.1714e-06,1.4159e-06,5.2176e-05,0.002590505,-4.5839e-06,-1.22442e-05,0.0025205946,2.7687e-06,0.0025233115,4.623054,-1.314262,1.046424,0.562804,-0.133484,-0.811804,-0.080063
1403636629.01336,0.00595,-0.406574,0.480146,0.822036,-0.066894,0.56398,0.041331,0.0003504267,-2.9015e-06,-0.0001335298,4.1224e-06,8.227e-07,5.57586e-05,0.0026013886,-5.0559e-06,-1.25242e-05,0.0025215101,2.8693e-06,0.0025242279,4.623202,-1.285373,1.051595,0.556618,-0.137597,-0.814921,-0.084547
1403636629.5133,0.003921,-0.572009,0.534043,0.809171,-0.111915,0.573976,0.057165,0.0003574138,-1.29234e-05,-0.0001252422,4.5875e-06,4.2865e-06,4.84964e-05,0.0026803982,-9.5625e-06,-1.63844e-05,0.0025299502,4.5415e-06,0.0025321936,4.598642,-1.125232,1.084953,0.565098,-0.180902,-0.798381,-0.102618
1403636629.56331,0.004463,-0.591071,0.531506,0.808492,-0.11916,0.573245,0.059436,0.0003567848,-1.53525e-05,-0.0001257947,4.8014e-06,5.181e-06,4.8971e-05,0.0026952679,-9.0618e-06,-1.70455e-05,0.0025313795,4.7324e-06,0.0025334758,4.594898,-1.106702,1.08024,0.564123,-0.188047,-0.797127,-0.104891
1403636629.66333,0.006218,-0.634128,0.521708,0.811278,-0.133367,0.564938,0.069895,0.0003526519,-1.38006e-05,-0.0001309299,4.6494e-06,4.894e-06,5.32005e-05,0.0027211872,-9.6695e-06,-1.85234e-05,0.0025330491,5.0167e-06,0.0025346432,4.588619,-1.066707,1.065209,0.555063,-0.202314,-0.798569,-0.115227
1403636630.01334,0.01723,-0.80184,0.457742,0.810623,-0.18869,0.542304,0.114858,0.0003433813,-7.1055e-06,-0.0001416448,4.3481e-06,2.6741e-06,6.30819e-05,0.0028559508,-9.5417e-06,-2.7253e-05,0.0025480857,6.6798e-06,0.0025462513,4.553997,-0.899783,0.989345,0.528841,-0.25711,-0.793183,-0.158382
1403636630.16332,0.02898,-0.878363,0.447738,0.800197,-0.199831,0.55108,0.126743,0.000350833,-6.6395e-06,-0.0001340485,4.3198e-06,2.2594e-06,5.57128e-05,0.0029304146,-6.5835e-06,-3.30092e-05,0.0025573885,7.963e-06,0.0025516031,4.527458,-0.820523,0.977612,0.536674,-0.267238,-0.781836,-0.171181
1403636630.21332,0.035341,-0.904268,0.448664,0.795746,-0.201719,0.555923,0.130566,0.0003544726,-6.3568e-06,-0.0001299936,4.2838e-06,2.0399e-06,5.21e-05,0.0029578137,-5.0502e-06,-3.52287e-05,0.0025607672,8.4359e-06,0.0025536138,4.51717,-0.792974,0.977803,0.541282,-0.26872,-0.777179,-0.175499
1403636630.26333,0.04257,-0.930831,0.451636,0.791765,-0.203439,0.560377,0.133034,0.0003575612,-6.6598e-06,-0.0001263512,4.2694e-06,2.0517e-06,4.90153e-05,0.002986577,-3.1004e-06,-3.76229e-05,0.0025644667,8.9799e-06,0.0025556576,4.506523,-0.765078,0.979983,0.545612,-0.270058,-0.772993,-0.178495
1403636630.31333,0.049601,-0.957454,0.455898,0.789418,-0.204415,0.562841,0.135072,0.0003593534,-6.4866e-06,-0.0001241943,4.2362e-06,1.9271e-06,4.72394e-05,0.0030167314,-7.349e-07,-4.00005e-05,0.0025682969,9.427e-06,0.0025573785,4.496067,-0.737282,0.983106,0.547956,-0.270783,-0.770527,-0.180872
1403636630.41332,0.062526,-1.010747,0.466207,0.790288,-0.205775,0.560803,0.136388,0.0003584439,-5.8278e-06,-0.000125479,4.1837e-06,1.7048e-06,4.82289e-05,0.0030824231,2.9697e-06,-4.57018e-05,0.0025777639,1.05107e-05,0.0025625215,4.475859,-0.682112,0.992792,0.545929,-0.272081,-0.771177,-0.182262
1403636630.51329,0.072676,-1.066151,0.481948,0.793167,-0.204371,0.556988,0.137416,0.0003562859,-3.6773e-06,-0.0001282977,4.111e-06,9.5e-07,5.04843e-05,0.003154149,8.8226e-06,-5.10666e-05,0.0025879071,1.11509e-05,0.0025672011,4.45576,-0.627425,1.008475,0.54194,-0.27079,-0.774208,-0.183238
1403636630.61329,0.083077,-1.119645,0.503192,0.795438,-0.199666,0.554753,0.140218,0.0003554912,4.103e-07,-0.0001294101,4.0534e-06,-5.694e-07,5.13647e-05,0.0032359702,1.49846e-05,-5.83143e-05,0.0025992819,1.12617e-05,0.0025723577,4.434287,-0.573308,1.028893,0.539466,-0.266194,-0.776871,-0.185981
1403636630.66329,0.089033,-1.146975,0.512101,0.796818,-0.197393,0.553467,0.140682,0.0003547666,1.956e-06,-0.0001303036,4.036e-06,-1.1672e-06,5.2088e-05,0.0032775018,1.90754e-05,-6.23899e-05,0.0026045122,1.06268e-05,0.0025742942,4.422973,-0.546696,1.037779,0.5381,-0.263991,-0.778461,-0.186428
1403636630.81329,0.109056,-1.226921,0.530041,0.798306,-0.195131,0.553218,0.136315,0.0003540245,5.388e-07,-0.0001313601,3.9953e-06,-6.818e-07,5.29271e-05,0.0034139097,3.21502e-05,-7.56577e-05,0.0026253082,9.8089e-06,0.0025830806,4.385916,-0.468903,1.056056,0.538127,-0.261719,-0.780193,-0.182266
1403636630.8633,0.117092,-1.252902,0.534813,0.798392,-0.195307,0.553602,0.133978,0.0003539775,-1.0354e-06,-0.0001314752,3.9447e-06,-1.206e-07,5.29496e-05,0.0034602678,4.0772e-05,-8.00507e-05,0.0026284453,6.6905e-06,0.0025830299,4.37267,-0.443643,1.059183,0.538685,-0.261872,-0.780252,-0.180137
1403636630.96331,0.135733,-1.302853,0.537157,0.798227,-0.195662,0.554808,0.129375,0.000354094,-4.1418e-06,-0.0001314165,3.8665e-06,9.916e-07,5.27006e-05,0.0035254924,6.3051e-05,-6.87862e-05,0.0026286611,-2.1695e-06,0.0025722857,4.346011,-0.393655,1.061047,0.540324,-0.262186,-0.779974,-0.175922
1403636631.01334,0.149299,-1.322844,0.544019,0.798471,-0.195651,0.554797,0.127923,0.0003540769,-4.8946e-06,-0.0001314566,3.7808e-06,1.2774e-06,5.26195e-05,0.0035570112,7.59388e-05,-7.0176e-05,0.0026285112,-5.9935e-06,0.0025698635,4.332451,-0.368362,1.060283,0.540734,-0.262304,-0.779848,-0.175045
1403636631.06336,0.286271,-1.338064,0.517814,0.800012,-0.195577,0.55359,0.123568,0.0003541763,-5.2621e-06,-0.0001312969,3.1865e-06,1.656e-06,5.22414e-05,0.003458172,6.85686e-05,-5.09547e-05,0.0026261853,-4.6309e-06,0.0025656378,4.31878,-0.343046,1.058736,0.541909,-0.261684,-0.779401,-0.174332
1403636631.11337,0.319694,-1.359512,0.510194,0.799367,-0.195315,0.554758,0.122914,0.0003531127,-7.2782e-06,-0.0001324539,3.1112e-06,2.452e-06,5.31808e-05,0.0034536757,0.0001431476,-4.62824e-05,0.0026481126,-4.2753e-06,0.0025628198,4.305004,-0.317732,1.056628,0.543459,-0.261319,-0.778435,-0.174368
1403636631.21333,0.382359,-1.405239,0.493386,0.797965,-0.194553,0.557262,0.121904,0.0003546985,-7.9419e-06,-0.0001306867,2.9935e-06,2.6559e-06,5.15399e-05,0.0034886423,0.0001703627,-3.91255e-05,0.0026597749,-2.4711e-06,0.0025605242,4.277108,-0.267626,1.05105,0.546589,-0.260118,-0.776657,-0.174309
1403636631.36335,0.449674,-1.476396,0.474046,0.797576,-0.193255,0.558402,0.121295,0.0003551573,-8.0482e-06,-0.0001303108,2.908e-06,2.6875e-06,5.11302e-05,0.0035715348,0.000218997,-3.66972e-05,0.0026908761,5.045e-07,0.0025612854,4.23627,-0.192998,1.039619,0.548007,-0.25866,-0.776131,-0.174369
1403636631.46335,0.498798,-1.513037,0.458228,0.798219,-0.192247,0.557846,0.121226,0.0003549162,-7.8819e-06,-0.0001306879,2.7472e-06,2.6464e-06,5.12829e-05,0.003596394,0.0002550551,-3.28355e-05,0.0026936407,4.1459e-06,0.0025592504,4.209182,-0.144062,1.025671,0.547964,-0.257613,-0.776523,-0.174307
1403636631.66338,0.567121,-1.600729,0.421993,0.799888,-0.187565,0.556639,0.123089,0.0003543556,-4.5983e-06,-0.0001317102,2.6024e-06,1.4656e-06,5.20626e-05,0.003702465,0.0003205392,-3.24827e-05,0.002734822,6.9094e-06,0.0025611859,4.156107,-0.050373,0.990312,0.546678,-0.253287,-0.778466,-0.176011
1403636631.71334,0.581879,-1.616524,0.416438,0.800317,-0.186638,0.556262,0.123411,0.0003542066,-3.8971e-06,-0.0001319217,2.5538e-06,1.2164e-06,5.21882e-05,0.0037125413,0.0003338005,-3.05357e-05,0.0027386113,7.8329e-06,0.0025606407,4.14272,-0.027624,0.982733,0.546383,-0.252556,-0.778897,-0.176069
1403636631.76338,0.59708,-1.635076,0.412285,0.800789,-0.185692,0.555861,0.123587,0.0003539532,-3.1741e-06,-0.0001322586,2.5218e-06,9.597e-07,5.24447e-05,0.003725468,0.0003457518,-2.94444e-05,0.0027440738,8.4447e-06,0.0025603369,4.13068,-0.006211,0.976941,0.545944,-0.251846,-0.779416,-0.17615
1403636631.86339,0.631507,-1.672257,0.408058,0.801201,-0.183778,0.555745,0.124297,0.0003539918,-2.0345e-06,-0.0001323024,2.4744e-06,5.519e-07,5.24404e-05,0.0037766696,0.0003775605,-2.85957e-05,0.002764364,9.4375e-06,0.0025610984,4.103168,0.037475,0.971864,0.545704,-0.250309,-0.779958,-0.176688
1403636631.91342,0.646269,-1.688127,0.408254,0.80185,-0.182795,0.555,0.124889,0.0003536244,-1.0353e-06,-0.0001327509,2.4522e-06,1.877e-07,5.2805e-05,0.0037934894,0.0003917538,-2.78622e-05,0.002772414,9.5799e-06,0.0025611057,4.089027,0.059131,0.971489,0.54483,-0.24965,-0.780695,-0.177061
1403636631.96342,0.655803,-1.706029,0.4083,0.801945,-0.181823,0.555094,0.125276,0.0003534979,-5.195e-07,-0.0001328559,2.3944e-06,2.35e-08,5.28588e-05,0.0038041733,0.000407261,-2.56975e-05,0.0027770743,9.6844e-06,0.0025607061,4.074715,0.080559,0.971491,0.544464,-0.249369,-0.780986,-0.177298
1403636632.01336,0.673328,-1.721717,0.408428,0.801616,-0.181621,0.555554,0.125638,0.0003539222,-3.201e-07,-0.0001323434,2.36e-06,-3.25e-08,5.23795e-05,0.0038242281,0.0004196821,-2.50382e-05,0.0027806446,9.5906e-06,0.002560634,4.060294,0.101336,0.972044,0.54468,-0.249523,-0.780763,-0.177401
1403636632.06337,0.688688,-1.736088,0.408632,0.800673,-0.181223,0.556857,0.126455,0.0003549148,1.885e-07,-0.0001312024,2.3479e-06,-2.148e-07,5.13644e-05,0.0038437267,0.000436343,-2.45e-05,0.0027901319,9.607e-06,0.002560616,4.045389,0.121907,0.973339,0.545753,-0.24926,-0.779932,-0.178128
1403636632.41346,0.81815,-1.838563,0.394892,0.79825,-0.181544,0.559106,0.1313,0.0003569262,2.3237e-06,-0.0001291433,2.3656e-06,-9.671e-07,4.95751e-05,0.0040211893,0.0005598249,-2.57375e-05,0.0028827425,1.2386e-05,0.002565021,3.941186,0.243492,0.965352,0.547074,-0.249712,-0.777754,-0.182902
1403636632.51344,0.850006,-1.856279,0.377255,0.801283,-0.185543,0.555117,0.123953,0.0003537216,-2.7701e-06,-0.0001329303,2.3571e-06,9.384e-07,5.28303e-05,0.0040342117,0.0005833827,-2.61143e-05,0.002900829,1.24863e-05,0.0025654844,3.910216,0.271156,0.948905,0.543641,-0.254138,-0.780508,-0.175151
1403636632.5635,0.856965,-1.85618,0.367893,0.803993,-0.187075,0.552127,0.117274,0.0003505795,-6.7893e-06,-0.0001361759,2.4359e-06,2.5531e-06,5.57692e-05,0.0040354159,0.0005967434,-2.59323e-05,0.0029058537,1.19199e-05,0.0025648294,3.894099,0.284336,0.938704,0.540932,-0.256208,-0.783266,-0.16807
1403636632.76356,0.921148,-1.890337,0.327478,0.813543,-0.174204,0.547648,0.088785,0.0003433624,-1.70679e-05,-0.0001427147,3.1222e-06,7.0554e-06,6.22709e-05,0.0040854915,0.0006616838,-2.63874e-05,0.0029542863,1.18308e-05,0.0025651781,3.823483,0.340599,0.897328,0.538594,-0.244464,-0.794162,-0.139518
1403636632.81353,0.932506,-1.896915,0.321382,0.814921,-0.164122,0.549528,0.083589,0.0003441866,-1.62966e-05,-0.0001418466,3.0167e-06,6.6799e-06,6.13987e-05,0.0040802634,0.0006679997,-2.59925e-05,0.0029549246,1.14684e-05,0.0025637358,3.804625,0.356262,0.890813,0.54072,-0.234664,-0.796518,-0.13461
1403636633.01351,1.01597,-1.950616,0.314912,0.815131,-0.116028,0.562696,0.073975,0.0003527404,-3.7435e-06,-0.0001337509,2.248e-06,1.3806e-06,5.36125e-05,0.0041556267,0.0007474885,-2.41729e-05,0.0030175062,1.19988e-05,0.0025615462,3.723342,0.42701,0.88465,0.554416,-0.186812,-0.801108,-0.126321
1403636633.06349,1.036928,-1.964555,0.317452,0.81581,-0.107495,0.563714,0.071592,0.000353233,-1.6226e-06,-0.0001331267,2.1841e-06,5.742e-07,5.30531e-05,0.0041719348,0.0007675036,-2.31446e-05,0.0030320177,1.18309e-05,0.0025599104,3.702577,0.445293,0.886017,0.555605,-0.178326,-0.802573,-0.12407
1403636633.11346,1.058835,-1.978196,0.31799,0.816078,-0.100765,0.56491,0.068848,0.0003536393,-5.996e-07,-0.0001325123,2.1465e-06,1.946e-07,5.25116e-05,0.0041917231,0.0007901493,-2.24474e-05,0.0030493755,1.17368e-05,0.0025589198,3.681676,0.463451,0.887565,0.556979,-0.171542,-0.803509,-0.121339
1403636633.16337,1.080888,-1.991196,0.319174,0.816696,-0.095074,0.56525,0.06679,0.0003536671,3.729e-07,-0.0001323539,2.1159e-06,-1.631e-07,5.23417e-05,0.0042102484,0.0008142631,-2.1554e-05,0.0030673251,1.14021e-05,0.0025576063,3.660623,0.481401,0.88769,0.557565,-0.165988,-0.804608,-0.119065
1403636633.21335,1.102955,-2.003645,0.31746,0.817072,-0.091151,0.565633,0.064381,0.0003536788,6.557e-07,-0.0001322526,2.0858e-06,-2.626e-07,5.22353e-05,0.0042295944,0.0008375947,-2.08403e-05,0.0030868403,1.12059e-05,0.0025569759,3.639234,0.498918,0.886203,0.55822,-0.162081,-0.805318,-0.11655
1403636633.66334,1.319589,-2.11767,0.246168,0.825879,-0.094214,0.553756,0.049003,0.0003451283,-9.0834e-06,-0.0001413556,2.2057e-06,3.7613e-06,6.06414e-05,0.0044255184,0.0010623906,-1.65154e-05,0.0033018585,1.1364e-05,0.0025559963,3.435032,0.653237,0.821399,0.54847,-0.166157,-0.81336,-0.100088
1403636633.71333,1.349221,-2.131954,0.243089,0.825664,-0.0957,0.553719,0.050155,0.0003448023,-8.8231e-06,-0.0001415828,2.1082e-06,3.6528e-06,6.07714e-05,0.0044504936,0.001094295,-1.71556e-05,0.0033339727,1.07947e-05,0.0025544629,3.4098,0.672213,0.815483,0.548604,-0.167504,-0.812896,-0.100877
1403636633.81332,1.407783,-2.163727,0.236652,0.824918,-0.098959,0.554165,0.051179,0.0003450061,-9.4697e-06,-0.0001412489,2.0774e-06,3.8928e-06,6.03907e-05,0.0045038362,0.001161892,-1.63798e-05,0.0034006633,1.03686e-05,0.0025532454,3.357386,0.711873,0.808595,0.54912,-0.170565,-0.811804,-0.101736
1403636633.86332,1.43768,-2.180533,0.23572,0.823944,-0.101247,0.555228,0.050858,0.0003454512,-1.05693e-05,-0.0001406302,2.1111e-06,4.3177e-06,5.9765e-05,0.004533963,0.0011978237,-1.59867e-05,0.0034364415,1.02147e-05,0.0025527405,3.330223,0.732342,0.807933,0.550158,-0.172586,-0.810704,-0.101487
1403636633.91331,1.468618,-2.198086,0.235513,0.822864,-0.104775,0.556365,0.048742,0.0003458198,-1.34474e-05,-0.0001399324,2.2909e-06,5.4605e-06,5.91034e-05,0.0045652455,0.0012333343,-1.57484e-05,0.0034722102,1.01261e-05,0.0025525246,3.302618,0.753095,0.80856,0.551404,-0.17586,-0.809406,-0.099448
1403636634.26334,1.697422,-2.33948,0.246087,0.821773,-0.107763,0.55736,0.049245,0.0003467157,-1.45818e-05,-0.0001391222,2.3969e-06,5.8709e-06,5.83183e-05,0.0048317387,0.0015170199,-1.36772e-05,0.0037682156,1.26717e-05,0.002555833,3.102287,0.919606,0.812708,0.552484,-0.178632,-0.807977,-0.100129
1403636634.31334,1.736458,-2.37029,0.246433,0.820355,-0.10527,0.559689,0.051811,0.000348575,-1.19287e-05,-0.0001374544,2.1311e-06,4.7216e-06,5.65938e-05,0.0048860662,0.0015718755,-1.31869e-05,0.0038214834,1.11294e-05,0.0025544297,3.07215,0.947199,0.818721,0.554529,-0.175596,-0.80687,-0.103085
1403636634.41333,1.817752,-2.421948,0.255534,0.815702,-0.099757,0.56698,0.056677,0.0003537623,-7.8681e-06,-0.0001320659,1.8368e-06,2.9701e-06,5.15577e-05,0.004994798,0.0016798204,-1.29529e-05,0.0039282155,1.04017e-05,0.0025541179,3.011278,1.003458,0.829602,0.561221,-0.169726,-0.802798,-0.108356
1403636634.46333,1.855641,-2.44616,0.257947,0.81428,-0.097662,0.569211,0.058389,0.0003554819,-6.0832e-06,-0.0001301902,1.7519e-06,2.2594e-06,4.98963e-05,0.0050513318,0.0017443188,-1.27362e-05,0.003998288,1.02464e-05,0.0025542318,2.980888,1.031798,0.832556,0.563299,-0.167493,-0.801566,-0.110154
1403636634.51334,1.89003,-2.468933,0.258754,0.812442,-0.095959,0.572026,0.059292,0.0003573039,-5.0277e-06,-0.0001280327,1.7047e-06,1.8338e-06,4.80565e-05,0.0051005283,0.0017981692,-1.25062e-05,0.0040563548,1.01545e-05,0.0025543763,2.950628,1.059858,0.833862,0.566011,-0.165465,-0.799934,-0.111173
1403636634.86343,2.122686,-2.617922,0.24177,0.815466,-0.075103,0.571655,0.050852,0.0003567037,-1.0791e-06,-0.0001291343,1.6073e-06,4.19e-07,4.8869e-05,0.0054346244,0.0021462154,-1.2901e-05,0.0044487267,1.12467e-05,0.0025570834,2.748188,1.241688,0.818564,0.566202,-0.144866,-0.804909,-0.102719
1403636634.91342,2.154656,-2.636236,0.241018,0.816612,-0.072364,0.570563,0.04864,0.0003559627,-1.165e-06,-0.0001300232,1.5839e-06,4.51e-07,4.95702e-05,0.0054675819,0.0021890986,-1.40912e-05,0.0044996286,1.11408e-05,0.0025562422,2.720428,1.265281,0.819593,0.565275,-0.142164,-0.806344,-0.100321
1403636635.21338,2.346727,-2.744688,0.250965,0.822517,-0.060065,0.564022,0.04168,0.0003515328,4.222e-07,-0.0001352814,1.5489e-06,-1.437e-07,5.41091e-05,0.0057130561,0.0024854445,-1.54942e-05,0.0048539066,1.12162e-05,0.0025576957,2.551705,1.398314,0.83362,0.559333,-0.130239,-0.81336,-0.092902
1403636635.26338,2.377486,-2.760493,0.247449,0.822936,-0.060277,0.563574,0.039078,0.0003510821,-1.2831e-06,-0.0001357784,1.5357e-06,5.162e-07,5.45351e-05,0.0057510003,0.0025361281,-1.65091e-05,0.0049123672,1.09615e-05,0.0025573614,2.522814,1.419366,0.831704,0.559027,-0.13039,-0.813844,-0.090257
1403636635.46334,2.505751,-2.824734,0.234018,0.824728,-0.064287,0.561098,0.029331,0.0003489161,-8.7581e-06,-0.0001379693,1.7447e-06,3.4974e-06,5.65779e-05,0.005906835,0.0027403917,-1.81675e-05,0.0051734296,1.16705e-05,0.0025590083,2.402927,1.502754,0.82212,0.557352,-0.134372,-0.815378,-0.080392
1403636635.51333,2.539397,-2.841043,0.232886,0.824806,-0.066265,0.560876,0.026873,0.000348599,-1.1169e-05,-0.0001381433,1.8724e-06,4.4665e-06,5.67548e-05,0.0059418613,0.0027900202,-1.89626e-05,0.0052345742,1.19302e-05,0.0025591304,2.37081,1.524363,0.823308,0.557329,-0.136232,-0.81533,-0.077859
1403636635.56329,2.572273,-2.85947,0.233172,0.824754,-0.067203,0.560865,0.026376,0.0003484684,-1.18261e-05,-0.000138125,1.9075e-06,4.7304e-06,5.67509e-05,0.0059801855,0.0028434404,-1.95756e-05,0.0053019141,1.20634e-05,0.0025592856,2.339482,1.545993,0.826661,0.55736,-0.136754,-0.815289,-0.077162
1403636635.71331,2.676244,-2.915313,0.245917,0.822833,-0.069427,0.563452,0.025466,0.0003501033,-1.36286e-05,-0.0001362832,2.0335e-06,5.3546e-06,5.50331e-05,0.0061168662,0.0030127639,-2.04542e-05,0.0055124352,1.25337e-05,0.0025607378,2.247016,1.613427,0.842681,0.560043,-0.138825,-0.813165,-0.076433
1403636635.76335,2.714962,-2.933704,0.255354,0.820779,-0.070945,0.566298,0.024396,0.0003517413,-1.52185e-05,-0.0001342459,2.1519e-06,5.8631e-06,5.31937e-05,0.0061657422,0.0030802822,-2.06508e-05,0.005598744,1.25305e-05,0.0025610022,2.214299,1.637459,0.851817,0.56298,-0.140166,-0.811002,-0.075394
1403636635.86331,2.786613,-2.973103,0.277564,0.816392,-0.076234,0.572117,0.019325,0.000354817,-2.09896e-05,-0.0001299821,2.739e-06,7.7554e-06,4.95574e-05,0.0062681776,0.0032098104,-2.06784e-05,0.0057679141,1.2955e-05,0.0025623337,2.149159,1.687484,0.876251,0.569217,-0.144995,-0.806203,-0.070761
1403636636.06329,2.926974,-3.066252,0.327479,0.824411,-0.077152,0.560296,0.021502,0.0003473466,-1.90414e-05,-0.0001385831,2.5503e-06,7.6681e-06,5.7285e-05,0.0065124261,0.0034831311,-2.06671e-05,0.0061009881,1.3471e-05,0.0025653949,2.024023,1.79968,0.933145,0.557202,-0.146605,-0.814167,-0.071879
1403636636.2133,3.034162,-3.14463,0.36354,0.823092,-0.068752,0.562743,0.033373,0.0003501727,-8.4453e-06,-0.0001366181,1.7106e-06,3.3478e-06,5.52856e-05,0.0067130272,0.003705223,-2.00517e-05,0.0063648635,1.36078e-05,0.0025675593,1.928388,1.892196,0.973982,0.558536,-0.138333,-0.813545,-0.083956
1403636636.26323,3.056267,-3.157697,0.386225,0.819725,-0.066234,0.567702,0.037136,0.0003536108,-5.5539e-06,-0.000132852,1.5852e-06,2.1331e-06,5.18689e-05,0.0067712275,0.0037824018,-1.84454e-05,0.0064470156,1.24242e-05,0.0025671592,1.895942,1.923729,0.991088,0.563078,-0.135618,-0.810453,-0.087865
1403636636.41323,3.160493,-3.231865,0.440935,0.807832,-0.062353,0.58457,0.042391,0.00036433,-1.7138e-06,-0.0001196792,1.5148e-06,6.031e-07,4.1227e-05,0.0069499565,0.0039795746,-1.73493e-05,0.0066913365,1.22518e-05,0.002569776,1.799387,2.016854,1.047923,0.579367,-0.130742,-0.798947,-0.094499
1403636636.46326,3.196836,-3.259461,0.456983,0.80374,-0.060733,0.590321,0.04283,0.0003674985,-1.1035e-06,-0.0001149825,1.5088e-06,3.844e-07,3.78706e-05,0.0070046768,0.0040421506,-1.68662e-05,0.0067680489,1.22148e-05,0.0025705283,1.768412,2.046933,1.064918,0.584832,-0.129486,-0.794989,-0.095919
1403636636.56326,3.262713,-3.309184,0.481349,0.801607,-0.056489,0.593177,0.048743,0.000369339,4.2713e-06,-0.0001121532,1.5623e-06,-1.2642e-06,3.59509e-05,0.0071477684,0.0041930844,-1.58361e-05,0.0069488526,1.20717e-05,0.0025728097,1.70988,2.104963,1.091548,0.587099,-0.125185,-0.793225,-0.102174
1403636636.71325,3.354105,-3.375894,0.503653,0.802219,-0.048436,0.59207,0.059596,0.0003686502,1.46416e-05,-0.0001121414,2.1083e-06,-4.4345e-06,3.60197e-05,0.0073408889,0.0043942205,-1.42519e-05,0.0071929123,1.17044e-05,0.0025763131,1.630214,2.184399,1.116808,0.584973,-0.117615,-0.794467,-0.113123
1403636636.76322,3.38311,-3.395874,0.507798,0.802725,-0.045798,0.591255,0.062874,0.0003680453,1.7881e-05,-0.0001124618,2.3983e-06,-5.4483e-06,3.62728e-05,0.0073982045,0.0044587908,-1.38343e-05,0.0072746624,1.17275e-05,0.0025772703,1.605542,2.207804,1.120913,0.583811,-0.115239,-0.795197,-0.116391
1403636637.11315,3.565412,-3.486269,0.484726,0.810487,-0.053384,0.581612,0.044586,0.0003624613,3.6878e-06,-0.0001216022,1.5942e-06,-1.1965e-06,4.27616e-05,0.0076524288,0.0047888885,-1.42701e-05,0.007746852,1.18209e-05,0.0025852717,1.451887,2.318045,1.097445,0.57598,-0.123726,-0.802174,-0.097251
1403636637.16311,3.593521,-3.503881,0.483867,0.812501,-0.054952,0.578892,0.041311,0.0003605984,1.4031e-06,-0.0001239706,1.5495e-06,-4.441e-07,4.45738e-05,0.0076769157,0.0048743134,-1.80761e-05,0.0078538141,1.38163e-05,0.0025821185,1.432482,2.32876,1.089069,0.573528,-0.125441,-0.804058,-0.093942
1403636637.2131,3.618395,-3.51269,0.476856,0.814986,-0.055499,0.575439,0.039859,0.0003583998,3.424e-07,-0.0001266864,1.5448e-06,-8.01e-08,4.67441e-05,0.0077265677,0.0049374606,-1.87764e-05,0.0079346303,1.4066e-05,0.0025822669,1.413868,2.338783,1.080081,0.570222,-0.126225,-0.806484,-0.092189
1403636637.26311,3.646356,-3.520005,0.472635,0.81679,-0.055827,0.572914,0.038826,0.0003567687,-3.606e-07,-0.0001285771,1.5392e-06,1.687e-07,4.83015e-05,0.0077435219,0.0049869604,-2.1523e-05,0.0080018946,1.38273e-05,0.0025812683,1.395751,2.348368,1.071961,0.567931,-0.126523,-0.808222,-0.090686
1403636637.36311,3.695352,-3.530668,0.463261,0.819474,-0.054989,0.569179,0.038379,0.0003543518,1.7e-08,-0.0001314102,1.544e-06,3.29e-08,5.07146e-05,0.0077879449,0.0050811895,-2.22462e-05,0.0081607623,1.39178e-05,0.0025823077,1.355905,2.368033,1.061545,0.564314,-0.126053,-0.810902,-0.089995
1403636637.51305,3.773415,-3.553475,0.466835,0.821453,-0.054179,0.566548,0.036091,0.0003524832,-8.102e-07,-0.0001334857,1.5527e-06,3.507e-07,5.25436e-05,0.0078359193,0.0052199055,-2.37973e-05,0.0084004572,1.42437e-05,0.002583503,1.290206,2.396488,1.064199,0.561938,-0.125196,-0.81296,-0.087459
1403636637.56303,3.794022,-3.559752,0.471034,0.822255,-0.054161,0.56544,0.035229,0.0003516172,-1.2485e-06,-0.0001343953,1.5544e-06,5.235e-07,5.33609e-05,0.007864325,0.0052698051,-2.38743e-05,0.0084751272,1.41126e-05,0.0025833295,1.269668,2.405091,1.067827,0.560777,-0.125112,-0.813874,-0.086514
1403636637.7129,3.862522,-3.581566,0.4878,0.822304,-0.054215,0.565524,0.03255,0.0003513531,-2.7636e-06,-0.0001345468,1.5728e-06,1.1045e-06,5.35071e-05,0.0079119303,0.0054001173,-2.47768e-05,0.0086854015,1.327e-05,0.0025836464,1.208652,2.429917,1.089143,0.560812,-0.124937,-0.814133,-0.084069
1403636637.86284,3.940452,-3.601852,0.521432,0.819311,-0.05274,0.569977,0.032769,0.0003542305,-2.4584e-06,-0.0001312498,1.5773e-06,9.594e-07,5.0606e-05,0.0079827124,0.0055424171,-2.4369e-05,0.0089249525,1.26491e-05,0.0025845742,1.140549,2.456621,1.126772,0.564968,-0.122936,-0.811508,-0.084573
1403636637.91278,3.972194,-3.614448,0.533698,0.818067,-0.052656,0.571784,0.032507,0.0003553259,-2.6528e-06,-0.0001298521,1.5735e-06,1.015e-06,4.94059e-05,0.007997784,0.0055918803,-2.42032e-05,0.0089951113,1.21929e-05,0.0025842098,1.117069,2.465268,1.142703,0.566638,-0.122451,-0.810429,-0.08445
1403636637.96279,3.99892,-3.618885,0.549444,0.816539,-0.052195,0.574013,0.032388,0.0003567684,-2.8007e-06,-0.0001280702,1.5788e-06,1.0521e-06,4.79187e-05,0.0080358902,0.0056562948,-2.37861e-05,0.0090961949,1.20787e-05,0.0025847175,1.094006,2.473744,1.156604,0.568804,-0.12201,-0.808963,-0.084582
1403636638.06285,4.052814,-3.631809,0.562572,0.814426,-0.051928,0.577052,0.032021,0.000358577,-2.9728e-06,-0.0001258216,1.5891e-06,1.0914e-06,4.6092e-05,0.0080685585,0.0057479037,-2.31723e-05,0.0092716937,1.1867e-05,0.002585684,1.048167,2.490476,1.17134,0.57172,-0.121299,-0.80703,-0.084412
1403636638.46306,4.240182,-3.666198,0.516885,0.826608,-0.06153,0.559185,0.015629,0.0003459456,-1.60407e-05,-0.0001392803,2.3563e-06,6.5425e-06,5.81343e-05,0.0082103717,0.0060969913,-2.22624e-05,0.0099416123,1.10848e-05,0.0025913935,0.877171,2.552128,1.123929,0.555039,-0.13185,-0.818618,-0.066474
1403636638.51315,4.253061,-3.670678,0.501665,0.830967,-0.064818,0.552421,0.01112,0.0003408463,-1.96659e-05,-0.0001438643,2.7473e-06,8.3976e-06,6.28055e-05,0.0082174451,0.0061166977,-2.28851e-05,0.0099803033,1.13706e-05,0.0025913321,0.855622,2.561075,1.111856,0.548567,-0.135281,-0.822807,-0.06137
1403636639.01318,4.517092,-3.770521,0.515263,0.820982,-0.05985,0.567616,0.014795,0.0003517062,-1.63939e-05,-0.0001332188,2.4337e-06,6.3043e-06,5.25449e-05,0.0085555088,0.0066669389,-2.21204e-05,0.0109016493,1.25293e-05,0.0026000381,0.593335,2.709098,1.116224,0.563366,-0.129365,-0.813308,-0.066466
1403636639.06316,4.545568,-3.78432,0.521137,0.820187,-0.063202,0.568513,0.009571,0.0003517347,-2.11232e-05,-0.0001324899,2.9411e-06,8.0611e-06,5.19845e-05,0.0085934317,0.0067248177,-2.26791e-05,0.0109938049,1.29663e-05,0.0026000202,0.563066,2.727315,1.12372,0.564756,-0.132662,-0.812203,-0.061481
1403636639.16321,4.599005,-3.813972,0.525846,0.819573,-0.068545,0.568858,0.001697,0.0003508608,-2.82345e-05,-0.0001321479,3.9522e-06,1.07568e-05,5.18562e-05,0.0086891944,0.0068665191,-2.3349e-05,0.0112126519,1.38815e-05,0.0026006543,0.502759,2.766451,1.130396,0.565736,-0.137911,-0.811196,-0.053718
1403636639.41321,4.75066,-3.909665,0.48622,0.821782,-0.061053,0.566391,0.012201,0.0003507836,-1.84582e-05,-0.0001340503,2.6697e-06,7.1608e-06,5.33478e-05,0.0090102334,0.0072628814,-2.36273e-05,0.0117629287,1.52966e-05,0.0026057773,0.354751,2.886564,1.092132,0.562388,-0.130539,-0.813984,-0.06413
1403636639.51323,4.816893,-3.956624,0.4602,0.822076,-0.053012,0.566431,0.02317,0.0003519149,-8.2173e-06,-0.0001337944,1.8767e-06,3.2176e-06,5.29683e-05,0.0091541203,0.007445869,-2.68658e-05,0.0120003401,1.68834e-05,0.0026062765,0.295663,2.94188,1.067421,0.56165,-0.122475,-0.814792,-0.075278
1403636639.61324,4.879097,-4.002915,0.432735,0.820624,-0.044791,0.568679,0.034251,0.0003538011,1.9723e-06,-0.0001319113,1.7001e-06,-6.601e-07,5.12655e-05,0.0093105405,0.0076417151,-2.86638e-05,0.0122632897,1.81004e-05,0.0026076055,0.236048,2.997371,1.039614,0.562949,-0.114016,-0.814,-0.086568
1403636639.66322,4.914967,-4.022924,0.41878,0.818908,-0.043196,0.571182,0.035698,0.0003554666,3.3808e-06,-0.0001299395,1.7189e-06,-1.168e-06,4.9555e-05,0.0093782193,0.0077329735,-3.10172e-05,0.01238531,1.87246e-05,0.0026075672,0.20566,3.024138,1.025699,0.565424,-0.112282,-0.812335,-0.088322
1403636639.81323,5.010591,-4.085283,0.384208,0.812928,-0.046233,0.579725,0.030496,0.0003606346,-1.5663e-06,-0.0001236798,1.7065e-06,6.144e-07,4.44466e-05,0.0095800665,0.0080012528,-3.33022e-05,0.0127746575,2.08581e-05,0.0026108188,0.116398,3.100103,0.991051,0.574519,-0.114724,-0.806046,-0.084003
1403636640.06322,5.156438,-4.180426,0.363234,0.81087,-0.045933,0.582932,0.023897,0.0003623496,-5.7346e-06,-0.0001214647,1.8222e-06,2.0117e-06,4.27631e-05,0.0099240693,0.0084250699,-3.61696e-05,0.0133779533,2.47583e-05,0.0026173469,-0.021053,3.216967,0.967034,0.578347,-0.114206,-0.804002,-0.077806
1403636640.16321,5.219347,-4.217241,0.370864,0.811086,-0.036973,0.583367,0.021353,0.0003626665,-3.4132e-06,-0.0001211613,1.7702e-06,1.225e-06,4.25171e-05,0.0100562693,0.0085978996,-3.77543e-05,0.0136312757,2.56156e-05,0.0026189097,-0.074211,3.261548,0.971378,0.579118,-0.105358,-0.804893,-0.075298
1403636640.31321,5.307123,-4.281119,0.390036,0.812485,-0.026845,0.582177,0.014738,0.0003618393,-2.8369e-06,-0.000122312,1.7723e-06,1.0437e-06,4.33839e-05,0.0102455183,0.0088469372,-3.80458e-05,0.0139894511,2.58343e-05,0.0026207919,-0.146367,3.325345,0.987025,0.578557,-0.095364,-0.807124,-0.068766
1403636640.41323,5.364487,-4.322403,0.395647,0.812648,-0.021372,0.582237,0.012107,0.0003618575,-2.1002e-06,-0.000122335,1.7689e-06,7.936e-07,4.33967e-05,0.0104091939,0.0090432367,-3.77723e-05,0.0142447975,2.54462e-05,0.0026220976,-0.190879,3.365911,0.992816,0.57889,-0.089895,-0.807729,-0.066177
1403636640.46325,5.401294,-4.347288,0.396568,0.81271,-0.019196,0.582242,0.011365,0.0003618667,-1.6214e-06,-0.0001222993,1.7612e-06,6.3e-07,4.33643e-05,0.0104882556,0.0091527957,-3.80339e-05,0.0143822851,2.43176e-05,0.00262142,-0.212307,3.385665,0.993387,0.579083,-0.087671,-0.807898,-0.065416
1403636640.51325,5.428955,-4.367878,0.394344,0.813497,-0.017848,0.581208,0.010033,0.000361174,-1.8117e-06,-0.0001231953,1.7641e-06,7e-07,4.40537e-05,0.0105773073,0.0092683624,-3.78921e-05,0.0145418506,2.40676e-05,0.0026220501,-0.232835,3.405015,0.991796,0.578184,-0.086387,-0.808792,-0.063996
1403636640.71326,5.527425,-4.441438,0.377921,0.813642,-0.013974,0.581151,0.007449,0.0003612188,-1.7048e-06,-0.0001232214,1.7779e-06,6.659e-07,4.40793e-05,0.0108368242,0.0095765341,-3.8154e-05,0.0149599093,2.48937e-05,0.002625634,-0.311135,3.479341,0.975444,0.578449,-0.082418,-0.809217,-0.061413
1403636640.76328,5.552512,-4.460304,0.367481,0.814549,-0.01367,0.579897,0.006533,0.0003604067,-2.0428e-06,-0.0001242428,1.7738e-06,7.9e-07,4.48727e-05,0.0109188388,0.0096846107,-3.76441e-05,0.0150954524,2.38392e-05,0.0026252824,-0.329414,3.496881,0.96921,0.57732,-0.082134,-0.81012,-0.060509
1403636640.96324,5.629547,-4.519648,0.353189,0.816866,-0.01166,0.576674,0.006402,0.0003583232,-1.1554e-06,-0.0001268965,1.7623e-06,4.945e-07,4.69964e-05,0.0111442533,0.0099825985,-3.84321e-05,0.0154855114,2.30977e-05,0.0026274777,-0.401382,3.563052,0.958887,0.57394,-0.080435,-0.812693,-0.060442
1403636641.01323,5.646859,-4.530302,0.352293,0.816479,-0.011524,0.57722,0.006832,0.0003587396,-1.0063e-06,-0.0001263791,1.7547e-06,4.418e-07,4.65717e-05,0.0111910472,0.0100367468,-3.82084e-05,0.0155420058,2.26924e-05,0.002627389,-0.417842,3.57852,0.959969,0.574403,-0.080335,-0.812339,-0.060941
1403636641.21323,5.717284,-4.575969,0.341806,0.814888,-0.012879,0.579422,0.007888,0.0003601401,-1.0068e-06,-0.0001247028,1.761e-06,4.425e-07,4.52318e-05,0.0113760597,0.0102722237,-3.85669e-05,0.0158620567,2.30884e-05,0.0026299059,-0.48314,3.635985,0.952815,0.576456,-0.081581,-0.810663,-0.062189
1403636641.26324,5.733172,-4.584053,0.334834,0.814212,-0.013842,0.580362,0.006773,0.0003607209,-2.1483e-06,-0.0001239422,1.7635e-06,8.356e-07,4.46276e-05,0.0113912469,0.0103177604,-3.89524e-05,0.0159356565,2.29637e-05,0.0026299219,-0.499152,3.64909,0.947691,0.577458,-0.082602,-0.809925,-0.06116
1403636641.56323,5.842026,-4.650812,0.281847,0.81421,-0.020461,0.58021,0.000524,0.0003604801,-9.0785e-06,-0.0001240428,1.9893e-06,3.2393e-06,4.4742e-05,0.0116391335,0.0106344064,-4.20455e-05,0.0163428068,2.50351e-05,0.0026337644,-0.586275,3.726165,0.898887,0.577916,-0.089411,-0.809325,-0.054879
1403636641.61323,5.862942,-4.662433,0.275802,0.814248,-0.019289,0.58019,0.002791,0.0003605638,-7.0488e-06,-0.0001240354,1.8854e-06,2.536e-06,4.47151e-05,0.0116646933,0.0107166048,-4.26647e-05,0.0164957348,2.52767e-05,0.0026338418,-0.598336,3.739054,0.892637,0.57775,-0.088402,-0.8094,-0.057112
1403636641.66327,5.881299,-4.673657,0.272011,0.814593,-0.018374,0.579726,0.004385,0.0003603165,-5.6369e-06,-0.0001243937,1.827e-06,2.0542e-06,4.49844e-05,0.011705424,0.0107830289,-4.2866e-05,0.0165947016,2.53738e-05,0.0026340284,-0.610029,3.751947,0.887794,0.577173,-0.087697,-0.809778,-0.05865
1403636642.01325,5.971764,-4.74853,0.287491,0.812267,-0.024409,0.582653,0.01188,0.0003622579,-3.973e-06,-0.0001221079,1.8054e-06,1.4433e-06,4.32188e-05,0.0120255542,0.011140469,-4.58638e-05,0.0170353499,2.83939e-05,0.0026392644,-0.683163,3.837853,0.913258,0.579468,-0.093756,-0.80688,-0.066132
1403636642.16327,5.996603,-4.769353,0.311724,0.810653,-0.034929,0.584115,0.020754,0.0003632601,-3.0817e-06,-0.0001208409,1.7885e-06,1.1227e-06,4.22583e-05,0.0121312219,0.0112864077,-4.62991e-05,0.017246231,2.86765e-05,0.0026410731,-0.709705,3.873084,0.940072,0.580072,-0.104249,-0.804386,-0.074923
1403636642.21327,5.997158,-4.771817,0.319603,0.80998,-0.037758,0.5848,0.022685,0.0003637247,-3.0728e-06,-0.0001201982,1.7838e-06,1.1093e-06,4.17707e-05,0.0121184691,0.0112783299,-4.58907e-05,0.0172392484,2.81386e-05,0.0026407725,-0.717321,3.883984,0.946394,0.58049,-0.107071,-0.803534,-0.076825
1403636642.31327,6.004171,-4.782835,0.32799,0.809229,-0.04427,0.585247,0.025952,0.0003640743,-3.8903e-06,-0.0001197046,1.8001e-06,1.3718e-06,4.14021e-05,0.0121606493,0.0113284478,-4.50389e-05,0.0172910917,2.77988e-05,0.0026412508,-0.730789,3.90471,0.954186,0.580578,-0.11362,-0.802234,-0.080252
1403636642.61325,6.03674,-4.826734,0.307256,0.812258,-0.064113,0.578547,0.037564,0.0003605184,-5.2945e-06,-0.000124402,1.839e-06,1.9148e-06,4.50127e-05,0.0123410754,0.0115117624,-4.38943e-05,0.0174685094,2.7441e-05,0.0026432946,-0.755444,3.961029,0.934439,0.572941,-0.133736,-0.803462,-0.09113
1403636642.66325,6.034783,-4.828963,0.302664,0.814629,-0.066319,0.574904,0.03831,0.0003582124,-5.5224e-06,-0.0001271911,1.8329e-06,2.0442e-06,4.72441e-05,0.0123224548,0.0114821997,-4.34331e-05,0.0174052703,2.67165e-05,0.0026415672,-0.75818,3.969222,0.925594,0.569239,-0.136024,-0.805688,-0.091284
1403636642.86324,6.050326,-4.856803,0.272418,0.821147,-0.071037,0.564977,0.038376,0.0003518185,-6.6756e-06,-0.000134621,1.8805e-06,2.638e-06,5.36346e-05,0.0124156837,0.0115765428,-4.3803e-05,0.0174990499,2.69227e-05,0.0026425433,-0.772078,4.002086,0.895965,0.559227,-0.141416,-0.811836,-0.090494
1403636642.91323,6.050632,-4.863874,0.270976,0.822108,-0.071284,0.563563,0.038118,0.0003509039,-6.7776e-06,-0.0001355979,1.8763e-06,2.7003e-06,5.45165e-05,0.0124343697,0.011580852,-4.32296e-05,0.0174753369,2.68817e-05,0.0026412819,-0.776908,4.0105,0.893328,0.557747,-0.141731,-0.812842,-0.090104
1403636643.01323,6.059893,-4.879617,0.273076,0.821961,-0.072102,0.563735,0.037199,0.0003509579,-7.6761e-06,-0.0001354951,1.9113e-06,3.0449e-06,5.4427e-05,0.0124908681,0.0116287509,-4.29309e-05,0.0175069599,2.70087e-05,0.0026411347,-0.786223,4.027486,0.894323,0.557941,-0.142473,-0.812674,-0.089247
1403636643.06323,6.065333,-4.888366,0.277426,0.819857,-0.072072,0.566791,0.037261,0.0003529488,-7.892e-06,-0.0001332558,1.9135e-06,3.0591e-06,5.24086e-05,0.0125251321,0.0116585704,-4.24437e-05,0.0175263894,2.70351e-05,0.0026405816,-0.792513,4.036966,0.89733,0.560965,-0.142202,-0.8106,-0.08959
1403636643.36328,6.108617,-4.941031,0.270947,0.814634,-0.071488,0.57442,0.036096,0.0003577111,-9.004e-06,-0.0001277266,1.9684e-06,3.2904e-06,4.76876e-05,0.0127435756,0.0118861921,-4.21037e-05,0.0177571096,2.68279e-05,0.002642318,-0.829656,4.097703,0.892241,0.568491,-0.141148,-0.805577,-0.089116
1403636643.96324,6.272487,-5.089066,0.33946,0.834889,-0.065499,0.545445,0.034063,0.0003388679,-5.8447e-06,-0.0001479736,1.8543e-06,2.6334e-06,6.68592e-05,0.0133538351,0.0125773549,-4.09494e-05,0.0185461386,2.53794e-05,0.0026489094,-0.944949,4.255247,0.959132,0.540002,-0.137314,-0.826082,-0.084447
1403636644.1132,6.338128,-5.140968,0.352129,0.836445,-0.064918,0.543079,0.03479,0.0003370438,-4.8757e-06,-0.0001496055,1.7957e-06,2.2376e-06,6.86359e-05,0.0135074393,0.0128071785,-3.88057e-05,0.0188763566,2.46594e-05,0.0026474753,-0.997658,4.303406,0.967975,0.537643,-0.137038,-0.827625,-0.084842
1403636644.1632,6.362477,-5.156678,0.35338,0.835752,-0.064611,0.544166,0.035033,0.0003377559,-4.5311e-06,-0.0001489292,1.7765e-06,2.0702e-06,6.78846e-05,0.0136030627,0.0129156235,-3.82722e-05,0.018999703,2.46241e-05,0.0026477509,-1.018334,4.32039,0.968564,0.538707,-0.136677,-0.826955,-0.085203
1403636644.51318,6.533536,-5.261689,0.335373,0.808284,-0.082796,0.58282,0.011935,0.0003601104,-2.96274e-05,-0.0001216882,4.1881e-06,1.01355e-05,4.32093e-05,0.0140820263,0.013606582,-3.46016e-05,0.0200078361,2.23097e-05,0.002650643,-1.187201,4.458133,0.936488,0.579145,-0.152168,-0.798235,-0.06527
1403636644.71325,6.614345,-5.337736,0.28343,0.805134,-0.078941,0.587544,0.01785,0.000363836,-2.4746e-05,-0.0001179003,3.4389e-06,8.1399e-06,4.02844e-05,0.0144371645,0.0139901951,-3.34828e-05,0.0204235491,2.2307e-05,0.0026541039,-1.271299,4.560541,0.878192,0.583198,-0.14806,-0.795515,-0.07154
1403636644.9133,6.6825,-5.420935,0.20397,0.809779,-0.064948,0.581681,0.041077,0.0003627988,-3.7113e-06,-0.0001218596,1.7915e-06,1.3396e-06,4.30317e-05,0.0148314257,0.014370471,-3.43292e-05,0.0207665026,2.32128e-05,0.0026583635,-1.338446,4.672281,0.795478,0.575219,-0.134751,-0.801306,-0.094205
1403636644.96332,6.692122,-5.436369,0.183826,0.811528,-0.065267,0.579194,0.041195,0.0003613163,-3.5683e-06,-0.0001237719,1.7796e-06,1.3175e-06,4.45008e-05,0.0148506235,0.0143949561,-3.49078e-05,0.0207833035,2.37253e-05,0.0026586211,-1.354033,4.69941,0.775091,0.57273,-0.13539,-0.80298,-0.094193
1403636645.01338,6.693603,-5.453844,0.166711,0.815732,-0.065825,0.573194,0.041192,0.0003574366,-3.3287e-06,-0.0001284439,1.7424e-06,1.2833e-06,4.82435e-05,0.0149064269,0.0144514416,-3.53313e-05,0.0208199053,2.48867e-05,0.0026575669,-1.368893,4.725819,0.756315,0.566613,-0.136359,-0.807212,-0.09364
1403636645.06343,6.708575,-5.474858,0.149718,0.822103,-0.067945,0.563919,0.039063,0.0003514393,-4.8445e-06,-0.000135265,1.7744e-06,1.958e-06,5.41806e-05,0.0149801343,0.0144994273,-3.58409e-05,0.0208246705,2.51923e-05,0.0026579042,-1.383584,4.75183,0.739039,0.557558,-0.139178,-0.813346,-0.09079
1403636645.61338,6.991592,-5.747897,0.07536,0.830182,-0.07107,0.551458,0.040518,0.0003433526,-4.3452e-06,-0.0001438556,1.8079e-06,1.9261e-06,6.25056e-05,0.0162331464,0.0158406002,-4.27766e-05,0.0223449215,3.20891e-05,0.0026744711,-1.639457,5.071571,0.653602,0.545106,-0.143064,-0.821021,-0.091199
1403636645.66333,7.041512,-5.774251,0.060549,0.829594,-0.070267,0.552389,0.041267,0.0003441072,-3.6029e-06,-0.0001431222,1.781e-06,1.6029e-06,6.17533e-05,0.0163428394,0.0160050321,-4.16536e-05,0.0225843064,3.16735e-05,0.0026741578,-1.672424,5.103705,0.644533,0.546151,-0.142264,-0.820369,-0.092069
1403636645.86333,7.206098,-5.874495,0.040274,0.828591,-0.071211,0.553897,0.039543,0.0003450611,-5.1247e-06,-0.0001421805,1.8302e-06,2.223e-06,6.08212e-05,0.016834013,0.0166827858,-4.35266e-05,0.0235542513,3.37274e-05,0.0026806444,-1.817441,5.236625,0.623288,0.547979,-0.143233,-0.819137,-0.090652
1403636645.9633,7.295235,-5.925688,0.042708,0.825999,-0.073981,0.557474,0.038404,0.0003472169,-7.2519e-06,-0.0001398709,1.8888e-06,3.0378e-06,5.85662e-05,0.0170705436,0.017050082,-4.4342e-05,0.024100886,3.33591e-05,0.0026812391,-1.895176,5.304111,0.630725,0.551714,-0.145586,-0.816311,-0.089752
1403636646.01329,7.340989,-5.952173,0.049055,0.823211,-0.077534,0.561074,0.038842,0.0003495779,-8.8005e-06,-0.0001372895,1.9543e-06,3.5741e-06,5.61227e-05,0.0171981849,0.017242312,-4.4574e-05,0.0243886984,3.36623e-05,0.0026826733,-1.934828,5.338651,0.637963,0.555313,-0.148976,-0.813166,-0.090561
1403636646.16327,7.470199,-6.03351,0.074426,0.815151,-0.100326,0.568741,0.044683,0.0003544056,-1.56965e-05,-0.0001313222,2.4258e-06,5.9364e-06,5.08512e-05,0.0176044533,0.0177904981,-4.61737e-05,0.025157899,3.53015e-05,0.0026874997,-2.048547,5.43738,0.665211,0.56259,-0.170981,-0.803014,-0.09713
1403636646.51327,7.752138,-6.255276,0.097419,0.787031,-0.174,0.583895,0.096811,0.0003670054,-1.9671e-05,-0.0001147632,2.7989e-06,6.2309e-06,3.80682e-05,0.0187237037,0.0191333533,-5.11078e-05,0.0268961998,3.92801e-05,0.0027034148,-2.291836,5.688647,0.700656,0.573202,-0.241725,-0.768394,-0.15029
1403636646.56324,7.78751,-6.28656,0.099585,0.78416,-0.179634,0.584544,0.105514,0.0003685099,-1.72143e-05,-0.0001129641,2.5336e-06,5.3403e-06,3.67895e-05,0.0189030786,0.0193352022,-5.14352e-05,0.0271360788,4.00325e-05,0.0027036843,-2.321015,5.726078,0.704267,0.573127,-0.247129,-0.764927,-0.159201
1403636646.61322,7.822125,-6.319197,0.10018,0.783098,-0.184869,0.583179,0.111728,0.0003685028,-1.57649e-05,-0.0001131822,2.3966e-06,4.8965e-06,3.69211e-05,0.0190668008,0.0195169998,-5.20079e-05,0.0273551458,4.07477e-05,0.0027052607,-2.349085,5.763595,0.708314,0.571266,-0.252259,-0.76334,-0.165338
1403636646.7132,7.884779,-6.383823,0.108851,0.783978,-0.192595,0.577418,0.121956,0.0003667271,-1.20853e-05,-0.0001162072,2.1152e-06,3.8689e-06,3.8993e-05,0.019408875,0.0198777374,-5.32199e-05,0.0277679456,4.19181e-05,0.0027101637,-2.402076,5.838149,0.723212,0.564692,-0.260021,-0.763442,-0.175127
1403636646.96319,8.021946,-6.535316,0.162843,0.783496,-0.202828,0.572471,0.131421,0.0003652722,-1.02639e-05,-0.0001185372,2.023e-06,3.3593e-06,4.06719e-05,0.0202412722,0.0207080243,-5.86315e-05,0.0286812729,4.46505e-05,0.0027260108,-2.516413,6.013609,0.792519,0.558987,-0.270219,-0.761975,-0.184146
1403636647.01318,8.045902,-6.564582,0.174009,0.784323,-0.203493,0.570949,0.132077,0.0003644966,-9.7958e-06,-0.0001196532,1.99e-06,3.2404e-06,4.14899e-05,0.0203918962,0.0208546876,-5.94269e-05,0.0288412581,4.54708e-05,0.0027293152,-2.536424,6.046797,0.805655,0.557408,-0.270939,-0.762754,-0.18465
1403636647.11318,8.094764,-6.622386,0.187863,0.788149,-0.203909,0.565512,0.132057,0.0003614127,-8.7069e-06,-0.0001238359,1.9373e-06,3.0047e-06,4.46712e-05,0.020713342,0.0211561823,-6.26324e-05,0.0291600508,4.66639e-05,0.0027372714,-2.574144,6.111466,0.826697,0.551993,-0.271686,-0.766524,-0.184207
1403636647.16318,8.119027,-6.6513,0.192965,0.789947,-0.204219,0.563088,0.131191,0.0003598563,-8.7849e-06,-0.000125818,1.9365e-06,3.0902e-06,4.62409e-05,0.0208765222,0.0213098204,-6.4392e-05,0.0293241097,4.73402e-05,0.0027414304,-2.592354,6.143375,0.834992,0.549659,-0.272136,-0.768295,-0.183146
1403636647.21318,8.142272,-6.680007,0.198304,0.791283,-0.203781,0.561344,0.131289,0.0003588547,-8.1203e-06,-0.0001271239,1.8975e-06,2.8896e-06,4.72902e-05,0.0210396517,0.0214630773,-6.59796e-05,0.0294872838,4.78923e-05,0.0027453097,-2.609759,6.174718,0.842257,0.547913,-0.2718,-0.769664,-0.183121
1403636647.26318,8.164672,-6.70892,0.203247,0.791253,-0.203739,0.561624,0.130335,0.0003588646,-8.7183e-06,-0.0001270971,1.9116e-06,3.0967e-06,4.72673e-05,0.0211994029,0.0216133036,-6.68888e-05,0.0296448031,4.85656e-05,0.0027488429,-2.627092,6.206091,0.848503,0.548255,-0.271725,-0.769663,-0.182212
1403636647.31319,8.18856,-6.737876,0.207222,0.790679,-0.203739,0.562806,0.12871,0.0003593225,-9.9339e-06,-0.0001264706,1.9654e-06,3.5008e-06,4.67601e-05,0.0213640585,0.0217622477,-6.89509e-05,0.0297970333,4.94006e-05,0.0027524138,-2.64423,6.237378,0.853446,0.549576,-0.27164,-0.769102,-0.180721
1403636647.36318,8.207262,-6.766239,0.213911,0.789712,-0.203502,0.564514,0.127533,0.0003601037,-1.09304e-05,-0.0001254444,2.0039e-06,3.8088e-06,4.59322e-05,0.0215233762,0.0219177734,-6.72423e-05,0.029958871,4.96839e-05,0.002753476,-2.661068,6.268756,0.857306,0.551299,-0.271307,-0.768231,-0.179675
1403636647.56313,8.198966,-6.835096,0.274218,0.782898,-0.20137,0.575813,0.12231,0.000365195,-1.63643e-05,-0.000118274,2.2595e-06,5.307e-06,4.0399e-05,0.0220764595,0.0225301875,-3.3933e-05,0.0304981317,3.71252e-05,0.0027262474,-2.720468,6.390748,0.861826,0.56235,-0.269349,-0.762083,-0.174483
1403636647.61314,8.220655,-6.858589,0.288346,0.779604,-0.202127,0.580526,0.119802,0.0003679291,-1.85218e-05,-0.0001141334,2.421e-06,5.7362e-06,3.74213e-05,0.0219633327,0.0222736571,-2.94994e-05,0.0299578013,3.45649e-05,0.0027194339,-2.732209,6.420416,0.863386,0.567269,-0.269772,-0.758728,-0.172522
1403636648.01314,8.303013,-7.078183,0.31769,0.778723,-0.218931,0.570963,0.140219,0.0003656123,-1.27132e-05,-0.0001184189,1.8655e-06,4.0727e-06,4.02689e-05,0.0232558279,0.0233267524,-2.31691e-05,0.030674993,3.00399e-05,0.0027251494,-2.784055,6.663149,0.884541,0.555754,-0.286948,-0.756356,-0.191648
1403636648.06314,8.302613,-7.101888,0.318452,0.776802,-0.226618,0.569087,0.146161,0.0003655155,-1.21745e-05,-0.0001186275,1.8054e-06,3.9008e-06,4.03712e-05,0.0233292705,0.0233471442,-2.01099e-05,0.0305911019,2.85178e-05,0.0027222241,-2.784546,6.692867,0.880006,0.553298,-0.294573,-0.753795,-0.197198
1403636648.31312,8.31774,-7.244959,0.274798,0.760533,-0.277924,0.557937,0.18181,0.0003651497,-1.30873e-05,-0.000119181,1.9069e-06,4.1852e-06,4.07345e-05,0.024132163,0.0238275486,-1.95402e-05,0.0306688095,2.51695e-05,0.0027289028,-2.773551,6.83841,0.835537,0.539019,-0.344298,-0.73294,-0.231791
1403636648.46313,8.310063,-7.32147,0.23752,0.748061,-0.31048,0.549093,0.206164,0.0003649106,-1.28412e-05,-0.000119608,1.8295e-06,4.1169e-06,4.09419e-05,0.0245989226,0.0240945378,-1.62178e-05,0.0306395681,2.11586e-05,0.0027237401,-2.755427,6.919942,0.795913,0.527954,-0.375828,-0.717622,-0.25505
1403636648.61313,8.297109,-7.398112,0.200908,0.735667,-0.339266,0.540717,0.226534,0.0003648921,-1.30727e-05,-0.0001197032,1.8717e-06,4.1803e-06,4.09972e-05,0.0250212341,0.0242797245,-1.71644e-05,0.0305393002,1.97658e-05,0.0027276829,-2.731313,6.997785,0.75771,0.517802,-0.403373,-0.702687,-0.274606
1403636648.66312,8.290412,-7.421809,0.192096,0.733519,-0.345974,0.537163,0.231749,0.0003642261,-1.23212e-05,-0.0001207087,1.8279e-06,3.9704e-06,4.17317e-05,0.0251625999,0.0243365847,-1.77112e-05,0.0304981905,1.94138e-05,0.0027293358,-2.721726,7.021741,0.748336,0.513779,-0.409842,-0.699962,-0.279498
1403636648.86312,8.262867,-7.509124,0.172857,0.737256,-0.365447,0.515365,0.239374,0.000353977,-9.2374e-06,-0.0001336503,1.6687e-06,3.3663e-06,5.22377e-05,0.0257082992,0.0245514731,-2.01743e-05,0.0303382058,1.70938e-05,0.0027360977,-2.682582,7.11468,0.727372,0.49132,-0.42966,-0.70196,-0.285048
1403636648.91312,8.256672,-7.531723,0.173026,0.740224,-0.368214,0.509022,0.239547,0.0003503666,-7.8128e-06,-0.000137729,1.6072e-06,2.9467e-06,5.59393e-05,0.0258291453,0.0245941013,-2.12551e-05,0.0302973008,1.66609e-05,0.0027382629,-2.673271,7.13826,0.727623,0.48501,-0.432663,-0.70466,-0.284662
1403636649.06313,8.243017,-7.603309,0.189261,0.740983,-0.369596,0.505593,0.242319,0.0003492538,-5.7243e-06,-0.0001390871,1.5378e-06,2.15e-06,5.7203e-05,0.026274359,0.0247862213,-2.52093e-05,0.0302239059,1.57451e-05,0.0027456585,-2.647287,7.211494,0.745591,0.481429,-0.434108,-0.705213,-0.287144
1403636649.11313,8.240726,-7.628693,0.200226,0.737633,-0.367247,0.510754,0.245269,0.0003532087,-5.2387e-06,-0.0001348598,1.5107e-06,1.865e-06,5.32798e-05,0.0264277089,0.0248611769,-2.748e-05,0.0302135035,1.76825e-05,0.0027468766,-2.640004,7.237371,0.756433,0.486329,-0.431465,-0.702065,-0.290574
1403636649.16314,8.238917,-7.654133,0.212601,0.733579,-0.365145,0.516953,0.247568,0.0003574627,-5.6549e-06,-0.0001299865,1.5212e-06,1.9212e-06,4.90359e-05,0.0265870352,0.0249392571,-2.93886e-05,0.030209798,1.8084e-05,0.0027493788,-2.633246,7.26355,0.768967,0.492299,-0.429017,-0.698215,-0.293419
1403636649.21314,8.237262,-7.679209,0.226037,0.730472,-0.362346,0.521976,0.250314,0.0003610792,-5.029e-06,-0.0001256285,1.4993e-06,1.6126e-06,4.54603e-05,0.0267455133,0.0250163621,-3.1475e-05,0.0302064412,1.85445e-05,0.0027520138,-2.625492,7.287188,0.783302,0.497072,-0.425954,-0.695357,-0.296587
1403636649.26315,8.23619,-7.703572,0.240763,0.728157,-0.359926,0.526087,0.251938,0.0003638021,-4.7284e-06,-0.0001221693,1.4321e-06,1.4726e-06,4.27504e-05,0.0268982815,0.0250921516,-2.9999e-05,0.0302026654,1.7928e-05,0.0027494726,-2.618346,7.311952,0.798542,0.501064,-0.423353,-0.693218,-0.298592
1403636649.31316,8.235874,-7.727634,0.255079,0.727858,-0.358474,0.527457,0.252007,0.0003646249,-4.5042e-06,-0.0001211217,1.3873e-06,1.3858e-06,4.19425e-05,0.0270448997,0.0251635139,-3.05353e-05,0.0301993748,1.86297e-05,0.0027499525,-2.610853,7.335862,0.814815,0.502479,-0.421841,-0.692992,-0.298876
1403636649.36318,8.231192,-7.751282,0.280635,0.72899,-0.357207,0.527126,0.251228,0.00036411,-4.1685e-06,-0.0001218525,1.3491e-06,1.2662e-06,4.24484e-05,0.0271919359,0.0252391536,-2.99245e-05,0.0301942285,1.70892e-05,0.0027425377,-2.603257,7.359201,0.832154,0.502048,-0.420802,-0.694333,-0.297954
1403636649.46318,8.225013,-7.79899,0.319078,0.733662,-0.355777,0.52334,0.247545,0.0003611571,-3.655e-06,-0.0001257343,1.2815e-06,1.1588e-06,4.54112e-05,0.0274758347,0.0253612876,-3.05781e-05,0.0301438731,1.52185e-05,0.0027441819,-2.587722,7.404198,0.871042,0.498558,-0.419801,-0.699144,-0.293948
1403636649.51319,8.222265,-7.819716,0.33963,0.734259,-0.354122,0.524108,0.246522,0.0003612925,-3.849e-06,-0.000125599,1.2362e-06,1.2232e-06,4.5217e-05,0.027628658,0.0254321472,-3.04265e-05,0.0301101738,1.53659e-05,0.0027442419,-2.57991,7.42585,0.893338,0.499419,-0.418363,-0.699883,-0.292775
1403636649.61329,8.22266,-7.87881,0.390765,0.731364,-0.352513,0.530181,0.244435,0.0003640563,-6.1688e-06,-0.0001220171,1.149e-06,1.9932e-06,4.23004e-05,0.0278735253,0.0255448425,-1.96286e-05,0.030048168,1.75352e-05,0.0027354478,-2.564121,7.468353,0.943578,0.505435,-0.416427,-0.697306,-0.291356
1403636649.76337,8.205813,-7.945054,0.469648,0.722812,-0.359122,0.535337,0.248975,0.0003676802,-9.7387e-06,-0.0001169386,1.2273e-06,3.0627e-06,3.8508e-05,0.0283532906,0.0257717527,-1.29863e-05,0.0299849292,1.40062e-05,0.0027328616,-2.534943,7.527408,1.013354,0.50992,-0.422452,-0.688426,-0.295953
1403636649.81338,8.199801,-7.96899,0.490037,0.720986,-0.361302,0.534891,0.252056,0.0003684153,-8.9906e-06,-0.0001159926,1.1707e-06,2.7975e-06,3.7802e-05,0.0285118559,0.0258334385,-1.16352e-05,0.0299365487,1.31486e-05,0.0027324736,-2.523985,7.545928,1.033042,0.509111,-0.424484,-0.686483,-0.298934
1403636649.86339,8.189372,-7.988126,0.509946,0.718983,-0.363234,0.534741,0.255298,0.0003692205,-8.3244e-06,-0.0001149224,1.1278e-06,2.5589e-06,3.70251e-05,0.0286587362,0.0258883652,-1.05338e-05,0.0298911179,1.20375e-05,0.0027326596,-2.512496,7.563551,1.051015,0.508616,-0.426245,-0.684339,-0.302173
1403636649.91341,8.180845,-8.008164,0.527429,0.71748,-0.365054,0.534182,0.258084,0.0003696125,-7.7425e-06,-0.0001144277,1.0918e-06,2.3643e-06,3.66426e-05,0.0287747122,0.0259152963,-8.1986e-06,0.0298168421,1.12476e-05,0.0027316481,-2.500923,7.5807,1.067161,0.507758,-0.427936,-0.68277,-0.304761
1403636650.16342,8.123119,-8.083213,0.567322,0.709463,-0.377692,0.530058,0.270278,0.000370792,-6.6444e-06,-0.000112941,1.0385e-06,1.9897e-06,3.55739e-05,0.0292846053,0.0259903086,-6.4048e-06,0.0294542515,6.8095e-06,0.0027371083,-2.435589,7.654908,1.110031,0.502511,-0.439852,-0.673652,-0.316556
1403636650.21342,8.108791,-8.095782,0.568126,0.7066,-0.383765,0.527006,0.275146,0.0003705517,-6.1356e-06,-0.0001133574,1.0106e-06,1.8441e-06,3.5822e-05,0.0293526419,0.0259758204,-6.038e-06,0.029350254,6.7415e-06,0.0027365443,-2.419505,7.666208,1.111699,0.499005,-0.445654,-0.670253,-0.321181
1403636650.71344,7.93243,-8.192032,0.514618,0.667983,-0.470805,0.476637,0.323972,0.0003600851,-6.09e-06,-0.0001277558,1.011e-06,2.1023e-06,4.64445e-05,0.0298701131,0.0256405271,-3.6343e-06,0.0281707701,2.293e-07,0.0027451391,-2.238796,7.736174,1.059093,0.444481,-0.528705,-0.623824,-0.365726
1403636650.76346,7.9176,-8.204138,0.50445,0.665289,-0.475408,0.474325,0.32618,0.0003595958,-6.4568e-06,-0.0001283609,1.008e-06,2.2528e-06,4.69155e-05,0.0300067866,0.0256784598,-2.437e-06,0.0281039017,-6.753e-07,0.0027424331,-2.221125,7.740129,1.051193,0.442048,-0.532894,-0.620672,-0.367949
1403636650.91345,7.866414,-8.227416,0.50083,0.65637,-0.480204,0.475043,0.336031,0.0003633039,-5.7136e-06,-0.0001238412,9.809e-07,1.8935e-06,4.32969e-05,0.0301527155,0.0255893794,-2.6429e-06,0.0277914596,-7.158e-07,0.0027438724,-2.169681,7.751941,1.041797,0.441664,-0.536784,-0.611605,-0.377807
1403636651.01349,7.83733,-8.246496,0.489162,0.651887,-0.479728,0.478363,0.340695,0.0003669624,-5.5074e-06,-0.0001190357,9.479e-07,1.7411e-06,3.96423e-05,0.0302586874,0.0255350895,-1.4635e-06,0.0275725259,-2.3521e-06,0.0027390597,-2.136232,7.757893,1.044261,0.444674,-0.535577,-0.607037,-0.383316
1403636651.26354,7.757723,-8.257762,0.511623,0.653899,-0.478281,0.477977,0.339413,0.0003663161,-5.3111e-06,-0.0001200975,9.175e-07,1.6993e-06,4.03774e-05,0.030418232,0.0253536407,-1.8762e-06,0.0270798723,-2.0182e-06,0.0027395243,-2.054993,7.75937,1.075582,0.444585,-0.534326,-0.608971,-0.382093
1403636651.31354,7.743429,-8.258043,0.51622,0.656206,-0.478243,0.476281,0.337392,0.00036473,-4.9919e-06,-0.0001222608,8.948e-07,1.6356e-06,4.19734e-05,0.0303969251,0.0253098517,-1.4421e-06,0.0270099682,-2.2014e-06,0.0027366611,-2.038939,7.756832,1.085589,0.443151,-0.534457,-0.611202,-0.380008
1403636651.61358,7.644373,-8.249736,0.562906,0.660238,-0.471404,0.481169,0.332176,0.000365478,-5.7776e-06,-0.000121434,9.01e-07,1.8887e-06,4.1321e-05,0.0303728688,0.024987086,-1.8896e-06,0.0264190669,-1.9185e-06,0.002737616,-1.945048,7.735387,1.122692,0.448446,-0.528004,-0.615732,-0.375477
1403636651.71361,7.6158,-8.251526,0.550519,0.657701,-0.469134,0.486934,0.332022,0.000368048,-8.0254e-06,-0.000117838,9.684e-07,2.5455e-06,3.86714e-05,0.0303063881,0.0248516883,-1.676e-07,0.0262110792,-2.9448e-06,0.0027328196,-1.913947,7.725254,1.12366,0.45426,-0.525633,-0.613373,-0.375675
1403636651.91362,7.540922,-8.234856,0.538636,0.641677,-0.484584,0.493057,0.33215,0.0003701829,-2.0065e-05,-0.0001134639,1.894e-06,6.1342e-06,3.57221e-05,0.0302324142,0.0245872458,-1.9427e-06,0.0257810346,-2.7906e-06,0.0027357425,-1.843688,7.695789,1.112318,0.460346,-0.539596,-0.596062,-0.376341
1403636652.01365,7.492819,-8.225149,0.520457,0.629923,-0.498021,0.488833,0.340904,0.0003707873,-2.23591e-05,-0.0001122135,2.1465e-06,6.7488e-06,3.4887e-05,0.0301456989,0.024398486,-1.8845e-06,0.0255026458,-3.4314e-06,0.0027348139,-1.800917,7.675231,1.100238,0.455382,-0.55192,-0.583144,-0.384658
1403636652.06367,7.467318,-8.219474,0.508897,0.624485,-0.506326,0.482701,0.347349,0.0003702115,-2.13867e-05,-0.0001132909,2.0282e-06,6.526e-06,3.5587e-05,0.0301172748,0.024296666,-1.809e-06,0.0253359598,-4.0834e-06,0.0027344054,-1.777373,7.664089,1.092068,0.448739,-0.559679,-0.576968,-0.390545
1403636652.41369,7.266106,-8.138868,0.411506,0.576949,-0.586288,0.409738,0.394348,0.0003554189,-9.6983e-06,-0.000134054,1.0785e-06,3.6189e-06,5.1507e-05,0.0295922566,0.0234126495,-5.4447e-06,0.0241569357,-4.2077e-06,0.0027406646,-1.593052,7.554352,1.010456,0.371838,-0.63504,-0.522348,-0.430847
1403636652.4637,7.236989,-8.125613,0.395807,0.569985,-0.595654,0.402558,0.397821,0.0003536624,-9.9457e-06,-0.0001360297,1.0915e-06,3.7839e-06,5.32628e-05,0.0295049467,0.023275786,-5.8391e-06,0.0239755923,-4.4326e-06,0.0027417169,-1.56688,7.537926,0.997029,0.364356,-0.64375,-0.514562,-0.433669
1403636652.56369,7.179597,-8.100853,0.36871,0.559499,-0.611502,0.389863,0.40129,0.0003493287,-1.04979e-05,-0.0001406818,1.129e-06,4.1854e-06,5.75999e-05,0.029344242,0.0230222018,-6.8956e-06,0.0236449947,-4.2855e-06,0.002744273,-1.515024,7.507369,0.974561,0.351367,-0.658603,-0.502667,-0.436022
1403636652.61369,7.149936,-8.091151,0.358728,0.556542,-0.61775,0.383921,0.40156,0.0003466853,-1.02613e-05,-0.000143414,1.1145e-06,4.2027e-06,6.02695e-05,0.0292728391,0.0228992103,-7.4128e-06,0.023476833,-4.3726e-06,0.0027455075,-1.48907,7.493789,0.966638,0.345348,-0.664554,-0.499149,-0.435841
1403636652.66369,7.121533,-8.080525,0.351032,0.55504,-0.622712,0.377724,0.401851,0.0003439278,-9.1737e-06,-0.0001462107,1.0511e-06,3.8596e-06,6.30976e-05,0.029221163,0.0227826134,-7.8445e-06,0.0233036799,-4.4711e-06,0.002746663,-1.462686,7.48195,0.960843,0.339161,-0.669376,-0.497184,-0.435567
1403636652.76369,7.063503,-8.066115,0.344619,0.552518,-0.627764,0.370826,0.403886,0.0003418232,-7.1834e-06,-0.000148366,9.551e-07,3.0768e-06,6.53371e-05,0.0291215262,0.0225595426,-9.01e-06,0.0229820811,-3.9519e-06,0.0027495628,-1.40948,7.462232,0.957792,0.332026,-0.674178,-0.494181,-0.437068
1403636652.86371,7.0069,-8.060758,0.349033,0.550215,-0.629182,0.369373,0.40615,0.0003423845,-6.6954e-06,-0.0001479207,9.306e-07,2.8515e-06,6.48379e-05,0.0290743441,0.0223546552,-1.00442e-05,0.0226559588,-3.4628e-06,0.0027526492,-1.355415,7.44932,0.963572,0.330346,-0.675374,-0.491726,-0.439258
1403636652.91372,6.978367,-8.061046,0.355559,0.54948,-0.628221,0.370053,0.408007,0.0003437185,-6.2115e-06,-0.0001467081,9.048e-07,2.6105e-06,6.35386e-05,0.0290745552,0.0222652238,-1.03921e-05,0.0224956204,-3.3839e-06,0.0027537574,-1.328145,7.445358,0.969598,0.33083,-0.674329,-0.491061,-0.441238
1403636652.96373,6.950067,-8.06273,0.363858,0.549117,-0.626716,0.370895,0.410042,0.000345207,-5.4882e-06,-0.0001453282,8.728e-07,2.2694e-06,6.2091e-05,0.0290845803,0.0221795962,-1.07103e-05,0.0223359099,-3.2001e-06,0.0027548454,-1.300733,7.442577,0.977116,0.331477,-0.672767,-0.49082,-0.4434
1403636653.06374,6.894715,-8.070124,0.375484,0.549188,-0.622852,0.37316,0.413762,0.0003482724,-3.9268e-06,-0.0001423916,8.221e-07,1.5633e-06,5.91121e-05,0.0291276534,0.0220211182,-1.14875e-05,0.0220294705,-2.4804e-06,0.0027575953,-1.245848,7.440293,0.988749,0.333375,-0.668892,-0.491219,-0.447381
1403636653.16376,6.836772,-8.080058,0.372962,0.54836,-0.617624,0.378601,0.417736,0.0003528206,-3.4974e-06,-0.0001376946,7.851e-07,1.329e-06,5.45996e-05,0.029208887,0.0218846934,-1.14243e-05,0.0217276708,-2.041e-06,0.0027572636,-1.190616,7.443368,0.98583,0.338337,-0.663477,-0.490921,-0.452026
1403636653.31376,6.757681,-8.105874,0.363955,0.546667,-0.605943,0.389507,0.426933,0.0003619754,-2.06e-06,-0.000127206,7.44e-07,6.892e-07,4.55309e-05,0.029349031,0.0216793354,-1.18659e-05,0.0212813727,1.928e-07,0.0027589916,-1.109628,7.451624,0.976794,0.348331,-0.651665,-0.490303,-0.462172
1403636653.36378,6.724961,-8.114797,0.375298,0.547178,-0.602911,0.392152,0.428149,0.0003633652,-1.7794e-06,-0.0001254457,6.814e-07,5.937e-07,4.41004e-05,0.0293995611,0.0216261245,-5.6383e-06,0.0211304762,-2.3893e-06,0.002747559,-1.083579,7.454416,0.975907,0.350633,-0.648982,-0.491158,-0.463297
1403636653.41378,6.700202,-8.122902,0.378255,0.548352,-0.600792,0.393687,0.428215,0.0003642819,-1.3859e-06,-0.0001243008,6.704e-07,4.524e-07,4.31965e-05,0.0294469797,0.0215415213,-5.011e-06,0.0209524507,-2.3744e-06,0.0027468176,-1.05824,7.456565,0.976981,0.352156,-0.646991,-0.492531,-0.463468
1403636653.61378,6.606093,-8.146186,0.403326,0.552932,-0.596201,0.398028,0.424716,0.000364584,-2.0166e-06,-0.0001240327,6.702e-07,6.66e-07,4.29747e-05,0.029603506,0.0213016183,-5.0961e-06,0.0204468473,-2.2534e-06,0.0027491745,-0.962911,7.461183,1.000993,0.356757,-0.642934,-0.497473,-0.460306
1403636653.66379,6.583245,-8.151998,0.41297,0.553033,-0.594124,0.400142,0.425509,0.0003658398,-1.9442e-06,-0.0001224116,6.623e-07,6.309e-07,4.17269e-05,0.029634991,0.0212452088,-4.6695e-06,0.0203308065,-2.6577e-06,0.0027486648,-0.940212,7.461615,1.010022,0.358797,-0.640897,-0.497779,-0.461229
1403636653.71379,6.561894,-8.157013,0.420663,0.552941,-0.592122,0.401912,0.426748,0.0003671307,-1.665e-06,-0.0001207125,6.556e-07,5.283e-07,4.04488e-05,0.0296667115,0.0211861458,-4.3766e-06,0.0202114214,-2.9216e-06,0.0027484756,-0.917945,7.461402,1.017841,0.360451,-0.63893,-0.497839,-0.462602
1403636654.51379,6.233532,-8.115479,0.46065,0.520576,-0.624529,0.377107,0.44357,0.0003650501,-3.6502e-06,-0.0001240499,7.276e-07,1.2211e-06,4.29627e-05,0.0294285189,0.020036595,-8.4574e-06,0.018562489,-1.506e-07,0.0027733095,-0.616548,7.34495,1.018781,0.334195,-0.668372,-0.462638,-0.477036
1403636654.66379,6.173985,-8.093957,0.495362,0.503181,-0.643536,0.362244,0.448831,0.0003617505,-5.6165e-06,-0.0001282613,7.857e-07,1.9729e-06,4.62969e-05,0.0292631286,0.0197820955,-9.9238e-06,0.0182808759,-4.634e-07,0.0027808244,-0.567199,7.302018,1.044314,0.318875,-0.68572,-0.443558,-0.481008
1403636654.96379,6.065051,-8.051342,0.534857,0.484621,-0.658849,0.345746,0.459914,0.0003610415,-3.8353e-06,-0.0001294195,7.579e-07,1.3543e-06,4.72314e-05,0.0290300267,0.0193365945,-1.3307e-05,0.0177815981,1.6601e-06,0.0028039142,-0.477818,7.219407,1.062136,0.301374,-0.69935,-0.423649,-0.490518
1403636655.01379,6.047052,-8.046471,0.534064,0.481014,-0.657603,0.347334,0.464266,0.0003638432,-3.9694e-06,-0.0001259817,7.623e-07,1.3534e-06,4.44559e-05,0.0289940044,0.0192673354,-1.3818e-05,0.017705258,1.2604e-06,0.002807334,-0.463753,7.206825,1.060193,0.30253,-0.697779,-0.420189,-0.494998
1403636655.16379,5.999824,-8.01942,0.526453,0.473645,-0.654401,0.351689,0.473006,0.0003696522,-4.8608e-06,-0.0001183433,7.887e-07,1.5352e-06,3.87153e-05,0.0288899758,0.0190650641,-1.44124e-05,0.0174879718,4.8275e-06,0.0028207905,-0.424442,7.16839,1.048448,0.306069,-0.693984,-0.413134,-0.504013
1403636655.21379,5.985233,-8.009265,0.520869,0.471807,-0.653792,0.353676,0.474201,0.0003709201,-5.9161e-06,-0.0001165456,8.209e-07,1.8376e-06,3.74463e-05,0.0287949497,0.018987627,-1.40918e-05,0.0174345008,6.7184e-06,0.0028243315,-0.412505,7.154685,1.043391,0.307936,-0.693237,-0.411357,-0.505355
1403636655.26379,5.971306,-7.997609,0.513646,0.469002,-0.654296,0.354785,0.47546,0.0003718627,-7.2076e-06,-0.000115157,8.681e-07,2.2105e-06,3.64874e-05,0.0287251565,0.0189153798,-1.33954e-05,0.0173751088,9.0471e-06,0.0028275111,-0.400762,7.139824,1.037628,0.308943,-0.693493,-0.408516,-0.506691
1403636655.3138,5.957093,-7.970141,0.491212,0.465946,-0.65532,0.354505,0.477259,0.0003725523,-7.8708e-06,-0.0001141388,8.94e-07,2.3901e-06,3.5793e-05,0.0286434628,0.0188420698,-1.27477e-05,0.0173123639,1.56456e-05,0.0028247404,-0.389277,7.123682,1.031394,0.308623,-0.694222,-0.405514,-0.508298
1403636655.36379,5.953143,-7.915987,0.463225,0.462028,-0.656961,0.354301,0.47896,0.0003730978,-9.2958e-06,-0.0001132653,9.447e-07,2.8083e-06,3.51985e-05,0.0284473222,0.0187276795,-5.3775e-06,0.0172192924,2.4301e-05,0.0028171477,-0.378163,7.106317,1.024974,0.308323,-0.695831,-0.401298,-0.509624
1403636655.5138,5.917854,-7.859602,0.450612,0.450596,-0.664087,0.34897,0.483914,0.0003737275,-1.08174e-05,-0.0001123245,1.0337e-06,3.236e-06,3.45724e-05,0.0278564305,0.0184094636,-6.48e-07,0.0170984803,3.47406e-05,0.0028276687,-0.347996,7.047005,1.013454,0.302608,-0.701912,-0.389214,-0.514068
1403636655.5638,5.902271,-7.845646,0.435067,0.447268,-0.669524,0.344281,0.482867,0.0003717006,-1.13275e-05,-0.00011532,1.058e-06,3.5026e-06,3.65825e-05,0.0276813572,0.0183250062,-1.2349e-06,0.0170437858,1.68206e-05,0.002806857,-0.339356,7.023746,1.012289,0.297985,-0.706997,-0.385417,-0.512658
1403636655.6638,5.878556,-7.799469,0.427747,0.439805,-0.683862,0.332702,0.477717,0.000365142,-1.35166e-05,-0.000124167,1.2168e-06,4.5861e-06,4.30391e-05,0.0274294702,0.0181412469,8.354e-07,0.0169188261,1.71778e-05,0.0028088116,-0.322834,6.973272,1.008254,0.286911,-0.720609,-0.37666,-0.506496
1403636655.71378,5.866418,-7.761103,0.421252,0.436334,-0.690138,0.328016,0.475108,0.0003619973,-1.47385e-05,-0.0001280136,1.2976e-06,5.2051e-06,4.60748e-05,0.0272467812,0.0180555689,-3.1861e-06,0.0168135278,3.0615e-06,0.0027937024,-0.314676,6.947536,1.003437,0.282463,-0.72661,-0.372653,-0.503375
1403636655.76378,5.852962,-7.736777,0.412168,0.432709,-0.69541,0.322901,0.474238,0.0003597699,-1.48635e-05,-0.0001307243,1.3107e-06,5.3945e-06,4.83068e-05,0.02700136,0.0179241483,-2.8562e-06,0.0167483168,1.555e-06,0.0027921797,-0.305928,6.921865,0.995771,0.277442,-0.731543,-0.36859,-0.502012
1403636656.01379,5.780014,-7.61484,0.337219,0.398955,-0.71986,0.301601,0.481325,0.0003558036,-1.91629e-05,-0.0001349416,1.7417e-06,7.2657e-06,5.19998e-05,0.0262224913,0.0174025751,-2.0112e-06,0.0164181148,1.1065e-06,0.0027999359,-0.251872,6.791538,0.9241,0.255544,-0.752853,-0.332674,-0.50719
1403636656.06382,5.760049,-7.585751,0.324576,0.392747,-0.722904,0.297647,0.48432,0.00035609,-1.89661e-05,-0.0001346744,1.7149e-06,7.1685e-06,5.17484e-05,0.0260999829,0.0173061975,-2.2338e-06,0.016334476,-2.847e-07,0.0028005734,-0.238789,6.764987,0.912166,0.251271,-0.755286,-0.326344,-0.50982
1403636656.31381,5.66727,-7.460689,0.299698,0.38176,-0.732239,0.27768,0.490896,0.000353873,-1.21006e-05,-0.0001380876,1.128e-06,4.714e-06,5.47105e-05,0.0252953691,0.016713792,1.189e-07,0.0159225199,-4.881e-07,0.0028103202,-0.16514,6.630579,0.890545,0.230695,-0.763583,-0.314554,-0.514566
1403636656.41381,5.62631,-7.416764,0.308343,0.380639,-0.734047,0.275144,0.490494,0.0003529133,-1.16153e-05,-0.0001392323,1.0976e-06,4.5757e-06,5.57578e-05,0.0250414804,0.016492286,1.4654e-06,0.0157420848,3.126e-07,0.0028138779,-0.131624,6.580043,0.900131,0.228181,-0.765253,-0.313268,-0.513988
1403636656.56382,5.558174,-7.361485,0.331395,0.382014,-0.733087,0.273709,0.491663,0.0003533609,-9.7384e-06,-0.0001390076,9.841e-07,3.8249e-06,5.5511e-05,0.0246813761,0.0161559292,3.2919e-06,0.0154544421,1.9829e-06,0.0028192693,-0.074517,6.509494,0.926193,0.226606,-0.764352,-0.31474,-0.515127
1403636656.61383,5.534591,-7.34731,0.338417,0.382621,-0.731488,0.27426,0.493263,0.0003545066,-9.0634e-06,-0.0001378538,9.45e-07,3.5191e-06,5.44279e-05,0.024627402,0.0160612175,3.4813e-06,0.0153437015,3.2121e-06,0.0028197658,-0.055281,6.488355,0.935364,0.227001,-0.762788,-0.315515,-0.516794
1403636656.71383,5.484266,-7.318581,0.349287,0.380678,-0.724343,0.280837,0.50154,0.0003613719,-9.5718e-06,-0.0001300347,9.635e-07,3.4416e-06,4.75964e-05,0.0244405914,0.0158510116,3.4108e-06,0.015137207,6.0282e-06,0.0028216254,-0.014683,6.446605,0.950936,0.232758,-0.755411,-0.314294,-0.525739
1403636656.76383,5.460346,-7.303515,0.352141,0.37946,-0.720019,0.284648,0.506516,0.00036522,-9.8884e-06,-0.0001252679,9.765e-07,3.3894e-06,4.37619e-05,0.024387004,0.0157507706,3.3917e-06,0.015018526,7.4963e-06,0.0028219351,0.005753,6.425682,0.956576,0.236116,-0.750979,-0.313484,-0.531047
1403636656.96383,5.370128,-7.233853,0.349174,0.381293,-0.709437,0.29009,0.516878,0.0003724627,-6.8821e-06,-0.0001157889,8.378e-07,2.1353e-06,3.67814e-05,0.0239645516,0.0153223451,4.5776e-06,0.0146316496,1.27922e-05,0.0028276573,0.083791,6.337892,0.959717,0.24061,-0.740577,-0.316246,-0.541886
1403636657.01383,5.350489,-7.217866,0.342801,0.380881,-0.708523,0.292477,0.51709,0.000373201,-8.092e-06,-0.0001146779,8.835e-07,2.4831e-06,3.60203e-05,0.0238871173,0.0152397114,3.7131e-06,0.0145470844,1.36035e-05,0.0028264437,0.10118,6.314093,0.955815,0.242992,-0.739602,-0.315917,-0.542347
1403636657.21383,5.268253,-7.123898,0.308017,0.378194,-0.708738,0.301773,0.513413,0.000373637,-1.53968e-05,-0.0001134711,1.3414e-06,4.6747e-06,3.52446e-05,0.0233928525,0.0148392065,3.8226e-06,0.014227725,1.58781e-05,0.0028306459,0.162348,6.208583,0.930511,0.252506,-0.739618,-0.313298,-0.539491
1403636657.31383,5.233505,-7.075865,0.298313,0.379219,-0.712109,0.301216,0.508293,0.0003708906,-1.69726e-05,-0.0001173254,1.482e-06,5.3691e-06,3.79023e-05,0.0230835378,0.0146084998,2.3784e-06,0.0140516249,1.35571e-05,0.0028293089,0.18913,6.148711,0.922578,0.252425,-0.74305,-0.314035,-0.534361
1403636657.36384,5.216303,-7.047935,0.316938,0.379804,-0.714247,0.300899,0.505035,0.000369076,-1.80616e-05,-0.0001196985,1.5614e-06,5.8514e-06,3.95943e-05,0.0229322442,0.0145363344,-3.4307e-06,0.013914049,4.695e-06,0.0028142962,0.20196,6.116773,0.920563,0.252276,-0.745324,-0.31406,-0.531241
1403636657.41384,5.197149,-7.016249,0.314913,0.379876,-0.717603,0.300386,0.500508,0.0003663625,-1.97195e-05,-0.0001231137,1.7386e-06,6.6225e-06,4.21498e-05,0.0227713432,0.0144279516,-3.7929e-06,0.0138380863,3.5567e-06,0.0028138521,0.214758,6.084368,0.918402,0.252161,-0.748704,-0.31386,-0.526641
1403636657.51384,5.164186,-6.937742,0.309934,0.380641,-0.723856,0.298364,0.492062,0.0003608176,-2.20872e-05,-0.0001297054,2.0231e-06,7.9404e-06,4.741e-05,0.0224229128,0.0141940856,-5.7992e-06,0.0136594023,-5.475e-07,0.0028123309,0.24098,6.017524,0.911442,0.251013,-0.755073,-0.314368,-0.517718
1403636657.56383,5.144778,-6.908545,0.303727,0.381422,-0.725674,0.296785,0.489727,0.0003591792,-2.19739e-05,-0.0001316789,2.0152e-06,8.0561e-06,4.90562e-05,0.0221361273,0.014050202,-6.258e-06,0.0135930314,-1.2257e-06,0.0028117885,0.254991,5.983442,0.906422,0.249686,-0.756985,-0.314946,-0.515209
1403636657.61383,5.125072,-6.881218,0.29736,0.381838,-0.726452,0.29592,0.488773,0.000358415,-2.17638e-05,-0.0001326204,1.9937e-06,8.053e-06,4.98541e-05,0.0219738784,0.013935676,-6.562e-06,0.0135096809,-1.5713e-06,0.0028117187,0.269614,5.9492,0.900447,0.248934,-0.757802,-0.315256,-0.51418
1403636657.71381,5.082038,-6.82172,0.281017,0.38125,-0.726539,0.296059,0.489018,0.0003585841,-2.20047e-05,-0.0001324348,2.0258e-06,8.127e-06,4.96955e-05,0.0216583704,0.0137037667,-6.8084e-06,0.0133351792,-2.1918e-06,0.0028118241,0.300865,5.880784,0.885939,0.249044,-0.757877,-0.314652,-0.514387
1403636658.06381,4.904725,-6.604588,0.216107,0.371316,-0.737886,0.293162,0.481356,0.0003524789,-2.85825e-05,-0.00013826,3.017e-06,1.12204e-05,5.50504e-05,0.0204975546,0.0127948689,-7.9769e-06,0.0126274814,-4.8238e-06,0.0028152056,0.439122,5.631976,0.825387,0.246834,-0.768366,-0.303733,-0.506394
1403636658.16383,4.846076,-6.533043,0.206904,0.375389,-0.735585,0.284297,0.487004,0.000353796,-1.99741e-05,-0.0001384244,1.8189e-06,7.8099e-06,5.49697e-05,0.0201531186,0.0125160261,-7.852e-06,0.0123872094,-4.5492e-06,0.0028156117,0.489616,5.556082,0.823396,0.237377,-0.766527,-0.308209,-0.510976
1403636658.36384,4.714294,-6.398228,0.197919,0.38119,-0.732942,0.271138,0.493938,0.0003546886,-7.9485e-06,-0.0001388226,8.759e-07,3.0952e-06,5.51554e-05,0.0194542087,0.0119338677,-8.1011e-06,0.0119133019,-6.1745e-06,0.0028189831,0.600398,5.406157,0.818955,0.223538,-0.764422,-0.314313,-0.516622
1403636658.41383,4.679984,-6.367628,0.192713,0.38215,-0.733005,0.269091,0.494222,0.0003543341,-6.3984e-06,-0.0001393166,8.123e-07,2.4976e-06,5.5599e-05,0.0192742247,0.0117760032,-8.0372e-06,0.011779049,-6.352e-06,0.0028195768,0.629041,5.370169,0.815061,0.221445,-0.764537,-0.315251,-0.516781
1403636658.76383,4.453762,-6.176937,0.142013,0.391092,-0.726193,0.253732,0.505284,0.0003561563,1.01622e-05,-0.0001373865,1.0094e-06,-3.9512e-06,5.38421e-05,0.018322162,0.0108653987,-7.5646e-06,0.010981554,-9.7413e-06,0.0028294929,0.83135,5.147782,0.771049,0.205036,-0.758556,-0.324807,-0.526359
1403636658.86383,4.39253,-6.135012,0.123789,0.391901,-0.721264,0.252145,0.51246,0.0003596717,1.44988e-05,-0.0001330994,1.3094e-06,-5.3992e-06,5.00979e-05,0.0181183291,0.0106369069,-7.1405e-06,0.0107671596,-1.04773e-05,0.0028325012,0.885676,5.096066,0.753055,0.202767,-0.753681,-0.326113,-0.533387
1403636659.16383,4.233785,-6.032785,0.053548,0.378775,-0.716176,0.271091,0.519741,0.0003699196,2.0316e-06,-0.0001213211,7.497e-07,-6.905e-07,4.06328e-05,0.0175812088,0.0100696732,-4.4778e-06,0.0102648245,-1.05283e-05,0.0028427011,1.024004,4.96314,0.677533,0.220979,-0.747395,-0.313435,-0.542521
1403636659.21383,4.207021,-6.014561,0.043167,0.378157,-0.715517,0.272426,0.5204,0.0003705996,1.3794e-06,-0.0001204413,7.441e-07,-4.72e-07,3.99851e-05,0.0175650101,0.0099844672,-3.6577e-06,0.0101524689,-1.14691e-05,0.0028418007,1.043377,4.941775,0.661874,0.222242,-0.74666,-0.31283,-0.543364
1403636659.26383,4.183419,-5.996828,0.029485,0.377853,-0.715693,0.273022,0.520067,0.000370595,8.008e-07,-0.0001204993,7.43e-07,-2.833e-07,4.00258e-05,0.0174783071,0.0098915034,-3.2775e-06,0.0100669715,-1.19961e-05,0.0028426376,1.061315,4.920319,0.646841,0.22287,-0.746779,-0.312498,-0.543134
1403636659.31382,4.162464,-5.979378,0.016855,0.378711,-0.716831,0.272095,0.518358,0.0003694505,9.089e-07,-0.0001220884,7.438e-07,-3.243e-07,4.11941e-05,0.0173933705,0.0098057479,-2.9499e-06,0.0099884955,-1.06847e-05,0.0028428636,1.078068,4.898662,0.63285,0.222108,-0.747983,-0.313241,-0.541359
1403636659.46383,4.105671,-5.926204,-0.015869,0.383563,-0.722917,0.265956,0.509448,0.0003628554,2.3427e-06,-0.0001305972,7.658e-07,-8.684e-07,4.78794e-05,0.0171442922,0.0095784745,-2.0957e-06,0.009808127,-1.22467e-05,0.002847417,1.123502,4.834761,0.599366,0.216768,-0.754511,-0.317478,-0.531915
1403636659.56383,4.071233,-5.892861,-0.028404,0.383804,-0.7242,0.264947,0.507968,0.0003617553,2.297e-06,-0.0001319955,7.7e-07,-8.634e-07,4.90464e-05,0.0169952932,0.0094398501,-1.6933e-06,0.0096946315,-1.31608e-05,0.0028493741,1.151356,4.794357,0.586231,0.215869,-0.755822,-0.317627,-0.530328
1403636659.71383,4.023798,-5.849322,-0.055658,0.382183,-0.721462,0.264751,0.513162,0.000364667,3.9448e-06,-0.0001285505,8.062e-07,-1.4187e-06,4.61923e-05,0.0167743796,0.0092532178,-2.3696e-06,0.0095387116,-1.69658e-05,0.0028480898,1.188573,4.736895,0.564095,0.215089,-0.752976,-0.316334,-0.535441
1403636659.76383,4.011318,-5.834639,-0.067864,0.381089,-0.720777,0.265021,0.514796,0.0003656771,3.9192e-06,-0.0001273299,8.064e-07,-1.393e-06,4.52097e-05,0.0167279295,0.0092080702,-2.5607e-06,0.0094950702,-1.73206e-05,0.002847552,1.199586,4.718829,0.553841,0.215187,-0.752228,-0.315339,-0.537038
1403636659.81382,3.998926,-5.81713,-0.083246,0.380563,-0.720672,0.264423,0.515639,0.0003659886,4.3293e-06,-0.0001269452,8.161e-07,-1.5328e-06,4.489e-05,0.0166536715,0.0091675551,-5.2423e-06,0.0094443942,-1.72619e-05,0.0028417819,1.209852,4.701322,0.542118,0.214579,-0.752025,-0.314962,-0.537785
1403636659.91382,3.97525,-5.788216,-0.111875,0.379458,-0.722275,0.263724,0.514568,0.0003652716,3.6105e-06,-0.0001279487,8.062e-07,-1.2954e-06,4.56818e-05,0.0165056917,0.0090651611,-5.6731e-06,0.0093717984,-1.82335e-05,0.0028426517,1.227318,4.667115,0.514679,0.213969,-0.753531,-0.313731,-0.536639
1403636659.96382,3.96577,-5.76741,-0.130918,0.38019,-0.724524,0.260975,0.512261,0.0003631375,4.3413e-06,-0.0001305421,8.216e-07,-1.5918e-06,4.77923e-05,0.0164322838,0.0090252656,-7.0408e-06,0.0093305965,-1.6201e-05,0.0028406644,1.23482,4.650234,0.498836,0.211399,-0.755853,-0.314334,-0.534034
1403636660.16381,3.93121,-5.706338,-0.208166,0.382922,-0.733488,0.252874,0.501419,0.0003544439,5.0092e-06,-0.0001404593,8.49e-07,-2.0155e-06,5.6556e-05,0.0161487038,0.0088597933,-9.6839e-06,0.0092139107,-1.53086e-05,0.0028405649,1.259867,4.58927,0.426965,0.20417,-0.765012,-0.316334,-0.522498
1403636660.31381,3.906977,-5.662548,-0.269756,0.384866,-0.737677,0.248717,0.495833,0.0003496607,5.527e-06,-0.0001453724,8.634e-07,-2.3256e-06,6.13518e-05,0.0159639601,0.0087575216,-1.21603e-05,0.0091329229,-1.28647e-05,0.0028395478,1.277954,4.55393,0.369266,0.200402,-0.769471,-0.317803,-0.516484
1403636660.36381,3.899098,-5.652458,-0.286701,0.387056,-0.741061,0.245251,0.490784,0.0003453926,6.1468e-06,-0.0001494526,8.845e-07,-2.6873e-06,6.55925e-05,0.0158694156,0.0087090213,-1.23959e-05,0.0091070786,-1.29256e-05,0.0028392057,1.284229,4.544636,0.351559,0.197301,-0.773091,-0.319553,-0.511166
1403636660.76378,3.832685,-5.650196,-0.39578,0.386352,-0.724409,0.248781,0.513879,0.0003603939,1.40161e-05,-0.0001335644,1.3454e-06,-5.2282e-06,5.04098e-05,0.0158692169,0.0085677766,-1.31246e-05,0.0089119063,-1.40117e-05,0.0028420731,1.35433,4.539761,0.24538,0.198623,-0.756605,-0.320414,-0.534263
1403636660.81378,3.822148,-5.661117,-0.409941,0.387644,-0.720082,0.247852,0.519406,0.0003630833,1.76041e-05,-0.0001298917,1.6501e-06,-6.3319e-06,4.73678e-05,0.0158785663,0.0085497059,-1.2877e-05,0.0088788862,-1.2331e-05,0.0028411355,1.36288,4.545553,0.228117,0.197079,-0.75243,-0.32186,-0.539832
1403636660.86377,3.81337,-5.66758,-0.426461,0.389357,-0.716401,0.246181,0.52399,0.0003647844,2.13526e-05,-0.0001271606,2.0445e-06,-7.4781e-06,4.52211e-05,0.0159266484,0.0085478937,-1.34082e-05,0.0088455447,-1.06212e-05,0.0028401623,1.370111,4.552043,0.209456,0.194903,-0.748917,-0.323749,-0.544356
1403636660.91377,3.808049,-5.67662,-0.445011,0.389948,-0.714049,0.245637,0.527007,0.0003660494,2.32886e-05,-0.0001251631,2.277e-06,-7.9976e-06,4.36886e-05,0.0159571838,0.0085420283,-1.34115e-05,0.0088212383,-1.00151e-05,0.0028399912,1.375979,4.559438,0.189464,0.194018,-0.746619,-0.324453,-0.547403
1403636660.96375,3.800735,-5.683914,-0.465825,0.389208,-0.71353,0.247583,0.527347,0.0003667774,2.21535e-05,-0.0001242293,2.1316e-06,-7.5352e-06,4.2966e-05,0.0159960661,0.0085502166,-1.42541e-05,0.0088048458,-7.9778e-06,0.0028389201,1.380353,4.567748,0.168144,0.195747,-0.746096,-0.323541,-0.548038
1403636661.31374,3.825495,-5.748284,-0.624328,0.377724,-0.715956,0.265212,0.523827,0.0003708801,6.2023e-06,-0.0001207423,9.162e-07,-2.0378e-06,4.0215e-05,0.0162745836,0.0087021828,-1.70184e-05,0.0088762731,-7.4214e-06,0.0028407945,1.37268,4.640818,0.007536,0.213548,-0.747545,-0.311758,-0.546243
1403636661.41373,3.839983,-5.766522,-0.6551,0.377472,-0.715888,0.265738,0.523835,0.0003709903,5.8441e-06,-0.0001204876,9.072e-07,-1.9161e-06,4.00365e-05,0.0163483767,0.0087559766,-1.80874e-05,0.0089120938,-7.0117e-06,0.0028398661,1.359408,4.661036,-0.027299,0.214169,-0.74734,-0.311558,-0.546394
1403636661.76373,3.925677,-5.81359,-0.712732,0.373007,-0.71908,0.275112,0.517787,0.0003705166,-3.7091e-06,-0.0001214719,8.759e-07,1.2052e-06,4.07574e-05,0.0165626813,0.0090225074,-2.01746e-05,0.0091722541,-6.8734e-06,0.0028405762,1.285651,4.726799,-0.089885,0.223924,-0.750253,-0.306615,-0.541265
1403636661.86373,3.952354,-5.825823,-0.711294,0.368934,-0.719775,0.282623,0.51569,0.0003713241,-1.02839e-05,-0.0001199916,1.1275e-06,3.3174e-06,3.97085e-05,0.0166164418,0.0091010265,-2.06192e-05,0.0092520595,-6.6049e-06,0.0028386997,1.258626,4.741919,-0.091908,0.231684,-0.750534,-0.302484,-0.539932
1403636661.96372,3.980226,-5.832998,-0.704094,0.367918,-0.719453,0.285317,0.515381,0.0003717898,-1.22264e-05,-0.0001191616,1.2494e-06,3.9149e-06,3.91272e-05,0.0166578012,0.0091737965,-2.10484e-05,0.0093302658,-6.5862e-06,0.002837205,1.231216,4.753184,-0.086041,0.234449,-0.750093,-0.301516,-0.539891
1403636662.01369,3.991638,-5.836547,-0.699435,0.368082,-0.719026,0.285362,0.515834,0.0003716909,-1.19716e-05,-0.0001187392,1.2275e-06,3.8216e-06,3.88645e-05,0.0166713801,0.009208542,-2.21595e-05,0.0093687407,-7.7369e-06,0.00283469,1.217356,4.757312,-0.080226,0.234435,-0.749678,-0.301675,-0.540385
1403636662.31372,4.081209,-5.825408,-0.668271,0.379004,-0.716518,0.269032,0.520172,0.0003697081,3.2848e-06,-0.000122008,8.858e-07,-1.0948e-06,4.12166e-05,0.0166278787,0.0093854899,-2.30973e-05,0.0096342055,-7.6636e-06,0.0028319082,1.127513,4.760899,-0.044103,0.21767,-0.748308,-0.312617,-0.543071
1403636662.36372,4.099042,-5.821188,-0.669043,0.380883,-0.716962,0.265374,0.520068,0.0003684841,5.9959e-06,-0.0001233589,9.5e-07,-2.0179e-06,4.22488e-05,0.016612287,0.009424768,-2.32347e-05,0.009695633,-7.1476e-06,0.0028305055,1.110717,4.759505,-0.042649,0.214115,-0.748888,-0.314543,-0.542572
1403636662.41373,4.116852,-5.817188,-0.67078,0.38206,-0.718504,0.262495,0.518535,0.0003667157,7.2808e-06,-0.0001254701,9.951e-07,-2.501e-06,4.38829e-05,0.01659298,0.0094602338,-2.34599e-05,0.0097542744,-6.7535e-06,0.0028294936,1.093414,4.758321,-0.042711,0.21141,-0.750521,-0.315625,-0.540746
1403636662.76373,4.247964,-5.800112,-0.708254,0.36708,-0.735354,0.277908,0.497266,0.0003587326,-1.67823e-05,-0.0001342791,1.6564e-06,6.2967e-06,5.12566e-05,0.0165266911,0.0097323518,-2.53003e-05,0.0101788577,-6.9539e-06,0.0028269898,0.962447,4.761811,-0.077437,0.228677,-0.766052,-0.299339,-0.520836
1403636662.81373,4.266418,-5.797665,-0.717666,0.363626,-0.736129,0.281391,0.496698,0.000359062,-2.03865e-05,-0.0001332308,2.0259e-06,7.5844e-06,5.04243e-05,0.0165097331,0.0097723871,-2.55385e-05,0.0102445102,-6.7356e-06,0.0028261326,0.945786,4.7631,-0.085996,0.23224,-0.766505,-0.295963,-0.520521
1403636662.86373,4.283637,-5.795365,-0.728488,0.362793,-0.737519,0.282096,0.494843,0.0003579742,-2.18886e-05,-0.0001340995,2.2056e-06,8.2229e-06,5.12244e-05,0.0164964492,0.0098080541,-2.58939e-05,0.0103027592,-6.5712e-06,0.0028254536,0.930001,4.764013,-0.096132,0.233159,-0.767794,-0.295115,-0.518688
1403636663.11372,4.345697,-5.783681,-0.784645,0.360487,-0.748745,0.28202,0.479473,0.0003478872,-2.89179e-05,-0.0001434827,3.288e-06,1.19652e-05,6.02078e-05,0.0164522146,0.0099330232,-2.71623e-05,0.0105115229,-6.7891e-06,0.0028236536,0.869237,4.761972,-0.150458,0.234396,-0.778799,-0.291929,-0.503299
1403636663.21375,4.357219,-5.776926,-0.795433,0.362537,-0.750012,0.277934,0.478333,0.0003460395,-2.65222e-05,-0.0001455756,2.9166e-06,1.11974e-05,6.22691e-05,0.0164194342,0.0099517357,-2.70479e-05,0.0105551026,-6.0621e-06,0.0028219026,0.857907,4.759168,-0.162693,0.230444,-0.780333,-0.293668,-0.501735
1403636663.61375,4.355122,-5.785695,-0.888602,0.39354,-0.74577,0.233092,0.484378,0.0003362654,1.24474e-05,-0.0001560668,1.3581e-06,-5.7749e-06,7.3507e-05,0.0164709316,0.0099694025,-2.6482e-05,0.0105513535,-4.3947e-06,0.0028188129,0.866695,4.771908,-0.251371,0.184945,-0.778825,-0.325015,-0.503579
1403636663.81374,4.341699,-5.838671,-0.946326,0.402675,-0.737888,0.222846,0.493674,0.0003376458,2.53809e-05,-0.0001530788,2.8132e-06,-1.15174e-05,7.04705e-05,0.0166864421,0.0100192785,-2.52643e-05,0.0105049945,-2.5634e-06,0.0028175957,0.89097,4.827412,-0.309987,0.173865,-0.771736,-0.334939,-0.511872
1403636663.86374,4.339698,-5.858446,-0.956979,0.405291,-0.733546,0.220501,0.499028,0.0003395708,3.00009e-05,-0.0001502782,3.552e-06,-1.32915e-05,6.75604e-05,0.0167702166,0.0100381376,-2.38106e-05,0.0104843995,-1.2851e-06,0.0028160896,0.89794,4.848796,-0.320943,0.171156,-0.767484,-0.338184,-0.517021
1403636663.91373,4.33702,-5.882195,-0.965179,0.406437,-0.729962,0.220465,0.503347,0.0003417706,3.23997e-05,-0.0001475717,3.9726e-06,-1.40051e-05,6.4762e-05,0.0168740425,0.010073145,-2.31021e-05,0.0104788406,-8.154e-07,0.0028153306,0.904603,4.87365,-0.330292,0.170694,-0.763995,-0.339676,-0.521342
1403636663.96373,4.336865,-5.908336,-0.971853,0.407901,-0.724608,0.220321,0.50992,0.0003451576,3.60578e-05,-0.0001433399,4.669e-06,-1.49914e-05,6.05543e-05,0.0169962358,0.010113982,-2.28466e-05,0.010472492,-5.376e-07,0.0028149294,0.910633,4.901604,-0.337465,0.170024,-0.758718,-0.341753,-0.527872
1403636664.06373,4.34115,-5.968029,-0.97859,0.408347,-0.716632,0.223297,0.519451,0.0003512575,3.91635e-05,-0.000136148,5.273e-06,-1.51972e-05,5.37781e-05,0.0172716137,0.0102267287,-2.30598e-05,0.0104908064,-2.263e-07,0.0028146925,0.918172,4.964756,-0.346823,0.172156,-0.750757,-0.343009,-0.537655
1403636664.11372,4.346584,-6.00156,-0.978492,0.406663,-0.715125,0.228038,0.520789,0.0003538158,3.6708e-05,-0.0001339348,4.7107e-06,-1.39099e-05,5.16957e-05,0.0174313941,0.0102959285,-2.31935e-05,0.0105068775,-1.449e-07,0.0028139179,0.919213,5.000101,-0.349313,0.176868,-0.749023,-0.341533,-0.539484
1403636664.31371,4.391986,-6.148041,-0.975888,0.396392,-0.710471,0.253107,0.52349,0.000364632,2.09962e-05,-0.0001244531,2.1084e-06,-7.1653e-06,4.3449e-05,0.0181310629,0.0106464449,-2.34374e-05,0.0106504159,1.6e-09,0.0028113224,0.908222,5.150427,-0.351376,0.201669,-0.743513,-0.331707,-0.544509
1403636664.36371,4.405521,-6.187718,-0.981686,0.395546,-0.709744,0.256984,0.523227,0.000365705,1.86788e-05,-0.0001233359,1.8464e-06,-6.296e-06,4.25575e-05,0.0183238688,0.0107583337,-2.34431e-05,0.0107119512,-1.71e-07,0.0028094083,0.90169,5.188313,-0.358289,0.205618,-0.74267,-0.330928,-0.544655
1403636664.4137,4.420385,-6.227431,-0.99199,0.394978,-0.708814,0.260648,0.523104,0.0003667709,1.65956e-05,-0.0001221454,1.6373e-06,-5.5209e-06,4.16313e-05,0.0185208667,0.0108639746,-2.3457e-05,0.0107627126,-1.724e-07,0.002807794,0.894104,5.226275,-0.369538,0.209324,-0.741681,-0.330407,-0.544908
1403636664.66369,4.516515,-6.40865,-1.066977,0.392532,-0.706472,0.280851,0.517627,0.0003702274,3.4179e-06,-0.000118657,9.408e-07,-1.0798e-06,3.89951e-05,0.0194406186,0.0114291557,-2.39677e-05,0.0111074953,1.3595e-06,0.0028077843,0.837561,5.4161,-0.443269,0.229877,-0.739223,-0.328137,-0.541325
1403636664.81369,4.581332,-6.515032,-1.0927,0.39916,-0.706319,0.280228,0.513085,0.0003677393,4.9793e-06,-0.0001220469,9.872e-07,-1.6422e-06,4.14823e-05,0.0199621424,0.0117867201,-2.43602e-05,0.0113566024,2.8878e-06,0.0028057774,0.792608,5.527388,-0.473936,0.229721,-0.739657,-0.334551,-0.536856
1403636665.21369,4.78519,-6.767188,-1.094502,0.40822,-0.71571,0.283067,0.490905,0.0003565501,-1.9766e-06,-0.0001359776,9.701e-07,7.695e-07,5.2901e-05,0.021318632,0.012797784,-2.48656e-05,0.0121273181,6.2053e-06,0.0028054186,0.648143,5.818257,-0.480414,0.234376,-0.749964,-0.342514,-0.515081
1403636665.26369,4.809782,-6.801251,-1.086467,0.404348,-0.715794,0.289242,0.490388,0.0003581724,-6.9577e-06,-0.0001339824,1.0972e-06,2.6218e-06,5.11594e-05,0.0215099606,0.0129248115,-2.41333e-05,0.0122135823,6.9427e-06,0.0028041646,0.629129,5.854105,-0.474642,0.240602,-0.749707,-0.338574,-0.515196
1403636665.3137,4.833657,-6.834534,-1.077585,0.401622,-0.714465,0.293746,0.491888,0.0003603525,-9.7017e-06,-0.0001312752,1.2277e-06,3.5545e-06,4.886e-05,0.0217026633,0.0130552435,-2.34885e-05,0.0123046524,7.8269e-06,0.0028034965,0.611577,5.890703,-0.467839,0.244956,-0.748145,-0.335951,-0.517122
1403636665.6637,4.996109,-7.044569,-1.032407,0.413079,-0.709135,0.272683,0.502133,0.0003594656,1.05042e-05,-0.0001324123,1.307e-06,-3.8665e-06,4.9853e-05,0.0228616559,0.0139181265,-2.18404e-05,0.0129784408,1.11613e-05,0.0028065007,0.495012,6.133027,-0.420615,0.223021,-0.743759,-0.347907,-0.525403
1403636665.7137,5.018987,-7.074352,-1.02331,0.41287,-0.708225,0.271623,0.504159,0.000360201,1.18184e-05,-0.0001314619,1.3927e-06,-4.3116e-06,4.906e-05,0.0230602611,0.0140402621,-2.06719e-05,0.0130575778,1.18303e-05,0.0028064371,0.47705,6.167784,-0.412819,0.221758,-0.742837,-0.347723,-0.527358
1403636665.7637,5.041654,-7.103619,-1.012562,0.411951,-0.706635,0.271586,0.507153,0.000361812,1.28159e-05,-0.0001294591,1.4546e-06,-4.5832e-06,4.73967e-05,0.0232333188,0.0141654317,-2.04991e-05,0.013149669,8.7556e-06,0.0028035585,0.458736,6.203365,-0.404297,0.221414,-0.741158,-0.346938,-0.530372
1403636665.8637,5.09163,-7.168346,-0.99655,0.40419,-0.706681,0.279962,0.508776,0.0003656157,5.7353e-06,-0.0001252748,1.0987e-06,-1.9553e-06,4.39994e-05,0.0235747289,0.014425613,-1.96993e-05,0.013358901,8.9788e-06,0.002804675,0.419298,6.275751,-0.386857,0.229622,-0.740477,-0.339223,-0.532824
1403636665.9137,5.119027,-7.20082,-0.980402,0.398732,-0.708389,0.286993,0.506787,0.0003667058,-1.2616e-06,-0.0001239853,1.0061e-06,4.366e-07,4.29878e-05,0.0237771375,0.0145634882,-1.83813e-05,0.0134525179,7.8485e-06,0.0028008245,0.398684,6.312254,-0.377934,0.236701,-0.741814,-0.333366,-0.531561
1403636666.26368,5.296697,-7.419621,-0.943283,0.391933,-0.709563,0.293476,0.506736,0.0003687208,-7.9034e-06,-0.0001212298,1.199e-06,2.6126e-06,4.09441e-05,0.0249135551,0.015497168,-8.4855e-06,0.0142345181,1.00211e-05,0.0027999612,0.254187,6.545179,-0.350086,0.243076,-0.742479,-0.325845,-0.532414
1403636666.36368,5.351702,-7.472929,-0.94559,0.389178,-0.709077,0.298014,0.506891,0.0003698498,-1.11769e-05,-0.0001194716,1.37e-06,3.6286e-06,3.96769e-05,0.0253802169,0.0157860503,-1.01431e-05,0.0144146705,8.4579e-06,0.0027982967,0.213309,6.604053,-0.355245,0.247647,-0.741755,-0.323242,-0.532904
1403636666.46368,5.401,-7.520879,-0.950329,0.387557,-0.711706,0.30187,0.502144,0.0003683146,-1.58965e-05,-0.0001210906,1.7262e-06,5.25e-06,4.09073e-05,0.0256783056,0.0160515258,-9.5273e-06,0.0146566453,7.5972e-06,0.0027984138,0.171957,6.658745,-0.3615,0.251941,-0.744212,-0.321407,-0.528557
1403636666.51368,5.42574,-7.54227,-0.950009,0.388318,-0.71252,0.302183,0.500209,0.0003673592,-1.65142e-05,-0.0001223048,1.7845e-06,5.5226e-06,4.18215e-05,0.0258199387,0.0161709511,-1.06579e-05,0.0147617849,6.0986e-06,0.0027974682,0.151562,6.684091,-0.36263,0.252448,-0.745087,-0.322144,-0.526631
1403636666.81368,5.550956,-7.650725,-0.917993,0.407018,-0.717869,0.283624,0.488424,0.0003558327,-3.8846e-06,-0.0001373599,1.1115e-06,1.5152e-06,5.41909e-05,0.0264537365,0.0168014495,-8.506e-06,0.0153990339,3.1042e-06,0.0027985474,0.031425,6.813964,-0.333648,0.235029,-0.752019,-0.340179,-0.513332
1403636666.86369,5.572559,-7.673318,-0.910704,0.407555,-0.721264,0.283767,0.48286,0.0003525215,-6.2499e-06,-0.0001408459,1.1807e-06,2.5172e-06,5.74523e-05,0.0266062512,0.0168823943,-8.2607e-06,0.0154386039,3.8162e-06,0.0027983605,0.012213,6.835479,-0.327842,0.235724,-0.755452,-0.340337,-0.507839
1403636666.9137,5.600953,-7.696242,-0.906715,0.404761,-0.726862,0.287969,0.474251,0.000348388,-1.3358e-05,-0.0001445297,1.5555e-06,5.5716e-06,6.11195e-05,0.0267171282,0.0170072669,-1.55368e-05,0.0154889509,8.2555e-06,0.0027899266,-0.006552,6.857378,-0.323976,0.240914,-0.760762,-0.337246,-0.499474
1403636667.01368,5.646434,-7.738597,-0.901505,0.399848,-0.733206,0.29529,0.464041,0.0003439561,-2.35285e-05,-0.0001475503,2.6583e-06,1.01334e-05,6.44659e-05,0.0269717798,0.0172417093,-1.61181e-05,0.0156910848,8.2629e-06,0.0027881675,-0.04002,6.901414,-0.320041,0.249396,-0.766673,-0.331837,-0.489796
1403636667.06365,5.666057,-7.762928,-0.901148,0.398942,-0.732497,0.296986,0.464857,0.0003450001,-2.43343e-05,-0.000146438,2.7662e-06,1.03678e-05,6.33206e-05,0.0271285547,0.0173712963,-1.5919e-05,0.0157969417,8.142e-06,0.0027875907,-0.053696,6.923754,-0.31904,0.251176,-0.765902,-0.331042,-0.490629
1403636667.31364,5.734181,-7.861195,-0.904982,0.407071,-0.704754,0.289074,0.504034,0.0003662136,7.86e-07,-0.0001252131,1.0674e-06,-2.613e-07,4.39329e-05,0.027794153,0.0178160708,-1.48911e-05,0.0161071269,7.7002e-06,0.002786843,-0.103704,7.034724,-0.324699,0.23982,-0.739037,-0.341715,-0.528719
1403636667.36364,5.748793,-7.879393,-0.912241,0.407582,-0.702746,0.288777,0.506588,0.0003674787,2.4714e-06,-0.000123549,1.0806e-06,-8.267e-07,4.2653e-05,0.0279051229,0.0179118545,-1.49525e-05,0.0161841185,8.2999e-06,0.0027863023,-0.114041,7.056262,-0.329784,0.239403,-0.737114,-0.342474,-0.531095
1403636667.51366,5.793303,-7.934813,-0.934932,0.41167,-0.70584,0.284699,0.501262,0.0003633952,3.8496e-06,-0.0001287606,1.1124e-06,-1.3636e-06,4.67583e-05,0.0282565458,0.0181827252,-1.516e-05,0.0163956124,9.2021e-06,0.0027857183,-0.149353,7.119303,-0.349553,0.235893,-0.740641,-0.346156,-0.525341
1403636667.56366,5.80621,-7.957019,-0.946222,0.41223,-0.709713,0.284493,0.495417,0.0003601731,1.3689e-06,-0.0001326507,1.0691e-06,-5.05e-07,4.99921e-05,0.0283658426,0.0182770149,-1.62644e-05,0.0164669616,9.5494e-06,0.0027845506,-0.162008,7.140526,-0.35698,0.236392,-0.744644,-0.346096,-0.519465
1403636667.66366,5.840041,-7.99698,-0.957074,0.410491,-0.717018,0.287215,0.484653,0.0003548638,-5.5094e-06,-0.0001385424,1.1529e-06,2.156e-06,5.52473e-05,0.028634767,0.0184671836,-1.66609e-05,0.0166045806,9.9394e-06,0.0027840214,-0.187657,7.183615,-0.366697,0.240096,-0.751787,-0.343662,-0.508988
1403636667.81367,5.886705,-8.057052,-0.956909,0.406899,-0.71906,0.292008,0.481786,0.0003546647,-1.07984e-05,-0.0001384903,1.4027e-06,4.2262e-06,5.52452e-05,0.0290258507,0.0187570773,-1.69703e-05,0.0168263159,1.02253e-05,0.002783301,-0.222047,7.249181,-0.364922,0.245147,-0.753521,-0.339838,-0.506577
1403636667.86367,5.901681,-8.078799,-0.954491,0.405987,-0.71928,0.292739,0.481783,0.0003548846,-1.15804e-05,-0.0001381844,1.45e-06,4.5172e-06,5.49699e-05,0.0291562536,0.01885549,-1.71809e-05,0.0168997126,1.04643e-05,0.002782652,-0.232381,7.271039,-0.36252,0.245924,-0.75366,-0.338864,-0.506645
1403636668.31368,5.996065,-8.26507,-0.987278,0.408528,-0.719202,0.275847,0.489655,0.0003543047,1.0111e-06,-0.0001394471,1.0978e-06,-4.068e-07,5.60812e-05,0.0303765774,0.0196161874,-1.79189e-05,0.017386244,1.1998e-05,0.0027816426,-0.296632,7.469636,-0.396451,0.228439,-0.753727,-0.341213,-0.513114
1403636668.36368,6.004499,-8.289332,-0.996104,0.408098,-0.719468,0.274688,0.490274,0.0003541902,1.6584e-06,-0.0001395266,1.0975e-06,-6.67e-07,5.61579e-05,0.0305459048,0.0196918015,-1.78035e-05,0.0174081178,1.21767e-05,0.0027805775,-0.301993,7.493578,-0.406798,0.227231,-0.75398,-0.340622,-0.513671
1403636668.46368,6.022958,-8.338454,-1.017802,0.406064,-0.718537,0.273675,0.49388,0.0003559471,2.7684e-06,-0.0001376048,1.114e-06,-1.088e-06,5.43874e-05,0.0308722403,0.0198660346,-1.82264e-05,0.0174946831,1.26663e-05,0.0027799612,-0.312649,7.54263,-0.42947,0.225925,-0.752878,-0.338595,-0.517191
1403636668.51368,6.032048,-8.364042,-1.0298,0.405348,-0.718296,0.273004,0.49519,0.0003564481,3.3439e-06,-0.0001370108,1.1214e-06,-1.3067e-06,5.38509e-05,0.0310481332,0.0199599174,-1.85025e-05,0.0175403717,1.29981e-05,0.0027792152,-0.317832,7.568024,-0.441684,0.225152,-0.752588,-0.33786,-0.518429
1403636668.61368,6.051244,-8.41587,-1.054334,0.403889,-0.718908,0.271832,0.496138,0.0003566438,3.5913e-06,-0.0001367868,1.1293e-06,-1.4013e-06,5.36529e-05,0.0313974633,0.0201482499,-1.91383e-05,0.0176356599,1.3628e-05,0.0027786305,-0.329147,7.62033,-0.466562,0.223931,-0.753078,-0.336265,-0.519283
1403636668.91368,6.119978,-8.582919,-1.121667,0.410399,-0.706174,0.256106,0.517012,0.000362458,2.3852e-05,-0.0001280425,2.695e-06,-8.4731e-06,4.64271e-05,0.0325563089,0.0207810587,-2.11363e-05,0.0179658799,1.60456e-05,0.0027793009,-0.368475,7.797285,-0.532334,0.206352,-0.741017,-0.343767,-0.538646
1403636669.16367,6.214447,-8.733569,-1.135609,0.396169,-0.7079,0.27503,0.516029,0.0003687374,7.3541e-06,-0.000122119,1.2815e-06,-2.4646e-06,4.16307e-05,0.0335899466,0.0214794057,-2.26213e-05,0.0184558688,1.88774e-05,0.0027791482,-0.43625,7.964505,-0.544966,0.225388,-0.741363,-0.329463,-0.539477
1403636669.21367,6.236112,-8.762061,-1.136095,0.394602,-0.707955,0.276529,0.516353,0.000369334,6.0228e-06,-0.0001213607,1.2299e-06,-2.0074e-06,4.10604e-05,0.0337969825,0.021628757,-2.28739e-05,0.0185671985,1.92298e-05,0.0027784509,-0.453338,7.996793,-0.546098,0.226919,-0.74127,-0.327952,-0.539885
1403636669.26367,6.258647,-8.789813,-1.138372,0.39382,-0.707936,0.276984,0.516732,0.0003696793,5.5964e-06,-0.0001208966,1.2167e-06,-1.8586e-06,4.07172e-05,0.0339945659,0.0217767916,-2.31773e-05,0.0186814097,1.95127e-05,0.0027781032,-0.471179,8.027653,-0.547823,0.227403,-0.741153,-0.327254,-0.540264
1403636669.46367,6.358386,-8.901071,-1.16331,0.391501,-0.707224,0.278767,0.518507,0.0003711757,4.3862e-06,-0.0001189708,1.1986e-06,-1.4319e-06,3.93229e-05,0.0347650225,0.0223959287,-2.44129e-05,0.0191891551,2.14636e-05,0.0027786481,-0.551242,8.148771,-0.569494,0.229082,-0.740201,-0.325113,-0.542149
1403636669.51368,6.385744,-8.929749,-1.171655,0.39113,-0.705327,0.280232,0.520578,0.0003725552,4.4539e-06,-0.0001170119,1.1903e-06,-1.4226e-06,3.79361e-05,0.0349731021,0.0225634574,-2.45073e-05,0.0193254402,2.18954e-05,0.0027780443,-0.573456,8.17837,-0.577563,0.230218,-0.738468,-0.324833,-0.544195
1403636669.66368,6.473057,-9.006747,-1.197652,0.388164,-0.69688,0.28615,0.530853,0.0003793091,5.0329e-06,-0.0001067582,1.213e-06,-1.4386e-06,3.12209e-05,0.0355239563,0.0230637679,-2.56481e-05,0.0197714379,2.37927e-05,0.0027781458,-0.647162,8.262277,-0.603682,0.235185,-0.729794,-0.322639,-0.554972
1403636669.81367,6.570604,-9.073496,-1.212385,0.381671,-0.694793,0.298674,0.531398,0.0003826703,-3.9582e-06,-0.0001011584,1.1843e-06,1.0341e-06,2.79095e-05,0.0360283802,0.0235912378,-2.63421e-05,0.0202784418,2.56301e-05,0.0027773857,-0.733529,8.336903,-0.620487,0.247464,-0.727321,-0.316211,-0.556583
1403636670.06367,6.73538,-9.140678,-1.208233,0.363439,-0.717773,0.328881,0.494522,0.0003691644,-4.39692e-05,-0.0001138259,6.4111e-06,1.35845e-05,3.6311e-05,0.0365492056,0.0243807996,-2.70617e-05,0.0211761653,2.72017e-05,0.0027773868,-0.895501,8.420666,-0.61847,0.281109,-0.748557,-0.295853,-0.522608
1403636670.11367,6.765,-9.143808,-1.204443,0.363278,-0.719718,0.331553,0.490007,0.0003670589,-4.70667e-05,-0.0001155944,7.2074e-06,1.48554e-05,3.76229e-05,0.036579806,0.0245029325,-2.65255e-05,0.0213390201,2.68175e-05,0.0027764681,-0.925883,8.429333,-0.613479,0.284213,-0.750504,-0.295512,-0.518306
1403636670.31365,6.860574,-9.142359,-1.177945,0.353438,-0.714209,0.362161,0.483556,0.0003674604,-6.81383e-05,-0.0001040659,1.38372e-05,1.93444e-05,3.0687e-05,0.036572261,0.0248444424,-2.58739e-05,0.0218617197,2.69678e-05,0.0027762401,-1.030474,8.436551,-0.587741,0.315396,-0.744148,-0.286216,-0.514639
1403636670.36366,6.878528,-9.131295,-1.175907,0.353525,-0.71364,0.367693,0.480145,0.000366357,-7.17984e-05,-0.0001033244,1.52726e-05,2.03005e-05,3.03552e-05,0.0364956057,0.0248872885,-2.45821e-05,0.0219605752,2.60876e-05,0.0027749743,-1.051897,8.430146,-0.584623,0.321312,-0.743598,-0.286359,-0.511685
1403636670.71362,6.899427,-8.951834,-1.139284,0.392117,-0.695766,0.401887,0.447929,0.0003611953,-7.9869e-05,-0.0001054306,1.88868e-05,2.33688e-05,3.20112e-05,0.035406143,0.0246126179,-2.18953e-05,0.0221016539,2.25918e-05,0.0027731171,-1.125319,8.274677,-0.547283,0.358623,-0.729254,-0.326928,-0.482393
1403636670.7636,6.885177,-8.88798,-1.120746,0.400148,-0.690535,0.407357,0.443963,0.0003616588,-7.97465e-05,-0.0001047135,1.87878e-05,2.31382e-05,3.15313e-05,0.0348781402,0.0243586292,-1.99725e-05,0.0219615902,2.0445e-05,0.0027685815,-1.122029,8.237521,-0.535857,0.364678,-0.724699,-0.335622,-0.478736
1403636670.8136,6.872462,-8.845255,-1.107719,0.407312,-0.685386,0.41483,0.438472,0.0003615395,-8.12149e-05,-0.0001037095,1.94402e-05,2.33455e-05,3.09556e-05,0.0343887945,0.0241150763,-1.92182e-05,0.0218577338,1.98951e-05,0.002767085,-1.115656,8.197162,-0.524907,0.372694,-0.720168,-0.343419,-0.473846
1403636671.06358,6.749479,-8.606211,-1.048908,0.445383,-0.648437,0.46498,0.406149,0.0003629473,-9.28401e-05,-9.10608e-05,2.495e-05,2.33374e-05,2.40405e-05,0.0326849782,0.0230001476,-1.78423e-05,0.0211231416,1.79365e-05,0.0027643509,-1.030225,7.942851,-0.47036,0.425752,-0.686866,-0.384902,-0.445922
1403636671.16357,6.666838,-8.485202,-1.010187,0.473002,-0.628179,0.471664,0.398991,0.0003680008,-8.32887e-05,-9.13041e-05,2.00149e-05,2.06995e-05,2.38402e-05,0.0318480208,0.0224119344,-1.72788e-05,0.0206976399,1.73974e-05,0.0027619587,-0.964102,7.812606,-0.435531,0.433042,-0.669227,-0.41437,-0.439233
1403636671.81356,5.83568,-7.60372,-0.783247,0.628284,-0.568009,0.394205,0.356689,0.0003330121,1.23e-07,-0.0001596889,1.1522e-06,-9.1e-08,7.8038e-05,0.0261778257,0.0175465476,-2.11022e-05,0.0165496396,8.2736e-06,0.002765304,-0.293103,6.801742,-0.206375,0.359986,-0.623209,-0.574515,-0.389814
1403636671.86356,5.772267,-7.546412,-0.773157,0.63148,-0.568992,0.390662,0.353361,0.0003293396,6.991e-07,-0.0001625712,1.1585e-06,-3.781e-07,8.17356e-05,0.0258280534,0.0172420346,-2.14717e-05,0.0162913344,7.5945e-06,0.0027663099,-0.239805,6.733579,-0.194989,0.356752,-0.624472,-0.577618,-0.386163
1403636671.96356,5.647192,-7.443889,-0.74928,0.638538,-0.572555,0.378907,0.347678,0.0003196307,3.712e-06,-0.0001695212,1.2079e-06,-2.0099e-06,9.14537e-05,0.0252151334,0.0166363793,-2.24979e-05,0.0157327384,5.6194e-06,0.0027684024,-0.134098,6.608714,-0.168927,0.345592,-0.628619,-0.584324,-0.37944
1403636672.31357,5.275991,-7.216074,-0.611303,0.650245,-0.560523,0.352104,0.372852,0.0003153264,3.239e-05,-0.0001694316,4.5396e-06,-1.75131e-05,9.26415e-05,0.023932482,0.0150570246,-2.676e-05,0.0141556011,2.779e-07,0.0027826207,0.198408,6.3224,-0.018029,0.316582,-0.617688,-0.597116,-0.40211
1403636672.41357,5.195395,-7.185931,-0.574674,0.650102,-0.550075,0.351829,0.388588,0.0003218816,4.28439e-05,-0.0001626415,6.9369e-06,-2.17734e-05,8.37559e-05,0.0237662382,0.0147628971,-2.89955e-05,0.0138470574,-1.4816e-06,0.0027894632,0.274724,6.281623,0.022312,0.314891,-0.607281,-0.597938,-0.417768
1403636672.46357,5.160303,-7.174889,-0.560759,0.647372,-0.543841,0.356298,0.397741,0.0003284137,4.66628e-05,-0.0001567044,7.8735e-06,-2.23914e-05,7.63208e-05,0.0237131428,0.0146397307,-3.02709e-05,0.0137152337,-2.3194e-06,0.0027934073,0.308582,6.26649,0.038042,0.318516,-0.600838,-0.595793,-0.427297
1403636672.61357,5.075253,-7.150937,-0.543155,0.62284,-0.537961,0.394598,0.408608,0.0003562147,3.22226e-05,-0.0001346172,4.1527e-06,-1.22587e-05,5.23226e-05,0.0236101387,0.01434869,-3.45224e-05,0.0134142947,-4.061e-06,0.0028072569,0.391792,6.233891,0.06048,0.355673,-0.592807,-0.571879,-0.441638
1403636672.71356,5.028363,-7.144813,-0.55049,0.611913,-0.541132,0.41048,0.405272,0.0003637798,1.98803e-05,-0.0001282222,2.2785e-06,-7.052e-06,4.65121e-05,0.0235483573,0.0142037384,-3.38828e-05,0.0132486637,9.348e-07,0.0028120968,0.43642,6.21648,0.050479,0.372019,-0.594894,-0.560611,-0.439797
1403636672.86356,4.971762,-7.119602,-0.58474,0.616171,-0.548134,0.411236,0.388287,0.0003571462,1.07303e-05,-0.0001370918,1.4892e-06,-4.0996e-06,5.38439e-05,0.0234869543,0.0140347061,-3.66895e-05,0.0130576562,-1.351e-06,0.002810895,0.491811,6.190216,0.008823,0.374252,-0.602205,-0.564219,-0.423023
1403636672.91356,4.955939,-7.113454,-0.597009,0.619767,-0.545112,0.413044,0.384885,0.0003565054,1.03039e-05,-0.0001378572,1.4711e-06,-3.9659e-06,5.45365e-05,0.0234406967,0.0139713296,-3.83522e-05,0.0130169813,-1.4062e-06,0.0028162293,0.507437,6.182927,-0.003007,0.376366,-0.599522,-0.568068,-0.419799
1403636673.11356,4.913422,-7.083492,-0.620121,0.642066,-0.523903,0.418638,0.37151,0.0003528068,1.46372e-05,-0.0001414561,1.4916e-06,-5.9275e-06,5.7955e-05,0.0233384917,0.0137213659,-4.96323e-05,0.0128031402,-1.76123e-05,0.0028156891,0.554976,6.159534,-0.035128,0.382947,-0.580522,-0.59223,-0.406956
1403636673.16356,4.903493,-7.082406,-0.620277,0.648679,-0.52149,0.417015,0.365189,0.0003492376,1.46543e-05,-0.0001450984,1.4705e-06,-6.1466e-06,6.15425e-05,0.0232737793,0.0136753734,-4.91352e-05,0.0128024504,-1.7046e-05,0.0028144135,0.563778,6.156708,-0.038122,0.381943,-0.578683,-0.599015,-0.400539
1403636673.21356,4.894924,-7.081522,-0.619282,0.655749,-0.520303,0.413549,0.358127,0.0003440895,1.4745e-05,-0.0001500319,1.4566e-06,-6.4705e-06,6.66698e-05,0.0232637202,0.013643978,-4.26677e-05,0.012776837,-1.97187e-05,0.0028101046,0.571411,6.154491,-0.039333,0.379164,-0.578108,-0.606146,-0.393216
1403636673.31356,4.882268,-7.086396,-0.61126,0.667889,-0.518644,0.406217,0.346295,0.0003342644,1.52199e-05,-0.0001585263,1.4541e-06,-7.2321e-06,7.63161e-05,0.0232215793,0.0136288888,-2.97637e-05,0.0127140601,-8.9874e-06,0.0027950714,0.582795,6.154744,-0.03717,0.37304,-0.577481,-0.618343,-0.380804
1403636673.61356,4.88985,-7.137833,-0.592924,0.67272,-0.506017,0.415755,0.344301,0.0003387565,1.58726e-05,-0.0001548444,1.4804e-06,-7.264e-06,7.18689e-05,0.0235620788,0.0137366401,-2.9823e-05,0.0128317438,-3.3282e-06,0.0028001151,0.584279,6.214076,-0.025777,0.382723,-0.565305,-0.624267,-0.379799
1403636673.66346,4.887367,-7.192131,-0.594279,0.6701,-0.502802,0.420897,0.347853,0.0003431786,1.60917e-05,-0.0001508525,1.3901e-06,-7.1196e-06,6.7113e-05,0.023530405,0.0138505377,-1.63846e-05,0.0126041616,2.13354e-05,0.0027647229,0.579893,6.231834,-0.027129,0.387791,-0.561555,-0.622052,-0.383834
1403636673.76344,4.907284,-7.23543,-0.60166,0.664288,-0.495114,0.432176,0.356101,0.0003527488,1.71247e-05,-0.0001414355,1.4628e-06,-6.9157e-06,5.74738e-05,0.0239503542,0.0140257591,-1.60131e-05,0.0126293585,1.89698e-05,0.0027629901,0.566859,6.271151,-0.03099,0.398262,-0.553424,-0.616932,-0.393077
1403636673.86344,4.932042,-7.272753,-0.603268,0.660507,-0.490467,0.439673,0.360361,0.0003585203,1.71075e-05,-0.0001351942,1.4447e-06,-6.5017e-06,5.17363e-05,0.0241877914,0.0141793254,-1.54809e-05,0.0127209723,1.87919e-05,0.0027629068,0.548473,6.309778,-0.033381,0.405346,-0.548506,-0.613523,-0.398027
1403636673.96345,4.960277,-7.312152,-0.605209,0.661997,-0.489094,0.438308,0.361155,0.0003580144,1.8949e-05,-0.0001355476,1.6315e-06,-7.2257e-06,5.20765e-05,0.0244066116,0.0143422335,-1.56227e-05,0.0128373181,1.81664e-05,0.0027621739,0.524722,6.350438,-0.032256,0.403854,-0.547344,-0.615009,-0.398849
1403636674.11346,5.017138,-7.367715,-0.606954,0.661684,-0.491376,0.438878,0.357925,0.0003572681,1.61812e-05,-0.0001367994,1.3647e-06,-6.2461e-06,5.31457e-05,0.0247432868,0.0146169673,-1.55683e-05,0.013055145,1.78411e-05,0.0027622345,0.478241,6.415044,-0.033408,0.40473,-0.549629,-0.614372,-0.395789
1403636674.36346,5.13499,-7.453666,-0.6431,0.65097,-0.498857,0.454831,0.347143,0.0003618845,-7.613e-07,-0.0001325955,6.415e-07,2.4e-07,4.935e-05,0.0252437305,0.0151344717,-1.60102e-05,0.013534287,1.74923e-05,0.0027630438,0.37789,6.523489,-0.066151,0.421657,-0.556121,-0.602953,-0.386505
1403636674.46345,5.187842,-7.485792,-0.669085,0.64902,-0.499728,0.465302,0.335468,0.0003624966,-1.1457e-05,-0.0001314094,1.0027e-06,4.1208e-06,4.84041e-05,0.0254546423,0.0153576642,-1.62205e-05,0.0137434703,1.74576e-05,0.0027630854,0.333059,6.564618,-0.090763,0.433212,-0.556805,-0.600874,-0.375831
1403636674.61345,5.263007,-7.535513,-0.71698,0.653844,-0.490133,0.476288,0.324665,0.0003639696,-1.64007e-05,-0.0001291574,1.382e-06,5.7899e-06,4.66016e-05,0.025734416,0.0156779235,-1.6812e-05,0.0140569813,1.76779e-05,0.002763478,0.269074,6.623962,-0.137943,0.445268,-0.547648,-0.606468,-0.366082
1403636674.66345,5.286765,-7.554309,-0.734137,0.656261,-0.48564,0.478171,0.323771,0.0003647136,-1.52887e-05,-0.0001283765,1.2818e-06,5.3492e-06,4.59537e-05,0.0258582531,0.0157932305,-1.71045e-05,0.0141574474,1.78985e-05,0.0027631787,0.249357,6.643548,-0.155695,0.447324,-0.543351,-0.609254,-0.365353
1403636674.76347,5.33242,-7.593258,-0.768293,0.66298,-0.482714,0.477222,0.31576,0.0003613382,-1.62362e-05,-0.0001322575,1.3622e-06,5.9088e-06,4.91746e-05,0.0260594535,0.0159949425,-1.80761e-05,0.0143405887,1.90648e-05,0.0027624456,0.212394,6.681926,-0.196471,0.447298,-0.541086,-0.615953,-0.357429
1403636674.81347,5.352757,-7.610596,-0.788772,0.668016,-0.48362,0.473265,0.309656,0.0003567641,-1.68161e-05,-0.0001373851,1.4244e-06,6.4414e-06,5.36798e-05,0.0262112281,0.0161165289,-1.83644e-05,0.0144374202,1.93589e-05,0.0027621642,0.195534,6.700762,-0.217697,0.44399,-0.542376,-0.62091,-0.350974
1403636674.91348,5.389951,-7.646621,-0.824174,0.677014,-0.485949,0.464736,0.29921,0.0003478206,-1.75108e-05,-0.000146422,1.5084e-06,7.3386e-06,6.24338e-05,0.0264267965,0.0163059383,-1.92867e-05,0.0145987971,2.01839e-05,0.0027613885,0.164468,6.741439,-0.256021,0.436575,-0.545344,-0.629713,-0.339803
1403636674.96348,5.408302,-7.666552,-0.839657,0.681004,-0.48691,0.460271,0.295472,0.0003436852,-1.71445e-05,-0.000150346,1.4804e-06,7.4662e-06,6.65717e-05,0.0265575218,0.0164052151,-1.95995e-05,0.0146747438,2.05684e-05,0.0027611638,0.150339,6.763949,-0.272486,0.432549,-0.546571,-0.633643,-0.33565
1403636675.01348,5.426248,-7.688173,-0.85225,0.683722,-0.488224,0.457057,0.291993,0.0003402937,-1.75175e-05,-0.0001533294,1.5259e-06,7.8591e-06,6.9896e-05,0.0266915694,0.0165070538,-1.98715e-05,0.0147528723,2.08883e-05,0.0027610392,0.136902,6.788576,-0.286181,0.429733,-0.548042,-0.636277,-0.331863
1403636675.41344,5.585826,-7.943773,-0.873533,0.697053,-0.462014,0.442575,0.323708,0.0003448269,1.58573e-05,-0.0001494974,1.3712e-06,-6.9375e-06,6.56229e-05,0.0282719004,0.0175322795,-2.14643e-05,0.0154327229,2.26346e-05,0.002761706,0.030393,7.066978,-0.31279,0.41263,-0.523063,-0.651949,-0.362091
1403636675.51343,5.641777,-8.022767,-0.871022,0.695688,-0.449558,0.453651,0.328811,0.000352885,1.89035e-05,-0.0001411386,1.6515e-06,-7.624e-06,5.72368e-05,0.0287998496,0.0179148841,-2.11004e-05,0.0157139658,2.31381e-05,0.0027610196,-0.009429,7.151155,-0.309515,0.423243,-0.510434,-0.651783,-0.368135
1403636675.71344,5.770759,-8.176831,-0.884089,0.698491,-0.424048,0.471627,0.331455,0.000362953,2.43624e-05,-0.0001289998,2.2826e-06,-8.7226e-06,4.66309e-05,0.0298041224,0.0186801799,-2.22489e-05,0.0163103074,2.45303e-05,0.0027621565,-0.107669,7.306252,-0.3163,0.440913,-0.485217,-0.656889,-0.372372
1403636675.81345,5.844185,-8.246549,-0.901163,0.697475,-0.416285,0.488665,0.3185,0.0003682617,1.45887e-05,-0.0001238073,1.218e-06,-4.9575e-06,4.23963e-05,0.0302652646,0.019081817,-2.22047e-05,0.0166554959,2.56686e-05,0.0027617534,-0.1668,7.381042,-0.328633,0.45905,-0.47736,-0.656625,-0.36091
1403636675.86346,5.882289,-8.2794,-0.912309,0.696243,-0.414758,0.499053,0.306868,0.0003703298,5.2533e-06,-0.0001218057,7.092e-07,-1.7727e-06,4.08332e-05,0.0304796223,0.0192827943,-2.2077e-05,0.0168366446,2.63308e-05,0.0027614145,-0.198054,7.417422,-0.33738,0.470424,-0.475709,-0.655566,-0.350214
1403636675.91346,5.92007,-8.310708,-0.925194,0.696963,-0.414306,0.506986,0.292504,0.0003700249,-4.7387e-06,-0.0001222409,6.916e-07,1.5288e-06,4.11561e-05,0.0306888249,0.019481309,-2.20325e-05,0.0170179447,2.7057e-05,0.0027612737,-0.229455,7.452709,-0.34825,0.479592,-0.475317,-0.656343,-0.336592
1403636676.21345,6.12957,-8.495619,-1.020708,0.732391,-0.369214,0.512406,0.254411,0.0003619095,-2.0843e-06,-0.0001326762,6.488e-07,7.356e-07,4.94586e-05,0.0319350254,0.0206152022,-2.44975e-05,0.0180419029,3.09335e-05,0.0027646354,-0.401352,7.653715,-0.433516,0.488418,-0.433526,-0.695677,-0.299244
1403636676.26345,6.162604,-8.526702,-1.037342,0.74124,-0.354411,0.509235,0.256194,0.0003604482,7.3628e-06,-0.000134199,7.847e-07,-2.7743e-06,5.07877e-05,0.0321493162,0.020802956,-2.46214e-05,0.0182068386,3.20492e-05,0.0027646346,-0.427868,7.686447,-0.449978,0.485087,-0.419601,-0.705826,-0.300754
1403636676.31345,6.196241,-8.556949,-1.054716,0.749538,-0.341569,0.50691,0.254098,0.0003581147,1.33895e-05,-0.0001363954,1.1334e-06,-5.1347e-06,5.27796e-05,0.0323592978,0.0209911627,-2.48059e-05,0.0183755667,3.31138e-05,0.0027647706,-0.455069,7.718677,-0.467136,0.482947,-0.407563,-0.715254,-0.29846
1403636676.46345,6.304513,-8.642453,-1.099358,0.767642,-0.303086,0.507887,0.24681,0.0003549773,2.72356e-05,-0.0001378555,2.7251e-06,-1.06146e-05,5.43785e-05,0.0329595708,0.0215716958,-2.65054e-05,0.0189255692,3.6252e-05,0.002766808,-0.544605,7.812304,-0.508932,0.484569,-0.370868,-0.73675,-0.291304
1403636676.56345,6.383987,-8.69096,-1.120444,0.773782,-0.289338,0.515466,0.227683,0.0003550857,2.07476e-05,-0.000138903,1.8462e-06,-8.1428e-06,5.51844e-05,0.0333068457,0.0219657588,-2.76693e-05,0.0193348386,3.83704e-05,0.0027682399,-0.612004,7.868421,-0.528591,0.493828,-0.357743,-0.744126,-0.272869
1403636676.61345,6.426944,-8.713892,-1.127096,0.775382,-0.284379,0.519993,0.217988,0.0003557816,1.62815e-05,-0.0001387609,1.375e-06,-6.3694e-06,5.49647e-05,0.0334672925,0.0221708449,-2.81712e-05,0.0195574305,3.98023e-05,0.0027684701,-0.648407,7.896328,-0.534933,0.499183,-0.35294,-0.746192,-0.263542
1403636676.66345,6.470549,-8.736531,-1.131471,0.775855,-0.280654,0.524715,0.209658,0.0003569562,1.19322e-05,-0.0001379401,1.0257e-06,-4.6236e-06,5.4147e-05,0.0336283969,0.0223811383,-2.87566e-05,0.0197887927,4.11838e-05,0.0027688171,-0.685935,7.924433,-0.538905,0.504611,-0.349264,-0.74703,-0.255606
1403636677.01345,6.774444,-8.892323,-1.13905,0.775897,-0.270417,0.542487,0.174835,0.0003604742,-8.3099e-06,-0.0001344425,8.21e-07,3.1148e-06,5.09806e-05,0.034805196,0.0238683409,-3.58944e-05,0.0214524048,5.04395e-05,0.0027782897,-0.949492,8.115166,-0.533201,0.525348,-0.339035,-0.748049,-0.222458
1403636677.06344,6.812841,-8.90869,-1.143075,0.776731,-0.266649,0.541932,0.178595,0.00036106,-4.2416e-06,-0.0001339727,6.659e-07,1.5897e-06,5.05404e-05,0.0349185623,0.024044957,-3.61284e-05,0.0216614458,5.15554e-05,0.0027776658,-0.985218,8.142542,-0.53826,0.524355,-0.335364,-0.749308,-0.226102
1403636677.21345,6.934616,-8.972987,-1.183339,0.777964,-0.257997,0.540355,0.19033,0.0003625447,6.8781e-06,-0.0001321991,7.419e-07,-2.4976e-06,4.90255e-05,0.0353782413,0.0246362849,-3.97354e-05,0.0223424426,5.63521e-05,0.0027812897,-1.091918,8.22499,-0.573128,0.521687,-0.326867,-0.751359,-0.237616
1403636677.41345,7.098184,-9.045354,-1.240475,0.771254,-0.241027,0.556482,0.193391,0.0003724018,1.19703e-05,-0.0001192657,9.96e-07,-3.8231e-06,3.89939e-05,0.0359358973,0.0254160814,-4.66701e-05,0.023286076,6.31719e-05,0.0027893586,-1.237575,8.321524,-0.621453,0.537415,-0.309379,-0.74622,-0.242135
1403636677.46345,7.134941,-9.054838,-1.247431,0.768857,-0.235286,0.563049,0.190984,0.0003755963,1.15183e-05,-0.0001147407,9.563e-07,-3.5071e-06,3.5834e-05,0.0360075491,0.0255811007,-4.89255e-05,0.0235013424,6.45134e-05,0.0027887502,-1.274373,8.341727,-0.628264,0.544081,-0.303483,-0.744377,-0.240379
1403636677.56345,7.214319,-9.080627,-1.262236,0.767052,-0.224399,0.573264,0.180682,0.0003794886,8.0681e-06,-0.0001091456,7.738e-07,-2.3024e-06,3.21655e-05,0.0361646311,0.0258967005,-5.373e-05,0.0239416059,6.97359e-05,0.002793744,-1.345732,8.375937,-0.636935,0.555189,-0.29246,-0.743546,-0.231035
1403636677.61345,7.252314,-9.091137,-1.266999,0.767818,-0.219351,0.576598,0.172845,0.0003800885,5.1471e-06,-0.0001083996,6.691e-07,-1.4454e-06,3.16852e-05,0.036248974,0.026060046,-5.62479e-05,0.0241661116,7.29999e-05,0.0027960629,-1.380237,8.390309,-0.639061,0.559219,-0.287491,-0.744763,-0.223529
1403636677.66345,7.289892,-9.100529,-1.269117,0.769956,-0.214327,0.578142,0.164266,0.0003796629,2.2431e-06,-0.0001092145,6.107e-07,-6.185e-07,3.21851e-05,0.0363239761,0.026214903,-5.8979e-05,0.0243849559,7.62968e-05,0.0027983674,-1.413849,8.403262,-0.639412,0.561544,-0.28266,-0.747332,-0.215112
1403636677.71344,7.323426,-9.104832,-1.260849,0.77219,-0.209093,0.579911,0.153969,0.0003790956,-1.5853e-06,-0.0001101526,6e-07,4.904e-07,3.27695e-05,0.0363879611,0.026367,-6.01373e-05,0.0245976345,7.72967e-05,0.0027963933,-1.446188,8.414439,-0.638293,0.56419,-0.277616,-0.75005,-0.205063
1403636677.86344,7.41873,-9.119795,-1.25817,0.78591,-0.193371,0.575729,0.116144,0.0003712326,-1.53982e-05,-0.0001207574,1.2365e-06,5.0545e-06,4.00477e-05,0.0365090854,0.0267351154,-6.63955e-05,0.0251676057,8.39995e-05,0.0028038754,-1.533713,8.439917,-0.629807,0.563428,-0.263165,-0.765118,-0.167039
1403636677.91344,7.446951,-9.123077,-1.25482,0.791146,-0.186952,0.573204,0.102826,0.0003677886,-1.97994e-05,-0.0001247445,1.6621e-06,6.7677e-06,4.30745e-05,0.0365424825,0.0268449346,-6.74469e-05,0.0253380079,8.60802e-05,0.0028055337,-1.559939,8.447507,-0.625548,0.562094,-0.257248,-0.770915,-0.15355
1403636677.96344,7.476455,-9.117504,-1.243079,0.795304,-0.178982,0.57196,0.091208,0.0003653313,-2.29242e-05,-0.0001273519,2.0051e-06,8.0492e-06,4.51486e-05,0.0365663094,0.0269609292,-7.13992e-05,0.0254850444,8.61743e-05,0.0028025003,-1.584985,8.45551,-0.620196,0.561708,-0.249834,-0.775865,-0.141817
1403636678.06343,7.499405,-9.101184,-1.211745,0.802217,-0.158762,0.570538,0.07569,0.0003630205,-2.25985e-05,-0.0001302702,1.9591e-06,8.1639e-06,4.74865e-05,0.0365776469,0.0271902547,-5.76076e-05,0.0257933354,7.24162e-05,0.0027918827,-1.631553,8.474795,-0.6106,0.561361,-0.230542,-0.78467,-0.126662
1403636678.11343,7.519508,-9.104438,-1.205091,0.804157,-0.147258,0.57114,0.073794,0.0003638034,-1.88832e-05,-0.0001299343,1.5261e-06,6.7958e-06,4.71343e-05,0.0364135019,0.0271051928,-5.35702e-05,0.0257491471,6.83531e-05,0.0027891467,-1.653243,8.486169,-0.607308,0.562071,-0.2193,-0.787651,-0.124893
1403636678.21343,7.562442,-9.119966,-1.199916,0.807422,-0.12642,0.571523,0.073818,0.0003648102,-9.5413e-06,-0.000129779,7.893e-07,3.4415e-06,4.68811e-05,0.0365256421,0.0273071556,-4.98735e-05,0.0260029843,6.53317e-05,0.0027874141,-1.694047,8.511767,-0.605355,0.562414,-0.198905,-0.792779,-0.125034
1403636678.26343,7.592708,-9.13909,-1.205535,0.808718,-0.117097,0.571711,0.073557,0.0003651013,-5.6053e-06,-0.0001296548,6.076e-07,2.0246e-06,4.67326e-05,0.0365298287,0.0274287633,-3.33403e-05,0.0260818614,4.79108e-05,0.0027761795,-1.713425,8.525143,-0.60576,0.562679,-0.189763,-0.794872,-0.124769
1403636678.31343,7.615418,-9.148955,-1.202598,0.809718,-0.108548,0.572287,0.071141,0.0003652988,-3.3587e-06,-0.0001295109,5.491e-07,1.2248e-06,4.65868e-05,0.0366519542,0.027605503,-2.88952e-05,0.0262611288,4.54086e-05,0.0027741569,-1.732412,8.538331,-0.605746,0.56347,-0.181474,-0.796615,-0.122383
1403636678.41343,7.641051,-9.15186,-1.188542,0.811626,-0.095054,0.573324,0.059392,0.0003649602,-4.4959e-06,-0.0001299154,5.599e-07,1.6367e-06,4.68894e-05,0.0367707604,0.027843638,-2.43815e-05,0.0265238958,4.07361e-05,0.0027692294,-1.769599,8.56393,-0.601808,0.565322,-0.168273,-0.799855,-0.111049
1403636678.61343,7.725715,-9.189498,-1.160822,0.81544,-0.062017,0.574336,0.036748,0.0003644963,-4.1321e-06,-0.0001306113,5.452e-07,1.5235e-06,4.74253e-05,0.0369187585,0.0281439171,-2.2501e-05,0.0269233185,3.88116e-05,0.0027689907,-1.841529,8.61285,-0.574296,0.568233,-0.135759,-0.80674,-0.088652
1403636678.91343,7.833621,-9.230692,-1.12584,0.818221,0.024553,0.573658,0.028798,0.0003616397,2.94328e-05,-0.0001309809,2.8861e-06,-1.06253e-05,4.80329e-05,0.0372362421,0.028705633,-2.0497e-05,0.0276627047,3.72188e-05,0.0027691681,-1.944084,8.673575,-0.541991,0.568295,-0.0496,-0.81734,-0.080905
1403636678.96343,7.847563,-9.232798,-1.124479,0.818464,0.035828,0.572876,0.02543,0.000360527,3.2105e-05,-0.0001316907,3.3378e-06,-1.16927e-05,4.86788e-05,0.0372458741,0.0287475845,-1.99531e-05,0.0277205582,3.73266e-05,0.002768325,-1.961317,8.679118,-0.542462,0.567745,-0.038397,-0.81864,-0.077628
1403636679.11343,7.891676,-9.226991,-1.128366,0.814985,0.060117,0.576351,0.002065,0.0003630814,2.83802e-05,-0.0001295519,2.6794e-06,-1.00938e-05,4.67696e-05,0.037195242,0.0289068104,-1.70827e-05,0.028021856,3.70286e-05,0.0027655162,-2.013634,8.682874,-0.550305,0.573311,-0.01378,-0.817391,-0.054808
1403636679.16342,7.907631,-9.222373,-1.132418,-0.813212,-0.065323,-0.578192,0.010587,0.0003651178,2.27798e-05,-0.0001281846,1.872e-06,-7.9643e-06,4.55311e-05,0.0371509812,0.0289181746,-1.64685e-05,0.0280714424,3.72684e-05,0.0027647638,-2.030821,8.680065,-0.555572,0.576299,-0.008417,-0.816103,-0.04239
1403636679.46342,7.989747,-9.16905,-1.147335,-0.801062,-0.108793,-0.582549,0.084261,0.0003729132,-3.088e-06,-0.0001201845,4.536e-07,1.0357e-06,3.92055e-05,0.0367688572,0.0290421754,-1.55109e-05,0.0285719419,3.81054e-05,0.0027639191,-2.120297,8.641845,-0.571838,0.587302,0.035918,-0.80801,0.030565
1403636679.51342,7.999645,-9.160595,-1.143491,-0.800179,-0.118513,-0.580709,0.091893,0.0003725352,-3.5311e-06,-0.0001207286,4.61e-07,1.1837e-06,3.95953e-05,0.0367037288,0.0290613169,-1.55854e-05,0.0286560736,3.80517e-05,0.0027641924,-2.131813,8.6351,-0.568723,0.586161,0.045679,-0.808003,0.03833
1403636679.61342,8.017912,-9.145254,-1.130697,-0.799084,-0.133901,-0.576799,0.104109,0.0003714572,-4.4904e-06,-0.000122223,4.682e-07,1.5159e-06,4.06655e-05,0.0365903153,0.0290762486,-1.51929e-05,0.028767783,3.88403e-05,0.0027636836,-2.15267,8.622886,-0.557617,0.583382,0.061113,-0.808308,0.05084
1403636679.76342,8.035951,-9.128446,-1.099941,-0.798994,-0.150758,-0.571185,0.112376,0.0003691058,-2.7215e-06,-0.0001254942,4.354e-07,9.616e-07,4.31198e-05,0.0364722364,0.0290920088,-1.5483e-05,0.0288902844,3.8671e-05,0.0027648373,-2.174999,8.609278,-0.530037,0.578537,0.077901,-0.80974,0.059569
1403636679.81342,8.040459,-9.124281,-1.08548,-0.796329,-0.154383,-0.573655,0.113776,0.000370796,-1.4527e-06,-0.0001233215,4.21e-07,5.19e-07,4.14662e-05,0.0364427078,0.0290944004,-1.56061e-05,0.028918531,3.85728e-05,0.0027653047,-2.180646,8.605911,-0.516741,0.581129,0.081746,-0.807415,0.060735
1403636680.01342,8.05734,-9.108798,-1.007482,-0.787266,-0.168612,-0.584155,0.102695,0.0003752897,1.40114e-05,-0.0001163931,9.2e-07,-4.3189e-06,3.6541e-05,0.0363249965,0.0290996952,-1.64166e-05,0.0290201271,3.81328e-05,0.0027676133,-2.200538,8.592526,-0.44501,0.590609,0.096781,-0.799654,0.048714
1403636680.06342,8.058156,-9.104852,-0.984936,-0.786127,-0.172941,-0.585566,0.095958,0.0003748527,2.04173e-05,-0.0001161095,1.5077e-06,-6.2984e-06,3.64063e-05,0.0363022305,0.0290957807,-1.65904e-05,0.0290313494,3.79436e-05,0.0027683658,-2.201983,8.588591,-0.423834,0.59139,0.101216,-0.798914,0.041877
1403636680.21342,8.048806,-9.086358,-0.920796,-0.783972,-0.178567,-0.588549,0.084328,0.0003741767,3.07086e-05,-0.0001149209,2.9153e-06,-9.4065e-06,3.57352e-05,0.0361741446,0.0290032732,-1.74444e-05,0.0289709256,3.74796e-05,0.0027712557,-2.196694,8.569001,-0.364399,0.59329,0.107013,-0.797278,0.030038
1403636680.31343,8.031973,-9.066946,-0.885503,-0.781735,-0.178468,-0.592026,0.080901,0.0003754172,3.34652e-05,-0.0001123671,3.3665e-06,-9.9964e-06,3.40596e-05,0.0360375325,0.0288867229,-1.76373e-05,0.0288709446,3.70909e-05,0.0027733906,-2.185243,8.547733,-0.332035,0.596374,0.107173,-0.795088,0.026276
1403636680.36343,8.021625,-9.055484,-0.871827,-0.782681,-0.181122,-0.590801,0.074568,0.0003733686,3.82335e-05,-0.0001139292,4.2961e-06,-1.1646e-05,3.51895e-05,0.0359542382,0.0288070485,-1.78105e-05,0.028794695,3.7004e-05,0.0027745111,-2.177094,8.534832,-0.318873,0.594557,0.109752,-0.796277,0.020079
1403636680.51343,7.978351,-9.010129,-0.838098,-0.787667,-0.183955,-0.584722,0.061981,0.0003672736,4.57591e-05,-0.0001198807,6.082e-06,-1.49178e-05,3.95609e-05,0.035634843,0.0285058752,-1.9012e-05,0.028514155,3.69413e-05,0.0027788353,-2.143732,8.484057,-0.288442,0.587355,0.11214,-0.801482,0.008106
1403636680.61343,7.941328,-8.968258,-0.824066,-0.790206,-0.178689,-0.582615,0.064843,0.0003673193,4.11949e-05,-0.0001215247,4.9982e-06,-1.3609e-05,4.06356e-05,0.0353389154,0.028241724,-1.99577e-05,0.0282791881,3.73779e-05,0.0027815566,-2.115609,8.438274,-0.275112,0.585507,0.106682,-0.80354,0.011153
1403636680.71343,7.898674,-8.917779,-0.815962,-0.792635,-0.173256,-0.580529,0.068546,0.0003674439,3.60571e-05,-0.0001230422,3.9132e-06,-1.20543e-05,4.16301e-05,0.0349769638,0.0279282884,-2.11467e-05,0.0280075917,3.80956e-05,0.00278387,-2.083815,8.383391,-0.266615,0.58377,0.101086,-0.805463,0.015034
1403636680.76344,7.876268,-8.889611,-0.81568,-0.79523,-0.167111,-0.577897,0.075611,0.0003677409,2.84333e-05,-0.0001246657,2.5703e-06,-9.6179e-06,4.26874e-05,0.0347783901,0.0277589396,-2.16149e-05,0.0278614519,3.87005e-05,0.0027839051,-2.066538,8.352752,-0.26418,0.581797,0.094745,-0.807496,0.022322
1403636680.81344,7.852681,-8.86059,-0.815174,-0.797416,-0.160791,-0.575616,0.083305,0.0003680825,2.04204e-05,-0.0001258149,1.5033e-06,-6.9579e-06,4.34282e-05,0.0345680332,0.0275834686,-2.25006e-05,0.0277145303,3.91879e-05,0.0027842082,-2.048724,8.320466,-0.262197,0.580246,0.088292,-0.809082,0.030194
1403636680.86343,7.819694,-8.836707,-0.819354,-0.799997,-0.153342,-0.572609,0.092792,0.0003679268,1.07787e-05,-0.0001272254,6.737e-07,-3.7117e-06,4.44033e-05,0.0343443619,0.0274030713,-2.33776e-05,0.0275587083,3.76032e-05,0.0027826521,-2.030367,8.287088,-0.26122,0.578083,0.0807,-0.81101,0.039728
1403636680.91343,7.808603,-8.803212,-0.82409,-0.803765,-0.146372,-0.567632,0.101643,0.0003661895,9.884e-07,-0.0001298361,3.474e-07,-3.356e-07,4.64248e-05,0.0341602882,0.0272042676,-1.74819e-05,0.0273371369,3.68149e-05,0.0027727295,-2.01167,8.253106,-0.261718,0.574045,0.073291,-0.814059,0.049165
1403636681.11344,7.718857,-8.682484,-0.837775,-0.821296,-0.142729,-0.542333,0.104768,0.0003497011,-6.4841e-06,-0.0001477914,4.654e-07,2.7547e-06,6.28749e-05,0.03328661,0.026534309,-1.74661e-05,0.0268259049,3.60359e-05,0.0027735817,-1.940961,8.120403,-0.279041,0.549184,0.067975,-0.831152,0.054448
1403636681.1634,7.702024,-8.653747,-0.84757,-0.821377,-0.144097,-0.542234,0.10275,0.0003494797,-4.7086e-06,-0.0001480901,4.077e-07,2.0066e-06,6.3166e-05,0.0330877791,0.0263989124,-1.74165e-05,0.0267394357,3.60016e-05,0.0027728193,-1.926452,8.08833,-0.28469,0.549009,0.069308,-0.831283,0.052482
1403636681.21339,7.6859,-8.623835,-0.854615,-0.817974,-0.147073,-0.547256,0.098991,0.0003525326,-3.256e-07,-0.0001451743,3.443e-07,1.417e-07,6.01936e-05,0.0328881152,0.0262597732,-1.74657e-05,0.0266477797,3.60916e-05,0.0027725962,-1.913788,8.056226,-0.289855,0.55374,0.072546,-0.828118,0.048299
1403636681.91335,7.445311,-8.178176,-0.856223,-0.795451,-0.157445,-0.576405,0.101127,0.0003717236,7.9839e-06,-0.0001230869,5.351e-07,-2.6466e-06,4.11743e-05,0.0299538572,0.0240912595,-1.95529e-05,0.0251169858,3.53603e-05,0.0027776983,-1.746929,7.577545,-0.289091,0.583105,0.084695,-0.806552,0.047838
1403636681.96335,7.427891,-8.144683,-0.854554,-0.795398,-0.157463,-0.576182,0.102772,0.0003717748,7.0713e-06,-0.0001230969,4.96e-07,-2.3465e-06,4.11744e-05,0.0296899781,0.0239462611,-1.90881e-05,0.0250698469,3.56156e-05,0.0027771136,-1.73224,7.541907,-0.287089,0.583086,0.084678,-0.806465,0.049538
1403636682.36335,7.244716,-7.880679,-0.807862,-0.807007,-0.155296,-0.558912,0.110639,0.0003622408,-1.876e-06,-0.0001353792,3.862e-07,6.958e-07,5.10438e-05,0.0280278208,0.022592505,-2.06136e-05,0.0240028446,3.53475e-05,0.0027814679,-1.597843,7.257438,-0.237363,0.566672,0.081448,-0.817786,0.058967
1403636682.56335,7.159483,-7.75526,-0.797451,-0.803219,-0.154597,-0.565237,0.106984,0.0003659275,1.2051e-06,-0.0001311558,3.878e-07,-4.414e-07,4.74596e-05,0.0272290851,0.0219521171,-2.09983e-05,0.0235125173,3.56711e-05,0.0027829275,-1.534123,7.119657,-0.23077,0.572752,0.081036,-0.813878,0.054703
1403636682.61336,7.138318,-7.721369,-0.79596,-0.800933,-0.155102,-0.568599,0.105573,0.0003678492,2.8364e-06,-0.0001287656,4.024e-07,-1.0041e-06,4.55163e-05,0.0270368143,0.0218149547,-2.08546e-05,0.0234060519,3.51608e-05,0.002781826,-1.518812,7.085134,-0.231487,0.576046,0.081515,-0.811618,0.052945
1403636682.66336,7.121131,-7.689932,-0.795434,-0.798976,-0.154748,-0.571673,0.104309,0.0003695973,4.0592e-06,-0.0001265335,4.249e-07,-1.4027e-06,4.3758e-05,0.0268268577,0.0216531914,-2.07579e-05,0.0232844224,3.51646e-05,0.0027817313,-1.503355,7.050543,-0.233124,0.57904,0.081249,-0.80961,0.051413
1403636682.86336,7.037739,-7.564166,-0.791812,-0.794513,-0.150749,-0.578915,0.104311,0.00037403,3.5004e-06,-0.0001207701,4.212e-07,-1.1454e-06,3.94359e-05,0.026066265,0.0210463414,-2.13909e-05,0.022824611,3.54844e-05,0.0027835677,-1.438616,6.9128,-0.230945,0.586324,0.077576,-0.804757,0.050728
1403636683.16335,6.894577,-7.373802,-0.76059,-0.794751,-0.153383,-0.579057,0.097667,0.0003733751,8.8099e-06,-0.0001216123,6.091e-07,-2.8893e-06,4.00628e-05,0.0249514386,0.0200957058,-2.30249e-05,0.0220412273,3.59297e-05,0.0027864046,-1.322736,6.70125,-0.201294,0.585915,0.080035,-0.805202,0.044133
1403636683.21335,6.86953,-7.340964,-0.760004,-0.795838,-0.152752,-0.577386,0.099666,0.000372661,7.0054e-06,-0.0001227204,5.319e-07,-2.3271e-06,4.08635e-05,0.0247565753,0.0199309149,-2.32601e-05,0.0219001255,3.59328e-05,0.0027859111,-1.301131,6.664198,-0.200282,0.584448,0.079216,-0.806228,0.046284
1403636683.26335,6.848025,-7.307683,-0.761504,-0.796346,-0.152275,-0.576587,0.100957,0.0003723556,5.8723e-06,-0.0001232013,4.914e-07,-1.9633e-06,4.12125e-05,0.0245598919,0.0197665105,-2.34619e-05,0.0217596283,3.57912e-05,0.0027855476,-1.278986,6.626784,-0.200336,0.58377,0.078792,-0.806674,0.047757
1403636683.51335,6.712207,-7.145317,-0.781608,-0.797346,-0.152948,-0.573817,0.107614,0.0003715972,1.582e-06,-0.0001245134,4.171e-07,-5.512e-07,4.21817e-05,0.0236192572,0.0189401489,-2.44406e-05,0.0210575612,3.60843e-05,0.0027880294,-1.162185,6.438155,-0.217849,0.581621,0.079317,-0.807735,0.054676
1403636683.56335,6.684839,-7.114832,-0.790151,-0.797242,-0.153138,-0.573745,0.108487,0.0003716752,1.134e-06,-0.0001244371,4.131e-07,-4.009e-07,4.21206e-05,0.0234503103,0.0187831967,-2.47136e-05,0.020910237,3.5752e-05,0.0027874239,-1.138156,6.401016,-0.22419,0.581618,0.079477,-0.80766,0.055582
1403636683.91336,6.466104,-6.896758,-0.838119,-0.805335,-0.156582,-0.560671,0.112094,0.0003639951,-1.8614e-06,-0.0001341857,4.339e-07,6.647e-07,4.99451e-05,0.0222270718,0.0176807041,-2.2555e-05,0.0199019667,3.31604e-05,0.0027885806,-0.965306,6.151487,-0.268029,0.568776,0.082111,-0.816153,0.060379
1403636684.06336,6.384428,-6.808074,-0.834465,-0.802618,-0.157437,-0.56371,0.115102,0.0003664323,-2.7983e-06,-0.0001313323,4.51e-07,9.809e-07,4.75475e-05,0.0217433689,0.0171717463,-2.23776e-05,0.0193760185,3.24132e-05,0.0027890703,-0.898339,6.048369,-0.261258,0.572021,0.083136,-0.813569,0.063141
1403636684.11336,6.35156,-6.778776,-0.83064,-0.801416,-0.158435,-0.565041,0.115581,0.0003673088,-2.3678e-06,-0.0001302311,4.437e-07,8.189e-07,4.66448e-05,0.0215907195,0.0170236733,-2.18217e-05,0.0192108149,3.10842e-05,0.0027883287,-0.876076,6.014671,-0.254719,0.573312,0.084138,-0.81253,0.063477
1403636684.26336,6.272337,-6.689599,-0.804516,-0.798702,-0.160039,-0.567751,0.11883,0.0003694632,-3.1069e-06,-0.000127607,4.611e-07,1.0521e-06,4.45457e-05,0.0211271871,0.0165813282,-2.19404e-05,0.0187940925,3.07635e-05,0.0027895773,-0.809871,5.914427,-0.226743,0.57626,0.085985,-0.810002,0.06654
1403636684.31336,6.243889,-6.660348,-0.794894,-0.797241,-0.16099,-0.569502,0.118981,0.0003705787,-2.4062e-06,-0.000126208,4.511e-07,7.983e-07,4.34523e-05,0.0209686762,0.0164300993,-2.22021e-05,0.0186481511,3.07299e-05,0.0027896818,-0.787819,5.881534,-0.215849,0.577967,0.087056,-0.808669,0.066554
1403636684.41336,6.188907,-6.604382,-0.778533,-0.795124,-0.162006,-0.571885,0.120332,0.0003722293,-2.2908e-06,-0.000124102,4.537e-07,7.424e-07,4.1846e-05,0.0206726133,0.0161457795,-2.25449e-05,0.0183780085,3.07009e-05,0.0027905304,-0.742904,5.817391,-0.198853,0.580418,0.088228,-0.806691,0.067682
1403636684.51336,6.13358,-6.549873,-0.769758,-0.794549,-0.16049,-0.572152,0.124808,0.0003729289,-5.6805e-06,-0.0001231172,5.304e-07,1.8551e-06,4.11171e-05,0.0203914266,0.0158662864,-2.29998e-05,0.0181039597,3.07014e-05,0.0027914248,-0.697198,5.755031,-0.18925,0.581051,0.086749,-0.806008,0.072155
1403636684.71336,6.018828,-6.448182,-0.769316,-0.792679,-0.158509,-0.574104,0.13015,0.0003746931,-9.4992e-06,-0.0001206074,6.952e-07,3.0388e-06,3.92991e-05,0.0198812145,0.0153389622,-2.38704e-05,0.0175712281,3.06459e-05,0.0027934824,-0.602762,5.638066,-0.187392,0.583414,0.084928,-0.804014,0.07731
1403636684.81337,5.959227,-6.405485,-0.780167,-0.792033,-0.158863,-0.574938,0.129972,0.0003752068,-9.0738e-06,-0.0001199698,6.732e-07,2.8843e-06,3.88377e-05,0.0196438459,0.0150691633,-2.56695e-05,0.0172703418,3.00292e-05,0.0027935838,-0.552894,5.584413,-0.195607,0.584155,0.08532,-0.803454,0.077109
1403636685.26338,5.668798,-6.240033,-0.820166,-0.797939,-0.168514,-0.56874,0.106921,0.0003688484,8.1557e-06,-0.0001287671,6.632e-07,-2.8718e-06,4.54608e-05,0.0188393501,0.0139860042,-2.52255e-05,0.0159729762,2.82799e-05,0.0027982997,-0.302075,5.368799,-0.227387,0.575745,0.094357,-0.810306,0.054949
1403636685.36338,5.599101,-6.201402,-0.808695,-0.799232,-0.168784,-0.56772,0.102152,0.0003675934,1.11509e-05,-0.0001301379,8.248e-07,-3.973e-06,4.6581e-05,0.0186615832,0.0137129334,-2.49751e-05,0.0156208473,2.73733e-05,0.002798344,-0.243192,5.320069,-0.218167,0.574313,0.094496,-0.811606,0.050304
1403636685.86338,5.256811,-5.991452,-0.822167,-0.79767,-0.163656,-0.571879,0.099468,0.0003701275,1.1234e-05,-0.000127275,8.593e-07,-3.8901e-06,4.4296e-05,0.017690149,0.0124382731,-2.58345e-05,0.0141572087,2.5239e-05,0.0028045204,0.047701,5.055719,-0.23168,0.578239,0.089444,-0.809572,0.047252
1403636685.96339,5.18503,-5.942794,-0.831725,-0.798891,-0.161482,-0.570125,0.10322,0.0003696829,7.6648e-06,-0.0001280836,6.742e-07,-2.6807e-06,4.48975e-05,0.0174348235,0.0121687573,-2.40127e-05,0.0138624178,2.45272e-05,0.0028027794,0.106212,4.998562,-0.249047,0.576985,0.087196,-0.810477,0.05112
1403636686.26339,4.983074,-5.801481,-0.855972,-0.804368,-0.154975,-0.562457,0.112327,0.0003661161,-2.2968e-06,-0.0001328203,5.453e-07,8.112e-07,4.87247e-05,0.016783695,0.0113940532,-2.43657e-05,0.013033302,2.32188e-05,0.0028062192,0.280915,4.824248,-0.27425,0.570177,0.080462,-0.815298,0.060937
1403636686.31339,4.950031,-5.778269,-0.853251,-0.805158,-0.154271,-0.561431,0.112764,0.0003654714,-3.1146e-06,-0.0001335268,5.556e-07,1.1171e-06,4.93207e-05,0.0166726965,0.0112847334,-2.48432e-05,0.0129230053,2.26976e-05,0.002805612,0.308728,4.79587,-0.272338,0.56919,0.07977,-0.816017,0.061448
1403636686.41339,4.885906,-5.7337,-0.845802,-0.806325,-0.153901,-0.559825,0.112913,0.0003644657,-3.6859e-06,-0.0001347174,5.693e-07,1.3421e-06,5.03338e-05,0.0164698735,0.0110514638,-2.51929e-05,0.0126790167,2.2364e-05,0.0028062239,0.362578,4.74026,-0.264354,0.567593,0.079323,-0.817151,0.061727
1403636686.56339,4.793939,-5.668763,-0.841092,-0.808082,-0.153754,-0.557232,0.113383,0.0003628729,-4.5129e-06,-0.000136585,5.945e-07,1.6787e-06,5.19557e-05,0.0161853846,0.0107211634,-2.56846e-05,0.0123352884,2.1975e-05,0.0028076305,0.439456,4.660389,-0.258915,0.565049,0.079023,-0.818888,0.062427
1403636686.61339,4.763157,-5.648408,-0.84156,-0.808136,-0.155137,-0.556943,0.112535,0.0003625927,-3.3973e-06,-0.0001369222,5.691e-07,1.2629e-06,5.22477e-05,0.0160915215,0.0106139777,-2.60819e-05,0.0122223263,2.18661e-05,0.0028073794,0.463823,4.634619,-0.260325,0.564671,0.080375,-0.819084,0.061548
1403636687.11339,4.515156,-5.442616,-0.83743,-0.802779,-0.15398,-0.563687,0.118716,0.0003678788,-6.5303e-06,-0.0001308633,6.808e-07,2.3036e-06,4.71138e-05,0.0152184944,0.0096744777,-2.79373e-05,0.0112936869,2.08912e-05,0.002813513,0.674503,4.386678,-0.259715,0.57198,0.079787,-0.813612,0.067146
1403636687.2134,4.470955,-5.406392,-0.824001,-0.801624,-0.154446,-0.565168,0.118866,0.0003688042,-6.1732e-06,-0.0001297442,6.682e-07,2.1534e-06,4.62036e-05,0.0150619323,0.0095311039,-2.94905e-05,0.0111656707,2.07943e-05,0.0028132825,0.712365,4.341576,-0.246935,0.573466,0.080306,-0.812515,0.067135
1403636687.5134,4.339368,-5.302871,-0.822328,-0.797837,-0.15676,-0.570072,0.1179,0.0003718315,-3.6668e-06,-0.0001261445,6.175e-07,1.2258e-06,4.33624e-05,0.0146482133,0.0090791219,-3.06916e-05,0.010722674,2.0612e-05,0.0028164881,0.822894,4.217005,-0.241547,0.57817,0.082989,-0.809009,0.065858
1403636687.6134,4.311103,-5.265294,-0.834185,-0.797425,-0.15535,-0.570582,0.120068,0.0003723367,-5.5054e-06,-0.0001252468,6.555e-07,1.8398e-06,4.26928e-05,0.0144947243,0.0089330669,-3.1372e-05,0.010572562,2.01336e-05,0.0028139819,0.859887,4.177468,-0.252824,0.578874,0.082164,-0.80838,0.068382
1403636687.6634,4.288258,-5.247521,-0.842268,-0.79739,-0.15499,-0.570523,0.121037,0.0003722961,-6.2907e-06,-0.0001251316,6.722e-07,2.1067e-06,4.26146e-05,0.0143999943,0.0088861047,-3.25574e-05,0.0105479259,1.87433e-05,0.0028123149,0.878785,4.158366,-0.261048,0.578887,0.081995,-0.808293,0.069492
1403636687.7134,4.265371,-5.231835,-0.852576,-0.796534,-0.154278,-0.571615,0.122423,0.0003730486,-7.2982e-06,-0.0001240141,7.068e-07,2.4205e-06,4.17786e-05,0.0143246805,0.0088092529,-3.26848e-05,0.0104705878,1.85628e-05,0.0028120058,0.897896,4.13981,-0.270688,0.580075,0.081456,-0.807374,0.070893
1403636687.96341,4.152681,-5.16384,-0.925383,-0.797127,-0.157586,-0.570579,0.119141,0.0003721543,-3.9802e-06,-0.000125428,6.196e-07,1.3348e-06,4.28362e-05,0.0140508706,0.0084733538,-3.21082e-05,0.010110546,1.71669e-05,0.0028145431,0.994627,4.054248,-0.341045,0.578696,0.084872,-0.808264,0.067958
1403636688.01341,4.131622,-5.15085,-0.941999,-0.796842,-0.158561,-0.571064,0.11742,0.0003721927,-2.3129e-06,-0.0001252856,5.878e-07,7.72e-07,4.27317e-05,0.0139856064,0.008400269,-3.19392e-05,0.0100258294,1.61562e-05,0.0028137126,1.014103,4.038337,-0.358297,0.579021,0.086005,-0.808049,0.066299
1403636688.51341,3.890532,-5.021406,-1.067979,-0.798314,-0.162417,-0.568812,0.112997,0.0003703568,1.6883e-06,-0.000127821,6.139e-07,-5.912e-07,4.4707e-05,0.0134863469,0.0077538195,-2.84335e-05,0.0093024394,1.08621e-05,0.0028203865,1.219781,3.877552,-0.485364,0.576257,0.089874,-0.809918,0.06232
1403636688.61341,3.84167,-4.996867,-1.095696,-0.798167,-0.167991,-0.568959,0.104855,0.0003692713,9.3732e-06,-0.0001288607,8.479e-07,-3.2831e-06,4.5562e-05,0.0133743575,0.0075987985,-2.72476e-05,0.0091353484,9.6616e-06,0.0028209497,1.262064,3.844921,-0.512176,0.575645,0.095557,-0.810286,0.054221
1403636688.9134,3.692383,-4.903854,-1.184695,-0.798658,-0.176173,-0.565278,0.107563,0.0003672564,1.07423e-05,-0.0001312927,9.405e-07,-3.8529e-06,4.7552e-05,0.0130270206,0.0071782354,-2.56855e-05,0.0087074576,4.7876e-06,0.002824592,1.388811,3.729682,-0.601054,0.572156,0.103894,-0.811512,0.057381
1403636688.9634,3.666266,-4.885586,-1.194939,-0.799399,-0.177505,-0.56308,0.111325,0.0003664388,8.5875e-06,-0.000132423,8.271e-07,-3.1138e-06,4.847e-05,0.0129600702,0.0071019856,-2.54633e-05,0.0086334436,4.1768e-06,0.0028244309,1.409744,3.70738,-0.611356,0.570286,0.105259,-0.812362,0.061348
1403636689.2634,3.52854,-4.763644,-1.213384,-0.802289,-0.185763,-0.551698,0.132112,0.0003622652,-2.6585e-06,-0.0001375449,6.602e-07,1.0032e-06,5.28633e-05,0.0125154691,0.0066589878,-2.45709e-05,0.0082334122,-5.801e-07,0.0028284748,1.526407,3.565225,-0.632211,0.560765,0.113373,-0.815951,0.083153
1403636689.3134,3.503571,-4.742184,-1.20465,-0.802836,-0.187307,-0.549959,0.13385,0.0003613604,-3.3707e-06,-0.0001384171,6.656e-07,1.289e-06,5.36574e-05,0.0124262957,0.0066029317,-2.49968e-05,0.0081864769,-2.6602e-06,0.0028256642,1.543453,3.541385,-0.628977,0.559251,0.115002,-0.816564,0.085073
1403636689.4134,3.463516,-4.700975,-1.188844,-0.801996,-0.190325,-0.549633,0.135952,0.0003614439,-3.3903e-06,-0.0001383183,6.68e-07,1.297e-06,5.3571e-05,0.0122753493,0.0064680956,-2.5746e-05,0.0080717538,-3.7256e-06,0.0028259617,1.572571,3.493394,-0.616198,0.559099,0.11825,-0.81597,0.087286
1403636689.4634,3.444289,-4.679052,-1.178056,-0.801595,-0.19086,-0.549679,0.137371,0.0003616776,-4.0098e-06,-0.0001380098,6.786e-07,1.5318e-06,5.32991e-05,0.0121968191,0.0064030606,-2.66608e-05,0.0080193571,-4.2157e-06,0.0028255551,1.58595,3.469574,-0.60681,0.559271,0.118893,-0.8156,0.088756
1403636689.8134,3.322601,-4.537731,-1.095399,-0.813286,-0.183457,-0.531141,0.150993,0.0003507605,-1.93335e-05,-0.0001482296,1.7209e-06,8.1884e-06,6.33153e-05,0.0117184054,0.0060217357,-2.90017e-05,0.0077165007,-5.598e-06,0.0028283188,1.660007,3.310942,-0.522303,0.541908,0.110487,-0.826621,0.104055
1403636689.8634,3.311277,-4.517455,-1.086144,-0.813488,-0.180699,-0.530986,0.15375,0.0003509145,-2.2175e-05,-0.0001476808,2.0575e-06,9.3537e-06,6.28218e-05,0.0116255588,0.005962832,-2.98627e-05,0.0076812686,-5.6053e-06,0.0028285741,1.664638,3.290015,-0.513096,0.542027,0.107694,-0.826559,0.106816
1403636689.9634,3.315822,-4.471807,-1.069172,-0.812453,-0.17258,-0.532935,0.161605,0.0003526202,-3.00449e-05,-0.0001444637,3.2071e-06,1.23446e-05,5.98461e-05,0.0114786754,0.0058826878,-3.75545e-05,0.0076322281,-4.828e-06,0.0028252608,1.668247,3.251169,-0.497179,0.54471,0.10003,-0.82469,0.114769
1403636690.0134,3.319566,-4.453809,-1.060847,-0.811784,-0.171516,-0.534304,0.161581,0.0003534493,-3.02119e-05,-0.0001435495,3.2272e-06,1.23079e-05,5.89589e-05,0.0113794744,0.0058746146,-3.90868e-05,0.0076717557,-4.4084e-06,0.0028249206,1.667403,3.234072,-0.490704,0.546123,0.099059,-0.823886,0.11467
1403636690.1134,3.316178,-4.41477,-1.050949,-0.812111,-0.174216,-0.534949,0.154771,0.0003532825,-2.48882e-05,-0.0001446899,2.3966e-06,1.02329e-05,5.9918e-05,0.0112662809,0.0058467279,-3.99161e-05,0.0076814134,-2.5386e-06,0.002823717,1.661292,3.204763,-0.481293,0.546113,0.101986,-0.824423,0.10811
1403636690.1634,3.319228,-4.399855,-1.046603,-0.812158,-0.177375,-0.535495,0.148938,0.0003531619,-1.98351e-05,-0.000145558,1.7553e-06,8.214e-06,6.06516e-05,0.0111852203,0.0058158811,-4.07148e-05,0.0076806988,-2.268e-06,0.0028237689,1.655919,3.192041,-0.4775,0.546154,0.105146,-0.824743,0.102283
1403636690.41341,3.377576,-4.325664,-1.00855,-0.810909,-0.183068,-0.538763,0.136552,0.0003540377,-9.3154e-06,-0.0001456736,8.953e-07,3.8691e-06,6.0608e-05,0.0109384259,0.0058010408,-3.91301e-05,0.0077616688,-2.9139e-06,0.0028244978,1.604959,3.135404,-0.437288,0.548375,0.111162,-0.823909,0.090018
1403636690.46341,3.390272,-4.312842,-0.998369,-0.810314,-0.182163,-0.53969,0.13763,0.0003546726,-1.00948e-05,-0.0001449078,9.362e-07,4.1634e-06,5.98691e-05,0.0108619884,0.0058305985,-3.88824e-05,0.0078498693,-2.3128e-06,0.002823725,1.590606,3.124753,-0.426855,0.549364,0.110322,-0.823251,0.091029
1403636690.91341,3.562677,-4.214495,-0.996645,-0.798536,-0.145823,-0.553211,0.187171,0.0003649408,-5.34486e-05,-0.0001230302,8.5226e-06,1.8086e-05,4.21342e-05,0.0105541543,0.0059975688,-3.73419e-05,0.0082989655,-3.1086e-06,0.002824091,1.41495,3.06464,-0.415879,0.566977,0.075417,-0.808316,0.139573
1403636691.06341,3.637958,-4.222561,-1.01776,-0.782142,-0.138992,-0.574298,0.197782,0.0003769045,-5.90336e-05,-0.0001030158,9.9546e-06,1.61997e-05,2.87958e-05,0.010557579,0.0061289357,-3.51378e-05,0.0085154997,-1.2783e-06,0.0028221234,1.343202,3.086148,-0.436227,0.588877,0.070108,-0.791397,0.148371
1403636691.36341,3.766005,-4.354688,-1.003818,-0.765603,-0.169058,-0.598971,0.162801,0.0003920192,-1.8736e-05,-9.19159e-05,1.6135e-06,4.4402e-06,2.21996e-05,0.0109795253,0.0065292985,-3.43349e-05,0.0088909411,-3.688e-07,0.0028229386,1.239134,3.23423,-0.425963,0.610463,0.101439,-0.77762,0.111294
1403636691.41342,3.78009,-4.386076,-0.997668,-0.769571,-0.173611,-0.593606,0.158907,0.0003893368,-1.54062e-05,-9.77406e-05,1.3317e-06,3.9143e-06,2.51927e-05,0.0110970646,0.006600757,-3.44022e-05,0.0089245442,-7.803e-07,0.0028225946,1.230511,3.267682,-0.419454,0.604767,0.105637,-0.781981,0.107919
1403636691.51342,3.804649,-4.452494,-0.978522,-0.779776,-0.179151,-0.579294,0.155797,0.000381782,-1.40469e-05,-0.0001109065,1.2486e-06,4.1286e-06,3.28937e-05,0.0113240688,0.0067431702,-3.44126e-05,0.0090000311,-1.4305e-06,0.0028227267,1.21747,3.337261,-0.399686,0.590244,0.110275,-0.792622,0.106123
1403636691.56342,3.814955,-4.487129,-0.965397,-0.782591,-0.180864,-0.574995,0.155631,0.0003794386,-1.40726e-05,-0.0001145383,1.2586e-06,4.2967e-06,3.52578e-05,0.0114428723,0.0068128682,-3.4555e-05,0.0090307036,-2.1733e-06,0.0028224634,1.212459,3.37304,-0.385573,0.585942,0.111729,-0.795575,0.10636
1403636692.01341,3.902374,-4.806553,-0.837448,-0.784151,-0.191502,-0.571581,0.147411,0.0003769857,-4.8256e-06,-0.0001192055,8.389e-07,1.5716e-06,3.84225e-05,0.0126024167,0.0074533002,-3.42816e-05,0.0093068153,-5.1116e-06,0.0028291426,1.193451,3.705491,-0.263072,0.5818,0.122156,-0.798044,0.098557
1403636692.06341,3.909534,-4.841255,-0.828432,-0.784024,-0.190058,-0.571758,0.149257,0.000377318,-6.5628e-06,-0.0001186867,8.966e-07,2.1115e-06,3.80665e-05,0.0127426692,0.0075247582,-3.44947e-05,0.0093333885,-5.582e-06,0.0028305934,1.193942,3.742003,-0.254295,0.58213,0.120738,-0.797793,0.100383
1403636692.11341,3.916224,-4.876387,-0.819045,-0.784419,-0.190864,-0.571395,0.147529,0.0003769204,-5.2282e-06,-0.0001193567,8.599e-07,1.7025e-06,3.85349e-05,0.0128784551,0.0075921835,-3.47379e-05,0.0093571468,-6.1202e-06,0.0028322328,1.195251,3.779273,-0.245077,0.581603,0.121514,-0.798269,0.098692
1403636692.31341,3.938999,-5.014617,-0.76662,-0.78656,-0.195237,-0.569228,0.138511,0.0003745137,1.7472e-06,-0.0001229425,8.154e-07,-5.283e-07,4.11229e-05,0.013427863,0.0078535598,-3.6025e-05,0.0094429956,-8.7759e-06,0.0028404902,1.204102,3.925139,-0.190863,0.578654,0.125697,-0.800793,0.089947
1403636692.36341,3.939616,-5.049982,-0.749751,-0.78742,-0.193454,-0.568149,0.140541,0.0003741845,-5.696e-07,-0.0001234314,8.098e-07,2.363e-07,4.14856e-05,0.0135619751,0.0079121196,-3.64656e-05,0.0094566419,-1.04831e-05,0.002841228,1.209287,3.960851,-0.172404,0.577738,0.123824,-0.801507,0.092049
1403636692.46341,3.947424,-5.116944,-0.715536,-0.78896,-0.194482,-0.566498,0.137111,0.0003727883,1.5878e-06,-0.0001253535,8.19e-07,-4.868e-07,4.2933e-05,0.0138381138,0.0080234415,-3.43717e-05,0.0094741329,-1.11288e-05,0.0028431862,1.219454,4.031125,-0.130667,0.57584,0.124754,-0.803093,0.08881
1403636692.51341,3.943962,-5.152978,-0.695229,-0.78879,-0.196524,-0.567049,0.132827,0.0003723981,5.2443e-06,-0.0001257979,8.887e-07,-1.7255e-06,4.32824e-05,0.0139686622,0.0080834432,-3.59183e-05,0.0094941806,-1.41031e-05,0.0028442289,1.224933,4.06559,-0.107287,0.575984,0.126762,-0.803144,0.084473
1403636692.56341,3.932904,-5.196424,-0.682368,-0.788739,-0.196414,-0.567312,0.132174,0.0003724606,5.621e-06,-0.0001257239,9.01e-07,-1.8487e-06,4.32276e-05,0.0141053118,0.0081242197,-4.25859e-05,0.0094787773,-2.48659e-05,0.0028362741,1.230769,4.099162,-0.082599,0.576139,0.126535,-0.803143,0.08376
1403636692.6634,3.93087,-5.260705,-0.642112,-0.789566,-0.194474,-0.566688,0.132778,0.000372299,3.8447e-06,-0.000125959,8.329e-07,-1.2546e-06,4.33775e-05,0.0143771083,0.0081972316,-3.46309e-05,0.0094191093,-2.00841e-05,0.002823579,1.242928,4.163967,-0.028022,0.575592,0.124285,-0.803775,0.08482
1403636692.76339,3.930465,-5.320972,-0.596692,-0.792164,-0.200196,-0.563401,0.122375,0.0003684353,1.22578e-05,-0.0001303669,1.2056e-06,-4.296e-06,4.69013e-05,0.0146355168,0.0082839788,-3.36045e-05,0.009411037,-2.12588e-05,0.0028238989,1.256599,4.228216,0.025313,0.571403,0.129599,-0.806921,0.074744
1403636693.11339,3.913096,-5.490258,-0.463927,-0.795993,-0.205791,-0.558015,0.112534,0.000363188,1.94772e-05,-0.0001359244,1.8708e-06,-7.2564e-06,5.16743e-05,0.0153295828,0.0085071347,-3.43592e-05,0.0093905634,-2.93999e-05,0.0028296215,1.303686,4.404192,0.175338,0.565125,0.134886,-0.811254,0.065635
1403636693.16339,3.911517,-5.506149,-0.45012,-0.795592,-0.203604,-0.5586,0.116384,0.0003644161,1.63867e-05,-0.0001349311,1.5629e-06,-6.0333e-06,5.07599e-05,0.0154155761,0.0085256823,-3.44744e-05,0.0093724576,-2.96414e-05,0.0028305639,1.309701,4.421576,0.191692,0.566029,0.132823,-0.810646,0.069453
1403636693.26337,3.890081,-5.562144,-0.408202,-0.798733,-0.201944,-0.553844,0.120424,0.00036212,1.18264e-05,-0.0001379897,1.2028e-06,-4.4719e-06,5.33774e-05,0.0155247873,0.0085512036,-2.95276e-05,0.0093416109,-2.26469e-05,0.0028251861,1.32109,4.452709,0.218469,0.561437,0.130658,-0.813775,0.074086
1403636693.31337,3.887381,-5.577737,-0.398117,-0.801574,-0.200531,-0.549589,0.123365,0.0003600119,8.6527e-06,-0.0001405397,1.0252e-06,-3.3406e-06,5.56646e-05,0.0157039395,0.00857164,-2.90605e-05,0.0092843909,-2.30787e-05,0.0028255193,1.326435,4.466605,0.22935,0.557432,0.12891,-0.816497,0.07737
1403636693.66338,3.894447,-5.656143,-0.350551,-0.82001,-0.198345,-0.520741,0.130657,0.0003413994,-2.9498e-06,-0.0001586424,8.636e-07,1.418e-06,7.45902e-05,0.0160124765,0.008692037,-2.9295e-05,0.0093112238,-2.71972e-05,0.0028288895,1.334753,4.543037,0.27914,0.529274,0.125135,-0.834633,0.087176
1403636693.76339,3.91489,-5.672465,-0.340186,-0.816035,-0.198474,-0.52647,0.132378,0.0003457763,-2.7739e-06,-0.0001548357,8.559e-07,1.2887e-06,7.0198e-05,0.0161090579,0.0087652114,-2.83313e-05,0.0093643113,-2.55611e-05,0.0028273914,1.319897,4.558558,0.28937,0.535077,0.125518,-0.830742,0.088369
1403636693.81339,3.926879,-5.677509,-0.335271,-0.812866,-0.198572,-0.531261,0.132592,0.0003493084,-1.8057e-06,-0.0001516481,8.452e-07,8.297e-07,6.66957e-05,0.0161508719,0.0088104716,-2.79101e-05,0.0094074441,-2.55512e-05,0.0028272965,1.309587,4.565504,0.293681,0.539885,0.125922,-0.827581,0.088203
1403636693.91341,3.952615,-5.692976,-0.324984,-0.804016,-0.196984,-0.544135,0.136648,0.000358743,-2.2507e-06,-0.0001421974,8.482e-07,9.372e-07,5.72018e-05,0.0161826057,0.0088832335,-2.7324e-05,0.0094901094,-2.39338e-05,0.0028261801,1.284226,4.577746,0.300785,0.553031,0.124829,-0.818705,0.091111
1403636694.01341,3.983193,-5.699044,-0.32122,-0.794705,-0.195784,-0.557331,0.139621,0.0003677418,-1.5618e-06,-0.0001319913,8.42e-07,6.058e-07,4.81957e-05,0.0162416975,0.0089679829,-2.68526e-05,0.0095793406,-2.36746e-05,0.002825864,1.254877,4.588018,0.304887,0.566361,0.124439,-0.809384,0.093014
1403636694.06342,3.99836,-5.701725,-0.320598,-0.791032,-0.195367,-0.562486,0.140394,0.000371027,-1.0523e-06,-0.0001278646,8.364e-07,4.079e-07,4.48759e-05,0.0162558446,0.0090057382,-2.64514e-05,0.009624143,-2.28765e-05,0.00282493,1.239911,4.592859,0.305521,0.571491,0.124376,-0.805728,0.093447
1403636694.11342,4.013902,-5.703654,-0.320803,-0.78928,-0.195164,-0.564817,0.14117,0.0003725306,-1.0352e-06,-0.0001258725,8.349e-07,3.966e-07,4.33376e-05,0.0162680987,0.0090419788,-2.6156e-05,0.0096684878,-2.25128e-05,0.0028241525,1.225493,4.597773,0.305434,0.573825,0.124462,-0.803974,0.094135
1403636694.26342,4.056519,-5.711906,-0.314485,-0.786539,-0.195782,-0.568375,0.141337,0.0003746965,-2.5e-08,-0.0001229889,8.39e-07,5.66e-08,4.11797e-05,0.0163042326,0.0091497258,-2.53697e-05,0.0098033971,-2.2243e-05,0.002823737,1.185495,4.613157,0.311914,0.577329,0.125423,-0.801312,0.094128
1403636694.31342,4.069955,-5.714473,-0.310155,-0.787529,-0.196144,-0.56694,0.141085,0.0003737338,-5.03e-08,-0.0001242017,8.359e-07,6.65e-08,4.20861e-05,0.0163144906,0.0091824187,-2.47556e-05,0.0098435031,-2.09979e-05,0.0028220186,1.173039,4.618102,0.316949,0.575779,0.125899,-0.802344,0.094197
1403636694.36342,4.082088,-5.717365,-0.304404,-0.789257,-0.195489,-0.5646,0.141721,0.000372419,-1.2829e-06,-0.0001258846,8.402e-07,4.856e-07,4.33652e-05,0.0163271182,0.0092142143,-2.45452e-05,0.0098823967,-2.09457e-05,0.0028216102,1.161442,4.623208,0.323057,0.573455,0.125168,-0.804013,0.095112
1403636694.51342,4.116414,-5.725125,-0.286671,-0.793256,-0.197015,-0.559101,0.139057,0.0003686361,-3.197e-07,-0.0001306786,8.444e-07,1.672e-07,4.7156e-05,0.0163692901,0.0093088692,-2.38772e-05,0.0099977656,-2.10819e-05,0.002821409,1.127615,4.638538,0.340167,0.567627,0.126413,-0.808173,0.093147
1403636694.56342,4.128584,-5.728618,-0.283027,-0.793887,-0.197108,-0.558223,0.138848,0.0003680478,-2.573e-07,-0.0001313387,8.438e-07,1.469e-07,4.77014e-05,0.0163725644,0.0093319629,-2.36914e-05,0.0100290727,-2.10753e-05,0.0028209491,1.11623,4.643409,0.343755,0.566708,0.126512,-0.808813,0.093051
1403636695.31343,4.310452,-5.785639,-0.327057,-0.79419,-0.187078,-0.561821,0.136459,0.0003700676,-2.5416e-06,-0.000128928,8.991e-07,9.521e-07,4.57888e-05,0.016656099,0.0098227329,-2.23577e-05,0.0106004292,-1.74244e-05,0.0028182412,0.947329,4.73166,0.300511,0.569992,0.11685,-0.80824,0.090586
1403636695.41343,4.334162,-5.798712,-0.31566,-0.793844,-0.186808,-0.563108,0.133509,0.0003702594,-7.354e-07,-0.0001285198,8.768e-07,3.245e-07,4.54766e-05,0.0167018909,0.0099086396,-2.20544e-05,0.0107022647,-1.67446e-05,0.0028169514,0.924981,4.749175,0.309951,0.571,0.116835,-0.807849,0.087678
1403636695.46343,4.345527,-5.80489,-0.308382,-0.79344,-0.186776,-0.564002,0.132175,0.0003705044,2.29e-07,-0.0001280469,8.684e-07,-8.5e-09,4.51127e-05,0.0167269843,0.0099443264,-2.177e-05,0.0107410091,-1.63811e-05,0.0028161369,0.914237,4.757863,0.316183,0.571764,0.116974,-0.80743,0.086369
1403636695.91343,4.421274,-5.8602,-0.293451,-0.793221,-0.186167,-0.566088,0.125246,0.0003708298,4.5704e-06,-0.0001276273,9.499e-07,-1.5014e-06,4.4812e-05,0.0169720755,0.0101965171,-2.02146e-05,0.0109904597,-1.40803e-05,0.0028166146,0.832208,4.818633,0.328721,0.573226,0.116126,-0.807248,0.079229
1403636695.96343,4.430194,-5.864908,-0.296165,-0.794629,-0.185358,-0.564193,0.126071,0.0003697089,3.2879e-06,-0.0001289514,9.143e-07,-1.0742e-06,4.58572e-05,0.0169973225,0.0102286405,-2.02072e-05,0.0110230345,-1.37645e-05,0.0028158333,0.825338,4.823523,0.324044,0.571412,0.115149,-0.808579,0.080183
1403636696.01343,4.437809,-5.869689,-0.300827,-0.796257,-0.184168,-0.562096,0.126903,0.0003684648,1.7881e-06,-0.0001304242,8.887e-07,-5.586e-07,4.70424e-05,0.0170169241,0.0102560847,-2.01409e-05,0.011052555,-1.34238e-05,0.0028153137,0.818666,4.828206,0.318379,0.569383,0.113786,-0.810106,0.081147
1403636696.06342,4.44712,-5.873757,-0.305167,-0.798441,-0.18413,-0.559225,0.12592,0.0003664561,1.754e-06,-0.0001327246,8.829e-07,-5.607e-07,4.89465e-05,0.0170366443,0.0102806245,-2.03801e-05,0.0110769694,-1.31957e-05,0.0028145391,0.812067,4.832678,0.311783,0.566457,0.113655,-0.812243,0.080451
1403636696.11342,4.454828,-5.87798,-0.311732,-0.800501,-0.185209,-0.556518,0.123218,0.0003642388,3.287e-06,-0.0001352288,9.006e-07,-1.1464e-06,5.10827e-05,0.0170532957,0.0103091969,-2.0315e-05,0.0111103117,-1.28664e-05,0.0028141004,0.804858,4.836867,0.304722,0.563516,0.114553,-0.814401,0.077977
1403636696.16342,4.461553,-5.881654,-0.318636,-0.801187,-0.187056,-0.555634,0.119917,0.0003630893,5.9613e-06,-0.0001363864,9.638e-07,-2.1686e-06,5.21047e-05,0.0170702254,0.0103338431,-2.0288e-05,0.0111369564,-1.24014e-05,0.0028134527,0.797497,4.840735,0.297444,0.562368,0.116253,-0.815263,0.07466
1403636696.41344,4.497318,-5.891445,-0.354716,-0.789085,-0.183811,-0.573191,0.122518,0.0003743182,6.7232e-06,-0.0001223666,9.966e-07,-2.125e-06,4.08606e-05,0.0170963765,0.0104089165,-2.02935e-05,0.0112377663,-1.10761e-05,0.0028133635,0.758686,4.849794,0.257539,0.580163,0.113829,-0.802961,0.075591
1403636696.51344,4.511567,-5.892147,-0.36296,-0.78568,-0.179894,-0.578139,0.126887,0.0003778022,3.3334e-06,-0.0001175362,9.035e-07,-9.62e-07,3.74142e-05,0.0171146782,0.0104539273,-2.05697e-05,0.011295222,-1.05174e-05,0.0028130405,0.745255,4.849963,0.24584,0.585525,0.110168,-0.799204,0.079366
1403636696.96343,4.504178,-5.904636,-0.377102,-0.789712,-0.183391,-0.573056,0.119706,0.0003738937,8.2077e-06,-0.0001228988,1.0827e-06,-2.6249e-06,4.1279e-05,0.0171790801,0.0104498174,-2.01961e-05,0.0112597331,-9.4658e-06,0.0028157008,0.736744,4.854913,0.22723,0.579972,0.113106,-0.803484,0.072501
1403636697.01342,4.518495,-5.908995,-0.378894,-0.789056,-0.187535,-0.573805,0.11388,0.0003731661,1.39661e-05,-0.0001231315,1.4094e-06,-4.5421e-06,4.14905e-05,0.0171864666,0.0104670107,-2.03649e-05,0.0112720867,-9.1326e-06,0.0028130838,0.738922,4.85527,0.222209,0.580398,0.117237,-0.803117,0.06633
1403636697.11342,4.513169,-5.908545,-0.38565,-0.78761,-0.195395,-0.575446,0.101747,0.0003714545,2.52016e-05,-0.0001235235,2.5953e-06,-8.3214e-06,4.19358e-05,0.0172000677,0.0104953917,-2.02328e-05,0.0113065803,-8.5488e-06,0.0028124986,0.74546,4.853771,0.214083,0.581061,0.125199,-0.802358,0.054032
1403636697.66342,4.40139,-5.79745,-0.29863,-0.799323,-0.175104,-0.564881,0.106446,0.0003667736,1.06992e-05,-0.0001314267,1.2209e-06,-3.7616e-06,4.80021e-05,0.0166813415,0.0100341969,-1.99197e-05,0.0109042706,-9.2451e-06,0.0028155726,0.842901,4.731515,0.300522,0.570808,0.104234,-0.812246,0.059781
1403636697.71342,4.393464,-5.782242,-0.289139,-0.800988,-0.167475,-0.565697,0.10177,0.0003665376,1.01639e-05,-0.0001314557,1.1696e-06,-3.572e-06,4.80407e-05,0.0166139778,0.0099982538,-1.97266e-05,0.010881699,-9.8175e-06,0.0028136729,0.853246,4.715513,0.312397,0.571063,0.096813,-0.813311,0.05517
1403636697.96342,4.330294,-5.702752,-0.253557,-0.808779,-0.124905,-0.569892,0.074149,0.000366671,8.5026e-06,-0.0001314844,1.0888e-06,-2.9658e-06,4.80854e-05,0.0162461284,0.0097302467,-1.95759e-05,0.0106882432,-9.5469e-06,0.002815612,0.905256,4.627834,0.348229,0.572739,0.053776,-0.81752,0.027262
1403636698.16343,4.274913,-5.625426,-0.25039,-0.811424,-0.104053,-0.57154,0.064083,0.0003670551,5.5211e-06,-0.0001311387,9.725e-07,-1.8913e-06,4.77991e-05,0.0159071641,0.0094913839,-1.94418e-05,0.0105176166,-8.9823e-06,0.0028161725,0.944825,4.545175,0.35236,0.573461,0.032638,-0.818405,0.01707
1403636698.26342,4.248776,-5.586591,-0.259954,-0.812086,-0.094973,-0.572659,0.059651,0.0003673467,4.4683e-06,-0.000130744,9.384e-07,-1.5127e-06,4.74791e-05,0.0157247758,0.0093552757,-1.94727e-05,0.0104128002,-8.318e-06,0.0028157773,0.963729,4.501841,0.346811,0.574026,0.023813,-0.818394,0.012615
1403636698.36343,4.223365,-5.546216,-0.273017,-0.812969,-0.083419,-0.574125,0.050033,0.0003676351,5.4269e-06,-0.0001302771,9.574e-07,-1.8494e-06,4.71123e-05,0.015556211,0.0092356008,-1.95719e-05,0.0103253725,-7.4659e-06,0.0028154268,0.982296,4.458279,0.337047,0.574511,0.012495,-0.818398,0.003008
1403636698.41343,4.210225,-5.524582,-0.281577,-0.814021,-0.07595,-0.574146,0.044235,0.0003672903,5.6916e-06,-0.0001305941,9.571e-07,-1.9528e-06,4.73781e-05,0.0154672051,0.0091723757,-1.96315e-05,0.0102778458,-6.8096e-06,0.0028146772,0.99153,4.436238,0.330843,0.573919,0.005241,-0.818894,-0.002628
1403636698.56342,4.173923,-5.462243,-0.303344,-0.81705,-0.050109,-0.573844,0.024922,0.0003664366,6.1805e-06,-0.0001316305,9.702e-07,-2.1488e-06,4.82505e-05,0.0152009112,0.0089948109,-2.0139e-05,0.0101611181,-5.4761e-06,0.0028153377,1.018307,4.36961,0.307187,0.571962,-0.02065,-0.819744,-0.021712
1403636698.66342,4.151769,-5.420486,-0.324463,-0.818511,-0.028458,-0.573659,0.012054,0.0003660353,4.7732e-06,-0.0001321716,9.219e-07,-1.6515e-06,4.87071e-05,0.0150159144,0.0088737573,-2.07649e-05,0.0100834451,-4.263e-06,0.0028153636,1.034893,4.324369,0.287547,0.570595,-0.042292,-0.819426,-0.034602
1403636698.71342,4.140366,-5.398127,-0.336565,-0.818968,-0.016785,-0.573571,0.005172,0.0003659442,3.8822e-06,-0.0001322959,8.951e-07,-1.3317e-06,4.88152e-05,0.0149244461,0.0088157162,-2.12686e-05,0.0100471599,-3.4117e-06,0.0028150086,1.042809,4.301327,0.276268,0.569893,-0.053911,-0.818906,-0.04144
1403636698.76342,4.127189,-5.375758,-0.352142,0.819349,0.004629,0.573273,0.00219,0.0003657173,3.107e-06,-0.000132573,8.697e-07,-1.0555e-06,4.90502e-05,0.0148281261,0.0087557642,-2.20782e-05,0.0100107677,-2.6799e-06,0.0028140294,1.050272,4.27811,0.264067,0.568909,-0.066043,-0.818301,-0.04872
1403636698.86342,4.106308,-5.332106,-0.379569,0.819564,-0.021556,0.572343,0.016521,0.0003653151,5.571e-07,-0.0001330935,8.347e-07,-1.341e-07,4.94958e-05,0.0146448713,0.0086379946,-2.27977e-05,0.0099383557,-1.3058e-06,0.002814081,1.06411,4.231028,0.236926,0.566726,-0.092109,-0.81633,-0.062891
1403636698.91342,4.095864,-5.308906,-0.392756,0.818998,-0.033996,0.572252,0.024791,0.0003654586,2.319e-07,-0.0001329119,8.208e-07,-1.89e-08,4.93452e-05,0.0145496646,0.0085797017,-2.34385e-05,0.0099042743,-6.391e-07,0.0028130075,1.070153,4.207532,0.223785,0.565954,-0.10444,-0.814723,-0.071055
1403636699.06342,4.068509,-5.241503,-0.420712,0.81658,-0.072499,0.570872,0.045234,0.0003653554,-3.9622e-06,-0.0001329912,8.43e-07,1.4991e-06,4.94247e-05,0.0142767289,0.0084184549,-2.43905e-05,0.0098199983,1.3235e-06,0.0028124625,1.086323,4.136693,0.193842,0.562869,-0.142581,-0.809037,-0.091197
1403636699.31342,4.026712,-5.138283,-0.436168,0.807927,-0.144646,0.566496,0.073582,0.0003635335,-1.79608e-05,-0.0001340352,1.6566e-06,6.6635e-06,5.04454e-05,0.0138574839,0.0081655786,-2.60148e-05,0.0096910417,5.1609e-06,0.0028129447,1.11166,4.026338,0.178123,0.555984,-0.21368,-0.794411,-0.119041
1403636699.41342,4.010198,-5.10206,-0.43128,0.803869,-0.172566,0.562721,0.085794,0.0003616625,-2.22955e-05,-0.0001355323,2.1096e-06,8.3837e-06,5.17948e-05,0.0137147009,0.0080777763,-2.70646e-05,0.0096418434,6.1352e-06,0.0028101794,1.120836,3.989691,0.182529,0.55114,-0.241143,-0.788042,-0.130746
1403636699.61342,3.981343,-5.048757,-0.423666,0.793877,-0.220777,0.555653,0.110755,0.0003591564,-2.73011e-05,-0.0001374643,2.7816e-06,1.04529e-05,5.35856e-05,0.0135050592,0.0079330927,-2.82084e-05,0.0095554079,9.1826e-06,0.0028093544,1.13965,3.931125,0.191257,0.54186,-0.288266,-0.774144,-0.154918
1403636699.71342,3.9653,-5.030706,-0.426994,0.786966,-0.24304,0.553287,0.124458,0.0003592499,-2.86794e-05,-0.0001370746,2.9679e-06,1.09341e-05,5.32234e-05,0.0134332764,0.0078720393,-2.85656e-05,0.0095036357,9.9265e-06,0.0028067192,1.150163,3.910749,0.188714,0.538285,-0.309832,-0.765482,-0.168218
1403636699.86342,3.940159,-5.013922,-0.437649,0.778843,-0.259517,0.550488,0.151715,0.0003630452,-1.96806e-05,-0.0001343908,1.7157e-06,7.2544e-06,5.06091e-05,0.0133735159,0.0077959886,-2.87735e-05,0.0094263934,1.15552e-05,0.0028043617,1.167981,3.890496,0.177782,0.533204,-0.325499,-0.756131,-0.194969
1403636699.96342,3.922768,-5.006508,-0.447131,0.773638,-0.266606,0.551918,0.1606,0.0003656749,-1.82815e-05,-0.0001314838,1.5365e-06,6.5351e-06,4.80891e-05,0.0133406823,0.0077455595,-2.87211e-05,0.0093669182,1.21316e-05,0.0028015338,1.180164,3.881056,0.167401,0.533907,-0.332137,-0.750381,-0.203859
1403636700.06342,3.907393,-5.002281,-0.459638,0.771421,-0.271441,0.551688,0.163921,0.0003661586,-1.85394e-05,-0.000130857,1.5285e-06,6.5881e-06,4.75312e-05,0.0133179128,0.0077008508,-2.87953e-05,0.0093084304,1.27845e-05,0.0027985258,1.192832,3.873762,0.15253,0.533483,-0.336818,-0.747673,-0.207211
1403636700.11342,3.898245,-5.000652,-0.467413,0.770501,-0.273061,0.552206,0.163814,0.000366287,-1.95004e-05,-0.0001305485,1.6076e-06,6.9134e-06,4.72657e-05,0.0133092765,0.0076852168,-2.84466e-05,0.009284077,1.2594e-05,0.0027958791,1.199682,3.870707,0.14375,0.534034,-0.338374,-0.746589,-0.207162
1403636700.16342,3.889051,-5.000194,-0.475612,0.769916,-0.273743,0.552326,0.165017,0.0003666166,-1.91666e-05,-0.000130187,1.5552e-06,6.7697e-06,4.69437e-05,0.0133054281,0.0076663587,-2.81152e-05,0.0092533941,1.2587e-05,0.0027938816,1.207206,3.868432,0.134061,0.534093,-0.339023,-0.745903,-0.208414
1403636700.21342,3.880095,-5.0005,-0.48507,0.769683,-0.274101,0.552453,0.165085,0.0003666778,-1.93237e-05,-0.000130083,1.5575e-06,6.8198e-06,4.68432e-05,0.0133054295,0.0076496798,-2.78095e-05,0.0092247858,1.26819e-05,0.0027922278,1.214369,3.867246,0.123485,0.534258,-0.339385,-0.745592,-0.208517
1403636700.31342,3.85753,-5.002602,-0.507332,0.769769,-0.277559,0.550612,0.165053,0.000365444,-2.03469e-05,-0.0001314419,1.6577e-06,7.2837e-06,4.79433e-05,0.0133129838,0.0076106522,-2.66763e-05,0.0091595977,1.28917e-05,0.0027903823,1.231327,3.866434,0.098231,0.532453,-0.342857,-0.745323,-0.208417
1403636700.36342,3.847628,-5.006147,-0.521163,0.769527,-0.281715,0.549018,0.164452,0.0003641265,-2.21188e-05,-0.0001327222,1.853e-06,8.0283e-06,4.90224e-05,0.0133231618,0.007592546,-2.63144e-05,0.0091228219,1.28274e-05,0.0027884613,1.240495,3.867599,0.08303,0.530966,-0.347003,-0.744641,-0.207787
1403636700.41341,3.846233,-5.01553,-0.533551,0.7688,-0.28657,0.547429,0.164757,0.0003632326,-2.35242e-05,-0.0001335098,1.9894e-06,8.6256e-06,4.96896e-05,0.0133364539,0.0075816508,-2.66104e-05,0.0090887829,1.29317e-05,0.0027865723,1.25055,3.869642,0.066213,0.529632,-0.351752,-0.743155,-0.208526
1403636700.56341,3.811656,-5.033871,-0.586543,0.761832,-0.29397,0.54902,0.178246,0.0003670207,-2.01897e-05,-0.0001295497,1.5654e-06,7.1018e-06,4.6316e-05,0.0134254703,0.0075616324,-2.61003e-05,0.0090121923,1.40808e-05,0.0027862867,1.283316,3.882148,0.010831,0.530172,-0.358537,-0.735499,-0.22229
1403636700.61341,3.801192,-5.044304,-0.605259,0.758878,-0.296412,0.54988,0.184054,0.0003688234,-1.83942e-05,-0.0001275528,1.3602e-06,6.338e-06,4.4668e-05,0.0134607468,0.0075561773,-2.55104e-05,0.0089791696,1.36294e-05,0.0027847027,1.295573,3.887777,-0.008665,0.530556,-0.360704,-0.732291,-0.228375
1403636700.71341,3.774459,-5.061957,-0.644343,0.753872,-0.303576,0.548555,0.196484,0.0003709002,-1.46534e-05,-0.0001253632,1.0106e-06,4.9296e-06,4.29034e-05,0.0135362323,0.0075336484,-2.49302e-05,0.0089032061,1.41598e-05,0.0027841737,1.322433,3.900114,-0.049534,0.528221,-0.367419,-0.726643,-0.240784
1403636700.91341,3.717417,-5.094229,-0.707446,0.751903,-0.314957,0.540401,0.208352,0.0003690145,-1.08144e-05,-0.0001281984,7.379e-07,3.7345e-06,4.50488e-05,0.0136676627,0.0074606898,-2.46592e-05,0.0087332657,1.57361e-05,0.0027849713,1.380003,3.92257,-0.116142,0.519164,-0.378573,-0.723617,-0.252052
1403636700.96341,3.709132,-5.10865,-0.71876,0.75356,-0.316881,0.536883,0.208545,0.000366978,-1.02127e-05,-0.0001306874,6.789e-07,3.6296e-06,4.70195e-05,0.0137028882,0.0074554834,-2.42361e-05,0.0086951064,1.50576e-05,0.0027834666,1.394798,3.927905,-0.128308,0.515687,-0.3807,-0.724878,-0.252365
1403636701.16341,3.65753,-5.142288,-0.746759,0.761625,-0.320165,0.524426,0.205909,0.0003586567,-8.6414e-06,-0.0001403399,5.871e-07,3.3773e-06,5.5386e-05,0.0138597918,0.0074084688,-2.4552e-05,0.0085503712,1.66922e-05,0.0027830445,1.453148,3.951353,-0.158518,0.503553,-0.384458,-0.73264,-0.24873
1403636701.21341,3.647298,-5.153271,-0.746772,0.763632,-0.319417,0.522277,0.205097,0.0003570827,-8.0493e-06,-0.0001420207,5.514e-07,3.201e-06,5.69482e-05,0.0139069001,0.0074136338,-2.48669e-05,0.0085308602,1.66038e-05,0.0027816311,1.466485,3.959172,-0.160205,0.501536,-0.383916,-0.734617,-0.247805
1403636701.31341,3.626855,-5.175537,-0.740676,0.765738,-0.317297,0.52107,0.203602,0.0003559321,-7.4354e-06,-0.0001432298,5.192e-07,2.994e-06,5.80928e-05,0.0139970429,0.0074036305,-2.5083e-05,0.0084720076,1.69674e-05,0.0027807395,1.491709,3.976822,-0.156986,0.50052,-0.38198,-0.736837,-0.246258
1403636701.56341,3.58315,-5.235938,-0.710027,0.760977,-0.306767,0.533592,0.205154,0.000364218,-6.1058e-06,-0.0001342108,4.67e-07,2.2509e-06,4.99029e-05,0.0142618156,0.0074065794,-2.61738e-05,0.0083580238,1.83177e-05,0.0027809835,1.543309,4.031646,-0.133705,0.512946,-0.371073,-0.733022,-0.248738
1403636701.66341,3.569269,-5.263595,-0.703996,0.759712,-0.301805,0.537879,0.206004,0.0003670469,-4.7087e-06,-0.0001308754,4.189e-07,1.6815e-06,4.71047e-05,0.0143621373,0.0074134809,-2.70228e-05,0.0083188331,1.81983e-05,0.0027798562,1.560492,4.055271,-0.124665,0.51717,-0.365954,-0.732225,-0.249918
1403636701.9634,3.525942,-5.34836,-0.70655,0.750904,-0.323115,0.533754,0.216439,0.0003670118,-7.9042e-06,-0.0001308512,5.34e-07,2.8218e-06,4.7096e-05,0.0147125877,0.0074305979,-2.84028e-05,0.0081953738,1.9699e-05,0.0027814948,1.615521,4.128427,-0.12334,0.512188,-0.386418,-0.721635,-0.259982
1403636702.01341,3.521149,-5.363281,-0.714562,0.747904,-0.330915,0.531505,0.22054,0.0003666125,-8.6529e-06,-0.0001312423,5.572e-07,3.1038e-06,4.74202e-05,0.0147764907,0.0074451341,-2.78694e-05,0.0081799753,1.92115e-05,0.0027803322,1.625553,4.141041,-0.128197,0.50965,-0.393747,-0.718051,-0.26387
1403636702.36342,3.45428,-5.461447,-0.785631,0.725391,-0.383631,0.511595,0.254767,0.0003640534,-9.1005e-06,-0.0001343558,5.951e-07,3.361e-06,5.0037e-05,0.015204638,0.0074451296,-2.97405e-05,0.0080183046,2.15994e-05,0.0027841378,1.701642,4.230356,-0.201088,0.486859,-0.444338,-0.691187,-0.296301
1403636702.41342,3.447534,-5.476024,-0.80096,0.724827,-0.386606,0.507809,0.259405,0.0003633215,-6.6534e-06,-0.0001353267,4.875e-07,2.4792e-06,5.08542e-05,0.0152662142,0.0074438628,-2.94052e-05,0.00798975,2.14223e-05,0.002783521,1.712169,4.243197,-0.216145,0.482701,-0.447255,-0.690363,-0.300605
1403636702.66343,3.41517,-5.549764,-0.891475,0.725217,-0.396571,0.493662,0.270349,0.0003584926,8.4e-09,-0.0001408961,3.713e-07,-5.8e-09,5.58336e-05,0.0155909515,0.0074725759,-2.87344e-05,0.0079015514,2.24456e-05,0.0027850772,1.756081,4.310285,-0.308289,0.467698,-0.457179,-0.689931,-0.310229
1403636702.81343,3.407431,-5.596914,-0.960747,0.727248,-0.397705,0.488945,0.271798,0.0003561471,2.2658e-06,-0.0001433743,3.889e-07,-9.157e-07,5.81815e-05,0.015799457,0.0075190841,-2.88166e-05,0.007882909,2.33362e-05,0.0027857933,1.773166,4.353882,-0.376546,0.46288,-0.458445,-0.691883,-0.311239
1403636703.01342,3.41245,-5.666273,-1.051697,0.727198,-0.398361,0.489903,0.269235,0.0003559021,2.861e-07,-0.000143675,3.801e-07,-1.183e-07,5.84682e-05,0.0161135757,0.007623096,-2.89007e-05,0.0078977977,2.48354e-05,0.0027869483,1.782148,4.421451,-0.466866,0.464087,-0.459084,-0.691795,-0.308683
1403636703.11342,3.421211,-5.703939,-1.086865,0.723001,-0.399079,0.49675,0.266918,0.0003592285,-4.2471e-06,-0.0001400812,4.312e-07,1.6554e-06,5.5088e-05,0.0162784978,0.0076936603,-2.85473e-05,0.0079227661,2.52895e-05,0.0027867957,1.782049,4.460151,-0.501536,0.471121,-0.459437,-0.687576,-0.306926
1403636703.16342,3.427191,-5.723021,-1.101331,0.718522,-0.399918,0.50362,0.264877,0.0003624877,-8.7744e-06,-0.0001362231,5.93e-07,3.2985e-06,5.16501e-05,0.0163617108,0.007732617,-2.8088e-05,0.007938093,2.52996e-05,0.002786263,1.781275,4.48025,-0.515058,0.478153,-0.459881,-0.683059,-0.30547
1403636703.61342,3.440671,-5.912445,-1.144588,0.71788,-0.392477,0.507178,0.270889,0.0003666389,-3.7356e-06,-0.0001317249,4.354e-07,1.3412e-06,4.7792e-05,0.0172393851,0.0080279527,-2.94855e-05,0.0079941931,2.82153e-05,0.0027898174,1.801521,4.672803,-0.562056,0.4812,-0.452391,-0.683139,-0.311627
1403636703.66342,3.436523,-5.933104,-1.14132,0.71937,-0.392027,0.505491,0.27074,0.0003656343,-2.8124e-06,-0.0001329286,4.162e-07,1.0211e-06,4.87909e-05,0.0173268391,0.0080456284,-2.81887e-05,0.0079811471,2.69809e-05,0.0027878112,1.805643,4.693124,-0.559451,0.479473,-0.452078,-0.684683,-0.311354
1403636703.71342,3.435844,-5.953464,-1.139467,0.720257,-0.39176,0.50458,0.270468,0.0003650293,-2.4145e-06,-0.0001336277,4.092e-07,8.819e-07,4.93799e-05,0.0174185336,0.0080626949,-2.71905e-05,0.0079685147,2.61115e-05,0.0027865439,1.809638,4.713053,-0.557247,0.478578,-0.451859,-0.685626,-0.310971
1403636703.76342,3.439864,-5.974671,-1.142416,0.719616,-0.391674,0.505884,0.269862,0.0003655319,-3.1558e-06,-0.0001329398,4.163e-07,1.1441e-06,4.88047e-05,0.0175092946,0.0080889716,-2.46505e-05,0.0079665062,2.59903e-05,0.0027843709,1.813283,4.732904,-0.55565,0.479927,-0.451498,-0.685164,-0.310435
1403636703.96342,3.439274,-6.05509,-1.152265,0.715173,-0.391925,0.514505,0.264967,0.0003687904,-9.6588e-06,-0.000128653,6.459e-07,3.367e-06,4.5339e-05,0.0178956395,0.0082059667,-2.41823e-05,0.0079788643,2.68733e-05,0.0027847467,1.825494,4.811092,-0.561465,0.489004,-0.451298,-0.680785,-0.306166
1403636704.01342,3.440304,-6.072623,-1.157372,0.714353,-0.392496,0.516278,0.262876,0.0003690056,-1.17376e-05,-0.0001281723,7.622e-07,4.0732e-06,4.49742e-05,0.0179856016,0.0082303542,-2.36908e-05,0.007977658,2.68132e-05,0.0027837698,1.828719,4.830103,-0.565635,0.490946,-0.451664,-0.680051,-0.304142
1403636704.41341,3.426671,-6.233261,-1.218469,0.727113,-0.389377,0.502432,0.259336,0.0003603387,-5.5698e-06,-0.0001389039,4.887e-07,2.1395e-06,5.40281e-05,0.0187409386,0.0083996886,-2.33795e-05,0.007945143,2.85775e-05,0.0027855551,1.866426,4.98702,-0.627184,0.477538,-0.449382,-0.693157,-0.299246
1403636704.46341,3.426675,-6.258976,-1.218834,0.728988,-0.388582,0.500018,0.259928,0.0003591346,-3.8933e-06,-0.000140233,4.371e-07,1.5102e-06,5.52391e-05,0.0188628351,0.008436495,-2.29932e-05,0.0079473827,2.84491e-05,0.0027844394,1.87083,5.00815,-0.630189,0.475176,-0.448692,-0.695054,-0.299641
1403636705.06341,3.495099,-6.571639,-1.265616,0.748918,-0.387399,0.474572,0.252636,0.0003407319,3.8018e-06,-0.0001580001,4.621e-07,-1.7788e-06,7.38088e-05,0.0204750979,0.009020429,-2.31594e-05,0.0081308836,3.13281e-05,0.0027875925,1.857938,5.322329,-0.681133,0.450668,-0.449029,-0.714976,-0.289968
1403636705.26341,3.568373,-6.710341,-1.300268,0.73561,-0.376495,0.496472,0.265792,0.0003589223,6.4038e-06,-0.000140566,5.376e-07,-2.5258e-06,5.55731e-05,0.0212110451,0.0094069421,-2.26878e-05,0.0083387326,3.28034e-05,0.002787749,1.81518,5.469889,-0.717952,0.471576,-0.437035,-0.702664,-0.304779
1403636705.31341,3.591762,-6.744657,-1.307493,0.733341,-0.37513,0.499878,0.267602,0.0003614671,6.5552e-06,-0.0001377169,5.374e-07,-2.5168e-06,5.29855e-05,0.0213972978,0.0095228713,-2.22719e-05,0.0084081573,3.32217e-05,0.0027869451,1.801598,5.508103,-0.723508,0.474898,-0.435397,-0.70058,-0.30674
1403636705.61342,3.733419,-6.958631,-1.338549,0.737794,-0.37907,0.492815,0.262868,0.0003558325,5.3177e-06,-0.0001438884,5.105e-07,-2.1694e-06,5.8728e-05,0.0225432532,0.0102104578,-2.20633e-05,0.0088259362,3.56278e-05,0.0027888194,1.703794,5.734487,-0.751287,0.468348,-0.439642,-0.704665,-0.301352
1403636705.86342,3.87683,-7.13736,-1.383775,0.730288,-0.379997,0.503184,0.262846,0.0003620601,4.119e-07,-0.0001372555,4.335e-07,-1.725e-07,5.25779e-05,0.0235949455,0.0108844512,-2.19346e-05,0.0092548997,3.87782e-05,0.0027886824,1.599754,5.931451,-0.796001,0.478804,-0.439784,-0.697271,-0.301914
1403636705.91342,3.906935,-7.170504,-1.389853,0.72685,-0.381434,0.508043,0.260939,0.0003642703,-3.3439e-06,-0.0001346185,4.59e-07,1.2208e-06,5.02892e-05,0.0237730648,0.0110196914,-2.20147e-05,0.009348698,3.91958e-05,0.0027879642,1.577241,5.971819,-0.802984,0.483849,-0.440795,-0.693859,-0.30025
1403636706.11342,4.022481,-7.318736,-1.397215,0.714898,-0.389694,0.526285,0.245121,0.0003688776,-2.34264e-05,-0.0001269308,1.9199e-06,8.0544e-06,4.42176e-05,0.0246160477,0.0115838142,-2.22112e-05,0.0097209945,4.12181e-05,0.0027883336,1.48997,6.131982,-0.81179,0.503349,-0.448047,-0.681285,-0.28591
1403636706.16342,4.047348,-7.353231,-1.397533,0.714814,-0.387521,0.52702,0.247221,0.0003699936,-2.16413e-05,-0.0001257484,1.6933e-06,7.3469e-06,4.32741e-05,0.0248266061,0.0117075028,-2.23091e-05,0.0097934926,4.14275e-05,0.0027878036,1.471044,6.172199,-0.812555,0.503899,-0.445812,-0.681466,-0.288
1403636706.36343,4.140747,-7.499626,-1.419138,0.724764,-0.373209,0.515741,0.26352,0.0003694133,-1.2419e-06,-0.0001282968,4.343e-07,4.135e-07,4.51041e-05,0.0257005929,0.012222525,-2.28934e-05,0.0101050456,4.26018e-05,0.0027877677,1.405283,6.332667,-0.835835,0.491352,-0.432343,-0.692605,-0.303234
1403636706.41343,4.161625,-7.533313,-1.429394,0.727313,-0.370863,0.512544,0.266037,0.0003683055,2.5607e-06,-0.0001296107,4.449e-07,-9.214e-07,4.61581e-05,0.0258921211,0.0123298704,-2.31785e-05,0.0101657726,4.27641e-05,0.0027874058,1.389885,6.371728,-0.846095,0.487955,-0.430196,-0.695353,-0.305482
1403636706.46344,4.183284,-7.567427,-1.43957,0.729773,-0.369355,0.509439,0.267359,0.0003668474,5.3179e-06,-0.0001312746,5.016e-07,-1.9258e-06,4.75223e-05,0.0260912498,0.0124461151,-2.34403e-05,0.0102344043,4.30237e-05,0.0027871851,1.374365,6.410568,-0.857035,0.484751,-0.428891,-0.697933,-0.306528
1403636706.76343,4.328334,-7.772064,-1.469107,0.736087,-0.370707,0.499738,0.266484,0.0003608403,8.3719e-06,-0.0001381016,6.281e-07,-3.2302e-06,5.34234e-05,0.0273457747,0.0132384231,-2.42991e-05,0.0107417909,4.55768e-05,0.0027878789,1.269868,6.638764,-0.890306,0.475115,-0.430831,-0.704061,-0.304875
1403636706.81343,4.352571,-7.804538,-1.470173,0.737473,-0.371698,0.497211,0.265997,0.0003591252,8.6889e-06,-0.0001398847,6.392e-07,-3.4114e-06,5.50526e-05,0.0275470941,0.0133603399,-2.46615e-05,0.0108121316,4.48989e-05,0.0027871365,1.249974,6.676477,-0.890344,0.472594,-0.431976,-0.705306,-0.304295
1403636707.01343,4.467457,-7.941514,-1.458876,0.735343,-0.375528,0.496718,0.267433,0.0003593005,7.7447e-06,-0.000139727,6.005e-07,-3.041e-06,5.49098e-05,0.0283938711,0.0139487579,-2.55967e-05,0.011214616,4.61027e-05,0.0027876371,1.1624,6.828448,-0.881011,0.471955,-0.43564,-0.702863,-0.305712
1403636707.36343,4.69874,-8.186262,-1.420024,0.730413,-0.381094,0.495137,0.275868,0.0003610434,9.8859e-06,-0.0001376663,7.183e-07,-3.8045e-06,5.30758e-05,0.0299267819,0.0151068605,-2.71898e-05,0.0120558071,4.80261e-05,0.0027897489,0.982946,7.093703,-0.843995,0.4697,-0.4407,-0.69754,-0.314013
1403636707.46343,4.766052,-8.250033,-1.396561,0.730731,-0.382441,0.493344,0.276376,0.0003599858,1.01743e-05,-0.0001387479,7.327e-07,-3.9586e-06,5.40568e-05,0.0304293855,0.0154837764,-2.71617e-05,0.0123237241,4.69571e-05,0.0027890658,0.924452,7.168886,-0.819436,0.467729,-0.442138,-0.697774,-0.314412
1403636707.76343,4.998342,-8.444597,-1.316414,0.727611,-0.395231,0.496885,0.259769,0.0003569477,-5.7898e-06,-0.0001422237,5.467e-07,2.2765e-06,5.72666e-05,0.031730568,0.0166179725,-2.70559e-05,0.0132222281,4.62589e-05,0.0027898395,0.731642,7.395653,-0.737728,0.472626,-0.454616,-0.693636,-0.298025
1403636708.06343,5.233133,-8.653496,-1.3259,0.725274,-0.388246,0.50499,0.261205,0.0003622519,-5.2247e-06,-0.0001364048,5.369e-07,1.9361e-06,5.19653e-05,0.0331858393,0.0178465998,-2.68459e-05,0.0141951879,4.64918e-05,0.0027905538,0.535542,7.641213,-0.745231,0.480603,-0.447465,-0.69193,-0.300048
1403636708.21343,5.348716,-8.761809,-1.356,0.724897,-0.382039,0.508998,0.263612,0.0003653597,-2.741e-06,-0.0001328177,4.847e-07,9.654e-07,4.88838e-05,0.0339264252,0.0184557711,-2.6641e-05,0.0146719644,4.74844e-05,0.0027910496,0.438576,7.767617,-0.774825,0.484442,-0.441246,-0.692071,-0.302748
1403636708.26343,5.385615,-8.797899,-1.368665,0.723485,-0.382561,0.511758,0.261383,0.0003662003,-5.3143e-06,-0.0001316804,5.394e-07,1.8824e-06,4.79467e-05,0.0341702445,0.0186526757,-2.66658e-05,0.0148216676,4.80159e-05,0.0027908728,0.406443,7.809112,-0.787271,0.487374,-0.441681,-0.690581,-0.300803
1403636708.51343,5.565531,-8.981607,-1.427832,0.711605,-0.392999,0.529404,0.242695,0.0003690796,-2.77013e-05,-0.0001252021,2.5512e-06,9.3789e-06,4.30672e-05,0.0354906683,0.01969861,-2.74703e-05,0.0156235048,4.97811e-05,0.0027918435,0.258702,8.01565,-0.846612,0.50645,-0.451222,-0.677814,-0.283683
1403636708.56343,5.594795,-9.020568,-1.432114,0.711107,-0.391921,0.530368,0.243792,0.0003699834,-2.7116e-05,-0.0001241031,2.4555e-06,9.0769e-06,4.22162e-05,0.0357674786,0.0198845678,-2.73301e-05,0.0157423238,5.06378e-05,0.0027913166,0.233418,8.058892,-0.853587,0.507352,-0.450169,-0.677299,-0.28497
1403636708.61343,5.623743,-9.059274,-1.436957,0.711638,-0.389364,0.529512,0.248162,0.0003711143,-2.32735e-05,-0.0001233602,1.926e-06,7.716e-06,4.15902e-05,0.0360531956,0.020070513,-2.75871e-05,0.0158639502,5.12694e-05,0.0027913549,0.210314,8.10223,-0.858964,0.506137,-0.447699,-0.678016,-0.289286
1403636708.66343,5.65184,-9.098257,-1.441631,0.713802,-0.385904,0.5264,0.253907,0.0003715527,-1.72966e-05,-0.0001237367,1.2699e-06,5.737e-06,4.17905e-05,0.0363352434,0.0202553408,-2.77718e-05,0.0159863246,5.18317e-05,0.0027913216,0.188757,8.14539,-0.864788,0.502599,-0.444429,-0.680424,-0.294804
1403636708.91343,5.784586,-9.28481,-1.484232,0.716536,-0.372092,0.518165,0.282187,0.0003755542,7.2833e-06,-0.0001192906,6.173e-07,-2.3493e-06,3.84784e-05,0.0377442304,0.0211781073,-2.893e-05,0.0166076438,5.49893e-05,0.0027930531,0.09164,8.351206,-0.908352,0.492055,-0.430938,-0.68436,-0.322221
1403636709.01343,5.834689,-9.348524,-1.49907,0.713565,-0.372435,0.519325,0.287087,0.0003774643,8.9194e-06,-0.0001164197,6.885e-07,-2.7875e-06,3.64895e-05,0.0382158682,0.0215075403,-2.95724e-05,0.0168390573,5.62627e-05,0.0027932945,0.052853,8.424795,-0.923725,0.492777,-0.431072,-0.68137,-0.327236
1403636709.06343,5.859083,-9.374825,-1.502621,0.712391,-0.371694,0.519204,0.291152,0.0003783972,1.12826e-05,-0.0001148028,8.122e-07,-3.4616e-06,3.54061e-05,0.0384177986,0.0216587818,-3.00712e-05,0.016945215,5.65214e-05,0.0027926767,0.033342,8.4589,-0.928586,0.492348,-0.430186,-0.680297,-0.331256
1403636709.11343,5.883727,-9.401658,-1.505394,0.711008,-0.372843,0.519725,0.292132,0.000378946,1.09064e-05,-0.0001139984,7.89e-07,-3.3192e-06,3.48665e-05,0.038599999,0.0218066165,-3.02982e-05,0.0170599463,5.68586e-05,0.0027926374,0.013392,8.491253,-0.932055,0.492761,-0.431228,-0.678822,-0.33231
1403636709.36343,6.016658,-9.522279,-1.501582,0.716894,-0.38068,0.50693,0.290117,0.0003718057,1.15439e-05,-0.0001240528,8.433e-07,-3.8919e-06,4.19791e-05,0.0394771627,0.0225664164,-3.13072e-05,0.0176775437,5.78379e-05,0.0027932276,-0.09235,8.629022,-0.926468,0.480285,-0.439482,-0.68401,-0.329108
1403636709.46343,6.066003,-9.55195,-1.497384,0.718416,-0.38095,0.504398,0.290409,0.0003703814,1.28015e-05,-0.0001257902,9.277e-07,-4.3883e-06,4.33113e-05,0.0397932657,0.022882268,-3.12326e-05,0.0179481479,5.76219e-05,0.0027928937,-0.138491,8.675865,-0.924477,0.477679,-0.439885,-0.685529,-0.329202
1403636710.06344,6.446573,-9.695564,-1.549674,0.723198,-0.375938,0.503521,0.286569,0.0003687755,1.39282e-05,-0.0001278761,1.0388e-06,-4.8693e-06,4.4971e-05,0.0407990242,0.0246158477,-3.38444e-05,0.0197980272,5.86568e-05,0.0027967394,-0.483837,8.89569,-0.970591,0.477297,-0.434936,-0.690993,-0.324881
1403636710.31345,6.629338,-9.723033,-1.561699,0.721884,-0.373886,0.511333,0.278624,0.0003710386,7.7551e-06,-0.0001255579,6.806e-07,-2.6566e-06,4.31189e-05,0.0410058361,0.0254063446,-3.48163e-05,0.020770341,5.86931e-05,0.0027965635,-0.661952,8.96027,-0.987784,0.485796,-0.432663,-0.68992,-0.317521
1403636710.46345,6.748689,-9.738511,-1.58826,0.720422,-0.377194,0.522468,0.256408,0.0003708219,-9.7328e-06,-0.0001257355,7.732e-07,3.2825e-06,4.32645e-05,0.041093452,0.0258771535,-3.58099e-05,0.021370873,5.91497e-05,0.0027959485,-0.774261,8.989812,-1.0202,0.498792,-0.435764,-0.688117,-0.296333
1403636710.51345,6.788421,-9.742864,-1.599321,0.721263,-0.375711,0.526026,0.248833,0.0003704307,-1.42806e-05,-0.000125816,1.0654e-06,4.8387e-06,4.33603e-05,0.0412106963,0.0260922242,-3.60477e-05,0.0216118018,5.9259e-05,0.0027955031,-0.811376,8.998832,-1.033239,0.502998,-0.4343,-0.689051,-0.289115
1403636710.76345,6.963461,-9.75699,-1.671048,0.732191,-0.349644,0.538705,0.226809,0.0003718284,-1.74964e-05,-0.0001236348,1.3458e-06,5.8147e-06,4.17463e-05,0.041295605,0.0267931628,-3.81114e-05,0.0225641426,6.04994e-05,0.0027963623,-0.98174,9.044435,-1.109735,0.517557,-0.409182,-0.701985,-0.268189
1403636710.86345,7.025838,-9.76603,-1.69524,0.741401,-0.32833,0.54015,0.225303,0.0003729151,-8.1047e-06,-0.0001231758,6.982e-07,2.6743e-06,4.13225e-05,0.041398641,0.02708507,-3.91009e-05,0.0229304145,6.12156e-05,0.0027962135,-1.042209,9.062465,-1.135732,0.519163,-0.38868,-0.712873,-0.266864
1403636710.96345,7.085369,-9.774357,-1.712943,0.750164,-0.30803,0.541119,0.222622,0.000373019,2.41e-07,-0.0001233239,5.227e-07,-8.14e-08,4.14086e-05,0.0414724603,0.0273435107,-4e-05,0.0232665551,6.18122e-05,0.0027961299,-1.09998,9.079568,-1.155276,0.520395,-0.369157,-0.723231,-0.264298
1403636711.01346,7.114775,-9.778861,-1.719675,0.755232,-0.297908,0.539445,0.223326,0.0003721255,6.2111e-06,-0.0001243687,6.248e-07,-2.0776e-06,4.22025e-05,0.0415204689,0.0274758983,-4.05003e-05,0.0234335038,6.21295e-05,0.0027958925,-1.128127,9.087752,-1.162399,0.518684,-0.359479,-0.729099,-0.264879
1403636711.11346,7.174248,-9.784162,-1.727796,0.760106,-0.284653,0.540417,0.221723,0.0003720793,1.14599e-05,-0.0001240772,8.748e-07,-3.8242e-06,4.20132e-05,0.0415590333,0.0277116302,-4.13682e-05,0.0237579512,6.25424e-05,0.0027958651,-1.183669,9.101845,-1.17233,0.519849,-0.34669,-0.735003,-0.263315
1403636711.21346,7.232168,-9.786511,-1.733838,0.762101,-0.276261,0.542298,0.220896,0.0003727323,1.45374e-05,-0.0001229028,1.0896e-06,-4.7949e-06,4.11626e-05,0.0415778277,0.0279509657,-4.20798e-05,0.0241014873,6.28013e-05,0.0027959397,-1.239451,9.112542,-1.178742,0.521796,-0.338474,-0.737689,-0.262641
1403636711.46346,7.370289,-9.768362,-1.733665,0.753325,-0.273738,0.558346,0.214051,0.0003805041,6.7077e-06,-0.0001125009,6.473e-07,-1.9756e-06,3.38956e-05,0.0414265051,0.0284340844,-4.3369e-05,0.0249133163,6.30256e-05,0.0027965426,-1.37843,9.117853,-1.180352,0.538407,-0.335213,-0.729136,-0.257128
1403636711.56346,7.42525,-9.755729,-1.727723,0.746308,-0.271956,0.566851,0.218504,0.0003856797,7.0962e-06,-0.0001040984,6.576e-07,-1.9056e-06,2.87183e-05,0.041339287,0.0286063453,-4.30821e-05,0.0252214554,6.26092e-05,0.0027959271,-1.431207,9.111627,-1.174227,0.54656,-0.332847,-0.722295,-0.262253
1403636711.61347,7.451493,-9.747483,-1.7254,0.744555,-0.271099,0.568451,0.221374,0.0003869234,8.5629e-06,-0.0001018324,7.119e-07,-2.2424e-06,2.74134e-05,0.0412897333,0.0287015595,-4.2501e-05,0.0253890708,6.20139e-05,0.0027951215,-1.456822,9.106291,-1.170641,0.547926,-0.331824,-0.720635,-0.265245
1403636711.91347,7.577094,-9.651099,-1.704441,0.747732,-0.282833,0.560693,0.2157,0.0003822005,2.2737e-06,-0.0001101535,5.39e-07,-6.39e-07,3.23703e-05,0.0405561036,0.0289265614,-4.24418e-05,0.0261748701,6.12029e-05,0.0027946428,-1.59396,9.031498,-1.144709,0.540545,-0.34376,-0.722867,-0.259048
1403636712.06348,7.623155,-9.580378,-1.68625,0.748722,-0.296605,0.558284,0.199399,0.0003772632,-1.2725e-05,-0.0001169843,9.476e-07,3.9681e-06,3.68945e-05,0.040050677,0.0289085524,-4.15616e-05,0.0264501981,6.04184e-05,0.002793266,-1.651216,8.973324,-1.121913,0.539305,-0.357495,-0.722805,-0.242697
1403636712.11348,7.634958,-9.557255,-1.676473,0.747964,-0.298868,0.559088,0.196591,0.0003769625,-1.57741e-05,-0.000117053,1.1749e-06,4.9223e-06,3.69609e-05,0.0398388709,0.0288645143,-4.13273e-05,0.0265093325,6.01356e-05,0.0027928121,-1.668157,8.953278,-1.111566,0.540281,-0.359664,-0.72189,-0.240029
1403636712.16348,7.646235,-9.53447,-1.665603,0.747355,-0.299332,0.560103,0.195308,0.0003771592,-1.70909e-05,-0.0001165885,1.2875e-06,5.3089e-06,3.66501e-05,0.0396639752,0.0288361802,-4.10433e-05,0.0265720574,5.97869e-05,0.002792479,-1.683936,8.933406,-1.100144,0.541353,-0.360052,-0.721275,-0.238877
1403636712.26348,7.666032,-9.490619,-1.639833,0.751488,-0.28792,0.559015,0.199674,0.0003780051,-8.5531e-06,-0.0001163106,7.054e-07,2.6543e-06,3.63917e-05,0.0393228791,0.0287802853,-4.05356e-05,0.0266971772,5.9115e-05,0.0027920187,-1.712297,8.892905,-1.073923,0.539896,-0.348964,-0.726364,-0.243176
1403636712.76347,7.725429,-9.224589,-1.467171,0.759556,-0.232518,0.579141,0.183317,0.0003858592,3.7356e-06,-0.0001043233,5.743e-07,-9.861e-07,2.8808e-05,0.037344316,0.0282073663,-3.83001e-05,0.0270840151,5.58986e-05,0.0027917379,-1.817857,8.638119,-0.900109,0.561303,-0.294409,-0.739026,-0.228262
1403636712.86347,7.723427,-9.158607,-1.442408,0.762104,-0.230267,0.578191,0.178519,0.0003846687,2.36e-06,-0.0001063958,5.521e-07,-6.281e-07,3.00276e-05,0.0368518226,0.0279801413,-3.72646e-05,0.0270419942,5.48942e-05,0.0027909407,-1.829233,8.575409,-0.876757,0.560699,-0.292359,-0.7418,-0.223328
1403636713.16347,7.688938,-8.943685,-1.387006,0.767788,-0.228781,0.573157,0.172197,0.0003810895,9.281e-07,-0.0001122636,5.533e-07,-2.484e-07,3.36823e-05,0.0352922971,0.0272011865,-3.54606e-05,0.0268330853,5.28386e-05,0.0027907831,-1.836015,8.365395,-0.823824,0.55614,-0.291304,-0.747649,-0.2165
1403636713.21347,7.67597,-8.901622,-1.375393,0.768513,-0.22958,0.572323,0.170666,0.0003803738,-1.789e-07,-0.0001133633,5.464e-07,7.87e-08,3.43902e-05,0.0350026761,0.0270312501,-3.52202e-05,0.02674544,5.2602e-05,0.002789889,-1.833338,8.327231,-0.811142,0.555359,-0.292216,-0.748351,-0.214841
1403636713.36347,7.640269,-8.784252,-1.323665,0.771986,-0.230917,0.567599,0.168957,0.0003775757,-4.332e-07,-0.0001175579,5.503e-07,1.605e-07,3.72079e-05,0.0341447815,0.0265343197,-3.39583e-05,0.0265168194,5.1493e-05,0.0027893423,-1.820629,8.210254,-0.761079,0.550802,-0.293783,-0.751702,-0.212728
1403636713.46347,7.616161,-8.707481,-1.281259,0.771992,-0.233824,0.567281,0.16597,0.0003768797,-3.4917e-06,-0.0001185295,5.837e-07,1.1249e-06,3.78824e-05,0.0335956862,0.0262082902,-3.29811e-05,0.026357268,5.06152e-05,0.0027889439,-1.810347,8.130692,-0.718333,0.550738,-0.296612,-0.751488,-0.209701
1403636713.81347,7.505138,-8.443184,-1.146465,0.772523,-0.250355,0.563567,0.151405,0.0003715376,-1.87728e-05,-0.0001245655,1.5172e-06,6.3283e-06,4.23851e-05,0.0317573632,0.025039387,-2.99056e-05,0.0257067424,4.82671e-05,0.0027891893,-1.748119,7.855885,-0.584071,0.548207,-0.312995,-0.750685,-0.194878
1403636713.86348,7.486608,-8.411569,-1.132276,0.772335,-0.251474,0.5632,0.151874,0.0003713623,-1.89941e-05,-0.0001247325,1.5295e-06,6.4122e-06,4.25086e-05,0.031545334,0.024871077,-2.98833e-05,0.025562158,4.81218e-05,0.0027882296,-1.736189,7.820446,-0.570529,0.547898,-0.313932,-0.75042,-0.195258
1403636714.16348,7.362423,-8.221199,-1.079286,0.773811,-0.249467,0.557767,0.166968,0.0003714953,-7.7738e-06,-0.0001258099,7.271e-07,2.6584e-06,4.32285e-05,0.0302947263,0.0239097934,-2.81218e-05,0.0248228439,4.6849e-05,0.0027886109,-1.648553,7.619321,-0.514775,0.541326,-0.311907,-0.75214,-0.209683
1403636714.21348,7.340454,-8.190882,-1.075262,0.772641,-0.250172,0.558743,0.168065,0.0003722243,-7.7949e-06,-0.0001248346,7.243e-07,2.639e-06,4.24809e-05,0.0301006423,0.0237491332,-2.78675e-05,0.0246843609,4.65053e-05,0.0027881406,-1.632095,7.586941,-0.509353,0.542236,-0.312469,-0.750958,-0.210726
1403636714.31348,7.294822,-8.131634,-1.069524,0.770493,-0.254239,0.560556,0.165773,0.0003726871,-1.16183e-05,-0.0001239206,9.247e-07,3.8894e-06,4.18161e-05,0.0297139166,0.0234314514,-2.73993e-05,0.0244173588,4.60331e-05,0.002788098,-1.598215,7.522794,-0.501688,0.544232,-0.316319,-0.748532,-0.208456
1403636714.36348,7.271892,-8.102965,-1.068215,0.77068,-0.255684,0.559685,0.165623,0.000372113,-1.21397e-05,-0.0001246074,9.561e-07,4.091e-06,4.23332e-05,0.0295222162,0.0232710038,-2.73253e-05,0.0242781664,4.57623e-05,0.0027878189,-1.580369,7.491145,-0.499563,0.54342,-0.317719,-0.748624,-0.208115
1403636714.76348,7.085258,-7.900026,-1.076133,0.794795,-0.227645,0.544714,0.14059,0.0003586458,-9.3773e-06,-0.0001409518,8.326e-07,3.7108e-06,5.60515e-05,0.0282208531,0.022099904,-2.62648e-05,0.0232083682,4.4811e-05,0.0027910322,-1.43719,7.262625,-0.509332,0.53056,-0.29162,-0.774882,-0.181731
1403636714.86349,7.044615,-7.860366,-1.071374,0.800884,-0.203747,0.547245,0.132643,0.0003591922,-4.0288e-06,-0.0001406112,6.327e-07,1.5958e-06,5.56919e-05,0.0279558656,0.0218555052,-2.67204e-05,0.0229774523,4.46876e-05,0.0027899316,-1.405967,7.215628,-0.502312,0.533784,-0.26841,-0.782798,-0.173969
1403636714.91349,7.024412,-7.843134,-1.066214,0.803983,-0.191533,0.548366,0.127361,0.0003591099,-1.963e-06,-0.0001407261,5.962e-07,7.847e-07,5.57888e-05,0.0278444831,0.0217480833,-2.67845e-05,0.0228709653,4.44445e-05,0.0027893921,-1.391371,7.193498,-0.496206,0.535323,-0.256627,-0.786813,-0.168832
1403636715.26349,6.914614,-7.724021,-0.981092,0.816854,-0.136442,0.552007,0.097062,0.0003574814,3.1953e-06,-0.0001425229,6.343e-07,-1.267e-06,5.7483e-05,0.0271101791,0.0210805165,-2.63173e-05,0.022260113,4.3814e-05,0.0027916767,-1.311275,7.060577,-0.409173,0.541555,-0.202732,-0.803966,-0.138775
1403636715.31349,6.902486,-7.709217,-0.96834,0.816064,-0.134201,0.55429,0.09377,0.0003586417,1.7621e-06,-0.0001413194,6.119e-07,-6.883e-07,5.63436e-05,0.027024773,0.0210045792,-2.61157e-05,0.0221903725,4.36876e-05,0.0027912452,-1.303355,7.044425,-0.396959,0.544118,-0.200444,-0.803338,-0.13567
1403636715.66349,6.84104,-7.618392,-0.94267,0.803452,-0.141703,0.573808,0.07162,0.0003684056,-1.84749e-05,-0.0001289045,1.5569e-06,6.4818e-06,4.57659e-05,0.0264847504,0.0205659501,-2.64733e-05,0.0218476237,4.284e-05,0.0027958479,-1.262625,6.948241,-0.363098,0.565366,-0.206992,-0.790114,-0.115052
1403636715.81348,6.814553,-7.594517,-0.945551,0.794906,-0.13435,0.585187,0.087351,0.0003774119,-7.1932e-06,-0.0001180713,7.736e-07,2.2619e-06,3.75915e-05,0.0263418912,0.0204161174,-2.64913e-05,0.0217010324,4.23858e-05,0.0027972654,-1.240028,6.921335,-0.367343,0.575514,-0.199061,-0.782214,-0.131537
1403636715.86348,6.806331,-7.587983,-0.942856,0.79247,-0.132967,0.58828,0.090767,0.0003795681,-4.9007e-06,-0.0001150461,6.986e-07,1.4961e-06,3.55186e-05,0.0262948871,0.0203716972,-2.65428e-05,0.0216596355,4.22657e-05,0.0027964587,-1.231491,6.913071,-0.367245,0.578372,-0.197524,-0.779876,-0.135146
1403636715.91348,6.796849,-7.58115,-0.938639,0.790185,-0.131224,0.591036,0.095204,0.0003815571,-1.7574e-06,-0.0001121268,6.432e-07,5.258e-07,3.35946e-05,0.0262550502,0.0203250866,-2.65058e-05,0.0216086316,4.21434e-05,0.0027960873,-1.221532,6.904546,-0.365008,0.580787,-0.195628,-0.777746,-0.139745
1403636715.96348,6.785319,-7.574212,-0.933662,0.788472,-0.131441,0.592948,0.097195,0.0003827958,-9.27e-07,-0.0001102106,6.379e-07,2.76e-07,3.23732e-05,0.0262116921,0.0202734981,-2.63912e-05,0.0215518375,4.20229e-05,0.0027958879,-1.210372,6.895479,-0.361484,0.58254,-0.195727,-0.776025,-0.14186
1403636716.06348,6.756848,-7.558944,-0.922205,0.787699,-0.132915,0.593307,0.09925,0.0003832009,-4.224e-07,-0.0001096083,6.402e-07,1.302e-07,3.19971e-05,0.0261198338,0.0201457415,-2.63592e-05,0.0214015856,4.17693e-05,0.0027965094,-1.183968,6.875546,-0.353077,0.582731,-0.197137,-0.775148,-0.143903
1403636716.31348,6.664771,-7.51435,-0.879594,0.798103,-0.145225,0.576819,0.096022,0.0003734225,-5.4322e-06,-0.0001238636,7.198e-07,1.8168e-06,4.17578e-05,0.0258555565,0.0197447843,-2.86049e-05,0.0209086726,4.27611e-05,0.0027977899,-1.09772,6.81798,-0.318592,0.566503,-0.210091,-0.784559,-0.139305
1403636716.3635,6.643593,-7.506639,-0.877017,0.79935,-0.147233,0.574542,0.096247,0.000372053,-5.8265e-06,-0.0001256578,7.187e-07,1.9852e-06,4.31064e-05,0.0258036579,0.0196681014,-2.78424e-05,0.0208010933,4.37182e-05,0.0027949863,-1.078229,6.806476,-0.313541,0.564199,-0.212155,-0.785648,-0.13938
1403636716.51349,6.580046,-7.483502,-0.872085,0.799448,-0.150535,0.573099,0.098894,0.0003714933,-5.4794e-06,-0.0001264439,7.122e-07,1.8825e-06,4.37099e-05,0.0256605962,0.0194146138,-2.81745e-05,0.0204685897,4.3808e-05,0.002795635,-1.019231,6.773125,-0.307693,0.562543,-0.215402,-0.785497,-0.141921
1403636716.61349,6.538944,-7.46919,-0.877452,0.799712,-0.147065,0.573291,0.100845,0.000371902,-2.7128e-06,-0.0001260257,6.528e-07,9.35e-07,4.33803e-05,0.0255765645,0.0192523948,-2.81227e-05,0.0202483015,4.37763e-05,0.0027956952,-0.980206,6.751206,-0.311319,0.562609,-0.211904,-0.786045,-0.14388
1403636716.81347,6.451456,-7.443009,-0.906553,0.802097,-0.129676,0.576085,0.089162,0.0003724197,-2.1903e-06,-0.0001252825,6.315e-07,7.424e-07,4.2806e-05,0.0253583264,0.0189214998,-2.83008e-05,0.0198025639,4.27637e-05,0.0027941166,-0.901302,6.703938,-0.33445,0.566384,-0.194863,-0.78969,-0.132777
1403636716.86347,6.430349,-7.435508,-0.914644,0.803336,-0.123296,0.576555,0.083875,0.0003721514,-2.749e-06,-0.0001256078,6.379e-07,9.319e-07,4.30523e-05,0.0253671485,0.0188529752,-2.78537e-05,0.0196746063,4.27267e-05,0.0027937229,-0.881229,6.691416,-0.34124,0.567292,-0.188606,-0.791412,-0.127585
1403636716.91347,6.409047,-7.42757,-0.920943,0.804635,-0.115641,0.577188,0.077747,0.0003719994,-3.1285e-06,-0.0001257866,6.438e-07,1.0603e-06,4.3188e-05,0.0253204524,0.0187705723,-2.75719e-05,0.0195652754,4.26512e-05,0.0027935553,-0.860958,6.678504,-0.346868,0.568446,-0.181081,-0.793288,-0.121561
1403636717.26344,6.24707,-7.358505,-0.917667,0.812714,-0.052505,0.578707,0.042857,0.0003706916,3.6896e-06,-0.0001275638,6.755e-07,-1.2742e-06,4.45714e-05,0.0249497523,0.0181540438,-2.8173e-05,0.0187877378,4.18934e-05,0.0027959441,-0.716252,6.589254,-0.340859,0.572882,-0.118681,-0.80635,-0.086726
1403636717.41346,6.180752,-7.335008,-0.904771,0.813829,-0.031118,0.578172,0.049314,0.0003700109,1.76204e-05,-0.0001272911,1.478e-06,-6.0754e-06,4.44664e-05,0.0247694443,0.0178580537,-2.76989e-05,0.0184175295,4.18252e-05,0.0027958981,-0.652358,6.551865,-0.326584,0.572037,-0.097181,-0.809113,-0.093134
1403636717.81346,5.996398,-7.224757,-0.921924,0.813975,-0.024029,0.578831,0.042683,0.0003702192,1.65518e-05,-0.0001272696,1.3877e-06,-5.7035e-06,4.44339e-05,0.0241611554,0.017080536,-2.79861e-05,0.0175551911,4.12546e-05,0.0027977133,-0.488747,6.411722,-0.33833,0.573348,-0.08985,-0.809774,-0.086408
1403636717.86346,5.97218,-7.204775,-0.925588,0.814534,-0.019838,0.578241,0.042155,0.0003696265,1.80619e-05,-0.0001278039,1.524e-06,-6.2616e-06,4.48673e-05,0.0240566542,0.0169645127,-2.76894e-05,0.0174321116,4.13439e-05,0.0027970051,-0.469427,6.389197,-0.343074,0.57285,-0.085592,-0.810655,-0.085769
1403636717.96346,5.926713,-7.160903,-0.930574,0.814943,-0.008611,0.578211,0.038288,0.0003691626,2.06553e-05,-0.0001280037,1.7959e-06,-7.1823e-06,4.50603e-05,0.0238111303,0.0167293607,-2.75821e-05,0.0172124315,4.11469e-05,0.0027971735,-0.432039,6.339817,-0.347959,0.57318,-0.074338,-0.81194,-0.081811
1403636718.01347,5.898775,-7.134819,-0.928899,0.815027,-0.002047,0.578429,0.033862,0.0003690737,2.08746e-05,-0.0001280438,1.81e-06,-7.265e-06,4.50921e-05,0.0236593122,0.0166045421,-2.70795e-05,0.0171035749,4.12279e-05,0.0027966081,-0.413881,6.312556,-0.347593,0.573769,-0.06776,-0.812525,-0.077516
1403636718.11346,5.852306,-7.079853,-0.923915,0.81522,0.010303,0.578731,0.019502,0.0003692126,1.72758e-05,-0.0001284125,1.4352e-06,-6.0309e-06,4.53319e-05,0.0233529726,0.0163340797,-2.70923e-05,0.0168675331,4.09101e-05,0.0027969466,-0.378875,6.253534,-0.342228,0.575259,-0.055293,-0.813663,-0.063068
1403636718.46347,5.696981,-6.873651,-0.939446,-0.81627,-0.04455,-0.57503,0.032554,0.000368082,-6.141e-07,-0.0001310592,6.277e-07,2.061e-07,4.73489e-05,0.0222204525,0.0154183547,-2.7735e-05,0.0161424552,3.95151e-05,0.0027997861,-0.261562,6.024674,-0.353805,0.575771,-0.021111,-0.817272,-0.010611
1403636718.51347,5.674478,-6.842517,-0.947838,-0.815799,-0.050397,-0.574802,0.039183,0.0003681987,-2.1268e-06,-0.0001308994,6.306e-07,7.446e-07,4.72151e-05,0.0220368093,0.0152891743,-2.79331e-05,0.0160550889,3.93752e-05,0.0027994295,-0.245296,5.990793,-0.361809,0.576102,-0.015209,-0.817229,-0.00396
1403636718.56346,5.651969,-6.811615,-0.957015,-0.815568,-0.054337,-0.574235,0.046372,0.0003681285,-4.9607e-06,-0.0001309085,6.783e-07,1.7536e-06,4.72261e-05,0.0218671879,0.0151588568,-2.81169e-05,0.0159552166,3.92153e-05,0.0027993187,-0.229166,5.957262,-0.37101,0.576145,-0.011238,-0.817265,0.003284
1403636719.06346,5.469777,-6.556265,-1.065171,-0.811346,-0.089015,-0.574661,0.059661,0.0003692969,2.4096e-06,-0.0001296911,6.234e-07,-8.545e-07,4.62215e-05,0.0205219679,0.0140894612,-3.00052e-05,0.0151434481,3.66526e-05,0.0028043267,-0.085088,5.67537,-0.480117,0.577743,0.023868,-0.815701,0.016609
1403636719.11346,5.452061,-6.534185,-1.069099,-0.809746,-0.090313,-0.576797,0.058823,0.0003705661,3.734e-06,-0.0001280674,6.316e-07,-1.2988e-06,4.49243e-05,0.0204103413,0.0140113039,-2.98148e-05,0.0150894323,3.66733e-05,0.00280339,-0.07141,5.650465,-0.483845,0.579811,0.02532,-0.814208,0.015613
1403636719.21346,5.421928,-6.489497,-1.070531,-0.805851,-0.08981,-0.582211,0.059737,0.0003740257,3.4647e-06,-0.0001235695,6.131e-07,-1.1527e-06,4.14747e-05,0.0201751444,0.0138271665,-3.00851e-05,0.014946982,3.62288e-05,0.0028032902,-0.045107,5.600007,-0.485338,0.585354,0.025178,-0.810226,0.016163
1403636719.26346,5.404417,-6.467111,-1.071298,-0.803958,-0.089085,-0.584903,0.06003,0.000375635,3.2466e-06,-0.0001213865,6.013e-07,-1.0569e-06,3.98688e-05,0.0200630321,0.0137443606,-3.03584e-05,0.0148863844,3.61535e-05,0.0028029761,-0.031411,5.574719,-0.485914,0.588069,0.024646,-0.808272,0.016252
1403636719.61347,5.269362,-6.322686,-1.117463,-0.803811,-0.078771,-0.586082,0.064745,0.000376699,-4.3176e-06,-0.0001199802,6.133e-07,1.3767e-06,3.88524e-05,0.0193134708,0.0130891118,-3.27684e-05,0.0143248196,3.50383e-05,0.002804526,0.084522,5.404595,-0.53311,0.589638,0.014598,-0.807267,0.020858
1403636719.66347,5.245059,-6.303804,-1.125799,-0.806052,-0.078034,-0.58324,0.063419,0.0003748862,-4.2054e-06,-0.0001224979,6.018e-07,1.3757e-06,4.06616e-05,0.0192417076,0.0130038033,-3.32126e-05,0.0142302171,3.5368e-05,0.0028036241,0.103548,5.382091,-0.54115,0.586682,0.013743,-0.80946,0.019737
1403636719.76347,5.197337,-6.267196,-1.135366,-0.809841,-0.075188,-0.57852,0.061802,0.000371902,-4.9404e-06,-0.0001264631,6.162e-07,1.6813e-06,4.364e-05,0.0190611814,0.0128101834,-3.37173e-05,0.0140358291,3.51893e-05,0.0028037484,0.143522,5.338615,-0.550856,0.58184,0.01067,-0.813023,0.018494
1403636720.36346,4.927953,-6.084276,-1.165684,-0.814851,-0.066764,-0.572805,0.058785,0.0003681135,-7.2428e-06,-0.0001313078,7.115e-07,2.5827e-06,4.74952e-05,0.0181983559,0.0118257567,-3.57401e-05,0.0130372199,3.41836e-05,0.0028085582,0.374538,5.117572,-0.581109,0.575842,0.00209,-0.817404,0.01591
1403636720.51346,4.866178,-6.050173,-1.191923,-0.815339,-0.067257,-0.571787,0.061308,0.0003676279,-8.8291e-06,-0.0001318219,7.787e-07,3.162e-06,4.7925e-05,0.0180165417,0.0115725978,-3.60086e-05,0.0127447823,3.4218e-05,0.0028085507,0.426263,5.072554,-0.606003,0.575017,0.002557,-0.817928,0.018502
1403636720.56347,4.836659,-6.03794,-1.196295,-0.815296,-0.067368,-0.571681,0.062721,0.0003675599,-9.5519e-06,-0.0001317834,8.026e-07,3.4144e-06,4.78817e-05,0.0179526825,0.0115043036,-3.52737e-05,0.0126470769,3.46427e-05,0.0028068789,0.443096,5.058848,-0.611657,0.575012,0.002724,-0.817902,0.019731
1403636720.61347,4.817847,-6.028399,-1.200416,-0.815658,-0.06863,-0.571096,0.061983,0.0003671978,-8.7428e-06,-0.0001322677,7.6e-07,3.137e-06,4.82744e-05,0.0178965422,0.011412176,-3.5179e-05,0.0125348285,3.43682e-05,0.0028068989,0.459635,5.04585,-0.615696,0.574393,0.003931,-0.818348,0.01906
1403636720.91347,4.71488,-5.981936,-1.197516,-0.816419,-0.056787,-0.572225,0.052847,0.0003674268,-8.2112e-06,-0.0001321094,7.561e-07,2.9383e-06,4.81497e-05,0.0176897863,0.0110722401,-3.51916e-05,0.0121461525,3.38777e-05,0.0028102909,0.553156,4.983461,-0.608681,0.574841,-0.007831,-0.818168,0.010022
1403636721.31347,4.592419,-5.956763,-1.224447,-0.811817,-0.005027,-0.58349,0.021595,0.0003731532,-1.13252e-05,-0.0001247415,9.47e-07,3.775e-06,4.23538e-05,0.0175609115,0.0107290867,-3.36336e-05,0.0117181841,3.39341e-05,0.0028138418,0.6645,4.935886,-0.634636,0.583573,-0.058904,-0.809626,-0.021918
1403636721.36347,4.577042,-5.957255,-1.222786,-0.811713,-2.1e-05,-0.5838,0.017311,0.0003732553,-1.09685e-05,-0.0001246238,9.269e-07,3.651e-06,4.22644e-05,0.0175810732,0.0107003027,-3.41481e-05,0.011663648,3.39986e-05,0.0028131526,0.679362,4.932446,-0.63462,0.583524,-0.063797,-0.809166,-0.026112
1403636721.41348,4.560892,-5.957208,-1.219202,-0.811207,0.003704,-0.584596,0.013296,0.0003737087,-1.01347e-05,-0.0001240645,8.805e-07,3.3532e-06,4.18419e-05,0.0175868703,0.0106647976,-3.44445e-05,0.011606913,3.39494e-05,0.0028126303,0.694539,4.92945,-0.632437,0.583978,-0.067388,-0.80841,-0.030057
1403636721.56348,4.508762,-5.958028,-1.209403,-0.812354,0.014987,-0.582967,0.00222,0.000372745,-8.2304e-06,-0.0001255064,7.972e-07,2.7592e-06,4.29248e-05,0.0175994777,0.0105404009,-3.4638e-05,0.0114233735,3.41595e-05,0.0028139641,0.742434,4.921968,-0.622464,0.58149,-0.078657,-0.808711,-0.040874
1403636721.61348,4.491522,-5.958836,-1.207149,0.812874,-0.018772,0.582132,0.00258,0.0003722765,-6.8848e-06,-0.0001261879,7.438e-07,2.3211e-06,4.34412e-05,0.0176049406,0.0105014359,-3.49828e-05,0.0113626486,3.41568e-05,0.0028135394,0.75894,4.920089,-0.620798,0.580278,-0.082425,-0.808957,-0.045528
1403636721.66348,4.474047,-5.959376,-1.206342,0.813567,-0.022085,0.581016,0.006419,0.0003716256,-5.9284e-06,-0.0001270647,7.121e-07,2.0143e-06,4.41165e-05,0.0176098229,0.0104617422,-3.51922e-05,0.011301478,3.4134e-05,0.0028131668,0.775579,4.918194,-0.620769,0.578871,-0.085721,-0.80941,-0.049193
1403636721.71348,4.455869,-5.958416,-1.206046,0.813088,-0.024404,0.581547,0.009777,0.0003720136,-4.8446e-06,-0.0001265858,6.812e-07,1.6359e-06,4.37445e-05,0.0176114423,0.0104230221,-3.47609e-05,0.011236172,3.30047e-05,0.0028123265,0.792244,4.916363,-0.621683,0.579159,-0.087915,-0.808759,-0.052499
1403636721.76348,4.438846,-5.95688,-1.207974,0.813422,-0.025746,0.580948,0.01346,0.0003716861,-3.1031e-06,-0.000126996,6.438e-07,1.0466e-06,4.40619e-05,0.0176067693,0.0103781849,-3.50034e-05,0.0111667202,3.31632e-05,0.0028120111,0.80921,4.914427,-0.62421,0.578313,-0.089155,-0.808993,-0.056006
1403636722.01348,4.343876,-5.957152,-1.236102,0.812776,-0.025214,0.581637,0.021378,0.0003723236,2.2013e-06,-0.0001262354,6.438e-07,-7.642e-07,4.34848e-05,0.0176145239,0.0101477504,-3.45061e-05,0.0108420265,3.32955e-05,0.0028143881,0.894727,4.902366,-0.651331,0.578462,-0.08848,-0.808374,-0.063914
1403636722.06348,4.32731,-5.957164,-1.23791,0.812879,-0.023018,0.581494,0.023712,0.0003722124,4.7057e-06,-0.0001262837,6.861e-07,-1.6168e-06,4.35284e-05,0.017608579,0.010109233,-3.42697e-05,0.0107835383,3.28079e-05,0.0028133886,0.911646,4.899323,-0.655068,0.578171,-0.086265,-0.808633,-0.066248
1403636722.16347,4.291252,-5.954684,-1.238901,0.813404,-0.022209,0.580861,0.021942,0.0003717919,3.9526e-06,-0.0001268498,6.688e-07,-1.3689e-06,4.39666e-05,0.0176022175,0.0100197438,-3.39873e-05,0.0106609485,3.25615e-05,0.0028133852,0.945941,4.891505,-0.65708,0.577712,-0.085456,-0.809195,-0.064426
1403636722.21347,4.274476,-5.953122,-1.23578,0.813586,-0.022274,0.580663,0.020289,0.0003716286,2.8668e-06,-0.0001270694,6.457e-07,-9.999e-07,4.41356e-05,0.0175937595,0.009978612,-3.39496e-05,0.0106052652,3.23384e-05,0.0028127117,0.963187,4.886836,-0.655254,0.577656,-0.085502,-0.80936,-0.062763
1403636722.26347,4.25809,-5.950779,-1.228827,0.814008,-0.022591,0.580125,0.018332,0.0003712758,1.5138e-06,-0.0001275241,6.247e-07,-5.396e-07,4.44849e-05,0.017575104,0.0099397075,-3.28187e-05,0.0105472758,3.17072e-05,0.0028112972,0.980472,4.881655,-0.652303,0.57732,-0.085756,-0.809724,-0.060786
1403636722.46347,4.190445,-5.941936,-1.223098,0.813871,-0.026018,0.580187,0.017917,0.0003713202,-2.987e-07,-0.0001274923,6.212e-07,8.29e-08,4.44642e-05,0.017522484,0.0097426051,-3.28233e-05,0.0102983549,3.20722e-05,0.0028117176,1.049886,4.85965,-0.647794,0.577471,-0.088984,-0.809302,-0.060321
1403636722.61347,4.14562,-5.936836,-1.225597,0.813904,-0.030996,0.579729,0.022669,0.0003711807,5.063e-07,-0.0001276417,6.071e-07,-1.928e-07,4.45768e-05,0.017475534,0.009626533,-3.53916e-05,0.0101411514,3.24978e-05,0.0028094032,1.102446,4.842594,-0.656367,0.576801,-0.09377,-0.808873,-0.065057
1403636722.66347,4.130055,-5.933821,-1.228876,0.814122,-0.032071,0.579301,0.024242,0.0003708566,9.423e-07,-0.0001280198,6.034e-07,-3.435e-07,4.48719e-05,0.0174755753,0.0096173053,-3.58269e-05,0.0101261873,3.2373e-05,0.0028086232,1.119718,4.836563,-0.660561,0.576288,-0.094806,-0.808996,-0.066559
1403636723.01347,4.002415,-5.901902,-1.237013,0.814687,-0.035766,0.578177,0.026781,0.0003703024,1.002e-06,-0.0001287717,6.125e-07,-3.668e-07,4.54733e-05,0.0173259203,0.0092520942,-3.54191e-05,0.0097073731,3.25546e-05,0.0028095596,1.238781,4.783838,-0.667557,0.575126,-0.098363,-0.809193,-0.069009
1403636723.06347,3.986658,-5.894805,-1.230524,0.814151,-0.037106,0.578936,0.024783,0.0003706452,-9.836e-07,-0.0001282929,6.057e-07,3.254e-07,4.50917e-05,0.0173034738,0.0092234392,-3.5817e-05,0.0096770959,3.22715e-05,0.0028087179,1.255158,4.774816,-0.661645,0.576074,-0.099622,-0.808529,-0.067043
1403636723.16347,3.957931,-5.882806,-1.218484,0.813937,-0.037977,0.57922,0.023857,0.0003707799,-1.9739e-06,-0.000128082,6.117e-07,6.687e-07,4.49263e-05,0.0172377553,0.0091232816,-3.63159e-05,0.0095702193,3.21295e-05,0.0028083622,1.287896,4.756686,-0.650412,0.57649,-0.100371,-0.808219,-0.066083
1403636723.26347,3.925564,-5.868567,-1.208908,0.814573,-0.037949,0.578288,0.024772,0.0003702111,-1.3625e-06,-0.0001287785,6.03e-07,4.618e-07,4.54759e-05,0.0171757277,0.0090403403,-3.73136e-05,0.0094837325,3.21477e-05,0.0028078337,1.320637,4.738349,-0.643348,0.575581,-0.100267,-0.808819,-0.066816
1403636723.41347,3.872849,-5.848416,-1.207536,0.813947,-0.039231,0.578667,0.033094,0.0003706495,3.3443e-06,-0.0001281726,6.317e-07,-1.1699e-06,4.50032e-05,0.0170803005,0.0088930534,-3.72881e-05,0.0093327935,3.20658e-05,0.0028080838,1.370077,4.710921,-0.640634,0.575385,-0.101421,-0.808092,-0.075061
1403636723.46347,3.856327,-5.841412,-1.206248,0.812604,-0.041397,0.580077,0.038355,0.0003716406,5.6291e-06,-0.0001267743,6.834e-07,-1.9327e-06,4.39176e-05,0.0170461122,0.0088467919,-3.72697e-05,0.009285506,3.19312e-05,0.0028077778,1.3867,4.701797,-0.640867,0.576411,-0.103444,-0.806595,-0.080353
1403636723.71346,3.767327,-5.80285,-1.194918,0.802582,-0.065307,0.590929,0.048982,0.0003787028,5.863e-07,-0.0001172224,6.084e-07,-1.895e-07,3.69518e-05,0.0168662444,0.0085879139,-3.73885e-05,0.0090307449,3.21076e-05,0.0028086929,1.470701,4.649431,-0.627947,0.586382,-0.126474,-0.794837,-0.091636
1403636723.81346,3.727996,-5.784359,-1.183736,0.807448,-0.073157,0.583155,0.051045,0.0003741608,-1.1271e-06,-0.0001235382,6.095e-07,3.673e-07,4.14619e-05,0.0167825344,0.0084699051,-3.75696e-05,0.008915101,3.2096e-05,0.0028087697,1.509133,4.624318,-0.617006,0.578431,-0.134609,-0.799154,-0.093041
1403636723.96345,3.668451,-5.754517,-1.176463,0.813266,-0.082193,0.573681,0.052277,0.0003682192,-3.6008e-06,-0.0001310875,6.418e-07,1.2799e-06,4.73509e-05,0.0166492553,0.0082913836,-3.76309e-05,0.0087440749,3.20966e-05,0.0028092115,1.568447,4.585035,-0.608222,0.568785,-0.143924,-0.804393,-0.093395
1403636724.01345,3.648219,-5.745214,-1.177449,0.815392,-0.08502,0.570076,0.054047,0.0003660222,-3.4125e-06,-0.0001336902,6.349e-07,1.2462e-06,4.9513e-05,0.0166050636,0.0082341798,-3.76481e-05,0.0086889327,3.19887e-05,0.0028090581,1.588084,4.572198,-0.608298,0.565004,-0.146859,-0.806358,-0.094819
1403636724.06345,3.628244,-5.736578,-1.179439,0.816931,-0.089115,0.567014,0.056371,0.0003641495,-3.4651e-06,-0.0001358376,6.342e-07,1.2937e-06,5.13531e-05,0.0165651598,0.0081769573,-3.76226e-05,0.0086326203,3.19111e-05,0.002808998,1.607293,4.559984,-0.609553,0.561732,-0.151041,-0.807628,-0.096863
1403636724.26345,3.554717,-5.70612,-1.197485,0.816736,-0.11331,0.560907,0.074071,0.000361438,-2.3699e-06,-0.0001389175,6.236e-07,9.122e-07,5.40873e-05,0.0164255694,0.0079651841,-3.76362e-05,0.008428437,3.20666e-05,0.0028099785,1.679592,4.516491,-0.626425,0.554216,-0.175045,-0.80575,-0.113912
1403636724.51344,3.473716,-5.671053,-1.216644,0.804603,-0.146246,0.566087,0.103787,0.0003678878,5.141e-07,-0.000131463,6.207e-07,-1.829e-07,4.76738e-05,0.0162776849,0.0077405274,-3.7369e-05,0.0082180544,3.2698e-05,0.0028120214,1.75494,4.469155,-0.647381,0.55707,-0.206873,-0.791339,-0.143742
1403636724.61343,3.441135,-5.65729,-1.219922,0.801158,-0.154362,0.567444,0.111025,0.0003695093,1.0256e-06,-0.000129419,6.143e-07,-3.602e-07,4.60144e-05,0.0162094587,0.0076488462,-3.71698e-05,0.008131064,3.22183e-05,0.0028110979,1.782583,4.449142,-0.645859,0.557717,-0.214634,-0.787471,-0.150914
1403636724.91343,3.352498,-5.600862,-1.163378,0.800517,-0.165159,0.564633,0.114389,0.000368258,-1.4203e-06,-0.0001309712,6.168e-07,5.035e-07,4.72722e-05,0.0159813365,0.0073845635,-3.8155e-05,0.0079059714,3.27104e-05,0.0028116576,1.85472,4.382835,-0.590274,0.554662,-0.225271,-0.786088,-0.153846
1403636724.96343,3.338775,-5.590542,-1.147535,0.800832,-0.166331,0.564331,0.11195,0.0003677278,-3.3468e-06,-0.0001315285,6.328e-07,1.1977e-06,4.77304e-05,0.0159283094,0.0073333358,-3.85259e-05,0.0078616732,3.24605e-05,0.0028108481,1.865552,4.370884,-0.574344,0.554549,-0.226462,-0.786311,-0.151344
1403636725.31343,3.25535,-5.530617,-1.002841,0.802243,-0.16643,0.563919,0.103455,0.0003663102,-8.4326e-06,-0.0001330232,7.963e-07,3.0636e-06,4.8999e-05,0.0156596758,0.0070567592,-4.15943e-05,0.0076405897,3.36802e-05,0.0028118669,1.936431,4.296584,-0.42999,0.554851,-0.226521,-0.787674,-0.142823
1403636725.36343,3.245917,-5.525214,-0.985242,0.802503,-0.165545,0.563668,0.104221,0.0003662275,-7.5444e-06,-0.000133119,7.47e-07,2.744e-06,4.90699e-05,0.0156407221,0.0070391379,-4.22748e-05,0.0076229957,3.34371e-05,0.0028108764,1.946245,4.288179,-0.411732,0.554567,-0.225633,-0.787993,-0.143567
1403636725.46344,3.229657,-5.51303,-0.953065,0.802635,-0.163875,0.56356,0.106403,0.0003665199,-5.3822e-06,-0.0001328287,6.616e-07,1.9536e-06,4.88081e-05,0.015591087,0.0069818265,-4.27754e-05,0.0075707016,3.35387e-05,0.0028103125,1.965262,4.272366,-0.379689,0.554413,-0.223851,-0.788206,-0.145765
1403636725.61345,3.205889,-5.498818,-0.915815,0.803475,-0.162175,0.562222,0.109698,0.0003661086,-2.187e-06,-0.0001332966,5.81e-07,8.026e-07,4.91777e-05,0.0155144384,0.0069099325,-4.17629e-05,0.0075023486,3.19662e-05,0.0028090298,1.992975,4.250724,-0.343502,0.553019,-0.221913,-0.789107,-0.149114
1403636725.66346,3.200095,-5.494908,-0.907053,0.802484,-0.162116,0.563556,0.11019,0.0003668304,-2.3372e-06,-0.0001323561,5.744e-07,8.472e-07,4.83905e-05,0.0154975183,0.0069044825,-4.12612e-05,0.0074993108,3.17919e-05,0.0028083498,2.001583,4.243853,-0.334447,0.554317,-0.221711,-0.788158,-0.149614
1403636725.71347,3.191215,-5.493517,-0.89869,0.802307,-0.162423,0.563791,0.109824,0.0003669344,-2.7168e-06,-0.0001321625,5.744e-07,9.822e-07,4.82335e-05,0.0154797374,0.00688774,-4.12067e-05,0.0074849231,3.17352e-05,0.0028080336,2.009784,4.23709,-0.327013,0.554614,-0.222147,-0.787873,-0.149366
1403636725.76347,3.182253,-5.489605,-0.892549,0.802592,-0.1623,0.563442,0.109717,0.0003666291,-2.6441e-06,-0.0001324944,5.702e-07,9.593e-07,4.85104e-05,0.0154728844,0.0068677214,-4.12204e-05,0.0074638052,3.16294e-05,0.0028078366,2.017646,4.230269,-0.321218,0.554248,-0.222076,-0.788168,-0.149272
1403636725.81347,3.173504,-5.48443,-0.887953,0.802406,-0.162014,0.563757,0.109882,0.0003668279,-2.4906e-06,-0.0001322309,5.656e-07,9.014e-07,4.82915e-05,0.0154561495,0.0068441699,-4.12263e-05,0.0074421396,3.15454e-05,0.0028076973,2.025376,4.223553,-0.316822,0.554529,-0.221744,-0.788034,-0.149432
1403636725.91347,3.157559,-5.474146,-0.883522,0.803018,-0.163248,0.563068,0.107082,0.0003659829,-4.6386e-06,-0.0001331675,6.078e-07,1.6927e-06,4.90824e-05,0.0154152293,0.0067981921,-4.14012e-05,0.0074037699,3.15835e-05,0.0028078866,2.039826,4.210585,-0.31223,0.554049,-0.222939,-0.788587,-0.146489
1403636726.76347,3.0826,-5.425289,-0.864274,0.794761,-0.16549,0.577526,0.08621,0.0003717472,-2.13507e-05,-0.0001244275,1.8327e-06,7.1597e-06,4.23117e-05,0.0152363994,0.0065842422,-4.36423e-05,0.0072505444,3.36748e-05,0.0028183108,2.146387,4.12271,-0.2981,0.570129,-0.224273,-0.780199,-0.126273
1403636726.81346,3.069737,-5.420724,-0.857512,0.795243,-0.161781,0.577188,0.090936,0.0003723902,-1.66572e-05,-0.0001242548,1.3445e-06,5.5709e-06,4.21148e-05,0.015229871,0.0065703085,-4.33253e-05,0.0072302684,3.2838e-05,0.0028151072,2.155217,4.121424,-0.284583,0.569401,-0.22054,-0.781069,-0.130683
1403636726.91346,3.057827,-5.424749,-0.830087,0.79668,-0.152452,0.576701,0.097343,0.0003733069,-8.1374e-06,-0.0001238642,7.763e-07,2.7088e-06,4.17537e-05,0.0152242402,0.0065247813,-4.36107e-05,0.0071823907,3.24102e-05,0.0028147389,2.17597,4.119066,-0.25269,0.568412,-0.211233,-0.783285,-0.136945
1403636726.96346,3.04606,-5.422925,-0.813993,0.797324,-0.149012,0.576466,0.098781,0.0003733923,-5.6735e-06,-0.0001238533,6.822e-07,1.8903e-06,4.17345e-05,0.0152293975,0.0065102856,-4.37395e-05,0.0071628197,3.20915e-05,0.0028140665,2.187563,4.117735,-0.234908,0.568054,-0.2078,-0.78424,-0.13821
1403636727.01346,3.034796,-5.421781,-0.796055,0.79753,-0.146919,0.576659,0.099122,0.0003735613,-4.5072e-06,-0.0001236436,6.482e-07,1.5004e-06,4.15752e-05,0.0152215158,0.006483283,-4.39363e-05,0.0071342904,3.1852e-05,0.0028137674,2.198949,4.116705,-0.215753,0.568208,-0.205668,-0.784649,-0.138449
1403636727.16346,3.005251,-5.424441,-0.74348,0.79927,-0.139955,0.575251,0.103279,0.0003731806,1.5466e-06,-0.0001242149,6.056e-07,-5.086e-07,4.20034e-05,0.0152400303,0.0064289737,-4.4721e-05,0.007072997,3.17322e-05,0.0028147473,2.23595,4.112721,-0.159184,0.566462,-0.198789,-0.786988,-0.142314
1403636727.21346,2.966124,-5.410259,-0.731652,0.799818,-0.137781,0.574629,0.105398,0.0003728568,3.8781e-06,-0.0001245249,6.322e-07,-1.2878e-06,4.22408e-05,0.0152144955,0.0063945494,-4.50367e-05,0.0070320222,3.15252e-05,0.0028135755,2.248813,4.110502,-0.143189,0.565511,-0.19667,-0.787883,-0.144081
1403636727.41346,2.916678,-5.400761,-0.685408,0.802445,-0.132558,0.571173,0.110776,0.0003712258,1.02812e-05,-0.000126302,8.852e-07,-3.4929e-06,4.36341e-05,0.0151318269,0.0062218397,-4.59781e-05,0.0068742326,3.14045e-05,0.0028152674,2.299176,4.094611,-0.092104,0.561607,-0.191572,-0.791006,-0.149021
1403636727.51345,2.890823,-5.393938,-0.669148,0.801394,-0.132831,0.572697,0.110192,0.0003721382,9.6118e-06,-0.0001251431,8.499e-07,-3.2266e-06,4.27469e-05,0.0150790458,0.0061439541,-4.65455e-05,0.0068076017,3.14219e-05,0.0028156613,2.323267,4.082104,-0.070252,0.563107,-0.19175,-0.789989,-0.148525
1403636727.56346,2.876842,-5.385889,-0.657255,0.800226,-0.134909,0.574386,0.10732,0.0003729409,6.569e-06,-0.0001242474,7.148e-07,-2.1809e-06,4.20553e-05,0.0150596681,0.0061056498,-4.66807e-05,0.0067719925,3.13911e-05,0.002815447,2.335049,4.074515,-0.058453,0.564952,-0.193682,-0.788726,-0.145699
1403636727.71345,2.839237,-5.363759,-0.615558,0.799788,-0.136799,0.57499,0.104934,0.0003731071,4.1125e-06,-0.0001241233,6.497e-07,-1.359e-06,4.19611e-05,0.0149675826,0.0060028442,-4.75756e-05,0.006692544,3.14687e-05,0.0028165949,2.370896,4.048169,-0.015506,0.565655,-0.195468,-0.788228,-0.143262
1403636727.76345,2.824784,-5.354001,-0.597091,0.800211,-0.136246,0.574372,0.105811,0.0003727964,5.0211e-06,-0.0001244756,6.701e-07,-1.668e-06,4.22306e-05,0.0149242106,0.0059608094,-4.7667e-05,0.0066601532,3.14507e-05,0.0028164675,2.382159,4.038718,0.002474,0.564937,-0.194899,-0.788743,-0.144033
1403636727.81345,2.810437,-5.343986,-0.577431,0.800681,-0.135294,0.573738,0.106916,0.0003724916,6.2516e-06,-0.0001247988,7.061e-07,-2.0868e-06,4.24817e-05,0.0148793272,0.0059181076,-4.78067e-05,0.0066278365,3.14318e-05,0.0028164965,2.393459,4.028506,0.021973,0.564194,-0.193932,-0.789329,-0.145037
1403636728.01345,2.756865,-5.29888,-0.498969,0.802043,-0.130283,0.571327,0.115496,0.0003715752,1.42173e-05,-0.0001253527,1.1543e-06,-4.7927e-06,4.29693e-05,0.0147026919,0.0057656452,-4.90625e-05,0.0065207618,3.14746e-05,0.0028183206,2.43836,3.979201,0.101964,0.561105,-0.188979,-0.791176,-0.153262
1403636728.06345,2.74031,-5.284246,-0.482353,0.801979,-0.131464,0.57144,0.114029,0.000371566,1.27908e-05,-0.0001254881,1.048e-06,-4.3163e-06,4.30611e-05,0.0146308363,0.0057116563,-4.90846e-05,0.0064837681,3.16237e-05,0.0028182343,2.448704,3.964497,0.118378,0.561263,-0.190116,-0.791076,-0.151786
1403636728.11345,2.725869,-5.268923,-0.467347,0.80076,-0.133521,0.573217,0.111262,0.0003724984,9.8386e-06,-0.0001245043,8.663e-07,-3.2835e-06,4.22938e-05,0.0145660798,0.0056606574,-4.91622e-05,0.0064485047,3.16053e-05,0.0028183401,2.458752,3.948818,0.133397,0.563201,-0.192049,-0.789743,-0.149092
1403636728.71345,2.557599,-5.074406,-0.400136,0.799421,-0.138332,0.577865,0.088672,0.0003731644,-7.1152e-06,-0.0001238748,7.775e-07,2.377e-06,4.18361e-05,0.0137945751,0.0051099163,-5.50111e-05,0.006111525,3.36815e-05,0.0028261305,2.584862,3.732029,0.202595,0.569419,-0.196486,-0.788117,-0.126606
1403636728.76345,2.543376,-5.058261,-0.397405,0.800855,-0.130465,0.577701,0.088717,0.0003731503,-3.405e-06,-0.0001240123,6.67e-07,1.1438e-06,4.19264e-05,0.0137247976,0.0050709095,-5.39436e-05,0.0060862791,3.32299e-05,0.0028244661,2.597231,3.714483,0.205986,0.569335,-0.188661,-0.790094,-0.126563
1403636729.21345,2.38245,-4.905422,-0.349608,0.805066,-0.083158,0.582915,0.07186,0.0003748266,7.2892e-06,-0.0001216066,7.995e-07,-2.3572e-06,4.01833e-05,0.0131600058,0.0046079254,-5.71512e-05,0.0057879303,3.36165e-05,0.0028293532,2.721805,3.544715,0.250512,0.575977,-0.14166,-0.797588,-0.109713
1403636729.26344,2.36426,-4.882519,-0.351105,0.805827,-0.082547,0.582328,0.06873,0.0003742802,5.6784e-06,-0.0001224004,7.33e-07,-1.8507e-06,4.0755e-05,0.0130621967,0.0045644784,-5.64855e-05,0.0057657629,3.3169e-05,0.0028283972,2.736908,3.523981,0.249936,0.575715,-0.14121,-0.798293,-0.106494
1403636729.36345,2.324902,-4.845524,-0.35221,0.806235,-0.080983,0.58225,0.066419,0.0003740945,5.0859e-06,-0.0001226541,7.109e-07,-1.662e-06,4.09416e-05,0.0128984542,0.0044514608,-5.68682e-05,0.0056971977,3.30715e-05,0.0028287256,2.768034,3.481634,0.245949,0.575926,-0.139598,-0.798733,-0.104151
1403636729.61345,2.214892,-4.747139,-0.340998,0.806729,-0.079475,0.581991,0.064483,0.0003738304,4.5934e-06,-0.0001230377,7.059e-07,-1.5054e-06,4.12324e-05,0.0125304338,0.0041555016,-5.90029e-05,0.0055147795,3.32324e-05,0.0028314908,2.853484,3.369864,0.250948,0.575929,-0.138,-0.79927,-0.10212
1403636729.66345,2.194405,-4.728066,-0.333922,0.807094,-0.079738,0.581481,0.064197,0.0003734614,4.315e-06,-0.0001235167,6.933e-07,-1.4207e-06,4.15852e-05,0.0124678262,0.0041050284,-5.90201e-05,0.0054816073,3.32616e-05,0.0028307882,2.87159,3.346803,0.257307,0.575525,-0.138233,-0.799566,-0.101769
1403636729.71345,2.173114,-4.708295,-0.32577,0.806916,-0.080506,0.581749,0.063034,0.000373542,3.1936e-06,-0.0001234178,6.66e-07,-1.0484e-06,4.15081e-05,0.0123975831,0.00405167,-5.91792e-05,0.0054481058,3.32726e-05,0.0028304501,2.889784,3.323591,0.264514,0.575943,-0.138941,-0.799292,-0.100586
1403636730.11345,1.989947,-4.540063,-0.291879,0.814595,-0.083193,0.570734,0.061459,0.0003666492,1.9769e-06,-0.0001322464,6.666e-07,-7.042e-07,4.84636e-05,0.0118082755,0.0035763822,-6.36815e-05,0.0051724944,3.39687e-05,0.0028362925,3.034596,3.13599,0.295644,0.565205,-0.14193,-0.806729,-0.097915
1403636730.16345,1.967906,-4.516617,-0.28707,0.814533,-0.083883,0.570809,0.060632,0.0003666532,1.1722e-06,-0.0001322242,6.43e-07,-4.17e-07,4.84291e-05,0.0117300668,0.0035419137,-6.12142e-05,0.0051486168,3.34827e-05,0.0028332079,3.051576,3.112372,0.294842,0.56552,-0.142523,-0.806513,-0.097017
1403636730.46346,1.847582,-4.392089,-0.307974,0.818158,-0.083477,0.565889,0.058463,0.0003632869,4.124e-07,-0.0001361883,6.491e-07,-1.484e-07,5.18192e-05,0.0113014634,0.0032254271,-6.41039e-05,0.0049790383,3.41705e-05,0.0028369499,3.148688,2.974572,0.270306,0.560921,-0.142172,-0.81011,-0.094229
1403636730.51346,1.833624,-4.373202,-0.31109,0.820442,-0.082881,0.562585,0.059199,0.0003610834,1.4996e-06,-0.00013864,6.475e-07,-5.712e-07,5.39973e-05,0.0112357201,0.003195543,-6.4131e-05,0.0049645254,3.42578e-05,0.0028360607,3.164156,2.952379,0.267046,0.557651,-0.141675,-0.812405,-0.094618
1403636730.86346,1.744679,-4.245707,-0.267714,0.826985,-0.084991,0.553042,0.054922,0.0003542681,-1.1634e-06,-0.0001458567,6.575e-07,4.85e-07,6.08501e-05,0.0108198708,0.0029678654,-6.82027e-05,0.0048681151,3.5648e-05,0.0028408412,3.232714,2.813708,0.306096,0.548466,-0.144022,-0.818801,-0.089489
1403636730.91345,1.738197,-4.229601,-0.258456,0.827162,-0.08744,0.55268,0.051982,0.0003537519,-4.0573e-06,-0.0001463021,6.917e-07,1.6846e-06,6.13016e-05,0.0107682167,0.0029474577,-6.8321e-05,0.0048569342,3.60194e-05,0.0028398028,3.238382,2.796055,0.316837,0.548354,-0.146396,-0.818779,-0.086477
1403636730.96345,1.730968,-4.211861,-0.248853,0.826095,-0.090616,0.554131,0.047915,0.0003543466,-8.1103e-06,-0.0001455179,8.245e-07,3.3394e-06,6.05492e-05,0.0107146471,0.0029298449,-6.8347e-05,0.0048485587,3.61207e-05,0.0028390867,3.243349,2.779226,0.326671,0.550093,-0.149431,-0.817481,-0.082427
1403636731.21346,1.709183,-4.145424,-0.212993,0.811832,-0.100724,0.573923,0.037363,0.0003659853,-2.13016e-05,-0.0001313052,1.8925e-06,7.6569e-06,4.78885e-05,0.0105055718,0.0028504784,-7.16847e-05,0.0048315678,3.72155e-05,0.0028441117,3.257381,2.71257,0.359666,0.570429,-0.158465,-0.802584,-0.073209
1403636731.31346,1.69809,-4.129916,-0.211439,0.809368,-0.095661,0.577602,0.04635,0.0003694831,-1.37922e-05,-0.0001279894,1.1612e-06,4.7844e-06,4.51088e-05,0.0104507442,0.0028264512,-7.23909e-05,0.0048195389,3.82793e-05,0.002843527,3.263505,2.695798,0.365174,0.573479,-0.153153,-0.800548,-0.082424
1403636731.56346,1.673066,-4.101857,-0.222612,0.810359,-0.092943,0.576238,0.051291,0.0003691831,-9.3037e-06,-0.0001287833,8.88e-07,3.2479e-06,4.57106e-05,0.0103617531,0.0027633718,-7.49669e-05,0.0047922861,4.00171e-05,0.0028460736,3.283847,2.662928,0.357613,0.571753,-0.150387,-0.801805,-0.087127
1403636731.71346,1.654651,-4.095149,-0.241866,0.80982,-0.096001,0.576848,0.047147,0.0003691155,-1.34031e-05,-0.0001285009,1.1413e-06,4.6699e-06,4.5526e-05,0.0103320305,0.0027284205,-7.53754e-05,0.0047705498,4.04747e-05,0.0028460807,3.299119,2.648336,0.341483,0.572641,-0.153362,-0.801046,-0.08299
1403636731.86346,1.637568,-4.090936,-0.269958,0.810602,-0.091323,0.575954,0.053486,0.0003692439,-7.2014e-06,-0.0001288313,7.965e-07,2.5115e-06,4.57469e-05,0.0103357985,0.0026950625,-7.5303e-05,0.0047453332,4.04578e-05,0.0028461618,3.317822,2.640324,0.316813,0.571358,-0.148666,-0.802185,-0.089148
1403636732.11346,1.605091,-4.089681,-0.332296,0.809138,-0.088148,0.578334,0.055277,0.000370927,-4.8803e-06,-0.0001268084,7.281e-07,1.6647e-06,4.41575e-05,0.0103360381,0.0026424249,-7.53222e-05,0.0047099033,4.01586e-05,0.0028471128,3.351551,2.633018,0.257775,0.573647,-0.145294,-0.800967,-0.09095
1403636732.16347,1.599235,-4.08843,-0.348486,0.809151,-0.087184,0.578397,0.055946,0.0003710048,-4.0298e-06,-0.0001267125,7.015e-07,1.3725e-06,4.40735e-05,0.0103240892,0.0026412634,-7.1152e-05,0.0046957206,3.74478e-05,0.00284355,3.358693,2.632218,0.24297,0.573711,-0.144263,-0.801038,-0.09155
1403636732.21347,1.592149,-4.088095,-0.362134,0.80828,-0.086635,0.579658,0.056344,0.000371805,-3.6129e-06,-0.0001256621,6.878e-07,1.217e-06,4.32618e-05,0.0103159634,0.0026323821,-6.97629e-05,0.0046857456,3.65695e-05,0.0028422407,3.366054,2.631905,0.229013,0.574972,-0.143591,-0.800202,-0.092009
1403636732.51348,1.531154,-4.087675,-0.407457,0.804831,-0.071009,0.584282,0.076282,0.0003753608,1.57429e-05,-0.0001199122,1.326e-06,-5.0462e-06,3.91034e-05,0.0103176915,0.0025340412,-6.88107e-05,0.004620539,3.54138e-05,0.0028437612,3.422971,2.628701,0.181995,0.578355,-0.127628,-0.797899,-0.11215
1403636732.56348,1.519086,-4.085401,-0.406026,0.803341,-0.066935,0.586093,0.081595,0.000376317,2.08013e-05,-0.000117754,1.8107e-06,-6.5287e-06,3.76351e-05,0.0103057291,0.0025141824,-6.78371e-05,0.0046053624,3.48317e-05,0.0028425694,3.434631,2.625898,0.181015,0.579853,-0.12344,-0.796686,-0.117586
1403636732.81348,1.446151,-4.044796,-0.390406,0.798081,-0.070372,0.593948,0.073082,0.0003808496,1.31716e-05,-0.0001121444,1.123e-06,-3.8935e-06,3.38122e-05,0.0101897792,0.0023745794,-6.73161e-05,0.0045296831,3.40617e-05,0.0028442142,3.496223,2.584008,0.195325,0.588292,-0.126403,-0.791161,-0.109548
1403636732.91347,1.413442,-4.023198,-0.377892,0.798514,-0.071989,0.593544,0.069995,0.0003805663,1.04868e-05,-0.0001128425,9.532e-07,-3.1229e-06,3.42485e-05,0.0101063109,0.0023118971,-6.71057e-05,0.0044972502,3.38011e-05,0.0028439484,3.524398,2.556686,0.205359,0.588123,-0.127984,-0.791458,-0.106422
1403636732.96347,1.395881,-4.011547,-0.373862,0.799775,-0.072564,0.591924,0.068704,0.0003796014,9.5517e-06,-0.0001143654,8.991e-07,-2.8903e-06,3.52428e-05,0.0100718072,0.0022826608,-6.69056e-05,0.0044811847,3.3671e-05,0.0028433002,3.539939,2.541254,0.208057,0.586623,-0.128591,-0.79266,-0.105017
1403636733.11347,1.334652,-3.969532,-0.368698,0.805466,-0.072994,0.584341,0.066646,0.0003750983,8.7272e-06,-0.0001209225,8.631e-07,-2.8257e-06,3.97823e-05,0.0099450869,0.00217018,-6.67403e-05,0.0044264202,3.33052e-05,0.0028440463,3.590189,2.490265,0.212764,0.579241,-0.129278,-0.798303,-0.102379
1403636733.46347,1.178077,-3.848069,-0.304796,0.810966,-0.074133,0.577167,0.06097,0.0003705202,5.2486e-06,-0.0001272385,7.479e-07,-1.8119e-06,4.45222e-05,0.0095877474,0.0018805309,-6.72538e-05,0.0043023437,3.27322e-05,0.0028481078,3.723483,2.3468,0.278518,0.572548,-0.130566,-0.80369,-0.09604
1403636733.56348,1.138014,-3.813115,-0.274645,0.813023,-0.074952,0.574317,0.059459,0.0003685973,4.1506e-06,-0.0001296894,7.174e-07,-1.4682e-06,4.64612e-05,0.0094776496,0.0018044819,-6.78465e-05,0.0042718798,3.29239e-05,0.0028483211,3.76181,2.302239,0.306179,0.569791,-0.131427,-0.805719,-0.094252
1403636733.61348,1.115125,-3.793173,-0.262648,0.81391,-0.074119,0.573129,0.059832,0.0003678763,4.901e-06,-0.0001305347,7.307e-07,-1.7466e-06,4.71454e-05,0.0094305495,0.0017728399,-6.81526e-05,0.0042586464,3.31587e-05,0.002847914,3.78109,2.279806,0.318806,0.568617,-0.130608,-0.806649,-0.094515
1403636733.86348,1.006858,-3.695557,-0.22695,0.817175,-0.074661,0.568593,0.057909,0.0003648542,3.8126e-06,-0.0001342053,7.143e-07,-1.4086e-06,5.02112e-05,0.0091569357,0.001580899,-6.97185e-05,0.0041915082,3.35568e-05,0.0028513717,3.874012,2.167479,0.357613,0.564252,-0.131237,-0.809879,-0.092156
1403636733.96348,0.965746,-3.655586,-0.22023,0.815503,-0.071603,0.570925,0.062231,0.0003665085,7.7189e-06,-0.0001320591,8.349e-07,-2.7896e-06,4.84222e-05,0.0090459497,0.001509825,-7.04749e-05,0.0041675661,3.38934e-05,0.0028519475,3.908734,2.122732,0.364375,0.566299,-0.128037,-0.808446,-0.096585
1403636734.26348,0.846745,-3.52563,-0.214054,0.809883,-0.073461,0.578832,0.060391,0.0003715106,5.0463e-06,-0.0001259464,7.523e-07,-1.7165e-06,4.35397e-05,0.0087119003,0.0013065883,-7.29249e-05,0.0041117758,3.47708e-05,0.0028566112,4.007209,1.982578,0.378203,0.57436,-0.129443,-0.802679,-0.09519
1403636734.36348,0.802678,-3.482132,-0.195609,0.811366,-0.074699,0.576906,0.057307,0.0003701458,2.7231e-06,-0.0001277618,7.016e-07,-9.429e-07,4.49433e-05,0.0085801288,0.001238919,-7.36561e-05,0.0040940456,3.50924e-05,0.002856931,4.040947,1.933607,0.392091,0.572671,-0.130705,-0.804056,-0.091965
1403636734.56348,0.722106,-3.398525,-0.153628,0.815637,-0.07508,0.571201,0.05318,0.0003662671,4.419e-07,-0.0001325784,6.861e-07,-1.597e-07,4.88489e-05,0.0083581461,0.0011077366,-7.49698e-05,0.0040640243,3.57224e-05,0.002859059,4.108026,1.836449,0.433173,0.567249,-0.131254,-0.80831,-0.087387
1403636734.61348,0.70072,-3.378032,-0.14222,0.816813,-0.075007,0.569609,0.052297,0.0003651878,5.17e-08,-0.0001338443,6.81e-07,-1.78e-08,4.99122e-05,0.0083147663,0.0010783449,-7.54629e-05,0.0040559634,3.60728e-05,0.0028587312,4.12436,1.812543,0.44147,0.565736,-0.131217,-0.809483,-0.086386
1403636734.66348,0.68005,-3.357431,-0.133255,0.817962,-0.074272,0.568024,0.052635,0.0003641628,7.282e-07,-0.000135026,6.787e-07,-2.689e-07,5.09214e-05,0.0082632627,0.0010466824,-7.59594e-05,0.0040480462,3.63689e-05,0.0028586638,4.140504,1.788949,0.448292,0.564149,-0.130522,-0.810678,-0.086606
1403636734.76348,0.63967,-3.315952,-0.122419,0.818422,-0.071997,0.567588,0.053351,0.0003639106,2.2361e-06,-0.0001352943,6.901e-07,-8.312e-07,5.11568e-05,0.008162093,0.0009890227,-7.69603e-05,0.004036998,3.6878e-05,0.0028598342,4.171602,1.742553,0.457721,0.563705,-0.128252,-0.811276,-0.087288
1403636734.81348,0.620341,-3.29763,-0.119407,0.819075,-0.071732,0.566745,0.052641,0.0003633108,1.9696e-06,-0.0001359754,6.826e-07,-7.363e-07,5.17463e-05,0.0081107117,0.0009584517,-7.733e-05,0.0040299338,3.69675e-05,0.0028598098,4.186645,1.719665,0.459878,0.56294,-0.128028,-0.811921,-0.086559
1403636734.96348,0.566683,-3.245297,-0.116429,0.81951,-0.071288,0.566399,0.050123,0.0003629983,7.801e-07,-0.0001363291,6.636e-07,-2.843e-07,5.20448e-05,0.0079509398,0.0009011848,-7.29951e-05,0.0039998289,3.30115e-05,0.0028559434,4.228387,1.652466,0.4584,0.562861,-0.127551,-0.812291,-0.084271
1403636735.01348,0.551304,-3.226487,-0.118484,0.819488,-0.070462,0.566468,0.050883,0.0003629971,1.4379e-06,-0.0001363138,6.646e-07,-5.312e-07,5.2031e-05,0.0079242274,0.0008757745,-7.31292e-05,0.0039952264,3.31775e-05,0.0028561185,4.241218,1.630755,0.455787,0.562907,-0.126698,-0.812314,-0.08502
1403636736.06348,0.414061,-2.934534,0.094347,0.815597,-0.081952,0.570066,0.055771,0.0003657827,-8.871e-07,-0.0001332087,7.379e-07,3.326e-07,4.94444e-05,0.0073222993,0.0006695812,-8.35556e-05,0.0040358714,3.67392e-05,0.002894354,4.39817,1.281606,0.598694,0.566122,-0.137433,-0.807809,-0.089791
1403636736.16348,0.413245,-2.913326,0.124577,0.814037,-0.073281,0.574056,0.049321,0.0003679474,-1.4382e-06,-0.0001306046,7.498e-07,5.225e-07,4.72958e-05,0.0072927728,0.0006654857,-8.5011e-05,0.0040490022,3.74287e-05,0.0029024763,4.403245,1.256364,0.619787,0.570553,-0.12863,-0.806807,-0.0836
1403636736.46347,0.416896,-2.840892,0.206186,0.814153,-0.04372,0.577854,0.036444,0.0003698236,3.4754e-06,-0.000128271,7.958e-07,-1.1959e-06,4.54445e-05,0.0072068434,0.0006345105,-8.08254e-05,0.0040835238,4.62275e-05,0.0029234119,4.420546,1.183472,0.693324,0.575392,-0.099102,-0.808744,-0.070976
1403636736.51347,0.4162,-2.831094,0.213668,0.813934,-0.038514,0.578399,0.038503,0.0003700767,7.1791e-06,-0.0001278038,9.058e-07,-2.4732e-06,4.50934e-05,0.0071697929,0.0006370503,-7.92013e-05,0.004089894,4.92508e-05,0.0029263536,4.423315,1.171621,0.700985,0.575821,-0.093873,-0.808876,-0.073069
1403636736.76348,0.409689,-2.773732,0.239381,0.813523,-0.025688,0.579425,0.042261,0.0003704092,1.53567e-05,-0.0001266941,1.4243e-06,-5.2531e-06,4.4312e-05,0.0071084704,0.0006044218,-7.51358e-05,0.0041347621,5.90515e-05,0.0029530793,4.439266,1.104796,0.718144,0.576631,-0.080929,-0.809346,-0.076847
1403636736.81348,0.406676,-2.760738,0.238285,0.813007,-0.024284,0.580201,0.042397,0.000370844,1.60521e-05,-0.0001260551,1.4862e-06,-5.458e-06,4.38278e-05,0.0070940341,0.000592918,-7.24486e-05,0.0041410141,6.20991e-05,0.0029551073,4.442783,1.088954,0.718734,0.577401,-0.079467,-0.808925,-0.07703
1403636737.01348,0.393688,-2.698642,0.234867,0.813746,-0.025022,0.579682,0.034071,0.0003706031,1.04548e-05,-0.0001269837,1.1024e-06,-3.5797e-06,4.45091e-05,0.0070297348,0.0005512099,-6.58132e-05,0.004184051,7.05669e-05,0.0029764749,4.458105,1.01722,0.712866,0.577418,-0.080118,-0.809605,-0.068645
1403636737.06348,0.388149,-2.682638,0.228448,0.813505,-0.025828,0.580184,0.030486,0.0003709284,7.7933e-06,-0.0001267649,9.749e-07,-2.6589e-06,4.43236e-05,0.0070123756,0.0005356874,-6.24942e-05,0.0041908429,7.15551e-05,0.0029755451,4.461942,0.997479,0.709874,0.578138,-0.080871,-0.809309,-0.065089
1403636737.11348,0.379225,-2.666763,0.2158,0.812982,-0.027221,0.581075,0.025912,0.0003714623,4.2516e-06,-0.0001262512,8.636e-07,-1.4377e-06,4.39127e-05,0.0069937582,0.0005213014,-6.18132e-05,0.0041939771,7.30955e-05,0.0029708687,4.465933,0.977243,0.70631,0.579301,-0.082197,-0.80869,-0.060627
1403636737.16348,0.316301,-2.617702,0.168161,0.812993,-0.026863,0.58116,0.02394,0.0003713443,3.1752e-06,-0.0001264396,8.409e-07,-1.0727e-06,4.40524e-05,0.0069429857,0.0005164307,-8.58547e-05,0.0041620562,7.29217e-05,0.0029409974,4.470094,0.957016,0.701886,0.579276,-0.08178,-0.808893,-0.058681
1403636737.21348,0.293098,-2.589968,0.14878,0.813014,-0.026547,0.581217,0.022117,0.0003714316,2.011e-06,-0.000126355,8.215e-07,-6.666e-07,4.39756e-05,0.0068238129,0.0004751501,-8.67808e-05,0.0041249168,6.55833e-05,0.0029265704,4.474484,0.93662,0.696614,0.579366,-0.08144,-0.809005,-0.056688
1403636737.46348,0.208014,-2.465538,0.113532,0.818483,-0.023675,0.573837,0.01536,0.0003665883,-7.807e-07,-0.0001324302,8.133e-07,3.066e-07,4.88577e-05,0.0065372958,0.0004434277,-0.0001132515,0.0041057418,5.74661e-05,0.0029188521,4.500187,0.835273,0.672464,0.572289,-0.078791,-0.814773,-0.049211
1403636737.51348,0.196374,-2.440164,0.115068,0.819587,-0.022316,0.572306,0.015673,0.0003657114,1.33e-07,-0.0001334803,8.139e-07,-2.37e-08,4.97378e-05,0.0064385628,0.0003950394,-0.000109322,0.0041010592,5.00696e-05,0.0029152895,4.505191,0.81566,0.673047,0.570744,-0.077476,-0.815974,-0.049347
1403636737.56348,0.185852,-2.416974,0.116639,0.820116,-0.022814,0.571575,0.013807,0.0003652,-1.263e-06,-0.0001340802,8.195e-07,4.911e-07,5.02446e-05,0.0063794764,0.0003832173,-0.0001083101,0.004094723,4.67201e-05,0.0029126262,4.509836,0.796339,0.674856,0.57013,-0.077975,-0.816474,-0.04736
1403636737.66348,0.164957,-2.376073,0.128319,0.821447,-0.02558,0.569653,0.008093,0.0003638123,-6.0628e-06,-0.0001355744,9.194e-07,2.2954e-06,5.1545e-05,0.006287394,0.00038406,-0.000100324,0.0040734654,3.73986e-05,0.0029076152,4.518281,0.75869,0.682699,0.56862,-0.080766,-0.817577,-0.041433
1403636737.71348,0.157974,-2.357969,0.136084,0.822272,-0.027449,0.568408,0.005303,0.0003628485,-8.6299e-06,-0.0001365433,1.0255e-06,3.2875e-06,5.24093e-05,0.0062464416,0.0003744453,-9.92304e-05,0.0040766144,3.65023e-05,0.0029069468,4.522872,0.740636,0.688271,0.567575,-0.082656,-0.818258,-0.038501
1403636738.16349,0.078755,-2.243241,0.248021,0.821143,-0.031908,0.569798,0.005955,0.0003636856,-1.02893e-05,-0.0001355385,1.1499e-06,3.8785e-06,5.15807e-05,0.0061153056,0.000289968,-0.0001026573,0.0041378619,3.07555e-05,0.0029230094,4.542006,0.625599,0.817078,0.568896,-0.086917,-0.816874,-0.038988
1403636738.21349,0.068442,-2.235545,0.26921,0.820453,-0.03149,0.570789,0.008065,0.0003644629,-8.7766e-06,-0.0001347542,1.0728e-06,3.2895e-06,5.08882e-05,0.0061080853,0.000278423,-0.0001018463,0.0041391798,3.32878e-05,0.0029221403,4.542739,0.617922,0.833435,0.56972,-0.086522,-0.816239,-0.041075
1403636738.3135,0.053493,-2.22071,0.299075,0.820374,-0.032226,0.570831,0.009993,0.0003645787,-7.8713e-06,-0.0001346909,1.0388e-06,2.9538e-06,5.08304e-05,0.0061007742,0.0002586061,-0.0001018421,0.0041485229,3.51555e-05,0.0029239789,4.543764,0.604203,0.86063,0.569636,-0.087275,-0.816124,-0.042896
1403636738.36349,0.057557,-2.220266,0.316802,0.820548,-0.033153,0.570517,0.010611,0.0003644467,-7.8856e-06,-0.000134851,1.0405e-06,2.9654e-06,5.09668e-05,0.0060926276,0.0002543607,-0.0001036105,0.0041453633,3.87938e-05,0.0029233321,4.543785,0.598092,0.871912,0.569365,-0.088255,-0.816181,-0.043401
1403636738.46349,0.050251,-2.207684,0.336826,0.820905,-0.035052,0.569847,0.012706,0.0003640302,-7.3516e-06,-0.0001353785,1.0248e-06,2.783e-06,5.14227e-05,0.0060986951,0.0002496413,-0.0001046492,0.0041495476,4.10942e-05,0.0029252388,4.542774,0.587664,0.889954,0.568595,-0.090176,-0.816402,-0.045346
1403636738.51349,0.059698,-2.213567,0.348413,0.821453,-0.038306,0.568806,0.01441,0.0003634324,-7.6044e-06,-0.0001360576,1.0312e-06,2.9004e-06,5.20143e-05,0.0060839294,0.0002614213,-0.0001085275,0.0041341875,4.65847e-05,0.0029244716,4.541934,0.583822,0.896678,0.567558,-0.093477,-0.81666,-0.046985
1403636738.5635,0.142814,-2.238993,0.365831,0.822546,-0.042926,0.566805,0.017514,0.0003623911,-7.8519e-06,-0.000137207,1.0153e-06,3.0262e-06,5.30124e-05,0.0059941942,0.0003255605,-0.0001135469,0.0040630811,5.05345e-05,0.0029168228,4.54088,0.580888,0.90147,0.565915,-0.098049,-0.817116,-0.049515
1403636738.6135,0.144307,-2.236387,0.368578,0.823184,-0.049094,0.565287,0.020203,0.000361062,-8.5114e-06,-0.0001386534,1.0472e-06,3.3221e-06,5.43158e-05,0.0060339281,0.0003950509,-0.000112321,0.0040488046,5.03837e-05,0.0029151979,4.539386,0.578784,0.904501,0.564226,-0.10426,-0.817358,-0.052029
1403636738.6635,0.146425,-2.235125,0.369817,0.82293,-0.05612,0.564835,0.024441,0.0003608568,-8.8633e-06,-0.0001388602,1.0654e-06,3.4637e-06,5.45094e-05,0.0060289933,0.0003982751,-0.0001116839,0.0040473305,5.01758e-05,0.0029153992,4.537495,0.577655,0.906179,0.563495,-0.111272,-0.816664,-0.056174
1403636738.9135,0.154735,-2.242967,0.356666,0.811484,-0.107522,0.572257,0.049539,0.000366301,-1.65361e-05,-0.0001319133,1.6094e-06,6.0038e-06,4.85971e-05,0.0060450643,0.0004050955,-0.0001142573,0.0040487328,5.20622e-05,0.0029206301,4.52844,0.584953,0.892053,0.569063,-0.161827,-0.802083,-0.081543
1403636738.96349,0.161134,-2.249434,0.34455,0.809027,-0.120199,0.572764,0.054482,0.0003666959,-1.92742e-05,-0.0001310606,1.8739e-06,6.9366e-06,4.79304e-05,0.00604964,0.0004090725,-0.0001119191,0.0040453767,5.02613e-05,0.00291739,4.527471,0.58916,0.884608,0.569254,-0.174384,-0.798805,-0.086471
1403636739.06349,0.166336,-2.262608,0.32347,0.80382,-0.146884,0.572713,0.065564,0.0003668028,-2.44657e-05,-0.0001300636,2.4942e-06,8.7214e-06,4.72115e-05,0.0060697017,0.0004156193,-0.0001103779,0.0040427553,4.92275e-05,0.0029156415,4.526825,0.601087,0.865361,0.568453,-0.200709,-0.791891,-0.09744
1403636739.11349,0.168534,-2.271511,0.311532,0.801511,-0.158321,0.571772,0.074774,0.0003670061,-2.3815e-05,-0.0001299298,2.4051e-06,8.4735e-06,4.70916e-05,0.0060814104,0.0004199356,-0.000108797,0.0040407895,4.83244e-05,0.0029138991,4.52732,0.609155,0.854255,0.566955,-0.211976,-0.788851,-0.106543
1403636739.36349,0.162323,-2.328076,0.244084,0.790543,-0.204785,0.560843,0.136239,0.000368787,-5.6542e-06,-0.0001298189,9.475e-07,1.9934e-06,4.68007e-05,0.006171329,0.0004154586,-0.0001069648,0.0040393206,4.74336e-05,0.0029113467,4.539709,0.661998,0.785091,0.552003,-0.257623,-0.775267,-0.167017
1403636739.41349,0.160251,-2.340961,0.231541,0.788254,-0.213661,0.557942,0.147331,0.0003688017,-2.4749e-06,-0.000129889,8.718e-07,8.664e-07,4.68406e-05,0.0061889933,0.0004136184,-0.00010522,0.0040380465,4.64733e-05,0.0029088649,4.543758,0.673345,0.771802,0.548424,-0.266308,-0.772456,-0.177854
1403636739.46349,0.157957,-2.353188,0.221853,0.785587,-0.222821,0.555314,0.157577,0.0003689212,-3.63e-08,-0.0001297535,8.51e-07,2e-10,4.67241e-05,0.0062070519,0.0004116569,-0.0001038314,0.0040373049,4.60092e-05,0.0029071753,4.547997,0.684595,0.760338,0.545177,-0.275239,-0.769246,-0.18787
1403636739.51349,0.156362,-2.364678,0.214525,0.782878,-0.233155,0.552692,0.165142,0.0003686593,2.292e-07,-0.0001300674,8.471e-07,-9.87e-08,4.69721e-05,0.0062241674,0.0004096329,-0.0001026416,0.0040368392,4.57632e-05,0.0029057282,4.552115,0.695423,0.750939,0.542109,-0.285338,-0.765903,-0.195197
1403636739.61349,0.15391,-2.385779,0.205499,0.776391,-0.251907,0.550865,0.174091,0.0003691961,-2.9667e-06,-0.0001293642,8.672e-07,1.0147e-06,4.63989e-05,0.0062581716,0.0004059073,-0.0001009398,0.004036992,4.58867e-05,0.0029036207,4.559655,0.716024,0.739358,0.539727,-0.303591,-0.758258,-0.203902
1403636739.66349,0.153977,-2.395919,0.203598,0.77499,-0.258213,0.548497,0.178515,0.0003686047,-2.7059e-06,-0.0001300937,8.553e-07,9.236e-07,4.69733e-05,0.0062731342,0.0004057259,-9.99703e-05,0.004036521,4.5763e-05,0.0029016066,4.563243,0.725999,0.736142,0.537139,-0.309754,-0.756462,-0.208095
1403636739.76349,0.153319,-2.415778,0.201139,0.771235,-0.268711,0.547674,0.181782,0.0003686891,-5.5697e-06,-0.0001298956,9.107e-07,1.9235e-06,4.68037e-05,0.0063046918,0.0004043018,-9.82703e-05,0.0040366521,4.60123e-05,0.0028985548,4.569611,0.745239,0.731101,0.536138,-0.319924,-0.752049,-0.211253
1403636739.8135,0.153907,-2.425201,0.198506,0.769972,-0.272292,0.547461,0.182448,0.0003686312,-6.8338e-06,-0.0001298965,9.41e-07,2.3635e-06,4.67913e-05,0.0063199299,0.0004045713,-9.7493e-05,0.0040360752,4.59439e-05,0.0028958632,4.572633,0.754706,0.726894,0.535928,-0.323369,-0.750547,-0.21188
1403636739.8635,0.154788,-2.434702,0.194266,0.769404,-0.27484,0.546728,0.183219,0.0003682996,-7.4139e-06,-0.0001302644,9.519e-07,2.5722e-06,4.70761e-05,0.0063352085,0.0004047469,-9.66965e-05,0.0040355936,4.5924e-05,0.0028932901,4.575512,0.764388,0.721423,0.535197,-0.325846,-0.74981,-0.212542
1403636740.0635,0.153996,-2.478486,0.155683,0.769887,-0.274671,0.544848,0.187005,0.0003679012,-4.6105e-06,-0.0001308917,8.401e-07,1.5709e-06,4.75462e-05,0.0064080609,0.0004025846,-9.30799e-05,0.0040368675,4.66965e-05,0.0028865813,4.587966,0.805292,0.68832,0.533011,-0.325687,-0.750437,-0.216038
1403636740.16349,0.154119,-2.496069,0.138067,0.771303,-0.269279,0.543739,0.192169,0.0003685253,1.1015e-06,-0.0001301916,7.603e-07,-4.734e-07,4.69379e-05,0.0064471567,0.0003986775,-9.17433e-05,0.0040363201,4.6485e-05,0.002880886,4.59541,0.825592,0.665726,0.531823,-0.320375,-0.752142,-0.220929
1403636740.21349,0.154011,-2.502405,0.124412,0.771819,-0.265694,0.543632,0.195362,0.0003689329,4.6321e-06,-0.0001295895,7.782e-07,-1.7109e-06,4.64228e-05,0.0064566296,0.0003981167,-9.15212e-05,0.0040342823,4.65618e-05,0.0028753209,4.599228,0.835532,0.653017,0.531572,-0.316882,-0.752949,-0.2238
1403636740.31349,0.152906,-2.518339,0.098074,0.77186,-0.262122,0.54485,0.196628,0.0003699052,6.7263e-06,-0.0001282691,8.227e-07,-2.4197e-06,4.53609e-05,0.0064826975,0.0003955945,-9.01535e-05,0.0040339563,4.67186e-05,0.0028712807,4.606271,0.853848,0.625309,0.532833,-0.313314,-0.753215,-0.224926
1403636740.51349,0.150672,-2.547129,0.030107,0.769783,-0.263729,0.550777,0.185812,0.0003712485,-1.9702e-06,-0.0001267163,6.712e-07,5.911e-07,4.41e-05,0.0065339924,0.0003907225,-8.76807e-05,0.0040338283,4.72784e-05,0.0028640912,4.617812,0.884471,0.556807,0.539473,-0.314696,-0.751031,-0.214217
1403636740.56349,0.149047,-2.553291,0.012658,0.769701,-0.262932,0.551465,0.185238,0.0003715377,-2.0416e-06,-0.0001263209,6.5e-07,6.162e-07,4.37751e-05,0.0065410101,0.0003887631,-8.74794e-05,0.0040321483,4.70738e-05,0.0028610117,4.621116,0.891394,0.539785,0.540225,-0.313844,-0.751024,-0.213592
1403636740.6635,0.145342,-2.56616,-0.015926,0.770461,-0.262482,0.551643,0.182162,0.0003710679,-3.6202e-06,-0.0001268966,6.675e-07,1.1623e-06,4.42176e-05,0.0065648332,0.0003836909,-8.63028e-05,0.0040329629,4.7462e-05,0.0028592437,4.628153,0.904756,0.510407,0.540696,-0.313384,-0.751755,-0.210485
1403636740.8135,0.135041,-2.587472,-0.049177,0.773973,-0.261726,0.54818,0.178786,0.000368211,-4.0516e-06,-0.0001304862,6.598e-07,1.3662e-06,4.70546e-05,0.0066029312,0.0003732774,-8.51239e-05,0.004033974,4.81174e-05,0.0028561557,4.641368,0.924746,0.476051,0.537428,-0.312712,-0.755391,-0.206802
1403636741.0135,0.115275,-2.615847,-0.101196,0.773851,-0.250605,0.54947,0.190877,0.0003713056,7.7364e-06,-0.0001264212,7.595e-07,-2.7016e-06,4.38322e-05,0.0066609938,0.0003517406,-8.42638e-05,0.0040361626,4.89231e-05,0.0028530892,4.662485,0.951879,0.420734,0.538042,-0.301562,-0.756102,-0.218822
1403636741.0635,0.109623,-2.621005,-0.11739,0.773603,-0.247139,0.549105,0.197343,0.0003721521,1.32192e-05,-0.000124848,1.056e-06,-4.4992e-06,4.26544e-05,0.0066712883,0.00034489,-8.43757e-05,0.0040352133,4.88223e-05,0.0028514799,4.668203,0.95797,0.403076,0.537336,-0.298044,-0.756122,-0.225229
1403636741.1135,0.103748,-2.625645,-0.135548,0.772397,-0.247288,0.549494,0.200767,0.0003729537,1.49879e-05,-0.0001235748,1.181e-06,-5.0269e-06,4.17049e-05,0.0066791024,0.0003390529,-8.43498e-05,0.0040348482,4.89301e-05,0.002850494,4.673668,0.963355,0.383387,0.537545,-0.298104,-0.754924,-0.228624
1403636741.2135,0.091635,-2.633477,-0.17633,0.767792,-0.255713,0.551465,0.202468,0.0003747194,1.13108e-05,-0.0001215686,9.134e-07,-3.7231e-06,4.0189e-05,0.0066931015,0.0003259114,-8.40916e-05,0.0040360197,4.95135e-05,0.0028498759,4.685332,0.971044,0.338683,0.539424,-0.306206,-0.749766,-0.230461
1403636741.3635,0.071911,-2.636805,-0.248056,0.765269,-0.273144,0.549438,0.194609,0.0003722726,-9.638e-07,-0.0001253725,5.721e-07,2.81e-07,4.2973e-05,0.0067005434,0.0003059505,-8.37049e-05,0.0040387291,5.01934e-05,0.0028497756,4.702744,0.974752,0.261907,0.537871,-0.323353,-0.746096,-0.222443
1403636741.4135,0.065774,-2.638318,-0.270236,0.766317,-0.277582,0.546322,0.192974,0.0003700685,-2.9683e-06,-0.0001281753,5.903e-07,9.881e-07,4.51431e-05,0.0066984597,0.0002998363,-8.35643e-05,0.0040384377,5.01668e-05,0.0028493501,4.709108,0.974725,0.237337,0.534891,-0.327798,-0.746818,-0.22069
1403636741.4635,0.05892,-2.63909,-0.291385,0.76795,-0.280982,0.5426,0.192059,0.0003676022,-3.9093e-06,-0.000131209,6.067e-07,1.3573e-06,4.75845e-05,0.0067005902,0.0002938168,-8.32983e-05,0.0040387841,5.02291e-05,0.0028491604,4.715487,0.974527,0.214386,0.531256,-0.331239,-0.748221,-0.219579
1403636741.86352,0.015749,-2.661231,-0.400291,0.772864,-0.281989,0.533478,0.19638,0.0003631164,1.1606e-06,-0.0001365808,5.829e-07,-4.734e-07,5.21493e-05,0.0067347202,0.0002412947,-8.2396e-05,0.0040510097,5.13778e-05,0.0028517262,4.759219,0.992763,0.093588,0.522101,-0.332288,-0.753032,-0.22347
1403636741.91354,0.022632,-2.678738,-0.411256,0.773108,-0.278844,0.534031,0.198395,0.0003639352,3.6862e-06,-0.0001355689,6.004e-07,-1.3989e-06,5.12578e-05,0.0067530406,0.0002472503,-8.30055e-05,0.0040448002,5.09227e-05,0.0028496066,4.763193,0.997536,0.080637,0.522658,-0.329123,-0.753267,-0.226046
1403636741.96354,0.02022,-2.684712,-0.424467,0.77357,-0.27451,0.534282,0.201934,0.0003646072,7.4051e-06,-0.0001346255,7.136e-07,-2.7607e-06,5.04639e-05,0.0067882168,0.0002536507,-8.26563e-05,0.0040421211,5.09856e-05,0.0028491929,4.766721,1.002404,0.066087,0.522734,-0.324813,-0.753994,-0.229653
1403636742.01354,0.018302,-2.690349,-0.439647,0.775286,-0.271121,0.532617,0.204313,0.0003639623,1.0845e-05,-0.0001351345,8.874e-07,-4.0539e-06,5.09308e-05,0.0067994796,0.000251408,-8.23904e-05,0.0040418262,5.10318e-05,0.0028490778,4.769654,1.007196,0.049755,0.520972,-0.321516,-0.755915,-0.231968
1403636742.41354,0.029716,-2.726018,-0.542105,0.777987,-0.270042,0.536051,0.18564,0.0003622111,-1.529e-07,-0.0001376092,5.857e-07,4.41e-08,5.30695e-05,0.0068639844,0.0002645582,-8.16558e-05,0.0040409526,5.18429e-05,0.0028521042,4.763361,1.044513,-0.041627,0.52564,-0.320337,-0.758607,-0.213548
1403636743.11352,0.094568,-2.799726,-0.689607,0.775477,-0.274601,0.538261,0.183045,0.0003630013,-4.5531e-06,-0.0001367318,6.92e-07,1.7041e-06,5.23512e-05,0.0070575965,0.00032149,-8.09458e-05,0.0040494602,5.31961e-05,0.0028688134,4.723233,1.13314,-0.159748,0.528135,-0.324354,-0.755952,-0.210736
1403636743.21352,0.098481,-2.812738,-0.720719,0.784075,-0.283631,0.521733,0.180483,0.0003516843,-4.9389e-06,-0.0001485958,7.106e-07,2.0751e-06,6.36664e-05,0.0070868762,0.0003205603,-8.13202e-05,0.0040520591,5.34156e-05,0.002869588,4.721198,1.146246,-0.195288,0.511793,-0.333712,-0.764096,-0.207039
1403636743.26352,0.101456,-2.820275,-0.733724,0.788099,-0.286453,0.513918,0.180923,0.0003465064,-3.5285e-06,-0.0001534851,6.798e-07,1.5498e-06,6.88823e-05,0.0071058638,0.0003201731,-8.15686e-05,0.0040527349,5.36567e-05,0.0028696506,4.719351,1.154417,-0.211367,0.503973,-0.336705,-0.767996,-0.206944
1403636743.36351,0.111891,-2.83743,-0.7531,0.789471,-0.291976,0.509326,0.179087,0.0003428152,-5.5494e-06,-0.0001566912,7.394e-07,2.5251e-06,7.25297e-05,0.0071485947,0.0003285778,-8.18528e-05,0.0040541687,5.41439e-05,0.0028714529,4.712048,1.174784,-0.235471,0.499513,-0.342219,-0.769059,-0.204747
1403636743.41351,0.119969,-2.848455,-0.757837,0.788898,-0.293578,0.509314,0.179028,0.0003427743,-6.2697e-06,-0.0001567008,7.662e-07,2.8563e-06,7.25483e-05,0.0071716146,0.0003340006,-8.22896e-05,0.0040536375,5.45868e-05,0.0028713817,4.706248,1.187919,-0.243944,0.499509,-0.343756,-0.7684,-0.204659
1403636743.76351,0.215807,-2.969323,-0.826605,0.772396,-0.285586,0.531639,0.198001,0.0003624072,8.548e-07,-0.0001375361,6.696e-07,-3.395e-07,5.30835e-05,0.007425661,0.0004240138,-8.85448e-05,0.004052337,6.09013e-05,0.0028782542,4.639994,1.316813,-0.315042,0.520775,-0.334827,-0.752365,-0.225016
1403636743.81351,0.231391,-2.988638,-0.843094,0.769816,-0.287623,0.533415,0.200311,0.0003640043,5.784e-07,-0.0001357206,6.68e-07,-2.309e-07,5.14869e-05,0.0074838463,0.0004476673,-9.03829e-05,0.0040492438,6.23226e-05,0.0028752965,4.628662,1.337776,-0.331262,0.522405,-0.336702,-0.749669,-0.227431
1403636743.91351,0.263515,-3.026075,-0.879314,0.764046,-0.292215,0.537573,0.204596,0.0003675355,-6.307e-07,-0.0001315529,6.713e-07,2.104e-07,4.79658e-05,0.0075684085,0.0004823754,-9.2936e-05,0.0040494635,6.44191e-05,0.0028749191,4.605363,1.379391,-0.367261,0.526288,-0.340946,-0.74363,-0.23193
1403636743.96346,0.2669,-3.062434,-0.890698,0.762116,-0.292401,0.539218,0.20718,0.0003690214,6.72e-08,-0.0001296088,6.542e-07,-4.01e-08,4.63723e-05,0.0075642583,0.0005092572,-8.94715e-05,0.0040260382,6.1607e-05,0.0028596346,4.593564,1.400134,-0.387321,0.527627,-0.341668,-0.741399,-0.234948
1403636744.31346,0.374678,-3.184718,-1.072617,0.749189,-0.311497,0.541786,0.219438,0.0003732717,-3.4604e-06,-0.0001241195,7.076e-07,1.1335e-06,4.21348e-05,0.0078943193,0.0006255915,-9.26524e-05,0.0040360384,6.67615e-05,0.0028637947,4.510436,1.534597,-0.565747,0.529316,-0.359982,-0.727397,-0.247249
1403636744.66346,0.460657,-3.291414,-1.319097,0.740175,-0.324887,0.551711,0.205437,0.0003746508,-2.139e-05,-0.0001204512,1.9177e-06,6.8729e-06,3.96038e-05,0.0081568887,0.0007325621,-9.69559e-05,0.0040489578,7.25812e-05,0.0028700209,4.444243,1.646517,-0.808401,0.540029,-0.372694,-0.717491,-0.233827
1403636744.71346,0.46729,-3.307414,-1.358704,0.73966,-0.322773,0.552683,0.207995,0.0003759272,-1.93945e-05,-0.0001189874,1.6949e-06,6.1348e-06,3.85341e-05,0.0082030316,0.0007419306,-9.67736e-05,0.0040462969,7.2339e-05,0.0028692011,4.438738,1.662824,-0.847344,0.540831,-0.370595,-0.717122,-0.236426
1403636745.11346,0.488504,-3.422234,-1.615823,0.757263,-0.312358,0.53205,0.214263,0.0003664406,-3.0194e-06,-0.0001327847,7.433e-07,1.0812e-06,4.904e-05,0.0084886397,0.0007830294,-0.000102054,0.0040549488,8.01801e-05,0.0028811752,4.431251,1.775372,-1.109914,0.520009,-0.361215,-0.735396,-0.241472
1403636745.36347,0.495207,-3.486623,-1.716149,0.760522,-0.301913,0.535202,0.209795,0.0003672771,-1.5514e-06,-0.0001318056,7.346e-07,5.452e-07,4.82348e-05,0.0086782166,0.0007993559,-0.0001018238,0.0040565863,8.31069e-05,0.0028864708,4.42662,1.846312,-1.214723,0.523509,-0.35094,-0.739246,-0.237268
1403636745.41347,0.494643,-3.501431,-1.727178,0.758539,-0.298879,0.539257,0.21093,0.0003699637,-8.872e-07,-0.0001284687,7.296e-07,2.956e-07,4.55355e-05,0.0087059854,0.0007930459,-0.0001005469,0.0040532488,8.27487e-05,0.0028858596,4.425112,1.86134,-1.228763,0.527481,-0.347877,-0.737383,-0.238773
1403636745.81347,0.505863,-3.588388,-1.773476,0.750048,-0.30377,0.54276,0.224863,0.000375155,3.0719e-06,-0.0001216469,7.83e-07,-1.0146e-06,4.03912e-05,0.0089582665,0.0008118143,-0.0001037812,0.0040647379,9.00806e-05,0.0029015706,4.417986,1.961409,-1.274096,0.53016,-0.352005,-0.728772,-0.252814
1403636745.91346,0.513027,-3.601567,-1.751026,0.7489,-0.30685,0.539631,0.23193,0.0003750604,6.318e-06,-0.0001216397,8.628e-07,-2.0721e-06,4.03944e-05,0.0089927698,0.0008141568,-0.0001015947,0.00406053,8.49493e-05,0.0028889241,4.416087,1.979908,-1.268208,0.526682,-0.355104,-0.727363,-0.259711
1403636746.06346,0.522668,-3.618349,-1.72304,0.748351,-0.309636,0.533445,0.243994,0.0003742074,1.36515e-05,-0.0001222053,1.2591e-06,-4.4895e-06,4.08607e-05,0.0090251796,0.0008303661,-0.000100436,0.0040614202,8.24626e-05,0.0028834082,4.410973,1.999838,-1.247466,0.519861,-0.357905,-0.726628,-0.271407
1403636746.11346,0.526433,-3.622378,-1.71094,0.748853,-0.310308,0.530773,0.247402,0.0003733742,1.61025e-05,-0.0001230238,1.455e-06,-5.3412e-06,4.14892e-05,0.0090368752,0.0008404238,-9.97525e-05,0.0040616707,8.12155e-05,0.0028804837,4.408244,2.004082,-1.237184,0.517027,-0.358687,-0.727036,-0.274677
1403636746.41346,0.557802,-3.611206,-1.628605,0.732796,-0.31058,0.547606,0.25822,0.0003848595,1.52352e-05,-0.0001059732,1.3744e-06,-4.2321e-06,3.0125e-05,0.0089858793,0.0008735491,-0.0001000963,0.0040694839,7.93335e-05,0.0028773814,4.377875,1.998025,-1.154709,0.53329,-0.358048,-0.710813,-0.286615
1403636746.56348,0.57602,-3.585025,-1.6137,0.74123,-0.318303,0.53791,0.244774,0.0003771806,8.0269e-06,-0.0001185398,9.35e-07,-2.5605e-06,3.82109e-05,0.0089102126,0.000903567,-9.558e-05,0.0040701103,7.43697e-05,0.0028692835,4.358055,1.971757,-1.136797,0.524572,-0.36621,-0.718596,-0.272652
1403636746.71349,0.595406,-3.554597,-1.617656,0.758342,-0.32983,0.517182,0.220572,0.0003589306,-2.5408e-06,-0.0001412614,7.725e-07,9.706e-07,5.65942e-05,0.0088186619,0.0009295459,-9.50225e-05,0.0040691907,7.14364e-05,0.0028649443,4.336054,1.93745,-1.136533,0.505407,-0.378636,-0.734901,-0.247236
1403636746.81348,0.609071,-3.533258,-1.622045,0.761841,-0.335434,0.514062,0.206934,0.0003529257,-1.12818e-05,-0.0001470066,1.1147e-06,4.6774e-06,6.22523e-05,0.0087817233,0.0009503417,-9.49258e-05,0.0040738183,7.1074e-05,0.0028643705,4.318556,1.917358,-1.139833,0.503108,-0.384369,-0.738002,-0.23346
1403636747.21348,0.681968,-3.512956,-1.595145,0.755804,-0.317842,0.527835,0.221645,0.0003657143,-1.296e-07,-0.0001336693,7.717e-07,1.11e-08,4.98674e-05,0.0087325316,0.0010489063,-9.44973e-05,0.0041014004,6.9454e-05,0.0028639359,4.247187,1.895844,-1.115561,0.515963,-0.366541,-0.733054,-0.249125
1403636747.26348,0.691586,-3.514991,-1.585122,0.754767,-0.315328,0.529143,0.225617,0.0003674237,2.683e-06,-0.0001315702,7.802e-07,-1.0005e-06,4.81089e-05,0.0087404517,0.0010602197,-9.45646e-05,0.004099511,6.92559e-05,0.0028629497,4.23682,1.898505,-1.103308,0.51684,-0.364105,-0.732251,-0.253205
1403636747.41348,0.728271,-3.520603,-1.539982,0.753395,-0.313619,0.529654,0.231313,0.0003691024,6.3522e-06,-0.0001293725,8.695e-07,-2.2725e-06,4.63371e-05,0.0087576617,0.0011110302,-9.42432e-05,0.0041130422,6.84834e-05,0.0028621451,4.204442,1.903503,-1.059145,0.516898,-0.362425,-0.731038,-0.258938
1403636747.46348,0.73973,-3.520802,-1.528781,0.75298,-0.313939,0.529438,0.232721,0.000369311,7.0446e-06,-0.0001290609,8.886e-07,-2.5121e-06,4.60873e-05,0.0087558829,0.0011249351,-9.42283e-05,0.0041164689,6.8173e-05,0.0028614766,4.193061,1.904357,-1.046529,0.516473,-0.362815,-0.730642,-0.260353
1403636747.51348,0.751622,-3.520337,-1.51931,0.752959,-0.315837,0.528556,0.232225,0.0003686978,6.1573e-06,-0.0001298578,8.522e-07,-2.2213e-06,4.67196e-05,0.0087543298,0.001140345,-9.41958e-05,0.0041205772,6.78802e-05,0.0028608919,4.181171,1.904818,-1.035685,0.515512,-0.364772,-0.730541,-0.259804
1403636747.56349,0.764171,-3.520001,-1.511003,0.753251,-0.317002,0.527511,0.232064,0.0003680547,5.8955e-06,-0.0001306517,8.39e-07,-2.1476e-06,4.73599e-05,0.0087512245,0.0011564399,-9.4126e-05,0.0041250513,6.75973e-05,0.0028603306,4.168703,1.904933,-1.025991,0.51438,-0.366002,-0.730788,-0.259623
1403636747.96349,0.898427,-3.507135,-1.380495,0.745121,-0.335196,0.531617,0.223206,0.0003681861,-9.4836e-06,-0.0001303092,1.0076e-06,3.3097e-06,4.71275e-05,0.0087354864,0.0013316591,-9.30894e-05,0.0041919301,6.60703e-05,0.0028612499,4.052325,1.898167,-0.909496,0.519121,-0.383638,-0.721439,-0.250728
1403636748.01349,0.913751,-3.498444,-1.365252,0.742376,-0.340291,0.534383,0.217979,0.0003680478,-1.57531e-05,-0.0001298617,1.4318e-06,5.5155e-06,4.68238e-05,0.0087165632,0.0013541062,-9.2942e-05,0.0042009414,6.63802e-05,0.002860614,4.036158,1.897736,-0.890051,0.522202,-0.388527,-0.718382,-0.245543
1403636748.26349,0.993525,-3.497931,-1.287993,0.74146,-0.346058,0.532357,0.216972,0.0003663926,-1.81759e-05,-0.0001315839,1.6701e-06,6.4844e-06,4.82817e-05,0.0087052139,0.001453258,-9.18866e-05,0.0042501879,6.55446e-05,0.002862318,3.970117,1.903919,-0.81783,0.520208,-0.39409,-0.717202,-0.244338
1403636748.31349,1.006009,-3.500391,-1.279325,0.743514,-0.342209,0.529456,0.22306,0.0003667227,-1.20462e-05,-0.0001318844,1.16e-06,4.2835e-06,4.84537e-05,0.0087098493,0.0014708713,-9.17012e-05,0.0042586288,6.55074e-05,0.0028621869,3.959681,1.907619,-0.808081,0.51704,-0.39037,-0.719496,-0.25023
1403636748.3635,1.004746,-3.47425,-1.286208,0.745254,-0.337842,0.526823,0.230034,0.0003669566,-5.1967e-06,-0.0001320171,8.25e-07,1.8139e-06,4.85066e-05,0.0087115193,0.0014895732,-9.09615e-05,0.0042579454,6.69308e-05,0.0028598564,3.949518,1.911978,-0.799229,0.513825,-0.38594,-0.72195,-0.256564
1403636748.4135,1.015499,-3.477182,-1.278252,0.746888,-0.333551,0.524838,0.235471,0.0003675262,5.778e-07,-0.0001314226,7.497e-07,-2.679e-07,4.80052e-05,0.0086391695,0.0014779302,-9.10603e-05,0.004256333,6.6923e-05,0.0028601093,3.939165,1.916798,-0.790749,0.511552,-0.381748,-0.723879,-0.261887
1403636748.61349,1.062119,-3.484808,-1.233102,0.745609,-0.331535,0.526798,0.237982,0.0003693163,2.1933e-06,-0.0001292086,7.682e-07,-8.309e-07,4.62218e-05,0.0086560876,0.0015433559,-9.04655e-05,0.0042889254,6.69128e-05,0.0028610627,3.895318,1.93361,-0.745703,0.51335,-0.379603,-0.722759,-0.264563
1403636748.71349,1.083864,-3.487489,-1.203372,0.742313,-0.336855,0.530953,0.231493,0.0003699967,-5.4955e-06,-0.0001282531,8.349e-07,1.8471e-06,4.54728e-05,0.0086665072,0.0015726813,-9.03685e-05,0.0043030377,6.69377e-05,0.0028609759,3.872749,1.940809,-0.716081,0.517855,-0.384648,-0.719106,-0.258379
1403636748.76349,1.09364,-3.490565,-1.189067,0.740866,-0.339777,0.532608,0.228033,0.0003699219,-9.43e-06,-0.000128113,9.896e-07,3.2108e-06,4.5382e-05,0.0086730383,0.0015849555,-9.03542e-05,0.0043085441,6.69135e-05,0.0028605263,3.862022,1.944366,-0.701945,0.519694,-0.387439,-0.717454,-0.255094
1403636749.26349,1.158208,-3.518683,-1.105421,0.73088,-0.355081,0.536615,0.227543,0.0003713455,-1.8897e-05,-0.0001252798,1.7443e-06,6.3221e-06,4.33071e-05,0.0087617475,0.0016806503,-8.79402e-05,0.0043654122,6.66131e-05,0.0028671204,3.795437,2.002101,-0.611429,0.523582,-0.401796,-0.706779,-0.254731
1403636749.36349,1.165735,-3.538293,-1.073459,0.732882,-0.350166,0.532869,0.237314,0.0003724641,-1.00163e-05,-0.0001248278,1.0465e-06,3.2931e-06,4.28716e-05,0.0087940025,0.0016800999,-8.91223e-05,0.0043620089,6.75718e-05,0.0028650596,3.795246,2.018967,-0.588325,0.519412,-0.396985,-0.709043,-0.264338
1403636749.76349,1.156445,-3.573486,-0.958577,0.736766,-0.335158,0.528782,0.25541,0.0003748701,8.6156e-06,-0.0001217295,9.963e-07,-2.879e-06,4.05833e-05,0.0089035574,0.0016854492,-8.7465e-05,0.0043721181,6.75657e-05,0.0028698784,3.801664,2.073165,-0.471591,0.514402,-0.382103,-0.71397,-0.282198
1403636749.86349,1.167478,-3.59354,-0.936097,0.731968,-0.333496,0.537066,0.254095,0.000379105,5.4688e-06,-0.0001158652,8.674e-07,-1.7521e-06,3.64435e-05,0.0089084606,0.0016944657,-8.59095e-05,0.0043650722,6.51857e-05,0.0028661574,3.800114,2.080672,-0.453255,0.522785,-0.380112,-0.709165,-0.281599
1403636749.91349,1.169516,-3.605901,-0.92601,0.730645,-0.332093,0.540048,0.253417,0.0003804553,4.5536e-06,-0.0001138514,8.335e-07,-1.4433e-06,3.50915e-05,0.0089574411,0.0017184551,-8.65136e-05,0.0043696776,6.53805e-05,0.0028640117,3.799334,2.083106,-0.446534,0.525784,-0.378762,-0.707784,-0.281305
1403636750.2635,1.168657,-3.588595,-0.900088,0.736264,-0.32662,0.540326,0.24348,0.0003783832,2.0096e-06,-0.0001170221,7.933e-07,-7.014e-07,3.72383e-05,0.0089106411,0.0016959487,-8.61488e-05,0.0043619452,6.50167e-05,0.0028647995,3.806231,2.062877,-0.418871,0.526976,-0.373687,-0.713391,-0.271528
1403636750.3635,1.163497,-3.581669,-0.875994,0.740352,-0.325452,0.536923,0.240153,0.0003755812,2.4245e-06,-0.0001209874,7.931e-07,-8.599e-07,4.00287e-05,0.0089025114,0.0017076444,-8.62475e-05,0.0043675548,6.49537e-05,0.002863904,3.811308,2.048227,-0.400206,0.523783,-0.372641,-0.71759,-0.268057
1403636750.66351,1.142033,-3.539982,-0.759714,0.746413,-0.318028,0.53577,0.233831,0.0003733207,3.3189e-06,-0.0001240433,8.062e-07,-1.1786e-06,4.22939e-05,0.0087987534,0.0016734725,-8.56152e-05,0.0043551585,6.41873e-05,0.0028649445,3.829465,1.992676,-0.286319,0.522949,-0.365456,-0.724198,-0.26173
1403636750.7135,1.136698,-3.531372,-0.734301,0.74739,-0.317116,0.535346,0.232916,0.0003728762,3.3357e-06,-0.0001246175,7.982e-07,-1.1892e-06,4.27222e-05,0.0087887527,0.0016612423,-8.56518e-05,0.0043477285,6.40766e-05,0.0028643112,3.832731,1.982803,-0.260832,0.522526,-0.364592,-0.725286,-0.260768
1403636751.0135,1.112334,-3.472939,-0.551265,0.753696,-0.312267,0.528917,0.233834,0.0003692284,8.5757e-06,-0.0001290754,9.761e-07,-3.0744e-06,4.62283e-05,0.0086476047,0.0016123348,-8.41226e-05,0.0043352575,6.27645e-05,0.0028679825,3.852648,1.914033,-0.083723,0.51601,-0.360109,-0.732013,-0.261175
1403636751.1135,1.103331,-3.446724,-0.498049,0.753784,-0.312855,0.528465,0.233786,0.000369013,8.4477e-06,-0.0001293423,9.66e-07,-3.0355e-06,4.64405e-05,0.0085769925,0.0015907718,-8.38013e-05,0.0043278686,6.2502e-05,0.0028684674,3.856918,1.888885,-0.027213,0.515518,-0.360692,-0.732111,-0.261066
1403636751.4135,1.093999,-3.375316,-0.360246,0.756629,-0.325524,0.521608,0.222424,0.0003621267,-1.1739e-06,-0.0001377401,7.82e-07,3.812e-07,5.35331e-05,0.0083935507,0.0015568052,-8.29679e-05,0.0043234177,6.21398e-05,0.0028724485,3.853853,1.81448,0.114687,0.509226,-0.373432,-0.734245,-0.249246
1403636751.46349,1.089909,-3.360638,-0.342535,0.753537,-0.328563,0.525529,0.219198,0.0003635841,-5.8125e-06,-0.0001359469,8.563e-07,2.1115e-06,5.19522e-05,0.0083500623,0.0015476845,-8.37675e-05,0.0043154866,6.26712e-05,0.0028694979,3.851484,1.803796,0.13749,0.513182,-0.376294,-0.731018,-0.246297
1403636751.6635,1.091314,-3.322057,-0.258704,0.748832,-0.328195,0.537221,0.207202,0.0003671413,-1.65294e-05,-0.0001308508,1.5122e-06,5.8454e-06,4.77555e-05,0.0082448575,0.0015287394,-8.30595e-05,0.004314024,6.2299e-05,0.0028723407,3.843426,1.76716,0.223624,0.525552,-0.375592,-0.726291,-0.235007
1403636751.7135,1.089943,-3.310814,-0.241156,0.751112,-0.327544,0.535828,0.203553,0.0003653437,-1.76282e-05,-0.0001328554,1.6129e-06,6.3688e-06,4.9432e-05,0.0082210295,0.0015249876,-8.29409e-05,0.0043117222,6.24654e-05,0.0028713596,3.842975,1.759535,0.242655,0.52438,-0.375024,-0.72864,-0.23123
1403636751.7635,1.088919,-3.302318,-0.224581,0.754037,-0.327094,0.533286,0.200107,0.0003629184,-1.82762e-05,-0.0001355842,1.678e-06,6.7884e-06,5.17738e-05,0.0081933952,0.0015184737,-8.29826e-05,0.0043093994,6.23548e-05,0.0028704108,3.843496,1.752762,0.26079,0.522062,-0.37468,-0.731616,-0.227606
1403636752.1635,1.073828,-3.2891,-0.080774,0.766506,-0.30744,0.523759,0.208869,0.0003601104,-7.607e-07,-0.000139942,7.762e-07,2.459e-07,5.55428e-05,0.008152523,0.0014925313,-8.18209e-05,0.0043023347,6.20881e-05,0.0028768226,3.852683,1.744752,0.398519,0.512344,-0.355587,-0.745313,-0.235738
1403636752.6135,1.088556,-3.306416,0.098911,0.775348,-0.248553,0.552582,0.178071,0.0003710524,5.511e-07,-0.0001270301,7.849e-07,-2.025e-07,4.46422e-05,0.0081862382,0.0015104469,-8.06352e-05,0.0043155,6.20682e-05,0.0028817222,3.839518,1.769336,0.572541,0.543483,-0.297073,-0.757362,-0.206841
1403636752.7135,1.091072,-3.310004,0.134773,0.7827,-0.231087,0.553779,0.165254,0.0003693011,1.0771e-06,-0.0001292325,7.859e-07,-3.789e-07,4.6376e-05,0.0082074657,0.0015219459,-8.00091e-05,0.0043191984,6.16643e-05,0.0028806401,3.838337,1.772417,0.60755,0.545645,-0.279937,-0.765658,-0.194111
1403636752.7635,1.093424,-3.312128,0.148626,0.785964,-0.221998,0.554827,0.158569,0.0003686999,1.1419e-06,-0.0001299631,7.819e-07,-3.982e-07,4.69561e-05,0.0082138613,0.0015258238,-7.96014e-05,0.0043178327,6.12602e-05,0.0028790268,3.837759,1.773867,0.622751,0.547187,-0.270979,-0.76943,-0.187458
1403636752.8635,1.094312,-3.313093,0.174569,0.792922,-0.201649,0.55582,0.147234,0.0003673602,3.6582e-06,-0.0001315521,8.171e-07,-1.2951e-06,4.82557e-05,0.0082215081,0.0015297728,-7.92803e-05,0.0043191635,6.07598e-05,0.0028795209,3.837263,1.775753,0.647625,0.549037,-0.250957,-0.777523,-0.176192
1403636753.21349,1.102837,-3.304832,0.207671,0.810992,-0.119627,0.562149,0.109406,0.0003651584,1.67177e-05,-0.0001332028,1.5608e-06,-6.0488e-06,4.97183e-05,0.0082112241,0.0015364697,-7.92881e-05,0.0043262334,5.89708e-05,0.0028818031,3.83153,1.767954,0.682469,0.55819,-0.169698,-0.800237,-0.138827
1403636753.51349,1.122685,-3.270837,0.190401,0.815538,-0.068409,0.570236,0.071053,0.0003664675,1.50155e-05,-0.0001318658,1.4149e-06,-5.3192e-06,4.85233e-05,0.0081327729,0.0015564686,-8.04749e-05,0.004346205,5.73901e-05,0.0028811061,3.808997,1.730247,0.665445,0.568712,-0.118484,-0.807637,-0.101254
1403636753.96349,1.14638,-3.182234,0.198999,0.812822,-0.06469,0.57611,0.056862,0.0003695478,7.2131e-06,-0.0001287837,9.09e-07,-2.4042e-06,4.58809e-05,0.007956789,0.0015561304,-8.29426e-05,0.0043691535,5.48151e-05,0.0028781509,3.779324,1.636669,0.676333,0.575268,-0.114365,-0.805205,-0.087371
1403636754.11349,1.139918,-3.139096,0.191061,0.80792,-0.067643,0.582341,0.059729,0.0003734665,7.2314e-06,-0.0001237042,8.639e-07,-2.2927e-06,4.19087e-05,0.0078593592,0.0015369874,-8.36387e-05,0.0043640025,5.6143e-05,0.0028707727,3.773875,1.59955,0.675961,0.580898,-0.117013,-0.800407,-0.090632
1403636754.1635,1.134057,-3.120821,0.191644,0.806165,-0.068443,0.584525,0.061188,0.0003749837,7.5326e-06,-0.0001216137,8.418e-07,-2.3525e-06,4.03254e-05,0.0077959476,0.0015138446,-8.36935e-05,0.0043521706,5.76508e-05,0.0028656785,3.772767,1.586176,0.679265,0.582808,-0.117676,-0.798738,-0.092224
1403636754.5135,1.111575,-3.014049,0.241831,0.805025,-0.064762,0.586044,0.065526,0.0003759505,1.19705e-05,-0.0001199414,1.0461e-06,-3.7293e-06,3.91012e-05,0.0075525346,0.0014515222,-8.42326e-05,0.0043391534,5.5506e-05,0.0028625195,3.785782,1.468862,0.734789,0.583966,-0.113798,-0.797916,-0.096772
1403636754.5635,1.097974,-2.993502,0.248865,0.806423,-0.060477,0.58476,0.06388,0.0003750283,1.29931e-05,-0.0001211103,1.0917e-06,-4.1134e-06,3.99117e-05,0.0075000892,0.0014276451,-8.35714e-05,0.0043270059,5.66784e-05,0.0028590287,3.790016,1.447797,0.742594,0.582677,-0.109552,-0.799636,-0.095235
1403636754.76349,1.065207,-2.907169,0.262582,0.809708,-0.037244,0.583835,0.04607,0.0003734761,1.25139e-05,-0.0001232862,1.0548e-06,-4.0464e-06,4.147e-05,0.0073142182,0.001360321,-8.51755e-05,0.0043057888,5.70201e-05,0.0028591931,3.810575,1.352776,0.760113,0.582778,-0.086406,-0.80429,-0.077614
1403636754.8135,1.05466,-2.894682,0.256894,0.809747,-0.030379,0.58458,0.040654,0.0003732978,1.25912e-05,-0.00012348,9.564e-07,-4.1067e-06,4.15109e-05,0.0072317628,0.0013412856,-8.21923e-05,0.004282263,5.36772e-05,0.0028418758,3.816708,1.327186,0.761652,0.583126,-0.079451,-0.80519,-0.073019
1403636755.1635,0.971589,-2.720003,0.23988,0.811239,-0.003865,0.584419,0.018216,0.0003729556,1.01575e-05,-0.0001241908,8.202e-07,-3.3196e-06,4.20056e-05,0.0068928834,0.0012114563,-8.49391e-05,0.0042376549,5.29593e-05,0.0028447493,3.873489,1.133742,0.750502,0.58424,-0.052899,-0.808255,-0.050901
1403636755.2135,0.949713,-2.695622,0.241873,0.811294,-0.002599,0.584412,0.01609,0.0003729889,9.3246e-06,-0.0001242095,7.691e-07,-3.044e-06,4.19981e-05,0.0068420326,0.0011775117,-8.42645e-05,0.0042221353,5.34757e-05,0.002844105,3.884823,1.103833,0.751005,0.584248,-0.051612,-0.808449,-0.049004
1403636755.2635,0.930283,-2.669342,0.245021,0.812832,-0.001786,0.582303,0.014946,0.0003717082,8.891e-06,-0.0001259267,7.435e-07,-2.9527e-06,4.32887e-05,0.0067926665,0.0011476342,-8.39731e-05,0.0042093639,5.37658e-05,0.0028438679,3.896295,1.073612,0.75328,0.582148,-0.050883,-0.810078,-0.047847
1403636755.6635,0.812922,-2.440003,0.293935,0.823196,-0.002264,0.567532,0.015838,0.0003621479,9.3194e-06,-0.0001374947,7.739e-07,-3.4832e-06,5.28377e-05,0.0063757612,0.0009816339,-8.63156e-05,0.0041595345,5.34847e-05,0.0028481576,3.976562,0.824223,0.805842,0.567313,-0.051825,-0.82047,-0.047949
1403636755.71351,0.783409,-2.40879,0.305523,0.82255,-0.003142,0.568477,0.015364,0.0003627161,8.8311e-06,-0.000136874,7.204e-07,-3.2895e-06,5.22354e-05,0.0063092662,0.0009583502,-8.17242e-05,0.0041449566,5.3779e-05,0.0028419071,3.984019,0.791885,0.808899,0.568034,-0.052626,-0.819917,-0.048008
1403636756.16351,0.689394,-2.134536,0.315534,0.81433,-0.007032,0.58021,0.013218,0.0003706192,5.5416e-06,-0.0001275846,6.033e-07,-1.8624e-06,4.45032e-05,0.0058612389,0.0008105679,-8.48626e-05,0.0041116539,5.38827e-05,0.0028477913,4.042631,0.490925,0.819093,0.580005,-0.055653,-0.811367,-0.0467
1403636756.21351,0.676426,-2.100495,0.32318,0.813533,-0.007095,0.581334,0.012855,0.0003712148,5.0386e-06,-0.0001268393,5.834e-07,-1.6773e-06,4.39129e-05,0.0058199703,0.0007956511,-8.48868e-05,0.0041069033,5.47591e-05,0.0028473245,4.049212,0.456792,0.825589,0.581057,-0.055726,-0.810626,-0.046399
1403636756.61351,0.590378,-1.842976,0.350549,0.81182,-0.004419,0.583796,0.010481,0.0003727544,4.8383e-06,-0.0001248768,5.95e-07,-1.5748e-06,4.24202e-05,0.0054762146,0.0006913845,-8.76882e-05,0.0040949458,5.6335e-05,0.002853871,4.110988,0.178427,0.851658,0.583621,-0.052722,-0.809107,-0.044196
1403636756.71351,0.552362,-1.775899,0.347098,0.810856,-0.003748,0.585163,0.009131,0.0003735539,4.3031e-06,-0.0001238357,5.782e-07,-1.3813e-06,4.16328e-05,0.005389965,0.0006628396,-8.89877e-05,0.0040880467,5.79211e-05,0.0028537879,4.129457,0.107082,0.850406,0.584923,-0.051953,-0.808277,-0.043071
1403636756.76351,0.528144,-1.741442,0.34836,0.810384,-0.003374,0.585825,0.008633,0.0003739888,4.1261e-06,-0.0001232548,5.703e-07,-1.3152e-06,4.11959e-05,0.0053440337,0.0006421342,-8.92117e-05,0.0040808612,5.86818e-05,0.0028533672,4.139797,0.07121,0.851709,0.585522,-0.051536,-0.807888,-0.042728
1403636756.81351,0.505895,-1.706446,0.349669,0.809985,-0.003267,0.586392,0.007651,0.0003743367,3.4978e-06,-0.0001228019,5.548e-07,-1.1023e-06,4.08573e-05,0.0053007471,0.0006235914,-8.94837e-05,0.0040751615,5.91933e-05,0.0028531989,4.151043,0.035197,0.853854,0.586061,-0.051404,-0.807552,-0.041846
1403636757.06351,0.405037,-1.525673,0.377983,0.810539,-0.003009,0.585662,0.004037,0.0003738668,1.1927e-06,-0.0001234979,5.298e-07,-3.456e-07,4.13702e-05,0.0051159381,0.0005560454,-9.28963e-05,0.0040629963,6.05313e-05,0.0028550474,4.215648,-0.146426,0.885265,0.58543,-0.051186,-0.80821,-0.038066
1403636757.16352,0.360418,-1.459693,0.390147,0.810754,-0.002715,0.585369,0.003712,0.0003737641,1.2773e-06,-0.0001236398,5.313e-07,-3.731e-07,4.14754e-05,0.0050325281,0.0005247379,-9.36545e-05,0.0040596811,6.13483e-05,0.0028559895,4.244334,-0.21956,0.896184,0.585131,-0.05086,-0.808459,-0.037802
1403636757.21352,0.336603,-1.42691,0.394382,0.810455,-0.002857,0.585785,0.003361,0.0003740197,9.588e-07,-0.000123298,5.282e-07,-2.659e-07,4.12195e-05,0.0050015923,0.0005114889,-9.36899e-05,0.0040579627,6.17977e-05,0.00285596,4.259396,-0.256021,0.899478,0.585542,-0.050966,-0.808168,-0.037519
1403636757.36352,0.266201,-1.325694,0.397231,0.811792,-0.000555,0.583923,0.005288,0.0003728694,3.2468e-06,-0.0001248082,5.581e-07,-1.0365e-06,4.23555e-05,0.0049151938,0.0004766793,-9.523e-05,0.0040599984,6.28579e-05,0.0028579252,4.307059,-0.365013,0.899981,0.583559,-0.048689,-0.809654,-0.039356
1403636757.86352,0.035193,-0.965789,0.440204,-0.834472,-0.022844,-0.550514,0.008254,0.000350576,4.5361e-06,-0.0001498383,6.247e-07,-1.8854e-06,6.46807e-05,0.0046870769,0.0004040517,-0.0001015957,0.0041065395,6.62369e-05,0.002869985,4.459572,-0.745595,0.921285,0.551093,-0.026407,-0.833683,-0.023954
1403636757.91351,0.016709,-0.934788,0.451934,-0.834431,-0.024317,-0.55047,0.010742,0.0003505985,3.5425e-06,-0.0001498462,5.963e-07,-1.4627e-06,6.46769e-05,0.0046584436,0.000401156,-0.0001004903,0.0041053887,6.60325e-05,0.0028666041,4.468744,-0.784445,0.935237,0.551187,-0.024901,-0.833732,-0.021556
1403636758.0135,-0.003859,-0.862862,0.478324,-0.828274,-0.026294,-0.559503,0.015087,0.0003570786,1.7131e-06,-0.0001434277,5.693e-07,-6.35e-07,5.82274e-05,0.0046243561,0.0004003829,-0.0001004569,0.004113581,6.66411e-05,0.0028659955,4.482248,-0.86169,0.966783,0.56047,-0.022577,-0.827681,-0.017625
1403636758.31351,-0.072602,-0.639462,0.547245,-0.811902,-0.026636,-0.582687,0.02412,0.0003724679,-3.0873e-06,-0.0001254515,6.01e-07,1.0954e-06,4.28579e-05,0.0045549061,0.0004097027,-0.0001052668,0.0041430508,7.04949e-05,0.0028724679,4.508988,-1.086219,1.030195,0.584117,-0.021135,-0.811334,-0.009928
1403636758.46352,-0.107783,-0.535302,0.547453,-0.821681,-0.022138,-0.568681,0.030857,0.0003635128,-9.8074e-06,-0.0001361135,8.467e-07,3.7337e-06,5.15909e-05,0.0045336307,0.0004176515,-0.0001074861,0.0041625522,7.2546e-05,0.0028751522,4.526596,-1.194128,1.032722,0.570559,-0.026132,-0.820841,-0.002314
1403636758.51353,-0.117851,-0.501954,0.540827,-0.827886,-0.01854,-0.559442,0.035845,0.000357129,-1.47418e-05,-0.0001426731,1.1918e-06,5.9554e-06,5.76327e-05,0.0045264824,0.0004221822,-0.0001075162,0.0041662756,7.2926e-05,0.0028749333,4.532364,-1.229416,1.029806,0.561645,-0.030067,-0.826829,0.003245
1403636758.66353,-0.149382,-0.407756,0.5357,-0.839254,-0.009515,-0.541572,0.047558,0.0003436525,-2.6086e-05,-0.0001540857,2.574e-06,1.17745e-05,6.97539e-05,0.0045206551,0.0004319653,-0.0001096538,0.0041832835,7.46052e-05,0.0028774387,4.542255,-1.327097,1.019704,0.544488,-0.039658,-0.837678,0.016005
1403636758.71353,-0.151673,-0.379962,0.531498,-0.835815,-0.009563,-0.546955,0.046511,0.0003476693,-2.54054e-05,-0.0001505675,2.4503e-06,1.10796e-05,6.58655e-05,0.0045172167,0.0004365449,-0.0001097339,0.0041867848,7.48331e-05,0.0028772667,4.54125,-1.355709,1.017885,0.54982,-0.039387,-0.834226,0.014666
1403636758.76352,-0.152099,-0.354472,0.526981,-0.831068,-0.011195,-0.554418,0.042669,0.0003532057,-2.22473e-05,-0.0001457463,1.9937e-06,9.2543e-06,6.07898e-05,0.0045150942,0.0004406912,-0.0001100708,0.0041881943,7.50151e-05,0.0028771717,4.538598,-1.382281,1.016034,0.557059,-0.037465,-0.829565,0.010399
1403636758.96352,-0.143904,-0.264061,0.510809,-0.816149,-0.018395,-0.576713,0.031042,0.0003687223,-1.14155e-05,-0.0001298319,9.488e-07,4.0861e-06,4.63476e-05,0.0045034314,0.0004601934,-0.0001119039,0.0041949051,7.64761e-05,0.0028800019,4.522177,-1.475895,1.001693,0.57871,-0.029321,-0.815003,-0.002443
1403636759.06352,-0.144931,-0.221111,0.49375,-0.813389,-0.018483,-0.580588,0.031201,0.0003711102,-1.13911e-05,-0.00012682,9.456e-07,3.9602e-06,4.39696e-05,0.0044936323,0.0004829494,-0.0001070167,0.0041691066,6.78224e-05,0.0028768169,4.515517,-1.518066,0.989149,0.582566,-0.029057,-0.812261,-0.002466
1403636759.16352,-0.148831,-0.180753,0.477509,-0.811887,-0.007868,-0.581873,0.046929,0.0003710869,-2.61509e-05,-0.0001246579,2.4495e-06,8.8611e-06,4.2511e-05,0.0044995058,0.0004891267,-0.0001082332,0.0041740576,6.81893e-05,0.0028786935,4.510163,-1.558404,0.973486,0.584767,-0.039501,-0.810135,0.013194
1403636759.21352,-0.136544,-0.17069,0.454417,-0.811396,-0.001877,-0.581822,0.055827,0.0003701457,-3.46884e-05,-0.000123807,3.8636e-06,1.16836e-05,4.20401e-05,0.0044976824,0.0004957218,-0.0001046335,0.0041714971,6.63655e-05,0.0028754387,4.508098,-1.576664,0.964579,0.585252,-0.045527,-0.809266,0.022349
1403636759.26352,-0.140454,-0.15211,0.444,-0.810946,0.003251,-0.581655,0.063511,0.000369061,-4.16328e-05,-0.000123088,5.3144e-06,1.39703e-05,4.16798e-05,0.0044984306,0.0004967268,-0.0001039949,0.0041654213,6.57403e-05,0.0028741201,4.506575,-1.592747,0.954647,0.585528,-0.050623,-0.808513,0.030056
1403636759.46352,-0.148404,-0.105505,0.393782,-0.810586,-0.010016,-0.583711,0.046176,0.0003724442,-2.47403e-05,-0.0001231903,2.2644e-06,8.2605e-06,4.13829e-05,0.0045040178,0.0005039322,-0.0001046758,0.0041722332,6.4072e-05,0.0028748822,4.506432,-1.631954,0.906444,0.586679,-0.037263,-0.808863,0.012751
1403636759.6635,-0.171005,-0.088266,0.341428,-0.810459,-0.025349,-0.584598,0.027538,0.0003737825,-5.7547e-06,-0.0001237738,7.179e-07,1.9736e-06,4.16267e-05,0.00450605,0.0005137391,-0.0001023588,0.0041749981,6.17295e-05,0.0028746233,4.518373,-1.649223,0.852865,0.58649,-0.021879,-0.809639,-0.005923
1403636759.7635,-0.185005,-0.081588,0.328858,-0.810434,-0.027078,-0.584587,0.026854,0.0003738117,-4.5379e-06,-0.0001237994,6.902e-07,1.5708e-06,4.16424e-05,0.004507918,0.0005175197,-0.0001018435,0.0041809021,6.11683e-05,0.0028748134,4.528498,-1.655994,0.838642,0.586448,-0.0201,-0.809711,-0.0066
1403636759.8135,-0.191166,-0.078558,0.326703,-0.809825,-0.028203,-0.585441,0.025437,0.0003743288,-3.0982e-06,-0.0001231527,6.624e-07,1.0867e-06,4.11577e-05,0.0045083305,0.000519032,-0.0001016117,0.004182366,6.08836e-05,0.002874597,4.533723,-1.659225,0.835611,0.587223,-0.018916,-0.809164,-0.008058
1403636760.06349,-0.222527,-0.059695,0.313186,-0.821915,-0.026086,-0.568369,0.027044,0.0003635489,-5.6046e-06,-0.0001364544,7.253e-07,2.1772e-06,5.18862e-05,0.0045072404,0.0005232477,-0.0001015575,0.0041888364,5.82139e-05,0.0028732665,4.567323,-1.674582,0.81749,0.570451,-0.021407,-0.821036,-0.00533
1403636760.1635,-0.235655,-0.056498,0.301866,-0.826617,-0.026278,-0.561555,0.025885,0.000358816,-5.0063e-06,-0.000141701,7.11e-07,2.0528e-06,5.6641e-05,0.004509692,0.0005265241,-0.0001014126,0.0041902567,5.78337e-05,0.0028732494,4.580079,-1.680398,0.806352,0.563559,-0.021438,-0.825776,-0.006091
1403636760.2135,-0.240307,-0.056435,0.29771,-0.824207,-0.025655,-0.565077,0.026682,0.000361226,-5.6799e-06,-0.0001390596,7.301e-07,2.2634e-06,5.42097e-05,0.0045090341,0.0005271241,-0.0001013906,0.00419104,5.79167e-05,0.0028730571,4.584782,-1.683072,0.801539,0.567095,-0.021918,-0.823343,-0.005506
1403636760.2635,-0.244695,-0.056344,0.293529,-0.819982,-0.025197,-0.571205,0.026821,0.0003652905,-5.7685e-06,-0.00013443,7.31e-07,2.1999e-06,5.01397e-05,0.0045074639,0.0005274529,-0.0001011662,0.0041904282,5.83104e-05,0.0028727318,4.588899,-1.685345,0.796718,0.573186,-0.022102,-0.819109,-0.005765
1403636760.3135,-0.249005,-0.05539,0.28824,-0.81585,-0.024278,-0.577065,0.028213,0.0003690863,-6.9396e-06,-0.0001297916,7.709e-07,2.5185e-06,4.63038e-05,0.0045071462,0.000527838,-0.000101069,0.0041916858,5.82026e-05,0.002872685,4.592726,-1.687478,0.791393,0.579089,-0.022769,-0.814938,-0.004716
1403636760.3635,-0.253625,-0.05421,0.281954,-0.813455,-0.024988,-0.580464,0.026996,0.0003712432,-5.7414e-06,-0.0001271212,7.281e-07,2.0437e-06,4.41871e-05,0.0045067151,0.0005287552,-0.0001010069,0.0041924679,5.80839e-05,0.0028726441,4.596634,-1.689061,0.785004,0.582407,-0.021898,-0.81258,-0.006117
1403636760.4635,-0.26405,-0.051828,0.267037,-0.810436,-0.027109,-0.584698,0.024227,0.0003738457,-2.8606e-06,-0.0001238067,6.637e-07,1.0244e-06,4.16581e-05,0.0045069547,0.0005302059,-0.0001007835,0.0041963834,5.7802e-05,0.0028727361,4.605605,-1.691922,0.769992,0.586465,-0.019563,-0.809687,-0.009143
1403636760.5135,-0.270694,-0.05063,0.258658,-0.811418,-0.028203,-0.583344,0.022701,0.000372997,-1.4499e-06,-0.0001249593,6.471e-07,5.628e-07,4.25218e-05,0.0045069825,0.0005311356,-0.0001006773,0.0041988816,5.76489e-05,0.002872748,4.611304,-1.693356,0.76163,0.58502,-0.018517,-0.810739,-0.010591
1403636761.16351,-0.339418,-0.014518,0.177605,-0.829467,-0.033603,-0.557152,0.020891,0.0003558646,1.2834e-06,-0.0001448976,6.779e-07,-4.379e-07,5.97317e-05,0.0045160014,0.0005582028,-0.0001010614,0.0042284923,6.01613e-05,0.0028738897,4.677542,-1.744837,0.666823,0.559005,-0.01389,-0.828976,-0.011051
1403636761.21351,-0.343121,-0.011274,0.168751,-0.833286,-0.034468,-0.551384,0.020566,0.0003516823,1.6338e-06,-0.0001490391,6.765e-07,-6.073e-07,6.39016e-05,0.0045133598,0.0005556842,-0.0001013133,0.0042245397,6.0222e-05,0.0028733538,4.680049,-1.751947,0.659771,0.553248,-0.013244,-0.832837,-0.011221
1403636761.71351,-0.317996,0.071567,0.161897,-0.813682,-0.024963,-0.579954,0.030856,0.0003710976,-8.228e-06,-0.0001272741,8.845e-07,2.9165e-06,4.43856e-05,0.0045409304,0.0005751359,-9.98817e-05,0.0042182508,6.06601e-05,0.0028775323,4.644647,-1.827279,0.644568,0.582497,-0.021316,-0.812551,-0.002524
1403636761.86351,-0.308257,0.092861,0.167208,-0.813277,-0.015906,-0.580113,0.042383,0.0003707766,-1.96731e-05,-0.0001264438,1.7568e-06,6.8117e-06,4.38598e-05,0.0045504685,0.0005795643,-9.91913e-05,0.0042151273,6.07902e-05,0.002878534,4.632908,-1.847022,0.650275,0.583389,-0.030228,-0.81158,0.009011
1403636761.9135,-0.308799,0.092029,0.160204,-0.813604,-0.016577,-0.579706,0.041398,0.0003703548,-1.87046e-05,-0.0001270926,1.6339e-06,6.5169e-06,4.43498e-05,0.0045499223,0.0005814464,-0.0001013399,0.0042091515,5.97051e-05,0.0028741897,4.630137,-1.851246,0.653147,0.582677,-0.029745,-0.812121,0.007854
1403636762.1635,-0.299551,0.10492,0.181287,-0.813647,-0.041007,-0.579901,0.003344,0.0003699615,1.65098e-05,-0.0001279227,1.424e-06,-5.6322e-06,4.49842e-05,0.0045552282,0.0005837065,-0.0001021079,0.0042076354,5.88467e-05,0.0028739943,4.621392,-1.862565,0.674982,0.580752,-0.005325,-0.813506,-0.030136
1403636762.2135,-0.299669,0.110229,0.184598,-0.816505,-0.042549,-0.575768,0.000223,0.0003670454,1.89841e-05,-0.0001311893,1.6638e-06,-6.7104e-06,4.76446e-05,0.0045556375,0.0005836715,-0.0001023875,0.0042050026,5.87644e-05,0.0028736263,4.620944,-1.86653,0.679151,0.576443,-0.003941,-0.816465,-0.032934
1403636762.2635,-0.299177,0.115746,0.187533,-0.820994,-0.041663,-0.569414,0.000892,0.0003630113,1.78919e-05,-0.0001360809,1.5603e-06,-6.6319e-06,5.17768e-05,0.0045578209,0.0005851318,-0.0001026654,0.0042046113,5.84856e-05,0.0028734946,4.6203,-1.871941,0.682329,0.570159,-0.005067,-0.820901,-0.031888
1403636762.3135,-0.298065,0.122467,0.188826,-0.825619,-0.039676,-0.562823,0.003061,0.0003588016,1.53281e-05,-0.0001410354,1.3309e-06,-5.9482e-06,5.62124e-05,0.0045600857,0.0005863601,-0.000102908,0.004203703,5.82619e-05,0.0028733972,4.618824,-1.878498,0.683908,0.563721,-0.0073,-0.825418,-0.029331
1403636762.4135,-0.29638,0.136746,0.186546,-0.831771,-0.03466,-0.553953,0.009558,0.0003531345,8.6693e-06,-0.0001474053,8.892e-07,-3.5362e-06,6.23228e-05,0.0045637291,0.0005875446,-0.0001028708,0.0042000536,5.84407e-05,0.0028730482,4.614318,-1.893941,0.680764,0.55528,-0.012677,-0.831267,-0.022359
