timestamp,p_x,p_y,p_z,q_x,q_y,q_z,q_w,Pr11,Pr12,Pr13,Pr22,Pr23,Pr33,Pt11,Pt12,Pt13,Pt22,Pt23,Pt33,gt_p_x,gt_p_y,gt_p_z,gt_q_w,gt_q_x,gt_q_y,gt_q_z
1403637149.98501,-0.00188,-0.024329,0.003277,-0.823199,-0.005479,-0.566807,0.032306,0.0008739167,-3.38063e-05,-0.000249329,0.0001615525,4.19701e-05,0.0002664612,0.0032488345,0.0004005197,-0.000208008,0.0031177056,-0.0001699556,0.0026394679,4.625821,-1.719636,0.571604,0.55541,-0.183878,-0.806115,-0.088883
1403637150.08957,0.007529,-0.013731,0.014977,-0.833723,-0.012453,-0.55101,0.033732,0.0003811842,-5.3755e-06,-0.0001401609,1.55923e-05,3.6715e-06,8.00192e-05,0.0025495795,1.687e-07,-4.5111e-06,0.0025428271,1.2586e-06,0.002532694,4.631345,-1.706573,0.580872,0.537017,-0.179148,-0.818356,-0.099062
1403637150.13915,0.011184,-0.026371,0.025361,-0.837551,-0.012767,-0.545404,0.02964,0.0003698533,-1.06063e-05,-0.0001474739,1.35778e-05,5.6179e-06,7.66482e-05,0.0025382332,4.3e-08,-4.9258e-06,0.0025254679,-3.263e-07,0.0025305877,4.632479,-1.6982,0.588376,0.531318,-0.177772,-0.821783,-0.103783
1403637150.18899,0.015109,-0.039988,0.035253,-0.838504,-0.012792,-0.544104,0.026409,0.0003672819,-1.04319e-05,-0.0001495284,1.41377e-05,5.6743e-06,7.7675e-05,0.0025369742,7.333e-07,-5.1053e-06,0.0025226564,2.2e-08,0.0025305918,4.631968,-1.688631,0.597996,0.529267,-0.17766,-0.822568,-0.108146
1403637150.2388,0.021798,-0.055147,0.04661,-0.838017,-0.011769,-0.545007,0.023587,0.0003685187,-1.02974e-05,-0.0001486898,1.42196e-05,5.487e-06,7.77839e-05,0.0025364424,1.033e-06,-5.0394e-06,0.0025216184,-3.358e-07,0.0025309239,4.629704,-1.678195,0.609143,0.529311,-0.178065,-0.821958,-0.111839
1403637150.28874,0.030585,-0.07089,0.060007,-0.835871,-0.009361,-0.548375,0.022753,0.0003698969,-1.11783e-05,-0.0001463476,1.35195e-05,5.9678e-06,7.54196e-05,0.0025369764,1.6215e-06,-4.9068e-06,0.002521135,-6.758e-07,0.0025312818,4.625265,-1.667105,0.622232,0.532236,-0.179067,-0.819463,-0.114628
1403637150.43884,0.067519,-0.121658,0.106203,-0.825221,0.000904,-0.56436,0.022532,0.0003822428,-1.9765e-05,-0.0001332472,1.42481e-05,7.8219e-06,6.71599e-05,0.0025458907,5.3575e-06,-4.5163e-06,0.0025257715,-1.6986e-06,0.0025330614,4.602656,-1.630845,0.666053,0.547801,-0.183704,-0.80739,-0.119536
1403637150.53903,0.095745,-0.160431,0.136425,-0.820943,0.006537,-0.570585,0.021052,0.0003867048,-2.38365e-05,-0.0001276971,1.42964e-05,8.0007e-06,6.5248e-05,0.0025583125,9.1796e-06,-4.3889e-06,0.0025377217,-2.2371e-06,0.0025349256,4.58425,-1.605063,0.694695,0.553486,-0.186199,-0.802386,-0.123126
1403637150.58912,0.111222,-0.182647,0.150829,-0.820535,0.008979,-0.57115,0.020719,0.0003866243,-2.57637e-05,-0.0001262328,1.36182e-05,8.3104e-06,6.51253e-05,0.0025660949,1.14534e-05,-4.4412e-06,0.0025469965,-2.4312e-06,0.0025360867,4.574493,-1.591982,0.708181,0.554173,-0.187237,-0.801494,-0.124264
1403637150.63907,0.12447,-0.202758,0.164231,-0.819263,0.010283,-0.572972,0.020131,0.0003877256,-2.78678e-05,-0.0001251446,1.36308e-05,8.6637e-06,6.50694e-05,0.0025762505,1.42456e-05,-4.402e-06,0.0025592846,-2.2463e-06,0.0025376357,4.56436,-1.578739,0.721497,0.555208,-0.188299,-0.800371,-0.125278
1403637150.73918,0.154988,-0.245409,0.190893,-0.818859,0.01238,-0.573577,0.018064,0.0003906874,-2.92281e-05,-0.0001236997,1.41542e-05,8.3365e-06,6.59878e-05,0.0026033683,1.88307e-05,-4.2075e-06,0.002595854,-2.1671e-06,0.00254186,4.54315,-1.552125,0.746235,0.555375,-0.189325,-0.799679,-0.127388
1403637150.83927,0.184348,-0.294961,0.215095,-0.817439,0.014181,-0.575597,0.016749,0.0003942975,-2.94996e-05,-0.0001215585,1.44121e-05,7.6409e-06,6.71045e-05,0.0026400343,2.39353e-05,-3.6251e-06,0.0026557261,-9.686e-07,0.0025480177,4.520476,-1.525233,0.769283,0.556514,-0.189379,-0.798466,-0.129926
1403637150.93912,0.229555,-0.331755,0.240603,-0.813957,0.009086,-0.580595,0.017339,0.0003899132,-2.68811e-05,-0.0001129403,1.28293e-05,4.8199e-06,5.68967e-05,0.0026684055,1.43798e-05,-4.5371e-06,0.0026819487,7.669e-07,0.0025561737,4.496982,-1.499454,0.791275,0.562563,-0.188242,-0.794061,-0.132498
1403637150.9892,0.245789,-0.342704,0.253128,-0.811554,0.008781,-0.584013,0.015224,0.0003895514,-2.40685e-05,-0.0001116898,1.16157e-05,3.5845e-06,5.50549e-05,0.0026727847,9.7932e-06,-2.8505e-06,0.0027047002,6.317e-07,0.0025601746,4.485275,-1.487177,0.800663,0.565648,-0.187573,-0.791872,-0.133406
1403637151.03924,0.261877,-0.357715,0.262861,-0.809508,0.008096,-0.586869,0.014688,0.0003910791,-2.23723e-05,-0.0001089052,1.11209e-05,2.674e-06,5.30109e-05,0.0026841539,4.6251e-06,-1.1458e-06,0.0027361118,1.2415e-06,0.002565536,4.473734,-1.475351,0.808954,0.568346,-0.186794,-0.790038,-0.133907
1403637151.13928,0.289934,-0.388354,0.280119,-0.804504,0.006472,-0.593766,0.013165,0.0003952664,-2.12421e-05,-0.0001028803,1.08729e-05,1.7698e-06,4.93029e-05,0.0027246612,-4.8627e-06,3.0475e-06,0.002814426,4.328e-06,0.0025784367,4.451765,-1.453038,0.8233,0.574628,-0.184225,-0.7858,-0.135578
1403637151.18936,0.301318,-0.39464,0.287339,-0.803686,0.005201,-0.594909,0.01205,0.0003953847,-1.91056e-05,-0.0001020105,1.03537e-05,1.2552e-06,4.80246e-05,0.0027335728,-9.5442e-06,6.8575e-06,0.0028448154,5.4842e-06,0.0025857823,4.441917,-1.442854,0.829041,0.575605,-0.183258,-0.785345,-0.135383
1403637151.23936,0.309952,-0.398937,0.294825,-0.80515,0.004491,-0.592946,0.011275,0.0003937012,-1.76772e-05,-0.0001040212,9.9685e-06,1.2122e-06,4.83755e-05,0.0027439073,-1.14651e-05,1.12185e-05,0.0028737032,7.3271e-06,0.0025938605,4.433008,-1.433396,0.835045,0.573492,-0.183442,-0.787069,-0.134086
1403637151.2892,0.306708,-0.300387,0.334253,0.806248,-0.006005,0.591541,0.002599,0.0003779239,-1.3991e-05,-0.000114009,7.6611e-06,3.4492e-06,4.39375e-05,0.0027063444,5.1546e-05,3.4289e-06,0.0026570639,-1.5968e-05,0.0025663862,4.424971,-1.424861,0.842909,0.571103,-0.184154,-0.789084,-0.131443
1403637151.33914,0.322832,-0.285348,0.34509,0.808901,-0.006648,0.587907,0.001015,0.0003725074,-6.6682e-06,-0.000115962,6.7388e-06,1.459e-06,4.33191e-05,0.0026619852,3.9787e-05,-1.4875e-06,0.0026051097,-7.8862e-06,0.0025617015,4.417866,-1.416734,0.85272,0.56852,-0.186171,-0.791198,-0.127007
1403637151.48932,0.357577,-0.288748,0.401486,-0.81396,0.009773,-0.580815,0.005285,0.00036263,-1.05083e-05,-0.0001219992,5.8408e-06,3.2894e-06,4.70843e-05,0.0026302218,5.14964e-05,-1.78975e-05,0.0025823466,-6.5919e-06,0.0025534864,4.398541,-1.392634,0.898022,0.563293,-0.190828,-0.795336,-0.117164
1403637151.53925,0.361487,-0.291087,0.418991,-0.814176,0.008076,-0.580546,0.004345,0.0003614248,-7.9789e-06,-0.0001225614,5.561e-06,2.4929e-06,4.75262e-05,0.0026158875,5.10031e-05,-1.50484e-05,0.0025872003,-4.7527e-06,0.0025529327,4.392821,-1.383954,0.91449,0.562356,-0.189982,-0.796169,-0.117382
1403637151.6394,0.372977,-0.309472,0.45997,-0.814321,0.005068,-0.58039,0.001656,0.0003613142,-4.3396e-06,-0.0001223019,5.3989e-06,1.2899e-06,4.73569e-05,0.0026210519,5.54813e-05,-1.54952e-05,0.0025917526,-4.0414e-06,0.0025564022,4.381979,-1.365286,0.944458,0.56139,-0.187174,-0.797148,-0.119844
1403637152.18947,0.463584,-0.428844,0.608582,-0.816739,0.001369,-0.577001,0.00224,0.0003599914,-2.05e-06,-0.0001240965,5.5673e-06,7.951e-07,4.8562e-05,0.0026899446,9.05657e-05,-1.59355e-05,0.0026245358,-4.8858e-06,0.0025775775,4.323518,-1.255097,1.05237,0.55827,-0.183872,-0.800104,-0.119828
1403637152.23924,0.500519,-0.43535,0.611597,-0.817842,0.000403,-0.575426,0.004357,0.0003578824,-3.6352e-06,-0.0001256185,5.3777e-06,1.4027e-06,4.97181e-05,0.0026752885,9.97806e-05,-1.51124e-05,0.0026336965,-6.637e-06,0.0025754426,4.318106,-1.245066,1.061977,0.557798,-0.18462,-0.800443,-0.118608
1403637152.28929,0.521305,-0.439492,0.619614,-0.818438,0.000288,-0.574578,0.004379,0.0003567523,-3.6489e-06,-0.0001266506,5.3214e-06,1.4187e-06,5.05345e-05,0.0026719288,0.0001049842,-1.48383e-05,0.0026444254,-7.0701e-06,0.0025757064,4.312471,-1.234722,1.069788,0.557324,-0.184839,-0.800771,-0.118284
1403637152.63925,0.589819,-0.521404,0.639395,-0.81878,-0.000313,-0.57409,0.004494,0.0003565065,-3.2263e-06,-0.0001270832,5.4021e-06,1.3321e-06,5.09056e-05,0.0027250944,0.0001414371,-1.52957e-05,0.0026861844,-1.03746e-05,0.0025867079,4.266432,-1.153468,1.081356,0.556836,-0.184171,-0.801293,-0.118083
1403637152.73893,0.642166,-0.541576,0.626964,-0.818012,-0.000649,-0.575166,0.006262,0.000357025,-3.7843e-06,-0.0001255682,5.1617e-06,1.5088e-06,4.96175e-05,0.0027182596,0.0001532397,-1.58041e-05,0.0026972796,-1.24678e-05,0.002583455,4.249506,-1.127306,1.076133,0.559108,-0.18441,-0.799664,-0.118021
1403637152.78871,0.660891,-0.55085,0.624959,-0.816877,0.000164,-0.576747,0.008631,0.0003574148,-5.9047e-06,-0.0001248265,5.1156e-06,2.2325e-06,4.8994e-05,0.002718225,0.0001634986,-1.7524e-05,0.002717044,-1.30076e-05,0.0025811678,4.24046,-1.113849,1.075122,0.561676,-0.185163,-0.797948,-0.116257
1403637152.83859,0.678825,-0.560897,0.626506,-0.815724,0.000412,-0.578367,0.009283,0.000358201,-6.4145e-06,-0.0001236946,5.0638e-06,2.3755e-06,4.80707e-05,0.0027208845,0.0001694269,-1.84197e-05,0.0027257885,-1.3333e-05,0.0025799459,4.231525,-1.099996,1.075588,0.563778,-0.185339,-0.79644,-0.116135
1403637153.08869,0.741852,-0.629055,0.662809,-0.813714,-0.002186,-0.581218,0.007076,0.0003601921,-3.7382e-06,-0.0001213538,4.9966e-06,1.4133e-06,4.62265e-05,0.0027608487,0.0001999523,-1.76065e-05,0.002760666,-1.44438e-05,0.0025851648,4.199502,-1.030977,1.102529,0.566666,-0.182205,-0.794654,-0.119233
1403637153.13862,0.758245,-0.645248,0.671051,-0.814659,-0.002876,-0.579894,0.006762,0.000359237,-3.2339e-06,-0.0001224788,4.916e-06,1.2387e-06,4.706e-05,0.0027647725,0.0002084801,-1.80194e-05,0.0027738017,-1.48121e-05,0.0025844755,4.194044,-1.016852,1.107763,0.565751,-0.181871,-0.795306,-0.119742
1403637153.48846,0.834821,-0.748216,0.699769,-0.81886,-0.007037,-0.573951,0.000109,0.0003558002,2.2034e-06,-0.0001269161,4.9072e-06,-6.688e-07,5.06501e-05,0.0028336702,0.0002589609,-1.54491e-05,0.0028270953,-1.66597e-05,0.0025920788,4.156562,-0.918557,1.116504,0.55922,-0.17901,-0.799758,-0.124962
1403637153.5883,0.869717,-0.773216,0.716204,-0.821569,-0.006954,-0.570067,0.000613,0.000353317,2.0461e-06,-0.0001297608,4.8438e-06,-6.491e-07,5.30354e-05,0.0028487455,0.0002755822,-1.60192e-05,0.002849238,-1.77195e-05,0.0025929159,4.145807,-0.892639,1.125408,0.556215,-0.179914,-0.80181,-0.123927
1403637153.63819,0.888813,-0.785467,0.72708,-0.822183,-0.007496,-0.569174,0.000277,0.0003524585,2.5138e-06,-0.0001306475,4.8051e-06,-8.433e-07,5.37932e-05,0.002854007,0.0002865398,-1.65175e-05,0.0028670191,-1.82436e-05,0.0025927697,4.139606,-0.879634,1.132416,0.55561,-0.179694,-0.802226,-0.124266
1403637153.83798,0.968145,-0.829799,0.77946,-0.818999,-0.007105,-0.573748,0.001929,0.0003556065,1.3369e-06,-0.0001269306,4.7402e-06,-4.187e-07,5.05752e-05,0.0028825953,0.0003187937,-1.633e-05,0.0029117484,-2.0127e-05,0.0025935552,4.11115,-0.830183,1.171285,0.56128,-0.179731,-0.798284,-0.124119
1403637153.88804,0.987301,-0.840052,0.79002,-0.818644,-0.007459,-0.574251,0.001453,0.0003554401,1.8243e-06,-0.0001270268,4.7209e-06,-5.995e-07,5.06475e-05,0.0028856137,0.0003343196,-1.58606e-05,0.0029416518,-1.98919e-05,0.0025938922,4.103904,-0.818311,1.178834,0.561838,-0.179465,-0.797841,-0.124819
1403637153.93804,1.00586,-0.849259,0.796553,-0.817726,-0.007665,-0.575555,0.000969,0.0003561019,2.2706e-06,-0.000126136,4.7102e-06,-7.562e-07,4.99056e-05,0.0028905099,0.0003443474,-1.4951e-05,0.0029566912,-1.98167e-05,0.0025942821,4.096681,-0.806721,1.184868,0.563051,-0.179077,-0.796948,-0.125614
1403637154.03805,1.040754,-0.868652,0.802788,-0.817621,-0.007089,-0.57571,0.001878,0.000356114,1.4661e-06,-0.0001260807,4.7033e-06,-4.653e-07,4.98667e-05,0.0029037086,0.0003630415,-1.32642e-05,0.0029872016,-1.97598e-05,0.0025963424,4.082037,-0.784558,1.19073,0.563383,-0.17967,-0.796714,-0.124763
1403637154.08815,1.057965,-0.877269,0.80188,-0.818671,-0.006169,-0.574219,0.003543,0.0003551304,-1.34e-08,-0.0001271927,4.6838e-06,6.37e-08,5.07878e-05,0.0029086917,0.000372352,-1.25422e-05,0.0030019807,-1.95961e-05,0.0025968303,4.074994,-0.773982,1.190413,0.562198,-0.181017,-0.797552,-0.122784
1403637154.1382,1.073229,-0.88397,0.797681,-0.821188,-0.003839,-0.570602,0.006991,0.0003527582,-3.0884e-06,-0.0001298683,4.6979e-06,1.2066e-06,5.30721e-05,0.0029141175,0.0003813564,-1.21253e-05,0.0030164644,-1.95771e-05,0.0025970935,4.067961,-0.763459,1.187699,0.559307,-0.183892,-0.799576,-0.118477
1403637154.18827,1.087944,-0.890752,0.79052,-0.824565,0.001459,-0.565596,0.013839,0.0003493708,-9.3955e-06,-0.000133317,4.9168e-06,3.6837e-06,5.61805e-05,0.0029179108,0.0003886142,-1.18833e-05,0.0030292527,-1.96476e-05,0.0025977169,4.060969,-0.752899,1.182971,0.555804,-0.189633,-0.801811,-0.110552
1403637154.538,1.205176,-0.967327,0.709552,-0.822239,0.005541,-0.568954,0.013513,0.0003509192,-1.10022e-05,-0.0001314928,5.0193e-06,4.2272e-06,5.4593e-05,0.0029983892,0.0004813255,-1.08569e-05,0.0031637483,-1.78039e-05,0.0026025597,4.007784,-0.647122,1.129695,0.558338,-0.192416,-0.799364,-0.110703
1403637154.58787,1.219003,-0.978194,0.691145,-0.82155,0.003766,-0.570056,0.008786,0.0003522049,-7.3373e-06,-0.0001302088,4.7847e-06,2.7933e-06,5.34143e-05,0.0029923915,0.0004787771,-1.23259e-05,0.0031582879,-1.60582e-05,0.0025989873,3.999824,-0.62725,1.121519,0.558166,-0.190419,-0.799299,-0.115375
1403637154.68813,1.256596,-1.005063,0.672347,0.824495,0.000808,0.565861,0.002836,0.0003496663,1.663e-06,-0.0001332241,4.5979e-06,-5.998e-07,5.60606e-05,0.0030158451,0.0005081015,-1.22615e-05,0.0031941979,-1.47761e-05,0.0025973176,3.983263,-0.586453,1.106009,0.551405,-0.186558,-0.803364,-0.125545
1403637154.88802,1.329538,-1.070789,0.632116,0.830704,-0.013316,0.556229,0.019045,0.0003432445,6.421e-06,-0.0001398521,4.691e-06,-2.6126e-06,6.23837e-05,0.0030678597,0.0005752579,-1.13115e-05,0.0032903866,-1.32148e-05,0.0025963937,3.943987,-0.503619,1.079849,0.53798,-0.200947,-0.806716,-0.139308
1403637154.93804,1.352125,-1.088305,0.627319,0.832476,-0.017651,0.553335,0.022165,0.0003416628,6.1658e-06,-0.0001414083,4.658e-06,-2.5491e-06,6.39433e-05,0.0030786272,0.0005815779,-1.07318e-05,0.0032918198,-1.26603e-05,0.0025956788,3.93173,-0.482531,1.075253,0.534488,-0.205525,-0.807441,-0.141848
1403637154.98807,1.375135,-1.104913,0.623792,0.832047,-0.023402,0.553719,0.02337,0.000341988,4.5548e-06,-0.0001411264,4.5795e-06,-1.8728e-06,6.36443e-05,0.0030936321,0.0006010942,-1.04056e-05,0.0033193252,-1.18594e-05,0.0025951069,3.917765,-0.460993,1.072809,0.53462,-0.210974,-0.805705,-0.143217
1403637155.63814,1.798262,-1.310685,0.653648,0.806939,-0.097705,0.57978,0.056199,0.0003601206,-8.7736e-06,-0.0001206714,4.8132e-06,2.9907e-06,4.57395e-05,0.0033382839,0.0009198673,-1.16876e-05,0.0038835875,-2.5646e-06,0.0026214113,3.677661,-0.176414,1.144663,0.552804,-0.277738,-0.764503,-0.181123
1403637155.68814,1.830873,-1.326775,0.647669,0.806841,-0.104621,0.578691,0.056383,0.0003592279,-1.15701e-05,-0.0001216101,4.9523e-06,3.9665e-06,4.64875e-05,0.0033573644,0.0009440129,-1.10988e-05,0.003932129,-2.628e-07,0.0026220721,3.65986,-0.155302,1.143114,0.551698,-0.284409,-0.762862,-0.181074
1403637155.78814,1.89328,-1.361218,0.630973,0.805011,-0.120128,0.577894,0.059712,0.0003585975,-1.62743e-05,-0.0001219298,5.3118e-06,5.5879e-06,4.67972e-05,0.0034060165,0.0009987132,-1.11897e-05,0.0040322275,2.438e-06,0.0026276768,3.627728,-0.113116,1.135769,0.550129,-0.299061,-0.757636,-0.184142
1403637156.08814,2.065527,-1.493651,0.554879,0.796443,-0.179311,0.570082,0.092375,0.0003558859,-2.16177e-05,-0.0001246893,5.7518e-06,7.5545e-06,4.89455e-05,0.0036012545,0.0011866572,-1.33586e-05,0.0043406907,1.08187e-05,0.0026515023,3.557119,0.029998,1.086932,0.534953,-0.354733,-0.736284,-0.214187
1403637156.13816,2.091185,-1.519825,0.54275,0.792662,-0.190426,0.570747,0.098351,0.0003567208,-2.32103e-05,-0.0001234039,5.8687e-06,7.9847e-06,4.7842e-05,0.0036427099,0.0012209523,-1.34296e-05,0.0043840456,1.25647e-05,0.0026552146,3.549114,0.05585,1.078153,0.534137,-0.364702,-0.730235,-0.220149
1403637156.18816,2.116793,-1.547672,0.530874,0.789279,-0.202269,0.570304,0.104302,0.0003569186,-2.4897e-05,-0.0001228635,6.0217e-06,8.514e-06,4.73264e-05,0.0036831363,0.0012568404,-1.3805e-05,0.0044292383,1.45588e-05,0.0026590258,3.542411,0.082451,1.068674,0.532324,-0.375421,-0.724324,-0.225933
1403637156.38845,2.17037,-1.632688,0.504338,0.774387,-0.249226,0.565968,0.133756,0.0003564762,-2.91819e-05,-0.0001226368,6.2828e-06,9.8979e-06,4.67145e-05,0.003857766,0.0014179452,-2.29626e-05,0.0045996093,1.98393e-05,0.0026625607,3.529571,0.195386,1.035399,0.520726,-0.418727,-0.700022,-0.251955
1403637156.43839,2.175792,-1.660174,0.496074,0.770533,-0.260883,0.564052,0.141648,0.000357069,-2.87626e-05,-0.0001220418,6.0549e-06,9.6785e-06,4.60342e-05,0.0038583457,0.0014030861,-2.51321e-05,0.0045676616,2.12176e-05,0.0026638515,3.530374,0.225125,1.027313,0.51667,-0.429403,-0.694043,-0.258786
1403637156.4884,2.170654,-1.689173,0.495906,0.766047,-0.272156,0.562719,0.149837,0.0003574857,-2.8845e-05,-0.0001215464,5.9096e-06,9.6536e-06,4.54394e-05,0.0038925365,0.0014272106,-2.08967e-05,0.0045742836,2.50582e-05,0.0026596489,3.53302,0.255015,1.019057,0.512999,-0.439469,-0.687629,-0.266208
1403637156.83834,2.21896,-1.932775,0.396069,0.742839,-0.33282,0.541741,0.209614,0.0003581858,-1.8622e-05,-0.0001228331,4.0971e-06,6.2024e-06,4.5677e-05,0.0043089799,0.0016583466,-3.55643e-05,0.0046997514,4.13662e-05,0.0026842716,3.591122,0.473982,0.937503,0.47871,-0.493522,-0.651852,-0.319942
1403637156.88835,2.221524,-1.968166,0.377479,0.742924,-0.337289,0.53659,0.21534,0.0003568909,-1.58859e-05,-0.0001248985,3.6156e-06,5.3881e-06,4.70063e-05,0.0043486034,0.0016760149,-3.95117e-05,0.0046856668,4.08632e-05,0.0026870893,3.603661,0.50562,0.921098,0.472317,-0.497942,-0.651026,-0.324246
1403637156.93835,2.224405,-2.006429,0.355543,0.743615,-0.339442,0.531835,0.221286,0.0003559117,-1.19588e-05,-0.0001265801,3.1835e-06,4.0821e-06,4.81711e-05,0.0044098559,0.0017065013,-4.35295e-05,0.0046920856,4.21915e-05,0.0026925993,3.616684,0.537298,0.903614,0.466259,-0.500128,-0.651343,-0.328978
1403637157.13837,2.231173,-2.171011,0.282031,0.745188,-0.348943,0.522107,0.22436,0.0003508501,-1.0409e-05,-0.000132729,2.666e-06,3.8238e-06,5.28856e-05,0.0046503926,0.0018499801,-3.27432e-05,0.0047081277,3.31374e-05,0.0026702218,3.669786,0.66498,0.822638,0.455352,-0.509227,-0.651408,-0.330166
1403637157.18838,2.233975,-2.21888,0.266397,0.744742,-0.350326,0.522585,0.222567,0.0003506594,-1.26278e-05,-0.0001327947,2.6903e-06,4.7017e-06,5.276e-05,0.0047325073,0.001895922,-3.46719e-05,0.00470552,3.41262e-05,0.0026667046,3.682978,0.698566,0.804002,0.455934,-0.510389,-0.650879,-0.328609
1403637157.23843,2.234644,-2.264291,0.25057,0.744065,-0.3515,0.523439,0.220968,0.0003506248,-1.42815e-05,-0.0001327135,2.7113e-06,5.3572e-06,5.24968e-05,0.0048135407,0.0019426316,-3.46334e-05,0.0047060191,3.29719e-05,0.0026637199,3.696637,0.732798,0.786879,0.456837,-0.511284,-0.650196,-0.327312
1403637157.48857,2.232749,-2.490928,0.201022,0.740957,-0.356651,0.531371,0.203539,0.0003494582,-2.82591e-05,-0.0001319404,4.1813e-06,1.06626e-05,5.16987e-05,0.0052550582,0.002151655,-3.76098e-05,0.0047360487,3.32055e-05,0.0026730019,3.776411,0.917401,0.732299,0.468079,-0.515279,-0.646406,-0.312328
1403637157.53863,2.220917,-2.535587,0.210838,0.740585,-0.357263,0.532826,0.199986,0.0003491126,-3.1253e-05,-0.0001316826,4.5826e-06,1.17992e-05,5.14194e-05,0.0053350048,0.0021845619,-2.88528e-05,0.0047104196,2.87421e-05,0.0026632298,3.795761,0.95659,0.727702,0.470189,-0.515684,-0.646055,-0.309202
1403637157.58873,2.205965,-2.580164,0.222326,0.740325,-0.356904,0.534291,0.197664,0.0003491449,-3.29058e-05,-0.0001312649,4.7973e-06,1.23925e-05,5.10141e-05,0.0054148314,0.0022150075,-1.73483e-05,0.0046834942,2.51496e-05,0.0026493018,3.816511,0.99687,0.725053,0.472056,-0.515254,-0.646012,-0.307156
1403637157.88884,2.152665,-2.903327,0.244123,0.738427,-0.347399,0.541761,0.201333,0.0003554714,-2.94772e-05,-0.000124833,3.9766e-06,1.03506e-05,4.5349e-05,0.0061563278,0.0024467899,-1.83608e-05,0.0046191541,2.60371e-05,0.002657273,3.96637,1.256094,0.740311,0.479063,-0.505035,-0.64628,-0.312668
1403637157.93881,2.133349,-2.952671,0.255683,0.737545,-0.344523,0.543398,0.205061,0.0003574582,-2.71502e-05,-0.0001229105,3.5174e-06,9.3264e-06,4.3695e-05,0.0062397428,0.0024625944,-1.24083e-05,0.0045790789,2.07807e-05,0.0026504581,3.994688,1.301283,0.74236,0.480159,-0.501936,-0.64592,-0.316694
1403637157.98887,2.107839,-3.006665,0.269956,0.737631,-0.341795,0.543709,0.208465,0.000358694,-2.41209e-05,-0.0001219503,2.9862e-06,8.198e-06,4.28256e-05,0.0063410846,0.0024838946,-4.6448e-06,0.0045358265,1.67053e-05,0.0026370305,4.023945,1.346239,0.742526,0.479717,-0.499335,-0.646487,-0.320297
1403637158.23869,2.026972,-3.318871,0.2789,0.737642,-0.333472,0.543781,0.221322,0.000362862,-1.39721e-05,-0.0001181238,1.8042e-06,4.5326e-06,3.97266e-05,0.0071117474,0.0026321723,-6.4002e-06,0.0044189309,1.36261e-05,0.0026402046,4.179573,1.568889,0.752259,0.477607,-0.491001,-0.648116,-0.3328
1403637158.28861,2.005745,-3.378576,0.28608,0.737537,-0.334963,0.542488,0.222591,0.0003623474,-1.33657e-05,-0.0001189185,1.7394e-06,4.3703e-06,4.02817e-05,0.0072597582,0.0026457902,-6.2164e-06,0.0043857673,1.24016e-05,0.0026389035,4.213604,1.611026,0.758038,0.476254,-0.492349,-0.647584,-0.333781
1403637158.3385,1.98495,-3.440388,0.293658,0.73621,-0.337844,0.541462,0.225111,0.0003623897,-1.30849e-05,-0.0001189198,1.7025e-06,4.2795e-06,4.02568e-05,0.0074222791,0.0026656003,-6.2759e-06,0.0043591266,1.11748e-05,0.0026379376,4.248504,1.653798,0.765262,0.474856,-0.494772,-0.645587,-0.336049
1403637158.83852,1.72867,-4.060957,0.305586,0.695884,-0.419833,0.521517,0.259821,0.0003585124,-2.888e-05,-0.0001216187,3.4903e-06,9.7979e-06,4.24424e-05,0.0092889812,0.0027401174,-1.65342e-05,0.0041080494,1.09787e-05,0.0026569729,4.654971,2.05102,0.769803,0.447764,-0.565279,-0.58827,-0.365931
1403637158.88852,1.696239,-4.122418,0.296488,0.693993,-0.42552,0.517746,0.263146,0.0003573509,-2.84434e-05,-0.0001232344,3.397e-06,9.8115e-06,4.36563e-05,0.0094898895,0.0027298054,-1.66048e-05,0.0040731688,9.8478e-06,0.0026559612,4.701489,2.086922,0.763643,0.443356,-0.570345,-0.585187,-0.368381
1403637159.38859,1.334599,-4.74545,0.270009,0.689391,-0.441565,0.507891,0.26797,0.0003534281,-2.96779e-05,-0.00012809,3.6045e-06,1.07645e-05,4.75118e-05,0.0117536485,0.0024818566,-2.54197e-05,0.0037980435,1.097e-06,0.0026788647,5.196459,2.450117,0.734782,0.432961,-0.584457,-0.577235,-0.371154
1403637159.43857,1.293703,-4.792335,0.25255,0.690237,-0.440123,0.507979,0.267995,0.0003534533,-2.91341e-05,-0.0001282185,3.4856e-06,1.05743e-05,4.75465e-05,0.0119759984,0.0024560336,-2.37143e-05,0.0037338502,8.682e-07,0.002672754,5.249632,2.486431,0.727604,0.433133,-0.583282,-0.578306,-0.371133
1403637159.48858,1.25221,-4.845399,0.23856,0.690563,-0.439077,0.508864,0.267191,0.0003536808,-2.93539e-05,-0.000127932,3.5089e-06,1.06229e-05,4.72862e-05,0.0121590682,0.0024046967,-2.33415e-05,0.0036888684,1.8471e-06,0.00267033,5.303715,2.523033,0.719481,0.434233,-0.582355,-0.578813,-0.370513
1403637159.53858,1.210819,-4.901476,0.22474,0.693398,-0.43589,0.506361,0.269811,0.0003537111,-2.53485e-05,-0.000128783,2.8801e-06,9.2299e-06,4.78863e-05,0.0123697168,0.0023518924,-2.29374e-05,0.0036482155,2.9063e-06,0.0026685938,5.358829,2.559735,0.710657,0.431279,-0.579857,-0.582262,-0.372477
1403637159.73855,1.042417,-5.149254,0.183198,0.701999,-0.425573,0.49879,0.278016,0.0003534162,-1.29819e-05,-0.000131079,1.5324e-06,4.7975e-06,4.96046e-05,0.0134119789,0.0021323737,-2.48818e-05,0.0035385535,4.7368e-06,0.0026733367,5.584733,2.707779,0.675788,0.422186,-0.571637,-0.592898,-0.378765
1403637159.7885,0.999819,-5.209054,0.172875,0.70255,-0.423974,0.498721,0.279189,0.0003538408,-1.1617e-05,-0.0001307424,1.4256e-06,4.2776e-06,4.92671e-05,0.0136243444,0.0020762127,-1.9374e-05,0.0034864842,5.635e-06,0.0026644159,5.641526,2.746249,0.67027,0.421906,-0.57024,-0.59374,-0.379862
1403637159.83849,0.959783,-5.264266,0.164368,0.70241,-0.423168,0.498373,0.281377,0.0003544824,-1.00695e-05,-0.0001301512,1.3261e-06,3.6804e-06,4.87308e-05,0.0138775663,0.0020123472,-1.7984e-05,0.0034485565,7.7303e-06,0.002661955,5.697926,2.784583,0.667129,0.421158,-0.569397,-0.593732,-0.381962
1403637159.88839,0.922413,-5.305125,0.152606,0.701898,-0.424104,0.496522,0.284502,0.0003545878,-8.3572e-06,-0.0001301754,1.2255e-06,3.053e-06,4.8715e-05,0.0141083465,0.0019447319,-1.46422e-05,0.0033922742,1.11592e-05,0.0026573832,5.754637,2.822859,0.664634,0.418797,-0.570228,-0.592865,-0.384656
1403637160.13827,0.703212,-5.643017,0.125211,0.675671,-0.457292,0.491475,0.304638,0.0003579661,-1.45587e-05,-0.0001257145,1.6276e-06,5.1099e-06,4.50499e-05,0.0155034842,0.0016048237,-1.4791e-05,0.0033106989,1.6332e-05,0.0026653792,6.036301,3.016201,0.64404,0.409506,-0.596819,-0.559951,-0.403195
1403637160.18823,0.662244,-5.706388,0.115547,0.668138,-0.465784,0.489759,0.311085,0.0003591606,-1.552e-05,-0.0001241367,1.7045e-06,5.364e-06,4.37936e-05,0.015808226,0.0015179819,-1.38415e-05,0.0032947828,1.82754e-05,0.00266541,6.092039,3.054673,0.638457,0.406511,-0.603467,-0.550632,-0.409144
1403637160.23817,0.630598,-5.765396,0.10368,0.661603,-0.474076,0.485935,0.318434,0.0003597351,-1.51099e-05,-0.000123466,1.6498e-06,5.1901e-06,4.32507e-05,0.0160932711,0.0014373553,-1.06723e-05,0.0032711827,2.11937e-05,0.0026625533,6.147792,3.092333,0.631485,0.40117,-0.610274,-0.542043,-0.415714
1403637160.7382,0.162053,-6.394168,-0.03114,0.589885,-0.571808,0.414003,0.392011,0.0003536901,-4.2267e-06,-0.0001319795,1.0597e-06,1.6277e-06,5.01569e-05,0.0191941218,0.000470522,-9.0953e-06,0.0032881893,3.38586e-05,0.0026856979,6.709644,3.438594,0.509742,0.314746,-0.689224,-0.450836,-0.471862
1403637160.78824,0.116995,-6.450997,-0.046074,0.586592,-0.577673,0.406978,0.395694,0.000352127,-2.2878e-06,-0.0001338296,1.009e-06,9.172e-07,5.17698e-05,0.0194994581,0.0003604415,-8.5788e-06,0.003294377,3.62983e-05,0.0026883619,6.764472,3.473356,0.49654,0.307193,-0.694145,-0.446314,-0.473931
1403637160.83826,0.071473,-6.510733,-0.05747,0.583112,-0.58237,0.402687,0.398332,0.0003513363,-1.6796e-06,-0.0001347537,9.955e-07,6.921e-07,5.25897e-05,0.0198017019,0.0002539286,-8.3863e-06,0.0033074015,3.84753e-05,0.0026916834,6.819253,3.509307,0.485648,0.302482,-0.697892,-0.441896,-0.475582
1403637161.38832,-0.409991,-7.223247,-0.013089,0.547432,-0.612126,0.427552,0.377915,0.0003495822,-4.1084e-05,-0.0001307721,5.8496e-06,1.54441e-05,4.98406e-05,0.0238487595,-0.0010462431,-1.20783e-05,0.003625453,7.18441e-05,0.0027447116,7.415029,3.958161,0.531975,0.331457,-0.718813,-0.400646,-0.46144
1403637161.48832,-0.517009,-7.357355,0.021238,0.548882,-0.610633,0.421693,0.384747,0.0003510555,-3.47709e-05,-0.0001310141,4.4659e-06,1.30446e-05,4.98202e-05,0.0246784602,-0.0013590823,-1.3501e-05,0.0037208607,8.029e-05,0.002757795,7.536083,4.035185,0.566685,0.324285,-0.717624,-0.402437,-0.466805
1403637161.53832,-0.566005,-7.409135,0.047459,0.54856,-0.612533,0.416761,0.38755,0.0003505186,-3.20296e-05,-0.0001323464,3.9404e-06,1.21574e-05,5.08998e-05,0.0250852167,-0.0015395376,-1.6188e-05,0.0037452751,6.74663e-05,0.0027521977,7.599219,4.072462,0.584746,0.318932,-0.71933,-0.401726,-0.46848
1403637161.78835,-0.847273,-7.702293,0.144262,0.530371,-0.616153,0.407318,0.416118,0.0003604086,-2.31148e-05,-0.000122595,2.4942e-06,7.9166e-06,4.26209e-05,0.0270913479,-0.0025007358,-2.70509e-05,0.0040349894,6.45574e-05,0.0027696065,7.929896,4.248183,0.663575,0.303697,-0.718683,-0.383228,-0.494409
1403637161.83836,-0.90494,-7.769438,0.155613,0.524879,-0.613075,0.408895,0.425964,0.0003655425,-2.07514e-05,-0.0001161647,2.1789e-06,6.647e-06,3.78259e-05,0.0272814834,-0.0026219607,-2.63955e-05,0.0040956894,6.63933e-05,0.0027744717,7.997718,4.281279,0.67673,0.303152,-0.714384,-0.37857,-0.504474
1403637162.08847,-1.158549,-8.039177,0.20812,0.502154,-0.600918,0.416715,0.461613,0.0003828348,-1.4715e-05,-8.84401e-05,1.5142e-06,3.4367e-06,2.13033e-05,0.0292082295,-0.0037136705,-3.7052e-05,0.0044716991,5.05452e-05,0.0027913648,8.324313,4.418917,0.72257,0.303482,-0.697032,-0.358867,-0.541627
1403637162.13861,-1.119783,-8.08891,0.201578,0.50003,-0.601478,0.418195,0.461852,0.0003832507,-1.63228e-05,-8.73305e-05,1.5663e-06,3.7422e-06,2.07611e-05,0.0292850883,-0.0036967523,-2.49429e-05,0.0044870069,5.36213e-05,0.0027945168,8.385022,4.439262,0.726361,0.30512,-0.69681,-0.355981,-0.542898
1403637162.23868,-1.187546,-8.1669,0.202385,0.496665,-0.608823,0.421568,0.452701,0.0003800955,-2.50357e-05,-9.17485e-05,2.4877e-06,6.0623e-06,2.29841e-05,0.0298626104,-0.0037821124,-1.63298e-05,0.0044590173,3.86451e-05,0.0027891502,8.501237,4.47174,0.7275,0.31065,-0.703106,-0.350797,-0.534968
1403637162.28871,-1.242875,-8.201081,0.200693,0.495878,-0.612484,0.422855,0.447395,0.0003779735,-2.90092e-05,-9.46825e-05,3.061e-06,7.2847e-06,2.45488e-05,0.0300344459,-0.0038315488,-1.37217e-05,0.0044577933,4.57967e-05,0.0027933202,8.55747,4.483839,0.725967,0.313113,-0.70653,-0.349202,-0.530047
1403637162.33897,-1.247514,-8.158739,0.207133,0.496688,-0.614703,0.422783,0.443504,0.0003760693,-3.13836e-05,-9.74009e-05,3.4163e-06,8.148e-06,2.6001e-05,0.0301659691,-0.0040981818,1.00255e-05,0.0042716592,3.24486e-05,0.002757546,8.612985,4.493053,0.722998,0.314106,-0.709355,-0.348965,-0.525828
1403637162.38901,-1.304205,-8.171292,0.198325,0.496264,-0.617874,0.424074,0.438309,0.0003741551,-3.46565e-05,-9.97174e-05,4.0074e-06,9.2571e-06,2.7343e-05,0.0298439552,-0.004104184,1.27987e-05,0.0042332381,3.80228e-05,0.0027563581,8.668104,4.499523,0.718745,0.316563,-0.712399,-0.347847,-0.520961
1403637162.43908,-1.362662,-8.17999,0.187824,0.496332,-0.621822,0.424954,0.431748,0.0003712581,-3.87002e-05,-0.0001031739,4.8327e-06,1.07776e-05,2.9437e-05,0.0298951656,-0.0043083604,1.50743e-05,0.0042599159,4.29216e-05,0.0027562276,8.722977,4.503322,0.712995,0.318958,-0.71627,-0.347069,-0.51468
1403637162.98897,-2.077197,-8.366764,0.174364,0.465488,-0.631807,0.40086,0.472707,0.0003807004,-2.62138e-05,-9.11364e-05,2.6304e-06,6.2902e-06,2.2585e-05,0.0311911063,-0.0068381834,1.8391e-05,0.0053366847,4.87909e-05,0.0027889967,9.319011,4.350556,0.697267,0.286688,-0.719179,-0.315148,-0.548903
1403637163.03888,-2.100422,-8.29272,0.160731,0.457777,-0.637645,0.391385,0.480277,0.0003809135,-2.35396e-05,-9.15088e-05,2.272e-06,5.6744e-06,2.27436e-05,0.0310043688,-0.0070541833,2.33194e-05,0.0053627366,5.22229e-05,0.0027890479,9.375384,4.323376,0.691707,0.275891,-0.723382,-0.306259,-0.553923
1403637163.0888,-2.160489,-8.283738,0.147014,0.448807,-0.644462,0.381069,0.48788,0.0003811341,-2.09699e-05,-9.17696e-05,1.9722e-06,5.0688e-06,2.28545e-05,0.0304729848,-0.0070574363,2.59052e-05,0.005405221,5.53477e-05,0.0027896711,9.430181,4.2934,0.685405,0.264221,-0.728082,-0.295885,-0.559097
1403637163.58868,-2.784862,-8.065267,0.024619,0.336052,-0.723057,0.299699,0.523868,0.0003720732,-3.14487e-05,-0.0001055804,3.4752e-06,8.9709e-06,3.07596e-05,0.0293067844,-0.0089533954,3.96314e-05,0.0067287781,6.64025e-05,0.0028160287,9.877417,3.893745,0.573671,0.176805,-0.779765,-0.168906,-0.576348
1403637163.63868,-2.839654,-8.029983,0.010976,0.330312,-0.732217,0.294181,0.51789,0.0003673464,-3.40908e-05,-0.0001120938,3.9819e-06,1.0453e-05,3.50107e-05,0.0288226268,-0.0089645811,4.12067e-05,0.0068043825,6.74844e-05,0.0028173089,9.910403,3.84485,0.56273,0.172755,-0.787426,-0.161261,-0.569308
1403637163.6887,-2.885928,-7.97464,-0.010716,0.324885,-0.73933,0.291152,0.512904,0.0003633834,-3.72277e-05,-0.0001167947,4.6298e-06,1.20193e-05,3.83282e-05,0.0285693928,-0.0091051619,4.58606e-05,0.0069139106,7.25504e-05,0.0028049808,9.942852,3.794661,0.554818,0.170987,-0.793161,-0.154348,-0.563769
1403637163.7387,-2.940978,-7.935375,-0.016795,0.320076,-0.746566,0.289087,0.506576,0.0003587224,-4.07845e-05,-0.0001218662,5.455e-06,1.3914e-05,4.21945e-05,0.0282016441,-0.0091822034,4.59722e-05,0.0070266049,7.27152e-05,0.0028058662,9.975126,3.742858,0.548828,0.170377,-0.799169,-0.14805,-0.557121
1403637163.78871,-2.995501,-7.892939,-0.01853,0.316716,-0.750948,0.287012,0.503381,0.0003559928,-4.24781e-05,-0.0001247658,5.888e-06,1.49488e-05,4.45208e-05,0.0279440001,-0.0093105423,4.58962e-05,0.0071656159,7.26627e-05,0.0028068959,10.008372,3.689391,0.546022,0.169086,-0.80271,-0.143757,-0.553534
1403637163.83872,-3.048919,-7.847408,-0.01653,0.313106,-0.75483,0.287365,0.499618,0.0003532725,-4.56351e-05,-0.00012699,6.7168e-06,1.647e-05,4.64404e-05,0.0276621275,-0.0094293135,4.52433e-05,0.0073035472,7.22382e-05,0.0028077577,10.041672,3.633973,0.546099,0.170279,-0.805725,-0.139329,-0.54991
1403637163.93874,-3.168296,-7.75967,-0.009138,0.305164,-0.758315,0.292201,0.496439,0.0003511603,-5.27089e-05,-0.0001268298,8.7381e-06,1.91105e-05,4.6588e-05,0.0270824779,-0.0096809625,4.30293e-05,0.0076062682,7.16614e-05,0.0028100092,10.109494,3.516852,0.554262,0.175742,-0.807328,-0.130752,-0.547944
1403637163.98873,-3.226061,-7.705063,0.00086,0.302498,-0.758148,0.294104,0.497201,0.000351594,-5.46097e-05,-0.0001255562,9.305e-06,1.9578e-05,4.56026e-05,0.0267892163,-0.0098108352,4.04977e-05,0.007749867,6.8031e-05,0.0028099357,10.145297,3.454816,0.561134,0.177479,-0.806596,-0.128136,-0.549081
1403637164.03873,-3.284684,-7.650855,0.012783,0.302005,-0.757447,0.294534,0.498314,0.0003523599,-5.46941e-05,-0.0001246538,9.3134e-06,1.94261e-05,4.48535e-05,0.0264408761,-0.009921354,3.88284e-05,0.0079093426,6.69079e-05,0.00281035,10.182603,3.390564,0.569804,0.177681,-0.805788,-0.127773,-0.550285
1403637164.13873,-3.425523,-7.549764,0.034155,0.302726,-0.75342,0.295161,0.503583,0.0003560103,-5.29457e-05,-0.000121028,8.6994e-06,1.80713e-05,4.18927e-05,0.0257878279,-0.0101703337,4.04052e-05,0.0082806463,6.97406e-05,0.0028148045,10.260372,3.254494,0.593545,0.177171,-0.801999,-0.129356,-0.555591
1403637164.18872,-3.491935,-7.494914,0.050087,0.304367,-0.751081,0.29473,0.506332,0.0003580032,-5.09957e-05,-0.0001193643,8.0839e-06,1.7076e-05,4.05306e-05,0.0254620641,-0.0103211828,3.71896e-05,0.0084786914,6.64053e-05,0.002814631,10.300194,3.182274,0.607441,0.176144,-0.79998,-0.131501,-0.55832
1403637164.2387,-3.555001,-7.431022,0.070036,0.307384,-0.749389,0.292868,0.508094,0.0003591773,-4.80767e-05,-0.0001190943,7.2528e-06,1.60134e-05,4.02118e-05,0.0251208496,-0.0104459623,3.4292e-05,0.0086736586,6.468e-05,0.0028147104,10.340375,3.107584,0.622446,0.173925,-0.798922,-0.134872,-0.559727
1403637164.28867,-3.617893,-7.345348,0.093516,0.312245,-0.746129,0.28905,0.512099,0.0003615031,-4.23883e-05,-0.0001182173,5.7618e-06,1.39321e-05,3.93612e-05,0.0247188254,-0.0105559411,2.89714e-05,0.0087986973,4.9886e-05,0.0028112256,10.380972,3.030786,0.63902,0.169224,-0.796884,-0.140481,-0.562693
1403637164.58863,-4.076367,-6.961434,0.158397,0.324912,-0.7476,0.291491,0.500559,0.0003565637,-4.17985e-05,-0.0001250808,5.7015e-06,1.47275e-05,4.45968e-05,0.0223968197,-0.0112063656,2.75686e-05,0.0102258965,5.39721e-05,0.0028242959,10.622216,2.548455,0.716463,0.174009,-0.800917,-0.152798,-0.552185
1403637164.68862,-4.236572,-6.830599,0.162634,0.32778,-0.747905,0.29387,0.496828,0.0003550885,-4.2988e-05,-0.0001265753,6.0099e-06,1.53896e-05,4.58417e-05,0.0216465401,-0.0114085712,2.70679e-05,0.0107679884,5.60012e-05,0.0028293694,10.705735,2.377852,0.725647,0.177167,-0.801762,-0.155625,-0.54916
1403637165.0886,-4.905512,-6.249052,0.13791,0.320635,-0.740281,0.257598,0.531809,0.0003681736,-1.53667e-05,-0.0001165934,1.4502e-06,4.9189e-06,3.76491e-05,0.0187108991,-0.0121236381,2.35834e-05,0.0133310536,6.74727e-05,0.0028549401,11.054421,1.650886,0.716595,0.134092,-0.792517,-0.15079,-0.575511
1403637165.1386,-4.990224,-6.174415,0.131254,0.3122,-0.740726,0.253669,0.53806,0.0003704218,-1.53399e-05,-0.0001134101,1.4456e-06,4.7515e-06,3.54467e-05,0.0183237546,-0.0121654112,2.32275e-05,0.0136645994,6.93935e-05,0.002858772,11.097206,1.558435,0.711506,0.128909,-0.79108,-0.142519,-0.580767
1403637165.1886,-5.073803,-6.098741,0.124032,0.304491,-0.742732,0.246538,0.543005,0.0003714387,-1.36753e-05,-0.0001121733,1.3139e-06,4.1879e-06,3.46005e-05,0.0179633103,-0.0122207177,2.29288e-05,0.014019672,7.13917e-05,0.0028628193,11.139053,1.465758,0.705484,0.120861,-0.79129,-0.134649,-0.584092
1403637165.23859,-5.1566,-6.022124,0.116479,0.295896,-0.745767,0.239708,0.546641,0.0003717978,-1.31183e-05,-0.0001117626,1.2727e-06,4.004e-06,3.43237e-05,0.0176039542,-0.012264843,2.28201e-05,0.0143725775,7.25381e-05,0.002866498,11.179614,1.371985,0.698563,0.113395,-0.7923,-0.125661,-0.586185
1403637165.53857,-5.620846,-5.550668,0.113621,0.258527,-0.776862,0.194216,0.540305,0.0003586252,-8.4255e-06,-0.0001301494,9.98e-07,3.1229e-06,4.80129e-05,0.015536541,-0.0123423557,2.44252e-05,0.0164475422,7.43745e-05,0.0028906384,11.393341,0.820138,0.699794,0.070424,-0.814403,-0.082578,-0.570061
1403637165.63855,-5.770292,-5.397638,0.128823,0.255027,-0.780547,0.179776,0.541653,0.0003567397,-1.5679e-06,-0.000132729,8.081e-07,6.449e-07,5.01748e-05,0.01485797,-0.0123062498,2.50174e-05,0.0171740032,7.85132e-05,0.002901689,11.460938,0.642737,0.71666,0.056066,-0.817207,-0.078384,-0.568242
1403637165.73855,-5.915645,-5.25096,0.143758,0.257262,-0.780198,0.163689,0.546181,0.0003562014,9.7907e-06,-0.0001331034,1.0744e-06,-3.6052e-06,5.05366e-05,0.0142614794,-0.0122805795,2.56137e-05,0.0179150048,8.40176e-05,0.0029140767,11.528586,0.470928,0.733204,0.039391,-0.817344,-0.080665,-0.569139
1403637165.78855,-5.986516,-5.181298,0.149561,0.259668,-0.779487,0.155879,0.548338,0.0003557188,1.59046e-05,-0.0001331188,1.5188e-06,-5.9038e-06,5.06184e-05,0.0139851125,-0.0122652778,2.60733e-05,0.0182829007,8.69887e-05,0.0029206707,11.562822,0.388009,0.739893,0.031317,-0.817168,-0.083176,-0.569538
1403637166.08856,-6.38061,-4.812143,0.148592,0.290384,-0.768538,0.135179,0.553853,0.0003514253,4.29635e-05,-0.0001322781,6.0793e-06,-1.61587e-05,5.05972e-05,0.0126027602,-0.0121395332,3.16732e-05,0.020380525,0.0001053192,0.00296249,11.760387,-0.048989,0.743252,0.009938,-0.813147,-0.115606,-0.570434
1403637166.13856,-6.441087,-4.758872,0.13876,0.295306,-0.766501,0.135701,0.553946,0.0003510742,4.49311e-05,-0.0001320675,6.5829e-06,-1.68929e-05,5.04908e-05,0.0124492473,-0.0121374201,3.23378e-05,0.0207099048,0.0001091458,0.0029697136,11.792783,-0.110594,0.733039,0.010428,-0.812233,-0.120878,-0.570638
1403637166.48856,-6.790948,-4.46734,0.031704,0.30126,-0.726579,0.184115,0.589429,0.0003807666,3.43054e-05,-9.35511e-05,3.94e-06,-8.4167e-06,2.37553e-05,0.0115312184,-0.0120623854,5.10749e-05,0.0228249454,0.0001505882,0.0030242995,11.990932,-0.444485,0.631762,0.049997,-0.774604,-0.135557,-0.615865
1403637166.58856,-6.850813,-4.397672,0.004711,0.306854,-0.725591,0.189918,0.585909,0.0003803306,3.28542e-05,-9.50419e-05,3.6979e-06,-8.2022e-06,2.45298e-05,0.0113426717,-0.0119933072,6.39911e-05,0.0232340594,0.0001605004,0.003040892,12.021302,-0.516332,0.610484,0.05648,-0.77482,-0.141175,-0.613773
1403637166.78855,-6.899535,-4.305573,-0.06145,0.330978,-0.745043,0.171976,0.552982,0.0003581548,4.15638e-05,-0.0001255767,5.6911e-06,-1.45965e-05,4.4863e-05,0.0109132478,-0.0116942134,0.0001128827,0.0236896602,0.0001054291,0.0030285367,12.043346,-0.638764,0.568064,0.046267,-0.799017,-0.160116,-0.577965
1403637166.88855,-6.928823,-4.244609,-0.087088,0.34411,-0.741909,0.159146,0.553021,0.0003521909,5.44808e-05,-0.0001279091,9.316e-06,-1.98249e-05,4.73062e-05,0.0109835983,-0.011688505,0.0001240497,0.0236972026,0.0001127626,0.0030476015,12.046188,-0.684021,0.544674,0.033757,-0.79885,-0.173641,-0.575166
1403637166.93855,-6.931029,-4.227518,-0.100048,0.350413,-0.737547,0.153362,0.55652,0.0003509732,6.16461e-05,-0.0001260951,1.17197e-05,-2.21934e-05,4.61568e-05,0.0109256523,-0.0116368478,0.0001266249,0.0237443476,9.5088e-05,0.003047255,12.046164,-0.701066,0.531975,0.027382,-0.795972,-0.180685,-0.577331
1403637166.98854,-6.916216,-4.223265,-0.109228,0.355209,-0.731339,0.148814,0.562871,0.0003515302,6.85956e-05,-0.0001218341,1.42866e-05,-2.3827e-05,4.30708e-05,0.0108269522,-0.0115676389,0.0001348242,0.0237491853,0.0001015341,0.003054288,12.044703,-0.71372,0.51979,0.021624,-0.790927,-0.186641,-0.582601
1403637167.08854,-6.707743,-4.380129,-0.077672,0.365767,-0.718747,0.140167,0.574431,0.0003516939,8.15362e-05,-0.0001133068,1.9746e-05,-2.63462e-05,3.72966e-05,0.0104661853,-0.0112268377,0.0001338354,0.0231150475,6.89336e-05,0.0029673536,12.032243,-0.724667,0.500232,0.011538,-0.78077,-0.198448,-0.592619
1403637167.13854,-6.692884,-4.373352,-0.083358,0.369124,-0.712759,0.137194,0.580431,0.0003512252,8.78267e-05,-0.0001091995,2.28175e-05,-2.73873e-05,3.47445e-05,0.0111191263,-0.011360634,0.0001407389,0.0218912917,7.16779e-05,0.0029668133,12.019386,-0.722708,0.493883,0.007314,-0.775657,-0.203044,-0.597829
1403637167.48858,-6.386148,-4.486812,-0.062438,0.357883,-0.724808,0.152426,0.56863,0.0003551712,7.02713e-05,-0.0001165846,1.47632e-05,-2.31489e-05,3.90804e-05,0.011055653,-0.0110297641,7.09503e-05,0.0204148189,7.99588e-05,0.0029637097,11.823244,-0.549401,0.488222,0.024887,-0.784812,-0.189177,-0.589966
1403637167.53856,-6.327616,-4.519727,-0.064673,0.349022,-0.734114,0.165757,0.558377,0.0003565333,5.55173e-05,-0.0001225839,9.4926e-06,-1.9161e-05,4.29723e-05,0.01135511,-0.0110802882,7.16708e-05,0.0199001622,7.66792e-05,0.002965093,11.78344,-0.505225,0.484347,0.040058,-0.792,-0.178348,-0.582894
1403637167.63866,-6.142972,-4.60115,-0.03499,0.331495,-0.747547,0.19258,0.542399,0.0003588368,2.70773e-05,-0.0001288361,2.8559e-06,-9.7804e-06,4.70826e-05,0.0114702781,-0.011012784,4.48581e-05,0.0191633809,7.23836e-05,0.002933788,11.700835,-0.408712,0.474681,0.069782,-0.801211,-0.157933,-0.573381
1403637167.78867,-5.948105,-4.705931,-0.04708,0.327025,-0.755428,0.213251,0.52622,0.0003555704,8.1517e-06,-0.0001351353,9.948e-07,-3.1463e-06,5.2212e-05,0.0118981026,-0.0108351943,3.97158e-05,0.0178531989,6.84662e-05,0.0029252305,11.574501,-0.254089,0.451029,0.093664,-0.807849,-0.151903,-0.56221
1403637167.93868,-5.7486,-4.808963,-0.053266,0.343264,-0.757022,0.218585,0.511184,0.0003474742,7.1756e-06,-0.0001435582,9.326e-07,-3.018e-06,6.01783e-05,0.0123027581,-0.0107559794,3.18778e-05,0.0168779548,6.47348e-05,0.0028991323,11.451557,-0.094947,0.421376,0.102366,-0.813025,-0.167329,-0.548706
1403637167.98868,-5.684555,-4.842297,-0.057322,0.350719,-0.754627,0.216439,0.510576,0.0003463029,1.16207e-05,-0.000144473,1.1783e-06,-4.9083e-06,6.11489e-05,0.0124628269,-0.0107224181,3.20828e-05,0.0165614275,6.58797e-05,0.0028982649,11.412563,-0.041389,0.414949,0.100409,-0.812353,-0.175144,-0.547629
1403637168.38869,-5.201547,-5.162076,-0.119242,0.364391,-0.735844,0.234071,0.520541,0.0003574179,1.30756e-05,-0.0001328263,1.3004e-06,-4.9276e-06,5.02722e-05,0.0137200019,-0.010445909,2.98836e-05,0.0143964359,6.92065e-05,0.0028984164,11.07324,0.443998,0.372479,0.115119,-0.79645,-0.192922,-0.561434
1403637168.4387,-5.140776,-5.201603,-0.139982,0.364255,-0.730898,0.235975,0.526709,0.000361362,1.46409e-05,-0.0001280122,1.4172e-06,-5.2572e-06,4.62494e-05,0.0139147264,-0.0104310867,3.08497e-05,0.0141590861,7.16576e-05,0.0028973524,11.038597,0.504415,0.349274,0.115569,-0.79156,-0.1939,-0.567889
1403637168.6887,-4.82973,-5.402119,-0.249041,0.360674,-0.731728,0.243961,0.524377,0.0003626611,7.9413e-06,-0.000127261,1.0219e-06,-2.8559e-06,4.5584e-05,0.0147858596,-0.0101867721,3.12543e-05,0.0129080367,7.73338e-05,0.0028981893,10.853226,0.806924,0.226059,0.123972,-0.791453,-0.190433,-0.567422
1403637168.73871,-4.764411,-5.438056,-0.26943,0.361978,-0.733247,0.241654,0.522421,0.0003609134,8.9279e-06,-0.0001293739,1.0704e-06,-3.2723e-06,4.73009e-05,0.0149446507,-0.0101159539,3.29932e-05,0.0126472015,8.13877e-05,0.0028956765,10.814144,0.866751,0.206246,0.122167,-0.793221,-0.19158,-0.564954
1403637168.83872,-4.638086,-5.516919,-0.2971,0.362886,-0.735527,0.238286,0.520129,0.0003587355,1.00595e-05,-0.0001319907,1.1459e-06,-3.7756e-06,4.95108e-05,0.01528858,-0.009979962,3.28515e-05,0.0121610193,8.33266e-05,0.0028982298,10.736261,0.986605,0.172344,0.11942,-0.795625,-0.192041,-0.561996
1403637168.88872,-4.572806,-5.555125,-0.311574,0.364216,-0.735664,0.235863,0.52011,0.0003579574,1.19186e-05,-0.000132761,1.2657e-06,-4.4974e-06,5.01858e-05,0.0154705855,-0.0099175228,3.28554e-05,0.0119287783,8.5962e-05,0.0028976364,10.698066,1.047079,0.157173,0.117138,-0.796017,-0.193506,-0.561419
1403637169.03873,-4.385374,-5.680411,-0.354259,0.368251,-0.734809,0.226365,0.522691,0.0003564618,1.96687e-05,-0.0001336926,1.9747e-06,-7.4607e-06,5.11073e-05,0.0160374304,-0.0097085767,3.28203e-05,0.0112384643,9.10656e-05,0.0029016583,10.582976,1.230021,0.106826,0.107364,-0.795983,-0.19778,-0.561932
1403637169.08873,-4.321644,-5.723376,-0.36869,0.371314,-0.733246,0.222328,0.524449,0.0003559586,2.38468e-05,-0.0001336328,2.4961e-06,-9.0409e-06,5.11414e-05,0.0162493405,-0.0096492726,3.29224e-05,0.0110291462,9.27097e-05,0.0029037043,10.544797,1.292587,0.089074,0.103055,-0.795105,-0.20114,-0.562789
1403637169.13873,-4.256531,-5.768788,-0.382441,0.373663,-0.731127,0.222306,0.525746,0.0003565238,2.55356e-05,-0.0001326982,2.7327e-06,-9.5966e-06,5.0362e-05,0.0164634011,-0.009580363,3.38299e-05,0.0108063742,9.60498e-05,0.0029048522,10.506387,1.356983,0.072696,0.10272,-0.793553,-0.203937,-0.564032
1403637169.18872,-4.189843,-5.814021,-0.395145,0.377477,-0.727804,0.2238,0.526996,0.000357425,2.72168e-05,-0.000131358,2.9812e-06,-1.0095e-05,4.9246e-05,0.0166895895,-0.009508272,3.39635e-05,0.0105842475,9.91912e-05,0.0029047815,10.467334,1.42315,0.058444,0.103904,-0.791072,-0.208517,-0.565627
1403637169.28871,-4.061778,-5.917427,-0.420791,0.387679,-0.719359,0.233698,0.52689,0.0003599776,2.73914e-05,-0.0001283795,2.9983e-06,-9.8601e-06,4.67612e-05,0.0171563771,-0.0093536269,2.97495e-05,0.0101375352,0.0001023742,0.0029028552,10.387528,1.560575,0.037025,0.113578,-0.784943,-0.220521,-0.567763
1403637169.4387,-3.838043,-6.062326,-0.461674,0.409605,-0.703132,0.256611,0.521517,0.0003631814,2.54252e-05,-0.0001247971,2.6718e-06,-8.8314e-06,4.38441e-05,0.0179197263,-0.0091363697,2.71573e-05,0.0094679298,0.000114576,0.0028881,10.258964,1.775843,0.020638,0.137327,-0.773682,-0.246454,-0.567332
1403637169.53869,-3.67608,-6.183616,-0.516789,0.429959,-0.687366,0.272627,0.518013,0.0003653888,2.67926e-05,-0.000121569,2.7902e-06,-8.9702e-06,4.13308e-05,0.0183159261,-0.0089230124,2.30486e-05,0.0089395119,0.0001170505,0.0028575246,10.166845,1.923794,0.018618,0.1541,-0.762801,-0.27024,-0.566969
1403637169.68869,-3.435214,-6.337935,-0.512057,0.466316,-0.656757,0.299286,0.511514,0.000369083,3.22474e-05,-0.0001152735,3.6491e-06,-1.01311e-05,3.68955e-05,0.019210847,-0.0085670485,1.907e-05,0.0082212109,0.0001245971,0.0028525553,10.017229,2.149732,0.026166,0.181477,-0.740732,-0.312585,-0.566456
1403637169.73866,-3.343471,-6.382753,-0.52103,0.47787,-0.647877,0.308592,0.506624,0.0003692851,3.25251e-05,-0.0001147727,3.6881e-06,-1.01627e-05,3.65365e-05,0.0194417253,-0.0084208201,1.96891e-05,0.0079842277,0.0001304689,0.0028453523,9.963584,2.225327,0.028838,0.191756,-0.734409,-0.326297,-0.563594
1403637169.78866,-3.256163,-6.434476,-0.519923,0.489212,-0.639357,0.317402,0.50115,0.0003693458,3.24277e-05,-0.0001147014,3.6683e-06,-1.01225e-05,3.64836e-05,0.0196691651,-0.0082443804,1.83465e-05,0.0077337439,0.0001336761,0.002842793,9.908191,2.300728,0.029985,0.201528,-0.728547,-0.339242,-0.560167
1403637170.08866,-2.697266,-6.721268,-0.55773,0.54942,-0.586479,0.353927,0.478452,0.000368597,4.2343e-05,-0.000112802,5.7132e-06,-1.30187e-05,3.54162e-05,0.0211889528,-0.0071698922,7.2358e-06,0.0064221846,0.0001447969,0.0028359995,9.539559,2.748968,-0.003696,0.242054,-0.689855,-0.409482,-0.545743
1403637170.18866,-2.493828,-6.804967,-0.582333,0.564891,-0.569751,0.367695,0.470193,0.0003694747,4.31982e-05,-0.000111309,5.906e-06,-1.30757e-05,3.44424e-05,0.0217072639,-0.0067148574,2.2681e-06,0.0059896004,0.0001494892,0.0028338319,9.397246,2.897075,-0.025792,0.25728,-0.676848,-0.428305,-0.540592
1403637170.68865,-1.365907,-7.110846,-0.769909,0.607293,-0.477375,0.494001,0.399088,0.000393192,4.9009e-06,-7.7388e-05,9.154e-07,-1.0018e-06,1.61781e-05,0.0236032803,-0.0039423552,-3.27739e-05,0.0043102576,0.0001763562,0.002831217,8.538059,3.585107,-0.19742,0.395834,-0.595675,-0.490403,-0.49799
1403637170.73865,-1.240139,-7.134046,-0.795835,0.612524,-0.465112,0.504704,0.39212,0.0003949182,3.867e-06,-7.31991e-05,8.844e-07,-7.462e-07,1.44937e-05,0.0236555114,-0.0035938129,-3.61896e-05,0.0041783231,0.0001763654,0.0028316361,8.44438,3.64001,-0.219271,0.407943,-0.58497,-0.498039,-0.493306
1403637171.08865,-0.49412,-7.123558,-0.925753,0.67825,-0.392031,0.539157,0.30919,0.0003878311,-1.572e-06,-9.01363e-05,8.724e-07,3.289e-07,2.18829e-05,0.0237986527,-0.0014926682,-7.96309e-05,0.0037112142,0.0001880703,0.0028378989,7.788903,3.900216,-0.336608,0.459406,-0.527761,-0.578213,-0.419627
1403637171.13865,-0.399543,-7.107044,-0.935946,0.686923,-0.382537,0.540982,0.298565,0.0003861859,-1.6215e-06,-9.34875e-05,8.761e-07,3.528e-07,2.35667e-05,0.0237482744,-0.0012020247,-8.67414e-05,0.0036863013,0.0001898492,0.0028398642,7.69866,3.922586,-0.34597,0.463443,-0.520344,-0.588772,-0.409648
1403637171.28864,-0.122984,-7.050604,-0.951897,0.698773,-0.359265,0.553088,0.277016,0.0003865793,-4.3378e-06,-9.2896e-05,9.261e-07,1.0047e-06,2.326e-05,0.0235291275,-0.0004514781,-0.0001117517,0.0036848313,0.0001967075,0.0028477643,7.438295,3.972383,-0.359819,0.479927,-0.50021,-0.605438,-0.391031
1403637171.43865,0.110321,-6.964778,-0.944653,0.70617,-0.337194,0.556786,0.278592,0.0003884618,7.1472e-06,-8.92184e-05,1.0124e-06,-1.701e-06,2.14121e-05,0.0232118639,0.0002504787,-0.000136084,0.0037351915,0.0002007914,0.002856161,7.194002,3.996372,-0.353178,0.483053,-0.480134,-0.617562,-0.39338
1403637171.48865,0.188343,-6.934784,-0.939586,0.708617,-0.332669,0.555948,0.279491,0.0003882443,1.02563e-05,-8.94551e-05,1.1583e-06,-2.4247e-06,2.154e-05,0.023022992,0.0004042219,-0.0001468051,0.0037694111,0.0002026034,0.0028602436,7.114887,3.99731,-0.347474,0.482062,-0.476213,-0.620924,-0.394074
1403637171.53865,0.263821,-6.90082,-0.933569,0.710603,-0.329345,0.554962,0.280341,0.0003878883,1.2913e-05,-8.99297e-05,1.3179e-06,-3.058e-06,2.17793e-05,0.0228870842,0.0006036488,-0.0001560882,0.0038082767,0.0002056231,0.0028638371,7.035744,3.994909,-0.3405,0.480881,-0.473373,-0.623623,-0.394673
1403637171.73865,0.541578,-6.726742,-0.917932,0.712606,-0.323317,0.55145,0.28907,0.0003875518,2.19648e-05,-8.9216e-05,2.1152e-06,-5.1411e-06,2.14578e-05,0.0222023814,0.0013411529,-0.000197309,0.0039951097,0.0002230694,0.0028801111,6.720223,3.953167,-0.31892,0.475366,-0.467854,-0.627078,-0.402384
1403637171.78865,0.609675,-6.678896,-0.916963,0.711955,-0.323121,0.550794,0.292128,0.0003878549,2.36812e-05,-8.82458e-05,2.3242e-06,-5.474e-06,2.10026e-05,0.0219327668,0.0014730853,-0.000210788,0.0040577906,0.0002260616,0.0028862733,6.641199,3.934843,-0.316338,0.47408,-0.467499,-0.626492,-0.405218
1403637171.93865,0.818373,-6.479104,-0.920041,0.70834,-0.324557,0.549896,0.300885,0.0003887511,2.72617e-05,-8.55542e-05,2.6763e-06,-6.0591e-06,1.95361e-05,0.0208021256,0.0020811517,-0.0001374873,0.004064769,0.0001801391,0.002859547,6.406415,3.862238,-0.318039,0.47121,-0.468231,-0.622962,-0.413084
1403637171.98864,0.87874,-6.39308,-0.92007,0.706494,-0.325352,0.550359,0.303508,0.0003894645,2.80329e-05,-8.38226e-05,2.7017e-06,-6.0866e-06,1.86772e-05,0.0201528312,0.002316007,-9.32057e-05,0.0040062292,0.0001474373,0.0028444591,6.328698,3.831902,-0.321016,0.470967,-0.468685,-0.621183,-0.415519
1403637172.08864,1.006223,-6.223152,-0.922455,0.703593,-0.327617,0.550428,0.307656,0.0003902456,2.86763e-05,-8.1973e-05,2.6548e-06,-6.0415e-06,1.77508e-05,0.0191410077,0.0026034334,-3.85867e-05,0.0039545059,0.0001356675,0.0028204381,6.173254,3.760953,-0.331125,0.470081,-0.470287,-0.618142,-0.419231
1403637172.13863,1.066632,-6.144438,-0.929599,0.702561,-0.331437,0.550674,0.305475,0.0003904655,2.55538e-05,-8.26035e-05,2.2104e-06,-5.4235e-06,1.79936e-05,0.0186130928,0.0027299275,-3.77341e-05,0.0040082612,0.0001336686,0.00281895,6.094639,3.721064,-0.337895,0.470731,-0.473729,-0.616434,-0.417135
1403637172.18853,1.121324,-6.059879,-0.930673,0.701749,-0.337492,0.551319,0.299491,0.0003901946,1.92623e-05,-8.49181e-05,1.4171e-06,-4.2056e-06,1.89643e-05,0.0181455935,0.0028305923,-2.67107e-05,0.0039887702,0.0001492521,0.0028093628,6.015486,3.677815,-0.345078,0.472521,-0.479481,-0.614381,-0.411541
1403637172.33849,1.297714,-5.803985,-0.937458,0.704639,-0.36392,0.546423,0.269199,0.0003824399,-7.2757e-06,-0.0001018821,5.992e-07,1.9382e-06,2.76227e-05,0.0169432202,0.0031070171,-2.66098e-05,0.0041541806,0.0001437614,0.0028079242,5.776838,3.530955,-0.358044,0.474191,-0.505901,-0.611595,-0.381
1403637172.43846,1.411899,-5.63285,-0.924742,0.703969,-0.378183,0.545047,0.253631,0.0003771808,-2.16629e-05,-0.0001086809,1.6796e-06,6.256e-06,3.17805e-05,0.0160877386,0.0032460545,-1.926e-05,0.004233338,0.0001475656,0.0028038878,5.623081,3.42393,-0.354358,0.476229,-0.519575,-0.607917,-0.365629
1403637172.73852,1.626109,-5.119612,-0.864483,0.699719,-0.402264,0.542694,0.23251,0.0003675049,-4.31349e-05,-0.0001172154,5.5093e-06,1.37875e-05,3.78602e-05,0.013903367,0.003472624,-1.71697e-05,0.0045496191,0.0001374714,0.0028048869,5.222521,3.074208,-0.297118,0.478501,-0.542208,-0.598484,-0.344771
1403637172.78854,1.641429,-5.044041,-0.83919,0.700917,-0.406835,0.538504,0.230681,0.0003644801,-4.44699e-05,-0.0001208441,5.865e-06,1.47795e-05,4.05362e-05,0.0135910971,0.0034406884,-1.27225e-05,0.0045587653,0.000138237,0.0028026856,5.166595,3.015146,-0.282264,0.474901,-0.547023,-0.59841,-0.342267
1403637173.23857,1.765617,-4.456624,-0.785503,0.70628,-0.48051,0.469,0.224315,0.0003168928,-4.8219e-05,-0.0001650853,7.7857e-06,2.51819e-05,8.6575e-05,0.0112824431,0.0032866487,-2.379e-07,0.0047737036,0.0001293841,0.0028044602,4.803067,2.553847,-0.24474,0.40874,-0.619894,-0.587566,-0.321603
1403637173.33857,1.777404,-4.370921,-0.795979,0.689764,-0.496187,0.468846,0.241263,0.0003225578,-4.81813e-05,-0.000161199,7.6396e-06,2.41356e-05,8.11264e-05,0.0110762371,0.0032320227,5.6347e-06,0.0047638547,0.000131376,0.0028031216,4.753143,2.486274,-0.260324,0.405008,-0.631624,-0.568037,-0.338162
1403637173.53857,1.789582,-4.244483,-0.823954,0.654766,-0.528368,0.466339,0.273197,0.0003322752,-4.99465e-05,-0.0001532906,7.9593e-06,2.3093e-05,7.12867e-05,0.010652752,0.003162341,1.06018e-05,0.0047942103,0.0001293062,0.0028049933,4.690593,2.38482,-0.296628,0.395926,-0.655414,-0.526979,-0.368742
1403637173.58857,1.785062,-4.217498,-0.836987,0.64592,-0.537868,0.464991,0.277972,0.0003325519,-5.21804e-05,-0.0001523501,8.6399e-06,2.39536e-05,7.0358e-05,0.0105595201,0.0031310926,1.21711e-05,0.0047832867,0.0001303892,0.0028041174,4.682213,2.364244,-0.308152,0.393641,-0.662772,-0.516347,-0.373049
1403637173.63857,1.778439,-4.200042,-0.849003,0.636595,-0.548678,0.464076,0.279881,0.0003313283,-5.64545e-05,-0.0001518821,1.00747e-05,2.59279e-05,7.01866e-05,0.0104746685,0.0030995566,1.3455e-05,0.0047718828,0.0001306494,0.0028042006,4.67674,2.345628,-0.321437,0.392426,-0.671306,-0.504952,-0.374666
1403637173.78858,1.753735,-4.158695,-0.890064,0.613786,-0.58116,0.454629,0.280772,0.0003215318,-6.67824e-05,-0.0001555815,1.43439e-05,3.23723e-05,7.58749e-05,0.0103471423,0.0030317558,1.659e-05,0.0047517907,0.000128579,0.0028069298,4.680688,2.297148,-0.370929,0.383146,-0.698115,-0.475731,-0.373517
1403637173.93859,1.693907,-4.151952,-0.942425,0.60569,-0.607818,0.429782,0.281041,0.0003056758,-6.44747e-05,-0.0001672384,1.4083e-05,3.53375e-05,9.21377e-05,0.0103271462,0.0029462909,1.84345e-05,0.0046996136,0.0001271689,0.0028087931,4.724312,2.267484,-0.426119,0.358828,-0.722489,-0.462134,-0.368354
1403637173.98858,1.66365,-4.161789,-0.955575,0.606756,-0.608269,0.42125,0.290526,0.0003074432,-5.68526e-05,-0.0001689673,1.0996e-05,3.13014e-05,9.35079e-05,0.0103420699,0.0028978301,1.8437e-05,0.0046637079,0.0001256121,0.002809241,4.749728,2.262632,-0.438882,0.348477,-0.723162,-0.463106,-0.375678
1403637174.13858,1.570477,-4.214875,-0.95227,0.602959,-0.586621,0.417903,0.343036,0.0003379928,-2.86149e-05,-0.0001544755,2.9075e-06,1.31027e-05,7.12196e-05,0.0105222243,0.0027820703,2.17963e-05,0.0045744892,0.0001224714,0.0028138804,4.852752,2.268616,-0.447567,0.33394,-0.701099,-0.464054,-0.426147
1403637174.23857,1.506385,-4.257121,-0.933615,0.590176,-0.572165,0.433247,0.369617,0.0003591429,-2.29104e-05,-0.0001347264,1.9506e-06,8.6078e-06,5.11322e-05,0.0106774838,0.002686335,2.52815e-05,0.0044756981,0.000123543,0.0028169298,4.932355,2.283853,-0.435352,0.343239,-0.684171,-0.454777,-0.455352
1403637174.38857,1.400279,-4.330122,-0.892645,0.57686,-0.56856,0.450204,0.375883,0.0003689372,-3.05471e-05,-0.0001212333,3.0359e-06,1.00535e-05,4.04303e-05,0.0109006248,0.0025548658,2.88827e-05,0.0043956042,0.0001203922,0.0028242826,5.056544,2.304125,-0.407861,0.358542,-0.677707,-0.442619,-0.465126
1403637174.43856,1.362285,-4.357205,-0.880086,0.571986,-0.571705,0.455946,0.371615,0.0003687064,-3.75592e-05,-0.0001196361,4.34e-06,1.22061e-05,3.94153e-05,0.0109788206,0.0025041955,2.99498e-05,0.004366541,0.0001180359,0.0028260517,5.099094,2.308621,-0.396459,0.365122,-0.679725,-0.437225,-0.462167
1403637174.58856,1.238269,-4.403836,-0.842567,0.554824,-0.58387,0.46601,0.366198,0.0003673505,-5.36387e-05,-0.0001154891,8.359e-06,1.68854e-05,3.69133e-05,0.0112119363,0.0023200849,3.48969e-05,0.0042658332,0.0001229452,0.0028275502,5.239029,2.313628,-0.35384,0.376215,-0.687946,-0.418026,-0.458744
1403637174.63856,1.189227,-4.420145,-0.834839,0.551788,-0.586203,0.461667,0.372504,0.0003685916,-5.07378e-05,-0.0001151332,7.511e-06,1.5868e-05,3.65718e-05,0.0112250807,0.0022413086,3.59684e-05,0.0042315972,0.0001245553,0.0028238872,5.289852,2.31049,-0.337209,0.370638,-0.689616,-0.414634,-0.463829
1403637174.68857,1.137226,-4.434148,-0.822678,0.546935,-0.588008,0.45673,0.382761,0.0003714061,-4.63281e-05,-0.0001130427,6.3067e-06,1.41163e-05,3.50175e-05,0.0112805088,0.0021577707,3.69359e-05,0.004198375,0.0001258815,0.0028227855,5.342996,2.305303,-0.320775,0.363605,-0.690341,-0.40957,-0.47273
1403637174.83862,0.960582,-4.476205,-0.798886,0.529586,-0.599526,0.434385,0.414025,0.0003767671,-3.24007e-05,-0.0001101132,3.3082e-06,9.4693e-06,3.27966e-05,0.0114262676,0.0018731818,3.77526e-05,0.0040491535,0.0001327624,0.0028141079,5.509107,2.277408,-0.280702,0.334925,-0.697938,-0.390257,-0.498406
1403637174.88863,0.9021,-4.497516,-0.791936,0.523091,-0.609959,0.425183,0.416588,0.0003741803,-3.26475e-05,-0.000114029,3.376e-06,9.948e-06,3.53727e-05,0.0114613411,0.0017557274,3.84385e-05,0.0040020763,0.0001310213,0.0028149838,5.564773,2.263903,-0.271949,0.325484,-0.706704,-0.381698,-0.498937
1403637175.13861,0.587134,-4.523965,-0.769476,0.484714,-0.64585,0.395922,0.437236,0.0003708321,-3.41864e-05,-0.0001187403,3.6822e-06,1.09285e-05,3.86486e-05,0.0116623458,0.001230678,3.97922e-05,0.0037989712,0.0001564801,0.0028138158,5.849333,2.179584,-0.239876,0.292338,-0.733647,-0.336661,-0.512797
1403637175.18861,0.519211,-4.489995,-0.774244,0.475341,-0.647625,0.397724,0.443225,0.0003736452,-3.67446e-05,-0.0001140143,4.1298e-06,1.11846e-05,3.53979e-05,0.0116251144,0.0011050785,3.88583e-05,0.0036641064,0.0001687559,0.0028109965,5.90723,2.159806,-0.235756,0.292506,-0.733508,-0.327249,-0.518969
1403637175.23861,0.454593,-4.490806,-0.772725,0.465891,-0.648286,0.400474,0.449769,0.0003769981,-3.95977e-05,-0.0001080122,4.6778e-06,1.13181e-05,3.15489e-05,0.0115012837,0.0009754758,3.91114e-05,0.0036350712,0.0001708664,0.0028117994,5.965293,2.138477,-0.232246,0.293823,-0.732141,-0.317911,-0.5259
1403637175.43859,0.1579,-4.480266,-0.774964,0.444019,-0.646344,0.405627,0.469631,0.0003858201,-4.26888e-05,-9.16429e-05,5.2294e-06,1.0108e-05,2.23016e-05,0.0114367047,0.0005067671,4.0905e-05,0.0035129746,0.0001662094,0.0028030259,6.194843,2.02992,-0.228952,0.294476,-0.725548,-0.297324,-0.546318
1403637175.48859,0.08803,-4.470892,-0.777416,0.442415,-0.650096,0.405147,0.466369,0.0003839603,-4.55387e-05,-9.39623e-05,5.9011e-06,1.11124e-05,2.35186e-05,0.0114114172,0.0003318858,4.05668e-05,0.0034929394,0.0001647025,0.0028001671,6.2505,1.996019,-0.231952,0.294751,-0.728848,-0.294962,-0.543047
1403637175.5886,-0.053123,-4.44006,-0.788243,0.442777,-0.65948,0.403392,0.454213,0.000377275,-5.13573e-05,-0.0001031097,7.4935e-06,1.40076e-05,2.87055e-05,0.0113168023,8.52606e-05,3.9797e-05,0.0034902859,0.0001630638,0.0027985688,6.359978,1.919111,-0.241875,0.295715,-0.738118,-0.293324,-0.53075
1403637175.78859,-0.351199,-4.34558,-0.796449,0.452166,-0.670003,0.394007,0.437493,0.0003666378,-5.17428e-05,-0.0001191045,7.8084e-06,1.67852e-05,3.92213e-05,0.0110289456,-0.0004258084,3.83783e-05,0.00354137,0.0001594942,0.0027974249,6.585449,1.734096,-0.253189,0.290307,-0.750484,-0.300216,-0.512219
1403637175.83859,-0.430908,-4.319832,-0.793138,0.455322,-0.668441,0.391119,0.439197,0.0003673254,-4.8053e-05,-0.0001197826,6.7737e-06,1.56443e-05,3.9577e-05,0.0109159864,-0.0005487116,3.66569e-05,0.0035545043,0.0001570926,0.0027943203,6.644568,1.682085,-0.250131,0.287248,-0.749656,-0.303571,-0.513176
1403637176.18859,-1.030552,-4.102098,-0.70807,0.462723,-0.641379,0.392965,0.469146,0.0003851578,-2.79565e-05,-9.97761e-05,2.5148e-06,7.2088e-06,2.63552e-05,0.0102112423,-0.0014568432,3.62617e-05,0.0039122626,0.0001526273,0.0027974456,7.070841,1.273817,-0.173596,0.28273,-0.724647,-0.316658,-0.542843
1403637176.23857,-1.116283,-4.064411,-0.695786,0.462639,-0.63869,0.393624,0.472336,0.0003868142,-2.64514e-05,-9.72705e-05,2.2889e-06,6.6149e-06,2.49658e-05,0.0101151554,-0.0015881361,3.57907e-05,0.0039896975,0.000150646,0.0027975708,7.129957,1.208924,-0.16258,0.282735,-0.722018,-0.317064,-0.546097
1403637176.53854,-1.633692,-3.787759,-0.659432,0.460521,-0.647057,0.378047,0.475729,0.0003840284,-2.08292e-05,-0.0001040525,1.6066e-06,5.6091e-06,2.86955e-05,0.0093082172,-0.0022233613,3.24857e-05,0.0045707126,0.0001446939,0.0027978432,7.466144,0.777282,-0.128217,0.266777,-0.730056,-0.312543,-0.546045
1403637176.58852,-1.719065,-3.739839,-0.658878,0.457482,-0.652041,0.374224,0.474878,0.0003824173,-2.1537e-05,-0.0001066752,1.6839e-06,5.9745e-06,3.02529e-05,0.0091654727,-0.002310405,3.11606e-05,0.0046844093,0.0001436307,0.0027975057,7.519062,0.699613,-0.125785,0.263203,-0.734396,-0.308206,-0.544423
1403637176.68853,-1.886208,-3.63518,-0.656333,0.452027,-0.663122,0.364735,0.472133,0.0003779465,-2.27551e-05,-0.0001136028,1.8407e-06,6.8077e-06,3.46465e-05,0.0088846306,-0.0024760167,3.04108e-05,0.004934973,0.0001422424,0.0027989486,7.622841,0.541344,-0.124368,0.254595,-0.744116,-0.300244,-0.539752
1403637176.93854,-2.297853,-3.356842,-0.669218,0.446065,-0.684646,0.343614,0.462835,0.0003660072,-2.26721e-05,-0.0001301454,1.8916e-06,8.0289e-06,4.68026e-05,0.0081828274,-0.002801781,2.93359e-05,0.0056621545,0.0001384025,0.0028049769,7.870511,0.13509,-0.136425,0.236116,-0.763858,-0.289602,-0.526214
1403637176.98855,-2.37729,-3.302089,-0.674206,0.447865,-0.688338,0.338164,0.459623,0.0003623951,-2.1058e-05,-0.000134748,1.7106e-06,7.7959e-06,5.06311e-05,0.0080622982,-0.0028515341,2.88647e-05,0.0058086639,0.0001374485,0.0028058596,7.919066,0.05334,-0.141624,0.231531,-0.767853,-0.290433,-0.521962
1403637177.13856,-2.622659,-3.136178,-0.700113,0.455865,-0.705463,0.319868,0.4384,0.000343047,-1.96662e-05,-0.0001545779,1.6229e-06,8.8277e-06,7.02159e-05,0.007687437,-0.0029922689,2.78756e-05,0.0063232111,0.0001349264,0.0028093505,8.06636,-0.188163,-0.165251,0.218244,-0.786391,-0.294423,-0.497267
1403637177.18856,-2.705062,-3.081364,-0.711294,0.458133,-0.710531,0.314575,0.431627,0.0003366495,-1.94329e-05,-0.0001600424,1.6157e-06,9.2068e-06,7.66537e-05,0.0075695881,-0.0030304074,2.72592e-05,0.0064966808,0.000134166,0.0028097589,8.117144,-0.266469,-0.175303,0.214557,-0.791901,-0.295462,-0.489449
1403637177.23856,-2.788134,-3.029321,-0.721985,0.460233,-0.714431,0.310039,0.426203,0.0003313303,-1.8967e-05,-0.000164296,1.5816e-06,9.3741e-06,8.20483e-05,0.007455575,-0.0030701752,2.66976e-05,0.0066856458,0.0001330009,0.0028106099,8.169689,-0.34286,-0.186291,0.211316,-0.796221,-0.296608,-0.483117
1403637177.43856,-3.134219,-2.855498,-0.776663,0.467685,-0.71852,0.297063,0.42042,0.0003224392,-1.24937e-05,-0.000171418,9.893e-07,6.6101e-06,9.17356e-05,0.0071045299,-0.0032571642,2.58277e-05,0.0075451393,0.0001290753,0.002815488,8.40364,-0.625941,-0.240248,0.19997,-0.801905,-0.302906,-0.474562
1403637177.48857,-3.22178,-2.818496,-0.792972,0.471278,-0.717405,0.290301,0.423027,0.0003214218,-6.6804e-06,-0.0001724547,6.447e-07,3.5488e-06,9.31348e-05,0.0070317371,-0.0033051279,2.56962e-05,0.0077728488,0.0001279716,0.0028158249,8.468952,-0.69063,-0.256305,0.192809,-0.801643,-0.306592,-0.475599
1403637177.83862,-3.825638,-2.67808,-0.862848,0.473487,-0.700478,0.265769,0.46315,0.0003364291,2.44757e-05,-0.0001601528,2.2985e-06,-1.17025e-05,7.68277e-05,0.0067779936,-0.0037635015,2.42547e-05,0.0096007499,0.0001229805,0.0028224525,8.976361,-1.038376,-0.328512,0.160482,-0.785582,-0.312646,-0.509273
1403637177.88863,-3.906443,-2.676433,-0.868318,0.466972,-0.70365,0.265318,0.46521,0.0003380023,2.26869e-05,-0.0001591816,2.0393e-06,-1.07335e-05,7.55506e-05,0.0067524053,-0.0038064442,2.35019e-05,0.0097939555,0.0001224043,0.0028225042,9.049875,-1.072415,-0.334533,0.15964,-0.787233,-0.305653,-0.511229
1403637177.98862,-4.046377,-2.692041,-0.883682,0.454729,-0.710435,0.255854,0.472274,0.0003391133,2.45593e-05,-0.0001580756,2.2893e-06,-1.14974e-05,7.42671e-05,0.0067295092,-0.0039565967,2.23679e-05,0.0103150654,0.0001227367,0.0028236791,9.194295,-1.132255,-0.349867,0.148922,-0.791166,-0.292131,-0.516274
1403637178.08862,-4.198419,-2.704323,-0.903305,0.447797,-0.711162,0.232614,0.489508,0.000339742,4.0119e-05,-0.0001544327,5.2582e-06,-1.82949e-05,7.07765e-05,0.0067785138,-0.0041310623,2.15837e-05,0.0107677858,0.0001220775,0.002825666,9.333966,-1.180805,-0.36822,0.122592,-0.790363,-0.285186,-0.528173
1403637178.43861,-4.625453,-2.842631,-0.956426,0.426493,-0.704676,0.183647,0.536478,0.0003463046,7.49105e-05,-0.0001348887,1.67767e-05,-2.92518e-05,5.31107e-05,0.0070653503,-0.0048358893,2.24143e-05,0.0124226528,0.0001176364,0.0028361503,9.777987,-1.214791,-0.413352,0.06496,-0.779416,-0.26584,-0.563612
1403637178.48859,-4.6279,-2.913318,-0.939992,0.425288,-0.70497,0.180243,0.538201,0.0003461206,7.66686e-05,-0.0001341372,1.75502e-05,-2.97896e-05,5.25483e-05,0.0071246702,-0.0049297375,1.79254e-05,0.0124843587,0.0001218308,0.0028330169,9.832368,-1.199326,-0.413077,0.061465,-0.779234,-0.264312,-0.564973
1403637178.6386,-4.716377,-3.043827,-0.932618,0.414953,-0.708918,0.187219,0.538701,0.0003512903,6.88952e-05,-0.0001331263,1.4085e-05,-2.61802e-05,5.10197e-05,0.0074714276,-0.0053109296,1.74413e-05,0.0127400047,0.0001217206,0.0028348376,9.976835,-1.122402,-0.407333,0.068307,-0.780835,-0.253448,-0.56696
1403637178.68862,-4.73472,-3.093518,-0.929542,0.409138,-0.71052,0.19595,0.537932,0.0003555708,6.17054e-05,-0.0001320359,1.1279e-05,-2.29792e-05,4.95976e-05,0.007580802,-0.0054190794,1.67298e-05,0.0127617238,0.0001219549,0.0028341371,10.019383,-1.087614,-0.406833,0.077112,-0.781168,-0.247438,-0.568038
1403637178.78864,-4.760019,-3.205448,-0.926336,0.395536,-0.71056,0.216473,0.540181,0.0003666006,4.62813e-05,-0.0001255224,6.4104e-06,-1.59006e-05,4.35416e-05,0.0078091731,-0.0056551826,1.65881e-05,0.0128961413,0.0001222351,0.0028344313,10.097574,-1.008585,-0.408348,0.09679,-0.778235,-0.234151,-0.574673
1403637178.83864,-4.769872,-3.261427,-0.924638,0.389841,-0.709799,0.225151,0.541772,0.0003710729,3.99228e-05,-0.0001219927,4.8625e-06,-1.31742e-05,4.06659e-05,0.00795092,-0.0057757693,1.64091e-05,0.0128910066,0.0001224858,0.0028332815,10.133615,-0.965469,-0.410873,0.10501,-0.776262,-0.228741,-0.578076
1403637179.18868,-4.816879,-3.676234,-0.975508,0.374749,-0.714728,0.256269,0.532027,0.0003774703,1.26162e-05,-0.0001192022,1.0025e-06,-4.0176e-06,3.82161e-05,0.0089048538,-0.0065514166,2.09506e-05,0.0130504312,0.0001227453,0.002832563,10.389341,-0.630887,-0.465867,0.136673,-0.777931,-0.211568,-0.575662
1403637179.23868,-4.824076,-3.73184,-0.984761,0.378187,-0.716012,0.253815,0.529036,0.0003749242,1.41725e-05,-0.0001225142,1.118e-06,-4.664e-06,4.06102e-05,0.0091770067,-0.0067468358,2.05074e-05,0.0130373092,0.0001229166,0.0028298281,10.412215,-0.58318,-0.476235,0.134619,-0.780003,-0.214325,-0.572309
1403637179.68871,-4.744238,-4.211338,-0.936836,0.385515,-0.715337,0.248188,0.527327,0.000372242,2.01418e-05,-0.0001254433,1.6961e-06,-6.8233e-06,4.28741e-05,0.0105220373,-0.0075066152,2.30819e-05,0.0127187015,0.0001240981,0.0028238602,10.540292,-0.135599,-0.431737,0.129416,-0.780676,-0.221592,-0.569818
1403637179.73871,-4.73286,-4.266372,-0.94362,0.386298,-0.714202,0.245889,0.529366,0.0003723132,2.24407e-05,-0.0001249278,1.9573e-06,-7.5642e-06,4.25151e-05,0.0107959701,-0.0076644818,2.3137e-05,0.0126890073,0.0001242218,0.0028209066,10.548285,-0.083312,-0.436319,0.126634,-0.779709,-0.22252,-0.571404
1403637179.98871,-4.637418,-4.533369,-1.057478,0.398345,-0.700233,0.222546,0.549061,0.0003725549,4.91294e-05,-0.000116743,7.1012e-06,-1.544e-05,3.71796e-05,0.0116553979,-0.0079841163,2.7094e-05,0.0122870167,0.0001282057,0.0028168668,10.565053,0.187775,-0.54618,0.099489,-0.768564,-0.237153,-0.585831
1403637180.03871,-4.610345,-4.590399,-1.087337,0.395979,-0.702573,0.225809,0.546446,0.0003728242,4.50557e-05,-0.000118024,6.0612e-06,-1.43046e-05,3.79572e-05,0.0118945792,-0.0080817444,2.78658e-05,0.0122102934,0.0001295325,0.002814918,10.560216,0.246252,-0.576841,0.103237,-0.770312,-0.234276,-0.584044
1403637180.28871,-4.426767,-4.865664,-1.221775,0.381273,-0.717867,0.251511,0.525396,0.0003726056,1.53671e-05,-0.0001258889,1.2432e-06,-5.2161e-06,4.31428e-05,0.0128684453,-0.0082232625,3.0645e-05,0.0114850401,0.0001328513,0.0028121237,10.503393,0.561538,-0.699539,0.133271,-0.781693,-0.217141,-0.569254
1403637180.3887,-4.338706,-4.966515,-1.260713,0.3795,-0.724216,0.255055,0.516176,0.0003686032,8.4332e-06,-0.0001316063,8.022e-07,-3.0325e-06,4.76078e-05,0.0133238966,-0.0082911779,3.2004e-05,0.0111975253,0.0001349106,0.0028107595,10.468312,0.690295,-0.735132,0.138988,-0.787423,-0.214421,-0.560962
1403637180.4387,-4.301511,-5.026256,-1.2754,0.380988,-0.729391,0.253024,0.50874,0.0003637936,6.9659e-06,-0.0001372876,7.394e-07,-2.6477e-06,5.24338e-05,0.0135076763,-0.0082915218,3.26421e-05,0.0110316226,0.000135987,0.0028099733,10.449483,0.754532,-0.751175,0.138656,-0.792676,-0.214825,-0.553435
1403637180.68872,-4.081932,-5.301259,-1.318318,0.389458,-0.731525,0.237878,0.506564,0.0003573256,1.7666e-05,-0.0001436452,1.4984e-06,-7.1272e-06,5.8401e-05,0.0146640164,-0.0083546712,3.40406e-05,0.0102977819,0.0001384514,0.0028089057,10.361864,1.081402,-0.793495,0.124413,-0.796636,-0.222779,-0.547971
1403637180.78873,-3.993968,-5.418222,-1.316658,0.387049,-0.72483,0.238176,0.517771,0.0003639662,2.13313e-05,-0.0001359796,1.88e-06,-7.9952e-06,5.14513e-05,0.0151580386,-0.008370249,3.4526e-05,0.0100101436,0.0001393879,0.0028078649,10.329858,1.218169,-0.793164,0.122356,-0.789552,-0.221985,-0.558891
1403637181.08875,-3.705414,-5.806016,-1.274238,0.392256,-0.713431,0.212612,0.540323,0.0003663823,4.66686e-05,-0.0001269086,6.606e-06,-1.62022e-05,4.46207e-05,0.0168610673,-0.0083410729,3.51672e-05,0.0090971063,0.0001417753,0.0028057148,10.213735,1.657103,-0.752214,0.092675,-0.779495,-0.229713,-0.575368
1403637181.13876,-3.648687,-5.873623,-1.264515,0.387729,-0.715679,0.216318,0.539143,0.0003677088,4.20545e-05,-0.0001268399,5.4682e-06,-1.454e-05,4.44119e-05,0.0171646153,-0.0083105588,3.50851e-05,0.0089235302,0.0001418561,0.0028043049,10.188163,1.736871,-0.739658,0.0967,-0.780696,-0.225116,-0.574897
1403637181.28876,-3.454493,-6.078045,-1.217997,0.36849,-0.722427,0.237275,0.534804,0.0003739166,1.99508e-05,-0.0001242305,1.723e-06,-6.6497e-06,4.19384e-05,0.0181514099,-0.0081857813,3.60553e-05,0.008386738,0.0001431248,0.0028014071,10.100651,1.984488,-0.691251,0.118561,-0.783151,-0.205694,-0.57477
1403637181.33876,-3.388538,-6.147449,-1.200099,0.363846,-0.721898,0.241112,0.536976,0.0003764446,1.6599e-05,-0.0001212374,1.3908e-06,-5.365e-06,3.97065e-05,0.0184574523,-0.0080981975,3.65664e-05,0.0081763689,0.0001431536,0.0028000736,10.069539,2.06827,-0.671193,0.122155,-0.781593,-0.201785,-0.577521
1403637181.38876,-3.319743,-6.214136,-1.17828,0.361566,-0.719963,0.242231,0.540599,0.0003787503,1.63937e-05,-0.0001180463,1.3704e-06,-5.1277e-06,3.74513e-05,0.018791247,-0.0080290031,3.67618e-05,0.007991336,0.0001431647,0.002799428,10.037053,2.151793,-0.649239,0.122579,-0.779251,-0.20007,-0.581183
1403637181.48878,-3.176983,-6.336886,-1.126899,0.360782,-0.71933,0.238855,0.543461,0.0003790872,1.89859e-05,-0.0001171362,1.6131e-06,-5.8858e-06,3.685e-05,0.0194501168,-0.0078649006,3.57877e-05,0.0076195839,0.0001418459,0.0027963886,9.967196,2.317868,-0.600759,0.11896,-0.778524,-0.200029,-0.582921
1403637181.53879,-3.104849,-6.399276,-1.10046,0.361042,-0.721244,0.23593,0.542027,0.0003776857,1.99514e-05,-0.0001190111,1.7189e-06,-6.3064e-06,3.81608e-05,0.0197162441,-0.0077378788,3.58906e-05,0.0074192548,0.0001417247,0.0027956427,9.929462,2.400511,-0.574582,0.116483,-0.780428,-0.200106,-0.580847
1403637181.6388,-2.955723,-6.523226,-1.041775,0.359736,-0.726246,0.23205,0.537875,0.0003745216,1.94382e-05,-0.0001234996,1.6802e-06,-6.4306e-06,4.13946e-05,0.0203585218,-0.0075165977,3.63072e-05,0.0070523764,0.000141549,0.0027944859,9.848432,2.565913,-0.517018,0.113801,-0.785028,-0.19819,-0.575818
1403637181.88881,-2.565906,-6.830288,-0.882612,0.346577,-0.732048,0.239922,0.535189,0.0003759833,7.4996e-06,-0.0001230896,8.406e-07,-2.4716e-06,4.09894e-05,0.0219941379,-0.0068401052,3.74348e-05,0.0061799301,0.0001405659,0.002792885,9.627516,2.967911,-0.372597,0.12235,-0.787934,-0.184399,-0.574619
1403637181.9388,-2.485905,-6.889438,-0.854403,0.345359,-0.732789,0.240702,0.534612,0.0003759229,6.2225e-06,-0.0001232032,7.955e-07,-2.0569e-06,4.10733e-05,0.0222991318,-0.0066755385,3.80487e-05,0.0060088573,0.0001397927,0.0027918661,9.582993,3.049792,-0.347125,0.12327,-0.788415,-0.183076,-0.574186
1403637182.03879,-2.325171,-7.008321,-0.802627,0.34365,-0.731567,0.242225,0.536695,0.0003775289,5.4183e-06,-0.0001211218,7.78e-07,-1.7566e-06,3.95595e-05,0.0229530551,-0.0063526421,3.89649e-05,0.0056971622,0.0001389412,0.0027913694,9.492747,3.212376,-0.299388,0.124571,-0.786849,-0.181881,-0.576429
1403637182.08879,-2.243504,-7.0656,-0.778576,0.342317,-0.728817,0.244276,0.540346,0.0003800182,5.2262e-06,-0.000117606,7.748e-07,-1.6362e-06,3.70953e-05,0.0232791927,-0.0061785862,3.96297e-05,0.0055444392,0.0001385313,0.0027909338,9.446673,3.292943,-0.276354,0.125909,-0.783869,-0.18131,-0.580365
1403637182.48875,-1.583713,-7.454401,-0.616254,0.328913,-0.712836,0.279918,0.552564,0.0003938798,-1.47316e-05,-9.38864e-05,1.2863e-06,3.4972e-06,2.30805e-05,0.0256423704,-0.0045875316,4.451e-05,0.0045303635,0.0001343396,0.002791937,9.04216,3.88704,-0.126694,0.157852,-0.765562,-0.170923,-0.599824
1403637182.53875,-1.501614,-7.488048,-0.596956,0.331126,-0.709842,0.278712,0.555697,0.0003952271,-1.14616e-05,-9.17323e-05,1.0712e-06,2.6429e-06,2.19929e-05,0.0257697367,-0.0043590761,4.50564e-05,0.004429329,0.0001345046,0.0027920211,8.986208,3.951196,-0.107753,0.15594,-0.763107,-0.173675,-0.60265
1403637182.98875,-0.693875,-7.678903,-0.398953,0.322259,-0.712987,0.291907,0.550081,0.0003948438,-2.52311e-05,-9.07267e-05,2.3946e-06,5.7777e-06,2.1587e-05,0.0270390714,-0.0020106198,5.3022e-05,0.003739501,0.0001324426,0.0027973794,8.381937,4.417005,0.083487,0.170074,-0.764263,-0.164632,-0.599895
1403637183.03875,-0.607302,-7.67778,-0.388392,0.318354,-0.714582,0.296561,0.547791,0.0003942181,-3.05511e-05,-9.0419e-05,3.1525e-06,6.9863e-06,2.14771e-05,0.0269907203,-0.0017295216,5.31301e-05,0.0036835163,0.0001353362,0.0027958906,8.304899,4.455627,0.095092,0.175008,-0.764992,-0.16055,-0.598651
1403637183.18875,-0.334628,-7.674831,-0.380437,0.310065,-0.717976,0.306742,0.542474,0.0003923021,-4.22284e-05,-8.99091e-05,5.3452e-06,9.6584e-06,2.13551e-05,0.026965502,-0.0008935555,5.55841e-05,0.0035857755,0.0001372425,0.0027971783,8.067215,4.553108,0.104772,0.186126,-0.766507,-0.151884,-0.595614
1403637183.23875,-0.253224,-7.664043,-0.386028,0.308381,-0.719266,0.3089,0.540499,0.0003914032,-4.49428e-05,-9.0429e-05,5.9621e-06,1.03645e-05,2.16417e-05,0.0268959812,-0.0006284968,5.52408e-05,0.0035607242,0.000139605,0.0027962229,7.985826,4.578648,0.10064,0.188628,-0.767362,-0.150125,-0.594171
1403637183.28875,-0.167524,-7.651372,-0.392869,0.307258,-0.720398,0.310187,0.538891,0.0003906118,-4.68639e-05,-9.11212e-05,6.4279e-06,1.09134e-05,2.2009e-05,0.0268090493,-0.0003813673,5.52685e-05,0.0035472767,0.0001406219,0.0027962405,7.907461,4.602377,0.094805,0.19028,-0.768163,-0.148877,-0.59292
1403637183.33875,-0.083261,-7.634853,-0.401192,0.305808,-0.721801,0.311795,0.536906,0.0003896274,-4.92047e-05,-9.19208e-05,7.0237e-06,1.15899e-05,2.2442e-05,0.0267119093,-0.0001211585,5.52011e-05,0.0035399574,0.0001415481,0.0027963983,7.827737,4.622053,0.087733,0.19225,-0.76921,-0.147272,-0.591327
1403637183.43875,0.062732,-7.59715,-0.425645,0.303431,-0.723469,0.313312,0.535124,0.0003886964,-5.18185e-05,-9.23945e-05,7.7217e-06,1.23e-05,2.27201e-05,0.0264471018,0.0003986445,5.17571e-05,0.0035420763,0.0001430382,0.002796136,7.672538,4.653276,0.070008,0.194382,-0.770053,-0.14506,-0.590078
1403637183.48874,0.136512,-7.568309,-0.437591,0.302725,-0.723517,0.313493,0.535352,0.0003886776,-5.22293e-05,-9.22756e-05,7.835e-06,1.23822e-05,2.26658e-05,0.0263094307,0.0005647899,5.08652e-05,0.003547425,0.0001439182,0.0027960797,7.595042,4.663373,0.060138,0.194522,-0.769878,-0.14452,-0.590392
1403637183.53874,0.197749,-7.53529,-0.451095,0.301095,-0.725027,0.314816,0.53345,0.0003876281,-5.43409e-05,-9.30652e-05,8.4366e-06,1.30305e-05,2.31006e-05,0.0261048091,0.0007807174,4.90124e-05,0.0035568014,0.0001449803,0.002795916,7.517388,4.669693,0.048964,0.196323,-0.770838,-0.143137,-0.588878
1403637183.68874,0.417069,-7.416474,-0.49315,0.296626,-0.726446,0.319466,0.531253,0.0003863464,-5.98097e-05,-9.24596e-05,1.00939e-05,1.42993e-05,2.28923e-05,0.0254200253,0.0014124459,4.75159e-05,0.0036257088,0.0001463481,0.0027976509,7.281894,4.663147,0.010861,0.201378,-0.771141,-0.138806,-0.587811
1403637183.73873,0.474646,-7.367087,-0.510164,0.294788,-0.729004,0.321087,0.527784,0.0003840275,-6.28597e-05,-9.42093e-05,1.11138e-05,1.54109e-05,2.38686e-05,0.0251032323,0.0015647186,4.61158e-05,0.0036410707,0.0001480084,0.0027973483,7.201503,4.651929,-0.003699,0.203903,-0.773077,-0.136858,-0.584846
1403637183.98873,0.782882,-7.075362,-0.572876,0.287299,-0.746684,0.329903,0.501085,0.0003676645,-7.99949e-05,-0.0001092734,1.8266e-05,2.37821e-05,3.32654e-05,0.0234744775,0.0023950988,4.29375e-05,0.003827236,0.0001494231,0.0028012838,6.807276,4.524861,-0.058767,0.218075,-0.788718,-0.126402,-0.560705
1403637184.03874,0.817235,-7.012226,-0.574849,0.284549,-0.750048,0.330501,0.497222,0.0003644089,-8.27542e-05,-0.0001113114,1.96452e-05,2.52887e-05,3.47748e-05,0.023012226,0.0024439999,4.03359e-05,0.0038365499,0.0001507007,0.0028002695,6.731976,4.484201,-0.063324,0.220149,-0.791098,-0.124492,-0.556959
1403637184.08874,0.865774,-6.938416,-0.577561,0.283664,-0.751754,0.330219,0.495335,0.0003627212,-8.38002e-05,-0.0001128083,2.02178e-05,2.6076e-05,3.5859e-05,0.0226392822,0.0025009136,3.99487e-05,0.0038578688,0.0001506987,0.0028007178,6.658485,4.438179,-0.065108,0.220299,-0.792566,-0.123474,-0.555036
1403637184.48874,1.145017,-6.262803,-0.603706,0.322894,-0.75271,0.273732,0.50422,0.0003659484,-3.38898e-05,-0.000133103,4.0058e-06,1.2316e-05,4.92464e-05,0.0191421058,0.0029328845,3.1328e-05,0.0041075236,0.0001494055,0.0028098,6.120464,3.915971,-0.089914,0.163033,-0.801567,-0.16158,-0.552097
1403637184.58874,1.195831,-6.082272,-0.632244,0.331051,-0.757952,0.263386,0.49653,0.0003591944,-2.74632e-05,-0.0001421099,2.9735e-06,1.0853e-05,5.70785e-05,0.0182586402,0.0029612175,2.95495e-05,0.0041592139,0.0001488356,0.0028116267,5.995873,3.765669,-0.118096,0.154411,-0.808453,-0.168476,-0.54238
1403637185.48874,1.211844,-4.753697,-0.581629,0.358508,-0.779584,0.223053,0.462567,0.0003255089,-6.1504e-06,-0.0001737205,1.0989e-06,3.2507e-06,9.37948e-05,0.0127174439,0.0023439336,-1.848e-07,0.0042648288,0.0001326443,0.0028657731,5.361108,2.518116,-0.142822,0.12204,-0.835325,-0.191256,-0.50076
1403637185.53874,1.188565,-4.702234,-0.557634,0.35899,-0.778803,0.221612,0.464199,0.0003263092,-4.5947e-06,-0.000173282,1.0542e-06,2.406e-06,9.31067e-05,0.0125273809,0.0022789282,-2.4947e-06,0.0042519193,0.0001308882,0.0028712782,5.355305,2.460434,-0.124825,0.12029,-0.834654,-0.191939,-0.502041
1403637185.83874,1.012968,-4.447646,-0.402835,0.349815,-0.757306,0.232052,0.500268,0.0003551172,-7.842e-07,-0.0001503852,1.033e-06,2.932e-07,6.47301e-05,0.0116949402,0.0018769256,-1.74215e-05,0.0041641763,0.0001183971,0.002912733,5.389822,2.159662,-0.009298,0.123206,-0.811595,-0.187586,-0.539396
1403637185.88874,0.979098,-4.411892,-0.382404,0.349709,-0.754444,0.232207,0.504576,0.0003580132,7.592e-07,-0.0001475936,1.0399e-06,-3.536e-07,6.18906e-05,0.0115835169,0.0018099918,-2.05664e-05,0.0041519072,0.0001156635,0.0029210757,5.401888,2.114265,0.005053,0.122512,-0.808741,-0.188127,-0.543639
1403637185.93874,0.946003,-4.376537,-0.363271,0.348956,-0.752794,0.232578,0.507383,0.0003599679,1.3035e-06,-0.0001456703,1.0501e-06,-5.687e-07,5.99952e-05,0.0114807489,0.0017440447,-2.33298e-05,0.0041413779,0.0001131862,0.0029301981,5.414681,2.070261,0.017864,0.122305,-0.806933,-0.187778,-0.54648
1403637186.13874,0.818764,-4.239475,-0.298365,0.344715,-0.746044,0.238946,0.5172,0.0003680647,-1.974e-07,-0.0001371402,1.0703e-06,3.17e-08,5.21495e-05,0.0111095461,0.0015003323,-3.24689e-05,0.0041177868,0.0001069293,0.0029679404,5.465715,1.90381,0.063499,0.126556,-0.799428,-0.185144,-0.557333
1403637186.18874,0.787259,-4.207342,-0.278364,0.344327,-0.745575,0.239622,0.51782,0.0003687243,-5.115e-07,-0.0001364512,1.0781e-06,1.475e-07,5.15526e-05,0.011007273,0.0014494536,-3.55352e-05,0.004122796,0.0001043576,0.0029801524,5.477198,1.863786,0.07749,0.127111,-0.798878,-0.184893,-0.558078
1403637186.23874,0.75544,-4.174897,-0.26026,0.344684,-0.745908,0.239144,0.517324,0.0003683331,-2.785e-07,-0.0001369799,1.0843e-06,6.1e-08,5.20074e-05,0.0109274999,0.0013955485,-3.87794e-05,0.0041268001,0.0001027318,0.0029902696,5.488919,1.824574,0.092587,0.126761,-0.79927,-0.185213,-0.557491
1403637186.28874,0.722003,-4.14418,-0.244139,0.345333,-0.745832,0.238405,0.517342,0.0003681772,4.317e-07,-0.0001372266,1.0912e-06,-2.043e-07,5.22207e-05,0.0108513285,0.001341199,-4.28909e-05,0.0041324524,0.0001015241,0.0029965399,5.502211,1.786889,0.110062,0.126084,-0.79932,-0.18597,-0.55732
1403637186.33874,0.691,-4.11327,-0.219219,0.344579,-0.744255,0.239485,0.519613,0.0003699004,4.077e-07,-0.0001352915,1.0962e-06,-1.934e-07,5.05593e-05,0.0107776362,0.0012837525,-4.45876e-05,0.0041355773,0.0001014458,0.0030087314,5.515557,1.750279,0.130799,0.126654,-0.797634,-0.185598,-0.559725
1403637186.53874,0.56364,-4.007402,-0.094121,0.335758,-0.744746,0.250108,0.519679,0.0003728991,-9.5469e-06,-0.0001316427,1.3628e-06,3.3339e-06,4.75695e-05,0.0105267088,0.0010912038,-5.42782e-05,0.0041891565,0.0001055844,0.0030507146,5.563413,1.610168,0.229702,0.137121,-0.796231,-0.177025,-0.562031
1403637186.58874,0.532373,-3.980447,-0.061894,0.334182,-0.74485,0.251558,0.519845,0.0003733496,-1.10217e-05,-0.0001310495,1.4514e-06,3.8336e-06,4.71023e-05,0.0104863733,0.0010454198,-5.81182e-05,0.0042108624,0.0001037049,0.0030669086,5.574886,1.575986,0.256859,0.138547,-0.796012,-0.175477,-0.562474
1403637186.6387,0.696271,-3.844884,-0.233535,0.334492,-0.743267,0.252707,0.521352,0.0003724608,-1.23198e-05,-0.0001309937,1.3762e-06,4.3043e-06,4.70468e-05,0.0100076055,0.0008005964,2.27507e-05,0.0036684352,0.0001816976,0.0028554896,5.586053,1.541702,0.282773,0.139379,-0.796356,-0.174293,-0.56215
1403637186.6887,0.673714,-3.811248,-0.204146,0.333422,-0.744552,0.25326,0.519934,0.0003730525,-1.24956e-05,-0.0001301917,1.3785e-06,4.3382e-06,4.64082e-05,0.0095970827,0.0010187358,2.77427e-05,0.0037510625,0.0001733247,0.0028456549,5.596997,1.507263,0.306892,0.140277,-0.797395,-0.172887,-0.560886
1403637187.38868,0.23472,-3.303105,-0.054888,0.320099,-0.767379,0.246459,0.49792,0.0003571617,-2.36181e-05,-0.0001472163,2.5868e-06,9.7354e-06,6.17552e-05,0.0082838424,0.0003222187,2.52129e-05,0.0035734353,0.0001729388,0.0028571149,5.817917,0.93067,0.437952,0.138507,-0.816897,-0.154811,-0.538078
1403637187.43869,0.192361,-3.263596,-0.049397,0.322237,-0.76941,0.238912,0.497084,0.0003547186,-1.86693e-05,-0.0001502793,1.9996e-06,7.9066e-06,6.47468e-05,0.0081522221,0.0002627565,2.3873e-05,0.0035613922,0.0001712184,0.0028553636,5.842651,0.881154,0.436834,0.131393,-0.819281,-0.156539,-0.535734
1403637187.53869,0.100307,-3.191017,-0.050478,0.323554,-0.773347,0.229715,0.494448,0.0003505649,-1.39908e-05,-0.0001546989,1.5776e-06,6.1674e-06,6.9363e-05,0.0079722635,0.0001483972,2.27489e-05,0.0035463602,0.000170293,0.002855567,5.895484,0.783224,0.433097,0.122971,-0.823365,-0.157011,-0.531318
1403637187.88868,-0.261323,-2.974211,-0.076789,0.318326,-0.782187,0.22337,0.486784,0.0003434045,-1.54823e-05,-0.0001609688,1.7426e-06,7.2537e-06,7.65959e-05,0.007477059,-0.0002643007,1.96867e-05,0.0035587059,0.0001688055,0.0028588877,6.130522,0.458794,0.400872,0.118658,-0.830846,-0.150259,-0.522529
1403637187.93868,-0.320887,-2.951154,-0.083542,0.319871,-0.781855,0.220634,0.48755,0.0003432347,-1.30049e-05,-0.000161326,1.5315e-06,6.1059e-06,7.69644e-05,0.007441366,-0.0003269768,1.87264e-05,0.003567652,0.0001682522,0.0028579125,6.172281,0.415033,0.394514,0.1158,-0.830832,-0.1518,-0.522748
1403637188.33868,-0.827608,-2.806148,-0.148798,0.327923,-0.760144,0.207704,0.521063,0.0003625781,9.5719e-06,-0.0001438532,1.3343e-06,-3.8336e-06,5.81855e-05,0.0071461768,-0.0008348384,1.63942e-05,0.0038001327,0.0001665053,0.002861696,6.58011,0.102209,0.326331,0.096409,-0.811231,-0.164223,-0.552847
1403637188.38869,-0.894384,-2.798706,-0.16057,0.325909,-0.757406,0.210666,0.525109,0.0003659643,8.5153e-06,-0.0001402438,1.2806e-06,-3.299e-06,5.48388e-05,0.0071315782,-0.0008982866,1.54988e-05,0.0038399364,0.0001652662,0.002860284,6.636243,0.06919,0.314391,0.09839,-0.808153,-0.162652,-0.557451
1403637188.63868,-1.202752,-2.7549,-0.235056,0.303857,-0.75631,0.220877,0.535612,0.000375242,-3.9917e-06,-0.0001296943,1.1521e-06,1.3584e-06,4.59064e-05,0.0070455387,-0.0011942155,1.48403e-05,0.0040976812,0.0001627393,0.002862482,6.9028,-0.083932,0.241763,0.106325,-0.802494,-0.141304,-0.569852
1403637188.68868,-1.264538,-2.750497,-0.254636,0.294679,-0.759209,0.223637,0.535493,0.0003756055,-1.00587e-05,-0.0001288989,1.3838e-06,3.4374e-06,4.53077e-05,0.0070396984,-0.0012538093,1.45478e-05,0.0041542688,0.0001613511,0.0028618377,6.951749,-0.113444,0.224432,0.108997,-0.803426,-0.131587,-0.57036
1403637188.73868,-1.324697,-2.749789,-0.278128,0.28424,-0.762326,0.225947,0.535738,0.0003758435,-1.62492e-05,-0.0001278571,1.8131e-06,5.525e-06,4.45495e-05,0.0070265034,-0.0013140403,1.49942e-05,0.0042123217,0.0001594818,0.0028607769,6.999703,-0.143053,0.206038,0.11105,-0.804274,-0.12069,-0.571178
1403637188.78867,-1.386103,-2.744294,-0.300712,0.272904,-0.766387,0.228395,0.534799,0.0003750837,-2.35526e-05,-0.0001276988,2.5947e-06,8.0254e-06,4.45267e-05,0.007023748,-0.0013745173,1.51236e-05,0.0042750913,0.0001583755,0.0028606133,7.046689,-0.173286,0.186512,0.113579,-0.805921,-0.108639,-0.57078
1403637188.93867,-1.567651,-2.709492,-0.36444,0.249027,-0.776656,0.223547,0.533682,0.0003719365,-3.26293e-05,-0.0001298513,3.9971e-06,1.14164e-05,4.63972e-05,0.0069643582,-0.0015350969,1.52124e-05,0.0044896127,0.0001566157,0.0028620628,7.1834,-0.270951,0.128893,0.109074,-0.811014,-0.083028,-0.56874
1403637189.03865,-1.69307,-2.691372,-0.403434,0.247368,-0.781873,0.208931,0.532758,0.0003689262,-2.52335e-05,-0.0001350323,2.8516e-06,9.2621e-06,5.04941e-05,0.0069036808,-0.0016363953,1.54027e-05,0.0046399774,0.0001538606,0.0028610467,7.272726,-0.342986,0.097329,0.09475,-0.815731,-0.080096,-0.564969
1403637189.38865,-2.140463,-2.578493,-0.524805,0.239724,-0.795283,0.194892,0.521607,0.0003587215,-2.35451e-05,-0.0001467603,2.6931e-06,9.6689e-06,6.11647e-05,0.0067326075,-0.0019832749,1.44239e-05,0.0053252235,0.000150227,0.0028616258,7.604453,-0.606271,-0.011754,0.083087,-0.827319,-0.06992,-0.551137
1403637189.48865,-2.279578,-2.548136,-0.569415,0.237565,-0.787139,0.199144,0.533214,0.0003672134,-2.40249e-05,-0.0001376177,2.7166e-06,9.0382e-06,5.26679e-05,0.0066764556,-0.0020929416,1.41158e-05,0.0055862739,0.0001488382,0.0028598207,7.707975,-0.683295,-0.054171,0.084751,-0.818903,-0.069517,-0.563368
1403637190.03867,-3.018262,-2.359349,-0.648077,0.252137,-0.774516,0.188893,0.548518,0.0003762213,-6.961e-06,-0.000129388,1.289e-06,2.4073e-06,4.55976e-05,0.0063803042,-0.0025390039,1.44233e-05,0.0071776221,0.0001428151,0.0028608206,8.266884,-1.128911,-0.13726,0.071734,-0.809555,-0.086499,-0.57619
1403637190.08868,-3.082478,-2.336649,-0.646078,0.252218,-0.773098,0.187964,0.550794,0.0003774008,-5.634e-06,-0.0001278957,1.2301e-06,1.9225e-06,4.44311e-05,0.0063414423,-0.0025728494,1.31029e-05,0.0073499529,0.0001427039,0.0028585469,8.316811,-1.16939,-0.132292,0.070351,-0.80818,-0.086878,-0.578229
1403637190.18868,-3.202072,-2.295633,-0.633151,0.251113,-0.771838,0.187741,0.553137,0.0003787586,-5.3044e-06,-0.0001261365,1.2151e-06,1.78e-06,4.30922e-05,0.0062751524,-0.0026227613,1.37617e-05,0.007668885,0.0001419891,0.0028581629,8.408899,-1.249141,-0.117593,0.069718,-0.806729,-0.086223,-0.580426
1403637190.58867,-3.641459,-2.138648,-0.533121,0.246563,-0.771041,0.186533,0.556694,0.0003808935,-5.8045e-06,-0.000123811,1.2452e-06,1.9008e-06,4.13546e-05,0.0060570914,-0.002750376,1.60439e-05,0.008948861,0.0001404753,0.0028642172,8.741796,-1.559866,-0.006295,0.067846,-0.805077,-0.081978,-0.583548
1403637190.63867,-3.687484,-2.125023,-0.518608,0.250814,-0.769691,0.183228,0.55776,0.0003809673,-1.423e-06,-0.0001238341,1.1481e-06,4.712e-07,4.13537e-05,0.0060247578,-0.0027495708,1.50734e-05,0.0090566141,0.0001408363,0.0028627567,8.778563,-1.597834,0.006435,0.064188,-0.804729,-0.086276,-0.583822
1403637190.68867,-3.73388,-2.10673,-0.507201,0.256228,-0.767905,0.181829,0.558218,0.0003810368,2.1798e-06,-0.0001237658,1.1532e-06,-7.026e-07,4.13006e-05,0.0060049658,-0.0027619263,1.4409e-05,0.0091916255,0.0001409163,0.0028626815,8.814136,-1.635027,0.017738,0.062643,-0.80412,-0.091975,-0.583958
1403637190.73867,-3.77903,-2.088067,-0.498074,0.260612,-0.767056,0.185237,0.556232,0.0003805671,1.7504e-06,-0.0001244572,1.1479e-06,-5.675e-07,4.18027e-05,0.0059800188,-0.0027672375,1.39278e-05,0.0093291715,0.0001409141,0.0028628128,8.848492,-1.67105,0.027298,0.066334,-0.804227,-0.0965,-0.582673
1403637190.78868,-3.823076,-2.069284,-0.490233,0.264552,-0.765624,0.189874,0.55478,0.0003806805,5.565e-07,-0.0001243592,1.1405e-06,-1.769e-07,4.17272e-05,0.0059549556,-0.0027703032,1.35576e-05,0.00946588,0.0001408844,0.0028630216,8.8818,-1.706276,0.035757,0.071146,-0.803659,-0.100716,-0.582179
1403637190.88868,-3.908517,-2.029039,-0.479612,0.2704,-0.763505,0.20128,0.550845,0.0003807397,-4.3378e-06,-0.0001243281,1.1898e-06,1.4219e-06,4.17066e-05,0.0059064672,-0.0027740417,1.32879e-05,0.0097477984,0.0001409103,0.0028640676,8.946042,-1.775328,0.048238,0.083167,-0.802859,-0.10699,-0.580564
1403637190.93869,-3.948477,-2.009045,-0.4755,0.272526,-0.762247,0.206438,0.54963,0.0003811436,-6.614e-06,-0.0001237105,1.2535e-06,2.1545e-06,4.12608e-05,0.0058776273,-0.0027658689,1.2988e-05,0.0098701241,0.000140789,0.002864248,8.976617,-1.80953,0.052254,0.088494,-0.802076,-0.109451,-0.5804
1403637191.03869,-4.037425,-1.975104,-0.474566,0.277488,-0.759434,0.214288,0.548033,0.0003817786,-9.1646e-06,-0.0001226294,1.3594e-06,2.9511e-06,4.04949e-05,0.0058221322,-0.0027565687,1.30955e-05,0.0101359621,0.0001406215,0.0028650579,9.034849,-1.878265,0.055341,0.096137,-0.800545,-0.11424,-0.580375
1403637191.08869,-4.074218,-1.951734,-0.47444,0.278966,-0.758059,0.217319,0.547994,0.0003824082,-1.00794e-05,-0.000121694,1.4004e-06,3.216e-06,3.98307e-05,0.0058027472,-0.0027625445,1.30391e-05,0.0102845068,0.0001402491,0.0028649156,9.06266,-1.912997,0.054928,0.099168,-0.79958,-0.116076,-0.580831
1403637191.1387,-4.105405,-1.925603,-0.476276,0.280217,-0.757068,0.219211,0.547971,0.0003827565,-1.04585e-05,-0.0001211569,1.4107e-06,3.3183e-06,3.9452e-05,0.0057689197,-0.0027462348,1.34969e-05,0.0104024018,0.0001392781,0.0028644921,9.089724,-1.948021,0.052974,0.101089,-0.798961,-0.117797,-0.581004
1403637191.18869,-4.139827,-1.902745,-0.479935,0.281912,-0.755992,0.219736,0.548378,0.0003832484,-9.8452e-06,-0.0001205283,1.3767e-06,3.104e-06,3.90054e-05,0.0057354966,-0.0027204706,1.34858e-05,0.0105044135,0.0001389765,0.002864776,9.11571,-1.983265,0.049972,0.1017,-0.798244,-0.119859,-0.581462
1403637191.48869,-4.354737,-1.761416,-0.520045,0.287473,-0.751987,0.216541,0.552255,0.0003850168,-3.8873e-06,-0.000118705,1.1786e-06,1.2045e-06,3.77146e-05,0.0055821337,-0.002606546,1.49772e-05,0.0112702136,0.0001377746,0.0028678739,9.251943,-2.197106,0.013412,0.097934,-0.795608,-0.126351,-0.584339
1403637191.53868,-4.374339,-1.726329,-0.521444,0.288479,-0.751542,0.213324,0.553587,0.0003851199,-1.0842e-06,-0.0001185674,1.1301e-06,3.333e-07,3.76024e-05,0.0055468009,-0.002572714,1.71505e-05,0.0113495877,0.0001361916,0.0028661034,9.270154,-2.232935,0.009655,0.094817,-0.795415,-0.127853,-0.58479
1403637191.98868,-4.613375,-1.522609,-0.459297,0.305932,-0.761303,0.174119,0.544523,0.0003700991,2.62233e-05,-0.0001361142,3.0205e-06,-9.6657e-06,5.12442e-05,0.0053549435,-0.0022982702,1.67843e-05,0.0122143767,0.0001350771,0.002872251,9.397444,-2.518713,0.060422,0.058321,-0.808642,-0.143,-0.567669
1403637192.03868,-4.641913,-1.508063,-0.445193,0.306505,-0.763129,0.171976,0.542322,0.0003682349,2.68141e-05,-0.0001381472,3.1032e-06,-1.00774e-05,5.30122e-05,0.005336807,-0.0022754759,1.6858e-05,0.0122758241,0.0001345257,0.0028715371,9.409028,-2.542263,0.075192,0.056543,-0.810613,-0.142851,-0.56507
1403637192.38867,-4.759128,-1.457584,-0.294338,0.312969,-0.768811,0.155721,0.535473,0.0003588661,3.663e-05,-0.0001463906,4.9188e-06,-1.49713e-05,6.0965e-05,0.0053189201,-0.0022528447,1.52489e-05,0.012780569,0.0001343666,0.0028760698,9.48973,-2.637335,0.220302,0.042072,-0.817629,-0.148255,-0.554738
1403637192.43867,-4.770535,-1.457937,-0.275242,0.311225,-0.769889,0.157532,0.53441,0.0003590436,3.43961e-05,-0.0001467778,4.4707e-06,-1.40857e-05,6.12513e-05,0.0053143268,-0.0022513743,1.50482e-05,0.0128215277,0.0001347424,0.0028758982,9.502536,-2.63975,0.241611,0.043984,-0.818351,-0.146423,-0.55401
1403637192.73866,-4.841213,-1.518607,-0.181155,0.294114,-0.786138,0.179268,0.513174,0.000352508,7.1918e-06,-0.0001569719,1.3365e-06,-3.1947e-06,7.12055e-05,0.00538956,-0.0024162864,1.43859e-05,0.0131013971,0.000135935,0.0028802682,9.589013,-2.609134,0.33173,0.069522,-0.830831,-0.126489,-0.537483
1403637192.78865,-4.85218,-1.530863,-0.17226,0.293679,-0.785906,0.180086,0.513491,0.0003530008,6.5349e-06,-0.0001565289,1.3095e-06,-2.8888e-06,7.07113e-05,0.0053926025,-0.002436271,1.47386e-05,0.0131465396,0.0001364776,0.0028800731,9.607564,-2.598887,0.341649,0.070263,-0.830543,-0.12625,-0.537887
1403637192.83865,-4.869233,-1.546178,-0.162086,0.293757,-0.784288,0.181119,0.515553,0.0003546683,6.6471e-06,-0.0001549294,1.313e-06,-2.8951e-06,6.89708e-05,0.0053992853,-0.0024702539,1.52426e-05,0.0131891203,0.0001367109,0.0028798787,9.627569,-2.587355,0.351673,0.070732,-0.829029,-0.126582,-0.540079
1403637192.98865,-4.91467,-1.611444,-0.121087,0.292863,-0.777533,0.185285,0.524731,0.0003619986,6.8628e-06,-0.0001478829,1.3301e-06,-2.7951e-06,6.1693e-05,0.0054652403,-0.002623989,1.50738e-05,0.0133862098,0.0001371595,0.0028811381,9.695308,-2.544953,0.389833,0.07294,-0.822284,-0.127239,-0.549854
1403637193.03865,-4.930922,-1.634998,-0.105675,0.29147,-0.776981,0.187972,0.525368,0.0003630891,4.88e-06,-0.0001467652,1.2656e-06,-1.9615e-06,6.0601e-05,0.0054856246,-0.0026810786,1.52189e-05,0.0134466643,0.0001372618,0.0028805975,9.72,-2.528504,0.405537,0.075398,-0.821483,-0.126034,-0.550995
1403637193.18864,-4.979173,-1.71712,-0.048697,0.277031,-0.788538,0.20827,0.508021,0.000355701,-1.88035e-05,-0.0001528721,2.2049e-06,8.1217e-06,6.70117e-05,0.0055658979,-0.0028665415,1.75419e-05,0.0136392372,0.0001341962,0.0028796413,9.797006,-2.475394,0.459448,0.098749,-0.829847,-0.10956,-0.538145
1403637193.28865,-5.017367,-1.7672,-0.012396,0.270771,-0.793876,0.216387,0.49962,0.0003507343,-2.85809e-05,-0.0001555956,3.5469e-06,1.27339e-05,7.03538e-05,0.0056164283,-0.0030146506,1.78558e-05,0.0137841778,0.0001334603,0.0028795194,9.854735,-2.442116,0.495765,0.108413,-0.833845,-0.1024,-0.531473
1403637193.33865,-5.04715,-1.790901,0.002112,0.274328,-0.791736,0.21162,0.503105,0.0003522414,-2.33048e-05,-0.0001547416,2.7529e-06,1.02856e-05,6.92959e-05,0.0056252486,-0.0030790108,1.89202e-05,0.0138716414,0.0001325687,0.0028782394,9.887306,-2.427112,0.509904,0.102873,-0.832551,-0.106115,-0.533873
1403637193.48864,-5.139284,-1.885724,0.0278,0.285033,-0.780414,0.197982,0.520109,0.0003610951,-5.4757e-06,-0.0001473807,1.2902e-06,2.2591e-06,6.14447e-05,0.0056977204,-0.0033053345,1.99699e-05,0.0142344059,0.0001311811,0.0028763057,9.994228,-2.384142,0.534718,0.085618,-0.823771,-0.118335,-0.547785
1403637193.58864,-5.20261,-1.944849,0.048717,0.291801,-0.775786,0.190194,0.526151,0.0003630337,4.0444e-06,-0.0001452011,1.2588e-06,-1.6038e-06,5.93683e-05,0.005782051,-0.0035044164,2.05687e-05,0.0145248604,0.0001309127,0.0028755016,10.068808,-2.354591,0.551476,0.076588,-0.82069,-0.125697,-0.552088
1403637194.08863,-5.526678,-2.330517,0.184932,0.296286,-0.765158,0.188013,0.539814,0.0003708378,1.22404e-05,-0.0001355187,1.6534e-06,-4.4581e-06,5.08265e-05,0.0063156277,-0.0045528575,2.08489e-05,0.0158544326,0.0001264878,0.0028725759,10.471476,-2.143358,0.679185,0.070747,-0.81126,-0.131247,-0.565354
1403637194.18862,-5.583046,-2.416668,0.185503,0.295356,-0.764126,0.188818,0.541501,0.0003715362,1.18153e-05,-0.0001342468,1.6277e-06,-4.2501e-06,4.98074e-05,0.0064748917,-0.0048569362,2.17697e-05,0.0162147084,0.0001267926,0.0028698148,10.552362,-2.089723,0.679541,0.071117,-0.810033,-0.130548,-0.567227
1403637194.63862,-5.796485,-2.83379,0.214907,0.294147,-0.771617,0.187037,0.532073,0.000365103,9.1234e-06,-0.0001414942,1.5136e-06,-3.5134e-06,5.62004e-05,0.0072807087,-0.0060619558,2.22186e-05,0.0172305021,0.0001264004,0.0028660396,10.901593,-1.806945,0.708598,0.071442,-0.817133,-0.128214,-0.55745
1403637194.68862,-5.818757,-2.881333,0.227496,0.294507,-0.773583,0.185709,0.529479,0.0003627821,9.1454e-06,-0.0001434869,1.5063e-06,-3.5929e-06,5.81175e-05,0.007361113,-0.0061944427,2.31468e-05,0.0173150537,0.0001277147,0.0028635921,10.940107,-1.771085,0.71985,0.070603,-0.819121,-0.128225,-0.554632
1403637194.93862,-5.930819,-3.150516,0.280927,0.291731,-0.778748,0.185402,0.523517,0.0003587096,6.0676e-06,-0.0001475548,1.3874e-06,-2.4626e-06,6.20949e-05,0.0079496777,-0.0069661711,2.49688e-05,0.0178455009,0.0001273898,0.0028606011,11.138125,-1.579707,0.770425,0.071553,-0.823633,-0.124605,-0.548619
1403637194.98862,-5.955502,-3.206923,0.288722,0.28988,-0.776718,0.187467,0.526815,0.0003610811,5.1883e-06,-0.0001447208,1.3513e-06,-2.0427e-06,5.9384e-05,0.0080708224,-0.0071372892,2.67064e-05,0.0179564937,0.0001281266,0.0028586899,11.17936,-1.53902,0.77725,0.072774,-0.821296,-0.123154,-0.552278
1403637195.18862,-6.047555,-3.440761,0.302596,0.285555,-0.765367,0.192921,0.543556,0.000372797,5.6328e-06,-0.0001312445,1.3716e-06,-1.9444e-06,4.7555e-05,0.0086446492,-0.0078209965,2.70604e-05,0.0183979794,0.0001278162,0.0028565645,11.342672,-1.370851,0.789658,0.074468,-0.809379,-0.121165,-0.569807
1403637195.23862,-6.068619,-3.500559,0.303107,0.284611,-0.763431,0.193953,0.546399,0.0003745561,5.5536e-06,-0.0001287731,1.3567e-06,-1.87e-06,4.5611e-05,0.0087975874,-0.0080070748,2.75701e-05,0.0185140938,0.0001281231,0.0028547497,11.382155,-1.327901,0.78922,0.074896,-0.80729,-0.12067,-0.572811
1403637195.28862,-6.089691,-3.560388,0.302259,0.284245,-0.761783,0.194531,0.548679,0.0003759093,5.8352e-06,-0.0001268299,1.3606e-06,-1.9278e-06,4.4124e-05,0.0089530926,-0.0081850402,2.78161e-05,0.0186115089,0.0001283385,0.002853553,11.420818,-1.284802,0.787267,0.07495,-0.805606,-0.120658,-0.575173
1403637195.38862,-6.125449,-3.676343,0.296539,0.283961,-0.759696,0.195378,0.551412,0.0003775671,6.1118e-06,-0.0001245173,1.3689e-06,-1.9717e-06,4.23944e-05,0.0092731581,-0.0085323166,2.81874e-05,0.0188021553,0.0001282686,0.0028519592,11.495935,-1.198368,0.780068,0.075349,-0.80354,-0.120926,-0.577948
1403637195.43862,-6.137926,-3.732129,0.294651,0.283993,-0.758898,0.197641,0.551688,0.0003780446,5.0311e-06,-0.0001236892,1.3172e-06,-1.5995e-06,4.17889e-05,0.0094321298,-0.0087028922,2.89572e-05,0.018876664,0.0001285783,0.0028504077,11.532351,-1.154565,0.776656,0.077632,-0.802828,-0.121355,-0.578545
1403637195.53862,-6.16818,-3.848071,0.293509,0.289448,-0.758377,0.20271,0.547716,0.0003768661,3.5657e-06,-0.0001252561,1.2863e-06,-1.1358e-06,4.29582e-05,0.0097594256,-0.0090280275,2.91752e-05,0.0190070857,0.0001284274,0.002848862,11.603064,-1.065464,0.773809,0.083446,-0.803493,-0.126852,-0.575625
1403637195.88862,-6.248683,-4.243643,0.359949,0.31315,-0.747026,0.203531,0.549968,0.000377829,1.57021e-05,-0.0001230171,1.9314e-06,-5.0782e-06,4.14034e-05,0.0109666363,-0.0101278975,3.18901e-05,0.0193872461,0.0001271251,0.0028433305,11.819752,-0.755797,0.819969,0.083698,-0.797386,-0.151901,-0.57801
1403637196.03862,-6.271743,-4.40835,0.384708,0.326873,-0.739147,0.189213,0.557686,0.0003769453,3.3563e-05,-0.0001206185,4.2712e-06,-1.07227e-05,3.99502e-05,0.0115346352,-0.0105991311,3.13748e-05,0.0194926135,0.0001268386,0.0028412465,11.896177,-0.619835,0.843727,0.067765,-0.792574,-0.166753,-0.582605
1403637196.1886,-6.265821,-4.578494,0.398367,0.335182,-0.722246,0.178612,0.578023,0.0003821181,5.15318e-05,-0.000106142,8.2366e-06,-1.43072e-05,3.08065e-05,0.0121213274,-0.0110393375,3.14983e-05,0.0195125375,0.0001268563,0.0028380973,11.95716,-0.471567,0.857481,0.053028,-0.7778,-0.178404,-0.600323
1403637196.2386,-6.260062,-4.638524,0.399751,0.335953,-0.716439,0.177618,0.585067,0.000384463,5.52785e-05,-0.0001001816,9.226e-06,-1.43983e-05,2.74112e-05,0.0123270467,-0.0111752183,3.1442e-05,0.0194707082,0.0001272779,0.0028365319,11.972517,-0.418357,0.86005,0.050464,-0.772267,-0.180244,-0.607099
1403637196.2886,-6.249294,-4.698753,0.398928,0.336526,-0.711273,0.176608,0.591312,0.0003862786,5.86726e-05,-9.48721e-05,1.01858e-05,-1.44044e-05,2.45946e-05,0.0125449381,-0.0113136325,3.14436e-05,0.0194216661,0.0001276939,0.0028351122,11.984745,-0.362946,0.861385,0.048184,-0.767343,-0.181837,-0.613023
1403637196.33861,-6.233916,-4.759979,0.398734,0.3372,-0.706805,0.174764,0.596808,0.0003874466,6.2238e-05,-9.02729e-05,1.12688e-05,-1.44942e-05,2.23175e-05,0.0127662911,-0.0114418149,3.14824e-05,0.0193464349,0.0001281117,0.0028339036,11.993603,-0.305281,0.861148,0.045207,-0.763099,-0.183365,-0.618077
1403637196.43861,-6.185838,-4.881983,0.39342,0.33699,-0.701577,0.172484,0.603719,0.0003889274,6.60802e-05,-8.44562e-05,1.25005e-05,-1.43406e-05,1.96148e-05,0.0132179513,-0.0116619832,3.18047e-05,0.0191126565,0.0001286748,0.0028321725,11.998493,-0.183914,0.856419,0.041666,-0.757975,-0.184302,-0.624316
1403637196.73862,-5.923952,-5.249644,0.342949,0.32477,-0.709911,0.184388,0.59712,0.0003924047,5.06592e-05,-8.78662e-05,7.8069e-06,-1.1312e-05,2.09586e-05,0.0146597875,-0.0120579867,3.39513e-05,0.0178414236,0.0001310241,0.0028280104,11.912047,0.232205,0.811,0.054781,-0.763624,-0.170622,-0.620302
1403637196.78862,-5.863382,-5.310355,0.328166,0.322092,-0.712511,0.187306,0.59456,0.0003926445,4.67512e-05,-8.94922e-05,6.8188e-06,-1.06148e-05,2.16715e-05,0.0149149974,-0.0120846147,3.5138e-05,0.0175415453,0.0001325447,0.0028263055,11.883853,0.307158,0.797984,0.058239,-0.765626,-0.167478,-0.618376
1403637196.83862,-5.79822,-5.369074,0.313399,0.321495,-0.71296,0.186984,0.594446,0.0003925579,4.65883e-05,-8.97221e-05,6.7707e-06,-1.06003e-05,2.17734e-05,0.0151600443,-0.0120932915,3.60753e-05,0.017232738,0.0001336672,0.0028250498,11.851872,0.382395,0.786774,0.057933,-0.765994,-0.16682,-0.618117
1403637197.23862,-5.168117,-5.819775,0.195623,0.325145,-0.719609,0.229263,0.569107,0.0003930922,1.61826e-05,-9.93405e-05,1.9462e-06,-4.0163e-06,2.64114e-05,0.0171463753,-0.0117139662,3.83363e-05,0.0144268356,0.0001403505,0.0028251502,11.47688,1.024022,0.687041,0.10447,-0.773345,-0.169007,-0.602057
1403637197.43863,-4.792378,-6.025392,0.172117,0.366761,-0.711668,0.265042,0.537372,0.0003860671,6.6555e-06,-0.0001124888,1.4331e-06,-1.8637e-06,3.41021e-05,0.0180709269,-0.0112379471,3.99485e-05,0.0129107067,0.0001465027,0.0028273072,11.227963,1.349073,0.675819,0.146317,-0.774316,-0.211242,-0.578306
1403637197.48863,-4.69513,-6.072065,0.170323,0.383423,-0.706002,0.27187,0.52975,0.0003838866,8.9175e-06,-0.0001157405,1.5379e-06,-2.619e-06,3.62288e-05,0.0183205411,-0.0111079459,4.02444e-05,0.0125447923,0.0001479967,0.0028283626,11.161362,1.428738,0.678139,0.154649,-0.772241,-0.228682,-0.572217
1403637197.83863,-3.991083,-6.37026,0.20077,0.503001,-0.631439,0.332863,0.487316,0.0003791613,2.7902e-05,-0.000120076,3.4629e-06,-8.828e-06,3.93748e-05,0.0198072403,-0.0099086218,3.94262e-05,0.0101259298,0.0001580935,0.0028392681,10.667868,1.972386,0.737661,0.223675,-0.724468,-0.361063,-0.543209
1403637197.88863,-3.886496,-6.408103,0.212119,0.518013,-0.618677,0.339741,0.483194,0.0003788634,3.20419e-05,-0.0001195202,4.131e-06,-1.01116e-05,3.90555e-05,0.0199960169,-0.009700732,3.91808e-05,0.0098021295,0.0001601915,0.0028415107,10.592404,2.047352,0.752914,0.231315,-0.715116,-0.378429,-0.540618
1403637197.98863,-3.672926,-6.480314,0.236395,0.543104,-0.595448,0.354776,0.473934,0.0003788372,3.68802e-05,-0.0001182767,5.0311e-06,-1.15366e-05,3.82837e-05,0.0203730126,-0.0092663589,3.86609e-05,0.0091763413,0.0001648562,0.0028480025,10.436357,2.196058,0.786722,0.248112,-0.697656,-0.407797,-0.534665
1403637198.03864,-3.563612,-6.516916,0.25353,0.553699,-0.585044,0.362527,0.468737,0.0003790221,3.78707e-05,-0.0001177585,5.2305e-06,-1.17977e-05,3.79431e-05,0.0205481296,-0.0090335822,3.83718e-05,0.0088685914,0.0001679535,0.0028510531,10.354953,2.268816,0.806132,0.256915,-0.689673,-0.420297,-0.531203
1403637198.23864,-3.11147,-6.653019,0.347702,0.591075,-0.548737,0.389189,0.445029,0.0003781185,3.93381e-05,-0.0001187997,5.5532e-06,-1.24267e-05,3.86952e-05,0.021212238,-0.008013939,3.70541e-05,0.0076994209,0.0001841901,0.0028632449,10.008934,2.554916,0.90186,0.288537,-0.661908,-0.464215,-0.513529
1403637198.28864,-2.993331,-6.679771,0.371823,0.599386,-0.537459,0.395553,0.442054,0.0003786592,4.19047e-05,-0.0001172079,6.1048e-06,-1.30461e-05,3.76534e-05,0.0214512025,-0.0077662816,3.6343e-05,0.0074396256,0.0001879911,0.0028683185,9.917348,2.624819,0.930372,0.295403,-0.652603,-0.474722,-0.511951
1403637198.38865,-2.763339,-6.767389,0.43519,0.615353,-0.516616,0.404902,0.436466,0.0003790378,4.72019e-05,-0.0001147235,7.3145e-06,-1.43991e-05,3.60888e-05,0.0217307304,-0.0071933232,3.80049e-05,0.0068933789,0.0002060126,0.0028739668,9.718921,2.767363,1.013848,0.306581,-0.635071,-0.494264,-0.508327
1403637198.43865,-2.641809,-6.795396,0.458169,0.620985,-0.506977,0.409174,0.435808,0.0003793225,5.05141e-05,-0.0001129411,8.1645e-06,-1.5161e-05,3.49933e-05,0.0220758532,-0.0069645042,3.76572e-05,0.0066722941,0.0002118867,0.0028794368,9.620877,2.835163,1.043201,0.310999,-0.626769,-0.501779,-0.508599
1403637198.48866,-2.520294,-6.820727,0.481901,0.625598,-0.498873,0.411767,0.436121,0.0003795694,5.38961e-05,-0.0001110523,9.091e-06,-1.58973e-05,3.38575e-05,0.0222287747,-0.0066620419,3.71736e-05,0.0064377,0.0002171472,0.0028847972,9.520106,2.901175,1.070164,0.313664,-0.619736,-0.507945,-0.509445
1403637198.53866,-2.396856,-6.837199,0.50459,0.629123,-0.491645,0.41361,0.437512,0.0003797563,5.7517e-05,-0.0001089957,1.01501e-05,-1.66439e-05,3.26503e-05,0.022370141,-0.0063539565,3.67128e-05,0.0062150323,0.000221111,0.002889367,9.416549,2.965887,1.093644,0.315208,-0.613428,-0.512913,-0.511146
1403637198.58867,-2.282933,-6.889392,0.541916,0.632082,-0.485855,0.414093,0.439255,0.0003798831,6.09267e-05,-0.0001069868,1.11754e-05,-1.73116e-05,3.14717e-05,0.0224602761,-0.0060370915,4.22274e-05,0.0059709743,0.0002385338,0.0028816182,9.309984,3.029428,1.113269,0.315954,-0.60809,-0.516783,-0.513161
1403637198.63868,-2.160002,-6.896326,0.571283,0.634267,-0.481283,0.414226,0.441008,0.000379361,6.4182e-05,-0.0001059608,1.2223e-05,-1.80972e-05,3.09265e-05,0.0227525734,-0.0057766006,4.33886e-05,0.0057424703,0.0002321348,0.0028761877,9.200374,3.09127,1.128291,0.315848,-0.604004,-0.519798,-0.515004
1403637198.88868,-1.508149,-6.938456,0.595826,0.627299,-0.474995,0.430188,0.442509,0.0003876412,5.9086e-05,-9.51318e-05,1.02856e-05,-1.46739e-05,2.46101e-05,0.0230823272,-0.0040329807,4.53759e-05,0.0048227932,0.000251635,0.0028850759,8.608788,3.375389,1.134365,0.331319,-0.596333,-0.514142,-0.519887
1403637198.98868,-1.232772,-6.946553,0.569315,0.616124,-0.477555,0.447836,0.437922,0.0003956517,4.56742e-05,-8.71017e-05,6.5402e-06,-1.02146e-05,2.04184e-05,0.0230580116,-0.0032946949,4.395e-05,0.0045802745,0.0002665111,0.0028956791,8.362531,3.481148,1.118025,0.349486,-0.596521,-0.502639,-0.519028
1403637199.28869,-0.373173,-6.882038,0.537242,0.627466,-0.471401,0.474553,0.398582,0.0003968679,2.15341e-05,-9.40392e-05,2.3938e-06,-5.2683e-06,2.35532e-05,0.0228887346,-0.0009789978,3.88458e-05,0.0041987764,0.0003149418,0.0029363113,7.612374,3.746723,1.092402,0.384077,-0.592737,-0.514876,-0.48585
1403637199.33868,-0.226013,-6.827693,0.557949,0.632343,-0.463696,0.479602,0.39384,0.0003971555,2.20192e-05,-9.343e-05,2.4202e-06,-5.3411e-06,2.32485e-05,0.0228060885,-0.0005832564,2.95454e-05,0.0041616755,0.0002995029,0.0029286453,7.482269,3.780171,1.094929,0.389738,-0.586336,-0.521336,-0.482207
1403637199.38868,-0.079738,-6.780159,0.573368,0.63842,-0.454783,0.483689,0.389406,0.0003972126,2.35734e-05,-9.30107e-05,2.5816e-06,-5.678e-06,2.30536e-05,0.0225226881,-0.0002021379,2.1823e-05,0.0041592547,0.0002933568,0.0029277807,7.350642,3.809579,1.099109,0.394487,-0.579006,-0.529157,-0.478671
1403637199.63868,0.608971,-6.585873,0.595738,0.66657,-0.407568,0.513211,0.355228,0.0003989865,2.29751e-05,-8.99613e-05,2.4649e-06,-5.3303e-06,2.15625e-05,0.0216705033,0.0015884874,-7.1079e-06,0.0044984148,0.0003203644,0.0029500831,6.67452,3.909191,1.117826,0.430393,-0.538533,-0.566497,-0.451471
1403637199.73868,0.87995,-6.494744,0.58957,0.673535,-0.39055,0.530983,0.334483,0.0004014134,1.49643e-05,-8.66698e-05,1.6756e-06,-3.3865e-06,1.99676e-05,0.0212061293,0.0022385899,-1.43227e-05,0.0047419874,0.0003382846,0.0029671655,6.39954,3.927328,1.112749,0.452108,-0.523257,-0.576791,-0.434904
1403637199.93868,1.368572,-6.266583,0.512718,0.679498,-0.355262,0.581001,0.272964,0.0004072478,-1.6518e-05,-7.25164e-05,1.6567e-06,2.7944e-06,1.40358e-05,0.0202497144,0.0034876937,-3.6535e-05,0.0052307169,0.0002916952,0.0029434453,5.85728,3.932594,1.048168,0.513465,-0.489623,-0.59019,-0.38538
1403637199.98868,1.491176,-6.209301,0.48726,0.678387,-0.343009,0.596449,0.257652,0.0004093567,-2.43779e-05,-6.42018e-05,2.4302e-06,3.6836e-06,1.11999e-05,0.0199374159,0.0036498589,-4.30135e-05,0.0053744724,0.0002978173,0.0029501959,5.72664,3.926966,1.023046,0.531795,-0.477376,-0.591588,-0.373647
1403637200.33868,2.162623,-5.739061,0.268655,0.723304,-0.236728,0.619078,0.193734,0.0004105129,-4.9192e-06,-6.5819e-05,8.984e-07,6.812e-07,1.15154e-05,0.0178361966,0.0050064953,-6.75149e-05,0.0065760497,0.0002730835,0.0029308881,4.941456,3.767732,0.819833,0.567473,-0.382499,-0.657664,-0.315863
1403637200.38868,2.236376,-5.666867,0.238513,0.736224,-0.226894,0.608768,0.189458,0.0004065492,1.4703e-06,-7.70396e-05,8.399e-07,-3.864e-07,1.55753e-05,0.0175183236,0.0050441273,-7.60105e-05,0.0067075111,0.0002765656,0.0029355669,4.839252,3.7241,0.787118,0.558207,-0.375377,-0.672139,-0.309397
1403637200.53868,2.436438,-5.438768,0.16426,0.764899,-0.215254,0.582382,0.17154,0.0003922857,5.0844e-06,-0.0001064579,8.993e-07,-1.4881e-06,2.99166e-05,0.0167558114,0.0052734651,-0.0001048407,0.0072423737,0.0002911019,0.0029523727,4.586555,3.592226,0.706653,0.536126,-0.369725,-0.702744,-0.286399
1403637200.63868,2.54539,-5.289378,0.128266,0.76925,-0.217968,0.579598,0.157513,0.0003888532,-3.7215e-06,-0.0001122956,8.63e-07,9.865e-07,3.34355e-05,0.016204242,0.0053602564,-0.0001214467,0.007597015,0.000301486,0.00296376,4.428342,3.495986,0.665406,0.536304,-0.3731,-0.706478,-0.272146
1403637200.68868,2.597692,-5.212143,0.11506,0.770056,-0.219822,0.578839,0.153747,0.0003878062,-6.7633e-06,-0.0001138675,9.466e-07,1.9002e-06,3.44392e-05,0.0159879733,0.0053811882,-0.0001319832,0.0077480944,0.0003064928,0.0029701852,4.35282,3.446408,0.648573,0.536316,-0.37504,-0.70691,-0.268306
1403637200.73867,2.63983,-5.154127,0.097916,0.770859,-0.222673,0.577573,0.150342,0.0003866172,-9.8e-06,-0.0001155381,1.055e-06,2.8677e-06,3.5499e-05,0.0156841468,0.0053632093,-0.0001409205,0.0078777477,0.0003042979,0.0029728066,4.279315,3.39619,0.633342,0.535936,-0.37774,-0.707073,-0.264827
1403637200.93867,2.815235,-4.878625,0.066615,0.762331,-0.242308,0.581469,0.148429,0.0003876495,-2.19008e-05,-0.0001125513,2.0341e-06,6.3284e-06,3.3591e-05,0.0148272026,0.0053688409,-0.0001847522,0.0085111131,0.0003161403,0.0029962964,4.007131,3.190664,0.593561,0.540224,-0.394909,-0.69471,-0.263787
1403637200.98867,2.815812,-4.831078,0.057869,0.761457,-0.246515,0.580163,0.151081,0.0003873409,-2.19372e-05,-0.000113088,2.0152e-06,6.3851e-06,3.38591e-05,0.0145293217,0.0053220052,-0.0001759682,0.0085672294,0.0003001647,0.0029889589,3.945513,3.138278,0.587945,0.538455,-0.398495,-0.693028,-0.266429
1403637201.08868,2.766343,-4.683826,0.052988,0.759283,-0.253896,0.578173,0.157293,0.0003871072,-2.0921e-05,-0.0001138108,1.8792e-06,6.1193e-06,3.39312e-05,0.0130749121,0.0052889708,8.4819e-06,0.0086569954,0.000257286,0.0028887878,3.830329,3.032284,0.582206,0.53471,-0.404827,-0.689777,-0.272779
1403637201.13867,2.801085,-4.600997,0.053126,0.75902,-0.256892,0.576147,0.16109,0.0003866531,-2.04031e-05,-0.0001146648,1.7872e-06,6.0428e-06,3.44558e-05,0.0127580984,0.004964138,1.87517e-05,0.008365871,0.0002689129,0.00288383,3.77621,2.979367,0.58239,0.531792,-0.407788,-0.688974,-0.276083
1403637201.23866,2.872365,-4.508599,0.054364,0.75769,-0.266309,0.573189,0.162604,0.0003851636,-2.35345e-05,-0.0001162749,1.9709e-06,7.1108e-06,3.55475e-05,0.0122325002,0.0049088075,2.42473e-05,0.0082319058,0.0002353465,0.0028780653,3.673595,2.873024,0.588513,0.529024,-0.416315,-0.685657,-0.276932
1403637201.33865,2.921286,-4.350343,0.069574,0.752409,-0.284773,0.573819,0.153349,0.0003813951,-3.82153e-05,-0.0001179983,4.321e-06,1.18377e-05,3.69428e-05,0.011919931,0.0048976628,3.06535e-05,0.0083287489,0.0002353158,0.002874781,3.581488,2.765617,0.599513,0.531249,-0.433465,-0.676712,-0.268225
1403637201.43863,2.991167,-4.136125,0.080415,0.747941,-0.309127,0.569931,0.142138,0.0003728797,-5.48449e-05,-0.0001231388,8.4425e-06,1.81278e-05,4.10687e-05,0.0113352808,0.004746139,4.72984e-05,0.008101125,0.0002202969,0.002862307,3.501557,2.660056,0.60566,0.529092,-0.456464,-0.667694,-0.256685
1403637201.58862,3.03327,-3.963611,0.079464,0.741121,-0.342647,0.562192,0.131427,0.0003598144,-7.39923e-05,-0.0001295835,1.55958e-05,2.66731e-05,4.70728e-05,0.0105057447,0.0045072487,4.36934e-05,0.0082857643,0.0002209951,0.0028616472,3.407363,2.513394,0.603413,0.52378,-0.48771,-0.654224,-0.244511
1403637202.03862,2.946147,-3.631597,0.058593,0.731903,-0.357506,0.560269,0.150354,0.0003633989,-7.03385e-05,-0.0001278266,1.39725e-05,2.4761e-05,4.53554e-05,0.0095374231,0.0039871127,4.17367e-05,0.0080637848,0.0002195562,0.0028617219,3.354944,2.183539,0.580121,0.517962,-0.500186,-0.642264,-0.262735
1403637202.13863,2.890637,-3.590013,0.059878,0.739152,-0.361817,0.550651,0.139737,0.0003536511,-7.39939e-05,-0.0001366559,1.58313e-05,2.86117e-05,5.31988e-05,0.0094189651,0.0038584432,4.26294e-05,0.0078737061,0.00021678,0.0028585592,3.387992,2.128495,0.585174,0.510835,-0.505902,-0.648393,-0.25041
1403637202.18863,2.857203,-3.577979,0.064958,0.744725,-0.360394,0.54396,0.140031,0.0003505146,-7.04251e-05,-0.0001416642,1.44946e-05,2.84806e-05,5.76517e-05,0.0093763286,0.0037972713,4.25198e-05,0.0077817001,0.0002161909,0.0028578575,3.41119,2.104086,0.590216,0.504291,-0.50564,-0.65413,-0.249297
1403637202.23863,2.821289,-3.568433,0.070564,0.751368,-0.354907,0.536611,0.146748,0.0003500419,-6.15006e-05,-0.0001461964,1.1145e-05,2.56994e-05,6.14597e-05,0.0093520571,0.0037394075,4.25213e-05,0.0076823486,0.0002154106,0.0028572609,3.438453,2.082133,0.596077,0.495766,-0.501643,-0.661756,-0.254329
1403637202.63865,2.526782,-3.598194,0.095168,0.764083,-0.322829,0.52673,0.185778,0.0003611898,-2.17908e-05,-0.0001464673,1.6564e-06,8.8311e-06,5.98056e-05,0.0093652556,0.0033555443,4.42656e-05,0.0069391978,0.0002085112,0.0028559699,3.703597,2.00573,0.618545,0.478278,-0.472342,-0.681073,-0.290315
1403637202.73865,2.456371,-3.63262,0.113197,0.760206,-0.317948,0.533072,0.19191,0.000366938,-1.85404e-05,-0.0001405192,1.2753e-06,7.0903e-06,5.42171e-05,0.0094610702,0.003311537,4.50736e-05,0.0067727545,0.0002070229,0.0028547443,3.774495,2.006845,0.63362,0.483452,-0.466588,-0.678289,-0.297479
1403637203.08865,2.216237,-3.740831,0.164954,0.762663,-0.301094,0.529767,0.216872,0.000371504,4.6046e-06,-0.0001360578,4.029e-07,-1.7089e-06,5.02436e-05,0.0097377608,0.0031039666,4.84418e-05,0.0062492135,0.0002029894,0.0028532623,4.021555,2.028753,0.679033,0.475314,-0.450487,-0.684114,-0.321132
1403637203.13865,2.182424,-3.756047,0.167132,0.76193,-0.301961,0.530873,0.215537,0.0003714658,3.1054e-06,-0.0001355762,3.661e-07,-1.1576e-06,4.98938e-05,0.0097902718,0.003090243,4.94672e-05,0.0061765002,0.0002018378,0.0028522192,4.054162,2.03249,0.680786,0.476633,-0.451432,-0.683036,-0.320144
1403637203.43865,2.00467,-3.837962,0.16385,0.761614,-0.300619,0.530424,0.219595,0.0003717227,6.1556e-06,-0.0001345773,4.485e-07,-2.2572e-06,4.91427e-05,0.0099893726,0.0029249503,5.12059e-05,0.0058293833,0.0001981061,0.0028507951,4.235004,2.051263,0.674121,0.475178,-0.450583,-0.682638,-0.324324
1403637203.48865,1.964237,-3.841375,0.162466,0.761994,-0.299688,0.530754,0.218753,0.0003711588,6.1222e-06,-0.0001343917,4.405e-07,-2.2467e-06,4.90729e-05,0.0100140716,0.0028957752,5.18409e-05,0.0057516182,0.0001956909,0.0028489569,4.262535,2.053659,0.669741,0.475128,-0.45082,-0.682507,-0.324344
1403637203.53865,1.931261,-3.848851,0.157875,0.761935,-0.298498,0.531333,0.219178,0.000371233,6.6806e-06,-0.000133678,4.554e-07,-2.4369e-06,4.85445e-05,0.0100115356,0.0028479252,5.25218e-05,0.0056730953,0.0001943677,0.0028482028,4.289355,2.055711,0.664462,0.475281,-0.450353,-0.682233,-0.325343
1403637203.68865,1.854581,-3.87988,0.139366,0.761897,-0.296573,0.53122,0.222176,0.0003714046,9.3423e-06,-0.0001327289,5.706e-07,-3.3719e-06,4.7842e-05,0.0100825632,0.0027699941,5.38152e-05,0.0055316174,0.0001920215,0.0028469236,4.364433,2.061304,0.643399,0.474164,-0.449169,-0.682135,-0.328797
1403637203.78865,1.812761,-3.89716,0.120279,0.760882,-0.29718,0.532305,0.222247,0.0003718177,8.651e-06,-0.000131815,5.364e-07,-3.101e-06,4.71389e-05,0.0101178835,0.0027153762,5.39823e-05,0.0054414074,0.0001907018,0.0028463377,4.408729,2.063195,0.625296,0.475039,-0.449921,-0.680794,-0.329284
1403637204.53865,1.600381,-3.946198,0.027304,0.75251,-0.304884,0.540316,0.220982,0.0003760396,1.276e-06,-0.0001262101,3.648e-07,-4.627e-07,4.27881e-05,0.0102825819,0.0024661894,5.2806e-05,0.0051033096,0.0001858493,0.0028465507,4.637261,2.019076,0.536804,0.483011,-0.455772,-0.671028,-0.329689
1403637204.58864,1.583543,-3.936498,0.034286,0.752346,-0.305879,0.540067,0.220773,0.0003754576,7.275e-07,-0.0001262553,3.538e-07,-2.806e-07,4.28781e-05,0.0102108104,0.0024253174,5.28094e-05,0.0050618694,0.0001854138,0.002845552,4.647928,2.012816,0.54437,0.482631,-0.457082,-0.670432,-0.329643
1403637204.68864,1.556392,-3.926932,0.052914,0.753619,-0.307082,0.536867,0.222559,0.0003736919,2.273e-06,-0.0001280025,3.633e-07,-8.165e-07,4.42679e-05,0.0101637234,0.0023808508,5.29662e-05,0.0050168102,0.0001848086,0.002845107,4.668656,1.998809,0.563953,0.478981,-0.45884,-0.671247,-0.330865
1403637204.73864,1.544311,-3.920255,0.061418,0.753407,-0.308277,0.53646,0.222607,0.0003731195,1.8784e-06,-0.000128187,3.525e-07,-6.831e-07,4.4458e-05,0.0101293651,0.0023556307,5.33667e-05,0.0049886235,0.0001843741,0.0028443472,4.678642,1.991112,0.574054,0.478536,-0.459953,-0.670853,-0.330762
1403637205.43864,1.416296,-3.846604,0.060164,0.766087,-0.299651,0.526307,0.215226,0.0003650069,5.6238e-06,-0.000137608,4.518e-07,-2.1643e-06,5.23372e-05,0.0099060306,0.0021440218,5.3771e-05,0.004830375,0.0001826078,0.0028466264,4.769977,1.876315,0.579202,0.470027,-0.45439,-0.684989,-0.321551
1403637205.48864,1.4085,-3.837815,0.061596,0.765969,-0.29576,0.529037,0.21433,0.0003661335,6.0124e-06,-0.0001357977,4.547e-07,-2.2748e-06,5.08175e-05,0.0098666721,0.0021184323,5.40814e-05,0.0048035949,0.0001826394,0.0028452329,4.771422,1.869831,0.580546,0.472833,-0.450745,-0.685559,-0.321356
1403637205.73863,1.393151,-3.804824,0.06229,0.766059,-0.284856,0.53644,0.210339,0.0003694024,6.5178e-06,-0.0001314752,4.703e-07,-2.3661e-06,4.72467e-05,0.0097555197,0.0020733786,5.45436e-05,0.0047758606,0.0001823293,0.0028453499,4.770405,1.83709,0.581694,0.480976,-0.440107,-0.68787,-0.319064
1403637205.83863,1.389425,-3.787401,0.051784,0.766768,-0.28304,0.536613,0.209766,0.0003691127,7.0051e-06,-0.0001314183,4.832e-07,-2.5415e-06,4.72395e-05,0.0097004946,0.002061269,5.46805e-05,0.0047673119,0.0001822878,0.0028448061,4.766466,1.822318,0.570991,0.481315,-0.438534,-0.688865,-0.318574
1403637206.18863,1.386633,-3.714376,0.020868,0.764664,-0.286822,0.541661,0.199061,0.0003696239,-2.4736e-06,-0.0001305861,3.709e-07,8.282e-07,4.65928e-05,0.0094885357,0.0020107451,5.47347e-05,0.0047546945,0.000182008,0.0028453897,4.738841,1.759611,0.537797,0.488575,-0.441799,-0.685905,-0.309263
1403637206.23863,1.388381,-3.701568,0.025205,0.764439,-0.28776,0.542236,0.196995,0.0003692161,-4.2646e-06,-0.0001306699,3.962e-07,1.464e-06,4.66958e-05,0.0094438066,0.0020134015,5.45891e-05,0.0047577648,0.0001820992,0.0028445528,4.733999,1.749347,0.539576,0.489635,-0.442763,-0.685354,-0.307425
1403637206.53863,1.390365,-3.638169,0.072832,0.762293,-0.290267,0.544718,0.194772,0.0003699316,-7.5535e-06,-0.0001293603,5.051e-07,2.5955e-06,4.56893e-05,0.0092759494,0.0019844292,5.44102e-05,0.004758069,0.0001821478,0.0028452862,4.708869,1.691466,0.586472,0.4926,-0.444711,-0.68273,-0.305707
1403637206.58863,1.390591,-3.62709,0.08179,0.762365,-0.28995,0.544428,0.195774,0.000369834,-6.7179e-06,-0.0001292576,4.666e-07,2.3017e-06,4.56227e-05,0.0092285797,0.0019795416,5.44467e-05,0.0047572851,0.0001824016,0.0028446249,4.705698,1.68212,0.594695,0.492154,-0.44442,-0.682821,-0.306645
1403637206.83862,1.38402,-3.57364,0.100889,0.761811,-0.288429,0.543935,0.201463,0.0003706458,-2.6877e-06,-0.0001280358,3.658e-07,8.801e-07,4.46652e-05,0.0090981683,0.0019440377,5.39374e-05,0.0047440891,0.0001825681,0.0028444779,4.69553,1.630326,0.614032,0.490508,-0.442776,-0.682648,-0.311997
1403637206.88862,1.38041,-3.560396,0.104585,0.761166,-0.288235,0.544657,0.202225,0.0003711281,-2.3865e-06,-0.0001272287,3.564e-07,7.698e-07,4.40468e-05,0.0090416563,0.0019322335,5.40825e-05,0.0047409576,0.0001826245,0.0028440634,4.694088,1.619156,0.617148,0.491034,-0.442568,-0.681951,-0.312989
1403637207.23862,1.354611,-3.480426,0.141102,0.757162,-0.291127,0.547873,0.204417,0.0003733788,-3.6854e-06,-0.000124156,3.858e-07,1.1749e-06,4.17225e-05,0.0088318484,0.0018569423,5.43623e-05,0.0047147848,0.0001826533,0.0028456851,4.688798,1.53137,0.654321,0.493623,-0.444673,-0.677362,-0.315886
1403637207.28862,1.34755,-3.464576,0.142185,0.75723,-0.291912,0.547392,0.204333,0.0003729666,-3.9372e-06,-0.0001245111,3.851e-07,1.2643e-06,4.19991e-05,0.0087814426,0.0018371812,5.43793e-05,0.0047031226,0.0001829286,0.0028446987,4.688678,1.517334,0.655228,0.493147,-0.445514,-0.677197,-0.315797
1403637207.33862,1.340557,-3.450203,0.141637,0.757279,-0.292555,0.547026,0.204213,0.0003726372,-4.1871e-06,-0.0001247909,3.864e-07,1.3524e-06,4.2219e-05,0.0087358352,0.0018187911,5.45174e-05,0.0046931943,0.0001829634,0.0028441694,4.688942,1.502938,0.654454,0.492774,-0.446215,-0.677054,-0.315695
1403637207.58863,1.304079,-3.380557,0.114044,0.759141,-0.298225,0.542779,0.200393,0.0003691731,-7.5644e-06,-0.0001290238,4.995e-07,2.5932e-06,4.55314e-05,0.0085534144,0.0017353484,5.46089e-05,0.0046553453,0.0001829155,0.00284506,4.695431,1.424273,0.628869,0.4894,-0.452157,-0.677657,-0.311165
1403637207.98864,1.228615,-3.28496,0.118633,0.763436,-0.300242,0.535241,0.201339,0.0003648841,-5.3726e-06,-0.0001342936,4.348e-07,1.9223e-06,4.98833e-05,0.0083087738,0.0015873083,5.4411e-05,0.0045756756,0.0001824228,0.0028467258,4.725933,1.311711,0.633819,0.481763,-0.455074,-0.681484,-0.31047
1403637208.03864,1.215905,-3.275028,0.133489,0.763361,-0.298889,0.535299,0.203469,0.0003653693,-3.5848e-06,-0.0001336293,3.849e-07,1.2556e-06,4.93232e-05,0.0082799294,0.0015644434,5.44804e-05,0.0045566599,0.0001823044,0.0028452535,4.731381,1.299801,0.645498,0.481352,-0.453766,-0.681643,-0.312668
1403637208.13864,1.195347,-3.255617,0.163354,0.763761,-0.297522,0.534442,0.206209,0.000365432,-1.1201e-06,-0.0001334732,3.504e-07,3.527e-07,4.91969e-05,0.0082297189,0.0015274812,5.46149e-05,0.0045311354,0.0001823525,0.0028444295,4.741252,1.277611,0.673335,0.479913,-0.452505,-0.682302,-0.315257
1403637208.18864,1.185571,-3.24642,0.181038,0.763223,-0.296472,0.535015,0.208218,0.0003661835,2.748e-07,-0.0001324704,3.433e-07,-1.558e-07,4.83625e-05,0.0082026815,0.0015103175,5.47656e-05,0.0045190517,0.0001823771,0.0028438764,4.74583,1.266818,0.689514,0.480025,-0.451386,-0.681971,-0.317399
1403637208.73864,1.080981,-3.162393,0.267996,0.757777,-0.301055,0.539657,0.209549,0.0003692801,-2.7498e-06,-0.0001286412,3.81e-07,8.984e-07,4.52669e-05,0.0079686343,0.0013249684,5.49464e-05,0.0044117975,0.000183129,0.0028463138,4.802581,1.158063,0.774472,0.484227,-0.454639,-0.675667,-0.319846
1403637208.78864,1.072705,-3.158712,0.268632,0.7573,-0.300432,0.54038,0.210302,0.0003697612,-2.355e-06,-0.0001278927,3.688e-07,7.552e-07,4.4681e-05,0.0079778656,0.0013254721,5.52647e-05,0.0044055657,0.0001832352,0.0028449954,4.809133,1.14853,0.773669,0.484778,-0.453923,-0.675283,-0.320836
1403637209.23866,0.996281,-3.078867,0.216297,0.767981,-0.277753,0.534229,0.218308,0.0003674468,1.51089e-05,-0.000129828,9.834e-07,-5.4052e-06,4.63249e-05,0.0077724545,0.0011798113,5.4494e-05,0.00431898,0.0001825118,0.002845234,4.849971,1.046949,0.714351,0.477116,-0.433906,-0.690472,-0.32762
1403637209.28866,0.99307,-3.064134,0.211797,0.771432,-0.275476,0.534233,0.208809,0.0003653048,1.08576e-05,-0.0001327085,6.752e-07,-4.0086e-06,4.86616e-05,0.007758692,0.0011936381,5.48256e-05,0.0043279909,0.0001823103,0.0028442927,4.84806,1.032264,0.70909,0.479171,-0.432382,-0.694301,-0.318431
1403637210.08866,1.106843,-2.911558,0.279583,0.826783,-0.260024,0.473739,0.156166,0.0003096817,4.2182e-06,-0.0001795043,4.262e-07,-2.5132e-06,0.0001046353,0.0074117526,0.0012394192,5.37187e-05,0.0044358685,0.0001833469,0.0028497735,4.675726,0.936539,0.773532,0.431427,-0.428907,-0.751888,-0.254123
1403637210.13866,1.140636,-2.917652,0.268688,0.829318,-0.261757,0.469067,0.153919,0.0003053086,3.4546e-06,-0.0001818557,3.999e-07,-2.1254e-06,0.0001089071,0.0074232838,0.0012877024,5.43821e-05,0.0044658504,0.0001833987,0.0028476145,4.651202,0.949183,0.764529,0.42741,-0.431093,-0.753999,-0.250944
1403637210.18866,1.17308,-2.922965,0.255256,0.832305,-0.262989,0.463575,0.152326,0.0003004278,3.4132e-06,-0.0001843484,3.953e-07,-2.1626e-06,0.0001137085,0.0074388348,0.0013348399,5.47942e-05,0.0045014939,0.0001832101,0.002846847,4.624438,0.965338,0.752742,0.422422,-0.432944,-0.756655,-0.248202
1403637210.58866,1.585862,-3.057045,0.142984,0.828113,-0.260939,0.471509,0.154331,0.0003072758,3.3088e-06,-0.000180718,4.004e-07,-2.0163e-06,0.0001068756,0.0077522389,0.001879644,5.50695e-05,0.0049878393,0.000184074,0.0028492018,4.304764,1.247914,0.646804,0.429795,-0.430022,-0.753028,-0.25168
1403637210.63866,1.65757,-3.0844,0.129348,0.824372,-0.26015,0.478237,0.154987,0.0003127156,2.3739e-06,-0.0001775552,3.766e-07,-1.4165e-06,0.0001013843,0.0078083435,0.0019855688,5.54365e-05,0.0050866815,0.0001834903,0.0028481876,4.252498,1.300967,0.633678,0.436297,-0.428437,-0.749517,-0.253682
1403637210.73866,1.807367,-3.144876,0.099413,0.819591,-0.258722,0.48704,0.155323,0.0003195964,9.136e-07,-0.0001732471,3.577e-07,-5.622e-07,9.44687e-05,0.0079508818,0.0022091565,5.57244e-05,0.0053057333,0.000183362,0.0028481167,4.142648,1.415271,0.604663,0.444895,-0.425991,-0.745111,-0.255849
1403637210.88866,2.049764,-3.246472,0.048922,0.811232,-0.265309,0.500625,0.144531,0.0003270464,-1.14528e-05,-0.000167748,7.526e-07,5.815e-06,8.65814e-05,0.0081986824,0.0025871739,5.59347e-05,0.0056981168,0.0001832386,0.0028484338,3.966659,1.603768,0.554353,0.460534,-0.430545,-0.735547,-0.248143
1403637210.93866,2.134022,-3.284481,0.030765,0.806561,-0.267616,0.50782,0.14128,0.000331307,-1.62368e-05,-0.0001641661,1.1424e-06,7.9888e-06,8.18722e-05,0.0082879164,0.0027265761,5.59447e-05,0.0058467851,0.0001830607,0.0028480494,3.906213,1.670856,0.536357,0.468282,-0.431795,-0.73048,-0.24645
1403637211.33866,2.814708,-3.644884,-0.14278,0.780954,-0.262877,0.543224,0.160977,0.0003601786,-1.31186e-05,-0.0001379392,8.335e-07,4.9614e-06,5.33182e-05,0.0092483405,0.004003611,5.56456e-05,0.007258916,0.0001834946,0.0028506945,3.428715,2.254672,0.372704,0.498563,-0.42167,-0.706507,-0.272907
1403637211.38866,2.898407,-3.695631,-0.168058,0.778183,-0.261906,0.546597,0.164523,0.0003630544,-1.16551e-05,-0.0001347391,7.25e-07,4.2605e-06,5.04836e-05,0.0093898173,0.0041866426,5.52573e-05,0.0074616841,0.0001833505,0.0028499203,3.373345,2.331916,0.348399,0.501081,-0.420123,-0.704004,-0.277115
1403637211.73866,3.458958,-4.041198,-0.337353,0.782815,-0.269921,0.538036,0.157673,0.000355872,-1.66234e-05,-0.0001421609,1.1377e-06,6.5762e-06,5.72863e-05,0.0104419424,0.0054925304,5.41486e-05,0.0089573299,0.0001844554,0.0028536976,3.007306,2.862898,0.178474,0.494244,-0.428702,-0.706965,-0.268584
1403637211.78867,3.536197,-4.093294,-0.356849,0.785026,-0.273584,0.5345,0.152301,0.0003520411,-2.03283e-05,-0.0001455501,1.5312e-06,8.3424e-06,6.06766e-05,0.0105928033,0.0056828589,5.37823e-05,0.0091745057,0.0001844325,0.0028534133,2.957987,2.938436,0.160665,0.491995,-0.432622,-0.708429,-0.262501
1403637211.83866,3.612426,-4.145314,-0.374181,0.786509,-0.277787,0.53182,0.146303,0.0003484243,-2.47403e-05,-0.0001483556,2.1107e-06,1.04745e-05,6.36703e-05,0.0107613435,0.0058850126,5.34634e-05,0.009400914,0.0001843618,0.0028531759,2.909506,3.014442,0.144732,0.49063,-0.436941,-0.709105,-0.256012
1403637212.03866,3.9114,-4.36971,-0.417678,0.786877,-0.274234,0.531014,0.153768,0.0003500408,-1.87044e-05,-0.000147657,1.357e-06,7.8267e-06,6.27932e-05,0.0115063537,0.0067283841,5.23725e-05,0.0103329502,0.0001847714,0.0028550568,2.726077,3.33202,0.105466,0.488292,-0.433449,-0.710354,-0.262862
1403637212.08865,3.987644,-4.428944,-0.424399,0.783104,-0.27113,0.536526,0.1593,0.000355103,-1.58456e-05,-0.0001428631,1.0613e-06,6.3107e-06,5.79751e-05,0.0117135519,0.0069595872,5.23608e-05,0.0105813072,0.0001848179,0.0028545264,2.682025,3.414335,0.10147,0.492518,-0.429499,-0.707415,-0.269322
1403637212.48864,4.550409,-4.893693,-0.410786,0.76835,-0.263954,0.555393,0.1775,0.0003709766,-8.0081e-06,-0.0001250756,5.434e-07,2.6299e-06,4.26652e-05,0.0134240772,0.0087914786,4.89113e-05,0.0125494761,0.0001864571,0.0028611139,2.354322,4.051148,0.121761,0.507326,-0.419075,-0.694575,-0.290795
1403637212.53864,4.619069,-4.952145,-0.401908,0.77041,-0.265291,0.551865,0.177579,0.0003688899,-7.4681e-06,-0.0001277372,5.196e-07,2.5164e-06,4.47298e-05,0.0136350362,0.009042974,4.82062e-05,0.0128338777,0.0001866235,0.0028613045,2.317852,4.125642,0.129663,0.503967,-0.420564,-0.696469,-0.28996
1403637212.58864,4.684345,-5.008358,-0.392872,0.772614,-0.267205,0.548133,0.176691,0.0003664274,-7.7342e-06,-0.0001307356,5.3e-07,2.6904e-06,4.71453e-05,0.013861805,0.0092881085,4.79287e-05,0.0130948171,0.0001869147,0.0028615312,2.282478,4.199636,0.138165,0.500594,-0.422728,-0.698331,-0.288166
1403637212.93864,5.11605,-5.387702,-0.314741,0.784185,-0.265706,0.530674,0.181219,0.0003565422,8.811e-07,-0.0001421779,3.8e-07,-4.272e-07,5.7227e-05,0.0154250395,0.0109462369,4.65012e-05,0.014882005,0.0001885365,0.0028678061,2.04196,4.716605,0.214105,0.482613,-0.423653,-0.710049,-0.288848
1403637212.98863,5.178445,-5.443134,-0.299947,0.784862,-0.263889,0.530143,0.182489,0.0003564532,2.566e-06,-0.0001422103,3.936e-07,-1.0988e-06,5.72672e-05,0.0156657206,0.0111971046,4.77729e-05,0.0151390018,0.0001885811,0.0028665676,2.007454,4.790219,0.227304,0.481841,-0.421998,-0.711097,-0.289979
1403637213.38863,5.69668,-5.867769,-0.23021,0.783922,-0.263446,0.534612,0.173934,0.0003575192,-3.4334e-06,-0.0001411321,4.231e-07,1.2837e-06,5.62629e-05,0.0175846993,0.0132877875,4.80874e-05,0.0174705113,0.0001896024,0.0028743031,1.715919,5.373113,0.299198,0.487997,-0.421319,-0.710318,-0.282484
1403637213.43863,5.760355,-5.922434,-0.227684,0.782636,-0.262797,0.536628,0.174496,0.0003589457,-3.4052e-06,-0.0001395927,4.224e-07,1.2537e-06,5.48354e-05,0.0178383663,0.0135806553,4.95057e-05,0.0178023802,0.0001896396,0.0028731586,1.678733,5.445702,0.302706,0.489831,-0.420433,-0.709187,-0.283469
1403637213.48863,5.820756,-5.974719,-0.224575,0.781668,-0.262042,0.53802,0.17568,0.0003600674,-2.7845e-06,-0.0001383657,4.109e-07,9.998e-07,5.3718e-05,0.0180882657,0.0138595541,5.38394e-05,0.0181065277,0.0001896627,0.0028701518,1.641867,5.51793,0.304869,0.490858,-0.419568,-0.708382,-0.284985
1403637213.53863,5.882916,-6.026497,-0.223741,0.780958,-0.260747,0.539211,0.177108,0.0003611482,-1.7495e-06,-0.0001371737,3.983e-07,5.944e-07,5.26492e-05,0.0183353738,0.0141273692,5.45618e-05,0.0183988011,0.0001897163,0.0028700443,1.605169,5.590453,0.30605,0.491703,-0.418215,-0.707944,-0.2866
1403637213.58863,5.94569,-6.07842,-0.223044,0.781016,-0.256185,0.539159,0.183548,0.0003624331,4.0542e-06,-0.0001356549,4.368e-07,-1.5896e-06,5.13202e-05,0.0185822407,0.0144008486,5.61779e-05,0.0187051277,0.0001899306,0.0028698986,1.568432,5.662698,0.306528,0.490293,-0.413794,-0.70894,-0.292903
1403637213.83862,6.265161,-6.321959,-0.246937,0.787307,-0.243174,0.53036,0.199331,0.0003592388,2.15486e-05,-0.0001376528,1.698e-06,-8.34e-06,5.33093e-05,0.0197843952,0.0157755513,5.7092e-05,0.0203143872,0.0001908021,0.0028736184,1.378529,6.007897,0.284087,0.478376,-0.402406,-0.717824,-0.306521
1403637213.88862,6.330698,-6.36736,-0.25556,0.787958,-0.241873,0.529582,0.200405,0.0003588294,2.29568e-05,-0.0001378739,1.8745e-06,-8.9044e-06,5.35403e-05,0.0200215905,0.0160679946,5.67653e-05,0.0206713286,0.0001910179,0.0028732813,1.337862,6.073631,0.275606,0.477347,-0.401309,-0.718741,-0.307414
1403637213.93862,6.396121,-6.411657,-0.266399,0.788838,-0.241407,0.528485,0.200402,0.0003580627,2.34657e-05,-0.0001386239,1.9438e-06,-9.1689e-06,5.42343e-05,0.0202430862,0.0163509668,5.67186e-05,0.0210228079,0.0001912854,0.0028728474,1.295788,6.137918,0.265997,0.476236,-0.401071,-0.719702,-0.307198
1403637214.33861,6.962606,-6.697731,-0.27882,0.780908,-0.211994,0.562464,0.169926,0.0003736756,1.05668e-05,-0.0001212935,7.087e-07,-3.4978e-06,3.99475e-05,0.0217705313,0.0185670747,5.61344e-05,0.0241184674,0.0001935083,0.0028805911,0.906463,6.612168,0.245073,0.515903,-0.370579,-0.718026,-0.284525
1403637214.38861,7.031688,-6.724924,-0.27427,0.781267,-0.200279,0.566999,0.1674,0.0003755937,1.3583e-05,-0.0001183017,8.993e-07,-4.3436e-06,3.78367e-05,0.021930465,0.0188683953,5.61087e-05,0.0245871367,0.0001939397,0.0028805415,0.855458,6.664327,0.250092,0.52085,-0.359228,-0.72083,-0.283004
1403637214.78861,7.548317,-6.850631,-0.173653,0.788806,-0.096745,0.58513,0.161395,0.0003766866,5.5798e-05,-0.0001035382,8.6863e-06,-1.53954e-05,2.90524e-05,0.0226742617,0.0206174095,5.80854e-05,0.027710236,0.0001934777,0.0028865779,0.444066,6.977346,0.338069,0.539823,-0.259516,-0.749816,-0.281101
1403637214.8386,7.609742,-6.848644,-0.158305,0.789048,-0.091585,0.586163,0.159464,0.0003765865,5.69535e-05,-0.0001030749,9.0349e-06,-1.56453e-05,2.88035e-05,0.0226523336,0.0207785773,5.94805e-05,0.0281069606,0.0001928179,0.0028858997,0.390293,7.000158,0.354839,0.541224,-0.254529,-0.751119,-0.279485
1403637215.18859,7.970976,-6.720262,-0.077598,0.783112,-0.084173,0.597268,0.151399,0.0003818932,5.41915e-05,-9.55067e-05,8.1216e-06,-1.36029e-05,2.44806e-05,0.0220668286,0.0214486409,6.22883e-05,0.0306094926,0.000192047,0.0028909869,0.003687,7.0417,0.440894,0.55372,-0.246045,-0.746947,-0.273725
1403637215.23859,8.010877,-6.681832,-0.073858,0.78169,-0.08631,0.599627,0.148183,0.0003835344,5.11147e-05,-9.41789e-05,7.2422e-06,-1.26003e-05,2.37165e-05,0.0217910246,0.0213586035,6.24348e-05,0.0307738621,0.000192401,0.002890392,-0.052933,7.031488,0.447684,0.556627,-0.247736,-0.745203,-0.271046
1403637215.4386,8.17723,-6.508742,-0.060602,0.77414,-0.084374,0.61533,0.122303,0.0003918344,3.44512e-05,-8.54875e-05,3.4565e-06,-7.5505e-06,1.92383e-05,0.0208784284,0.0212336414,6.10231e-05,0.0319005795,0.0001937168,0.0028918991,-0.277332,6.949627,0.46187,0.577351,-0.244144,-0.738314,-0.248901
1403637215.48859,8.207971,-6.456062,-0.057476,0.770583,-0.080636,0.622014,0.113128,0.0003946879,2.99827e-05,-8.08398e-05,2.7029e-06,-6.1706e-06,1.71389e-05,0.0205703112,0.0211117509,5.99457e-05,0.0320748937,0.0001944148,0.0028918628,-0.331075,6.918749,0.465109,0.585772,-0.239685,-0.735686,-0.24126
1403637215.68859,8.317391,-6.227221,-0.03554,0.771577,-0.049228,0.629448,0.077726,0.0003964355,2.35758e-05,-7.89496e-05,1.8312e-06,-4.7086e-06,1.6308e-05,0.0194194421,0.0205931887,5.91206e-05,0.0328057604,0.000195492,0.0028953798,-0.522233,6.753663,0.48606,0.600468,-0.209063,-0.743231,-0.208179
1403637215.73859,8.324952,-6.159987,-0.024765,0.776861,-0.039132,0.624728,0.068342,0.0003940319,2.32508e-05,-8.45623e-05,1.7989e-06,-4.9984e-06,1.87281e-05,0.0190895289,0.0204159465,5.88051e-05,0.0328983929,0.0001956835,0.002894185,-0.563359,6.702821,0.493888,0.597848,-0.200127,-0.750549,-0.198
1403637215.9386,8.365801,-5.892407,0.025081,0.795625,-0.001656,0.605159,0.027587,0.0003836823,1.68662e-05,-0.0001057428,1.1756e-06,-4.6419e-06,2.97375e-05,0.017808439,0.019564571,5.82748e-05,0.033133677,0.0001964199,0.0028978697,-0.706446,6.472175,0.540789,0.587161,-0.16734,-0.776833,-0.154179
1403637215.98859,8.368197,-5.822458,0.041692,0.798756,0.00507,0.601355,0.018308,0.0003816506,1.41962e-05,-0.0001094526,9.626e-07,-4.0608e-06,3.1983e-05,0.0174773187,0.0193198302,5.81066e-05,0.0331291531,0.0001966456,0.0028983118,-0.736815,6.409531,0.556865,0.585319,-0.161403,-0.78135,-0.144369
1403637216.0386,8.35406,-5.748912,0.061745,0.799937,0.010958,0.599932,0.007917,0.0003809248,1.05783e-05,-0.0001110121,7.267e-07,-3.0701e-06,3.29373e-05,0.0171454627,0.0190783949,5.82256e-05,0.033130332,0.0001968418,0.0028987238,-0.765771,6.345707,0.574698,0.585931,-0.155751,-0.783865,-0.134097
1403637216.18859,8.34624,-5.540755,0.118352,-0.801701,-0.028953,-0.596762,0.017649,0.000379612,2.6728e-06,-0.0001135485,4.591e-07,-7.766e-07,3.45517e-05,0.0162083597,0.0182984749,5.74289e-05,0.0329820246,0.0001975348,0.0029018606,-0.843341,6.150799,0.628987,0.588103,-0.138442,-0.789437,-0.108474
1403637216.23859,8.323693,-5.468692,0.132889,-0.801784,-0.032485,-0.596223,0.02461,0.0003794214,-5.42e-08,-0.0001138669,4.378e-07,4.15e-08,3.47535e-05,0.0158979711,0.0180446088,5.8038e-05,0.032921014,0.0001976313,0.0029017662,-0.865956,6.086242,0.644368,0.588886,-0.135049,-0.790338,-0.101718
1403637216.28859,8.314989,-5.400953,0.147659,-0.800732,-0.034904,-0.597227,0.030491,0.00038017,-2.6419e-06,-0.000112706,4.566e-07,8.109e-07,3.39897e-05,0.0155912206,0.0177460146,5.81557e-05,0.0327471546,0.0001978494,0.0029023775,-0.886715,6.021901,0.658586,0.591048,-0.13246,-0.789847,-0.096223
1403637216.63858,8.219263,-4.958503,0.206898,-0.785806,-0.037113,-0.615773,0.044219,0.0003901766,-9.4023e-06,-9.52956e-05,6.75e-07,2.331e-06,2.38327e-05,0.0138004029,0.0160393873,5.51501e-05,0.0320882813,0.0002007207,0.0029096849,-0.980993,5.577473,0.717375,0.612024,-0.127091,-0.775745,-0.086575
1403637216.68858,8.200629,-4.898763,0.210217,-0.783111,-0.034335,-0.619188,0.046517,0.0003917453,-1.20984e-05,-9.19186e-05,8.184e-07,2.8757e-06,2.21153e-05,0.0135651142,0.0157914076,5.5007e-05,0.0319275063,0.0002009381,0.0029092659,-0.984864,5.514503,0.721252,0.615843,-0.129237,-0.77254,-0.084954
1403637217.03859,7.955029,-4.516612,0.258029,-0.774444,-0.026593,-0.630858,0.039334,0.000396728,-1.09917e-05,-8.14307e-05,7.434e-07,2.2907e-06,1.72503e-05,0.012194043,0.0141179994,5.16672e-05,0.0303444595,0.0002027845,0.0029133502,-0.917266,5.075487,0.760655,0.625573,-0.135075,-0.762572,-0.094324
1403637217.08859,7.908761,-4.46762,0.26595,-0.778409,-0.021798,-0.625832,0.044043,0.0003944101,-1.65585e-05,-8.57497e-05,1.1289e-06,3.6358e-06,1.91752e-05,0.0119755767,0.0138219926,5.20823e-05,0.0299802178,0.0002024865,0.0029122726,-0.892428,5.011714,0.769469,0.621663,-0.140586,-0.765454,-0.088662
1403637217.33858,7.617429,-4.25147,0.288138,-0.786979,0.000881,-0.613607,0.064424,0.0003859931,-4.07888e-05,-9.51647e-05,4.742e-06,1.00967e-05,2.4002e-05,0.0112439864,0.0126641516,4.86813e-05,0.0281829291,0.0002027839,0.0029141462,-0.723994,4.700949,0.796325,0.613947,-0.164768,-0.769109,-0.066276
1403637217.48857,7.425271,-4.155999,0.276929,-0.788251,0.008179,-0.611501,0.068262,0.0003838393,-4.67358e-05,-9.64936e-05,6.1225e-06,1.17897e-05,2.47975e-05,0.0109121045,0.0120190602,4.72784e-05,0.0269187984,0.000202437,0.0029135673,-0.591228,4.535514,0.789414,0.61276,-0.172213,-0.768778,-0.06205
1403637217.78856,7.000005,-4.034907,0.235575,-0.775339,-0.047663,-0.627706,0.050622,0.0003961117,-7.3919e-06,-8.34783e-05,5.635e-07,1.586e-06,1.81125e-05,0.0105131121,0.0109649628,4.57034e-05,0.0243489541,0.0001997584,0.0029101772,-0.256728,4.259823,0.753128,0.624903,-0.114863,-0.767768,-0.082679
1403637217.88856,6.837934,-4.007147,0.229364,-0.774211,-0.077201,-0.625786,0.055048,0.0003955064,4.8101e-06,-8.50448e-05,4.832e-07,-1.0087e-06,1.88022e-05,0.0104280237,0.0106426001,4.59254e-05,0.0234365414,0.000198464,0.0029087141,-0.122827,4.169473,0.745817,0.623929,-0.0857,-0.772836,-0.078061
1403637217.93856,6.753317,-3.992054,0.228055,-0.774685,-0.088518,-0.623276,0.059627,0.0003945161,7.3949e-06,-8.7025e-05,5.615e-07,-1.6069e-06,1.97083e-05,0.0103909786,0.01047856,4.64877e-05,0.0229485242,0.000197556,0.002907318,-0.051551,4.123337,0.744168,0.622439,-0.074781,-0.775657,-0.073147
1403637218.03856,6.574751,-3.964887,0.23073,-0.776073,-0.106222,-0.617618,0.070538,0.0003923806,8.9624e-06,-9.13434e-05,6.277e-07,-2.0625e-06,2.17757e-05,0.0103006471,0.0101258132,4.63312e-05,0.0219621025,0.000196489,0.0029065717,0.099832,4.030551,0.744424,0.619129,-0.057678,-0.780761,-0.06137
1403637218.33858,5.988383,-3.892882,0.226693,-0.780286,-0.131737,-0.60501,0.088099,0.0003873594,8.9668e-06,-0.0001009758,6.415e-07,-2.3116e-06,2.68409e-05,0.0100865852,0.0090528187,4.54897e-05,0.0189279164,0.0001940668,0.0029054977,0.598899,3.743774,0.739099,0.610337,-0.03356,-0.790352,-0.041614
1403637218.38859,5.883188,-3.883462,0.222011,-0.78001,-0.132529,-0.604919,0.089965,0.0003875162,8.1881e-06,-0.0001007626,6.055e-07,-2.1034e-06,2.6718e-05,0.0100626985,0.0088705285,4.55637e-05,0.0183892926,0.0001937318,0.0029051551,0.687057,3.695136,0.733248,0.610554,-0.032692,-0.790312,-0.039851
1403637218.83858,4.879534,-3.792447,0.179249,-0.7878,-0.132756,-0.595643,0.083406,0.0003819821,1.07161e-05,-0.0001099953,7.472e-07,-3.0628e-06,3.22046e-05,0.0098497446,0.0072170565,4.59473e-05,0.0139440249,0.0001895524,0.0029046237,1.541872,3.210307,0.70977,0.599774,-0.034043,-0.798232,-0.044052
1403637218.93858,4.644587,-3.772968,0.153728,-0.788552,-0.136707,-0.594965,0.074249,0.0003805009,1.81459e-05,-0.0001113753,1.3129e-06,-5.2928e-06,3.3131e-05,0.009782161,0.0068039941,4.59684e-05,0.0129578506,0.0001887685,0.0029050588,1.738746,3.095086,0.690788,0.597103,-0.03042,-0.799848,-0.052782
1403637218.98858,4.525501,-3.762261,0.13483,-0.788755,-0.13912,-0.594718,0.069437,0.0003796184,2.22388e-05,-0.0001120036,1.7491e-06,-6.5457e-06,3.35748e-05,0.0097518101,0.0066089682,4.62546e-05,0.012498573,0.0001883332,0.002904866,1.838054,3.036791,0.675517,0.595783,-0.028182,-0.800597,-0.057385
1403637219.28858,3.792413,-3.678527,0.010805,-0.790392,-0.139197,-0.593047,0.064802,0.0003780835,2.48668e-05,-0.0001138853,2.0957e-06,-7.4779e-06,3.48477e-05,0.0095647635,0.0054260472,4.70222e-05,0.0099785962,0.0001852636,0.0029091262,2.43878,2.668427,0.571788,0.593039,-0.028444,-0.802319,-0.061473
1403637219.38857,3.530358,-3.63617,-0.017903,-0.792412,-0.136919,-0.590728,0.066153,0.0003771604,2.24245e-05,-0.0001157738,1.7927e-06,-6.8724e-06,3.60773e-05,0.0094646084,0.0050021785,5.02584e-05,0.0091815678,0.0001840781,0.0029081481,2.644273,2.53693,0.547043,0.590958,-0.031284,-0.803897,-0.059494
1403637219.63857,2.889413,-3.525895,-0.068178,-0.8121,-0.131641,-0.564153,0.069965,0.0003619629,1.34532e-05,-0.0001366561,9.706e-07,-5.069e-06,5.21645e-05,0.0092022728,0.0039529291,5.44861e-05,0.007441035,0.0001810658,0.0029132275,3.152738,2.190374,0.512546,0.565771,-0.040834,-0.822034,-0.050091
1403637219.68857,2.770238,-3.497661,-0.070706,-0.815302,-0.131209,-0.559659,0.069629,0.0003590352,1.2796e-05,-0.0001399642,9.26e-07,-4.9802e-06,5.51343e-05,0.0091319334,0.0037499013,5.58352e-05,0.0071439248,0.0001805245,0.0029132663,3.250566,2.118701,0.510845,0.561364,-0.042157,-0.825021,-0.049334
1403637219.73857,2.644774,-3.470764,-0.071208,-0.816806,-0.130595,-0.557572,0.0699,0.0003576402,1.21638e-05,-0.0001415225,8.836e-07,-4.8067e-06,5.65741e-05,0.0090580696,0.0035590291,5.70968e-05,0.0068790687,0.000179952,0.0029135875,3.347162,2.046838,0.510803,0.559378,-0.043221,-0.826356,-0.048637
1403637219.78856,2.524604,-3.443729,-0.070251,-0.818528,-0.129719,-0.555203,0.07025,0.0003561339,1.12112e-05,-0.0001431888,8.234e-07,-4.5017e-06,5.8145e-05,0.0089916928,0.0033648698,5.81963e-05,0.0066130858,0.0001793584,0.0029142105,3.441708,1.974926,0.512713,0.557152,-0.044579,-0.827836,-0.0478
1403637220.13857,1.763275,-3.231454,-0.013182,-0.822913,-0.129632,-0.548889,0.068771,0.000351855,1.10136e-05,-0.0001476044,8.331e-07,-4.6193e-06,6.25173e-05,0.0085389214,0.0021601901,6.52871e-05,0.0052086627,0.0001753773,0.0029249081,4.033537,1.470381,0.5831,0.550863,-0.045793,-0.831977,-0.047609
1403637220.18858,1.679901,-3.195318,0.009565,-0.823408,-0.128704,-0.548114,0.070748,0.0003514807,9.3138e-06,-0.0001480902,7.332e-07,-3.9253e-06,6.29877e-05,0.0084546898,0.002053999,6.43789e-05,0.0051154722,0.0001752137,0.0029248141,4.110202,1.398897,0.600087,0.550628,-0.046983,-0.832193,-0.04536
1403637220.7386,0.727665,-2.799163,0.239439,-0.816758,-0.106838,-0.559013,0.094849,0.0003614045,-1.37742e-05,-0.0001375049,1.04e-06,5.2446e-06,5.29242e-05,0.007746352,0.0006992054,6.6243e-05,0.0041613937,0.0001703561,0.0029475511,4.839758,0.660016,0.83272,0.566667,-0.067002,-0.820878,-0.023628
1403637220.78861,0.722454,-2.759876,0.262947,-0.817626,-0.10641,-0.557993,0.093853,0.0003605218,-1.3352e-05,-0.000138493,9.984e-07,5.1295e-06,5.38067e-05,0.0075920004,0.0006859846,5.11922e-05,0.0041524299,0.0001742104,0.0029424295,4.896067,0.599658,0.848177,0.565723,-0.067109,-0.821511,-0.02395
1403637221.03861,0.357203,-2.609586,0.317502,-0.822093,-0.104326,-0.55261,0.088893,0.0003563748,-1.17122e-05,-0.0001431297,8.997e-07,4.7017e-06,5.81123e-05,0.0073276793,0.0003367607,4.17459e-05,0.004039299,0.0001749389,0.0029520182,5.161483,0.320939,0.904059,0.559471,-0.069978,-0.825431,-0.027533
1403637221.08861,0.292715,-2.584361,0.325113,-0.823377,-0.101012,-0.551729,0.086267,0.0003554556,-1.16075e-05,-0.0001440837,8.928e-07,4.7019e-06,5.90331e-05,0.0072717418,0.0002759119,3.87443e-05,0.0040236081,0.0001756978,0.0029522708,5.212429,0.269661,0.910598,0.558072,-0.073427,-0.825999,-0.02984
1403637221.13862,0.2351,-2.570622,0.349992,-0.825716,-0.09711,-0.549458,0.082813,0.0003536823,-1.10566e-05,-0.0001458808,8.496e-07,4.5634e-06,6.0794e-05,0.0071856209,0.0002212579,3.28127e-05,0.0040009744,0.0001778644,0.0029455823,5.262408,0.219995,0.915354,0.555332,-0.077554,-0.827343,-0.033111
1403637221.33863,-0.028382,-2.475249,0.352711,-0.830379,-0.074382,-0.548669,0.062452,0.0003511924,-8.2382e-06,-0.0001485421,7.063e-07,3.4848e-06,6.34662e-05,0.0070616725,-1.48887e-05,2.61531e-05,0.0039841404,0.0001789191,0.0029515203,5.45188,0.036977,0.921247,0.550178,-0.100751,-0.82726,-0.052877
1403637221.38863,-0.061761,-2.471673,0.354019,-0.831263,-0.068839,-0.548442,0.058936,0.0003508037,-8.2599e-06,-0.0001488054,6.935e-07,3.5126e-06,6.37492e-05,0.0069230605,-6.09282e-05,2.07559e-05,0.0039699272,0.000177913,0.0029455136,5.496435,-0.006061,0.919067,0.549272,-0.106243,-0.826936,-0.05648
1403637221.43864,-0.113962,-2.453992,0.34984,-0.830901,-0.063491,-0.549911,0.05631,0.0003515438,-8.8934e-06,-0.0001480399,7.237e-07,3.7557e-06,6.29674e-05,0.0069135411,-8.66805e-05,2.09554e-05,0.0039707987,0.0001777955,0.0029453015,5.539866,-0.048138,0.915876,0.550165,-0.111369,-0.825461,-0.059408
1403637221.68863,-0.353583,-2.356885,0.314291,-0.834294,-0.04605,-0.54738,0.046993,0.0003490362,-1.04594e-05,-0.0001503752,8.245e-07,4.5182e-06,6.54308e-05,0.0067656428,-0.0002963838,1.78214e-05,0.0040206973,0.0001780551,0.0029509854,5.736675,-0.240762,0.880089,0.5457,-0.129112,-0.825175,-0.068085
1403637221.73863,-0.394627,-2.342821,0.301978,-0.834458,-0.043683,-0.547419,0.045867,0.0003489697,-1.07643e-05,-0.0001504062,8.419e-07,4.653e-06,6.54678e-05,0.0067397518,-0.0003210614,2.02343e-05,0.0040282494,0.0001770002,0.0029497064,5.770387,-0.275596,0.870203,0.545421,-0.131513,-0.824881,-0.069229
1403637221.78863,-0.439004,-2.328399,0.287749,-0.834652,-0.041362,-0.547349,0.04533,0.0003488067,-1.14149e-05,-0.0001504818,8.803e-07,4.9404e-06,6.55609e-05,0.0066837566,-0.0003474132,2.21882e-05,0.0040363811,0.0001758911,0.0029480332,5.801534,-0.309141,0.859098,0.545164,-0.133887,-0.824622,-0.069784
1403637221.83863,-0.478068,-2.313126,0.275079,-0.835275,-0.038478,-0.546714,0.044023,0.0003482765,-1.18134e-05,-0.0001509403,9.077e-07,5.1374e-06,6.60569e-05,0.0066576409,-0.0003790033,2.36854e-05,0.0040506183,0.0001754569,0.0029478372,5.83086,-0.340998,0.846938,0.544239,-0.136838,-0.824647,-0.070973
1403637222.28863,-0.734182,-2.213192,0.112411,0.833929,-0.032061,0.550919,0.004761,0.0003499717,-1.04073e-05,-0.0001495194,8.303e-07,4.4572e-06,6.45396e-05,0.0064715408,-0.0005597485,3.11429e-05,0.004179774,0.0001733777,0.0029513484,6.027349,-0.552049,0.697695,0.537782,-0.20579,-0.808831,-0.119359
1403637222.33862,-0.758088,-2.209914,0.089746,0.83023,-0.039193,0.555956,0.009728,0.0003538177,-1.03577e-05,-0.000145751,8.195e-07,4.2782e-06,6.06906e-05,0.0064773185,-0.000572416,3.25039e-05,0.0041858395,0.0001725924,0.0029494486,6.043089,-0.568565,0.677383,0.541579,-0.21204,-0.803745,-0.125399
1403637223.03863,-0.968746,-2.145168,-0.012831,0.832165,-0.064644,0.549929,0.030005,0.0003504335,-7.8676e-06,-0.000149358,7.178e-07,3.351e-06,6.43546e-05,0.0064415131,-0.0007328001,4.97616e-05,0.0043711758,0.0001716292,0.0029616798,6.22152,-0.72891,0.540613,0.531512,-0.237287,-0.800259,-0.144144
1403637223.13863,-1.0039,-2.142593,-0.009749,0.83416,-0.062599,0.547172,0.02933,0.0003483081,-7.3398e-06,-0.0001513802,6.751e-07,3.1871e-06,6.64846e-05,0.0064316149,-0.0007289891,4.17977e-05,0.0043594412,0.0001708868,0.0029528462,6.236404,-0.738895,0.552226,0.528918,-0.235724,-0.802652,-0.142935
1403637223.43863,-1.036751,-2.144334,0.080312,0.823701,-0.05217,0.563857,0.029321,0.0003601834,-3.9503e-06,-0.0001395726,5.623e-07,1.5273e-06,5.47644e-05,0.0064342607,-0.0007571182,3.90837e-05,0.0043938786,0.0001712238,0.0029518072,6.247327,-0.742046,0.638845,0.545245,-0.223335,-0.79459,-0.14648
1403637223.48863,-1.036512,-2.146394,0.100173,0.822131,-0.050504,0.566303,0.029168,0.0003618237,-3.4436e-06,-0.000137752,5.424e-07,1.3104e-06,5.31146e-05,0.006417263,-0.0007626197,3.54954e-05,0.004398305,0.0001716373,0.0029487888,6.245509,-0.740021,0.659338,0.547728,-0.221358,-0.793345,-0.146964
1403637223.58863,-1.035475,-2.154044,0.139183,0.819297,-0.048032,0.570604,0.029257,0.0003646535,-2.5441e-06,-0.0001345187,5.181e-07,9.404e-07,5.02845e-05,0.0064027752,-0.0007599182,3.02605e-05,0.0043929688,0.0001718566,0.0029456783,6.240725,-0.734967,0.700268,0.551925,-0.218458,-0.791021,-0.148125
1403637223.73863,-1.015879,-2.161814,0.190947,0.817589,-0.045654,0.573221,0.029696,0.000366351,-1.3018e-06,-0.0001324195,4.841e-07,4.752e-07,4.85106e-05,0.0063782516,-0.0007582875,1.90735e-05,0.0043810027,0.0001717222,0.0029392735,6.232318,-0.726549,0.750466,0.554447,-0.215817,-0.78975,-0.149358
1403637223.78863,-1.009386,-2.163434,0.205649,0.817009,-0.045531,0.574074,0.029346,0.000366843,-1.5903e-06,-0.0001317924,4.787e-07,5.782e-07,4.79894e-05,0.0063756028,-0.0007461044,1.75776e-05,0.0043652258,0.0001719636,0.0029375053,6.229175,-0.723701,0.763771,0.555417,-0.215551,-0.789155,-0.149278
1403637223.83863,-1.00504,-2.163543,0.218247,0.816705,-0.045152,0.574531,0.029466,0.0003671199,-1.3588e-06,-0.0001314311,4.708e-07,4.951e-07,4.76909e-05,0.00637169,-0.0007409833,1.67988e-05,0.0043583364,0.0001721616,0.0029362754,6.225679,-0.720875,0.77532,0.555921,-0.215066,-0.788877,-0.149573
1403637224.18863,-0.963797,-2.170597,0.248437,0.815129,-0.043814,0.576749,0.031723,0.0003686385,5.841e-07,-0.0001295935,4.631e-07,-1.972e-07,4.61976e-05,0.0063653402,-0.0007204073,1.51213e-05,0.0043394191,0.0001719644,0.0029332087,6.201933,-0.704148,0.808659,0.557659,-0.2134,-0.787564,-0.152383
1403637224.23863,-0.958248,-2.167502,0.247898,0.814868,-0.043346,0.577092,0.032801,0.0003688414,1.3547e-06,-0.0001292924,4.59e-07,-4.65e-07,4.59515e-05,0.0063598048,-0.0007043828,1.5326e-05,0.0043202805,0.0001717658,0.002931138,6.198348,-0.702594,0.806697,0.557876,-0.212819,-0.787363,-0.153437
1403637224.68863,-0.930957,-2.15258,0.177464,0.81245,-0.046434,0.580461,0.028888,0.000370756,-2.53e-06,-0.0001268413,4.716e-07,8.814e-07,4.40155e-05,0.0063031374,-0.0006758264,1.88696e-05,0.0043003841,0.0001697318,0.0029268168,6.166649,-0.705695,0.73728,0.561937,-0.215157,-0.7844,-0.150512
1403637224.78863,-0.93314,-2.146957,0.1661,0.813426,-0.050008,0.579029,0.023702,0.0003695349,-7.4855e-06,-0.0001281562,6.026e-07,2.6163e-06,4.50675e-05,0.0062940087,-0.000670962,2.00888e-05,0.0042946648,0.0001699945,0.0029260796,6.160412,-0.710379,0.72478,0.56161,-0.218882,-0.784611,-0.145156
1403637225.08864,-0.948192,-2.133062,0.139952,0.8126,-0.043258,0.580219,0.034,0.0003707533,2.049e-06,-0.000126797,4.696e-07,-6.823e-07,4.39977e-05,0.0062730753,-0.000678865,2.22917e-05,0.0043074724,0.0001700154,0.0029266498,6.155274,-0.723853,0.696232,0.560603,-0.212116,-0.785196,-0.155558
1403637225.13864,-0.951985,-2.129744,0.133848,0.811776,-0.042399,0.581388,0.034797,0.00037147,2.8843e-06,-0.0001257934,4.741e-07,-9.565e-07,4.32251e-05,0.0062639847,-0.0006828799,2.31075e-05,0.0043098611,0.0001702587,0.0029254318,6.154699,-0.727073,0.687549,0.561585,-0.211098,-0.784552,-0.156644
1403637225.18862,-0.9538,-2.125336,0.127496,0.811611,-0.042096,0.581637,0.034842,0.0003715907,3.0594e-06,-0.0001255082,4.533e-07,-1.0095e-06,4.29995e-05,0.0062541541,-0.0006881816,2.35214e-05,0.0043062938,0.0001697958,0.0029191061,6.154452,-0.730843,0.677107,0.561915,-0.210739,-0.784373,-0.156845
1403637225.38862,-0.969008,-2.10862,0.080651,0.810152,-0.040136,0.583833,0.034364,0.0003728115,3.5016e-06,-0.0001238668,4.642e-07,-1.1371e-06,4.17701e-05,0.0062252195,-0.0006900764,2.39647e-05,0.0043149676,0.0001699387,0.0029191725,6.152948,-0.750553,0.630342,0.56412,-0.208622,-0.783337,-0.156937
1403637225.43862,-0.975639,-2.103485,0.072963,0.809375,-0.039388,0.584976,0.034103,0.0003734887,3.6384e-06,-0.0001229117,4.626e-07,-1.1698e-06,4.10608e-05,0.0062159226,-0.0006941859,2.437e-05,0.0043197952,0.000170168,0.0029189186,6.153762,-0.757128,0.62206,0.565267,-0.207783,-0.782719,-0.157006
1403637225.48862,-0.983306,-2.097463,0.067319,0.809035,-0.038938,0.585481,0.034026,0.0003737718,3.7687e-06,-0.0001224878,4.621e-07,-1.2066e-06,4.07491e-05,0.0062061249,-0.0006987299,2.47713e-05,0.0043252683,0.0001703232,0.0029187201,6.155841,-0.764804,0.615235,0.565765,-0.207328,-0.782465,-0.157081
1403637225.83862,-1.034315,-2.042218,0.08126,0.819037,-0.037095,0.571595,0.032884,0.0003650356,4.5052e-06,-0.0001335429,4.927e-07,-1.6165e-06,4.94972e-05,0.0061267938,-0.0007163381,2.57058e-05,0.0043711696,0.0001698016,0.0029209216,6.175202,-0.836619,0.62095,0.552505,-0.207638,-0.792571,-0.153152
1403637225.88862,-1.039346,-2.031939,0.091474,0.820526,-0.036898,0.569482,0.032662,0.0003636174,4.5551e-06,-0.0001351608,4.899e-07,-1.6608e-06,5.08821e-05,0.0061102807,-0.0007159697,2.59024e-05,0.0043736478,0.0001699176,0.0029205354,6.176602,-0.848447,0.630513,0.550492,-0.207745,-0.794063,-0.152531
1403637225.93862,-1.043922,-2.020958,0.104411,0.819171,-0.036561,0.571467,0.032364,0.0003648809,4.4279e-06,-0.0001336584,4.833e-07,-1.5889e-06,4.95962e-05,0.0060936359,-0.0007153361,2.60586e-05,0.0043764404,0.0001699928,0.0029202577,6.177468,-0.860639,0.642653,0.55251,-0.207066,-0.792811,-0.152674
1403637226.28862,-1.07944,-1.933037,0.200846,0.81001,-0.035638,0.584404,0.032946,0.0003731151,4.6298e-06,-0.0001233116,4.981e-07,-1.4947e-06,4.13936e-05,0.0059827987,-0.0007029558,2.51394e-05,0.0044066744,0.0001693203,0.0029224234,6.181275,-0.95678,0.731682,0.565221,-0.204115,-0.783934,-0.155916
1403637226.33863,-1.088321,-1.916889,0.208007,0.812271,-0.035541,0.581247,0.033234,0.0003711216,4.9969e-06,-0.000125893,5e-07,-1.6597e-06,4.3343e-05,0.0059509387,-0.000701101,2.44951e-05,0.0044122061,0.0001695092,0.0029212417,6.183112,-0.972533,0.738774,0.562168,-0.204434,-0.78612,-0.155527
1403637226.48864,-1.109365,-1.872499,0.223232,0.822632,-0.035559,0.566462,0.033649,0.0003615906,5.8924e-06,-0.0001373616,5.301e-07,-2.2022e-06,5.28388e-05,0.0058902642,-0.0006969501,2.39601e-05,0.0044325626,0.0001696831,0.0029221552,6.188688,-1.022932,0.753167,0.54772,-0.206537,-0.796234,-0.15284
1403637226.53864,-1.116618,-1.856351,0.226068,0.82485,-0.03515,0.563221,0.034182,0.0003593851,6.5331e-06,-0.0001397456,5.491e-07,-2.504e-06,5.49976e-05,0.0058672815,-0.00069535,2.39947e-05,0.0044383932,0.0001699549,0.0029219358,6.189821,-1.040356,0.756354,0.544475,-0.20654,-0.798483,-0.152685
1403637227.03864,-1.131543,-1.683063,0.195805,0.82554,-0.048054,0.562028,0.017266,0.0003578894,-9.73e-06,-0.0001412123,7.192e-07,3.8894e-06,5.64099e-05,0.0056646055,-0.0006255901,2.04134e-05,0.004453467,0.0001706873,0.0029290493,6.146808,-1.2142,0.736092,0.546847,-0.219155,-0.796529,-0.13591
1403637227.08865,-1.136139,-1.65507,0.19559,0.823935,-0.05318,0.564072,0.011232,0.0003587825,-1.59402e-05,-0.0001396409,1.1513e-06,6.2598e-06,5.50293e-05,0.005634607,-0.0006170614,2.16335e-05,0.0044501373,0.0001703972,0.0029251738,6.137625,-1.229604,0.731079,0.550229,-0.223658,-0.793879,-0.13031
1403637227.18864,-1.128553,-1.623858,0.187756,0.821515,-0.059746,0.567033,0.00402,0.0003598032,-2.34703e-05,-0.0001374298,1.9754e-06,9.0258e-06,5.31709e-05,0.0055860355,-0.0005982342,2.14873e-05,0.0044487743,0.0001706202,0.0029260889,6.119096,-1.256331,0.725757,0.554638,-0.229512,-0.79016,-0.123886
1403637227.33865,-1.114643,-1.587518,0.19139,0.821068,-0.05603,0.56794,0.012332,0.0003612443,-1.665e-05,-0.0001368088,1.2131e-06,6.3634e-06,5.24941e-05,0.0055477424,-0.0005759259,2.10505e-05,0.0044371894,0.0001709799,0.0029275121,6.09489,-1.285631,0.733938,0.553775,-0.225751,-0.790499,-0.13222
1403637227.38865,-1.114348,-1.577601,0.195255,0.821089,-0.054115,0.567993,0.016418,0.000361582,-1.32532e-05,-0.0001367775,9.262e-07,5.0694e-06,5.24193e-05,0.0055354205,-0.000571339,2.0987e-05,0.0044343097,0.0001710097,0.0029268241,6.087214,-1.292879,0.739677,0.552896,-0.223877,-0.79096,-0.136262
1403637227.43864,-1.110702,-1.568961,0.1997,0.822145,-0.052157,0.566531,0.019998,0.0003609076,-1.00446e-05,-0.0001377885,7.172e-07,3.8897e-06,5.3285e-05,0.0055243077,-0.0005677298,2.11644e-05,0.0044333798,0.0001711412,0.0029266356,6.079391,-1.299243,0.744524,0.550687,-0.222167,-0.792415,-0.139514
1403637227.93865,-1.031794,-1.511918,0.162164,0.817635,-0.05652,0.572543,0.021731,0.0003648438,-1.12705e-05,-0.0001332294,8.105e-07,4.1728e-06,4.93604e-05,0.0054791123,-0.0005016474,1.72889e-05,0.0043689862,0.0001726184,0.002935075,5.995765,-1.32396,0.725007,0.556128,-0.225455,-0.787156,-0.142417
1403637227.98865,-1.030624,-1.508696,0.16314,0.814991,-0.054043,0.576415,0.024774,0.0003676221,-8.4556e-06,-0.0001300627,6.513e-07,3.0478e-06,4.67159e-05,0.0054720725,-0.0005002882,1.79949e-05,0.0043656417,0.0001724548,0.0029322639,5.987329,-1.321974,0.718229,0.559254,-0.222504,-0.785069,-0.146266
1403637228.38864,-0.997566,-1.487542,0.113308,0.806038,-0.043835,0.589411,0.031242,0.0003759648,-4.575e-07,-0.0001193672,4.726e-07,2.016e-07,3.86064e-05,0.0054494162,-0.0004656282,1.64093e-05,0.0043283104,0.00017177,0.0029370017,5.939988,-1.3167,0.668897,0.570582,-0.210546,-0.77845,-0.155313
1403637228.43864,-1.005914,-1.486371,0.124707,0.805614,-0.042891,0.590043,0.031571,0.0003763986,1.838e-07,-0.0001187265,4.677e-07,-2.8e-09,3.81481e-05,0.0054344921,-0.0004725363,1.9543e-05,0.0043418226,0.0001718133,0.0029335354,5.937203,-1.318321,0.669045,0.571169,-0.209535,-0.778185,-0.155847
1403637228.48864,-1.006437,-1.48296,0.128379,0.805148,-0.041453,0.590686,0.033282,0.0003767724,1.8796e-06,-0.0001181576,4.749e-07,-5.344e-07,3.77506e-05,0.0054315067,-0.0004773128,2.02939e-05,0.0043492235,0.0001719127,0.0029330217,5.935368,-1.320783,0.671028,0.571432,-0.208036,-0.778029,-0.157661
1403637228.88863,-1.035594,-1.43712,0.173782,0.816341,-0.045475,0.575157,0.02672,0.0003670369,-3.2736e-06,-0.0001310323,5.142e-07,1.2311e-06,4.75176e-05,0.0053929731,-0.0004735649,1.9082e-05,0.0043805346,0.0001728127,0.0029384563,5.943544,-1.373719,0.714297,0.557659,-0.214196,-0.788172,-0.148067
1403637228.93862,-1.05345,-1.431336,0.191707,0.816893,-0.045691,0.574352,0.026788,0.0003665474,-3.2624e-06,-0.0001314491,4.582e-07,1.2412e-06,4.78539e-05,0.0053618162,-0.0004695425,2.23994e-05,0.0043613517,0.0001689568,0.0029188682,5.945575,-1.38206,0.717047,0.557018,-0.214575,-0.788499,-0.148181
1403637229.13862,-1.07741,-1.400396,0.196476,0.811794,-0.040275,0.581453,0.035794,0.0003711425,4.4744e-06,-0.0001256255,4.825e-07,-1.4467e-06,4.3235e-05,0.0053342441,-0.0004740249,2.23989e-05,0.0043923772,0.0001687809,0.0029192144,5.954805,-1.418455,0.720659,0.562033,-0.208172,-0.784647,-0.158469
1403637229.23862,-1.092179,-1.382146,0.191617,0.810159,-0.038621,0.583648,0.038803,0.0003725221,7.0358e-06,-0.0001236677,5.582e-07,-2.2682e-06,4.17656e-05,0.005317578,-0.0004727656,2.23236e-05,0.0044044512,0.0001688411,0.0029192332,5.960177,-1.439551,0.716157,0.563532,-0.206188,-0.783394,-0.161901
1403637229.73863,-1.187856,-1.292713,0.11037,0.821865,-0.146179,0.548341,0.049912,0.0003474298,-2.95995e-05,-0.0001488073,2.9523e-06,1.27306e-05,6.45543e-05,0.0052445702,-0.0004716013,2.07974e-05,0.0044964463,0.000168592,0.0029231902,6.004135,-1.551741,0.627877,0.527144,-0.313629,-0.772302,-0.165247
1403637229.78864,-1.194091,-1.292024,0.099788,0.819184,-0.155776,0.548157,0.064773,0.0003491567,-2.45329e-05,-0.0001480814,2.1484e-06,1.04438e-05,6.36195e-05,0.0052441544,-0.000475553,2.12369e-05,0.0045039832,0.0001688679,0.0029232695,6.009777,-1.55519,0.617013,0.523938,-0.322388,-0.767666,-0.179657
1403637229.88864,-1.204038,-1.295961,0.079698,0.809961,-0.172491,0.551842,0.098392,0.0003564713,-1.18849e-05,-0.0001423367,8.182e-07,4.7543e-06,5.76403e-05,0.0052475555,-0.0004820546,2.16001e-05,0.0045145099,0.0001691534,0.0029240209,6.020766,-1.556812,0.595019,0.52057,-0.336749,-0.75508,-0.213218
1403637230.08864,-1.217728,-1.31435,0.034882,0.79384,-0.215103,0.549198,0.148092,0.0003624307,-3.725e-07,-0.000136354,4.313e-07,1.025e-07,5.20944e-05,0.0052620591,-0.0004950001,2.18571e-05,0.0045283578,0.0001696842,0.0029254912,6.039738,-1.55209,0.547653,0.507654,-0.37497,-0.730344,-0.261311
1403637230.13863,-1.220888,-1.321112,0.0212,0.792597,-0.228846,0.543942,0.153448,0.0003599464,-2.15e-06,-0.0001391131,4.413e-07,7.862e-07,5.45507e-05,0.0052678309,-0.000501022,2.16163e-05,0.0045279473,0.0001696486,0.0029242988,6.044191,-1.551883,0.536669,0.501309,-0.388123,-0.726336,-0.265498
1403637230.23863,-1.222858,-1.328794,0.005389,0.789845,-0.250176,0.535098,0.165008,0.0003564274,-2.7595e-06,-0.0001428779,4.559e-07,1.048e-06,5.80637e-05,0.0052783075,-0.0005086349,2.1909e-05,0.0045322904,0.0001699163,0.002924931,6.051478,-1.550088,0.520524,0.490296,-0.408439,-0.719182,-0.274891
1403637230.28863,-1.222435,-1.332738,0.000586,0.788799,-0.256925,0.531557,0.170976,0.000355337,-1.3667e-06,-0.0001440281,4.403e-07,4.893e-07,5.91601e-05,0.0052829611,-0.00051081,2.19181e-05,0.0045280978,0.0001696696,0.0029244025,6.053717,-1.548229,0.516139,0.485577,-0.41484,-0.716768,-0.279956
1403637230.33863,-1.220634,-1.33614,-0.000975,0.787048,-0.261685,0.53008,0.176326,0.0003555316,-3.12e-08,-0.0001438363,4.358e-07,-5.67e-08,5.89672e-05,0.0052868141,-0.0005125004,2.20436e-05,0.0045259945,0.0001696929,0.0029242373,6.055043,-1.545861,0.513705,0.483028,-0.419138,-0.71406,-0.284824
1403637230.38864,-1.211387,-1.341774,-0.006063,0.783942,-0.26606,0.531243,0.180076,0.0003570432,-1.762e-07,-0.0001422583,4.256e-07,0.0,5.74259e-05,0.0052853921,-0.0005112512,2.0837e-05,0.0045194667,0.0001696867,0.0029209479,6.055093,-1.542558,0.513463,0.483332,-0.422661,-0.710261,-0.288578
1403637230.63865,-1.182159,-1.356103,0.028374,0.760635,-0.276228,0.55176,0.201729,0.0003742846,6.012e-07,-0.0001215866,4.193e-07,-2.8e-07,4.01705e-05,0.0053052464,-0.0005086054,1.74319e-05,0.004491105,0.0001699145,0.0029141829,6.046507,-1.52372,0.542686,0.499017,-0.427743,-0.685205,-0.313867
1403637230.68865,-1.176265,-1.354842,0.040333,0.756538,-0.282286,0.553033,0.20523,0.0003756802,-8.472e-07,-0.0001196462,4.145e-07,1.807e-07,3.87569e-05,0.0053013991,-0.0005034619,1.6157e-05,0.004480481,0.0001693242,0.0029115104,6.045006,-1.521762,0.552598,0.499595,-0.432855,-0.679924,-0.317405
1403637231.43865,-1.187995,-1.435627,0.024753,0.665854,-0.498336,0.466078,0.301779,0.0003515813,-2.39867e-05,-0.0001460112,2.2007e-06,9.8385e-06,6.12487e-05,0.0054211774,-0.0005517868,1.84507e-05,0.0045215338,0.0001798852,0.0029248076,6.120841,-1.470387,0.558409,0.394883,-0.62541,-0.546171,-0.393231
1403637231.48865,-1.192615,-1.449119,-0.002984,0.652353,-0.516071,0.460242,0.310295,0.0003510449,-2.6841e-05,-0.0001460541,2.6308e-06,1.10484e-05,6.13667e-05,0.005440293,-0.0005615675,1.86688e-05,0.004530513,0.0001811022,0.0029268271,6.133148,-1.460322,0.532736,0.38746,-0.639965,-0.529271,-0.400318
1403637231.88865,-1.275769,-1.592477,-0.266836,0.551818,-0.628412,0.39262,0.382682,0.0003461462,-2.69951e-05,-0.0001507622,2.7762e-06,1.16916e-05,6.62095e-05,0.005661272,-0.0006887855,2.15345e-05,0.0046703949,0.0001935946,0.0029523548,6.281365,-1.361718,0.281345,0.306392,-0.729102,-0.407418,-0.45667
1403637231.93865,-1.296158,-1.616483,-0.292286,0.540457,-0.63908,0.385893,0.388033,0.0003452196,-2.79284e-05,-0.0001514505,2.9283e-06,1.21933e-05,6.6981e-05,0.0056945543,-0.0007119012,2.15145e-05,0.0046963223,0.0001956433,0.0029567693,6.306708,-1.346469,0.256873,0.298626,-0.737203,-0.394139,-0.460446
1403637231.98865,-1.317448,-1.643183,-0.315216,0.529464,-0.648273,0.379547,0.39415,0.0003451452,-2.82618e-05,-0.0001514651,2.9892e-06,1.23497e-05,6.70003e-05,0.0057332383,-0.0007417337,2.2138e-05,0.0047308635,0.0001976621,0.0029617669,6.334035,-1.330576,0.234388,0.291095,-0.74393,-0.381505,-0.465066
1403637232.03865,-1.33807,-1.671012,-0.33347,0.515356,-0.654827,0.378079,0.403319,0.000348894,-3.02461e-05,-0.0001475806,3.3003e-06,1.2747e-05,6.29444e-05,0.0057764328,-0.0007745084,2.26957e-05,0.0047682274,0.0001999355,0.0029670822,6.364091,-1.313345,0.216186,0.287698,-0.747434,-0.366363,-0.47366
1403637232.18866,-1.457208,-1.782706,-0.374037,0.47153,-0.671321,0.376046,0.430786,0.0003606177,-3.74881e-05,-0.0001335601,4.4822e-06,1.38579e-05,4.98914e-05,0.0058478664,-0.000875167,1.29661e-05,0.0048503829,0.0002176935,0.0029799936,6.466884,-1.264514,0.174232,0.279403,-0.754264,-0.320457,-0.500329
1403637232.28866,-1.519786,-1.837292,-0.390228,0.451214,-0.681306,0.365052,0.446055,0.0003637278,-3.6835e-05,-0.0001301062,4.313e-06,1.31593e-05,4.69581e-05,0.0059671391,-0.0009990145,1.50895e-05,0.005006809,0.0002269021,0.0029939873,6.543166,-1.239862,0.154712,0.265468,-0.759823,-0.298512,-0.512941
1403637232.33866,-1.567676,-1.846338,-0.397078,0.441887,-0.684799,0.358527,0.455241,0.0003659241,-3.4569e-05,-0.0001280588,3.7572e-06,1.20784e-05,4.52104e-05,0.0059673788,-0.0010231113,1.15142e-05,0.0050356491,0.0002394433,0.0029905775,6.583349,-1.230318,0.147801,0.257092,-0.761557,-0.28876,-0.520147
1403637232.48866,-1.688395,-1.913739,-0.413948,0.413258,-0.698153,0.337985,0.47704,0.0003700949,-3.02932e-05,-0.0001238644,2.902e-06,1.0117e-05,4.18206e-05,0.0060157645,-0.0011238426,1.16467e-05,0.0052053858,0.0002560739,0.0029877159,6.709935,-1.2108,0.135748,0.232291,-0.768699,-0.258163,-0.537118
1403637232.53866,-1.729353,-1.932417,-0.413741,0.401145,-0.708345,0.333447,0.475544,0.0003668531,-3.53924e-05,-0.0001267107,3.8394e-06,1.2207e-05,4.41324e-05,0.0060462209,-0.0011715032,1.43306e-05,0.0052880092,0.0002615499,0.0029925688,6.752849,-1.207818,0.133154,0.228137,-0.776161,-0.244251,-0.534693
1403637232.58866,-1.766273,-1.95627,-0.415831,0.389777,-0.718886,0.327256,0.473478,0.0003627679,-3.92994e-05,-0.0001305903,4.6725e-06,1.41359e-05,4.73802e-05,0.0060742592,-0.0012083067,1.82388e-05,0.0053513785,0.0002643028,0.0029978297,6.796195,-1.206645,0.131888,0.222538,-0.784056,-0.230932,-0.531469
1403637232.63865,-1.81726,-1.97645,-0.420517,0.377949,-0.729709,0.320927,0.470834,0.0003580072,-4.32647e-05,-0.0001348585,5.587e-06,1.62871e-05,5.11488e-05,0.0060829499,-0.0012370587,2.57814e-05,0.0053790228,0.0002401874,0.0029601656,6.840937,-1.207483,0.132174,0.216871,-0.792163,-0.217119,-0.527627
1403637232.88865,-2.061358,-2.044843,-0.395041,0.332704,-0.772866,0.282158,0.46084,0.0003355874,-4.81918e-05,-0.0001549448,7.2735e-06,2.22529e-05,7.19007e-05,0.006205488,-0.0014617716,3.82249e-05,0.0058216341,0.0002560496,0.0029702221,7.085549,-1.239941,0.15846,0.181024,-0.824965,-0.163898,-0.509723
1403637232.93864,-2.114848,-2.099902,-0.411086,0.32983,-0.778791,0.272973,0.458456,0.0003315079,-4.52724e-05,-0.0001591035,6.4391e-06,2.17329e-05,7.66858e-05,0.0062075386,-0.0015075561,3.02767e-05,0.0058139462,0.0002082728,0.0029330588,7.14087,-1.251063,0.168616,0.172415,-0.829893,-0.159871,-0.505957
1403637233.33864,-2.67524,-2.22145,-0.309019,0.339842,-0.796446,0.228087,0.445149,0.0003092478,-2.17423e-05,-0.0001787399,1.7681e-06,1.25618e-05,0.0001036517,0.0065215083,-0.0021006278,4.14713e-05,0.0069365257,0.0002081668,0.0029317128,7.702877,-1.35546,0.263703,0.131272,-0.849345,-0.166031,-0.483544
1403637233.38864,-2.757368,-2.243702,-0.300451,0.342535,-0.797939,0.225826,0.441548,0.0003059378,-2.05934e-05,-0.0001807306,1.6163e-06,1.21601e-05,0.0001071068,0.0065455758,-0.002176267,3.9046e-05,0.007099579,0.000203105,0.0029259533,7.789028,-1.366807,0.269729,0.129802,-0.851371,-0.168376,-0.479554
1403637233.93864,-3.729838,-2.714038,-0.393517,0.413439,-0.709606,0.160207,0.547596,0.0003428927,8.49583e-05,-0.0001312808,2.12949e-05,-3.25642e-05,5.05595e-05,0.0074741788,-0.0036254947,5.98579e-05,0.0097129667,0.0002047816,0.0029292282,8.8638,-1.345083,0.166191,0.043387,-0.779668,-0.255999,-0.569825
1403637233.98864,-3.800974,-2.781362,-0.415155,0.415725,-0.706626,0.1569,0.550668,0.0003421471,8.88257e-05,-0.0001294869,2.33073e-05,-3.36556e-05,4.92951e-05,0.0076358641,-0.0038188721,5.90076e-05,0.0099409878,0.0002029695,0.0029243952,8.95241,-1.317612,0.146962,0.039523,-0.777218,-0.258832,-0.572168
1403637234.13864,-3.980168,-2.996632,-0.474701,0.423065,-0.692317,0.145956,0.566048,0.0003411026,0.0001039814,-0.0001188832,3.19558e-05,-3.6283e-05,4.17132e-05,0.0081249299,-0.004355017,6.18519e-05,0.010538351,0.0002039739,0.0029237246,9.1978,-1.203871,0.085714,0.025613,-0.764736,-0.268963,-0.584963
1403637234.23864,-4.06396,-3.157595,-0.518863,0.424147,-0.685874,0.142155,0.573993,0.0003416408,0.0001097161,-0.0001129989,3.54979e-05,-3.63326e-05,3.76404e-05,0.008491195,-0.0047230957,5.92434e-05,0.0108279446,0.0002033368,0.0029219514,9.341636,-1.100466,0.040459,0.02022,-0.758636,-0.271349,-0.591973
1403637234.28864,-4.086787,-3.24275,-0.544119,0.421737,-0.68489,0.144596,0.576329,0.0003442253,0.0001087197,-0.0001108521,3.45861e-05,-3.50542e-05,3.5953e-05,0.0086778732,-0.0049040003,5.61511e-05,0.0109125503,0.0002002271,0.0029196259,9.406924,-1.040179,0.016157,0.022065,-0.757116,-0.269184,-0.594836
1403637234.33864,-4.114266,-3.331127,-0.570003,0.41806,-0.685067,0.149822,0.577462,0.0003480164,0.0001053381,-0.0001093719,3.213e-05,-3.31443e-05,3.46188e-05,0.0088852345,-0.0050811459,5.21986e-05,0.0109651979,0.0001983261,0.002917918,9.468651,-0.973839,-0.009055,0.026881,-0.756532,-0.265579,-0.596997
1403637234.53863,-4.174004,-3.718346,-0.679353,0.403178,-0.688341,0.192492,0.571472,0.0003675922,7.64917e-05,-0.0001064218,1.61558e-05,-2.21741e-05,3.10424e-05,0.00988735,-0.0058097868,4.52147e-05,0.0111293571,0.0001962913,0.0029164094,9.66622,-0.656248,-0.115336,0.069662,-0.756584,-0.250473,-0.599992
1403637234.58863,-4.172871,-3.814938,-0.709433,0.401398,-0.688171,0.205555,0.568372,0.0003718214,6.80378e-05,-0.0001057195,1.26859e-05,-1.93713e-05,3.0287e-05,0.0101633555,-0.0060048599,4.24031e-05,0.0111641115,0.000195036,0.0029151512,9.704129,-0.56688,-0.14379,0.083031,-0.756065,-0.248823,-0.599647
1403637234.63863,-4.169794,-3.916581,-0.741743,0.401054,-0.686784,0.217984,0.565656,0.0003754014,6.08583e-05,-0.0001044704,1.01007e-05,-1.69604e-05,2.92983e-05,0.0104416574,-0.0061646409,4.08939e-05,0.0111440061,0.0001944266,0.0029143075,9.737951,-0.474767,-0.173196,0.095698,-0.754603,-0.248828,-0.599584
1403637234.68863,-4.163717,-4.019319,-0.774058,0.402241,-0.68467,0.229593,0.562776,0.0003781951,5.47643e-05,-0.000103316,8.1625e-06,-1.49828e-05,2.84485e-05,0.0107436748,-0.0063304105,3.99215e-05,0.0111162323,0.0001937031,0.0029137829,9.767662,-0.380928,-0.203606,0.107579,-0.752777,-0.25046,-0.599186
1403637234.73863,-4.150985,-4.11548,-0.807251,0.403433,-0.683536,0.242165,0.558011,0.0003804844,4.73467e-05,-0.0001031786,6.1227e-06,-1.28602e-05,2.82042e-05,0.0110613533,-0.0064897993,3.9699e-05,0.0110820471,0.0001936426,0.0029133722,9.793441,-0.285493,-0.235358,0.120801,-0.751884,-0.251986,-0.597144
1403637234.78863,-4.135252,-4.215881,-0.841805,0.405128,-0.68227,0.255429,0.552391,0.0003824878,3.94225e-05,-0.0001031414,4.2938e-06,-1.065e-05,2.80382e-05,0.011365211,-0.0066245305,3.97077e-05,0.0110263577,0.0001937544,0.0029131932,9.815229,-0.189036,-0.268236,0.134893,-0.750994,-0.253938,-0.594431
1403637234.98863,-3.998845,-4.550511,-0.962175,0.418138,-0.674618,0.30411,0.526848,0.0003859341,1.19525e-05,-0.0001041068,5.964e-07,-3.2342e-06,2.83111e-05,0.0126695059,-0.007115468,3.68538e-05,0.0106664564,0.0001902689,0.0029121995,9.867819,0.19665,-0.394198,0.187935,-0.746378,-0.268344,-0.579303
1403637235.03863,-3.964391,-4.635022,-0.989276,0.425373,-0.669761,0.310778,0.52335,0.0003862639,1.15344e-05,-0.0001035978,5.71e-07,-3.1025e-06,2.80141e-05,0.0127985688,-0.0070621888,3.64057e-05,0.0104519881,0.000190347,0.0029118301,9.873824,0.2902,-0.421385,0.19518,-0.743158,-0.276452,-0.577231
1403637235.13863,-3.890995,-4.800755,-1.037067,0.442694,-0.658859,0.321811,0.516105,0.0003859365,1.30798e-05,-0.0001040031,6.727e-07,-3.5332e-06,2.82593e-05,0.013411518,-0.0072005936,3.68813e-05,0.0102193097,0.000191582,0.0029117048,9.878666,0.473689,-0.470622,0.207509,-0.736135,-0.295665,-0.572389
1403637235.48862,-3.593252,-5.326281,-1.158662,0.495568,-0.649147,0.331332,0.472482,0.0003676405,1.47533e-05,-0.0001303479,8.357e-07,-5.2396e-06,4.64752e-05,0.0154913483,-0.00741999,3.98515e-05,0.0093161968,0.0001991041,0.0029133603,9.819144,1.070765,-0.589576,0.225909,-0.737689,-0.349447,-0.531664
1403637235.53862,-3.543809,-5.391167,-1.169463,0.501676,-0.650177,0.331797,0.464222,0.000363578,1.32637e-05,-0.0001353525,7.282e-07,-4.9452e-06,5.0652e-05,0.0157545225,-0.0074074207,3.90341e-05,0.0091624643,0.0001990166,0.0029121778,9.803711,1.152937,-0.601017,0.228102,-0.74001,-0.355231,-0.52362
1403637235.63862,-3.445166,-5.526022,-1.185385,0.514247,-0.645767,0.333542,0.455286,0.0003593345,1.44077e-05,-0.0001400054,8.257e-07,-5.6208e-06,5.48194e-05,0.016328412,-0.0073914167,3.88405e-05,0.0088806954,0.0002002336,0.0029118473,9.770681,1.317989,-0.617378,0.231675,-0.738354,-0.368474,-0.515158
1403637235.88862,-3.1805,-5.864039,-1.183817,0.544022,-0.598022,0.350193,0.473048,0.0003715696,3.74941e-05,-0.0001206193,4.0417e-06,-1.21823e-05,3.94263e-05,0.0178590909,-0.0072815504,3.69629e-05,0.0081799781,0.0002019236,0.0029110527,9.673068,1.737195,-0.618138,0.244341,-0.697959,-0.407637,-0.535709
1403637235.98861,-3.060933,-5.997581,-1.172569,0.561288,-0.576393,0.351515,0.478711,0.0003713693,5.17749e-05,-0.000115524,7.4813e-06,-1.61189e-05,3.62095e-05,0.0184378044,-0.0071452908,3.60758e-05,0.0078562721,0.0002026866,0.0029103214,9.619476,1.907037,-0.607128,0.244467,-0.680395,-0.429053,-0.541493
1403637236.03861,-2.994046,-6.061041,-1.163718,0.570014,-0.566046,0.352684,0.479885,0.000370519,5.7848e-05,-0.000113847,9.2966e-06,-1.77882e-05,3.52548e-05,0.0187475304,-0.0070711018,3.55106e-05,0.0076932966,0.0002027774,0.002909691,9.587532,1.992791,-0.599372,0.245364,-0.672099,-0.439758,-0.542875
1403637236.08861,-2.924469,-6.123431,-1.153533,0.577757,-0.558409,0.355199,0.477712,0.0003694425,6.07202e-05,-0.0001139017,1.02466e-05,-1.87345e-05,3.53932e-05,0.019043566,-0.0069762966,3.51628e-05,0.0075224588,0.000203126,0.0029093405,9.551885,2.078795,-0.59009,0.248261,-0.666247,-0.448928,-0.541245
1403637236.23861,-2.691784,-6.298577,-1.113965,0.600791,-0.535255,0.363568,0.469437,0.0003658929,6.80303e-05,-0.0001148005,1.29233e-05,-2.13608e-05,3.63051e-05,0.0199153864,-0.0066158851,3.42808e-05,0.006994597,0.00020456,0.0029091031,9.419474,2.337249,-0.551395,0.258157,-0.648404,-0.476311,-0.534854
1403637236.33861,-2.517122,-6.405546,-1.079766,0.612825,-0.522515,0.374739,0.459341,0.0003658277,6.67414e-05,-0.0001156672,1.24512e-05,-2.11188e-05,3.68607e-05,0.02044614,-0.0062851769,3.34947e-05,0.006616848,0.0002040319,0.0029075035,9.309051,2.51048,-0.516046,0.271116,-0.63838,-0.490844,-0.527295
1403637236.53861,-2.120524,-6.59467,-0.99228,0.627239,-0.505034,0.402954,0.434903,0.0003701646,5.41548e-05,-0.0001162763,8.2002e-06,-1.70231e-05,3.68227e-05,0.0214259604,-0.0054538417,3.30748e-05,0.0058743826,0.000205616,0.0029068832,9.03674,2.854451,-0.427647,0.303858,-0.62428,-0.50862,-0.509175
1403637236.58861,-2.014853,-6.63853,-0.968043,0.628361,-0.502207,0.4089,0.430988,0.0003717455,5.13176e-05,-0.0001153495,7.3608e-06,-1.59344e-05,3.60911e-05,0.0216456009,-0.005210516,3.29871e-05,0.0056945432,0.0002055395,0.0029064767,8.961058,2.940231,-0.404622,0.310543,-0.621722,-0.510296,-0.506579
1403637236.63861,-1.906507,-6.681699,-0.945593,0.628442,-0.498175,0.414464,0.430234,0.0003739968,5.01987e-05,-0.0001125944,7.0117e-06,-1.51222e-05,3.41954e-05,0.021867029,-0.0049614658,3.33322e-05,0.0055220431,0.0002052709,0.0029055552,8.882709,3.02478,-0.382891,0.316257,-0.61781,-0.511166,-0.506954
1403637236.6886,-1.797123,-6.725487,-0.923915,0.62897,-0.494667,0.419086,0.429031,0.0003756155,4.9294e-05,-0.0001105806,6.7399e-06,-1.45218e-05,3.28516e-05,0.0220868855,-0.0047002315,3.34611e-05,0.0053548426,0.0002051739,0.0029048042,8.801351,3.108207,-0.362833,0.321117,-0.614416,-0.512409,-0.506769
1403637236.98861,-1.092527,-6.909779,-0.798739,0.621401,-0.455127,0.477481,0.422768,0.0003969183,3.6741e-05,-7.55715e-05,3.6844e-06,-6.9997e-06,1.46889e-05,0.0231005224,-0.0029219817,3.27182e-05,0.0045451904,0.0002062136,0.002905624,8.245878,3.568077,-0.230221,0.379583,-0.574118,-0.51321,-0.512759
1403637237.03861,-0.9702,-6.927146,-0.772117,0.617134,-0.447552,0.489748,0.423071,0.0004009181,3.41042e-05,-6.6107e-05,3.1865e-06,-5.627e-06,1.12004e-05,0.0232120616,-0.0025954237,3.26201e-05,0.0044457746,0.0002060428,0.0029057746,8.144007,3.633628,-0.203368,0.391539,-0.565804,-0.510601,-0.515607
1403637237.13862,-0.726246,-6.943714,-0.713219,0.609377,-0.433919,0.513408,0.420459,0.0004070102,2.74236e-05,-4.89362e-05,2.1371e-06,-3.2995e-06,6.1847e-06,0.0233147349,-0.0019340017,3.24127e-05,0.0042856345,0.0002058294,0.0029062121,7.933104,3.749001,-0.145026,0.415226,-0.550844,-0.505817,-0.517986
1403637237.18861,-0.606334,-6.94333,-0.680612,0.607683,-0.42904,0.523523,0.415414,0.0004087595,2.29075e-05,-4.38706e-05,1.5748e-06,-2.4605e-06,5.0109e-06,0.0233176648,-0.0015997569,3.24542e-05,0.0042243887,0.0002057525,0.0029064681,7.824734,3.798626,-0.113596,0.42616,-0.545687,-0.505169,-0.515188
1403637237.58861,0.289657,-6.726814,-0.367619,0.628329,-0.408853,0.551103,0.366507,0.0004084561,4.1217e-06,-5.08335e-05,3.517e-07,-5.132e-07,6.6541e-06,0.0221396197,0.0008201343,3.33723e-05,0.0041600462,0.0002047672,0.0029129163,6.923922,3.953989,0.189542,0.46341,-0.529975,-0.529594,-0.473189
1403637237.63861,0.383344,-6.668853,-0.319921,0.628159,-0.409059,0.554623,0.361222,0.0004084862,7.04e-08,-5.09194e-05,3.127e-07,-8.7e-09,6.6756e-06,0.0219197996,0.0010723039,3.44032e-05,0.0041934139,0.0002035311,0.0029135902,6.812353,3.945025,0.235045,0.467876,-0.530095,-0.529445,-0.468806
1403637237.68861,0.475453,-6.617023,-0.266381,0.627618,-0.409584,0.558232,0.355968,0.0004085248,-4.2641e-06,-5.06217e-05,3.569e-07,5.287e-07,6.5985e-06,0.0215918209,0.0012994708,3.66052e-05,0.004225302,0.0002045889,0.0029115023,6.702166,3.9306,0.281217,0.472543,-0.530376,-0.528831,-0.464484
1403637238.13862,1.158414,-5.918069,0.10183,0.616407,-0.484033,0.536925,0.312196,0.0003857363,-5.38732e-05,-9.13842e-05,7.8716e-06,1.27742e-05,2.20127e-05,0.0183227938,0.0027481522,4.91453e-05,0.0047683157,0.0002024802,0.0029241965,5.813864,3.58656,0.628836,0.460813,-0.600728,-0.502625,-0.417337
1403637238.18862,1.211578,-5.828346,0.132339,0.609807,-0.499652,0.532354,0.308354,0.0003803807,-6.18853e-05,-9.64687e-05,1.04207e-05,1.57093e-05,2.48303e-05,0.0178666675,0.0028107524,5.1168e-05,0.0048193299,0.0002027301,0.0029251126,5.729899,3.53024,0.659253,0.457131,-0.614629,-0.492973,-0.412637
1403637238.28862,1.303448,-5.653521,0.185695,0.591665,-0.532597,0.523598,0.303511,0.0003689895,-7.76198e-05,-0.0001045179,1.66933e-05,2.20086e-05,2.99716e-05,0.0170592151,0.0029421675,5.65187e-05,0.0049290723,0.0002012896,0.0029264473,5.576109,3.411068,0.716585,0.44961,-0.643025,-0.468461,-0.406142
1403637238.48862,1.42296,-5.300663,0.293302,0.541416,-0.596263,0.505191,0.310034,0.0003488482,-0.0001014006,-0.0001130184,2.98691e-05,3.28891e-05,3.70081e-05,0.015621221,0.0029912901,6.77534e-05,0.0051173725,0.0002015206,0.002938524,5.330165,3.146001,0.816384,0.430358,-0.694891,-0.406136,-0.408675
1403637238.53862,1.429397,-5.206033,0.314287,0.528999,-0.610303,0.498576,0.314822,0.0003450834,-0.0001041249,-0.0001151753,3.1819e-05,3.47937e-05,3.88366e-05,0.0152500378,0.0029723132,6.53964e-05,0.0051380768,0.0002054647,0.0029404597,5.281883,3.072594,0.838534,0.422879,-0.70605,-0.391099,-0.412003
1403637238.93862,1.247868,-4.504519,0.4285,0.499816,-0.713427,0.408986,0.271913,0.0002638269,-0.000102919,-0.0001710536,4.05859e-05,6.68379e-05,0.0001114227,0.0126218918,0.0023669292,6.02588e-05,0.0050470452,0.0002302063,0.0029439418,5.125092,2.41092,0.977637,0.344159,-0.800926,-0.341324,-0.351791
1403637238.98862,1.18729,-4.435838,0.44404,0.502235,-0.720913,0.396995,0.265404,0.0002536673,-9.91034e-05,-0.000176263,3.91571e-05,6.89824e-05,0.0001230257,0.0122760549,0.0021403876,5.84959e-05,0.0049577673,0.0002326894,0.0029461703,5.142873,2.327442,0.994361,0.333797,-0.808762,-0.342133,-0.342988
1403637239.03862,1.123616,-4.3741,0.460355,0.506109,-0.724249,0.385858,0.265386,0.0002494777,-9.3313e-05,-0.0001804222,3.53355e-05,6.76062e-05,0.000131047,0.0120389271,0.0019827069,5.47435e-05,0.0049038769,0.0002316307,0.0029470505,5.171086,2.245877,1.012639,0.322928,-0.812862,-0.345211,-0.340632
1403637239.08861,1.035168,-4.322704,0.478084,0.510558,-0.724681,0.376047,0.269735,0.0002495458,-8.66289e-05,-0.0001837156,3.04972e-05,6.38955e-05,0.000135827,0.0118304073,0.0018253736,5.0399e-05,0.0048501343,0.0002294839,0.0029475427,5.209896,2.167516,1.032038,0.312419,-0.814189,-0.349471,-0.342934
1403637239.23861,0.781684,-4.20603,0.528687,0.515659,-0.710301,0.36051,0.315597,0.0002794285,-6.34937e-05,-0.0001839646,1.48123e-05,4.18712e-05,0.0001216371,0.0113522338,0.0013471598,3.74784e-05,0.0045160832,0.0002344191,0.002936674,5.384576,1.955229,1.098316,0.287737,-0.801127,-0.357518,-0.384599
1403637239.2886,0.682656,-4.188511,0.545104,0.513051,-0.706657,0.358514,0.329972,0.0002891004,-5.82059e-05,-0.0001816857,1.20957e-05,3.66394e-05,0.0001146888,0.0112782341,0.0011810871,3.50613e-05,0.0044361168,0.0002295166,0.0029336192,5.456756,1.890211,1.120042,0.282874,-0.796971,-0.355708,-0.398306
1403637239.43861,0.370831,-4.128065,0.592193,0.493946,-0.710388,0.351406,0.357603,0.000303822,-5.18141e-05,-0.0001763813,9.1983e-06,3.0126e-05,0.0001028969,0.0111076487,0.0006563077,3.39336e-05,0.0042662225,0.0002325683,0.0029366287,5.709348,1.702381,1.166592,0.270287,-0.796464,-0.336125,-0.42382
1403637239.63858,-0.093804,-4.066448,0.617242,0.454897,-0.727408,0.333003,0.391223,0.0003159893,-4.63853e-05,-0.0001707948,7.1587e-06,2.51022e-05,9.27996e-05,0.0109490657,-9.16377e-05,2.58247e-05,0.0041440518,0.0002156266,0.0029264825,6.10092,1.475216,1.180695,0.2453,-0.804938,-0.294493,-0.452989
1403637239.68858,-0.214808,-4.059792,0.609217,0.443444,-0.731415,0.327916,0.401075,0.0003198779,-4.51314e-05,-0.0001686181,6.7183e-06,2.38196e-05,8.93641e-05,0.0108920371,-0.0002933579,2.65136e-05,0.0041583345,0.0002142846,0.0029262295,6.206727,1.420457,1.173159,0.238302,-0.806491,-0.282465,-0.461571
1403637240.13858,-1.351847,-4.024407,0.423366,0.336935,-0.740398,0.264945,0.517774,0.0003711447,-1.70591e-05,-0.0001268667,1.1534e-06,5.8249e-06,4.38142e-05,0.0108037247,-0.0020624294,2.61877e-05,0.0049011202,0.0002188121,0.0029418354,7.217959,0.938792,0.987534,0.152712,-0.793287,-0.176373,-0.562725
1403637240.18858,-1.477453,-4.017385,0.39506,0.324652,-0.745361,0.256372,0.522792,0.000371607,-1.6745e-05,-0.000126328,1.1276e-06,5.6853e-06,4.3395e-05,0.0107965574,-0.0022498081,2.66296e-05,0.0050461799,0.0002193552,0.0029440095,7.327351,0.883505,0.959173,0.143279,-0.795608,-0.163334,-0.565881
1403637240.53856,-2.334737,-3.975232,0.201104,0.289896,-0.789464,0.185212,0.508333,0.0003441978,9.182e-07,-0.0001564908,3.913e-07,-4.371e-07,7.16519e-05,0.0106769865,-0.0035302134,3.23916e-05,0.0064151495,0.0002255852,0.002958951,8.086005,0.502591,0.73108,0.076682,-0.831378,-0.120186,-0.537116
1403637240.58856,-2.456131,-3.972726,0.180392,0.288036,-0.791417,0.181487,0.507698,0.0003427274,1.9552e-06,-0.0001577619,4.036e-07,-9.205e-07,7.3129e-05,0.0107124566,-0.0037331077,3.3026e-05,0.0066707416,0.0002271838,0.0029627143,8.194984,0.452816,0.705859,0.073157,-0.832919,-0.117967,-0.535705
1403637240.63856,-2.576005,-3.972976,0.160789,0.287665,-0.791907,0.177873,0.508423,0.0003423001,4.0478e-06,-0.0001580984,4.437e-07,-1.8912e-06,7.35347e-05,0.0107195275,-0.0039199137,3.41813e-05,0.0069304198,0.0002285465,0.0029663639,8.304676,0.404593,0.682888,0.069473,-0.833338,-0.117487,-0.535649
1403637241.08856,-3.638177,-4.059937,0.070456,0.291526,-0.764548,0.182517,0.54513,0.000367201,1.50335e-05,-0.0001323357,1.0275e-06,-5.4436e-06,4.82059e-05,0.011090251,-0.0057060543,5.08097e-05,0.0097600945,0.0002434323,0.0030112982,9.302882,0.051086,0.558794,0.066386,-0.807329,-0.126934,-0.572452
1403637241.13856,-3.751282,-4.069197,0.052268,0.293069,-0.765055,0.183478,0.543266,0.0003662731,1.47041e-05,-0.0001334972,9.968e-07,-5.3878e-06,4.91732e-05,0.0111812633,-0.0058957311,5.38809e-05,0.010061489,0.0002466348,0.003012008,9.409273,0.020048,0.543519,0.067663,-0.808214,-0.128373,-0.570731
1403637241.33856,-4.182056,-4.128275,-0.028268,0.304746,-0.760603,0.17878,0.544656,0.0003652212,2.33482e-05,-0.000133573,1.8898e-06,-8.5799e-06,4.93803e-05,0.0114656439,-0.0066870878,6.57236e-05,0.0114920443,0.0002657029,0.0030261247,9.824383,-0.090199,0.470162,0.062686,-0.80643,-0.140754,-0.570904
1403637241.43856,-4.383374,-4.159549,-0.06635,0.312341,-0.756218,0.172807,0.548375,0.000365211,3.15584e-05,-0.0001319212,3.1207e-06,-1.14477e-05,4.81783e-05,0.0115972391,-0.0070568488,7.23875e-05,0.0121953932,0.0002731625,0.0030391273,10.02627,-0.135157,0.428239,0.056044,-0.80378,-0.14909,-0.573211
1403637241.58856,-4.656734,-4.247143,-0.142144,0.322167,-0.746158,0.165385,0.558663,0.0003675657,4.40915e-05,-0.0001253886,5.6792e-06,-1.50962e-05,4.3283e-05,0.0118401971,-0.0076100023,8.781e-05,0.0132250199,0.0002696763,0.0030289137,10.31557,-0.183427,0.373236,0.046629,-0.796041,-0.160715,-0.581663
1403637241.63856,-4.735348,-4.27697,-0.157696,0.323377,-0.743077,0.165648,0.561982,0.0003692198,4.58065e-05,-0.0001226482,6.074e-06,-1.52711e-05,4.12437e-05,0.0119984889,-0.007816561,9.07964e-05,0.0135111287,0.000271545,0.0030326451,10.408049,-0.193028,0.3581,0.046253,-0.793295,-0.162495,-0.584942
1403637241.78856,-4.967098,-4.39137,-0.20415,0.323344,-0.731262,0.17095,0.575744,0.0003773636,4.83117e-05,-0.0001101379,6.5777e-06,-1.41546e-05,3.26274e-05,0.0123538212,-0.0083807452,0.0001108292,0.0144147516,0.0002523128,0.0030275531,10.66066,-0.205097,0.321686,0.048627,-0.781679,-0.164861,-0.599531
1403637241.83856,-5.029137,-4.449253,-0.245859,0.321439,-0.728089,0.17477,0.579672,0.000380386,4.69573e-05,-0.000105978,6.1847e-06,-1.31382e-05,2.99757e-05,0.0124767617,-0.0085595791,0.000118577,0.0146196194,0.0002289184,0.0029946477,10.737881,-0.202977,0.312505,0.05149,-0.77818,-0.163738,-0.604138
1403637242.03856,-5.26252,-4.593805,-0.26465,0.301864,-0.722183,0.206481,0.587108,0.0003934018,2.25689e-05,-9.10624e-05,1.6832e-06,-5.2651e-06,2.15008e-05,0.0130693308,-0.0093105927,0.0001213177,0.0156220588,0.0002300836,0.0029928953,11.007647,-0.172826,0.291209,0.081083,-0.76838,-0.145786,-0.61791
1403637242.08856,-5.307615,-4.632216,-0.266647,0.301392,-0.721889,0.205949,0.587898,0.0003936569,2.29513e-05,-9.04686e-05,1.7248e-06,-5.3083e-06,2.11901e-05,0.013133508,-0.0094562683,0.0001050113,0.0157897946,0.0002259012,0.0029811191,11.057622,-0.163298,0.291318,0.080412,-0.768017,-0.145226,-0.618541
1403637242.23856,-5.421852,-4.729444,-0.261064,0.308259,-0.723627,0.19204,0.586908,0.0003895306,3.35866e-05,-9.54572e-05,3.2878e-06,-8.2584e-06,2.37812e-05,0.0134782662,-0.0099068329,9.73843e-05,0.0163453325,0.0002246668,0.0029764831,11.204574,-0.129021,0.294531,0.067094,-0.771222,-0.151515,-0.614628
1403637242.28856,-5.445144,-4.76068,-0.254096,0.310419,-0.72361,0.187437,0.587278,0.0003883351,3.73659e-05,-9.63313e-05,3.9876e-06,-9.2947e-06,2.42783e-05,0.0135720984,-0.01000799,9.16667e-05,0.0164257639,0.0002240818,0.0029738534,11.246015,-0.114996,0.297756,0.062569,-0.771712,-0.15356,-0.613985
1403637242.33855,-5.434198,-4.787541,-0.244667,0.313381,-0.721866,0.181486,0.589716,0.0003873355,4.28475e-05,-9.59168e-05,5.1177e-06,-1.06216e-05,2.41029e-05,0.013562757,-0.0101239113,5.92697e-05,0.0165069868,0.0002207593,0.0029584615,11.287388,-0.099171,0.3022,0.056437,-0.770903,-0.156616,-0.614817
1403637242.38855,-5.452947,-4.817745,-0.241525,0.316139,-0.719415,0.175945,0.592909,0.0003867753,4.8699e-05,-9.41728e-05,6.5104e-06,-1.18668e-05,2.32782e-05,0.0136480215,-0.0101542097,5.5722e-05,0.0164336448,0.0002203815,0.0029571738,11.323168,-0.081983,0.304296,0.050372,-0.769143,-0.159788,-0.616729
1403637242.63856,-5.483879,-4.972324,-0.24928,0.325474,-0.707833,0.173849,0.602342,0.0003880234,5.83753e-05,-8.60343e-05,9.1661e-06,-1.29477e-05,1.94259e-05,0.0142270476,-0.0106074885,5.04657e-05,0.0166620042,0.0002200313,0.0029555373,11.444319,0.038765,0.296743,0.046391,-0.759952,-0.171176,-0.625318
1403637242.68856,-5.46996,-5.005458,-0.246981,0.329217,-0.706613,0.180363,0.599819,0.0003885076,5.61432e-05,-8.65088e-05,8.4933e-06,-1.2503e-05,1.96112e-05,0.0143231827,-0.0106130477,4.74597e-05,0.0165157704,0.0002196427,0.0029543423,11.454992,0.071659,0.296286,0.053336,-0.759581,-0.175055,-0.624142
1403637242.93857,-5.362003,-5.167239,-0.226834,0.343081,-0.696749,0.226897,0.587669,0.0003951131,3.51695e-05,-8.35981e-05,3.5173e-06,-7.439e-06,1.8045e-05,0.0149547659,-0.0107491828,4.63692e-05,0.016011541,0.0002199211,0.0029536699,11.4391,0.263537,0.319728,0.101423,-0.752812,-0.190647,-0.621817
1403637242.98857,-5.327372,-5.196152,-0.21734,0.34606,-0.693394,0.231503,0.588093,0.0003960799,3.48179e-05,-8.15487e-05,3.4459e-06,-7.1647e-06,1.7147e-05,0.0150668474,-0.0107417629,4.52736e-05,0.0158499396,0.00021975,0.002953042,11.423847,0.304088,0.328791,0.105845,-0.750179,-0.194231,-0.623154
1403637243.23856,-5.11635,-5.32702,-0.196166,0.364084,-0.69711,0.228636,0.573764,0.0003885364,3.97136e-05,-9.53043e-05,4.4561e-06,-9.7389e-06,2.37548e-05,0.015597735,-0.0105723678,4.58062e-05,0.0149160306,0.0002212924,0.0029530519,11.28952,0.51401,0.358969,0.105971,-0.757632,-0.211119,-0.608443
1403637243.28856,-5.062368,-5.350188,-0.195386,0.364522,-0.700268,0.230106,0.569034,0.0003871824,3.70331e-05,-9.88715e-05,3.9355e-06,-9.4526e-06,2.56272e-05,0.0156932233,-0.0105215845,4.55788e-05,0.0147111094,0.0002217374,0.0029524892,11.250944,0.557635,0.360179,0.10842,-0.7609,-0.210844,-0.604007
1403637243.48856,-4.818808,-5.432741,-0.209075,0.36273,-0.70789,0.23542,0.558476,0.0003845962,2.86301e-05,-0.0001061274,2.5227e-06,-7.8924e-06,2.96804e-05,0.0160518077,-0.0101910253,4.56107e-05,0.0137344159,0.0002231421,0.002952421,11.07034,0.736482,0.35179,0.115793,-0.768099,-0.207474,-0.594621
1403637243.53856,-4.749636,-5.450362,-0.209527,0.361609,-0.709782,0.236806,0.556211,0.0003841292,2.6341e-05,-0.0001075018,2.1945e-06,-7.3619e-06,3.04821e-05,0.0161178094,-0.0100727505,4.52254e-05,0.0134522323,0.0002232209,0.0029518075,11.019105,0.782413,0.350346,0.117585,-0.769779,-0.205951,-0.592624
1403637243.83856,-4.322441,-5.559835,-0.192016,0.347581,-0.737764,0.251496,0.521192,0.0003707822,-3.4774e-06,-0.0001295562,4.419e-07,1.2346e-06,4.57042e-05,0.0165871569,-0.0093465157,4.50332e-05,0.0118499576,0.0002256614,0.002952388,10.678235,1.064792,0.374931,0.139221,-0.794237,-0.186491,-0.561284
1403637243.88857,-4.253432,-5.579611,-0.181981,0.344607,-0.742308,0.253856,0.51554,0.0003680545,-8.4702e-06,-0.0001326961,6.057e-07,3.0759e-06,4.82816e-05,0.0166521362,-0.0092165204,4.51314e-05,0.0115897446,0.0002261471,0.0029518904,10.621062,1.111292,0.386531,0.142712,-0.798066,-0.182598,-0.556226
1403637243.98857,-4.110391,-5.609469,-0.152026,0.339572,-0.747645,0.25777,0.509187,0.0003649996,-1.54721e-05,-0.0001357081,1.0732e-06,5.7785e-06,5.09066e-05,0.0168019691,-0.0089704924,4.49327e-05,0.0111120094,0.0002266738,0.0029517692,10.50741,1.200636,0.417647,0.147855,-0.802301,-0.176547,-0.550725
1403637244.23857,-3.782263,-5.676204,-0.039349,0.335598,-0.748203,0.253914,0.512926,0.0003663007,-1.39428e-05,-0.0001344488,9.662e-07,5.1442e-06,4.98163e-05,0.0170904995,-0.0083417567,4.49456e-05,0.0100442927,0.0002284795,0.0029525671,10.243119,1.402428,0.533766,0.143286,-0.802019,-0.172576,-0.553595
1403637244.28857,-3.719892,-5.686837,-0.011368,0.334969,-0.749211,0.253626,0.512007,0.0003656247,-1.44249e-05,-0.0001352041,1.0057e-06,5.3604e-06,5.04667e-05,0.0171481613,-0.0082276051,4.49694e-05,0.0098539445,0.0002281622,0.0029519646,10.193801,1.439871,0.561172,0.143164,-0.802876,-0.171794,-0.552628
1403637244.33857,-3.660324,-5.698521,0.016881,0.334585,-0.750582,0.252541,0.510786,0.0003646172,-1.4526e-05,-0.0001363726,1.0175e-06,5.4599e-06,5.14789e-05,0.0171913342,-0.0081046708,4.51542e-05,0.0096664218,0.0002281802,0.002951747,10.144891,1.475885,0.589453,0.14234,-0.804108,-0.171136,-0.551253
1403637244.38857,-3.596655,-5.707713,0.055568,0.335162,-0.7522,0.252708,0.507938,0.0003628231,-1.54501e-05,-0.0001383102,1.0953e-06,5.9181e-06,5.31975e-05,0.017239116,-0.0079930543,4.42796e-05,0.0094844682,0.0002262591,0.0029501254,10.096574,1.510893,0.618559,0.142977,-0.805889,-0.171174,-0.548469
1403637244.58857,-3.373483,-5.749682,0.188112,0.358016,-0.746745,0.24608,0.503628,0.000358961,-2.6671e-06,-0.0001433816,4.714e-07,1.0891e-06,5.77635e-05,0.0174216687,-0.0075295377,4.54459e-05,0.0088288572,0.0002267285,0.0029507232,9.916224,1.645309,0.744597,0.137396,-0.805275,-0.194639,-0.542963
1403637244.63857,-3.31904,-5.760744,0.223415,0.367353,-0.743503,0.243708,0.502853,0.0003577232,2.6811e-06,-0.0001446852,4.712e-07,-1.063e-06,5.90135e-05,0.0174834984,-0.0074347725,4.57489e-05,0.0086871842,0.0002266181,0.0029505321,9.894784,1.681652,0.782174,0.135279,-0.804061,-0.204331,-0.541705
1403637244.78857,-3.170598,-5.809693,0.310625,0.390712,-0.734599,0.24506,0.497648,0.0003546513,1.10213e-05,-0.0001474481,8.032e-07,-4.5662e-06,6.18085e-05,0.0176640003,-0.0071293296,4.75257e-05,0.0082684161,0.0002271944,0.0029513137,9.78128,1.785024,0.866375,0.137696,-0.800145,-0.228913,-0.53704
1403637244.88856,-3.079651,-5.852813,0.362157,0.400711,-0.730441,0.248478,0.49411,0.0003533988,1.26246e-05,-0.0001485819,9.162e-07,-5.2925e-06,6.29814e-05,0.0178615399,-0.0069722445,4.89851e-05,0.0080285268,0.0002276714,0.0029516734,9.71075,1.857559,0.91539,0.141825,-0.798059,-0.239536,-0.534429
1403637244.93856,-3.034018,-5.875589,0.385644,0.403826,-0.729845,0.251098,0.491121,0.0003523607,1.15229e-05,-0.0001496895,8.434e-07,-4.8794e-06,6.41064e-05,0.0179983746,-0.0069185913,4.97425e-05,0.0079276627,0.0002278556,0.0029518205,9.676827,1.895419,0.937705,0.145015,-0.798085,-0.242712,-0.532094
1403637244.98855,-3.009694,-5.914725,0.405213,0.405884,-0.730353,0.253593,0.487375,0.0003509398,9.7252e-06,-0.0001511428,7.291e-07,-4.1733e-06,6.56088e-05,0.0181001195,-0.0068518984,4.89156e-05,0.007810784,0.0002273184,0.0029514925,9.643834,1.933949,0.958507,0.148326,-0.798828,-0.244894,-0.529058
1403637245.23855,-2.798175,-6.043342,0.484562,0.403415,-0.745984,0.267373,0.457466,0.0003361626,-1.11586e-05,-0.0001637915,8.463e-07,5.4653e-06,8.03596e-05,0.018787661,-0.0065798563,5.19638e-05,0.0073603686,0.0002271037,0.0029535803,9.499547,2.134136,1.036973,0.168108,-0.813561,-0.239295,-0.50259
1403637245.28855,-2.761772,-6.073192,0.498335,0.405404,-0.742696,0.265264,0.462262,0.0003387253,-7.1909e-06,-0.0001619908,6.276e-07,3.4642e-06,7.80202e-05,0.0189416623,-0.006537018,5.20612e-05,0.0072827486,0.0002269825,0.0029534348,9.478529,2.175421,1.050929,0.165053,-0.810798,-0.241979,-0.506768
1403637246.08856,-2.284391,-6.760663,0.552609,0.504327,-0.642451,0.34473,0.46268,0.0003698532,9.1681e-06,-0.0001312003,7.751e-07,-3.2369e-06,4.70994e-05,0.0225171178,-0.0060407501,6.79409e-05,0.0063095835,0.0002292814,0.0029680155,9.318509,2.987409,1.10145,0.242636,-0.733461,-0.359459,-0.523544
1403637246.33856,-2.117778,-6.999727,0.507109,0.575395,-0.573538,0.400224,0.424023,0.0003738296,1.14342e-05,-0.000126083,9.282e-07,-3.8563e-06,4.30953e-05,0.0237959974,-0.0057907222,7.61117e-05,0.0060291524,0.0002317626,0.0029799134,9.263184,3.269084,1.0488,0.304974,-0.680633,-0.4432,-0.497359
1403637246.63856,-1.883724,-7.243229,0.419283,0.652219,-0.466485,0.456849,0.385086,0.0003803544,3.02536e-05,-0.0001137895,3.003e-06,-9.0715e-06,3.46264e-05,0.0252642431,-0.0053680576,9.02801e-05,0.0056929926,0.000240037,0.0030000433,9.161386,3.585155,0.95252,0.368388,-0.591845,-0.540528,-0.471052
1403637246.68856,-1.84333,-7.269907,0.399377,0.659626,-0.449163,0.468591,0.378904,0.0003830424,3.16041e-05,-0.0001092656,3.1932e-06,-9.036e-06,3.17502e-05,0.025411107,-0.0052422173,9.28703e-05,0.0056140775,0.0002440963,0.0030032727,9.138689,3.632978,0.933678,0.380998,-0.576493,-0.551399,-0.467448
1403637246.73856,-1.80036,-7.298351,0.381829,0.668166,-0.432773,0.477401,0.371954,0.0003841619,3.35726e-05,-0.0001068872,3.5181e-06,-9.3642e-06,3.03237e-05,0.0255556642,-0.0051387596,9.48903e-05,0.0055571882,0.0002466382,0.0030076125,9.113711,3.678935,0.914908,0.391005,-0.562253,-0.563166,-0.462466
1403637246.83857,-1.722727,-7.344591,0.332001,0.683881,-0.402687,0.494094,0.354993,0.0003855975,3.51221e-05,-0.0001040406,3.7828e-06,-9.5036e-06,2.86533e-05,0.0258506485,-0.0049132687,8.65041e-05,0.0054431862,0.0002523214,0.0029945862,9.056999,3.762824,0.8817,0.410791,-0.536111,-0.58481,-0.4493
1403637246.88857,-1.679089,-7.364897,0.318379,0.692395,-0.389407,0.499683,0.345353,0.000385033,3.57277e-05,-0.0001048186,3.9019e-06,-9.7556e-06,2.912e-05,0.0259389296,-0.0048214817,8.75542e-05,0.0054050961,0.0002547447,0.0029979251,9.025336,3.800007,0.867329,0.418236,-0.524853,-0.595902,-0.441073
1403637246.98857,-1.594929,-7.393983,0.281482,0.711319,-0.370474,0.502605,0.322743,0.000379647,3.4487e-05,-0.0001138246,3.7173e-06,-1.03779e-05,3.47054e-05,0.0261266778,-0.0045690899,8.2033e-05,0.0052982474,0.0002630411,0.0029875809,8.956283,3.86731,0.843063,0.425797,-0.510249,-0.618337,-0.419556
1403637247.03857,-1.547592,-7.405532,0.272638,0.719131,-0.364362,0.502615,0.3122,0.0003767044,3.28106e-05,-0.0001186219,3.4428e-06,-1.03695e-05,3.79398e-05,0.0261874096,-0.0044616808,8.23602e-05,0.0052602146,0.0002657167,0.0029903005,8.919328,3.897365,0.83349,0.428007,-0.505878,-0.627265,-0.409246
1403637247.13857,-1.45418,-7.421806,0.253978,0.731665,-0.359478,0.49987,0.292526,0.0003699391,2.70208e-05,-0.0001290572,2.5595e-06,-9.4634e-06,4.56257e-05,0.0263078777,-0.0041894043,8.30226e-05,0.0051677222,0.0002720537,0.0029964354,8.841875,3.953033,0.814879,0.429369,-0.503634,-0.64059,-0.389447
1403637247.18858,-1.419966,-7.406732,0.236483,0.735819,-0.358085,0.49884,0.285489,0.0003672652,2.47831e-05,-0.0001327816,2.2037e-06,-8.9794e-06,4.85614e-05,0.0262936074,-0.0040806175,6.67352e-05,0.0050751329,0.0002660958,0.0029839332,8.801674,3.97869,0.804221,0.42947,-0.503229,-0.645081,-0.38239
1403637247.28858,-1.325327,-7.411058,0.208364,0.738854,-0.357561,0.500377,0.275442,0.0003657233,1.92199e-05,-0.0001355508,1.5257e-06,-7.1369e-06,5.07833e-05,0.0262090959,-0.0038369724,6.19762e-05,0.0049914222,0.0002685424,0.0029853951,8.718255,4.027663,0.779982,0.433007,-0.503351,-0.648184,-0.372829
1403637247.33858,-1.278859,-7.395035,0.1964,0.736015,-0.355641,0.506025,0.27521,0.0003689318,1.76911e-05,-0.0001319679,1.3267e-06,-6.3348e-06,4.76958e-05,0.0261770576,-0.0036978536,5.28273e-05,0.0049210013,0.0002655205,0.0029784418,8.675173,4.050638,0.767228,0.438351,-0.501131,-0.645845,-0.373637
1403637247.43859,-1.178968,-7.413717,0.164346,0.721723,-0.34723,0.526845,0.284572,0.0003830412,1.77445e-05,-0.0001127062,1.2563e-06,-5.225e-06,3.36078e-05,0.0260575703,-0.0034057503,4.8197e-05,0.0048026425,0.0002622459,0.0029764872,8.585732,4.095986,0.743662,0.457122,-0.489877,-0.633452,-0.387064
1403637247.5886,-1.020166,-7.420271,0.102038,0.71675,-0.342534,0.534902,0.287783,0.0003877156,1.82678e-05,-0.0001051097,1.2512e-06,-4.9496e-06,2.89036e-05,0.0261010284,-0.0029749753,4.56811e-05,0.0046457441,0.0002530497,0.002970472,8.447249,4.151866,0.696277,0.464661,-0.484349,-0.629247,-0.391848
1403637247.6886,-0.9185,-7.404268,0.060241,0.720649,-0.33239,0.535013,0.289729,0.0003874873,2.47381e-05,-0.0001042129,1.9535e-06,-6.6508e-06,2.84166e-05,0.0261043506,-0.0026540612,4.35402e-05,0.0045567792,0.0002529045,0.0029699058,8.35141,4.17678,0.659727,0.464516,-0.475351,-0.635036,-0.393701
1403637247.73861,-0.866675,-7.393567,0.038516,0.72362,-0.324797,0.534768,0.291385,0.0003870955,2.97214e-05,-0.0001035982,2.6423e-06,-7.9544e-06,2.80994e-05,0.0260442615,-0.0024934059,4.28147e-05,0.0045148699,0.0002523204,0.0029690798,8.3023,4.185437,0.641286,0.464048,-0.468674,-0.639367,-0.395248
1403637248.23859,-0.365438,-7.106413,-0.080222,0.759721,-0.275598,0.541318,0.232044,0.0003770794,2.1427e-05,-0.0001211838,1.5755e-06,-6.8826e-06,3.93281e-05,0.0243654644,-0.0010051344,2.20648e-05,0.0042839261,0.0002567919,0.0029796668,7.741955,4.110338,0.542864,0.483179,-0.427553,-0.684899,-0.338614
1403637248.28859,-0.319003,-7.062872,-0.088733,0.762821,-0.274098,0.540774,0.224807,0.0003752677,1.83864e-05,-0.0001241732,1.256e-06,-6.08e-06,4.14718e-05,0.0242207285,-0.0008334771,2.10078e-05,0.004268468,0.0002559352,0.0029800341,7.682742,4.090352,0.535168,0.484146,-0.426737,-0.68826,-0.331366
1403637248.93859,0.281397,-6.443699,-0.222304,0.769252,-0.274539,0.534661,0.216834,0.0003702828,1.57252e-05,-0.0001312494,1.052e-06,-5.5732e-06,4.69387e-05,0.0210355036,0.0007669545,-3.68578e-05,0.0043393131,0.0002628901,0.0030119023,6.890644,3.735037,0.445686,0.479905,-0.42837,-0.694481,-0.322314
1403637248.98859,0.326149,-6.390802,-0.220713,0.769207,-0.276984,0.533552,0.216617,0.0003696507,1.48016e-05,-0.000132153,9.786e-07,-5.2923e-06,4.76613e-05,0.020791738,0.0008705756,-4.28999e-05,0.0043594136,0.0002637462,0.003015341,6.82776,3.700212,0.449802,0.478883,-0.430744,-0.693927,-0.321866
1403637249.0386,0.368239,-6.341526,-0.206927,0.768647,-0.278047,0.533294,0.217874,0.0003698572,1.50235e-05,-0.0001318987,9.934e-07,-5.3611e-06,4.74331e-05,0.0205172528,0.0009792888,-4.08551e-05,0.0043775237,0.0002657213,0.003012409,6.764232,3.665506,0.456397,0.478504,-0.431684,-0.693044,-0.323068
1403637249.2886,0.607678,-6.06986,-0.169091,0.765914,-0.283361,0.533033,0.221265,0.0003705855,1.45092e-05,-0.0001311882,9.668e-07,-5.1389e-06,4.68527e-05,0.0193061691,0.001501885,-7.77547e-05,0.0045373514,0.0002717585,0.0030340471,6.433789,3.48598,0.514856,0.477539,-0.436303,-0.689283,-0.326322
1403637249.4386,0.75395,-5.903907,-0.144179,0.764173,-0.285164,0.533996,0.222641,0.000371573,1.41119e-05,-0.0001300822,9.427e-07,-4.9432e-06,4.59601e-05,0.0185912131,0.0018110178,-0.0001031158,0.0046708497,0.0002765221,0.0030502992,6.233419,3.376625,0.551884,0.478177,-0.437677,-0.68723,-0.327875
1403637249.5386,0.847911,-5.792253,-0.144698,0.763694,-0.285923,0.534305,0.22257,0.0003718069,1.36086e-05,-0.0001298907,9.058e-07,-4.7595e-06,4.58004e-05,0.0181226533,0.0020020513,-0.0001189158,0.0047665567,0.0002809378,0.0030610562,6.104228,3.304733,0.555959,0.478466,-0.438292,-0.686626,-0.327894
1403637249.5886,0.87139,-5.738857,-0.134732,0.76354,-0.286092,0.534727,0.221867,0.0003719677,1.30222e-05,-0.0001297585,8.622e-07,-4.5541e-06,4.56691e-05,0.0178211651,0.0020848846,-9.4787e-05,0.0048125718,0.0002826639,0.0030489747,6.03812,3.267471,0.550986,0.478987,-0.438443,-0.686393,-0.327422
1403637249.7886,1.056258,-5.49544,-0.175558,0.757369,-0.281582,0.544956,0.223892,0.0003782568,1.29692e-05,-0.0001215613,8.562e-07,-4.1815e-06,3.94704e-05,0.0169042642,0.0023950229,-0.0001135051,0.005031053,0.0002929756,0.0030638291,5.776816,3.117194,0.510927,0.488342,-0.432658,-0.681484,-0.331534
1403637249.8386,1.106699,-5.437039,-0.185759,0.755758,-0.278835,0.548732,0.223547,0.000380391,1.27329e-05,-0.0001185899,8.405e-07,-3.9831e-06,3.73764e-05,0.0166001733,0.0024272395,-0.0001217566,0.0050812681,0.0002955717,0.0030698091,5.711426,3.078835,0.502586,0.492092,-0.429629,-0.680475,-0.332001
1403637249.8886,1.150143,-5.374663,-0.190361,0.755601,-0.275576,0.551458,0.221401,0.0003814255,1.22884e-05,-0.0001171584,8.1e-07,-3.7908e-06,3.63909e-05,0.0163578618,0.0025157876,-0.0001202572,0.0051486086,0.0002937499,0.00307019,5.645751,3.039616,0.495718,0.495142,-0.4264,-0.681027,-0.3305
1403637249.93859,1.090194,-5.279904,-0.142668,0.757074,-0.271624,0.552735,0.218045,0.0003812583,1.24335e-05,-0.0001174063,7.985e-07,-3.8515e-06,3.65236e-05,0.0158765556,0.0026162176,-1.5579e-05,0.0051353028,0.0002640919,0.0030057063,5.591342,3.001997,0.487244,0.496625,-0.422499,-0.683719,-0.327704
1403637249.98859,1.119436,-5.224467,-0.142859,0.759471,-0.269094,0.55339,0.211074,0.0003805072,9.1992e-06,-0.0001188198,6.141e-07,-2.8939e-06,3.74724e-05,0.0154658299,0.0024344283,-1.09766e-05,0.0050769798,0.0002656741,0.0030044474,5.527679,2.960113,0.482449,0.498698,-0.420371,-0.686648,-0.321107
1403637250.1886,1.269513,-4.956706,-0.137069,0.770196,-0.261178,0.552942,0.181217,0.0003743197,-3.7028e-06,-0.0001276468,4.282e-07,1.2442e-06,4.39129e-05,0.0145057707,0.0026347891,-1.12842e-05,0.005275947,0.0002734458,0.003009826,5.269787,2.780043,0.482056,0.504209,-0.414828,-0.698926,-0.291889
1403637250.2386,1.300166,-4.895611,-0.135068,0.771844,-0.258105,0.554421,0.173942,0.0003738163,-6.9144e-06,-0.0001281881,5.215e-07,2.3541e-06,4.43437e-05,0.0141984527,0.0026168003,-1.07825e-05,0.0053068121,0.000276429,0.0030109247,5.205412,2.733265,0.482938,0.507132,-0.412167,-0.70117,-0.285135
1403637250.3386,1.366573,-4.772188,-0.135858,0.773679,-0.254012,0.557839,0.160359,0.0003730476,-1.38349e-05,-0.0001286647,9.114e-07,4.757e-06,4.47676e-05,0.0137495578,0.0026808236,-1.17118e-05,0.0054213644,0.000281859,0.0030140631,5.078799,2.640069,0.48065,0.513214,-0.40854,-0.703846,-0.272615
1403637250.3886,1.393029,-4.713108,-0.139995,0.77475,-0.252198,0.558564,0.155453,0.0003724983,-1.60516e-05,-0.0001291269,1.083e-06,5.5487e-06,4.51529e-05,0.0135243923,0.002689061,-1.07949e-05,0.005449793,0.0002816764,0.0030133918,5.01632,2.593919,0.477459,0.514889,-0.407038,-0.70524,-0.268046
1403637250.4386,1.421309,-4.655953,-0.144069,0.775477,-0.252145,0.559165,0.149641,0.0003715603,-1.95745e-05,-0.0001298472,1.4236e-06,6.8263e-06,4.57698e-05,0.0133129317,0.0026994498,-1.02739e-05,0.0054942217,0.0002842825,0.0030141846,4.955738,2.548733,0.472605,0.516628,-0.407113,-0.705997,-0.262542
1403637250.4886,1.448773,-4.601436,-0.149123,0.776343,-0.252447,0.559303,0.144024,0.0003703564,-2.30287e-05,-0.0001308019,1.8255e-06,8.1204e-06,4.65915e-05,0.0131117318,0.0027121966,-9.8459e-06,0.0055404273,0.0002869038,0.0030149961,4.89769,2.504627,0.466284,0.517928,-0.407591,-0.706771,-0.257096
1403637250.6386,1.528955,-4.409318,-0.167458,0.781406,-0.250062,0.555362,0.135814,0.0003660594,-2.55049e-05,-0.0001355487,2.1672e-06,9.4348e-06,5.05957e-05,0.0125388467,0.002740013,-8.3585e-06,0.0056379393,0.0002928736,0.0030168279,4.736684,2.378304,0.44881,0.515555,-0.406169,-0.712552,-0.247997
1403637250.73861,1.572786,-4.311569,-0.166673,0.784042,-0.245877,0.554253,0.132765,0.0003651502,-2.50303e-05,-0.0001367242,2.1014e-06,9.3646e-06,5.16026e-05,0.012087611,0.0027176272,-6.8638e-06,0.0056645956,0.0002888961,0.0030169641,4.637755,2.299442,0.445451,0.51502,-0.402614,-0.716036,-0.244847
1403637250.7886,1.601968,-4.251156,-0.166581,0.785463,-0.243006,0.553386,0.133265,0.000364867,-2.32536e-05,-0.0001373787,1.8656e-06,8.7477e-06,5.21346e-05,0.0119397261,0.0027083971,-5.6974e-06,0.005678868,0.0002889288,0.0030163791,4.589744,2.262294,0.446823,0.514026,-0.400112,-0.718079,-0.245057
1403637250.9386,1.682576,-4.086814,-0.149574,0.784513,-0.241135,0.556289,0.130138,0.0003660205,-2.50741e-05,-0.0001358066,2.1033e-06,9.2974e-06,5.08025e-05,0.0114751664,0.0027353209,-4.0353e-06,0.0057901026,0.0002882459,0.0030166537,4.453756,2.1595,0.461726,0.51737,-0.398138,-0.717661,-0.242441
1403637250.9886,1.707613,-4.019318,-0.14407,0.783904,-0.241354,0.55734,0.128903,0.0003663604,-2.62246e-05,-0.0001352067,2.2533e-06,9.6746e-06,5.03091e-05,0.0112258416,0.0027004063,-8.775e-07,0.0057415527,0.0002809195,0.0030126587,4.411139,2.127842,0.469526,0.518568,-0.398266,-0.71714,-0.24121
1403637251.3886,1.880612,-3.700111,-0.006884,0.790369,-0.2205,0.560752,0.110701,0.0003658537,-2.83268e-05,-0.0001355681,2.5875e-06,1.04958e-05,5.06723e-05,0.0103713581,0.0027211951,-4.0023e-06,0.0060367448,0.0002926591,0.0030230943,4.12241,1.926794,0.599547,0.525503,-0.379315,-0.727924,-0.223839
1403637251.43861,1.910357,-3.642327,0.010488,0.79081,-0.213183,0.562839,0.111287,0.0003678428,-2.52934e-05,-0.0001338241,2.1104e-06,9.2011e-06,4.91151e-05,0.0101394302,0.0026888868,2.2973e-06,0.0059691214,0.0002810685,0.0030169213,4.094007,1.909287,0.624195,0.52754,-0.372431,-0.729779,-0.224553
1403637251.83861,2.030609,-3.445313,0.155631,0.796618,-0.166558,0.573458,0.093835,0.0003737241,-1.64484e-05,-0.0001281836,1.1076e-06,5.6397e-06,4.44124e-05,0.0095854178,0.0026874528,5.2012e-06,0.0061932578,0.0002902261,0.0030242664,3.906072,1.796809,0.767731,0.541578,-0.32799,-0.74513,-0.209518
1403637252.28862,2.097537,-3.294578,0.226249,0.785402,-0.146828,0.592941,0.100026,0.0003865364,-6.7083e-06,-0.0001110856,5.114e-07,1.9239e-06,3.23807e-05,0.0091396788,0.0026296971,6.8021e-06,0.0063355783,0.0002999835,0.0030331944,3.775871,1.685562,0.842464,0.559385,-0.30626,-0.738265,-0.21968
1403637252.33862,2.098404,-3.280399,0.224641,0.786286,-0.148067,0.591803,0.097977,0.0003856246,-8.3681e-06,-0.0001124092,5.7e-07,2.4363e-06,3.32248e-05,0.0091171295,0.0026225541,7.2942e-06,0.0063263585,0.0002983043,0.0030316255,3.767248,1.66989,0.84328,0.558722,-0.307627,-0.738853,-0.21747
1403637252.53862,2.089429,-3.214377,0.206673,0.794844,-0.153505,0.579875,0.09167,0.0003779287,-1.26694e-05,-0.0001233598,8.154e-07,4.1343e-06,4.07435e-05,0.00895461,0.0025526432,7.2647e-06,0.0063103588,0.0002991594,0.0030335272,3.745721,1.601961,0.828954,0.548303,-0.314668,-0.746132,-0.208892
1403637252.58862,2.083777,-3.201331,0.197954,0.79625,-0.154562,0.577808,0.090745,0.0003765405,-1.33708e-05,-0.0001251617,8.607e-07,4.4441e-06,4.2083e-05,0.0089254352,0.0025345124,7.0087e-06,0.0062918809,0.0002967003,0.0030319895,3.74268,1.584543,0.821925,0.546487,-0.315978,-0.747271,-0.207601
1403637252.68862,2.072435,-3.170787,0.178147,0.800389,-0.158276,0.571733,0.086302,0.0003720765,-1.67288e-05,-0.0001305521,1.1375e-06,5.8712e-06,4.62972e-05,0.0088567503,0.002494676,6.6925e-06,0.0062671582,0.0002955937,0.0030320002,3.738162,1.550087,0.803744,0.541446,-0.320436,-0.750553,-0.202064
1403637252.73862,2.065563,-3.15696,0.167197,0.803192,-0.16115,0.567559,0.082405,0.0003687329,-1.96831e-05,-0.0001342149,1.4332e-06,7.1678e-06,4.93481e-05,0.0088250533,0.0024743417,6.3851e-06,0.0062500748,0.0002939869,0.0030312451,3.737183,1.533524,0.79359,0.538165,-0.323826,-0.752693,-0.197417
1403637252.83862,2.050988,-3.132241,0.148794,0.807806,-0.165035,0.560484,0.077912,0.000363228,-2.28808e-05,-0.0001400241,1.8235e-06,8.8261e-06,5.44866e-05,0.0087670333,0.0024346069,5.9015e-06,0.0062200778,0.000292738,0.0030313161,3.738101,1.503777,0.777861,0.532118,-0.328505,-0.75649,-0.191467
1403637252.88862,2.043376,-3.121849,0.143921,0.807232,-0.163195,0.561402,0.081069,0.0003644997,-2.02803e-05,-0.0001390272,1.5083e-06,7.7398e-06,5.35352e-05,0.0087449254,0.0024173765,5.5036e-06,0.0062035132,0.0002914283,0.0030308148,3.739602,1.491375,0.773678,0.532375,-0.326605,-0.75629,-0.194766
1403637253.03862,2.02324,-3.094781,0.143303,0.801518,-0.155993,0.569651,0.093447,0.0003719964,-1.08633e-05,-0.0001313704,6.994e-07,3.8363e-06,4.68996e-05,0.0086917938,0.0023706859,4.7763e-06,0.0061619466,0.0002898399,0.0030311058,3.746242,1.462047,0.775313,0.537909,-0.31836,-0.752193,-0.208588
1403637253.13862,2.014231,-3.06983,0.155819,0.798893,-0.154597,0.573084,0.09718,0.0003746634,-8.5232e-06,-0.0001281181,5.715e-07,2.9162e-06,4.4305e-05,0.0086462378,0.0023327492,1.3675e-06,0.0061161513,0.0002826216,0.0030268271,3.754138,1.443737,0.783304,0.540632,-0.316185,-0.749963,-0.212839
1403637253.38862,1.971438,-3.040818,0.160725,0.797423,-0.15509,0.57457,0.099668,0.0003759357,-7.5716e-06,-0.0001265975,5.366e-07,2.551e-06,4.3135e-05,0.0085515927,0.0022521381,3.626e-07,0.0060477098,0.0002812453,0.0030274146,3.778323,1.399864,0.790046,0.54169,-0.316249,-0.748433,-0.215424
1403637253.43862,1.963136,-3.035565,0.160464,0.796849,-0.156639,0.57524,0.097952,0.0003760521,-9.4091e-06,-0.0001262847,6.153e-07,3.162e-06,4.29086e-05,0.0085390173,0.0022433305,2.423e-07,0.0060380263,0.0002805204,0.0030263727,3.784453,1.391122,0.786817,0.542772,-0.317558,-0.747539,-0.213874
1403637253.48862,1.956018,-3.035111,0.158609,0.796569,-0.156491,0.575469,0.099111,0.000376316,-8.6734e-06,-0.0001258789,5.733e-07,2.9022e-06,4.25989e-05,0.0085246972,0.0022290196,-3.973e-07,0.006013414,0.0002784173,0.0030244377,3.791256,1.382591,0.781885,0.542941,-0.317128,-0.747307,-0.214889
1403637253.68862,1.909768,-3.016921,0.137958,0.797546,-0.153516,0.574061,0.103957,0.0003761273,-4.0299e-06,-0.0001264009,4.216e-07,1.3534e-06,4.29794e-05,0.0084933235,0.0021688745,-9.135e-07,0.0059395158,0.0002769204,0.0030242163,3.823301,1.347682,0.759267,0.540595,-0.314425,-0.748853,-0.21935
1403637253.78862,1.884298,-3.00842,0.13881,0.796551,-0.15016,0.575457,0.108661,0.0003775391,2.38e-07,-0.0001245597,3.775e-07,-8.07e-08,4.15959e-05,0.0084728973,0.0021343809,-1.2064e-06,0.0058976874,0.0002760323,0.0030236889,3.842259,1.329652,0.757773,0.541046,-0.310958,-0.748536,-0.224209
1403637253.88862,1.858747,-2.998272,0.145627,0.796197,-0.14908,0.575897,0.110399,0.0003779853,1.7652e-06,-0.0001239167,3.847e-07,-5.811e-07,4.11256e-05,0.0084490746,0.0020976111,-1.4227e-06,0.0058548777,0.0002752705,0.0030232156,3.861592,1.310077,0.762393,0.54118,-0.309806,-0.748372,-0.226017
1403637254.38862,1.703688,-2.903674,0.254851,0.805256,-0.126729,0.570719,0.09891,0.0003735337,5.9173e-06,-0.0001297226,4.887e-07,-2.0554e-06,4.55817e-05,0.0082531165,0.0018533303,-1.8622e-06,0.0056088616,0.000273133,0.003024697,3.963998,1.166276,0.865491,0.538588,-0.289666,-0.761803,-0.21372
1403637254.43862,1.689599,-2.889132,0.268354,0.806987,-0.123832,0.569442,0.09578,0.0003723075,5.5533e-06,-0.0001311514,4.711e-07,-1.9547e-06,4.67269e-05,0.0082103396,0.0018301783,-1.7322e-06,0.0055940311,0.0002735583,0.0030237391,3.974347,1.148161,0.879026,0.538048,-0.287118,-0.764069,-0.210401
1403637254.83862,1.565522,-2.774868,0.328113,0.80539,-0.110798,0.576093,0.084775,0.0003754427,3.777e-06,-0.000127239,4.375e-07,-1.2746e-06,4.36606e-05,0.0079689083,0.0016192921,-2.347e-06,0.0054243177,0.0002737463,0.0030255327,4.043794,0.997416,0.938072,0.546874,-0.273761,-0.765239,-0.200986
1403637254.88862,1.552981,-2.759716,0.329101,0.804118,-0.110588,0.578018,0.084028,0.000376482,3.125e-06,-0.000125747,4.182e-07,-1.0371e-06,4.25307e-05,0.0079335187,0.0015990467,-2.31e-06,0.0054105181,0.0002740905,0.0030243536,4.051546,0.977464,0.938998,0.548974,-0.27315,-0.76404,-0.20065
1403637254.93862,1.53965,-2.74442,0.328989,0.803219,-0.110801,0.579355,0.083124,0.0003771535,2.2636e-06,-0.0001247524,4.004e-07,-7.409e-07,4.17896e-05,0.0078990993,0.001576531,-2.3179e-06,0.0053941225,0.0002742752,0.0030235192,4.059144,0.957235,0.93855,0.550535,-0.273082,-0.763105,-0.200023
1403637254.98862,1.525637,-2.728883,0.327976,0.801888,-0.110521,0.581235,0.083222,0.0003782451,2.2109e-06,-0.000123175,3.953e-07,-7.115e-07,4.06314e-05,0.0078649515,0.0015528391,-2.3715e-06,0.0053765291,0.0002743821,0.0030228591,4.06679,0.936455,0.937253,0.552412,-0.272442,-0.761852,-0.200495
1403637255.03862,1.510739,-2.712839,0.325629,0.801962,-0.109963,0.581289,0.082879,0.0003781882,2.2471e-06,-0.0001231621,3.917e-07,-7.232e-07,4.06255e-05,0.0078310017,0.0015280634,-2.4968e-06,0.0053570995,0.0002742831,0.0030222551,4.07469,0.915118,0.934564,0.552584,-0.271839,-0.762025,-0.200183
1403637255.08862,1.495272,-2.696998,0.322932,0.801546,-0.108205,0.582404,0.081368,0.0003786922,1.9566e-06,-0.0001223959,3.846e-07,-6.238e-07,4.00712e-05,0.0077966206,0.0015025247,-2.6883e-06,0.0053374908,0.0002742763,0.0030217776,4.082733,0.893306,0.931978,0.554034,-0.269989,-0.761957,-0.198933
1403637255.28862,1.426384,-2.625206,0.320408,0.803094,-0.094846,0.584229,0.068705,0.0003788068,-3.37e-08,-0.0001221895,3.764e-07,2.32e-08,3.9922e-05,0.0076584227,0.0013927516,-4.0574e-06,0.005249136,0.0002737997,0.0030215121,4.116716,0.799235,0.930802,0.558507,-0.25719,-0.766149,-0.186928
1403637255.33862,1.408945,-2.607398,0.324879,0.80292,-0.091663,0.585345,0.065489,0.0003791818,-6.543e-07,-0.0001215941,3.752e-07,2.244e-07,3.94975e-05,0.0076222801,0.001363445,-4.3771e-06,0.0052263357,0.0002737248,0.0030212011,4.126259,0.774876,0.93496,0.560325,-0.253961,-0.766616,-0.183963
1403637255.38862,1.39055,-2.588999,0.329421,0.804037,-0.088573,0.584785,0.060883,0.0003784932,-2.0659e-06,-0.0001224704,3.836e-07,6.854e-07,4.01326e-05,0.0075861825,0.0013351365,-4.709e-06,0.0052050495,0.0002736769,0.0030209639,4.13633,0.749723,0.939266,0.560769,-0.251111,-0.768335,-0.179295
1403637255.48862,1.350859,-2.551854,0.335391,0.806044,-0.078552,0.584132,0.053966,0.0003776629,-1.6888e-06,-0.000123572,3.812e-07,5.724e-07,4.09396e-05,0.0075153931,0.0012766263,-5.3499e-06,0.0051612323,0.0002736882,0.003021236,4.157705,0.69805,0.945395,0.561594,-0.241648,-0.772343,-0.17237
1403637256.38862,0.957713,-2.169465,0.401079,-0.811161,-0.032147,-0.58388,0.008247,0.0003758748,9.88e-06,-0.0001259297,6.856e-07,-3.269e-06,4.27343e-05,0.0069127968,0.0007624957,-1.80356e-05,0.0048176232,0.0002753659,0.0030414856,4.362441,0.167128,1.022802,0.573908,-0.133874,-0.800196,-0.111332
1403637256.43862,0.923479,-2.14037,0.402538,-0.810651,-0.033166,-0.584547,0.007029,0.0003761612,1.11375e-05,-0.0001253777,7.524e-07,-3.6698e-06,4.23282e-05,0.0068693394,0.0007248343,-1.98499e-05,0.004787679,0.0002759343,0.0030404927,4.373308,0.134656,1.026184,0.574232,-0.132692,-0.799981,-0.11261
1403637256.48862,0.895049,-2.113905,0.404396,-0.810112,-0.033038,-0.585311,0.006178,0.0003766073,1.16279e-05,-0.0001246865,7.798e-07,-3.8061e-06,4.18177e-05,0.0068228634,0.0006861603,-2.14138e-05,0.0047603857,0.0002761102,0.0030403782,4.384343,0.101591,1.028233,0.574758,-0.132637,-0.799479,-0.113551
1403637256.93863,0.659679,-1.872234,0.350831,-0.819976,-0.012198,-0.571731,0.024796,0.0003684292,-1.02847e-05,-0.000135188,7.234e-07,3.8305e-06,5.01741e-05,0.0065268836,0.0004350833,-3.37708e-05,0.0046248343,0.0002786936,0.003054727,4.487873,-0.207923,0.986687,0.565213,-0.155078,-0.804948,-0.092444
1403637256.98863,0.633455,-1.843045,0.348016,-0.818819,-0.015574,-0.573292,0.02508,0.0003695249,-8.8976e-06,-0.0001339414,6.473e-07,3.2827e-06,4.91123e-05,0.0064796573,0.0004083636,-3.34088e-05,0.0046084192,0.0002785405,0.0030523681,4.49826,-0.240174,0.980802,0.566813,-0.151582,-0.804488,-0.092456
1403637257.03863,0.607729,-1.816057,0.345952,-0.817007,-0.021345,-0.5757,0.024767,0.0003711806,-6.0101e-06,-0.0001320577,5.282e-07,2.196e-06,4.75377e-05,0.006437983,0.0003847177,-3.17749e-05,0.0045934635,0.0002771652,0.0030490731,4.509082,-0.272239,0.97674,0.569107,-0.145585,-0.803889,-0.093238
1403637257.08863,0.58913,-1.787564,0.343121,-0.815572,-0.026695,-0.577506,0.024837,0.0003723752,-3.6163e-06,-0.000130626,4.643e-07,1.3267e-06,4.63685e-05,0.0063986139,0.000361953,-2.96227e-05,0.0045795037,0.0002763111,0.0030462167,4.517453,-0.303363,0.97432,0.570912,-0.140026,-0.803572,-0.093415
1403637257.13863,0.565433,-1.76272,0.341656,-0.814771,-0.031705,-0.57838,0.024887,0.0003729417,-1.2934e-06,-0.0001299262,4.328e-07,5.09e-07,4.58067e-05,0.006362684,0.0003430812,-3.03322e-05,0.0045718232,0.0002765477,0.0030462888,4.52768,-0.334748,0.973592,0.571806,-0.134952,-0.803796,-0.093506
1403637257.48862,0.401031,-1.582284,0.384498,-0.816632,-0.054623,-0.573814,0.029429,0.0003701353,5.9402e-06,-0.0001332701,5.304e-07,-2.0796e-06,4.8527e-05,0.006179485,0.000207275,-3.068e-05,0.0045073009,0.0002731252,0.0030444425,4.59591,-0.553715,1.009286,0.568465,-0.112434,-0.81025,-0.087759
1403637257.53862,0.378932,-1.559636,0.391823,-0.816835,-0.057921,-0.573279,0.027868,0.0003695424,8.4634e-06,-0.0001338022,6.252e-07,-3.0057e-06,4.89811e-05,0.0061383046,0.0001957251,-2.95037e-05,0.0045009581,0.0002731852,0.0030424011,4.605221,-0.585002,1.014461,0.567667,-0.109314,-0.811077,-0.089224
1403637257.63862,0.335763,-1.509177,0.39806,-0.819523,-0.058504,-0.569217,0.030852,0.0003670424,6.5171e-06,-0.0001368265,5.466e-07,-2.3689e-06,5.15426e-05,0.0060899783,0.000164969,-3.06781e-05,0.0044886111,0.0002733358,0.0030424877,4.62291,-0.648695,1.019336,0.564369,-0.109264,-0.813786,-0.085459
1403637257.98862,0.203401,-1.321204,0.376089,-0.828735,-0.074011,-0.552364,0.051132,0.0003566836,-9.143e-07,-0.0001481199,4.475e-07,4.51e-07,6.20604e-05,0.0059350568,8.11331e-05,-3.32205e-05,0.0044566992,0.0002699497,0.0030416972,4.66092,-0.875624,0.993513,0.552161,-0.095815,-0.825885,-0.062093
1403637258.08862,0.187649,-1.264361,0.358961,-0.827939,-0.085436,-0.550732,0.062542,0.0003561896,-3.5464e-06,-0.0001485036,4.789e-07,1.5482e-06,6.24379e-05,0.0058799325,7.4217e-05,-2.56046e-05,0.0044413563,0.0002674041,0.0030347435,4.661375,-0.939088,0.980015,0.552976,-0.084188,-0.827419,-0.050156
1403637258.13862,0.176988,-1.234745,0.354816,-0.825827,-0.093378,-0.551926,0.068327,0.0003574585,-3.5191e-06,-0.0001472266,4.791e-07,1.5192e-06,6.11526e-05,0.0058567457,7.21391e-05,-2.49853e-05,0.0044424954,0.000267502,0.0030340471,4.659684,-0.970382,0.975814,0.555309,-0.075954,-0.826967,-0.044701
1403637258.38862,0.140821,-1.087556,0.349502,-0.808951,-0.131532,-0.566211,0.087761,0.0003690128,2.9495e-06,-0.0001346836,4.855e-07,-1.01e-06,4.96499e-05,0.0057673183,4.43434e-05,-2.63954e-05,0.0044465103,0.0002671814,0.0030359742,4.636438,-1.120492,0.970962,0.573276,-0.034855,-0.818133,-0.028317
1403637258.43862,0.134974,-1.057707,0.344271,-0.807886,-0.133992,-0.566246,0.093441,0.0003696249,5.635e-07,-0.0001339833,4.63e-07,-1.361e-07,4.90544e-05,0.0057489343,4.27638e-05,-2.63555e-05,0.0044482707,0.0002670365,0.0030353789,4.6308,-1.150059,0.966614,0.574473,-0.032139,-0.81758,-0.022694
1403637259.08862,0.085085,-0.726058,0.249063,-0.803653,-0.133016,-0.568512,0.115079,0.0003733238,-1.30512e-05,-0.000128991,9.404e-07,4.5877e-06,4.50719e-05,0.0056192066,1.01342e-05,-3.31914e-05,0.0044699225,0.0002650228,0.0030437991,4.558083,-1.477674,0.864877,0.581145,-0.031749,-0.81318,-0.001588
1403637259.13862,0.082796,-0.707818,0.249265,-0.803257,-0.132696,-0.569192,0.114846,0.000373655,-1.29251e-05,-0.0001285847,9.286e-07,4.5273e-06,4.47457e-05,0.0056110857,1.25351e-05,-3.19067e-05,0.0044700148,0.0002645938,0.0030417438,4.553215,-1.49774,0.867492,0.581741,-0.031864,-0.812748,-0.001898
1403637259.43862,0.065125,-0.604702,0.289058,-0.803245,-0.124293,-0.570231,0.119103,0.0003743624,-1.92753e-05,-0.0001269842,1.484e-06,6.624e-06,4.35765e-05,0.0056030947,6.0343e-06,-3.37504e-05,0.0044796258,0.0002644133,0.0030442886,4.53498,-1.601469,0.908878,0.583568,-0.039867,-0.811084,0.002136
1403637259.48862,0.062038,-0.592562,0.291993,-0.803083,-0.120558,-0.570352,0.123378,0.0003744924,-2.36831e-05,-0.0001260682,1.9883e-06,8.0606e-06,4.29357e-05,0.0055958336,6.0526e-06,-3.31175e-05,0.0044777403,0.0002646293,0.0030428222,4.533416,-1.61596,0.913861,0.58453,-0.043366,-0.810189,0.006375
1403637259.58862,0.039239,-0.580797,0.294352,-0.802879,-0.117332,-0.570438,0.127353,0.0003744091,-2.76258e-05,-0.000125273,2.5182e-06,9.3236e-06,4.23894e-05,0.0055519172,1.38901e-05,-2.98665e-05,0.0044444684,0.000261951,0.003039008,4.532019,-1.640516,0.921158,0.585304,-0.046727,-0.809404,0.010089
1403637259.63862,0.037685,-0.572045,0.295988,-0.802516,-0.117176,-0.571166,0.126515,0.000374867,-2.71152e-05,-0.0001247725,2.4413e-06,9.1058e-06,4.19999e-05,0.0055499153,1.24795e-05,-2.93217e-05,0.004443612,0.0002617182,0.003038274,4.532041,-1.650435,0.923912,0.585863,-0.046706,-0.80901,0.009226
1403637260.03862,0.016689,-0.541371,0.283868,-0.803128,-0.122154,-0.571204,0.117431,0.0003747587,-1.91456e-05,-0.0001265006,1.4744e-06,6.5444e-06,4.31857e-05,0.0055490148,1.44559e-05,-3.02859e-05,0.0044487726,0.0002612562,0.0030405749,4.542864,-1.69004,0.914044,0.584,-0.041844,-0.810675,0.000437
1403637260.08862,0.012901,-0.548363,0.279485,-0.80222,-0.123753,-0.572556,0.115361,0.0003754688,-1.68057e-05,-0.0001258519,1.2442e-06,5.7108e-06,4.26551e-05,0.0055377963,1.16924e-05,-2.86814e-05,0.0044412885,0.0002607877,0.0030382067,4.545571,-1.690813,0.908545,0.584804,-0.039993,-0.810187,-0.001917
1403637260.23862,-0.002528,-0.559354,0.25523,-0.803438,-0.131627,-0.570992,0.105493,0.0003739326,-7.2607e-06,-0.0001287079,6.332e-07,2.5733e-06,4.47699e-05,0.0055318781,7.7891e-06,-2.68841e-05,0.0044350426,0.000261827,0.0030364989,4.556333,-1.689144,0.885101,0.581203,-0.032575,-0.813029,-0.011351
1403637260.28862,-0.006572,-0.562349,0.245842,-0.803286,-0.134351,-0.571204,0.102016,0.0003737993,-3.846e-06,-0.0001289904,5.317e-07,1.4012e-06,4.49765e-05,0.005530495,7.532e-06,-2.61068e-05,0.0044341115,0.000261343,0.0030355719,4.560591,-1.688181,0.876087,0.58069,-0.029902,-0.813442,-0.014807
1403637260.33862,-0.011795,-0.566511,0.236482,-0.802927,-0.137593,-0.571632,0.098048,0.0003736438,2.422e-07,-0.0001292088,4.897e-07,-1.3e-08,4.51377e-05,0.0055256205,8.7985e-06,-2.44513e-05,0.0044318019,0.0002607171,0.0030343911,4.565324,-1.687073,0.866733,0.580279,-0.026677,-0.813766,-0.018819
1403637260.63862,-0.047487,-0.582498,0.173761,-0.812009,-0.14585,-0.558044,0.089197,0.0003636117,7.2569e-06,-0.0001406062,6.277e-07,-2.7328e-06,5.4847e-05,0.0055165501,3.5907e-06,-2.41239e-05,0.0044152142,0.0002606086,0.0030310318,4.594023,-1.691838,0.801722,0.565252,-0.020664,-0.824282,-0.025023
1403637260.68862,-0.05732,-0.580372,0.162571,-0.813338,-0.145427,-0.556122,0.089779,0.0003623231,6.3025e-06,-0.0001419137,5.819e-07,-2.3939e-06,5.60549e-05,0.0055124639,3.0838e-06,-2.33288e-05,0.0044121395,0.0002603601,0.0030298545,4.597161,-1.695333,0.790263,0.563541,-0.021526,-0.825456,-0.024121
1403637261.08862,-0.090585,-0.547046,0.073601,-0.802894,-0.141975,-0.570475,0.098809,0.0003728002,1.5776e-06,-0.0001298348,4.961e-07,-4.665e-07,4.56883e-05,0.0055029979,1.5297e-06,-2.26719e-05,0.0044127423,0.0002606373,0.0030300414,4.608396,-1.739762,0.701098,0.579489,-0.022755,-0.814461,-0.018171
1403637261.13862,-0.097863,-0.53617,0.063052,-0.806379,-0.142214,-0.565533,0.098493,0.0003696034,9.454e-07,-0.000133604,4.819e-07,-2.604e-07,4.87598e-05,0.0054952516,1.299e-07,-2.35464e-05,0.0044105024,0.0002602653,0.0030286032,4.609915,-1.746626,0.689236,0.574811,-0.023358,-0.817768,-0.017455
1403637261.18862,-0.102216,-0.531163,0.050888,-0.809959,-0.143162,-0.560392,0.097118,0.0003659134,1.4385e-06,-0.0001378463,4.841e-07,-4.593e-07,5.23951e-05,0.0054911878,-1.047e-07,-2.35192e-05,0.0044102412,0.0002601053,0.0030283621,4.611457,-1.753744,0.677842,0.569521,-0.023151,-0.821461,-0.017749
1403637261.23862,-0.105901,-0.525446,0.039551,-0.813447,-0.143664,-0.555308,0.096426,0.0003624084,1.2505e-06,-0.0001416927,4.823e-07,-4.048e-07,5.58669e-05,0.0054885529,-3.389e-07,-2.35247e-05,0.0044099469,0.0002599345,0.0030281432,4.612684,-1.761215,0.667136,0.564398,-0.023359,-0.824992,-0.017361
1403637261.58862,-0.123457,-0.473091,0.00372,-0.812514,-0.13831,-0.556852,0.102991,0.0003641895,-4.9819e-06,-0.0001396584,5.593e-07,2.0022e-06,5.40367e-05,0.0054787844,-1.506e-07,-2.41735e-05,0.0044111135,0.00025916,0.0030282557,4.60398,-1.815625,0.630475,0.567259,-0.028406,-0.822975,-0.011199
1403637261.68862,-0.123729,-0.459224,0.001022,-0.818385,-0.140405,-0.548315,0.099414,0.0003579642,-3.1778e-06,-0.0001462866,5.191e-07,1.3921e-06,6.02713e-05,0.0054758822,3.9e-07,-2.41114e-05,0.0044111019,0.0002590086,0.0030281874,4.597872,-1.829378,0.627407,0.558195,-0.027565,-0.829155,-0.012956
1403637262.33861,-0.074985,-0.361174,-0.022242,-0.787593,-0.106092,-0.590785,0.139336,0.0003854977,-3.75147e-05,-0.0001052802,4.1813e-06,1.03562e-05,2.92396e-05,0.0054719011,4.9095e-06,-2.45479e-05,0.0044111983,0.0002588417,0.0030308686,4.520958,-1.901071,0.593342,0.607873,-0.05484,-0.792088,0.017807
1403637262.38861,-0.077328,-0.364409,-0.021764,-0.788258,-0.12649,-0.592043,0.11016,0.000386239,-9.4037e-06,-0.0001101673,7.51e-07,2.7871e-06,3.19115e-05,0.0054717039,5.22e-06,-2.44194e-05,0.0044113324,0.0002588388,0.0030311773,4.524957,-1.899364,0.594445,0.603462,-0.035046,-0.796637,-0.010909
1403637262.43861,-0.076154,-0.368532,-0.023753,-0.797392,-0.113064,-0.584294,0.099919,0.0003808082,-1.06347e-05,-0.0001183273,8.124e-07,3.4144e-06,3.72679e-05,0.0054710334,5.2611e-06,-2.42277e-05,0.0044119226,0.0002588681,0.0030314295,4.528071,-1.895825,0.592982,0.593767,-0.04974,-0.8029,-0.019465
1403637262.73861,-0.077102,-0.375826,-0.036105,-0.797834,-0.086308,-0.587684,0.103148,0.0003817799,-2.49572e-05,-0.0001147926,2.1587e-06,7.6248e-06,3.50397e-05,0.0054744988,7.3214e-06,-2.31698e-05,0.0044170816,0.0002590321,0.0030351754,4.536042,-1.891578,0.584784,0.597575,-0.076072,-0.798021,-0.016861
1403637262.88861,-0.073045,-0.37526,-0.036119,-0.794719,-0.085462,-0.591321,0.107033,0.000383893,-2.73773e-05,-0.0001110225,2.4873e-06,8.0394e-06,3.2634e-05,0.0054758958,8.8014e-06,-2.24889e-05,0.004419067,0.0002591168,0.0030367198,4.536355,-1.891668,0.585267,0.601924,-0.076182,-0.794793,-0.013717
1403637262.93861,-0.071048,-0.375475,-0.03311,-0.793835,-0.085818,-0.592772,0.105275,0.0003847146,-2.59505e-05,-0.0001100682,2.2843e-06,7.5452e-06,3.20152e-05,0.0054748778,9.3379e-06,-2.23515e-05,0.0044179721,0.0002591427,0.0030362388,4.537164,-1.890626,0.585626,0.60299,-0.075601,-0.794004,-0.015704
1403637262.98861,-0.068132,-0.373811,-0.031801,-0.794334,-0.085232,-0.591914,0.106802,0.0003842176,-2.729e-05,-0.0001105378,2.4735e-06,7.9726e-06,3.23255e-05,0.0054741368,9.6361e-06,-2.2296e-05,0.0044176166,0.0002590946,0.0030360673,4.536586,-1.891074,0.58554,0.602456,-0.076201,-0.794383,-0.014016
1403637263.13861,-0.062997,-0.372621,-0.0309,-0.794335,-0.085275,-0.591992,0.106326,0.0003842828,-2.69596e-05,-0.0001105564,2.4332e-06,7.8788e-06,3.23374e-05,0.0054756132,1.09964e-05,-2.16645e-05,0.0044193249,0.0002591864,0.0030375329,4.536425,-1.890805,0.585848,0.602441,-0.07609,-0.794398,-0.014424
1403637263.18861,-0.060748,-0.371975,-0.029104,-0.794256,-0.085507,-0.592184,0.105664,0.0003843985,-2.64165e-05,-0.0001105061,2.3574e-06,7.7166e-06,3.22983e-05,0.0054745697,1.1057e-05,-2.17661e-05,0.0044186845,0.0002591203,0.0030371128,4.536365,-1.890509,0.585949,0.602502,-0.075773,-0.794369,-0.015089
1403637263.23861,-0.058818,-0.37075,-0.027757,-0.794498,-0.085084,-0.591779,0.106444,0.0003841501,-2.71559e-05,-0.0001107214,2.4627e-06,7.95e-06,3.24427e-05,0.0054736586,1.11027e-05,-2.18581e-05,0.0044182569,0.0002590566,0.0030368462,4.536236,-1.890835,0.585878,0.60226,-0.07618,-0.79453,-0.014202
1403637263.28861,-0.057066,-0.370124,-0.026484,-0.794466,-0.085263,-0.59191,0.10581,0.0003842301,-2.66619e-05,-0.0001107169,2.3937e-06,7.8059e-06,3.24334e-05,0.0054728504,1.11303e-05,-2.19369e-05,0.0044179589,0.0002589998,0.0030366651,4.536277,-1.890604,0.585973,0.602263,-0.075943,-0.79454,-0.014806
1403637263.33861,-0.055475,-0.369414,-0.025425,-0.794435,-0.085146,-0.591946,0.105937,0.0003842437,-2.67954e-05,-0.0001106647,2.4133e-06,7.8409e-06,3.24022e-05,0.0054721169,1.11563e-05,-2.20084e-05,0.0044177519,0.0002589509,0.0030365432,4.536319,-1.890595,0.586052,0.602328,-0.075995,-0.794488,-0.014655
1403637263.38861,-0.058215,-0.375348,-0.020888,-0.794523,-0.085353,-0.591764,0.106131,0.0003840417,-2.69078e-05,-0.0001106988,2.402e-06,7.8722e-06,3.24283e-05,0.0054630698,2.4296e-06,-2.60579e-05,0.0044061606,0.0002582728,0.003027642,4.536111,-1.890747,0.586042,0.602272,-0.076033,-0.794529,-0.014533
1403637263.43861,-0.061082,-0.37546,-0.02147,-0.794636,-0.08516,-0.591659,0.106021,0.0003839066,-2.69843e-05,-0.0001108406,2.4111e-06,7.9052e-06,3.25189e-05,0.0054615567,2.1145e-06,-2.60025e-05,0.0044060614,0.0002581484,0.0030273868,4.536196,-1.890788,0.585975,0.602189,-0.076129,-0.794585,-0.014398
1403637263.48861,-0.060344,-0.375116,-0.021729,-0.794585,-0.085333,-0.591781,0.10558,0.000383963,-2.65415e-05,-0.0001108449,2.3487e-06,7.7766e-06,3.25171e-05,0.0054607837,1.9495e-06,-2.59655e-05,0.0044061051,0.0002581361,0.0030273507,4.536233,-1.890687,0.585998,0.602221,-0.075922,-0.794573,-0.014808
1403637263.63861,-0.06025,-0.373966,-0.021739,-0.794695,-0.084933,-0.591654,0.105795,0.0003838688,-2.69377e-05,-0.0001108959,2.407e-06,7.8958e-06,3.25582e-05,0.0054592614,1.6427e-06,-2.56962e-05,0.0044058133,0.0002582744,0.0030272891,4.536376,-1.890882,0.585839,0.602166,-0.076184,-0.794598,-0.014347
1403637263.68861,-0.060331,-0.373957,-0.022202,-0.794702,-0.085001,-0.591663,0.105631,0.0003838586,-2.67525e-05,-0.000110936,2.3799e-06,7.845e-06,3.25815e-05,0.0054582626,1.4949e-06,-2.56361e-05,0.0044058342,0.0002582747,0.0030272028,4.536356,-1.890813,0.585806,0.602137,-0.076091,-0.794628,-0.014433
1403637263.93861,-0.058816,-0.373805,-0.021352,-0.794772,-0.084878,-0.591599,0.105568,0.0003838418,-2.67994e-05,-0.0001109877,2.3968e-06,7.8652e-06,3.26256e-05,0.0054579953,1.4727e-06,-2.54842e-05,0.0044059226,0.0002583284,0.0030273453,4.536275,-1.890914,0.585913,0.602083,-0.07622,-0.794657,-0.014398
1403637263.98861,-0.059446,-0.373831,-0.021645,-0.794776,-0.084816,-0.59158,0.105691,0.0003838108,-2.68979e-05,-0.0001109835,2.4092e-06,7.8943e-06,3.26246e-05,0.005456713,1.3393e-06,-2.53867e-05,0.0044059125,0.0002583221,0.0030272675,4.536326,-1.890912,0.585922,0.60209,-0.076304,-0.794646,-0.014239
1403637264.08861,-0.059783,-0.373819,-0.021846,-0.794832,-0.084877,-0.591505,0.10564,0.0003837652,-2.68478e-05,-0.0001110543,2.4039e-06,7.8866e-06,3.26719e-05,0.0054557744,1.2446e-06,-2.52657e-05,0.0044059374,0.0002583316,0.0030272396,4.536375,-1.890902,0.585856,0.602014,-0.076281,-0.794706,-0.014221
1403637264.13861,-0.060284,-0.373756,-0.022152,-0.794824,-0.084738,-0.591498,0.105852,0.0003837385,-2.70394e-05,-0.0001110223,2.4298e-06,7.9409e-06,3.26548e-05,0.0054547137,1.1152e-06,-2.52005e-05,0.0044059163,0.0002583226,0.0030271482,4.536461,-1.890991,0.585892,0.602049,-0.076442,-0.794669,-0.013969
1403637264.18861,-0.060685,-0.373802,-0.022416,-0.794795,-0.084894,-0.591568,0.105551,0.0003837719,-2.67663e-05,-0.0001110108,2.3902e-06,7.8608e-06,3.26449e-05,0.0054537891,9.977e-07,-2.51421e-05,0.0044058912,0.0002583181,0.0030270614,4.536479,-1.890878,0.585925,0.602058,-0.076311,-0.794669,-0.014248
1403637264.23861,-0.060934,-0.373659,-0.022699,-0.794877,-0.084763,-0.591425,0.10584,0.0003836704,-2.70223e-05,-0.0001110849,2.4259e-06,7.9428e-06,3.2696e-05,0.0054529523,8.859e-07,-2.50884e-05,0.0044058679,0.0002583126,0.0030269784,4.53642,-1.890945,0.585876,0.601971,-0.076483,-0.794725,-0.013903
1403637264.28861,-0.061072,-0.373658,-0.022933,-0.79484,-0.084847,-0.591487,0.105707,0.0003836976,-2.68895e-05,-0.0001110525,2.4064e-06,7.902e-06,3.26748e-05,0.0054521887,7.791e-07,-2.50381e-05,0.0044058405,0.0002583082,0.0030268948,4.536351,-1.890828,0.585888,0.601999,-0.076414,-0.794709,-0.014011
