timestamp,p_x,p_y,p_z,q_x,q_y,q_z,q_w,Pr11,Pr12,Pr13,Pr22,Pr23,Pr33,Pt11,Pt12,Pt13,Pt22,Pt23,Pt33,gt_p_x,gt_p_y,gt_p_z,gt_q_w,gt_q_x,gt_q_y,gt_q_z
1403638539.62553,0.098703,0.008195,0.147399,0.823169,0.004752,0.567774,0.001582,0.0009054882,-1.48851e-05,-0.0002244954,0.0002906756,-1.15633e-05,0.0003584503,0.0034314604,4.11807e-05,3.36386e-05,0.0026151692,8.2418e-06,0.0028308144,4.647636,-1.612945,0.691079,0.19537,-0.774616,-0.277111,-0.533864
1403638539.6757,0.111384,0.008859,0.161817,0.823422,0.004869,0.567408,0.000543,0.0009360287,-9.1592e-06,-0.0002322438,0.0003095295,-1.79771e-05,0.0003897177,0.0031100477,2.92755e-05,7.15682e-05,0.0026550603,1.4355e-05,0.0028254587,4.651655,-1.609402,0.704397,0.196074,-0.774732,-0.277305,-0.533336
1403638539.87574,0.155588,0.010612,0.192314,-0.827122,-0.008162,-0.561962,0.001355,0.0010723761,-1.6281e-06,-0.0002494698,0.0004377834,-2.78595e-05,0.0005334468,0.0036508726,-4.0368e-06,0.0001939809,0.003262009,4.15978e-05,0.0030029138,4.668358,-1.592791,0.733502,0.194366,-0.777312,-0.281,-0.52825
1403638540.02574,0.194531,0.013528,0.208309,-0.834645,-0.008575,-0.550715,0.002859,0.0012075292,-6.9914e-06,-0.0002774557,0.0005544358,-3.37517e-05,0.0006711541,0.0051176432,-6.8026e-05,0.0002819274,0.0045462342,7.8129e-05,0.0031886969,4.68429,-1.576224,0.747905,0.191883,-0.784201,-0.283949,-0.517289
1403638540.07574,0.210072,0.014512,0.213504,-0.83759,-0.009182,-0.546217,0.002445,0.0012543633,-7.0303e-06,-0.0002876669,0.0005965433,-3.66654e-05,0.0007214185,0.0058753402,-0.0001045203,0.0003156746,0.0052305956,9.36108e-05,0.0032615222,4.690694,-1.569647,0.752211,0.189945,-0.786731,-0.28558,-0.513246
1403638540.12574,0.22735,0.015722,0.218296,-0.840529,-0.009079,-0.541684,0.002626,0.0013024356,-8.4083e-06,-0.0002979751,0.0006402248,-3.91114e-05,0.0007735541,0.0068090339,-0.0001510673,0.0003497044,0.0060841593,0.0001111821,0.0033402263,4.698212,-1.561875,0.756159,0.188613,-0.789492,-0.286408,-0.509019
1403638540.17573,0.245251,0.023197,0.223753,-0.841465,-0.010308,-0.540212,0.001374,0.0012404305,3.61921e-05,-0.0005528761,0.0006641304,5.79382e-05,0.0002856895,0.0077837124,0.0005979897,0.000415078,0.002753719,-2.06241e-05,0.0034186508,4.707094,-1.552799,0.76035,0.187741,-0.790266,-0.287366,-0.507596
1403638540.27884,0.216282,0.00224,0.255137,-0.829418,-0.011281,-0.558481,0.006145,0.0013380226,8.7147e-06,-0.0005906504,3.60382e-05,7.902e-07,0.0002758593,0.003283272,7.60558e-05,0.0002858748,0.0026232314,-0.0001056753,0.0032194959,4.729167,-1.530759,0.770746,0.189836,-0.785952,-0.286909,-0.513739
1403638540.32884,0.232396,0.001745,0.263391,-0.8257,-0.011546,-0.563957,0.006302,0.0014427612,-2.244e-06,-0.0005663971,3.84055e-05,5.7011e-06,0.0002377207,0.0033984909,8.06647e-05,0.0003294084,0.0026294451,-0.0001330745,0.0032925182,4.741851,-1.51817,0.776226,0.191411,-0.782869,-0.28607,-0.518313
1403638540.37884,0.248214,0.001284,0.270739,-0.822445,-0.012863,-0.568662,0.006441,0.0015104217,2.35e-08,-0.0005743086,4.0712e-05,5.0666e-06,0.0002343757,0.0035131522,9.19112e-05,0.0003656024,0.0026499576,-0.0001575354,0.0033622343,4.755082,-1.50488,0.780884,0.192857,-0.779639,-0.286299,-0.522498
1403638540.52678,0.249461,0.005475,0.253751,-0.817738,-0.00613,-0.575557,0.000825,0.0011066923,5.81168e-05,-0.0003829904,3.86822e-05,-1.74192e-05,0.0001469905,0.0034487074,0.0001051972,0.0002361687,0.002692923,-0.000163247,0.0031926058,4.796353,-1.459722,0.792166,0.200454,-0.773338,-0.295461,-0.5239
1403638540.58367,0.254507,0.018225,0.228282,-0.817295,-0.009064,-0.576147,0.000681,0.0011087035,6.36633e-05,-0.0003812336,3.76986e-05,-1.97653e-05,0.0001431342,0.0035013784,0.0001276444,0.0002265603,0.0026675359,-7.90023e-05,0.0029937943,4.812022,-1.441271,0.795877,0.204797,-0.770588,-0.301958,-0.522569
1403638540.63,0.152247,0.013803,0.1382,-0.815512,-0.037881,-0.577106,0.021289,0.0003708261,6.2699e-06,-0.000128346,1.37119e-05,-1.5363e-06,5.44888e-05,0.0027809472,1.75454e-05,3.07691e-05,0.0026145812,-2.74776e-05,0.0026634316,4.824963,-1.425525,0.798785,0.208763,-0.767997,-0.308259,-0.521134
1403638540.6801,0.16163,0.012926,0.137109,-0.814409,-0.046158,-0.57792,0.024829,0.0003698555,7.011e-06,-0.0001265373,1.0647e-05,-2.0324e-06,5.27382e-05,0.0027281169,2.15759e-05,4.9562e-06,0.0026004662,-2.80795e-05,0.0026446614,4.839649,-1.407349,0.802054,0.212219,-0.764149,-0.317153,-0.52006
1403638540.73023,0.174155,0.012459,0.137524,-0.812298,-0.057225,-0.579723,0.028605,0.0003702904,9.3323e-06,-0.0001243656,9.95e-06,-2.7124e-06,5.09802e-05,0.002720057,2.28143e-05,1.2299e-06,0.002606321,-2.75594e-05,0.0026390016,4.854488,-1.388344,0.805776,0.215959,-0.758727,-0.327526,-0.520031
1403638540.97932,0.22122,0.024416,0.143771,-0.806523,-0.123592,-0.575219,0.058035,0.0003662227,1.8375e-05,-0.000123513,8.6435e-06,-5.5404e-06,4.86285e-05,0.0026788993,3.17115e-05,-3.68038e-05,0.0025779845,-1.92245e-05,0.0026304848,4.921731,-1.27937,0.819096,0.241923,-0.730074,-0.387354,-0.508367
1403638541.07955,0.22044,0.039658,0.149405,-0.803664,-0.144512,-0.57269,0.072572,0.0003642112,1.71313e-05,-0.0001255266,7.7258e-06,-5.377e-06,4.98701e-05,0.0026646148,3.02424e-05,-4.50039e-05,0.0025773972,-2.00433e-05,0.002629959,4.944115,-1.229997,0.820965,0.254574,-0.720282,-0.404219,-0.503008
1403638541.22955,0.239503,0.065433,0.135716,-0.799856,-0.162427,-0.571367,0.085953,0.0003642374,1.66159e-05,-0.0001269167,8.1439e-06,-5.1964e-06,5.11719e-05,0.0026890161,3.82345e-05,-5.20607e-05,0.0025946253,-2.69822e-05,0.002643963,4.973551,-1.151282,0.81641,0.266223,-0.711101,-0.420062,-0.497001
1403638541.27945,0.246901,0.074355,0.13141,-0.799099,-0.165667,-0.57123,0.087706,0.0003641168,1.70848e-05,-0.0001262239,8.2103e-06,-5.454e-06,5.05569e-05,0.0026834078,4.08455e-05,-5.26913e-05,0.0026018634,-3.05182e-05,0.0026454808,4.982182,-1.123799,0.814746,0.267893,-0.709084,-0.423257,-0.496275
1403638541.32934,0.250123,0.084711,0.129401,-0.798777,-0.167954,-0.57064,0.090095,0.0003641105,1.64764e-05,-0.0001264735,8.2517e-06,-5.2836e-06,5.07543e-05,0.0026919986,4.44729e-05,-5.44832e-05,0.0026103318,-3.40423e-05,0.0026503584,4.990031,-1.095476,0.814943,0.269636,-0.708193,-0.425166,-0.494968
1403638541.37925,0.252499,0.095119,0.13007,-0.798457,-0.169559,-0.570414,0.091347,0.0003643057,1.64563e-05,-0.0001263851,8.307e-06,-5.3245e-06,5.06377e-05,0.0027017291,4.77017e-05,-5.60887e-05,0.0026177403,-3.74879e-05,0.0026553228,4.997017,-1.066494,0.816618,0.270431,-0.707464,-0.426464,-0.494459
1403638541.42922,0.254003,0.104852,0.133623,-0.798692,-0.169509,-0.569771,0.093376,0.0003644848,1.51971e-05,-0.0001264953,8.1736e-06,-4.9748e-06,5.05984e-05,0.0027113466,4.96364e-05,-5.73293e-05,0.0026239555,-4.02852e-05,0.0026598182,5.003202,-1.037157,0.819162,0.271679,-0.707793,-0.42626,-0.493481
1403638541.52887,0.263361,0.136836,0.137652,-0.797257,-0.171555,-0.57129,0.092619,0.0003653798,1.61379e-05,-0.0001247217,8.14e-06,-5.4833e-06,4.8782e-05,0.0027149418,4.68312e-05,-5.52357e-05,0.0026326953,-4.44936e-05,0.0026692462,5.012548,-0.976676,0.828906,0.271188,-0.706451,-0.426488,-0.495472
1403638541.57895,0.264124,0.152544,0.144451,-0.796403,-0.172301,-0.572149,0.093273,0.0003658586,1.68174e-05,-0.0001242664,8.1482e-06,-5.8433e-06,4.82998e-05,0.0027244075,4.37502e-05,-5.32412e-05,0.0026392636,-4.67395e-05,0.002673756,5.015932,-0.944613,0.836455,0.271872,-0.705636,-0.42659,-0.49617
1403638541.62984,0.274828,0.146117,0.197009,-0.797387,-0.174838,-0.569528,0.096143,0.0003660515,1.76363e-05,-0.0001234861,7.3769e-06,-6.232e-06,4.7195e-05,0.0027105009,2.53025e-05,-4.88961e-05,0.0026252177,-3.62939e-05,0.0026582626,5.018461,-0.910657,0.845931,0.27289,-0.704138,-0.42795,-0.496569
1403638541.77949,0.286906,0.189908,0.237973,-0.794488,-0.18176,-0.568664,0.111239,0.000366428,1.06054e-05,-0.0001246251,6.8312e-06,-3.8759e-06,4.77084e-05,0.0027487017,2.06226e-05,-4.8286e-05,0.0026392573,-3.3471e-05,0.0026640935,5.017851,-0.80442,0.885281,0.285443,-0.699407,-0.433216,-0.49161
1403638541.82947,0.315138,0.196799,0.261752,-0.794601,-0.185948,-0.565846,0.117692,0.0003664218,8.3806e-06,-0.0001248594,6.1084e-06,-2.9542e-06,4.76975e-05,0.0027421809,2.63733e-05,-5.58935e-05,0.0026359319,-2.82505e-05,0.0026631029,5.015451,-0.768168,0.901677,0.290723,-0.697281,-0.436538,-0.488594
1403638541.87955,0.380553,0.20429,0.290551,-0.795701,-0.192356,-0.560723,0.124295,0.0003650299,6.8603e-06,-0.0001262227,4.9047e-06,-2.2408e-06,4.84975e-05,0.0027009477,2.63389e-05,-6.54458e-05,0.0026242663,-2.45173e-05,0.0026590589,5.011584,-0.731815,0.918873,0.295916,-0.69454,-0.44077,-0.485565
1403638542.02958,0.423564,0.265403,0.320175,-0.792565,-0.212072,-0.554137,0.140708,0.000360634,3.2594e-06,-0.000130615,4.7357e-06,-9.918e-07,5.2089e-05,0.0027086483,1.68906e-05,-6.11297e-05,0.00265478,-2.41914e-05,0.0026630949,4.996241,-0.62082,0.963184,0.311237,-0.683812,-0.460156,-0.473074
1403638542.27998,0.46517,0.351317,0.355216,-0.779438,-0.263365,-0.540345,0.176473,0.0003590765,2.4977e-06,-0.0001332165,4.791e-06,-7.763e-07,5.41963e-05,0.0027599174,1.03916e-05,-6.5134e-05,0.0026978186,-2.58558e-05,0.0026836044,4.961757,-0.432251,1.008635,0.340608,-0.65467,-0.504031,-0.448732
1403638542.37991,0.49659,0.392335,0.348254,-0.770115,-0.28302,-0.539687,0.188578,0.0003599273,4.6298e-06,-0.0001311948,4.5716e-06,-1.4732e-06,5.24437e-05,0.0027698253,5.3793e-06,-6.10211e-05,0.0027124828,-2.59543e-05,0.0026883076,4.946603,-0.355068,1.018866,0.352894,-0.63891,-0.520703,-0.442876
1403638542.42991,0.503842,0.407709,0.35043,-0.762758,-0.292946,-0.543263,0.192996,0.0003629195,8.5888e-06,-0.0001274578,4.7227e-06,-2.8114e-06,4.9343e-05,0.0027869667,1.2988e-06,-6.24818e-05,0.0027289063,-2.66783e-05,0.0026942774,4.939101,-0.316238,1.023114,0.358172,-0.628963,-0.527612,-0.444698
1403638542.67987,0.540973,0.49337,0.357277,-0.736781,-0.329112,-0.558068,0.193389,0.0003695615,3.05727e-05,-0.0001160219,6.6654e-06,-9.3502e-06,4.06577e-05,0.002848988,3.6861e-06,-7.64569e-05,0.002768545,-3.19547e-05,0.0027167576,4.889477,-0.128482,1.038448,0.363454,-0.592813,-0.552879,-0.45913
1403638542.72974,0.537625,0.508095,0.365375,-0.738099,-0.330009,-0.554481,0.197116,0.0003684652,2.8412e-05,-0.0001182002,6.3195e-06,-8.8499e-06,4.2163e-05,0.0028713448,1.7341e-06,-7.80509e-05,0.0027843134,-3.30982e-05,0.0027224189,4.87395,-0.093213,1.044086,0.365357,-0.593934,-0.554061,-0.454726
1403638542.77828,0.565612,0.542055,0.391618,-0.738724,-0.334509,-0.548197,0.204623,0.0003665526,2.33461e-05,-0.000119507,5.4801e-06,-7.3703e-06,4.30909e-05,0.0028731752,9.81e-08,-7.98262e-05,0.0027872245,-3.50058e-05,0.0027193709,4.856266,-0.058249,1.051723,0.368974,-0.59676,-0.553535,-0.448708
1403638542.82808,0.576921,0.567706,0.395507,-0.740807,-0.33423,-0.54423,0.208108,0.0003651296,2.07556e-05,-0.0001219541,4.976e-06,-6.7635e-06,4.48306e-05,0.0028791331,-1.58434e-05,-7.41659e-05,0.0028049231,-3.31099e-05,0.0027211804,4.836824,-0.024326,1.061519,0.371114,-0.599161,-0.5532,-0.444132
1403638543.02701,0.628444,0.725022,0.433549,-0.750917,-0.330961,-0.530219,0.213203,0.0003594639,8.6722e-06,-0.0001303119,3.5339e-06,-3.0561e-06,5.08545e-05,0.0028942886,-5.76055e-05,-6.87571e-05,0.0027806746,-1.44654e-05,0.0026926493,4.74859,0.10504,1.116524,0.374458,-0.610128,-0.551411,-0.428336
1403638543.07713,0.670473,0.780848,0.413639,-0.753166,-0.329927,-0.527956,0.212489,0.0003570694,9.5267e-06,-0.0001324373,3.2982e-06,-3.517e-06,5.25331e-05,0.0029286065,-0.0001152712,-6.13817e-05,0.0027991131,-7.4324e-06,0.002675974,4.724964,0.13705,1.132039,0.374931,-0.612141,-0.550586,-0.426105
1403638543.37721,0.693884,0.935243,0.444061,-0.756016,-0.325304,-0.526347,0.213486,0.0003566112,6.9888e-06,-0.0001340462,3.076e-06,-2.6659e-06,5.36942e-05,0.0030534239,-0.0001659968,-6.23698e-05,0.0028575172,-6.067e-07,0.0026936254,4.578087,0.333262,1.196073,0.374895,-0.616566,-0.54657,-0.424925
1403638543.42739,0.723743,0.977624,0.431005,-0.756036,-0.326794,-0.525281,0.213766,0.0003558451,7.1019e-06,-0.0001346278,2.8095e-06,-2.7961e-06,5.39555e-05,0.0030461096,-0.0001989945,-4.24216e-05,0.0028673567,6.8512e-06,0.0026697363,4.552807,0.366762,1.20224,0.375752,-0.615629,-0.547842,-0.423888
1403638543.67778,0.741337,1.115849,0.421457,-0.743721,-0.357863,-0.517086,0.226795,0.0003540587,1.18452e-05,-0.0001370661,3.0393e-06,-4.7089e-06,5.6016e-05,0.0031718605,-0.0002497046,-4.14863e-05,0.0029289626,1.08574e-05,0.0026767819,4.420619,0.536671,1.216148,0.385621,-0.594039,-0.573187,-0.412164
1403638543.72829,0.761856,1.168164,0.417267,-0.740134,-0.366569,-0.514728,0.229964,0.0003528648,1.34871e-05,-0.0001371007,2.9764e-06,-5.4443e-06,5.61019e-05,0.0031927691,-0.0002698253,-3.55775e-05,0.0029251976,8.2642e-06,0.0026626511,4.392404,0.571374,1.217572,0.389311,-0.586557,-0.58116,-0.408231
1403638543.77839,0.761072,1.200125,0.412282,-0.734533,-0.377104,-0.513168,0.234335,0.0003523705,1.537e-05,-0.0001372472,3.089e-06,-6.1722e-06,5.61681e-05,0.0032432908,-0.0002949392,-3.64119e-05,0.0029446365,7.6235e-06,0.002659104,4.363602,0.606345,1.220311,0.393521,-0.57802,-0.589415,-0.404521
1403638543.82848,0.766942,1.234489,0.410203,-0.728421,-0.388347,-0.511703,0.238221,0.0003523123,1.86839e-05,-0.0001367167,3.3849e-06,-7.4454e-06,5.56646e-05,0.0032747437,-0.0003050304,-3.6515e-05,0.0029454025,6.8492e-06,0.0026509376,4.334274,0.641569,1.225018,0.397209,-0.568295,-0.598318,-0.401617
1403638544.12832,0.800112,1.439665,0.450514,-0.705929,-0.429928,-0.490126,0.276771,0.0003520939,1.13395e-05,-0.0001381953,2.7179e-06,-4.6191e-06,5.68399e-05,0.0034933583,-0.0003712431,-3.58546e-05,0.0030161257,5.9994e-06,0.0026575473,4.147805,0.859355,1.28972,0.427003,-0.532692,-0.630845,-0.36871
1403638544.5782,0.869914,1.75173,0.468654,-0.69822,-0.438382,-0.484361,0.292753,0.0003552381,5.7986e-06,-0.0001364374,2.5149e-06,-2.3494e-06,5.49789e-05,0.0039345549,-0.0005115082,-3.93922e-05,0.0032131528,7.2336e-06,0.0026833456,3.873882,1.200627,1.35587,0.439399,-0.523349,-0.635989,-0.358543
1403638544.62806,0.878618,1.80738,0.46526,-0.694416,-0.438142,-0.488186,0.295791,0.0003584042,6.0329e-06,-0.0001328639,2.49e-06,-2.3385e-06,5.17035e-05,0.0039889309,-0.000530631,-3.82323e-05,0.0031970708,1.01606e-05,0.002675069,3.843937,1.239888,1.362206,0.443471,-0.520353,-0.634266,-0.360936
1403638545.02804,0.976158,2.10473,0.471072,-0.693411,-0.442264,-0.484074,0.298758,0.0003581572,5.0277e-06,-0.0001346006,2.5675e-06,-1.9576e-06,5.3027e-05,0.0045177527,-0.0007002111,-4.5015e-05,0.0034103743,1.71284e-05,0.0026954281,3.613287,1.54662,1.419711,0.444382,-0.518661,-0.637553,-0.356429
1403638545.078,0.983603,2.146126,0.462229,-0.69267,-0.442312,-0.48475,0.29931,0.0003588229,5.0932e-06,-0.0001340006,2.5773e-06,-1.9595e-06,5.24336e-05,0.004596976,-0.0007246757,-4.80205e-05,0.003427321,1.89137e-05,0.0026932804,3.585218,1.584695,1.421863,0.445173,-0.518246,-0.637197,-0.356683
1403638545.12799,0.989039,2.183289,0.450955,-0.692109,-0.442694,-0.485229,0.299266,0.0003591917,5.5356e-06,-0.000133688,2.598e-06,-2.1127e-06,5.21087e-05,0.004673782,-0.0007444442,-5.09825e-05,0.0034475001,1.97189e-05,0.0026897158,3.557432,1.622831,1.422536,0.445527,-0.517674,-0.637327,-0.356837
1403638545.17796,0.998643,2.22163,0.441308,-0.692106,-0.443545,-0.484882,0.298573,0.0003588437,6.2428e-06,-0.0001342311,2.6335e-06,-2.3834e-06,5.25432e-05,0.0047449111,-0.0007605053,-5.38719e-05,0.0034687636,1.97747e-05,0.0026894156,3.530021,1.66068,1.421257,0.4448,-0.517578,-0.638023,-0.356641
1403638545.22787,0.981273,2.268751,0.441634,-0.691642,-0.444825,-0.484818,0.297849,0.0003583828,6.9702e-06,-0.0001348482,2.619e-06,-2.6581e-06,5.3028e-05,0.0048019341,-0.0007816326,-5.2924e-05,0.0034676641,1.59173e-05,0.002686454,3.502696,1.698452,1.418367,0.443922,-0.517327,-0.638979,-0.356386
1403638545.27786,0.963763,2.338413,0.427166,-0.691066,-0.444874,-0.485999,0.297186,0.0003589578,7.95e-06,-0.0001341954,2.6396e-06,-3.0161e-06,5.24158e-05,0.0048797168,-0.0007790153,-5.80798e-05,0.0034078967,6.6119e-06,0.0026810994,3.475333,1.736349,1.414296,0.444122,-0.516427,-0.639262,-0.356938
1403638545.32778,0.926871,2.352822,0.442749,-0.687995,-0.446206,-0.487231,0.300281,0.0003594689,8.4656e-06,-0.0001325479,2.5954e-06,-3.1825e-06,5.10668e-05,0.0049919229,-0.0007997652,-4.87279e-05,0.0033835593,5.9763e-06,0.002674097,3.448047,1.774246,1.408939,0.445389,-0.51531,-0.638531,-0.358278
1403638545.47781,0.954441,2.472195,0.412769,-0.686241,-0.446995,-0.486705,0.303953,0.0003613893,6.6857e-06,-0.0001307559,2.5382e-06,-2.4789e-06,4.94684e-05,0.0051624143,-0.0008098807,-5.25952e-05,0.0034055997,4.954e-07,0.0026766065,3.365951,1.885672,1.384975,0.44841,-0.514047,-0.638086,-0.357114
1403638545.52781,0.963267,2.50955,0.403217,-0.68497,-0.449564,-0.485041,0.305686,0.0003610418,6.5486e-06,-0.0001313482,2.5495e-06,-2.4404e-06,4.99528e-05,0.00526563,-0.0008331266,-5.38825e-05,0.0034333312,-8.995e-07,0.0026787261,3.33807,1.922204,1.377506,0.449456,-0.512101,-0.640067,-0.355047
1403638545.62795,0.969617,2.59519,0.398692,-0.680454,-0.45845,-0.478646,0.312575,0.0003601079,5.1564e-06,-0.0001325848,2.495e-06,-1.9883e-06,5.09244e-05,0.0054126089,-0.000889056,-5.50769e-05,0.0034462856,-4.5679e-06,0.0026772604,3.281422,1.995188,1.365794,0.453724,-0.505345,-0.646689,-0.347215
1403638546.02801,1.022933,2.888659,0.419514,-0.633092,-0.528701,-0.446156,0.347296,0.0003559318,1.20105e-05,-0.0001379105,2.8159e-06,-4.8547e-06,5.56072e-05,0.0061354988,-0.0010593828,-6.3833e-05,0.0036511147,-1.51406e-05,0.0026958574,3.054814,2.284987,1.390784,0.476222,-0.438311,-0.698351,-0.305636
1403638546.22801,1.053577,3.041547,0.442214,-0.613612,-0.552677,-0.434118,0.359957,0.0003556184,1.4336e-05,-0.0001386776,3.0208e-06,-5.8152e-06,5.62824e-05,0.0065171814,-0.0011263871,-7.05132e-05,0.0037834072,-2.38155e-05,0.0027093541,2.939984,2.427665,1.419454,0.484402,-0.412401,-0.714749,-0.290556
1403638546.37801,1.073758,3.161764,0.443593,-0.609274,-0.557915,-0.426588,0.368157,0.0003559266,1.02686e-05,-0.000139201,2.7664e-06,-4.231e-06,5.66551e-05,0.0068444599,-0.0011932381,-7.62513e-05,0.00390126,-3.15618e-05,0.0027213522,2.85096,2.5347,1.424804,0.489646,-0.406736,-0.718254,-0.280936
1403638546.42801,1.078483,3.201263,0.441332,-0.60941,-0.558282,-0.424147,0.370189,0.0003557746,8.3773e-06,-0.0001396443,2.6761e-06,-3.4973e-06,5.70286e-05,0.0069571786,-0.0012141761,-7.80637e-05,0.0039368896,-3.39941e-05,0.0027255744,2.820744,2.570625,1.423476,0.490746,-0.406752,-0.718651,-0.277963
1403638546.478,1.083346,3.241702,0.438809,-0.608746,-0.559132,-0.423509,0.370727,0.0003558027,8.3248e-06,-0.0001397763,2.6855e-06,-3.4764e-06,5.71299e-05,0.0070694205,-0.0012347922,-7.97182e-05,0.0039753685,-3.64486e-05,0.0027300923,2.790823,2.606379,1.420836,0.491005,-0.405884,-0.719267,-0.277176
1403638546.52801,1.087745,3.280426,0.43507,-0.6081,-0.560022,-0.42269,0.371381,0.0003557801,8.1446e-06,-0.0001399721,2.6871e-06,-3.4087e-06,5.72871e-05,0.0071858545,-0.0012554424,-8.16293e-05,0.0040080596,-3.83355e-05,0.0027341076,2.760522,2.642337,1.417593,0.491286,-0.405051,-0.719919,-0.276203
1403638546.62801,1.097991,3.359363,0.432975,-0.603823,-0.564698,-0.420786,0.373434,0.0003558984,9.1167e-06,-0.0001401255,2.7564e-06,-3.7962e-06,5.73961e-05,0.0074291912,-0.0012988687,-8.5428e-05,0.0040867724,-4.37333e-05,0.0027436764,2.698895,2.714488,1.414824,0.492472,-0.399649,-0.723027,-0.273835
1403638546.67801,1.101617,3.401251,0.435406,-0.600894,-0.567562,-0.419499,0.375261,0.0003561977,9.46e-06,-0.0001399455,2.7853e-06,-3.925e-06,5.7211e-05,0.0075369689,-0.0013160453,-8.65952e-05,0.004128031,-4.55876e-05,0.0027480852,2.667744,2.750452,1.415532,0.493763,-0.396001,-0.724816,-0.272075
1403638546.72801,1.105651,3.434254,0.442467,-0.598406,-0.569979,-0.418166,0.377056,0.0003563861,9.6141e-06,-0.0001398711,2.8008e-06,-3.9848e-06,5.71221e-05,0.0076643787,-0.0013360707,-8.66752e-05,0.0041593396,-4.64812e-05,0.0027507599,2.636235,2.786602,1.418666,0.494941,-0.392844,-0.726405,-0.270268
1403638546.828,1.110683,3.510114,0.460245,-0.593669,-0.575094,-0.417229,0.377815,0.0003562801,1.18348e-05,-0.0001400408,2.9439e-06,-4.8802e-06,5.72629e-05,0.0079121715,-0.0013797883,-8.75226e-05,0.0042019079,-4.20279e-05,0.0027547181,2.571509,2.860215,1.433011,0.495256,-0.386604,-0.729968,-0.269082
1403638546.878,1.114102,3.551416,0.472905,-0.592,-0.576925,-0.416746,0.378176,0.000356296,1.2501e-05,-0.0001401095,3.0025e-06,-5.1445e-06,5.73166e-05,0.0080099028,-0.0013900972,-8.7805e-05,0.004234503,-4.18099e-05,0.0027591236,2.538494,2.897479,1.442678,0.495402,-0.384415,-0.73124,-0.268497
1403638546.92797,1.088523,3.599156,0.491278,-0.590632,-0.578418,-0.417003,0.377749,0.0003560859,1.36906e-05,-0.0001402584,3.0978e-06,-5.6235e-06,5.74678e-05,0.0081081654,-0.0014182817,-7.56685e-05,0.004251072,-3.34223e-05,0.0027566586,2.505425,2.934261,1.451672,0.495068,-0.38225,-0.732583,-0.268544
1403638547.07793,0.976934,3.726512,0.524833,-0.585704,-0.582699,-0.419969,0.375551,0.0003557645,1.88993e-05,-0.0001402825,3.5175e-06,-7.6817e-06,5.75326e-05,0.0084464012,-0.0014885169,-4.69256e-05,0.0041700684,-6.3395e-06,0.0027515479,2.403581,3.043322,1.469467,0.493017,-0.376206,-0.735977,-0.271555
1403638547.12801,0.949132,3.774027,0.519282,-0.584735,-0.583972,-0.421554,0.3733,0.0003556686,2.12686e-05,-0.0001397838,3.7658e-06,-8.6011e-06,5.71414e-05,0.008510947,-0.0013700964,-4.94249e-05,0.0038553274,-8.8542e-06,0.0027543476,2.368157,3.079511,1.472361,0.491449,-0.374148,-0.737393,-0.273392
1403638547.52808,0.876304,4.180534,0.481759,-0.590153,-0.578497,-0.415934,0.379552,0.000356797,1.27271e-05,-0.000140187,2.9449e-06,-5.1961e-06,5.72654e-05,0.0097502622,-0.0014081958,-4.75197e-05,0.0037388422,-1.615e-07,0.0027652153,2.051457,3.354608,1.460991,0.494987,-0.380702,-0.734431,-0.265829
1403638547.57818,0.866733,4.219123,0.455826,-0.592686,-0.576058,-0.415189,0.38013,0.0003563959,1.0406e-05,-0.0001401431,2.7277e-06,-4.2666e-06,5.72227e-05,0.0099831702,-0.0013999275,-4.82798e-05,0.0036703141,-6.308e-06,0.0027528289,2.008434,3.388057,1.45536,0.495655,-0.382826,-0.733518,-0.264049
1403638547.62818,0.856087,4.255933,0.445853,-0.593708,-0.575046,-0.414451,0.380873,0.000356357,9.3788e-06,-0.000140032,2.6174e-06,-3.8576e-06,5.71029e-05,0.0101145009,-0.0013973411,-4.81703e-05,0.0036453943,-9.526e-06,0.0027510252,1.96503,3.421631,1.448263,0.496043,-0.384007,-0.732909,-0.263297
1403638548.17815,0.69807,4.828661,0.343355,-0.585826,-0.583987,-0.412084,0.382039,0.0003560665,1.28672e-05,-0.0001410764,2.7742e-06,-5.2897e-06,5.79835e-05,0.0121957376,-0.0013153297,-4.34292e-05,0.0036614592,-1.52072e-05,0.0027716092,1.450103,3.792662,1.355084,0.495847,-0.373766,-0.739295,-0.26054
1403638548.22813,0.683267,4.884402,0.347154,-0.582718,-0.586717,-0.409744,0.385113,0.000356013,1.23434e-05,-0.0001406767,2.614e-06,-5.094e-06,5.76324e-05,0.0124051213,-0.0013004398,-4.4823e-05,0.0036540991,-1.70355e-05,0.0027685005,1.398412,3.826244,1.355443,0.498058,-0.369302,-0.741273,-0.257044
1403638548.27812,0.666309,4.941869,0.351886,-0.579642,-0.59107,-0.405259,0.387837,0.0003549244,1.14466e-05,-0.0001414528,2.477e-06,-4.7846e-06,5.83475e-05,0.0126228926,-0.0012858939,-4.57488e-05,0.0036503449,-1.67293e-05,0.0027657035,1.346405,3.859293,1.357168,0.499239,-0.364549,-0.744564,-0.251979
1403638548.57817,0.542249,5.269615,0.391622,-0.550318,-0.618855,-0.383852,0.408443,0.0003545573,1.00218e-05,-0.0001417885,2.3121e-06,-4.2351e-06,5.86714e-05,0.0140147949,-0.0011444743,-3.66966e-05,0.003680738,-1.99647e-05,0.0027746962,1.021228,4.057682,1.401932,0.511838,-0.327866,-0.761387,-0.225428
1403638548.62819,0.523929,5.322165,0.398908,-0.547317,-0.621424,-0.381809,0.410486,0.0003542119,9.8568e-06,-0.0001416022,2.2444e-06,-4.1622e-06,5.85519e-05,0.0142351411,-0.0011191141,-3.48064e-05,0.0036759231,-1.9216e-05,0.0027724421,0.965715,4.091264,1.407712,0.513186,-0.323685,-0.763052,-0.22276
1403638548.67821,0.505473,5.376085,0.405198,-0.545207,-0.623175,-0.379596,0.412686,0.0003540074,9.0872e-06,-0.0001413869,2.1477e-06,-3.8559e-06,5.83845e-05,0.0144611151,-0.0010929761,-3.42454e-05,0.0036752515,-1.7196e-05,0.0027678043,0.909925,4.125082,1.412437,0.514613,-0.320664,-0.764208,-0.219856
1403638548.92829,0.406586,5.659169,0.430068,-0.538386,-0.628827,-0.374417,0.417767,0.0003540821,8.3214e-06,-0.00014136,2.09e-06,-3.5261e-06,5.83107e-05,0.01573943,-0.000930879,-3.27153e-05,0.0037175886,-1.81502e-05,0.0027797171,0.626665,4.298865,1.442432,0.517526,-0.311747,-0.767889,-0.212903
1403638549.17835,0.310253,5.945293,0.495899,-0.538983,-0.627765,-0.373958,0.419004,0.0003543495,7.3563e-06,-0.0001404941,1.9943e-06,-3.1076e-06,5.75259e-05,0.0170712307,-0.0007428041,-3.46272e-05,0.0037235968,-9.1542e-06,0.0027851288,0.337429,4.474576,1.511357,0.518613,-0.311129,-0.767809,-0.211445
1403638549.22837,0.294169,6.003137,0.511461,-0.540189,-0.626999,-0.373769,0.418766,0.0003539685,6.5164e-06,-0.0001405956,1.9333e-06,-2.7725e-06,5.76444e-05,0.0173511286,-0.0007225385,-3.60994e-05,0.0037098659,-3.4956e-06,0.0027839053,0.278572,4.510475,1.529643,0.518571,-0.311678,-0.767759,-0.210921
1403638549.32835,0.257508,6.118655,0.549429,-0.541931,-0.624932,-0.373042,0.42025,0.0003543489,4.5019e-06,-0.0001401426,1.8554e-06,-1.9559e-06,5.72109e-05,0.0179347924,-0.0006453339,-3.75663e-05,0.0037110497,2.6759e-06,0.0027875974,0.158912,4.583951,1.570706,0.519753,-0.313508,-0.766564,-0.209641
1403638549.37834,0.240408,6.173261,0.571003,-0.542996,-0.62352,-0.372568,0.421392,0.0003546165,3.0653e-06,-0.0001397312,1.808e-06,-1.3773e-06,5.68334e-05,0.018213878,-0.0006137789,-3.89182e-05,0.0037078918,6.8472e-06,0.002788711,0.09897,4.620663,1.5928,0.520667,-0.314648,-0.765716,-0.208762
1403638549.42834,0.221053,6.231448,0.591287,-0.543852,-0.622085,-0.372376,0.422577,0.0003550374,1.7678e-06,-0.0001391672,1.7797e-06,-8.591e-07,5.63165e-05,0.0184907903,-0.0005780018,-3.99222e-05,0.0037086244,1.0507e-05,0.0027903357,0.038828,4.65785,1.614268,0.521736,-0.31567,-0.76475,-0.208089
1403638549.92836,0.030104,6.823787,0.742017,-0.546784,-0.618802,-0.373583,0.422547,0.000355959,4.46e-07,-0.000138519,1.8183e-06,-3.389e-07,5.56792e-05,0.0216986878,-0.0001361618,-4.60149e-05,0.0038719955,4.18727e-05,0.0028151215,-0.554413,5.04616,1.786273,0.521967,-0.318932,-0.763009,-0.208928
1403638549.97837,0.010591,6.890502,0.76256,-0.547553,-0.618531,-0.372415,0.42298,0.0003554548,-6.191e-07,-0.000138856,1.7884e-06,7.29e-08,5.60038e-05,0.021981902,-9.47348e-05,-4.81866e-05,0.0038713967,4.55183e-05,0.0028127017,-0.613428,5.086717,1.80778,0.521986,-0.319757,-0.762992,-0.207675
1403638550.52838,-0.168498,7.62171,1.076185,-0.548611,-0.616754,-0.368449,0.427652,0.0003565737,-5.369e-06,-0.0001384371,1.9927e-06,1.9025e-06,5.55608e-05,0.0262749505,0.0003936568,-6.06158e-05,0.0041844666,0.0001094196,0.0028601797,-1.246048,5.542239,2.126082,0.524688,-0.321227,-0.762037,-0.202031
1403638550.57835,-0.196225,7.700088,1.092349,-0.547993,-0.61578,-0.368412,0.429874,0.0003575757,-6.5369e-06,-0.0001372726,1.9978e-06,2.3126e-06,5.44827e-05,0.0267495853,0.0004542307,-6.47386e-05,0.0041980294,0.000121896,0.0028609261,-1.302268,5.586378,2.151771,0.526634,-0.321628,-0.760726,-0.201265
1403638550.87831,-0.266504,8.097321,1.212223,-0.542204,-0.605757,-0.376433,0.444265,0.0003682355,-9.7131e-06,-0.0001249683,2.1992e-06,3.093e-06,4.41663e-05,0.0293790977,0.0007078298,-7.73277e-05,0.0044113148,0.0001718998,0.0028940192,-1.626105,5.866277,2.282785,0.542474,-0.319976,-0.749453,-0.204111
1403638550.92832,-0.27535,8.159611,1.226918,-0.539944,-0.603297,-0.380141,0.447198,0.0003711684,-9.0817e-06,-0.0001212139,2.1627e-06,2.7542e-06,4.13202e-05,0.0298154503,0.0007574115,-8.06462e-05,0.0044449406,0.0001801523,0.0028981711,-1.67699,5.914244,2.301527,0.546472,-0.318748,-0.746365,-0.206663
1403638551.02829,-0.287278,8.268226,1.243057,-0.536683,-0.599384,-0.384196,0.452884,0.0003751484,-9.7514e-06,-0.0001156973,2.1847e-06,2.7936e-06,3.7392e-05,0.0306397629,0.0008166493,-8.37763e-05,0.0044718346,0.0001883426,0.0029033772,-1.775173,6.008637,2.334959,0.552839,-0.317451,-0.741678,-0.208587
1403638551.07832,-0.306192,8.315676,1.241619,-0.535748,-0.598133,-0.386254,0.453892,0.0003766107,-9.615e-06,-0.0001135595,2.151e-06,2.6669e-06,3.59059e-05,0.0309244842,0.0008405197,-8.59447e-05,0.0044360044,0.0001795987,0.0029013804,-1.821749,6.055116,2.350717,0.554942,-0.316805,-0.740112,-0.209549
1403638551.32829,-0.318471,8.600744,1.326879,-0.541442,-0.594389,-0.381295,0.456242,0.0003757971,-1.54937e-05,-0.0001147674,2.5632e-06,4.5168e-06,3.67355e-05,0.0326566755,0.0009495716,-8.60967e-05,0.0044597364,0.0001747367,0.0029136696,-2.024815,6.281683,2.443812,0.555554,-0.323208,-0.738395,-0.204134
1403638551.37824,-0.317822,8.657895,1.344431,-0.54646,-0.591938,-0.380707,0.453931,0.0003743307,-1.73274e-05,-0.000116718,2.702e-06,5.1981e-06,3.80704e-05,0.0331309008,0.0009849036,-8.35058e-05,0.0044088271,0.0001562935,0.0029069751,-2.058474,6.325804,2.464518,0.553188,-0.328586,-0.737751,-0.204305
1403638551.62819,-0.296156,8.922213,1.422056,-0.586191,-0.559852,-0.388951,0.437792,0.0003693021,-2.97925e-05,-0.0001217206,4.3358e-06,9.6848e-06,4.17944e-05,0.0347427664,0.0008898767,-7.82014e-05,0.0043270433,0.0001352917,0.0029017565,-2.192889,6.546263,2.548235,0.54064,-0.375987,-0.720544,-0.21719
1403638551.67818,-0.283258,8.985694,1.436462,-0.594998,-0.551202,-0.391667,0.434455,0.0003681422,-3.24968e-05,-0.0001225236,4.7711e-06,1.06979e-05,4.24334e-05,0.0353654371,0.0009551234,-7.59214e-05,0.0042589262,0.0001228307,0.0028883612,-2.213525,6.591083,2.560816,0.538347,-0.387026,-0.715258,-0.220934
1403638551.92825,-0.203667,9.220272,1.491669,-0.624664,-0.51557,-0.418636,0.410763,0.0003697045,-3.12639e-05,-0.000121012,4.5303e-06,1.01364e-05,4.12232e-05,0.0369513931,0.0006234275,-7.21156e-05,0.0041928482,0.0001133764,0.002878868,-2.281922,6.824761,2.609511,0.524605,-0.427012,-0.691195,-0.254378
1403638551.97831,-0.179465,9.263645,1.50769,-0.625917,-0.512257,-0.425299,0.406129,0.0003710366,-2.77199e-05,-0.0001200739,3.9219e-06,8.8583e-06,4.04355e-05,0.0374832369,0.0006333979,-7.47235e-05,0.0041866487,0.0001127726,0.0028739439,-2.288833,6.872866,2.620814,0.522438,-0.429416,-0.688358,-0.262354
1403638552.22853,-0.056367,9.424545,1.607478,-0.634445,-0.50542,-0.436561,0.389159,0.0003700746,-2.03148e-05,-0.000122549,2.8244e-06,6.57e-06,4.20329e-05,0.0386686207,0.0001137589,-7.03329e-05,0.0041386978,0.0001178719,0.0028635852,-2.294703,7.109969,2.702783,0.51003,-0.440731,-0.683981,-0.27892
1403638552.27861,-0.022511,9.454852,1.63588,-0.636551,-0.505219,-0.435429,0.387244,0.0003687133,-2.00266e-05,-0.0001242954,2.7488e-06,6.5858e-06,4.33148e-05,0.0388709618,9.9467e-05,-7.29919e-05,0.0041227422,0.0001211768,0.0028598652,-2.291183,7.156916,2.722474,0.508095,-0.442644,-0.684273,-0.278708
1403638552.77862,0.347868,9.713575,1.774193,-0.629253,-0.496484,-0.442612,0.402043,0.0003783191,-2.48378e-05,-0.0001107326,3.2239e-06,7.1131e-06,3.37215e-05,0.0405281658,-0.001304456,-6.02942e-05,0.0041954048,0.0001478333,0.002862089,-2.168724,7.617473,2.86706,0.52505,-0.437825,-0.673157,-0.281945
1403638552.82862,0.392277,9.741594,1.798113,-0.629305,-0.49767,-0.441829,0.401356,0.0003770808,-2.47577e-05,-0.0001124603,3.1269e-06,7.2278e-06,3.47351e-05,0.040963917,-0.0014707815,-6.34421e-05,0.0041885574,0.0001440632,0.0028495537,-2.145924,7.660672,2.8741,0.524567,-0.436697,-0.674275,-0.281918
1403638553.37863,0.907488,9.849735,1.843075,-0.609214,-0.5058,-0.455298,0.407098,0.0003862465,-1.28391e-05,-0.0001008225,1.8704e-06,3.1529e-06,2.74431e-05,0.0414588197,-0.0034091982,-5.75213e-05,0.004415756,0.0001388755,0.0028391242,-1.798011,8.079441,2.889987,0.534362,-0.41433,-0.675856,-0.29327
1403638553.52863,1.057197,9.835454,1.870056,-0.601943,-0.50976,-0.464512,0.402539,0.0003885504,-3.5744e-06,-9.74529e-05,1.43e-06,7.026e-07,2.55321e-05,0.0416962833,-0.0040236752,-5.73942e-05,0.0045237644,0.0001404696,0.0028354545,-1.673198,8.166519,2.905726,0.53333,-0.405394,-0.677573,-0.303498
1403638553.62862,1.154623,9.811703,1.893842,-0.599442,-0.511608,-0.468239,0.399599,0.0003890165,7.294e-07,-9.66368e-05,1.36e-06,-3.657e-07,2.50765e-05,0.0415156349,-0.004399455,-5.68885e-05,0.0045973703,0.0001416573,0.0028327255,-1.582244,8.211525,2.923012,0.532033,-0.401673,-0.678799,-0.307948
1403638553.87863,1.375892,9.702287,1.981355,-0.601796,-0.515424,-0.465563,0.394246,0.0003863955,2.9378e-06,-0.0001019286,1.3903e-06,-9.689e-07,2.79792e-05,0.0405147536,-0.0051603071,-5.30166e-05,0.0047769093,0.0001408592,0.002831384,-1.336882,8.27764,2.9955,0.52614,-0.401906,-0.683657,-0.307021
1403638553.92862,1.425252,9.696387,2.006376,-0.603395,-0.515303,-0.464814,0.392842,0.0003855877,2.766e-06,-0.0001030424,1.3696e-06,-9.29e-07,2.86077e-05,0.0404519792,-0.0053693923,-5.33972e-05,0.0047991183,0.0001382368,0.002824445,-1.285726,8.284064,3.0137,0.524827,-0.402424,-0.684511,-0.306686
1403638554.17852,1.617224,9.543167,2.09302,-0.611969,-0.520043,-0.454017,0.385899,0.0003788511,7.531e-07,-0.0001142143,1.3388e-06,-3.983e-07,3.5517e-05,0.0391933816,-0.0060155411,-4.73683e-05,0.0049808,0.0001349844,0.0028198466,-1.022521,8.290966,3.086546,0.514822,-0.408514,-0.691812,-0.299122
1403638554.2285,1.670641,9.555538,2.114909,-0.616307,-0.521943,-0.450349,0.380692,0.0003751377,1.2817e-06,-0.0001191733,1.3076e-06,-5.673e-07,3.89298e-05,0.0391349768,-0.0061890386,-4.83492e-05,0.0049816764,0.0001271876,0.00281371,-0.968907,8.288458,3.096286,0.509295,-0.410029,-0.695903,-0.297014
1403638554.3785,1.781556,9.448819,2.140251,-0.621978,-0.529284,-0.442354,0.370573,0.0003671912,3.3338e-06,-0.0001297469,1.3375e-06,-1.3359e-06,4.69428e-05,0.03861278,-0.0066073367,-4.38056e-05,0.0051177184,0.000126643,0.0028111307,-0.808223,8.276017,3.118481,0.496979,-0.412736,-0.704923,-0.292824
1403638554.4285,1.822432,9.427504,2.148129,-0.623142,-0.529995,-0.441032,0.369176,0.0003660231,3.3834e-06,-0.0001310998,1.3287e-06,-1.3659e-06,4.80517e-05,0.0384009133,-0.0067376065,-4.20111e-05,0.005155424,0.0001254177,0.0028091209,-0.755495,8.271126,3.124246,0.495308,-0.413153,-0.7062,-0.291989
1403638554.47851,1.858367,9.399397,2.154908,-0.623806,-0.530919,-0.440273,0.367628,0.0003649593,3.8965e-06,-0.0001323232,1.3348e-06,-1.5649e-06,4.90714e-05,0.0382421329,-0.0068737153,-4.01711e-05,0.0052006207,0.0001244401,0.0028077029,-0.703459,8.26593,3.129145,0.493618,-0.41317,-0.70746,-0.291775
1403638554.92854,2.161531,9.130789,2.219137,-0.629398,-0.520171,-0.431692,0.383304,0.000367634,-1.21153e-05,-0.0001291475,1.7197e-06,4.1265e-06,4.64641e-05,0.0358501806,-0.0076848901,-1.93808e-05,0.0055329591,0.0001058887,0.0027961402,-0.254184,8.215957,3.18971,0.505713,-0.420961,-0.699483,-0.278872
1403638554.97855,2.193617,9.10655,2.228751,-0.630328,-0.517982,-0.431775,0.384644,0.0003678403,-1.41965e-05,-0.0001286043,1.8473e-06,4.847e-06,4.60421e-05,0.036045154,-0.0078669841,-1.77396e-05,0.0055929404,0.0001033376,0.0027943594,-0.204347,8.211629,3.199863,0.507036,-0.422436,-0.697728,-0.278637
1403638555.02856,2.224963,9.088482,2.234519,-0.632314,-0.515354,-0.433113,0.383408,0.0003678658,-1.44462e-05,-0.0001282142,1.8263e-06,4.9387e-06,4.57367e-05,0.0358587428,-0.0079668071,-1.28346e-05,0.0056270417,0.0001034406,0.0027912583,-0.154008,8.207292,3.208633,0.506653,-0.424301,-0.696229,-0.280246
1403638555.07853,2.258857,9.057768,2.239184,-0.634604,-0.513325,-0.434429,0.38085,0.0003672486,-1.42445e-05,-0.0001289167,1.8007e-06,4.9131e-06,4.62948e-05,0.0357272195,-0.0080655497,-1.10536e-05,0.0056728906,0.0001031428,0.0027904913,-0.102943,8.203015,3.215341,0.504739,-0.427065,-0.695057,-0.282405
1403638555.17854,2.332864,8.995579,2.244769,-0.641145,-0.507058,-0.437704,0.374487,0.0003661827,-1.38598e-05,-0.0001302751,1.7743e-06,4.8553e-06,4.73863e-05,0.0352632799,-0.0082609438,-7.6705e-06,0.0057879234,0.0001038802,0.0027900495,0.000891,8.195055,3.225637,0.499745,-0.435307,-0.691385,-0.287668
1403638555.92856,2.909532,8.515596,2.267594,-0.657236,-0.490813,-0.451484,0.351149,0.0003647105,-7.1908e-06,-0.0001337371,1.4648e-06,2.5974e-06,5.0119e-05,0.0318896402,-0.0097587825,1.43414e-05,0.0069169683,0.0001085841,0.0027910781,0.789694,8.150886,3.245502,0.481985,-0.456773,-0.680913,-0.308879
1403638555.97858,2.94857,8.487951,2.281726,-0.656134,-0.491619,-0.452236,0.351115,0.0003649861,-6.1916e-06,-0.0001332871,1.3961e-06,2.2233e-06,4.97405e-05,0.031716886,-0.0098629306,1.47945e-05,0.0070029324,0.0001091023,0.0027896772,0.841355,8.149502,3.256334,0.482018,-0.455729,-0.681223,-0.309685
1403638556.52858,3.388555,8.186242,2.369256,-0.669991,-0.497873,-0.432611,0.340709,0.0003501705,-1.01312e-05,-0.0001494486,1.594e-06,4.3109e-06,6.49199e-05,0.0297365321,-0.0109427441,3.3001e-05,0.0081011501,0.0001145917,0.0027918782,1.392355,8.159425,3.34046,0.465907,-0.466606,-0.69199,-0.293871
1403638556.57858,3.430705,8.165742,2.3736,-0.671508,-0.496843,-0.430967,0.34131,0.0003493909,-1.14576e-05,-0.0001499409,1.6517e-06,4.9133e-06,6.54668e-05,0.0296024932,-0.0110344372,3.49527e-05,0.008196886,0.0001149687,0.0027902612,1.439866,8.166406,3.345159,0.46587,-0.468348,-0.691694,-0.291848
1403638556.62857,3.473469,8.14567,2.377423,-0.673317,-0.493915,-0.428841,0.344654,0.0003493663,-1.53249e-05,-0.0001495072,1.938e-06,6.56e-06,6.50897e-05,0.0294739047,-0.0111410078,3.64311e-05,0.0083086255,0.0001154776,0.0027898253,1.486518,8.175046,3.34973,0.468287,-0.470899,-0.689732,-0.288501
1403638556.67854,3.516373,8.12558,2.383422,-0.674557,-0.490491,-0.427779,0.34842,0.000350077,-1.90983e-05,-0.0001482993,2.3009e-06,8.0985e-06,6.39237e-05,0.0293514197,-0.0112528336,3.78192e-05,0.0084267838,0.0001160155,0.0027897487,1.533266,8.185136,3.35529,0.471534,-0.473061,-0.687076,-0.286009
1403638557.02859,3.843892,7.997715,2.475086,-0.668484,-0.478725,-0.437062,0.364594,0.0003613843,-2.65609e-05,-0.0001356696,3.2394e-06,9.9973e-06,5.20173e-05,0.0285225115,-0.0120950213,4.77302e-05,0.0093977616,0.0001199106,0.0027948549,1.87578,8.290041,3.438015,0.490055,-0.471154,-0.673987,-0.289141
1403638557.07859,3.893238,7.982931,2.482855,-0.66741,-0.479825,-0.438231,0.363711,0.000361534,-2.50327e-05,-0.0001354385,2.9823e-06,9.4098e-06,5.18104e-05,0.0284450815,-0.0122374103,4.79957e-05,0.0095514458,0.0001196384,0.0027933469,1.927505,8.309206,3.448746,0.489475,-0.470051,-0.674602,-0.290481
1403638557.4786,4.319188,7.861061,2.528624,-0.659753,-0.488732,-0.447892,0.353921,0.0003640124,-1.11882e-05,-0.000134408,1.602e-06,4.1516e-06,5.07262e-05,0.0276658866,-0.0133755824,5.86505e-05,0.0110064396,0.0001232161,0.0027990989,2.363151,8.48621,3.489797,0.483684,-0.45994,-0.680266,-0.302896
1403638557.52858,4.372527,7.848989,2.534222,-0.658658,-0.490197,-0.449637,0.351714,0.0003639595,-8.5351e-06,-0.0001344932,1.4537e-06,3.1727e-06,5.07911e-05,0.0276463407,-0.0135040607,5.95413e-05,0.011158905,0.0001242099,0.0027981284,2.419559,8.510688,3.496935,0.482191,-0.458419,-0.681286,-0.305277
1403638557.9286,4.811006,7.758695,2.614176,-0.654713,-0.496769,-0.45447,0.343553,0.0003636508,8.421e-07,-0.0001352273,1.2857e-06,-3.054e-07,5.14195e-05,0.0270350857,-0.0146391597,7.32146e-05,0.0128056599,0.000130389,0.0028077713,2.858769,8.70272,3.575551,0.47579,-0.453649,-0.685202,-0.313567
1403638557.97859,4.866477,7.745729,2.61704,-0.655814,-0.497394,-0.452956,0.342547,0.0003622136,7.508e-07,-0.0001368065,1.2841e-06,-2.756e-07,5.28064e-05,0.0270985104,-0.0148084669,7.51101e-05,0.0130006858,0.0001319194,0.002806909,2.911162,8.725985,3.580321,0.474252,-0.45453,-0.686166,-0.312513
1403638558.02858,4.913328,7.717595,2.605186,-0.657667,-0.496995,-0.451329,0.34172,0.000360028,1.414e-07,-0.0001381922,1.2009e-06,-6.7e-08,5.41696e-05,0.0270169203,-0.0149519415,7.71533e-05,0.0131883125,0.0001237727,0.0028013411,2.962934,8.74923,3.583303,0.472781,-0.455719,-0.687218,-0.310694
1403638558.27859,5.173617,7.668911,2.610468,-0.669667,-0.501266,-0.434892,0.333388,0.0003478787,-3.6527e-06,-0.0001507676,1.2739e-06,1.5742e-06,6.65404e-05,0.0266680786,-0.0155816942,8.75603e-05,0.0142308713,0.0001230801,0.0028075865,3.212227,8.870269,3.587973,0.459448,-0.465628,-0.695237,-0.297899
1403638558.4286,5.332488,7.656523,2.632286,-0.672654,-0.506213,-0.430868,0.325019,0.0003418538,-1.07e-08,-0.000156139,1.2375e-06,-7.9e-09,7.25332e-05,0.0266154956,-0.016026271,9.19688e-05,0.01489515,0.0001197265,0.002807034,3.350539,8.957271,3.610568,0.450159,-0.466856,-0.700812,-0.2971
1403638558.67853,5.60324,7.683653,2.711802,-0.677902,-0.500656,-0.424294,0.331311,0.0003407086,-8.7791e-06,-0.000157034,1.4934e-06,4.0472e-06,7.36247e-05,0.0268087056,-0.0168652733,0.0001025123,0.0160708525,0.0001198953,0.0028143453,3.552312,9.134109,3.685106,0.45354,-0.47398,-0.697158,-0.28917
1403638558.82851,5.772973,7.725692,2.763947,-0.677816,-0.492455,-0.425364,0.342226,0.0003458081,-1.66599e-05,-0.0001519518,2.0834e-06,7.3314e-06,6.80064e-05,0.0270755506,-0.0174777272,0.0001090819,0.0168800584,0.0001199111,0.0028189953,3.661517,9.26208,3.734878,0.464189,-0.476901,-0.689146,-0.286679
1403638558.92849,5.894714,7.762162,2.789712,-0.674531,-0.491835,-0.430267,0.343477,0.0003492574,-1.48847e-05,-0.0001489421,1.9141e-06,6.3532e-06,6.47463e-05,0.0272955326,-0.0179223151,0.0001137203,0.0174584017,0.0001204621,0.0028222246,3.733024,9.35494,3.761819,0.466815,-0.474318,-0.687327,-0.291014
1403638559.07848,6.069515,7.813747,2.815515,-0.667547,-0.490586,-0.44078,0.345571,0.0003563523,-1.07391e-05,-0.0001423284,1.6195e-06,4.289e-06,5.80638e-05,0.0276937279,-0.0186219797,0.0001199106,0.0183570123,0.0001226858,0.002827732,3.839971,9.503095,3.789314,0.472312,-0.468005,-0.683933,-0.300214
1403638559.12848,6.12702,7.83374,2.820304,-0.665866,-0.490606,-0.443116,0.345798,0.0003578222,-9.5781e-06,-0.0001408728,1.5543e-06,3.7693e-06,5.66735e-05,0.0277957777,-0.0188459311,0.0001217872,0.0186641219,0.0001238571,0.0028292224,3.875089,9.55422,3.795073,0.473363,-0.46632,-0.683423,-0.302338
1403638559.27847,6.298228,7.895212,2.825641,-0.661344,-0.492708,-0.44874,0.344232,0.0003604845,-4.7812e-06,-0.0001383825,1.3725e-06,1.8284e-06,5.43361e-05,0.0282145957,-0.0195346331,0.0001275734,0.0195588578,0.0001266621,0.0028348162,3.97944,9.709087,3.803591,0.473856,-0.461222,-0.683968,-0.308103
1403638559.32847,6.355996,7.91584,2.825391,-0.660153,-0.493702,-0.450117,0.343295,0.0003608768,-3.1073e-06,-0.0001380313,1.3378e-06,1.1801e-06,5.40092e-05,0.028347765,-0.0197554946,0.0001290118,0.0198474086,0.0001279046,0.0028360086,4.013693,9.76092,3.803359,0.47348,-0.459736,-0.684507,-0.309702
1403638559.37846,6.415783,7.933057,2.824935,-0.658941,-0.49565,-0.451681,0.340752,0.0003607089,-2.185e-07,-0.0001382846,1.3092e-06,7.1e-08,5.42304e-05,0.0284837159,-0.0199841112,0.0001301289,0.0201472667,0.0001297167,0.0028370644,4.047692,9.812442,3.801487,0.471607,-0.457844,-0.686032,-0.311981
1403638559.62846,6.687198,8.039173,2.795657,-0.653736,-0.498688,-0.457585,0.33846,0.0003631119,5.6149e-06,-0.0001358147,1.4247e-06,-2.1196e-06,5.20341e-05,0.0292083771,-0.0211252117,0.0001379418,0.0216583558,0.000134114,0.0028459339,4.205414,10.065127,3.77253,0.471476,-0.451756,-0.687297,-0.318215
1403638559.67846,6.740879,8.057435,2.788422,-0.653332,-0.498888,-0.457841,0.3386,0.0003632898,5.8651e-06,-0.0001356372,1.4288e-06,-2.2091e-06,5.18755e-05,0.0293250093,-0.0213294643,0.0001364975,0.0219306403,0.0001344231,0.0028447242,4.234511,10.114631,3.764274,0.471695,-0.451223,-0.687402,-0.318419
1403638559.82846,6.894174,8.121393,2.774289,-0.653364,-0.49916,-0.456406,0.340071,0.0003632647,4.6619e-06,-0.0001359215,1.4042e-06,-1.7602e-06,5.2105e-05,0.0297631528,-0.0219873418,0.0001354298,0.0227874297,0.0001339918,0.0028443682,4.321938,10.281996,3.755109,0.472544,-0.451249,-0.687676,-0.316511
1403638559.87846,6.941682,8.135664,2.767466,-0.653194,-0.498647,-0.457019,0.340327,0.0003635999,4.5882e-06,-0.0001355051,1.3739e-06,-1.7283e-06,5.17407e-05,0.02987355,-0.0222024908,0.0001311155,0.0230492776,0.0001279974,0.0028390662,4.347819,10.332417,3.75283,0.472888,-0.451243,-0.687263,-0.3169
1403638559.9785,7.023239,8.167281,2.753685,-0.657491,-0.49237,-0.45868,0.338954,0.0003639422,2.5656e-06,-0.0001350628,1.3394e-06,-9.646e-07,5.13695e-05,0.0301275025,-0.0226121395,0.0001291592,0.0235715914,0.0001269719,0.0028380217,4.398827,10.43318,3.747506,0.472309,-0.456867,-0.683216,-0.318456
1403638560.02852,7.069414,8.183138,2.746368,-0.661566,-0.486705,-0.460334,0.336959,0.0003641093,1.1291e-06,-0.0001348983,1.3174e-06,-4.278e-07,5.12238e-05,0.0301743098,-0.0227396858,0.0001275232,0.0237570976,0.0001250034,0.0028366601,4.42402,10.483074,3.74254,0.471029,-0.462444,-0.679351,-0.320566
1403638560.37856,7.35628,8.317606,2.658256,-0.699259,-0.417329,-0.495624,0.302043,0.0003707135,-3.21e-06,-0.0001273337,1.3797e-06,1.1376e-06,4.501e-05,0.0312229244,-0.024198325,0.0001284244,0.025666067,0.0001238557,0.0028448773,4.594323,10.820066,3.666545,0.449969,-0.520467,-0.627391,-0.364745
1403638560.47867,7.438868,8.316331,2.632319,-0.709335,-0.391489,-0.509649,0.289549,0.000374066,-4.3695e-06,-0.0001227462,1.3947e-06,1.4827e-06,4.15527e-05,0.0313533899,-0.0244181609,0.0001275308,0.0259572104,0.0001268928,0.0028445299,4.640554,10.909303,3.635759,0.443185,-0.537823,-0.607462,-0.381236
1403638560.62867,7.550342,8.346859,2.577823,-0.726605,-0.351152,-0.523315,0.273641,0.0003765942,-1.16327e-05,-0.0001189315,1.7062e-06,3.7449e-06,3.88514e-05,0.0314333148,-0.0248390356,0.0001244196,0.0266886861,0.0001246032,0.0028477724,4.709708,11.03567,3.580624,0.432794,-0.567362,-0.575719,-0.399195
1403638560.87866,7.734894,8.380262,2.498336,-0.750863,-0.289757,-0.537277,0.252149,0.000376974,-2.62445e-05,-0.0001162464,3.1682e-06,8.1853e-06,3.71641e-05,0.0316618996,-0.0255309308,0.000114442,0.0277911354,0.0001146357,0.0028520924,4.834314,11.221311,3.49556,0.416941,-0.610839,-0.52643,-0.41945
1403638560.92866,7.774025,8.383273,2.490099,-0.754276,-0.278928,-0.540764,0.246659,0.0003773622,-2.75316e-05,-0.0001153542,3.337e-06,8.5047e-06,3.65744e-05,0.0315821628,-0.0255998613,0.000110748,0.0279577149,0.0001106249,0.0028516637,4.862267,11.254426,3.48376,0.412863,-0.617716,-0.517384,-0.424613
1403638561.07863,7.880146,8.367492,2.475913,-0.75995,-0.249831,-0.554483,0.229366,0.0003804785,-2.80552e-05,-0.0001105589,3.3652e-06,8.2345e-06,3.34234e-05,0.0315531568,-0.0259725203,0.0001018492,0.0286565795,0.0001035423,0.0028558155,4.952915,11.342759,3.462195,0.400535,-0.633321,-0.491452,-0.443803
1403638561.12863,7.928849,8.374401,2.478815,-0.761169,-0.24086,-0.558933,0.224059,0.0003817132,-2.81867e-05,-0.0001084984,3.3484e-06,8.0829e-06,3.21108e-05,0.0314149435,-0.0260293483,9.57847e-05,0.0288307724,9.77969e-05,0.0028545894,4.984865,11.367146,3.458322,0.396692,-0.637653,-0.483142,-0.450148
1403638561.17863,7.961463,8.36989,2.483504,-0.762569,-0.2325,-0.562459,0.219253,0.0003824495,-2.87191e-05,-0.0001070743,3.3875e-06,8.1122e-06,3.12249e-05,0.0314264225,-0.0262209237,8.81993e-05,0.0291310657,9.34124e-05,0.0028525935,5.017543,11.38976,3.456248,0.393487,-0.641596,-0.47564,-0.455298
1403638561.22864,7.995554,8.36262,2.485326,-0.763387,-0.225377,-0.565792,0.215231,0.0003832395,-2.90411e-05,-0.0001057331,3.4196e-06,8.0746e-06,3.0406e-05,0.0313847305,-0.0263081165,8.67859e-05,0.0293291842,9.17389e-05,0.0028535505,5.05088,11.410176,3.456115,0.390754,-0.644793,-0.469106,-0.459888
1403638561.32865,8.060182,8.339087,2.492634,-0.765625,-0.21557,-0.568893,0.209064,0.0003836646,-2.95898e-05,-0.0001050452,3.4863e-06,8.1503e-06,2.99821e-05,0.0312299629,-0.0264369125,8.39651e-05,0.0297407589,8.92599e-05,0.0028571828,5.119002,11.443466,3.460426,0.38604,-0.650144,-0.460425,-0.465078
1403638561.37864,8.095023,8.327422,2.495859,-0.76881,-0.214846,-0.566848,0.20361,0.0003820025,-2.73463e-05,-0.000108435,3.1402e-06,7.7991e-06,3.19915e-05,0.0311524377,-0.0265050217,8.37035e-05,0.029942298,8.7944e-05,0.0028579683,5.153971,11.456777,3.462577,0.380261,-0.653279,-0.460662,-0.465211
1403638561.77864,8.287265,8.173954,2.472954,-0.779682,-0.227998,-0.55669,0.173807,0.0003733811,-6.868e-06,-0.0001246293,1.2303e-06,2.2673e-06,4.27709e-05,0.0300653743,-0.0266333525,8.30041e-05,0.0314001589,8.11944e-05,0.0028650213,5.439023,11.516844,3.435926,0.349896,-0.658128,-0.477181,-0.465553
1403638561.82864,8.340026,8.184078,2.454443,-0.779931,-0.22871,-0.556374,0.172764,0.0003729303,-5.5162e-06,-0.0001250749,1.0793e-06,1.841e-06,4.30405e-05,0.0300120953,-0.0266824026,9.22738e-05,0.031370871,8.57887e-05,0.0028469669,5.474042,11.520719,3.426849,0.349045,-0.657553,-0.47784,-0.466328
1403638562.12862,8.481317,8.060279,2.387077,-0.784901,-0.209904,-0.561881,0.155435,0.0003734114,-2.8743e-06,-0.0001250483,9.536e-07,9.305e-07,4.29028e-05,0.0293311361,-0.0268249566,9.14372e-05,0.0324472486,8.2766e-05,0.0028499133,5.679839,11.528507,3.35851,0.334951,-0.667831,-0.462057,-0.477823
1403638562.42857,8.610116,7.94981,2.359219,-0.791117,-0.177784,-0.569368,0.135453,0.0003750837,-4.3603e-06,-0.0001232538,8.869e-07,1.3881e-06,4.14448e-05,0.0285518907,-0.0267740637,9.14596e-05,0.0332127282,8.02941e-05,0.0028506856,5.86248,11.508976,3.329544,0.318983,-0.683775,-0.434152,-0.492158
1403638562.47856,8.634406,7.935937,2.358436,-0.793093,-0.169527,-0.570083,0.131414,0.0003746376,-5.8211e-06,-0.000123815,8.823e-07,1.8823e-06,4.18305e-05,0.0286002063,-0.0269482473,9.20406e-05,0.0335025569,8.10138e-05,0.0028475945,5.891192,11.503545,3.329281,0.315382,-0.688351,-0.426953,-0.494401
1403638562.87854,8.773224,7.744295,2.39834,-0.807084,-0.075704,-0.578369,0.091506,0.0003740395,-2.37081e-05,-0.0001232447,2.2802e-06,7.7785e-06,4.14756e-05,0.0274433656,-0.0266923156,8.31985e-05,0.0344034553,7.64538e-05,0.0028563125,6.117246,11.433876,3.363174,0.281016,-0.732916,-0.343291,-0.51587
1403638562.92853,8.810478,7.724582,2.391695,-0.808369,-0.064886,-0.578907,0.084826,0.0003735259,-2.42083e-05,-0.0001237424,2.3042e-06,7.9911e-06,4.18235e-05,0.0272838378,-0.0267226384,8.6619e-05,0.0346155871,8.09489e-05,0.0028509178,6.141945,11.416939,3.366701,0.274362,-0.737926,-0.332948,-0.518989
1403638563.37854,8.902885,7.427348,2.352928,-0.802592,0.01185,-0.594999,0.041011,0.000379461,-3.19665e-05,-0.0001144331,3.4124e-06,9.6107e-06,3.52849e-05,0.0255740248,-0.0260730572,8.18305e-05,0.035511736,7.70884e-05,0.0028677916,6.399995,11.233941,3.329522,0.238574,-0.758556,-0.258327,-0.548588
1403638563.42855,8.907597,7.391366,2.341741,-0.798824,0.015956,-0.59999,0.040465,0.0003821199,-3.35105e-05,-0.0001100033,3.6397e-06,9.6186e-06,3.24122e-05,0.0253617062,-0.0259415903,8.39071e-05,0.0354910282,7.76648e-05,0.0028664699,6.42883,11.206504,3.319701,0.239746,-0.756396,-0.25309,-0.553477
1403638563.47856,8.911692,7.354053,2.329272,-0.797131,0.018583,-0.60217,0.040352,0.0003831807,-3.46539e-05,-0.0001080614,3.8239e-06,9.747e-06,3.12024e-05,0.0251463904,-0.0258210962,8.52639e-05,0.0355091101,7.8062e-05,0.002865647,6.456832,11.177336,3.30786,0.240455,-0.755719,-0.249892,-0.55554
1403638563.77857,8.888857,7.089263,2.279613,-0.803577,0.017746,-0.593775,0.037159,0.0003790382,-3.22874e-05,-0.0001158008,3.4285e-06,9.8366e-06,3.60924e-05,0.023655304,-0.0248437507,7.87772e-05,0.0354135522,7.50098e-05,0.0028741816,6.610834,10.955587,3.258725,0.234701,-0.761609,-0.252724,-0.548634
1403638563.82857,8.871303,7.042192,2.278252,-0.803707,0.017461,-0.593499,0.038859,0.0003788193,-3.31737e-05,-0.0001159562,3.5647e-06,1.0132e-05,3.61829e-05,0.0233885282,-0.0246333399,7.88905e-05,0.0352827629,7.47267e-05,0.0028696753,6.635065,10.911668,3.256951,0.236326,-0.761726,-0.253016,-0.547638
1403638563.87856,8.862558,6.99546,2.275105,-0.803122,0.016878,-0.594219,0.04017,0.0003793321,-3.35831e-05,-0.0001151578,3.6249e-06,1.01714e-05,3.5634e-05,0.0231164455,-0.0244093539,7.89741e-05,0.0351422306,7.41184e-05,0.0028649961,6.659125,10.866085,3.257636,0.237787,-0.760929,-0.253416,-0.547929
1403638564.37852,8.678733,6.45513,2.281571,-0.798801,-0.002243,-0.599539,0.049645,0.0003838278,-3.05987e-05,-0.0001099443,3.0641e-06,8.7443e-06,3.21287e-05,0.0200699278,-0.0219591591,5.95941e-05,0.0339858934,6.99596e-05,0.0028714357,6.898008,10.312854,3.266485,0.248435,-0.750326,-0.269747,-0.550026
1403638564.42852,8.649232,6.395787,2.293101,-0.797802,-0.004829,-0.600938,0.048592,0.0003847279,-2.87051e-05,-0.0001090438,2.7569e-06,8.1085e-06,3.15221e-05,0.0199154843,-0.021751424,6.6145e-05,0.0336818032,6.54418e-05,0.0028609994,6.921287,10.247079,3.270741,0.247915,-0.74853,-0.271787,-0.551701
1403638564.62848,8.543424,6.13502,2.324184,-0.800006,-0.007231,-0.597463,0.054555,0.0003827967,-3.1291e-05,-0.0001114867,3.164e-06,9.0901e-06,3.30756e-05,0.018614111,-0.0205564311,6.47586e-05,0.0328617405,5.90925e-05,0.0028591147,7.006963,9.963425,3.296321,0.251663,-0.749955,-0.274001,-0.546956
1403638564.67848,8.508785,6.067747,2.332166,-0.801077,-0.005375,-0.595766,0.057529,0.0003814598,-3.41568e-05,-0.0001127495,3.6633e-06,1.00737e-05,3.39275e-05,0.018305014,-0.0202746144,6.68635e-05,0.0326821068,5.6095e-05,0.0028573904,7.027093,9.887655,3.30111,0.253864,-0.751629,-0.272551,-0.544361
1403638564.72847,8.467412,6.003865,2.340531,-0.801643,-0.00362,-0.594874,0.058998,0.0003806841,-3.5835e-05,-0.00011319,3.9582e-06,1.06448e-05,3.42373e-05,0.0179641955,-0.019950098,6.96498e-05,0.0324151371,5.30989e-05,0.0028515811,7.046898,9.809618,3.304225,0.255316,-0.752458,-0.271613,-0.543006
1403638565.07846,8.209491,5.478581,2.284055,-0.801745,0.003231,-0.594004,0.065977,0.0003792994,-4.35077e-05,-0.0001132226,5.5942e-06,1.29825e-05,3.43913e-05,0.0156496057,-0.0176096332,6.34438e-05,0.0306514973,4.59444e-05,0.0028558037,7.181561,9.211801,3.256705,0.26164,-0.754808,-0.265265,-0.539855
1403638565.12846,8.162335,5.406492,2.266053,-0.802077,0.003075,-0.593544,0.066086,0.0003787547,-4.36722e-05,-0.0001136208,5.624e-06,1.31087e-05,3.46488e-05,0.0152943675,-0.0172642473,6.72004e-05,0.0303664968,4.59724e-05,0.0028517135,7.202247,9.120485,3.233215,0.261618,-0.755214,-0.265201,-0.53933
1403638565.87846,7.502348,4.059453,1.905714,-0.80494,-0.015987,-0.592656,0.023991,0.0003821169,-7.6497e-06,-0.0001180684,7.832e-07,2.3619e-06,3.70974e-05,0.0105361457,-0.0118004787,5.54366e-05,0.0261924972,4.59127e-05,0.0028672512,7.535568,7.585922,2.873655,0.221481,-0.751424,-0.284329,-0.552718
1403638565.92845,7.453038,3.967784,1.896061,-0.806384,-0.015632,-0.590755,0.022579,0.0003810163,-7.0283e-06,-0.0001196967,7.577e-07,2.2083e-06,3.82212e-05,0.010221988,-0.0114205884,5.43299e-05,0.025961441,5.11823e-05,0.0028668146,7.552685,7.476651,2.861668,0.219412,-0.752905,-0.284476,-0.551451
1403638566.77845,6.530951,2.577987,1.465111,-0.83212,-0.022065,-0.55361,0.024614,0.0003578303,-6.2569e-06,-0.0001489103,8.107e-07,2.6048e-06,6.27092e-05,0.0071178955,-0.006230481,6.08363e-05,0.0211888842,8.90539e-05,0.0029299901,7.714606,5.651395,2.371454,0.208717,-0.775151,-0.298979,-0.515955
1403638566.87845,6.43072,2.431185,1.388534,-0.839937,-0.023842,-0.54156,0.025504,0.0003491076,-6.3818e-06,-0.0001572262,8.275e-07,2.8754e-06,7.15795e-05,0.0069118834,-0.005742283,6.36565e-05,0.0208054592,9.62667e-05,0.0029438684,7.726515,5.450964,2.285685,0.205502,-0.781952,-0.303308,-0.504308
1403638567.27845,6.107318,1.883662,1.071934,-0.814084,-0.030539,-0.579465,0.023543,0.0003760187,-1.026e-06,-0.0001295754,7.536e-07,3.496e-07,4.54099e-05,0.0063701361,-0.0039635574,8.04497e-05,0.0195904287,0.0001324693,0.0030215511,7.82251,4.731473,1.931291,0.216178,-0.755304,-0.301038,-0.540521
1403638567.37845,6.038234,1.7612,0.982575,-0.812145,-0.031094,-0.58225,0.020936,0.0003778648,1.0218e-06,-0.0001274041,7.631e-07,-3.495e-07,4.37222e-05,0.0062997847,-0.0035644652,8.75719e-05,0.0193547716,0.0001451214,0.0030472729,7.849164,4.564999,1.833159,0.214632,-0.753251,-0.300891,-0.544068
1403638567.42845,6.005869,1.69255,0.943227,-0.811785,-0.030732,-0.582815,0.019707,0.0003782533,1.6867e-06,-0.0001269921,7.66e-07,-5.676e-07,4.34028e-05,0.0062485193,-0.0033687328,7.99898e-05,0.0191815147,0.0001791544,0.003049683,7.861323,4.482807,1.785352,0.213633,-0.753012,-0.300444,-0.545039
1403638567.47845,5.966098,1.614965,0.906127,-0.813028,-0.030312,-0.581121,0.019095,0.0003772188,1.8239e-06,-0.0001284489,7.721e-07,-6.229e-07,4.45129e-05,0.0062172399,-0.0031822408,8.78121e-05,0.0189705346,0.0002164499,0.0030559711,7.872549,4.401127,1.738405,0.212457,-0.754291,-0.300443,-0.543729
1403638567.67845,5.816248,1.374569,0.764031,-0.819909,-0.028596,-0.571613,0.013785,0.000371204,4.1278e-06,-0.0001362348,8.292e-07,-1.5183e-06,5.08082e-05,0.0061749223,-0.0024180248,0.0001065801,0.0184485871,0.0002761834,0.0031118136,7.909298,4.081478,1.569679,0.204268,-0.76135,-0.301144,-0.536595
1403638567.77844,5.748346,1.268151,0.70472,-0.82317,-0.028348,-0.56697,0.011503,0.0003681387,5.3218e-06,-0.0001398631,8.657e-07,-2.0247e-06,5.39624e-05,0.0061690649,-0.002092664,0.0001225818,0.0181670089,0.0003266322,0.0031335848,7.923239,3.928728,1.498862,0.200476,-0.764563,-0.301906,-0.533016
1403638567.82844,5.713656,1.215626,0.678533,-0.825433,-0.028259,-0.563697,0.010369,0.0003659198,5.9109e-06,-0.0001423886,8.897e-07,-2.3034e-06,5.62436e-05,0.0061937373,-0.0019350937,0.0001280211,0.0180944709,0.0003432683,0.0031515487,7.929611,3.854746,1.466932,0.1983,-0.766746,-0.302579,-0.530307
1403638568.02844,5.571424,1.012679,0.584093,-0.827654,-0.025555,-0.560544,0.011238,0.0003639582,4.0558e-06,-0.0001448801,8.159e-07,-1.6048e-06,5.85302e-05,0.0059600077,-0.0014795905,0.0001660102,0.0174970697,0.0004654307,0.0031730111,7.956242,3.577755,1.356294,0.197986,-0.769845,-0.300731,-0.526974
1403638568.07843,5.537684,0.960896,0.564011,-0.827271,-0.026959,-0.561088,0.008722,0.0003643546,6.3398e-06,-0.0001444621,8.823e-07,-2.5056e-06,5.81401e-05,0.0059544502,-0.0013358704,0.000171254,0.0173264009,0.0004819106,0.0031823187,7.963159,3.512757,1.333919,0.19577,-0.768995,-0.301979,-0.528328
1403638568.42843,5.28102,0.631405,0.48057,-0.827168,-0.02736,-0.561265,0.005217,0.0003645627,8.7696e-06,-0.0001446667,9.84e-07,-3.4699e-06,5.83037e-05,0.0058326045,-0.0006446194,0.0002199467,0.0165833105,0.00054656,0.0031995111,7.999356,3.097053,1.220641,0.192247,-0.769008,-0.302237,-0.529454
1403638568.47841,5.219049,0.434426,0.38208,-0.827171,-0.028064,-0.561218,0.00588,0.0003642903,9.0164e-06,-0.0001446167,9.527e-07,-3.5798e-06,5.828e-05,0.0054546685,-0.0008820358,6.46478e-05,0.015226,0.000177103,0.0029878561,8.003446,3.043523,1.203105,0.191779,-0.769189,-0.302425,-0.529253
1403638568.52842,5.199161,0.400015,0.364332,-0.827693,-0.028481,-0.560431,0.005444,0.0003639487,9.1208e-06,-0.0001449798,9.563e-07,-3.6314e-06,5.86244e-05,0.0054208835,-0.0004866477,6.6152e-05,0.0149608437,0.0001809858,0.0029908983,8.007295,2.991571,1.184735,0.190977,-0.769568,-0.302888,-0.528727
1403638568.87841,5.048203,0.165384,0.231606,-0.830797,-0.028698,-0.555802,0.006063,0.0003607238,8.9514e-06,-0.0001485312,9.594e-07,-3.6815e-06,6.2055e-05,0.0053475466,-0.0001450038,5.15194e-05,0.0142703266,0.0001567544,0.0029796682,8.03301,2.679041,1.057822,0.189274,-0.772634,-0.303992,-0.524215
1403638568.97841,5.00743,0.099227,0.206584,-0.830098,-0.030401,-0.55677,0.004455,0.0003614106,1.05471e-05,-0.0001477293,1.0467e-06,-4.308e-06,6.12822e-05,0.0053529708,-3.25687e-05,4.99961e-05,0.0141277204,0.0001556194,0.0029779369,8.040304,2.606563,1.035048,0.187787,-0.77147,-0.305309,-0.525696
1403638569.6284,4.832725,-0.187142,0.113183,0.828079,0.03222,0.559684,0.000587,0.0003636973,1.48034e-05,-0.0001458563,1.3901e-06,-5.9346e-06,5.94454e-05,0.0054660124,0.0003659911,3.75507e-05,0.0135912972,0.0001432357,0.0029794528,8.083415,2.305845,0.95032,0.183496,-0.769029,-0.306534,-0.530057
1403638569.6784,4.832214,-0.205384,0.104657,0.827696,0.0325,0.560235,0.000342,0.0003639691,1.46317e-05,-0.00014523,1.3667e-06,-5.8377e-06,5.88932e-05,0.0054601556,0.0004846492,3.02704e-05,0.0133844429,0.0001366278,0.0029750566,8.085916,2.294796,0.943927,0.183605,-0.768741,-0.306258,-0.530596
1403638569.9284,4.817017,-0.199706,0.108095,0.824623,0.032933,0.564718,0.002407,0.0003666252,1.64074e-05,-0.0001415988,1.5241e-06,-6.3371e-06,5.56319e-05,0.0053914769,0.000510355,1.80869e-05,0.0132566468,0.0001238545,0.0029699594,8.090002,2.262624,0.935134,0.183511,-0.765312,-0.306446,-0.535455
1403638570.0284,4.812542,-0.203069,0.110361,0.823496,0.031696,0.566436,4.1e-05,0.0003676927,1.43396e-05,-0.0001402689,1.3518e-06,-5.4673e-06,5.44538e-05,0.0053365306,0.0004539236,1.56309e-05,0.0132526779,0.0001211938,0.0029676592,8.08814,2.259739,0.937076,0.186222,-0.764674,-0.304813,-0.536362
1403638570.0784,4.813573,-0.19967,0.110407,-0.823514,-0.030745,-0.566461,0.00133,0.000367531,1.30173e-05,-0.0001401726,1.2533e-06,-4.9592e-06,5.44027e-05,0.0053036292,0.0004585433,1.37672e-05,0.0132416911,0.0001199215,0.0029663298,8.086342,2.260274,0.936285,0.187447,-0.765031,-0.303871,-0.535961
1403638570.62834,4.814586,-0.160079,0.008344,-0.822298,0.04172,-0.566611,0.032201,0.0003646308,-3.93943e-05,-0.0001385514,5.0967e-06,1.50182e-05,5.36258e-05,0.0052463287,0.0003721768,1.37951e-05,0.0131872602,0.0001200678,0.002968189,8.057448,2.301468,0.84133,0.217046,-0.787965,-0.235134,-0.526051
1403638570.77831,4.837307,-0.182206,-0.041108,-0.810992,0.083741,-0.578535,0.024003,0.0003682513,-5.34504e-05,-0.0001287495,8.6104e-06,1.87431e-05,4.59733e-05,0.0051789458,0.0003989988,1.35882e-05,0.0132345597,0.0001176135,0.0029656543,8.067293,2.296688,0.791344,0.213385,-0.791336,-0.191097,-0.540144
1403638570.82829,4.854132,-0.18367,-0.052259,-0.805783,0.096623,-0.583986,0.018389,0.0003694641,-5.58845e-05,-0.0001238965,9.301e-06,1.87929e-05,4.24777e-05,0.0050280796,0.0004499589,9.2704e-06,0.0132599935,0.0001108648,0.0029587542,8.072755,2.289967,0.773868,0.210006,-0.790605,-0.177095,-0.547288
1403638570.87828,4.856515,-0.205937,-0.071002,-0.801173,0.108548,-0.588381,0.012128,0.0003710886,-5.78259e-05,-0.0001202608,9.8593e-06,1.87929e-05,3.98897e-05,0.0049800776,0.0004659795,1.12907e-05,0.013310706,0.000109368,0.002955588,8.079024,2.280616,0.755649,0.205567,-0.790184,-0.164059,-0.55358
1403638571.12824,4.821845,-0.325673,-0.173047,0.794668,-0.15699,0.585575,0.030957,0.0003711121,-5.29627e-05,-0.0001222176,8.4181e-06,1.74922e-05,4.11708e-05,0.0049868511,0.0006702895,1.17168e-05,0.0131790279,0.0001066004,0.00295837,8.117713,2.183898,0.651807,0.164378,-0.799952,-0.116142,-0.565315
1403638571.22823,4.80326,-0.383138,-0.20645,0.797652,-0.165277,0.577612,0.052904,0.0003697748,-4.17996e-05,-0.0001279302,5.5763e-06,1.45041e-05,4.5175e-05,0.00498826,0.0007862595,1.04424e-05,0.0130256322,0.0001025492,0.0029574211,8.133948,2.123511,0.614667,0.140994,-0.805631,-0.109092,-0.564966
1403638571.72823,4.613475,-0.754553,-0.273941,0.793775,-0.198295,0.566328,0.099365,0.0003698014,-2.64074e-05,-0.0001325574,2.7517e-06,9.4984e-06,4.84312e-05,0.0052588065,0.0013782284,8.4306e-06,0.0123802564,0.0001134356,0.0029746395,8.215015,1.721358,0.535212,0.093554,-0.812897,-0.076395,-0.56975
1403638571.77823,4.585608,-0.792345,-0.281318,0.793789,-0.205461,0.562929,0.1039,0.0003681736,-2.59892e-05,-0.0001345495,2.6929e-06,9.5317e-06,5.00802e-05,0.0052838172,0.0014385905,8.364e-06,0.0122582798,0.0001147768,0.0029756762,8.222224,1.673793,0.525695,0.088263,-0.815338,-0.069646,-0.567969
1403638572.42823,4.22433,-1.404435,-0.333285,0.766685,-0.321505,0.525278,0.181417,0.0003576811,-2.31667e-05,-0.0001472592,2.3743e-06,9.5804e-06,6.16062e-05,0.0060720827,0.0022780239,-5.4638e-06,0.011054412,0.0001389709,0.0030102072,8.337383,0.944739,0.46842,0.002937,-0.828219,0.049015,-0.558257
1403638572.47823,4.18873,-1.454205,-0.334664,0.765119,-0.327196,0.521441,0.188775,0.0003571342,-2.02535e-05,-0.0001482421,2.0132e-06,8.4401e-06,6.25015e-05,0.0061281361,0.0023212848,-8.2664e-06,0.0109555479,0.0001406301,0.003010991,8.348221,0.881426,0.465746,0.005267,0.82872,-0.054803,0.556955
1403638572.62823,4.100753,-1.621905,-0.343592,0.760855,-0.339095,0.514578,0.203282,0.0003568776,-1.53631e-05,-0.0001492562,1.5277e-06,6.4495e-06,6.33877e-05,0.0064026948,0.0025083145,-1.41397e-05,0.0106752488,0.000148473,0.0030205406,8.385546,0.690109,0.456065,0.021389,0.82866,-0.067499,0.555258
1403638572.67823,4.07325,-1.679289,-0.345039,0.760281,-0.341445,0.512701,0.206219,0.000356559,-1.41996e-05,-0.000149736,1.4305e-06,5.9833e-06,6.38362e-05,0.0065064539,0.0025786034,-1.62097e-05,0.010594262,0.0001500701,0.0030225174,8.39967,0.625769,0.453987,0.024788,0.828895,-0.069946,0.554462
1403638572.72824,4.067722,-1.729433,-0.339626,0.76108,-0.341384,0.50989,0.210303,0.0003562993,-1.0906e-05,-0.0001502818,1.1276e-06,4.636e-06,6.43019e-05,0.0065773445,0.0026563073,-1.67704e-05,0.0105072886,0.0001485893,0.0030213853,8.415144,0.561187,0.454018,0.029884,0.829345,-0.070018,0.553528
1403638572.82824,4.017496,-1.8459,-0.328771,0.763173,-0.340381,0.504849,0.216414,0.0003547336,-5.2551e-06,-0.0001522137,8.598e-07,2.2843e-06,6.62236e-05,0.0067822179,0.0028055546,-1.94814e-05,0.0104312181,0.0001514641,0.0030262274,8.448926,0.432262,0.460784,0.037357,0.83095,-0.068414,0.550861
1403638572.87824,3.992412,-1.903004,-0.318619,0.76437,-0.339913,0.502651,0.218039,0.0003538061,-3.3574e-06,-0.0001532071,8.017e-07,1.4814e-06,6.72489e-05,0.0068934989,0.002875533,-2.11474e-05,0.0103662789,0.0001526299,0.0030286954,8.467788,0.368248,0.467224,0.039565,0.831931,-0.067581,0.549325
1403638573.07824,3.912772,-2.141994,-0.279028,0.76841,-0.33737,0.498035,0.218377,0.0003510163,-3.304e-07,-0.0001560691,7.556e-07,1.71e-07,7.03002e-05,0.0073959104,0.0031656133,-3.04846e-05,0.0101523927,0.0001611664,0.0030419804,8.553885,0.117873,0.49667,0.041391,0.834897,-0.063849,0.545122
1403638573.12824,3.890977,-2.204335,-0.27399,0.769432,-0.336769,0.497164,0.217691,0.0003502365,-9.09e-08,-0.0001568118,7.218e-07,5.92e-08,7.11064e-05,0.0075124869,0.0032333704,-3.50169e-05,0.0100971133,0.0001585347,0.0030415063,8.57727,0.056769,0.500849,0.040894,0.835683,-0.062844,0.54407
1403638573.17824,3.873868,-2.267162,-0.268963,0.769853,-0.336117,0.497304,0.216887,0.0003501143,-2.876e-07,-0.0001569817,7.087e-07,1.449e-07,7.12739e-05,0.0076525113,0.0033056223,-3.76239e-05,0.0100383037,0.0001571633,0.0030422353,8.602188,-0.0039,0.50412,0.040023,0.835887,-0.062116,0.543905
1403638573.37826,3.808423,-2.509467,-0.243052,0.771672,-0.332908,0.497462,0.215003,0.000349554,-2.067e-07,-0.0001576995,6.143e-07,1.023e-07,7.19988e-05,0.008209267,0.0036141594,-3.31455e-05,0.0098920029,0.000156607,0.0030397315,8.715542,-0.241683,0.516516,0.037823,0.836766,-0.058644,0.543097
1403638573.42826,3.794029,-2.576557,-0.239385,0.77198,-0.332994,0.496287,0.216474,0.0003494014,1.2504e-06,-0.0001578802,6.054e-07,-5.611e-07,7.21828e-05,0.0083377045,0.0036569733,-3.29385e-05,0.0098043734,0.0001541647,0.0030378269,8.747188,-0.300187,0.520762,0.039575,0.837171,-0.058632,0.542349
1403638573.52828,3.806578,-2.659271,-0.230129,0.77181,-0.333001,0.494877,0.220264,0.0003496062,3.3002e-06,-0.0001576909,5.797e-07,-1.4897e-06,7.19123e-05,0.0086352009,0.0038181425,-1.57151e-05,0.0097137283,0.0001343165,0.003005594,8.818129,-0.415395,0.534126,0.042885,0.837035,-0.058799,0.542288
1403638573.62827,3.801054,-2.792879,-0.211718,0.771419,-0.333545,0.494556,0.221527,0.000349796,4.4318e-06,-0.0001575972,6.014e-07,-2.0064e-06,7.1777e-05,0.008847906,0.0039653218,-1.69399e-05,0.0097749802,0.0001315498,0.003005609,8.896433,-0.528323,0.556983,0.044267,0.836888,-0.059393,0.542339
1403638574.42829,3.872503,-3.796005,-0.087492,0.670475,-0.459981,0.501241,0.296036,0.0003767178,-2.56775e-05,-0.0001278007,2.3292e-06,8.6755e-06,4.40634e-05,0.0119576671,0.0055303634,-5.7523e-05,0.0100829267,0.0001393115,0.0030619825,9.612678,-1.349832,0.695382,0.112549,0.783457,-0.212363,0.5731
1403638574.47829,3.869706,-3.856742,-0.090129,0.665312,-0.469694,0.495286,0.302388,0.000375673,-2.53691e-05,-0.000129272,2.2908e-06,8.689e-06,4.51833e-05,0.0121839796,0.0056355218,-6.13892e-05,0.0101081148,0.0001384205,0.0030662499,9.648969,-1.401078,0.694234,0.120568,0.781781,-0.223223,0.56962
1403638575.12829,3.765375,-4.555746,-0.019631,0.652587,-0.508871,0.456149,0.327274,0.0003648349,-1.49725e-05,-0.0001444611,1.229e-06,5.8782e-06,5.79477e-05,0.0149769584,0.006435131,-0.000133953,0.0100678918,0.0001633382,0.0031635838,10.048936,-2.068719,0.763523,0.157131,0.782752,-0.264528,0.540958
1403638575.17829,3.755853,-4.607749,-0.018764,0.651538,-0.51038,0.458064,0.324328,0.0003645077,-1.80726e-05,-0.000144532,1.5124e-06,7.118e-06,5.80588e-05,0.015210192,0.0064861907,-0.0001405568,0.0100654981,0.0001658123,0.0031732384,10.077416,-2.119572,0.764957,0.153715,0.782267,-0.266277,0.541782
1403638575.27829,3.736366,-4.712127,-0.019956,0.650331,-0.511309,0.461312,0.32066,0.0003645945,-2.18866e-05,-0.000144072,1.9346e-06,8.6037e-06,5.76875e-05,0.0156784843,0.0065852619,-0.0001560717,0.0100684527,0.0001711777,0.0031957911,10.133124,-2.223262,0.765262,0.149187,0.7814,-0.267557,0.543666
1403638575.6283,3.659394,-5.031344,-0.052077,0.667297,-0.503453,0.447536,0.317743,0.0003566423,-1.101e-05,-0.0001537218,9.426e-07,4.7071e-06,6.70307e-05,0.0174057067,0.0069073505,-0.0001859765,0.0099218983,0.0002028888,0.0032614135,10.325267,-2.61224,0.739165,0.150588,0.794826,-0.254514,0.529909
1403638575.6783,3.645868,-5.087553,-0.053516,0.669868,-0.500484,0.445458,0.319937,0.0003565874,-7.0863e-06,-0.0001540708,7.44e-07,3.0211e-06,6.73463e-05,0.0173975852,0.0068931311,-0.0001829146,0.0099462811,0.0002044723,0.0032630335,10.35421,-2.672109,0.737646,0.153368,0.796249,-0.250859,0.528713
1403638575.7283,3.637452,-5.154689,-0.054364,0.673246,-0.498583,0.442141,0.320416,0.0003549652,-3.9737e-06,-0.0001557495,6.446e-07,1.702e-06,6.9108e-05,0.0176708399,0.0069459081,-0.000181002,0.0099097626,0.0002150086,0.0032096108,10.383263,-2.732235,0.738218,0.155076,0.798766,-0.24794,0.525787
1403638575.7783,3.624381,-5.210912,-0.05168,0.676205,-0.496998,0.438699,0.321376,0.0003533725,-9.438e-07,-0.0001573146,6.049e-07,3.764e-07,7.08101e-05,0.0180057877,0.0070173926,-0.0001899101,0.0099233647,0.0002204353,0.0032201785,10.412828,-2.792484,0.740734,0.157133,0.801049,-0.245467,0.522858
1403638576.0283,3.603631,-5.415361,-0.007818,0.680949,-0.493139,0.435939,0.32106,0.0003515369,2.4432e-06,-0.0001591084,5.394e-07,-1.1236e-06,7.26878e-05,0.0191841071,0.007421993,-1.65622e-05,0.0094286482,0.0001386206,0.0030715367,10.58309,-3.097249,0.788267,0.157785,0.804284,-0.240286,0.520093
1403638576.07829,3.594643,-5.475749,0.008174,0.680959,-0.492416,0.436137,0.321878,0.0003521046,3.1234e-06,-0.0001586614,5.521e-07,-1.4267e-06,7.21701e-05,0.0190098615,0.0074193821,-1.5719e-05,0.00948891,0.0001399861,0.0030733313,10.620796,-3.158134,0.803937,0.158449,0.804091,-0.239505,0.52055
1403638576.12829,3.590294,-5.53691,0.025459,0.680526,-0.492591,0.436586,0.321918,0.0003524693,2.7953e-06,-0.0001584164,5.496e-07,-1.2754e-06,7.18792e-05,0.0193145808,0.0074846621,-1.58885e-05,0.0094812606,0.0001420569,0.0030762565,10.65966,-3.219111,0.821011,0.158362,0.803746,-0.239797,0.520974
1403638576.37822,3.531142,-5.917484,0.095688,0.679861,-0.487493,0.435872,0.331897,0.0003555504,1.04347e-05,-0.0001548267,8.324e-07,-4.5729e-06,6.80602e-05,0.0208045841,0.0079075125,-1.41283e-05,0.0093773541,0.0001128932,0.0030560574,10.863906,-3.527997,0.89632,0.167781,0.802007,-0.233878,0.52339
1403638576.42822,3.532156,-5.979681,0.106162,0.681111,-0.486597,0.433861,0.33328,0.0003550756,1.20474e-05,-0.0001550843,9.355e-07,-5.2927e-06,6.83756e-05,0.0214820105,0.0079455664,-1.50409e-05,0.0092245449,0.0001120187,0.0030571887,10.907171,-3.588465,0.90767,0.169823,0.802907,-0.232646,0.521898
1403638576.47821,3.51639,-6.041995,0.114678,0.681882,-0.485148,0.431955,0.336279,0.0003548641,1.50336e-05,-0.0001547836,1.1642e-06,-6.5919e-06,6.81489e-05,0.0217830779,0.0080447936,-1.44442e-05,0.0092252597,0.0001105698,0.0030575332,10.951849,-3.648648,0.917936,0.173006,0.803366,-0.230516,0.521091
1403638576.92822,3.623805,-6.667563,0.140254,0.676272,-0.47528,0.440618,0.350173,0.0003657864,2.13628e-05,-0.0001437642,1.8051e-06,-8.4361e-06,5.71506e-05,0.0252236174,0.0091071373,-1.49433e-05,0.0095020398,9.87648e-05,0.0030697985,11.431245,-4.146999,0.963659,0.183883,0.794704,-0.223449,0.533589
1403638577.27822,3.778675,-7.126102,0.144059,0.667562,-0.48252,0.453058,0.340989,0.0003702389,6.8522e-06,-0.0001408202,7.022e-07,-2.638e-06,5.42211e-05,0.0280732217,0.0102915498,-1.82665e-05,0.0100568799,8.88458e-05,0.0030825045,11.8823,-4.474364,0.975981,0.171133,0.788799,-0.23305,0.5424
1403638577.42822,3.853342,-7.32027,0.17099,0.673138,-0.475488,0.445089,0.350274,0.0003690711,1.88101e-05,-0.0001412245,1.5439e-06,-7.2381e-06,5.47046e-05,0.0293089117,0.0108165822,-2.14863e-05,0.0103130224,8.25281e-05,0.0030887181,12.075591,-4.600105,1.007214,0.182634,0.791716,-0.224509,0.537985
1403638577.47821,3.879181,-7.385485,0.181778,0.673622,-0.474002,0.444188,0.352495,0.0003693137,2.0983e-05,-0.0001406815,1.7792e-06,-8.0359e-06,5.42513e-05,0.0297393593,0.0109950604,-2.32928e-05,0.0103945753,8.00276e-05,0.0030902759,12.140819,-4.639506,1.020082,0.185102,0.791682,-0.222916,0.537854
1403638577.52821,3.906564,-7.450082,0.191303,0.673701,-0.47499,0.444546,0.350557,0.000368869,1.94817e-05,-0.0001414262,1.6171e-06,-7.5125e-06,5.48851e-05,0.0301577194,0.011179342,-2.47768e-05,0.0104842444,7.77453e-05,0.003092073,12.206798,-4.677355,1.031772,0.183253,0.792096,-0.223774,0.53752
1403638577.5782,3.936246,-7.515941,0.198988,0.673716,-0.475812,0.444602,0.349341,0.0003684996,1.85297e-05,-0.0001419857,1.5212e-06,-7.1826e-06,5.53689e-05,0.0305773795,0.0113690639,-2.60481e-05,0.0105752837,7.55852e-05,0.003094034,12.27297,-4.713728,1.042259,0.182212,0.792383,-0.224558,0.537124
1403638577.72817,3.999072,-7.716987,0.226241,0.672588,-0.478874,0.446316,0.34512,0.0003681251,1.434e-05,-0.0001429951,1.1539e-06,-5.6113e-06,5.62131e-05,0.0317854822,0.0119525867,-2.28178e-05,0.0108782539,7.95288e-05,0.0030970932,12.471672,-4.815348,1.063917,0.177606,0.792422,-0.227331,0.537442
1403638577.82817,4.058607,-7.837441,0.231327,0.672363,-0.480153,0.447216,0.342606,0.0003677466,1.20087e-05,-0.0001436933,9.912e-07,-4.7327e-06,5.68185e-05,0.0327390734,0.0122778953,-2.27815e-05,0.0110017928,7.70834e-05,0.0030996256,12.604978,-4.878113,1.069003,0.174968,0.792642,-0.228498,0.537489
1403638577.97817,4.154499,-8.017055,0.232733,0.672814,-0.478465,0.447775,0.343351,0.000368414,1.29128e-05,-0.0001430288,1.059e-06,-5.0552e-06,5.62064e-05,0.033968597,0.012892281,-2.37526e-05,0.0113536134,7.38589e-05,0.0031055205,12.808169,-4.965547,1.06983,0.175459,0.792537,-0.226623,0.538277
1403638578.02817,4.182523,-8.07885,0.235614,0.672555,-0.478256,0.448359,0.343388,0.0003686818,1.27108e-05,-0.000142644,1.0405e-06,-4.9588e-06,5.58657e-05,0.0343830456,0.0130915335,-2.19554e-05,0.0114551089,7.40356e-05,0.0031053514,12.877199,-4.992669,1.071235,0.175229,0.792239,-0.226314,0.53892
1403638578.17816,4.289542,-8.247322,0.264263,0.669294,-0.481169,0.454906,0.33702,0.0003700601,4.9116e-06,-0.0001416524,6.707e-07,-1.9174e-06,5.49023e-05,0.0356359975,0.0137554949,-2.34478e-05,0.0118272548,7.76529e-05,0.0031027481,13.088091,-5.068594,1.087153,0.167139,0.79008,-0.23024,0.542982
1403638578.22816,4.317478,-8.295802,0.268685,0.666176,-0.484656,0.459244,0.332286,0.0003704006,-1.3048e-06,-0.0001411856,6.029e-07,4.661e-07,5.44926e-05,0.0359912107,0.0139642233,-2.27634e-05,0.0119358149,7.81963e-05,0.0031002167,13.15947,-5.092911,1.095553,0.16097,0.78845,-0.23427,0.545487
1403638578.47816,4.510337,-8.544698,0.288553,0.662481,-0.488889,0.465006,0.325385,0.0003705342,-9.4009e-06,-0.0001405773,8.42e-07,3.5442e-06,5.40096e-05,0.0379903289,0.0150957129,-1.24259e-05,0.0125298854,7.39787e-05,0.0030952456,13.509972,-5.215019,1.135012,0.153279,0.786213,-0.240105,0.548383
1403638578.52816,4.536939,-8.592481,0.286218,0.66224,-0.489483,0.464918,0.32511,0.0003701223,-9.9656e-06,-0.0001406925,8.684e-07,3.7661e-06,5.41543e-05,0.0380738166,0.0152888962,-6.8423e-06,0.0126737065,7.35801e-05,0.0030934981,13.577501,-5.239429,1.138696,0.153017,0.786265,-0.240632,0.548151
1403638578.57816,4.55474,-8.643731,0.286133,0.661655,-0.490005,0.464895,0.325547,0.0003700911,-1.00614e-05,-0.0001404118,8.719e-07,3.7953e-06,5.39426e-05,0.038377836,0.0154704437,-2.4763e-06,0.0127607675,7.43883e-05,0.0030930127,13.644393,-5.263871,1.141667,0.153234,0.786007,-0.240942,0.548324
1403638578.72816,4.636829,-8.799633,0.285339,0.662426,-0.487489,0.462912,0.330543,0.0003709998,-5.6038e-06,-0.0001394363,6.874e-07,2.0812e-06,5.30811e-05,0.0395460628,0.0160535217,-8.64e-08,0.0130551143,7.4798e-05,0.0030954867,13.841689,-5.338691,1.144818,0.158459,0.785975,-0.238102,0.548126
1403638578.77817,4.663532,-8.853688,0.283828,0.663613,-0.485512,0.461047,0.333664,0.0003710977,-2.2228e-06,-0.0001391415,6.148e-07,8.063e-07,5.28447e-05,0.0398529645,0.0162129839,2.1536e-06,0.0131249045,7.52155e-05,0.0030958262,13.906337,-5.363719,1.143922,0.162001,0.786472,-0.235775,0.547383
1403638578.87817,4.715855,-8.958923,0.278713,0.666053,-0.481837,0.457388,0.339121,0.0003710782,4.0044e-06,-0.0001388646,6.464e-07,-1.5291e-06,5.26419e-05,0.0406252625,0.0166284034,3.8195e-06,0.013339231,7.56213e-05,0.003097082,14.035614,-5.412711,1.139098,0.168236,0.787604,-0.231321,0.545773
1403638579.17818,4.898851,-9.25954,0.292082,0.667831,-0.477819,0.45632,0.342729,0.0003716035,8.175e-06,-0.0001378516,7.95e-07,-3.0654e-06,5.18292e-05,0.0429854561,0.017927184,8.6689e-06,0.0140539318,7.32544e-05,0.0031009053,14.421064,-5.54375,1.145026,0.171757,0.78807,-0.226779,0.545908
1403638579.22818,4.930475,-9.307881,0.300004,0.667761,-0.477712,0.456602,0.342639,0.0003714346,8.1112e-06,-0.0001375536,7.876e-07,-3.0355e-06,5.16279e-05,0.0432402219,0.0181310474,9.6471e-06,0.0141640825,7.40069e-05,0.0031004244,14.48365,-5.561892,1.152395,0.171517,0.788012,-0.226659,0.546119
1403638579.47818,5.094485,-9.549746,0.338765,0.659838,-0.487265,0.468351,0.328381,0.0003718096,-9.5108e-06,-0.0001365771,8.608e-07,3.4738e-06,5.08673e-05,0.0450623307,0.0192635461,1.41152e-05,0.0148618969,7.1995e-05,0.0031052871,14.793514,-5.643339,1.194169,0.153878,0.783902,-0.238044,0.552411
1403638579.52819,5.126906,-9.603524,0.338811,0.658653,-0.487652,0.470992,0.326403,0.0003718939,-1.19823e-05,-0.0001356496,9.942e-07,4.3549e-06,5.01715e-05,0.0453981064,0.0195029615,1.63265e-05,0.0149833021,7.14177e-05,0.003105125,14.854604,-5.658988,1.199911,0.150926,0.783046,-0.238787,0.554113
1403638579.77822,5.280789,-9.811656,0.346587,0.666375,-0.452904,0.494567,0.325922,0.0003842411,-5.7762e-06,-0.0001196834,7.019e-07,1.7813e-06,3.79653e-05,0.0472361045,0.0206089364,2.10778e-05,0.0156645427,6.89154e-05,0.003108906,15.15013,-5.73452,1.214443,0.142686,0.778661,-0.203591,0.576098
1403638579.92822,5.380541,-9.932807,0.33357,0.694466,-0.417938,0.498983,0.306693,0.00038002,3.2844e-06,-0.0001252181,6.42e-07,-1.1028e-06,4.19632e-05,0.0480432561,0.0211881532,2.07948e-05,0.0160515813,6.96045e-05,0.0031104398,15.316222,-5.76986,1.206863,0.12332,0.793488,-0.161484,0.573685
1403638580.07822,5.472892,-10.040976,0.311122,0.715819,-0.368864,0.521693,0.281742,0.0003843184,7.2028e-06,-0.0001189989,7.538e-07,-2.2512e-06,3.75565e-05,0.048969431,0.0218422672,2.04718e-05,0.0165070654,7.07121e-05,0.0031109966,15.475589,-5.795146,1.192025,0.092292,0.797332,-0.108064,0.586643
1403638580.12823,5.501446,-10.075088,0.303024,0.720962,-0.350299,0.532544,0.271847,0.0003870697,7.3877e-06,-0.0001146897,7.562e-07,-2.2086e-06,3.46905e-05,0.0492651015,0.0220617582,2.00974e-05,0.0166480898,7.3189e-05,0.0031090111,15.525175,-5.800487,1.186284,0.07925,0.796048,-0.088757,0.593459
1403638580.27824,5.599753,-10.155755,0.269946,0.742422,-0.295311,0.554266,0.233218,0.0003890445,7.4114e-06,-0.0001116062,7.583e-07,-2.1386e-06,3.27338e-05,0.0499407876,0.0225831653,2.04671e-05,0.0170248622,7.7774e-05,0.0031074798,15.662358,-5.808317,1.161273,0.035814,0.797967,-0.030011,0.600973
1403638580.32823,5.638936,-10.182587,0.257515,0.750422,-0.279972,0.557721,0.217784,0.0003875934,5.6916e-06,-0.0001138722,6.999e-07,-1.6819e-06,3.4177e-05,0.0501468329,0.0228209172,2.02987e-05,0.017213025,8.05923e-05,0.0031039396,15.703668,-5.808922,1.150021,0.020286,0.800372,-0.01313,0.599046
1403638580.52823,5.730314,-10.262652,0.193687,0.770531,-0.244025,0.564936,0.166079,0.000381901,-8.0629e-06,-0.0001224071,8.024e-07,2.5883e-06,3.99879e-05,0.0508508042,0.0234094407,2.01953e-05,0.0176981384,8.34001e-05,0.0031073098,15.84948,-5.812407,1.095418,0.030839,-0.807441,-0.027496,-0.588525
1403638580.62823,5.762748,-10.297522,0.159435,0.777958,-0.229891,0.565186,0.149987,0.0003793411,-1.0655e-05,-0.0001258455,9.399e-07,3.544e-06,4.2518e-05,0.0512156428,0.0236689138,2.22068e-05,0.017912375,8.4372e-05,0.0031087638,15.913823,-5.815704,1.064503,0.046124,-0.809723,-0.043346,-0.583396
1403638580.72823,5.789962,-10.331092,0.128835,0.787927,-0.213641,0.561126,0.136624,0.0003748887,-9.7682e-06,-0.0001317827,9.032e-07,3.4472e-06,4.71125e-05,0.0515202755,0.0238498829,2.47919e-05,0.0180641518,8.57122e-05,0.0031101921,15.974006,-5.820249,1.036314,0.057397,-0.813709,-0.06204,-0.575103
1403638580.82823,5.811003,-10.365436,0.10787,0.795237,-0.200373,0.557324,0.129762,0.0003716425,-6.7456e-06,-0.0001360214,7.786e-07,2.4849e-06,5.05871e-05,0.0518269451,0.0240042022,2.79844e-05,0.0181906598,8.72612e-05,0.0031116007,16.030509,-5.827188,1.016515,0.062637,-0.816174,-0.077107,-0.569205
1403638580.97823,5.841769,-10.427893,0.097698,0.799571,-0.191308,0.555982,0.122355,0.0003698177,-6.7841e-06,-0.0001382854,7.539e-07,2.5761e-06,5.24937e-05,0.0522806576,0.0242231132,2.83473e-05,0.0182958892,0.0001021601,0.0031117461,16.111968,-5.839465,1.004063,0.06927,-0.817151,-0.087278,-0.565552
1403638581.02823,5.84843,-10.444219,0.100286,0.800044,-0.190074,0.555906,0.121535,0.0003695982,-6.6756e-06,-0.0001385945,7.532e-07,2.5447e-06,5.27592e-05,0.0525751571,0.0243394456,3.05284e-05,0.0183607406,0.0001031304,0.003110807,16.138763,-5.844017,1.004368,0.070095,-0.817205,-0.088696,-0.565152
1403638581.07824,5.853841,-10.465814,0.109364,0.800398,-0.189609,0.555618,0.121248,0.0003694371,-6.5564e-06,-0.0001388268,7.505e-07,2.5077e-06,5.29591e-05,0.0527271248,0.0243982275,3.27331e-05,0.0184006852,0.000105949,0.0031084074,16.166522,-5.848426,1.007395,0.070413,-0.817335,-0.089498,-0.564798
1403638581.27824,5.885931,-10.52746,0.129309,0.800302,-0.187721,0.554907,0.127889,0.0003701892,-1.5032e-06,-0.0001383708,6.552e-07,6.074e-07,5.25274e-05,0.0533921697,0.0246518021,3.95269e-05,0.0185891419,0.0001086604,0.0031148279,16.275661,-5.866196,1.031146,0.063959,-0.816644,-0.091293,-0.566276
1403638581.32824,5.89343,-10.5396,0.137966,0.800112,-0.188467,0.554604,0.12929,0.000370252,-9.188e-07,-0.0001383654,6.529e-07,3.928e-07,5.25136e-05,0.0535085111,0.0247018645,4.15903e-05,0.0186356733,0.0001076921,0.0031132602,16.301944,-5.870307,1.036634,0.062597,-0.816736,-0.090547,-0.566416
1403638581.42824,5.907811,-10.563837,0.153007,0.798332,-0.189539,0.55602,0.132601,0.0003717695,2.886e-07,-0.0001367382,6.562e-07,-5.23e-08,5.1099e-05,0.0537559199,0.0247991596,4.54879e-05,0.0187268295,0.0001070625,0.0031143872,16.361441,-5.878607,1.055663,0.060029,-0.81542,-0.088919,-0.568841
1403638581.47823,5.915465,-10.572523,0.164492,0.797125,-0.190641,0.557059,0.13391,0.0003726894,3.467e-07,-0.0001357183,6.573e-07,-6.75e-08,5.02253e-05,0.0538414955,0.0248407025,4.7401e-05,0.0187744841,0.0001052473,0.0031128544,16.388644,-5.882002,1.065479,0.059219,-0.814662,-0.08746,-0.570236
1403638581.52823,5.923172,-10.580514,0.17754,0.797175,-0.191852,0.55624,0.135282,0.0003724208,8.096e-07,-0.0001361018,6.598e-07,-2.327e-07,5.05397e-05,0.0539210671,0.0248809012,4.92013e-05,0.0188231941,0.0001032816,0.0031115353,16.415695,-5.88509,1.077277,0.057715,-0.815132,-0.08629,-0.569897
1403638581.57827,5.935266,-10.586656,0.213346,0.796788,-0.19273,0.555957,0.137461,0.0003726908,1.5497e-06,-0.0001357936,6.306e-07,-5.089e-07,5.02677e-05,0.0539832999,0.0249513691,4.86537e-05,0.0187755245,0.0001022049,0.0030998189,16.442623,-5.887703,1.090404,0.056084,-0.814982,-0.085489,-0.570396
1403638581.62828,5.954798,-10.603652,0.230141,0.794891,-0.193267,0.557858,0.139967,0.0003741803,2.3971e-06,-0.0001340132,6.324e-07,-8.014e-07,4.87493e-05,0.0540269329,0.0250345824,4.61342e-05,0.0188167825,0.0001051453,0.0030976373,16.469674,-5.889698,1.103464,0.054789,-0.813392,-0.084385,-0.57295
1403638581.67828,5.96525,-10.612006,0.243008,0.792685,-0.19296,0.560387,0.142769,0.0003762495,3.8593e-06,-0.0001314865,6.495e-07,-1.2929e-06,4.66942e-05,0.0541752007,0.025165071,4.61907e-05,0.0189003079,0.0001053489,0.0030964044,16.496217,-5.891239,1.115318,0.053074,-0.811196,-0.083895,-0.576287
1403638582.02828,6.089355,-10.715886,0.315711,0.778712,-0.194381,0.576701,0.152445,0.0003877412,4.0477e-06,-0.0001159032,5.791e-07,-1.1542e-06,3.52867e-05,0.0546467854,0.0255015938,3.16289e-05,0.0190721057,0.0001262025,0.0030878239,16.654807,-5.890404,1.154262,0.051461,-0.798068,-0.078097,-0.595264
1403638582.07826,6.141722,-10.743776,0.33046,0.781011,-0.195289,0.573546,0.151426,0.0003855896,4.5366e-06,-0.0001190294,5.702e-07,-1.3481e-06,3.73549e-05,0.0550744811,0.026075327,2.68941e-05,0.0194543996,0.0001281464,0.0030830969,16.671794,-5.889035,1.156269,0.051713,-0.80042,-0.077601,-0.592144
1403638582.17826,6.163055,-10.758999,0.346223,0.788587,-0.19813,0.562966,0.148136,0.000378783,4.0773e-06,-0.000128449,5.545e-07,-1.3308e-06,4.4177e-05,0.0553379083,0.0264370025,2.70517e-05,0.0197458958,0.0001245879,0.0030826869,16.701615,-5.885381,1.165263,0.051381,-0.808448,-0.07753,-0.581174
1403638582.47822,6.245024,-10.80382,0.462771,0.787119,-0.194535,0.564898,0.153266,0.0003809943,8.3887e-06,-0.0001256052,6.937e-07,-2.7278e-06,4.20375e-05,0.0554490368,0.0267361707,2.99705e-05,0.020002436,0.0001205583,0.0030879502,16.773565,-5.865284,1.243904,0.047429,-0.805578,-0.080413,-0.585089
1403638582.52821,6.254641,-10.81192,0.48976,0.786395,-0.194345,0.565886,0.153581,0.0003814007,8.55e-06,-0.0001250148,6.976e-07,-2.7653e-06,4.16034e-05,0.0557798638,0.0270115635,3.02526e-05,0.0201958751,0.0001183557,0.0030877318,16.782309,-5.860482,1.263947,0.047553,-0.804795,-0.08048,-0.586146
1403638582.62821,6.266869,-10.813722,0.549917,0.786179,-0.19409,0.566072,0.15432,0.0003816307,9.0847e-06,-0.0001247332,7.262e-07,-2.9331e-06,4.13987e-05,0.0558198137,0.0271019956,3.23245e-05,0.0202842497,0.0001140345,0.0030905567,16.796398,-5.849545,1.309497,0.047045,-0.804454,-0.08088,-0.5866
1403638582.7282,6.28136,-10.812914,0.619005,0.78875,-0.19507,0.562307,0.153727,0.0003793438,9.1316e-06,-0.0001278908,7.309e-07,-3.0439e-06,4.37581e-05,0.0558002749,0.0271433341,3.59866e-05,0.0203377885,0.000110711,0.003094795,16.805868,-5.836622,1.360822,0.046429,-0.807179,-0.080997,-0.582878
1403638582.8282,6.28081,-10.814489,0.697898,0.790034,-0.19679,0.559845,0.153926,0.0003779159,8.9074e-06,-0.0001296983,7.175e-07,-3.0272e-06,4.51613e-05,0.0557666164,0.0271940395,4.26018e-05,0.020408137,0.0001079072,0.0030987635,16.812395,-5.82171,1.417669,0.046089,-0.808763,-0.080608,-0.580758
1403638583.0782,6.321763,-10.78693,0.867699,0.795209,-0.200484,0.551523,0.152551,0.0003725369,8.2812e-06,-0.0001365541,7.086e-07,-3.0067e-06,5.0738e-05,0.0555778958,0.0272378744,5.70707e-05,0.0205326649,9.60988e-05,0.0031165387,16.816129,-5.776341,1.538669,0.044768,-0.814844,-0.079059,-0.572517
1403638583.2282,6.396148,-10.768516,0.94672,0.797652,-0.200941,0.548151,0.151341,0.0003700644,8.0862e-06,-0.000139207,7.076e-07,-3.0138e-06,5.30635e-05,0.0553137839,0.0273086742,6.37521e-05,0.0206701142,8.92468e-05,0.0031287059,16.814103,-5.743782,1.589561,0.044156,-0.817343,-0.078359,-0.569087
1403638583.2782,6.436097,-10.760195,0.964505,0.797964,-0.200696,0.548006,0.150546,0.0003694623,7.7399e-06,-0.0001394366,6.896e-07,-2.8939e-06,5.33217e-05,0.0551609676,0.0275748656,6.16204e-05,0.0209635614,8.9256e-05,0.00312977,16.813658,-5.731787,1.603715,0.044527,-0.81764,-0.07804,-0.568676
1403638583.3782,6.476228,-10.741206,1.003907,0.79774,-0.199858,0.548582,0.15075,0.000369888,8.1603e-06,-0.0001389184,7.123e-07,-3.0389e-06,5.28786e-05,0.0549654225,0.0277647689,6.80156e-05,0.0212329993,8.51069e-05,0.0031388109,16.812759,-5.706451,1.62782,0.044316,-0.817176,-0.078308,-0.569321
1403638583.6782,6.578469,-10.663166,1.121113,0.798721,-0.197921,0.547378,0.152476,0.0003693864,1.03628e-05,-0.0001395475,8.429e-07,-3.8963e-06,5.3438e-05,0.0543557187,0.0280354055,9.49043e-05,0.0217523056,7.29191e-05,0.0031740596,16.813124,-5.617864,1.712019,0.041918,-0.817558,-0.079796,-0.568749
1403638583.7782,6.618086,-10.629519,1.162098,0.798474,-0.197723,0.547919,0.152085,0.0003697367,1.01227e-05,-0.0001391595,8.33e-07,-3.794e-06,5.31014e-05,0.0539242481,0.0281487745,9.9088e-05,0.022015234,7.21975e-05,0.0031835251,16.813146,-5.58383,1.747318,0.042387,-0.817265,-0.079652,-0.569154
1403638583.8282,6.642532,-10.611973,1.179962,0.798464,-0.197042,0.54799,0.15276,0.0003698917,1.08565e-05,-0.0001389289,8.781e-07,-4.0629e-06,5.29094e-05,0.0537144839,0.0282044318,0.0001065035,0.0221507085,7.09778e-05,0.0031901625,16.813225,-5.566128,1.762856,0.041707,-0.817018,-0.080087,-0.569499
1403638584.02819,6.716264,-10.541558,1.239266,0.796936,-0.196242,0.55031,0.153429,0.0003715623,1.10972e-05,-0.0001370853,9.068e-07,-4.0802e-06,5.1319e-05,0.05309611,0.0283718691,0.0001306744,0.0225673789,6.72905e-05,0.003219647,16.814782,-5.488814,1.809714,0.041872,-0.815281,-0.080237,-0.57195
1403638584.12817,6.750783,-10.501162,1.2533,0.789874,-0.19317,0.560428,0.157177,0.0003785397,1.25793e-05,-0.000128451,1.0006e-06,-4.2559e-06,4.43244e-05,0.0526865092,0.028435659,0.0001422865,0.0227918236,6.92074e-05,0.003227694,16.814682,-5.446779,1.827732,0.04159,-0.807566,-0.080628,-0.582761
1403638584.17816,6.714571,-10.449089,1.20122,0.784788,-0.192507,0.567159,0.159309,0.0003826039,1.26409e-05,-0.0001227275,9.957e-07,-4.0449e-06,4.00913e-05,0.0524125716,0.0284589729,0.0001114439,0.0228696119,8.76726e-05,0.0031928308,16.814003,-5.424981,1.835381,0.042336,-0.802584,-0.080391,-0.589584
1403638584.27816,6.704752,-10.385153,1.170172,0.775471,-0.191009,0.57992,0.160789,0.0003900552,1.12654e-05,-0.0001116952,8.987e-07,-3.2213e-06,3.26892e-05,0.0516846416,0.0281770468,8.43922e-05,0.0227519519,0.0001017067,0.0031592443,16.809889,-5.380095,1.846164,0.045221,-0.793364,-0.078919,-0.601917
1403638584.32816,6.698196,-10.353764,1.148604,0.77352,-0.189989,0.582426,0.162327,0.0003914615,1.20682e-05,-0.0001090147,9.386e-07,-3.3594e-06,3.10514e-05,0.0512228885,0.0279337051,6.3604e-05,0.022585466,0.0001084815,0.0031222023,16.805358,-5.357408,1.848317,0.044489,-0.791238,-0.079264,-0.604716
1403638584.7282,6.732002,-10.115546,1.133212,0.776985,-0.191436,0.578112,0.159476,0.0003891039,1.06962e-05,-0.0001133801,8.952e-07,-3.1152e-06,3.3765e-05,0.0489868317,0.0274381482,6.38637e-05,0.0228039879,0.0001140176,0.0031265195,16.693073,-5.168056,1.855035,0.045909,-0.794794,-0.079452,-0.599903
1403638584.8282,6.73612,-10.039761,1.144221,0.785155,-0.194078,0.567187,0.155447,0.0003821458,9.4249e-06,-0.0001235475,8.363e-07,-3.045e-06,4.06756e-05,0.0483431648,0.0271481337,5.29628e-05,0.0226801122,0.0001108728,0.0031079062,16.645166,-5.118774,1.870322,0.045988,-0.80345,-0.07959,-0.588237
1403638585.12821,6.733138,-9.814015,1.173993,0.794384,-0.200133,0.554105,0.14788,0.0003729496,5.1436e-06,-0.0001356069,6.939e-07,-1.867e-06,5.0061e-05,0.0463069298,0.0265568143,5.06648e-05,0.0227356842,0.000111208,0.0030997177,16.489236,-4.966493,1.910838,0.048489,-0.814349,-0.076821,-0.573222
1403638585.17821,6.730226,-9.774863,1.17278,0.794188,-0.200355,0.554493,0.147176,0.0003730187,4.491e-06,-0.0001353554,6.759e-07,-1.6251e-06,4.98599e-05,0.0459805806,0.0264154732,4.89535e-05,0.0226779843,0.0001105135,0.00309541,16.462949,-4.940773,1.912897,0.049072,-0.814338,-0.076367,-0.573248
1403638585.37822,6.739211,-9.622354,1.155027,0.790268,-0.198313,0.560598,0.147911,0.0003767513,4.4234e-06,-0.0001304977,6.836e-07,-1.5267e-06,4.59395e-05,0.0446194518,0.0259882565,5.22291e-05,0.022681618,0.0001094402,0.0030924006,16.356697,-4.836896,1.910373,0.04972,-0.81017,-0.076109,-0.579103
1403638585.42822,6.738439,-9.581937,1.148456,0.790374,-0.198164,0.560573,0.147642,0.0003766403,4.3115e-06,-0.0001304322,6.796e-07,-1.4861e-06,4.58993e-05,0.0443091935,0.0259163086,5.26618e-05,0.0227096168,0.0001094641,0.0030906336,16.328646,-4.811014,1.906404,0.049777,-0.810304,-0.076085,-0.578913
1403638585.67822,6.733826,-9.379705,1.140913,0.794919,-0.197965,0.554361,0.14696,0.0003725158,5.4518e-06,-0.000135435,7.252e-07,-1.9739e-06,4.99863e-05,0.0426275937,0.0253719323,5.25448e-05,0.0227295785,0.0001105062,0.0030909271,16.187814,-4.679102,1.907278,0.048093,-0.814681,-0.077568,-0.572684
1403638585.77823,6.729096,-9.296912,1.151626,0.80001,-0.199603,0.547139,0.144159,0.0003672594,4.639e-06,-0.0001413117,7.055e-07,-1.7747e-06,5.51239e-05,0.0419405096,0.0251296093,5.21876e-05,0.0227081785,0.0001109764,0.0030898158,16.129193,-4.625806,1.919714,0.048164,-0.820166,-0.077569,-0.564795
1403638585.92823,6.733207,-9.175762,1.182428,0.804563,-0.202506,0.540276,0.140613,0.0003619694,2.6907e-06,-0.0001468828,6.727e-07,-1.0778e-06,6.0368e-05,0.0409565119,0.0248176977,5.21069e-05,0.0227420725,0.0001121671,0.0030899225,16.050179,-4.542849,1.953975,0.049092,-0.825596,-0.076196,-0.556935
1403638585.97825,6.722035,-9.133902,1.197536,0.80381,-0.203196,0.541185,0.140425,0.0003624502,2.0327e-06,-0.000146215,6.613e-07,-8.028e-07,5.97411e-05,0.0406109292,0.0247040847,5.20001e-05,0.0227397888,0.0001128939,0.0030891735,16.024999,-4.514864,1.969547,0.049688,-0.825261,-0.075395,-0.557486
1403638586.22827,6.736936,-8.93776,1.26098,0.7955,-0.202151,0.552628,0.144627,0.0003708073,2.4812e-06,-0.0001370611,6.805e-07,-8.981e-07,5.14111e-05,0.039075162,0.0242177208,5.25211e-05,0.0228258744,0.0001161581,0.0030914741,15.909858,-4.373893,2.037712,0.049453,-0.817203,-0.073626,-0.569485
1403638586.37829,6.742706,-8.823007,1.283644,0.790761,-0.198111,0.55905,0.151367,0.0003758778,6.878e-06,-0.0001306612,7.936e-07,-2.3725e-06,4.61604e-05,0.0381509553,0.0239078946,5.32911e-05,0.0228550238,0.0001193692,0.0030929567,15.844684,-4.289975,2.063681,0.045266,-0.811505,-0.075807,-0.577639
1403638586.52828,6.739166,-8.69935,1.296445,0.787916,-0.191822,0.562235,0.162121,0.0003789913,1.56999e-05,-0.0001256909,1.3216e-06,-5.192e-06,4.24176e-05,0.0372397768,0.0235999165,5.35793e-05,0.0228765881,0.0001230372,0.0030943973,15.778374,-4.204837,2.080009,0.03624,-0.80684,-0.08097,-0.584073
1403638586.57826,6.738688,-8.654372,1.298384,0.787853,-0.192201,0.56237,0.161514,0.0003789283,1.50707e-05,-0.0001256347,1.2672e-06,-4.9798e-06,4.23801e-05,0.0368651026,0.0234226359,5.40678e-05,0.0228064542,0.0001244909,0.0030940591,15.755096,-4.175305,2.082481,0.036758,-0.806979,-0.080495,-0.583913
1403638586.62823,6.762806,-8.64115,1.292525,0.788726,-0.192442,0.561843,0.158778,0.0003780025,1.34868e-05,-0.0001266618,1.1401e-06,-4.5011e-06,4.31597e-05,0.0365007102,0.0232994016,5.485e-05,0.0227840394,0.0001241519,0.0030927144,15.731588,-4.145181,2.083327,0.038271,-0.808091,-0.079441,-0.582421
1403638587.02823,6.767708,-8.283546,1.237718,0.787367,-0.196817,0.564326,0.151169,0.0003787783,6.0867e-06,-0.000126303,7.86e-07,-2.0025e-06,4.28539e-05,0.0341320618,0.0225050751,5.4594e-05,0.0229518522,0.0001298966,0.0030974513,15.531405,-3.895355,2.03891,0.046178,-0.808322,-0.074707,-0.582153
1403638587.07823,6.768663,-8.235579,1.227352,0.787489,-0.196976,0.564207,0.150773,0.0003785032,5.8348e-06,-0.0001264312,7.749e-07,-1.919e-06,4.29621e-05,0.0337436749,0.0223704623,5.4674e-05,0.0229593488,0.000128947,0.003095524,15.504236,-3.86361,2.029245,0.046384,-0.8085,-0.074421,-0.581926
1403638587.52823,6.746173,-7.801771,1.201106,0.791957,-0.198795,0.558223,0.147216,0.0003743673,4.2051e-06,-0.0001318659,7.628e-07,-1.4445e-06,4.72093e-05,0.0307128513,0.0211036255,5.22842e-05,0.0228947888,0.0001330626,0.0030997971,15.237704,-3.573316,2.005753,0.0476,-0.813388,-0.073916,-0.57504
1403638587.62822,6.744659,-7.709187,1.196088,0.792126,-0.199584,0.558053,0.14588,0.0003738997,3.0909e-06,-0.00013217,7.379e-07,-1.0534e-06,4.74717e-05,0.0300349861,0.0208366036,5.2249e-05,0.0228748079,0.0001322168,0.0030970888,15.177947,-3.508345,2.002785,0.048414,-0.813817,-0.072726,-0.574516
1403638587.72822,6.740755,-7.612629,1.185014,0.792005,-0.199495,0.558186,0.146145,0.0003738702,3.2045e-06,-0.0001319765,7.406e-07,-1.0884e-06,4.73315e-05,0.0294088792,0.0205837087,5.31825e-05,0.0228739135,0.0001316644,0.0030955903,15.118584,-3.443822,1.995236,0.048171,-0.813675,-0.072641,-0.574749
1403638587.77822,6.737833,-7.566316,1.178087,0.79178,-0.200068,0.558376,0.145855,0.0003738087,2.7503e-06,-0.0001318269,7.305e-07,-9.243e-07,4.72243e-05,0.0290868324,0.0204597206,5.38931e-05,0.0228751598,0.0001304862,0.003093503,15.088935,-3.411696,1.989638,0.048454,-0.813642,-0.071966,-0.574857
1403638587.82822,6.734959,-7.518191,1.170578,0.791647,-0.200688,0.558479,0.145328,0.0003736658,2.0879e-06,-0.0001318027,7.197e-07,-6.889e-07,4.7217e-05,0.0287739458,0.0203294147,5.46996e-05,0.0228635402,0.0001299744,0.0030924087,15.059488,-3.379534,1.982819,0.048969,-0.813695,-0.071327,-0.574817
1403638588.07821,6.714707,-7.279767,1.114259,0.790559,-0.200243,0.560093,0.145657,0.0003746618,2.1475e-06,-0.0001304451,7.351e-07,-6.96e-07,4.61502e-05,0.0272119078,0.0196090623,5.50849e-05,0.0227884181,0.0001283471,0.0030931902,14.910893,-3.221257,1.933342,0.049018,-0.812544,-0.071191,-0.576456
1403638588.37821,6.685952,-6.99604,1.037944,0.792103,-0.192509,0.557883,0.155819,0.0003745865,1.23661e-05,-0.0001298217,1.1469e-06,-4.2365e-06,4.57338e-05,0.0254173867,0.0187377837,5.4746e-05,0.0226730478,0.0001243,0.0030938989,14.728864,-3.031812,1.860711,0.038629,-0.811392,-0.078856,-0.577869
1403638588.47821,6.677537,-6.914122,1.027418,0.79214,-0.193721,0.557894,0.154081,0.0003741779,1.07934e-05,-0.0001301257,1.0475e-06,-3.6982e-06,4.59867e-05,0.0248676312,0.0184877404,5.66057e-05,0.0226417727,0.0001200031,0.0030904139,14.667223,-2.96436,1.848689,0.040298,-0.811703,-0.077877,-0.577451
1403638588.8282,6.639964,-6.552552,1.036442,0.789247,-0.198244,0.562486,0.146283,0.0003759281,2.7456e-06,-0.0001283002,7.836e-07,-8.721e-07,4.45348e-05,0.0228216203,0.0174141146,5.59929e-05,0.0224562985,0.000116596,0.0030955262,14.429529,-2.721006,1.863955,0.048739,-0.810519,-0.071932,-0.579233
1403638588.87818,6.647319,-6.54507,1.043253,0.789355,-0.199238,0.562556,0.144064,0.0003754505,9.761e-07,-0.0001285529,7.595e-07,-2.667e-07,4.47539e-05,0.0225683401,0.0173151491,5.68666e-05,0.0224518862,0.000118059,0.0030920206,14.394357,-2.686222,1.866084,0.050341,-0.810921,-0.070333,-0.57873
1403638588.92818,6.64247,-6.502724,1.046662,0.789401,-0.198949,0.562521,0.144343,0.0003753058,1.2562e-06,-0.0001285241,7.599e-07,-3.606e-07,4.47446e-05,0.0225217725,0.0173217277,5.78021e-05,0.022487381,0.0001186171,0.0030908924,14.361953,-2.651621,1.868835,0.049975,-0.810845,-0.070422,-0.578856
1403638588.97816,6.635888,-6.481094,1.051848,0.789514,-0.199501,0.562208,0.144184,0.0003750092,1.0056e-06,-0.000128618,7.54e-07,-2.73e-07,4.48356e-05,0.0222772474,0.0172020741,5.96782e-05,0.0224449109,0.0001181697,0.0030891709,14.327957,-2.61745,1.86827,0.050042,-0.810958,-0.070024,-0.57874
1403638589.32816,6.580097,-6.129011,1.001959,0.788789,-0.198979,0.563058,0.145548,0.0003756808,1.8109e-06,-0.0001277315,7.857e-07,-5.386e-07,4.41686e-05,0.0204609295,0.0161397115,5.89373e-05,0.0221534026,0.0001160516,0.0030933689,14.088516,-2.383841,1.825138,0.048657,-0.810073,-0.06971,-0.580133
1403638589.37815,6.57757,-6.083009,0.997188,0.788513,-0.198224,0.563752,0.145389,0.0003759067,1.9149e-06,-0.0001272041,7.846e-07,-5.691e-07,4.37766e-05,0.0202532624,0.0160486014,5.9216e-05,0.0221624841,0.0001160656,0.0030919219,14.053908,-2.351255,1.817185,0.048799,-0.809516,-0.069967,-0.580867
1403638589.42815,6.572623,-6.03666,0.992238,0.789108,-0.198716,0.562966,0.144535,0.0003751788,1.3373e-06,-0.0001279593,7.776e-07,-3.757e-07,4.43687e-05,0.0200049436,0.0159223038,5.9464e-05,0.0221477317,0.0001158289,0.0030907122,14.018593,-2.318884,1.80989,0.049243,-0.810196,-0.06951,-0.579936
1403638590.12815,6.403799,-5.321283,0.985368,0.791482,-0.201731,0.558511,0.144657,0.0003727285,1.0008e-06,-0.0001314116,8.342e-07,-2.651e-07,4.71136e-05,0.0164936882,0.013611578,5.73674e-05,0.0213901897,0.0001110249,0.0031064978,13.509697,-1.886515,1.806841,0.047537,-0.813353,-0.067157,-0.575923
1403638590.17815,6.400311,-5.274369,0.988109,0.791307,-0.201483,0.558805,0.144824,0.0003727965,1.1309e-06,-0.0001311396,8.294e-07,-3.107e-07,4.69037e-05,0.0163094609,0.0135165381,5.59229e-05,0.021391447,0.000112468,0.0031024602,13.472812,-1.85683,1.802359,0.04739,-0.81305,-0.067048,-0.576375
1403638590.22815,6.390346,-5.227654,0.990615,0.790849,-0.202003,0.559242,0.144919,0.0003729769,9.368e-07,-0.0001307186,8.243e-07,-2.401e-07,4.65773e-05,0.0160915205,0.0133932489,5.56731e-05,0.0213786573,0.0001127668,0.0030999616,13.435762,-1.827302,1.796741,0.047507,-0.812674,-0.066547,-0.576954
1403638590.57815,6.300003,-4.879489,0.938393,0.792732,-0.203599,0.556245,0.143925,0.0003709516,2.682e-07,-0.0001332724,8.451e-07,-5.2e-09,4.86681e-05,0.0145766886,0.0123096935,5.28823e-05,0.0210127723,0.0001103633,0.00310556,13.167146,-1.625836,1.736636,0.047443,-0.814925,-0.065634,-0.573881
1403638590.62815,6.286383,-4.83049,0.934862,0.793797,-0.203691,0.55478,0.143581,0.000369838,3.675e-07,-0.0001344356,8.408e-07,-4.19e-08,4.96487e-05,0.0143816364,0.012176476,5.21397e-05,0.020960046,0.000109706,0.0031032781,13.128516,-1.597747,1.729862,0.047269,-0.815927,-0.065879,-0.572441
1403638590.72814,6.275311,-4.777208,0.933589,0.794883,-0.205444,0.553061,0.141693,0.0003682484,-1.1717e-06,-0.0001359424,8.406e-07,5.267e-07,5.09651e-05,0.0139752288,0.0118880896,5.16164e-05,0.0208308463,0.0001098046,0.0031007861,13.053274,-1.542049,1.722591,0.048714,-0.817413,-0.06492,-0.570306
1403638591.02814,6.209981,-4.50156,0.963538,0.797352,-0.206957,0.549365,0.139989,0.0003654073,-2.0379e-06,-0.0001391252,8.651e-07,8.741e-07,5.37712e-05,0.0130513269,0.0112064951,5.04372e-05,0.0206409561,0.0001114579,0.0031041823,12.840314,-1.379927,1.744002,0.049036,-0.820283,-0.064189,-0.566225
1403638591.07815,6.198999,-4.45575,0.968962,0.797903,-0.20722,0.548606,0.139433,0.0003647076,-2.3206e-06,-0.0001397055,8.636e-07,9.881e-07,5.43111e-05,0.0128762043,0.0110773057,4.94666e-05,0.0205810314,0.0001133577,0.0031025781,12.8062,-1.353866,1.751053,0.049236,-0.820907,-0.063947,-0.565332
1403638591.62815,6.150549,-4.053682,0.954282,0.818982,-0.216692,0.515556,0.128509,0.0003393641,-5.2416e-06,-0.0001634008,9.65e-07,2.6378e-06,7.95677e-05,0.0112983447,0.0099051141,4.48168e-05,0.0204072584,0.000121573,0.0031105581,12.524534,-1.076321,1.742621,0.048615,-0.844006,-0.06182,-0.530537
1403638591.67814,6.155502,-4.030769,0.940594,0.818677,-0.217181,0.515962,0.127999,0.0003393431,-5.8207e-06,-0.000163145,9.743e-07,2.9148e-06,7.93174e-05,0.0112818103,0.0099241719,4.22147e-05,0.0204382772,0.0001249442,0.0031062546,12.510402,-1.051079,1.735136,0.049164,-0.843924,-0.061181,-0.53069
1403638591.77813,6.171233,-3.977171,0.923431,0.816771,-0.216268,0.51898,0.129513,0.0003418194,-5.2393e-06,-0.0001610078,9.547e-07,2.5857e-06,7.67143e-05,0.0111100938,0.0098323483,4.08652e-05,0.020517398,0.0001260444,0.0031056894,12.489469,-1.001143,1.719953,0.048683,-0.841811,-0.06138,-0.534058
1403638591.97813,6.223203,-3.888194,0.903168,0.811765,-0.215099,0.526954,0.130723,0.0003478322,-5.8993e-06,-0.000155739,9.805e-07,2.7617e-06,7.05951e-05,0.0107958861,0.0096913816,3.92067e-05,0.0207754973,0.0001280135,0.0031065869,12.471578,-0.903915,1.697822,0.050142,-0.836615,-0.060833,-0.54209
1403638592.02812,6.248888,-3.903454,0.906159,0.810221,-0.214294,0.529688,0.130575,0.0003496526,-6.3472e-06,-0.0001538577,9.801e-07,2.909e-06,6.85467e-05,0.0107439392,0.0097073406,3.84414e-05,0.0208260659,0.0001303041,0.0031038293,12.472682,-0.879868,1.697759,0.050964,-0.834794,-0.060548,-0.544846
1403638592.37811,6.410817,-3.865098,0.97911,0.797649,-0.198491,0.558284,0.112587,0.0003658456,-1.6723e-05,-0.0001364556,1.6567e-06,6.3525e-06,5.17077e-05,0.010504732,0.0098053453,3.76794e-05,0.0215787548,0.0001402357,0.0031080369,12.524904,-0.716559,1.758602,0.076977,-0.817549,-0.07111,-0.566266
1403638592.42811,6.437335,-3.872853,0.998946,0.797811,-0.191824,0.561527,0.106718,0.0003669273,-1.79926e-05,-0.0001349582,1.7703e-06,6.7294e-06,5.0438e-05,0.0106930544,0.0100257577,3.82326e-05,0.0217285099,0.0001430751,0.0031055164,12.535221,-0.695457,1.775933,0.083587,-0.815465,-0.077488,-0.567502
1403638592.82811,6.612242,-3.876453,1.178249,0.821617,-0.147841,0.544776,0.079418,0.0003528754,-1.20544e-05,-0.0001504586,1.3332e-06,5.233e-06,6.49846e-05,0.0106236665,0.0102775233,4.08628e-05,0.0225446767,0.0001540201,0.0031093447,12.630821,-0.568519,1.955256,0.103769,-0.82365,-0.126693,-0.54294
1403638592.87811,6.633812,-3.8811,1.197203,0.823528,-0.14535,0.542732,0.078213,0.0003512361,-1.13376e-05,-0.000151963,1.2783e-06,4.997e-06,6.65775e-05,0.0107645288,0.0104463138,4.14165e-05,0.0226765941,0.0001561527,0.003106826,12.646047,-0.555973,1.975736,0.104283,-0.824669,-0.129722,-0.540572
1403638592.92811,6.654935,-3.889032,1.215205,0.824772,-0.143518,0.54138,0.077852,0.0003501941,-1.0534e-05,-0.0001528977,1.2214e-06,4.6905e-06,6.75834e-05,0.0107817141,0.0105040176,4.23871e-05,0.0227690642,0.0001559979,0.0031046009,12.662287,-0.543966,1.995162,0.104238,-0.825264,-0.131972,-0.539127
1403638593.22812,6.810462,-3.924831,1.317599,0.822475,-0.138079,0.546073,0.079202,0.0003538508,-8.1051e-06,-0.0001496324,1.1085e-06,3.5175e-06,6.41101e-05,0.0109218737,0.0108895875,4.5257e-05,0.0236070389,0.000163224,0.0031103149,12.788805,-0.476082,2.098126,0.10449,-0.821374,-0.13642,-0.543891
1403638593.27811,6.839104,-3.934451,1.337191,0.821063,-0.135953,0.548135,0.08319,0.0003557752,-5.0104e-06,-0.0001477912,9.861e-07,2.1693e-06,6.22199e-05,0.0109556777,0.0109664504,4.59281e-05,0.0237465071,0.0001644904,0.0031091528,12.814978,-0.465217,2.118627,0.101458,-0.81937,-0.138066,-0.547064
1403638593.77811,7.15565,-4.047603,1.507129,0.805015,-0.12627,0.569613,0.10746,0.0003722334,1.12086e-05,-0.0001287903,1.2715e-06,-3.7932e-06,4.53732e-05,0.0112531782,0.011765483,5.47251e-05,0.0254522848,0.0001654289,0.003117025,13.083039,-0.339755,2.301799,0.085444,-0.801197,-0.141984,-0.575
1403638593.82812,7.185918,-4.047533,1.523912,0.800631,-0.127382,0.575929,0.105215,0.0003760623,8.348e-06,-0.0001238787,1.1121e-06,-2.6622e-06,4.1604e-05,0.0113630632,0.0119129476,5.54969e-05,0.0256168859,0.000165695,0.0031142611,13.106882,-0.323916,2.314271,0.089581,-0.797448,-0.139372,-0.580203
1403638593.87812,7.213095,-4.047803,1.540433,0.794647,-0.126892,0.584801,0.10219,0.0003809813,5.3346e-06,-0.0001169876,9.968e-07,-1.5481e-06,3.67027e-05,0.0113564345,0.0119630079,5.62456e-05,0.0257807141,0.0001653773,0.0031118786,13.129591,-0.307537,2.328169,0.095386,-0.791622,-0.137883,-0.587566
1403638594.22811,7.372027,-4.042016,1.655829,0.80389,-0.114236,0.577331,0.086024,0.0003750487,2.3469e-06,-0.0001254393,9.563e-07,-6.988e-07,4.27544e-05,0.0113330783,0.0122236876,5.92002e-05,0.0266897785,0.0001626835,0.0031162137,13.238928,-0.204552,2.444084,0.108188,-0.796291,-0.152809,-0.575211
1403638594.27811,7.386802,-4.044588,1.672672,0.804303,-0.1117,0.577232,0.086156,0.0003749244,3.6593e-06,-0.000125442,9.678e-07,-1.1397e-06,4.27626e-05,0.011326692,0.0122470753,5.80556e-05,0.0267697211,0.000159488,0.0031109984,13.249645,-0.191523,2.461185,0.107986,-0.795914,-0.155335,-0.575092
1403638594.32812,7.401769,-4.050898,1.686841,0.8038,-0.109803,0.57829,0.086197,0.0003754845,4.4405e-06,-0.0001245699,9.748e-07,-1.3915e-06,4.21096e-05,0.0113291252,0.0122752524,5.75547e-05,0.0268395788,0.0001563529,0.0031066714,13.259532,-0.178661,2.477489,0.108217,-0.794895,-0.156873,-0.57604
1403638594.37812,7.416618,-4.050413,1.70417,0.802979,-0.106596,0.579707,0.08833,0.0003764475,7.0986e-06,-0.0001230735,1.0533e-06,-2.2415e-06,4.1014e-05,0.011347464,0.0123165965,5.73389e-05,0.02691686,0.0001560131,0.0031055321,13.268299,-0.165972,2.494506,0.106551,-0.793126,-0.159479,-0.578071
1403638594.67811,7.483682,-4.019715,1.827629,0.802526,-0.105934,0.581617,0.080323,0.0003768692,2.1602e-06,-0.0001226065,9.412e-07,-6.207e-07,4.06666e-05,0.0112103935,0.0123268026,5.99463e-05,0.0273360292,0.0001531221,0.0031057714,13.29091,-0.086919,2.622977,0.114327,-0.792649,-0.159589,-0.577209
1403638594.92811,7.513248,-3.98238,1.921859,0.804355,-0.109426,0.578868,0.077143,0.000374949,-1.11e-06,-0.0001251997,9.398e-07,4.568e-07,4.25969e-05,0.0110918401,0.0122737973,6.05554e-05,0.0275079406,0.0001518316,0.0031070281,13.282967,-0.025311,2.726923,0.116093,-0.795715,-0.156495,-0.573472
1403638594.9781,7.513162,-3.97882,1.936021,0.805391,-0.109199,0.577391,0.077719,0.0003740723,-4.361e-07,-0.0001262456,9.3e-07,2.323e-07,4.33947e-05,0.0110896332,0.0122670707,5.93932e-05,0.0274805234,0.0001512365,0.0031048313,13.278639,-0.014148,2.74261,0.114781,-0.796745,-0.156736,-0.572239
1403638595.0281,7.514162,-3.985026,1.944092,0.80596,-0.110314,0.576596,0.076138,0.0003733763,-1.8845e-06,-0.0001270347,9.301e-07,7.275e-07,4.40068e-05,0.0110718363,0.0122507153,5.80696e-05,0.0274645364,0.0001490171,0.0031024588,13.273807,-0.003319,2.756384,0.115847,-0.797746,-0.155595,-0.57094
1403638595.42809,7.516097,-3.899631,1.986903,0.807414,-0.112358,0.574101,0.076595,0.0003718647,-2.2212e-06,-0.0001290305,9.544e-07,8.609e-07,4.55797e-05,0.0108383071,0.012044921,5.76688e-05,0.0274750602,0.000147694,0.0031057556,13.220376,0.073751,2.806361,0.114361,-0.799969,-0.153766,-0.568619
1403638595.52809,7.50945,-3.888372,1.98287,0.807982,-0.112063,0.573375,0.076474,0.0003713349,-2.0436e-06,-0.0001295774,9.452e-07,8.006e-07,4.60196e-05,0.0107632662,0.0119673174,5.638e-05,0.0274230411,0.000145245,0.0031023979,13.204143,0.090032,2.804206,0.114084,-0.80052,-0.154004,-0.567834
1403638595.57809,7.506966,-3.882811,1.98223,0.808586,-0.111685,0.572625,0.076265,0.0003708431,-1.9034e-06,-0.0001300885,9.402e-07,7.543e-07,4.64332e-05,0.0107591462,0.011955782,5.58341e-05,0.0273857675,0.000144998,0.0031010369,13.195692,0.097728,2.802757,0.11395,-0.800997,-0.154343,-0.567097
1403638595.87809,7.478732,-3.82248,1.998507,0.809587,-0.106128,0.571186,0.083973,0.0003704168,5.8088e-06,-0.0001304536,1.0342e-06,-1.9621e-06,4.67498e-05,0.0105459568,0.0117181905,5.55527e-05,0.0272267204,0.000144867,0.0031019187,13.138436,0.141017,2.819454,0.105922,-0.800273,-0.15984,-0.56815
1403638595.92809,7.479325,-3.815081,1.995391,0.809424,-0.10538,0.571445,0.084733,0.0003706686,6.3838e-06,-0.0001299554,1.0453e-06,-2.1567e-06,4.63603e-05,0.0105322352,0.0116958392,5.46432e-05,0.027177066,0.0001445782,0.0031000808,13.127583,0.148228,2.816586,0.105212,-0.799861,-0.16015,-0.568775
1403638596.27809,7.444712,-3.706197,1.94083,0.811747,-0.082338,0.56622,0.116967,0.0003671969,3.7571e-05,-0.0001289476,4.8004e-06,-1.31297e-05,4.60918e-05,0.0101856604,0.0113168003,5.2372e-05,0.0269702669,0.0001446303,0.0031002277,13.038745,0.21387,2.758548,0.072983,-0.794719,-0.182411,-0.574323
1403638596.3281,7.443548,-3.687946,1.93946,0.811793,-0.07826,0.565706,0.121838,0.0003662952,4.24884e-05,-0.0001283734,5.8766e-06,-1.4829e-05,4.57896e-05,0.0101231401,0.0112634589,5.12674e-05,0.0269775413,0.0001451168,0.0030977112,13.023455,0.227386,2.755277,0.068121,-0.793457,-0.186142,-0.575447
1403638596.3781,7.4423,-3.674851,1.936557,0.811402,-0.074506,0.565796,0.126293,0.0003657631,4.685e-05,-0.0001273728,6.9407e-06,-1.6255e-05,4.51428e-05,0.0100542884,0.0112006963,5.04806e-05,0.0269717168,0.0001449417,0.0030949616,13.006289,0.244243,2.754157,0.06398,-0.791907,-0.189505,-0.576958
1403638596.4281,7.440474,-3.650634,1.937967,0.811373,-0.072558,0.56558,0.128564,0.0003652804,4.91423e-05,-0.0001270003,7.5466e-06,-1.70267e-05,4.49357e-05,0.0100018724,0.0111504942,4.97698e-05,0.0269630955,0.0001453683,0.0030935375,12.987142,0.263532,2.755368,0.061759,-0.791256,-0.191238,-0.57752
1403638596.6281,7.433903,-3.509662,1.965901,0.810874,-0.060909,0.564326,0.14251,0.0003622537,6.2756e-05,-0.000124598,1.1821e-05,-2.1534e-05,4.36339e-05,0.0095568533,0.0107042165,4.83785e-05,0.0269091066,0.0001447066,0.0030927474,12.895944,0.370605,2.781208,0.048227,-0.787044,-0.201964,-0.580905
1403638597.17809,7.460971,-2.768582,2.146489,0.805851,-0.049335,0.567763,0.160671,0.0003611024,7.83707e-05,-0.0001171771,1.80156e-05,-2.53831e-05,3.88163e-05,0.0075596102,0.0085186863,4.7138e-05,0.0270750568,0.0001393061,0.0031016159,12.479322,0.963843,2.949223,0.032096,-0.778633,-0.211084,-0.590049
1403638597.22809,7.466941,-2.677064,2.158344,0.804635,-0.050828,0.569637,0.159663,0.0003626146,7.70694e-05,-0.0001160459,1.73846e-05,-2.46135e-05,3.79202e-05,0.0073674875,0.0082888085,4.72166e-05,0.0271424452,0.0001386292,0.0031021239,12.428802,1.039163,2.9593,0.033618,-0.77797,-0.209225,-0.591499
1403638597.32809,7.479388,-2.479843,2.177874,0.802893,-0.054529,0.572813,0.155805,0.0003656373,7.29855e-05,-0.0001146513,1.55739e-05,-2.28306e-05,3.67299e-05,0.0069295368,0.0077125276,4.7169e-05,0.0272144898,0.0001375361,0.0031041566,12.320846,1.199674,2.974866,0.038271,-0.777507,-0.205025,-0.593296
1403638597.6781,7.513519,-1.686513,2.208603,0.79376,-0.078419,0.589887,0.125817,0.0003809575,4.26017e-05,-0.0001079279,5.7772e-06,-1.19918e-05,3.1361e-05,0.0054946082,0.0053495819,4.63274e-05,0.0274220891,0.0001338101,0.0031146911,11.873831,1.83592,2.988166,0.07198,-0.77649,-0.179237,-0.599838
1403638597.7281,7.517476,-1.565399,2.207167,0.793983,-0.077558,0.589492,0.12679,0.0003806317,4.35938e-05,-0.0001080604,6.0073e-06,-1.23e-05,3.14602e-05,0.0053254352,0.0050021769,4.61556e-05,0.0274741455,0.0001322433,0.003114411,11.802687,1.931532,2.985137,0.070892,-0.776426,-0.180001,-0.599822
1403638597.82811,7.518925,-1.317014,2.197052,0.795962,-0.067586,0.586882,0.132086,0.000377755,5.17874e-05,-0.0001090279,8.127e-06,-1.48779e-05,3.22528e-05,0.0050077322,0.0042539688,4.60433e-05,0.0275045098,0.0001313693,0.0031165957,11.655142,2.125748,2.975971,0.064965,-0.775109,-0.190042,-0.599106
1403638597.87811,7.518262,-1.187917,2.191536,0.797046,-0.061416,0.58558,0.134321,0.0003760635,5.60976e-05,-0.000109519,9.4016e-06,-1.62725e-05,3.26794e-05,0.0048656408,0.0038721426,4.5481e-05,0.0275119263,0.0001307996,0.003117194,11.578297,2.224595,2.969652,0.062389,-0.77416,-0.196175,-0.598632
1403638598.12811,7.486251,-0.515755,2.174917,0.799142,-0.053269,0.587043,0.117965,0.0003767345,4.9783e-05,-0.0001116647,7.6362e-06,-1.46965e-05,3.38956e-05,0.0043404203,0.0018146716,4.29242e-05,0.027467111,0.0001296255,0.0031281365,11.162888,2.743378,2.943598,0.078091,-0.773636,-0.204518,-0.594683
1403638598.17812,7.476282,-0.375222,2.171887,0.800231,-0.058707,0.587248,0.106407,0.0003780293,4.01858e-05,-0.0001135799,5.329e-06,-1.20099e-05,3.49244e-05,0.0042825619,0.0014014439,4.30075e-05,0.0273422718,0.0001288762,0.0031301537,11.07249,2.851233,2.942434,0.089033,-0.776348,-0.199831,-0.591208
1403638598.22813,7.470919,-0.231905,2.169158,0.800831,-0.063095,0.587619,0.096912,0.0003788831,3.2162e-05,-0.0001148695,3.7883e-06,-9.6822e-06,3.56255e-05,0.0042377414,0.0009734159,4.35218e-05,0.0272890741,0.000128267,0.0031319516,10.980554,2.959641,2.942768,0.09814,-0.778269,-0.195976,-0.588535
1403638598.27813,7.460904,-0.086237,2.171498,0.80282,-0.067135,0.585709,0.088983,0.0003780893,2.54042e-05,-0.0001177303,2.7684e-06,-7.8387e-06,3.74655e-05,0.0042114616,0.0005411998,4.33997e-05,0.0272656292,0.0001277651,0.0031347407,10.887368,3.06806,2.943098,0.105055,-0.781425,-0.192788,-0.584203
1403638598.52813,7.407898,0.638083,2.166337,0.807623,-0.073374,0.58069,0.071836,0.000375114,1.21449e-05,-0.0001240625,1.4763e-06,-3.9391e-06,4.18657e-05,0.0043450789,-0.0016248422,3.94173e-05,0.0270150767,0.0001246013,0.0031486966,10.417013,3.60218,2.930296,0.119637,-0.788011,-0.188364,-0.573915
1403638598.57812,7.40359,0.771298,2.131765,0.809133,-0.071745,0.579117,0.069134,0.0003739535,1.13697e-05,-0.0001256886,1.4228e-06,-3.7484e-06,4.30811e-05,0.00439662,-0.0020476732,3.73902e-05,0.0269586062,0.0001223101,0.0031388217,10.322321,3.706971,2.922385,0.121562,-0.788975,-0.190389,-0.571514
1403638598.8781,7.326479,1.615449,2.078948,0.812211,-0.037699,0.580251,0.04691,0.0003733637,1.27817e-05,-0.000126486,1.5513e-06,-4.287e-06,4.3699e-05,0.0051857017,-0.0045132544,3.17156e-05,0.026639876,0.0001163666,0.0031534726,9.710048,4.335991,2.896684,0.142766,-0.780936,-0.223715,-0.565432
1403638598.92809,7.314097,1.751246,2.068966,0.813228,-0.02951,0.579625,0.04271,0.000372704,1.38571e-05,-0.0001272508,1.6323e-06,-4.6968e-06,4.42969e-05,0.0053555042,-0.0049015019,3.12641e-05,0.0266007669,0.0001139897,0.0031533952,9.615132,4.437741,2.891676,0.14656,-0.779243,-0.231856,-0.563523
1403638599.22808,7.248481,2.576163,2.067588,0.81434,0.02289,0.579884,0.007804,0.0003719568,1.54043e-05,-0.0001281725,1.7854e-06,-5.3209e-06,4.50322e-05,0.0067822502,-0.0072482124,2.53419e-05,0.0261766672,0.0001069779,0.0031693942,9.046316,5.039696,2.888055,0.179707,-0.763386,-0.281777,-0.552772
1403638599.27808,7.236171,2.711909,2.071861,0.814577,0.032155,0.579159,0.002056,0.0003713793,1.59469e-05,-0.0001288621,1.835e-06,-5.5545e-06,4.55812e-05,0.0070656417,-0.0076568289,2.53843e-05,0.0262901707,0.0001063351,0.0031709817,8.950698,5.137838,2.892054,0.184926,-0.76058,-0.290648,-0.550321
1403638599.32807,7.229741,2.827022,2.077306,-0.815282,-0.040762,-0.577604,0.005246,0.0003705194,1.52352e-05,-0.0001300466,1.7748e-06,-5.3753e-06,4.65152e-05,0.0073644077,-0.0080363057,2.70223e-05,0.0262285218,0.0001046006,0.0031726565,8.854719,5.235397,2.898252,0.191322,-0.758361,-0.29916,-0.546623
1403638599.57807,7.14122,3.495584,2.125923,-0.819482,-0.071538,-0.56811,0.024126,0.0003645705,1.62553e-05,-0.000137121,1.8933e-06,-6.17e-06,5.24778e-05,0.0090536682,-0.0098317947,2.26119e-05,0.0259211083,9.90251e-05,0.0031890477,8.377423,5.712592,2.941875,0.20614,-0.752448,-0.329655,-0.531656
1403638599.62809,7.129576,3.619845,2.128685,-0.819848,-0.073831,-0.567175,0.02668,0.0003641502,1.55934e-05,-0.0001376946,1.8278e-06,-5.9505e-06,5.29669e-05,0.0094212766,-0.0101833525,2.35171e-05,0.0258248569,0.0001031847,0.0031896604,8.283346,5.806606,2.947868,0.20826,-0.752007,-0.331872,-0.530073
1403638599.87809,7.054148,4.263056,2.125572,-0.822163,-0.075248,-0.563419,0.030744,0.0003619308,1.3282e-05,-0.0001405054,1.6499e-06,-5.2014e-06,5.54604e-05,0.0114733228,-0.0118729971,1.48274e-05,0.0254595083,0.0001093533,0.0032050455,7.820218,6.272246,2.950086,0.21094,-0.753774,-0.333939,-0.52518
1403638599.92809,7.036899,4.392951,2.119892,-0.822951,-0.072685,-0.5625,0.032607,0.0003615478,1.09293e-05,-0.0001411485,1.4913e-06,-4.3061e-06,5.60196e-05,0.0119082355,-0.0122151427,1.437e-05,0.0254466618,0.0001114621,0.0032069966,7.729716,6.365026,2.946644,0.21238,-0.755362,-0.331766,-0.523695
1403638600.02809,7.007716,4.635114,2.107666,-0.822821,-0.066165,-0.563166,0.03784,0.0003625939,4.844e-06,-0.0001404014,1.2266e-06,-1.9017e-06,5.52806e-05,0.0128618103,-0.0128930145,1.19871e-05,0.0253259912,0.0001141957,0.0032125465,7.551616,6.551124,2.936843,0.21749,-0.75728,-0.325511,-0.522754
1403638600.32809,6.970658,5.325849,2.047977,-0.83149,-0.036174,-0.550385,0.066271,0.0003537331,-2.69383e-05,-0.0001472903,3.2268e-06,1.12355e-05,6.22782e-05,0.0158021184,-0.01477621,-2.1988e-06,0.0251196686,0.0001184217,0.0032348607,7.053171,7.097185,2.886007,0.240398,-0.775056,-0.299798,-0.501655
1403638600.37809,6.965448,5.44038,2.035963,-0.832082,-0.031959,-0.549294,0.069963,0.0003525066,-3.10645e-05,-0.0001476999,3.918e-06,1.30436e-05,6.28358e-05,0.01614677,-0.0150369519,-2.7866e-06,0.0252422061,0.0001206534,0.0032356743,6.978047,7.184208,2.876051,0.243547,-0.777001,-0.295976,-0.499395
1403638600.47809,6.958967,5.660728,2.01687,-0.833696,-0.025686,-0.546373,0.075941,0.0003497477,-3.75189e-05,-0.0001488958,5.2184e-06,1.60135e-05,6.43467e-05,0.0171522285,-0.0156467733,-5.8612e-06,0.0252731898,0.0001212726,0.0032427042,6.83714,7.35319,2.860289,0.24831,-0.78057,-0.290509,-0.494677
1403638600.57809,6.962279,5.860973,2.008196,-0.834283,-0.025194,-0.545786,0.073862,0.0003494032,-3.64212e-05,-0.0001495386,4.998e-06,1.56338e-05,6.49625e-05,0.0181437168,-0.016239377,-8.8967e-06,0.02533284,0.0001227712,0.0032492906,6.710844,7.514766,2.854844,0.246141,-0.781314,-0.290172,-0.494785
1403638600.77812,6.992245,6.258804,1.995181,-0.83953,-0.023054,-0.537542,0.075536,0.0003429788,-3.86779e-05,-0.0001548582,5.5715e-06,1.75281e-05,7.08956e-05,0.0199576186,-0.017319207,-6.9553e-06,0.0255087217,0.0001249741,0.0032540405,6.498672,7.817598,2.866311,0.245246,-0.787164,-0.289656,-0.48619
1403638600.82813,7.000268,6.353771,2.000001,-0.841353,-0.026906,-0.535154,0.070788,0.0003418213,-3.3988e-05,-0.0001569633,4.5828e-06,1.56698e-05,7.30508e-05,0.0205775296,-0.0176995594,-3.8002e-06,0.0255986297,0.000126585,0.0032522802,6.454826,7.889735,2.873217,0.240009,-0.787741,-0.293835,-0.485366
1403638601.07814,7.076208,6.720517,2.028426,-0.843402,-0.053924,-0.533189,0.038406,0.000341321,-2.5019e-06,-0.0001611024,1.1648e-06,1.2012e-06,7.70132e-05,0.0226387368,-0.0189405978,-9.2249e-06,0.0259847842,0.0001353485,0.0032579523,6.277872,8.242185,2.900924,0.208362,-0.781164,-0.320055,-0.493997
1403638601.17815,7.12059,6.866119,2.037314,-0.841553,-0.060152,-0.535934,0.030752,0.0003430637,4.9652e-06,-0.0001596441,1.2165e-06,-2.2949e-06,7.52459e-05,0.0233567134,-0.0193912516,-7.7366e-06,0.0261313438,0.0001411097,0.0032553775,6.221774,8.385746,2.902975,0.201883,-0.777396,-0.325388,-0.499127
1403638601.37816,7.25162,7.12992,2.037509,-0.829371,-0.070588,-0.553633,0.025508,0.0003555566,1.38924e-05,-0.0001477981,1.6775e-06,-5.7674e-06,6.23547e-05,0.0249994886,-0.0204778824,-1.13628e-05,0.0266855342,0.0001514342,0.0032595662,6.124763,8.685161,2.898881,0.20247,-0.762408,-0.33128,-0.517806
1403638601.42816,7.283647,7.202789,2.035888,-0.826367,-0.071579,-0.557619,0.032501,0.0003587537,1.01516e-05,-0.000144899,1.4264e-06,-4.0922e-06,5.94386e-05,0.0252737351,-0.0207599129,-1.27895e-05,0.0269999425,0.0001508497,0.0032624615,6.10167,8.7633,2.898892,0.210328,-0.759229,-0.331248,-0.519371
1403638601.52817,7.346039,7.360927,2.04048,-0.821506,-0.080817,-0.562675,0.044645,0.0003629956,6.9108e-06,-0.0001406363,1.2801e-06,-2.6741e-06,5.53859e-05,0.0261656681,-0.0213831132,-1.29393e-05,0.0273690712,0.0001568087,0.0032631101,6.055674,8.920633,2.903047,0.223445,-0.751671,-0.338425,-0.520273
1403638601.57817,7.377681,7.440207,2.045772,-0.818812,-0.088734,-0.564927,0.050303,0.0003648527,7.0417e-06,-0.0001385964,1.2886e-06,-2.6775e-06,5.35381e-05,0.0266755955,-0.0217188908,-1.23022e-05,0.027539853,0.0001604374,0.0032621069,6.032586,8.999307,2.907391,0.229519,-0.746575,-0.345059,-0.52062
1403638601.72817,7.472874,7.675874,2.063998,-0.812911,-0.120293,-0.565733,0.068204,0.0003665353,9.9167e-06,-0.0001365828,1.4343e-06,-3.7263e-06,5.17845e-05,0.0281211507,-0.0227013202,-1.45941e-05,0.0281491956,0.0001638012,0.0032675581,5.963015,9.235643,2.927304,0.246703,-0.730923,-0.373052,-0.515686
1403638601.82817,7.535002,7.825004,2.086691,-0.806731,-0.147595,-0.566298,0.081904,0.0003678988,1.38578e-05,-0.0001347003,1.6928e-06,-5.1307e-06,5.02114e-05,0.029162449,-0.0233758911,-1.70063e-05,0.0285395958,0.0001652041,0.0032724132,5.913592,9.392222,2.949323,0.25976,-0.716325,-0.396926,-0.51197
1403638602.02817,7.653567,8.124466,2.141771,-0.796671,-0.194454,-0.561823,0.108894,0.000367684,1.78432e-05,-0.0001345856,2.0409e-06,-6.6307e-06,5.01794e-05,0.031180114,-0.0246679536,-2.41195e-05,0.0293051823,0.0001668191,0.0032832022,5.805893,9.701575,3.000588,0.283783,-0.691698,-0.438298,-0.499255
1403638602.07817,7.68248,8.198978,2.150735,-0.795238,-0.201873,-0.560197,0.114114,0.0003673111,1.76284e-05,-0.0001350752,2.0185e-06,-6.5873e-06,5.05923e-05,0.0316462918,-0.0249799705,-2.61722e-05,0.0295110336,0.0001687351,0.0032843898,5.777818,9.777805,3.010091,0.288208,-0.687952,-0.444892,-0.496062
1403638602.27817,7.775558,8.508618,2.172198,-0.78106,-0.234007,-0.564606,0.128086,0.0003711022,2.53768e-05,-0.0001293385,2.9094e-06,-8.9759e-06,4.60068e-05,0.03378147,-0.026269673,-3.3866e-05,0.0302144648,0.0001691213,0.0032967515,5.659003,10.108072,3.057773,0.302666,-0.664232,-0.470667,-0.495652
1403638602.32817,7.798208,8.588085,2.176976,-0.775417,-0.241251,-0.567303,0.136728,0.0003741955,2.44996e-05,-0.0001255752,2.7712e-06,-8.3566e-06,4.30645e-05,0.0343526824,-0.0265654149,-3.56574e-05,0.0303139459,0.0001700271,0.0032976321,5.62729,10.185856,3.062977,0.311655,-0.656563,-0.475743,-0.495456
1403638602.47818,7.884892,8.81104,2.200706,-0.746998,-0.250275,-0.586766,0.187249,0.0003939987,5.864e-06,-9.71622e-05,1.2094e-06,-1.5808e-06,2.48621e-05,0.0360488013,-0.0274836394,-3.94697e-05,0.030697796,0.0001669378,0.0033068874,5.522193,10.412767,3.091935,0.365877,-0.626447,-0.475232,-0.497886
1403638602.52818,7.898493,8.888435,2.213567,-0.73554,-0.251331,-0.594309,0.206422,0.0004000945,-1.8195e-06,-8.48063e-05,1.1239e-06,2.516e-07,1.88687e-05,0.0365061788,-0.0278454028,-4.06772e-05,0.031012358,0.000166194,0.0033081088,5.484883,10.483257,3.106097,0.386459,-0.615227,-0.472612,-0.49882
1403638602.72818,7.924902,9.153345,2.278336,-0.71081,-0.274708,-0.596835,0.251143,0.0004070737,-1.1733e-05,-6.61947e-05,1.413e-06,1.761e-06,1.16775e-05,0.0384932984,-0.02876526,-5.19248e-05,0.0312418012,0.0001620546,0.003324164,5.333389,10.714026,3.177779,0.429655,-0.584253,-0.486759,-0.486986
1403638602.82817,7.919568,9.257751,2.318497,-0.705634,-0.29559,-0.589616,0.258959,0.0004060757,-6.6711e-06,-6.98977e-05,1.1778e-06,9.916e-07,1.29674e-05,0.0393083344,-0.0290588214,-5.8633e-05,0.0312386528,0.0001588811,0.0033339495,5.258733,10.794763,3.221392,0.434717,-0.572691,-0.504893,-0.477705
1403638602.97817,7.885329,9.380145,2.384408,-0.702605,-0.319888,-0.568756,0.283787,0.0004025066,-1.40193e-05,-7.84106e-05,1.5286e-06,2.57e-06,1.62496e-05,0.040276562,-0.0293145677,-6.55861e-05,0.0311015117,0.0001542918,0.0033482679,5.147398,10.875597,3.291377,0.45146,-0.562096,-0.52704,-0.450103
1403638603.02817,7.870602,9.413613,2.405372,-0.700424,-0.326913,-0.56255,0.29338,0.0004017975,-1.737e-05,-7.95311e-05,1.7866e-06,3.2763e-06,1.67294e-05,0.0405427136,-0.0293413367,-6.94342e-05,0.0310129925,0.000152047,0.0033539352,5.111355,10.893849,3.313925,0.458545,-0.55783,-0.533026,-0.44113
1403638603.07817,7.854571,9.443163,2.425226,-0.696586,-0.33407,-0.558606,0.301868,0.0004018661,-1.9066e-05,-7.90319e-05,1.936e-06,3.5864e-06,1.65402e-05,0.0407853253,-0.0293635451,-7.34785e-05,0.0309358747,0.0001496578,0.0033597932,5.076553,10.908141,3.335353,0.465308,-0.551908,-0.538605,-0.434692
1403638603.17817,7.815832,9.48913,2.457772,-0.688256,-0.347782,-0.554016,0.313715,0.0004026098,-1.87625e-05,-7.73879e-05,1.8959e-06,3.4409e-06,1.58876e-05,0.0411769531,-0.0293574521,-8.27172e-05,0.0307599138,0.0001449345,0.0033718113,5.01172,10.924971,3.372616,0.475061,-0.539682,-0.548945,-0.426507
1403638603.22817,7.794331,9.507112,2.468999,-0.6899,-0.356192,-0.546515,0.313827,0.0004000477,-1.75574e-05,-8.38069e-05,1.7888e-06,3.5126e-06,1.85815e-05,0.0413177354,-0.0293085819,-8.78521e-05,0.0306394125,0.0001428074,0.0033781737,4.981901,10.927239,3.386439,0.472781,-0.538579,-0.557436,-0.419379
1403638603.42819,7.662614,9.477795,2.505409,-0.70992,-0.385816,-0.507019,0.300152,0.0003786269,-1.36541e-05,-0.0001218749,1.3598e-06,4.2443e-06,4.02938e-05,0.0415559063,-0.0291730996,-7.74367e-05,0.0299888895,0.000169818,0.0033837444,4.876693,10.906415,3.418456,0.446459,-0.548899,-0.592016,-0.386244
1403638603.52819,7.617682,9.483376,2.509527,-0.712972,-0.391468,-0.499667,0.29792,0.0003745363,-1.3074e-05,-0.0001274799,1.3276e-06,4.2991e-06,4.44735e-05,0.0411048797,-0.0286137905,-8.67577e-05,0.0294593493,0.000162527,0.0033983741,4.830731,10.888069,3.426354,0.441925,-0.550065,-0.598367,-0.379971
1403638603.62819,7.572197,9.493431,2.510568,-0.706572,-0.393595,-0.504169,0.302741,0.0003785151,-1.21954e-05,-0.000122324,1.2651e-06,3.794e-06,4.05875e-05,0.0411474218,-0.0284424291,-9.6146e-05,0.029206071,0.0001721718,0.0033999647,4.787526,10.86828,3.430298,0.447929,-0.543449,-0.598289,-0.382579
1403638603.67818,7.544496,9.510274,2.506836,-0.702091,-0.395286,-0.509025,0.302839,0.000381178,-9.1091e-06,-0.0001188788,1.0791e-06,2.7113e-06,3.8057e-05,0.0412113151,-0.0283653082,-9.54951e-05,0.0290059236,0.0002008218,0.0033741726,4.767253,10.857338,3.429669,0.449635,-0.538879,-0.598384,-0.386876
1403638603.72818,7.520709,9.517479,2.505376,-0.697529,-0.398333,-0.514332,0.300412,0.0003833682,-3.6307e-06,-0.0001159907,8.841e-07,9.747e-07,3.60504e-05,0.0413403643,-0.0283010414,-9.56679e-05,0.0288325991,0.0002025793,0.0033727201,4.747969,10.845167,3.42705,0.449079,-0.533651,-0.599778,-0.392576
1403638603.82824,7.434441,9.536897,2.530264,-0.688669,-0.403517,-0.525264,0.294969,0.0003869062,6.8723e-06,-0.0001103637,8.575e-07,-2.0275e-06,3.22895e-05,0.0413010928,-0.0281599206,-7.67478e-05,0.0283272001,0.0002177052,0.0033263638,4.684865,10.806643,3.443553,0.447395,-0.523849,-0.601732,-0.404165
1403638603.87825,7.402429,9.536369,2.529211,-0.684201,-0.405859,-0.531081,0.29172,0.0003887017,1.29576e-05,-0.0001068954,1.1574e-06,-3.6279e-06,3.01831e-05,0.0414677239,-0.0279629572,-7.28874e-05,0.027903589,0.0002250549,0.0033187939,4.665079,10.788704,3.437602,0.446155,-0.51894,-0.602518,-0.410637
1403638604.27828,7.110831,9.473664,2.473188,-0.676783,-0.408313,-0.541167,0.287025,0.0003915203,2.15215e-05,-0.0001008859,1.8484e-06,-5.5711e-06,2.67126e-05,0.0410335991,-0.0266653254,-7.00611e-05,0.0261744726,0.0002134077,0.0033039262,4.472651,10.573019,3.375615,0.444932,-0.511277,-0.602445,-0.421538
1403638604.32828,7.059398,9.458248,2.47667,-0.680509,-0.406682,-0.536091,0.290041,0.0003904829,1.68581e-05,-0.0001036303,1.3723e-06,-4.4878e-06,2.81964e-05,0.040902192,-0.0264024747,-6.49804e-05,0.0258246237,0.0002181702,0.003293521,4.442926,10.535459,3.37345,0.446124,-0.515353,-0.602083,-0.415801
1403638604.57828,6.800314,9.384098,2.503428,-0.697142,-0.409392,-0.514335,0.286095,0.0003792369,9.2201e-06,-0.0001221371,8.581e-07,-2.9696e-06,4.0024e-05,0.0403290086,-0.0251731092,-7.46927e-05,0.0243485139,0.0002081171,0.003288613,4.289494,10.32315,3.384213,0.435242,-0.530228,-0.610043,-0.396597
1403638604.67829,6.688577,9.348899,2.516358,-0.700608,-0.407878,-0.509506,0.288421,0.0003775393,4.8487e-06,-0.0001247508,6.835e-07,-1.5934e-06,4.18936e-05,0.0400677961,-0.0246600222,-7.59708e-05,0.0237302859,0.0002073349,0.0032824702,4.226163,10.233036,3.388128,0.435737,-0.533959,-0.609786,-0.391412
1403638604.77832,6.577516,9.319678,2.522296,-0.702909,-0.405258,-0.506251,0.292226,0.000377077,2.76e-08,-0.0001255153,6.13e-07,6.3e-09,4.24316e-05,0.0397880549,-0.024128591,-7.9676e-05,0.0231114035,0.0002035206,0.003278569,4.161359,10.130781,3.384652,0.438212,-0.536952,-0.608018,-0.387257
1403638604.82832,6.541171,9.313279,2.527734,-0.704923,-0.404108,-0.503733,0.293316,0.0003760843,-2.2369e-06,-0.0001267318,5.975e-07,7.655e-07,4.33393e-05,0.039654949,-0.0238860056,-6.58958e-05,0.0227910089,0.0002041156,0.0032673689,4.129305,10.081493,3.383211,0.438504,-0.538905,-0.607724,-0.384665
1403638604.87831,6.486641,9.296058,2.531596,-0.706553,-0.404401,-0.501546,0.292736,0.0003746181,-2.9999e-06,-0.0001286189,6.005e-07,1.0418e-06,4.47886e-05,0.0395996112,-0.0237330748,-6.56613e-05,0.0225937519,0.0002029756,0.003264768,4.09763,10.03169,3.382466,0.437221,-0.540309,-0.608571,-0.382813
1403638605.02832,6.328831,9.238979,2.543049,-0.716224,-0.407725,-0.487912,0.28762,0.0003651803,-5.3638e-06,-0.0001398659,6.532e-07,2.0687e-06,5.42113e-05,0.0391772379,-0.0229751172,-7.10583e-05,0.0217613541,0.0001970897,0.0032641034,4.004385,9.881377,3.386446,0.428001,-0.548376,-0.614847,-0.371571
1403638605.12831,6.217312,9.200753,2.561372,-0.721446,-0.410027,-0.480165,0.284315,0.0003593508,-6.2295e-06,-0.0001460669,6.774e-07,2.5473e-06,6.00174e-05,0.0388955898,-0.0224949428,-7.36759e-05,0.0212373718,0.0001930184,0.0032620429,3.944566,9.783184,3.399257,0.422253,-0.552648,-0.618747,-0.365295
1403638605.72829,5.643588,9.056269,2.651571,-0.692001,-0.429994,-0.519441,0.257724,0.0003709098,3.56105e-05,-0.0001288776,4.0115e-06,-1.23851e-05,4.54099e-05,0.037945331,-0.0200260649,-0.0001029598,0.0185664713,0.0001710245,0.0032758147,3.58931,9.321502,3.468328,0.409229,-0.518514,-0.628238,-0.411087
1403638605.77829,5.584189,9.051912,2.65466,-0.692038,-0.430189,-0.519239,0.257704,0.0003708486,3.55679e-05,-0.0001289629,3.9956e-06,-1.23847e-05,4.54659e-05,0.0378811453,-0.019731466,-0.0001022435,0.0182340767,0.0001694363,0.0032741511,3.55206,9.283862,3.470964,0.409084,-0.518516,-0.628395,-0.410989
1403638606.12828,5.166488,9.048828,2.717784,-0.690874,-0.435126,-0.521963,0.246805,0.0003675341,4.44207e-05,-0.0001305,5.9663e-06,-1.58006e-05,4.6965e-05,0.0379482344,-0.0181370205,-0.000120791,0.0164609014,0.0001586857,0.0032864651,3.230727,9.019876,3.529944,0.399481,-0.516005,-0.632606,-0.41709
1403638606.17828,5.14244,9.048085,2.707245,-0.690428,-0.436392,-0.522186,0.245343,0.0003667638,4.58769e-05,-0.0001307648,6.3109e-06,-1.63914e-05,4.72382e-05,0.0378832227,-0.0178790134,-0.0001012151,0.016161603,0.0001588924,0.0032788774,3.176607,8.982382,3.535931,0.397913,-0.515499,-0.633436,-0.417954
1403638606.22828,5.073324,9.052683,2.710544,-0.690717,-0.43685,-0.522037,0.244028,0.0003661356,4.66167e-05,-0.0001312389,6.506e-06,-1.67459e-05,4.76558e-05,0.0378855549,-0.0177836228,-0.0001021824,0.0160578507,0.0001587168,0.0032784265,3.120105,8.944314,3.540071,0.396565,-0.515626,-0.633998,-0.418225
1403638606.27828,5.008297,9.057882,2.705691,-0.691464,-0.436995,-0.521307,0.243211,0.0003654562,4.6573e-05,-0.0001320426,6.5045e-06,-1.68647e-05,4.83201e-05,0.0379306127,-0.0175293861,-0.0001019292,0.0157758653,0.0001584274,0.0032779478,3.06145,8.906467,3.54281,0.395505,-0.51649,-0.634241,-0.417794
1403638606.32827,4.967422,9.069815,2.690859,-0.69471,-0.435284,-0.517687,0.244756,0.0003644839,4.3038e-05,-0.0001342039,5.6416e-06,-1.58815e-05,5.00129e-05,0.0379451504,-0.0172995712,-8.82423e-05,0.0155119311,0.000160485,0.0032687704,3.000136,8.868043,3.543057,0.396001,-0.52004,-0.633711,-0.413709
1403638606.57826,4.592697,9.124769,2.660362,-0.719989,-0.423105,-0.484318,0.260833,0.0003535036,1.31974e-05,-0.0001516115,1.0552e-06,-5.6811e-06,6.56562e-05,0.0384265252,-0.0161391486,-9.1213e-05,0.0142529597,0.0001599519,0.0032729823,2.668063,8.678251,3.51717,0.400498,-0.548097,-0.630085,-0.377077
1403638606.62826,4.518929,9.141223,2.650772,-0.72245,-0.423297,-0.479152,0.263247,0.0003512647,9.6936e-06,-0.0001539426,8.28e-07,-4.2674e-06,6.80997e-05,0.0385165741,-0.0158700877,-8.70522e-05,0.0139718522,0.0001610049,0.0032719064,2.598678,8.643524,3.507505,0.40117,-0.550369,-0.63106,-0.371379
1403638607.27825,3.666753,9.526959,2.534775,-0.67518,-0.485063,-0.445682,0.331985,0.000358204,-6.1667e-06,-0.0001477757,6.996e-07,2.5306e-06,6.16348e-05,0.041594539,-0.0131647638,-0.0001112033,0.0112998022,0.0001590945,0.0033000539,1.663292,8.394112,3.392742,0.455545,-0.486171,-0.674683,-0.317693
1403638607.32825,3.609775,9.566371,2.530208,-0.670659,-0.484698,-0.447498,0.339161,0.0003621706,-8.1739e-06,-0.0001436098,7.8e-07,3.2286e-06,5.76106e-05,0.041947434,-0.0130195644,-0.0001117588,0.0111576929,0.0001593094,0.0033024808,1.592903,8.390851,3.388102,0.462894,-0.48204,-0.672906,-0.317128
1403638607.42825,3.500788,9.646333,2.514996,-0.66402,-0.484916,-0.449846,0.348673,0.0003673233,-1.04512e-05,-0.0001378487,8.982e-07,3.9105e-06,5.2394e-05,0.0426099697,-0.0126947035,-0.0001150646,0.0108696776,0.0001592492,0.0033086448,1.454348,8.387079,3.373352,0.472653,-0.475682,-0.671,-0.316364
1403638607.47825,3.449434,9.687009,2.503694,-0.663508,-0.485412,-0.448318,0.350918,0.0003673783,-1.18864e-05,-0.0001376958,9.878e-07,4.4442e-06,5.22741e-05,0.0429365442,-0.0125321587,-0.0001161877,0.0107295193,0.0001594766,0.0033117897,1.386537,8.386145,3.362865,0.474321,-0.475039,-0.67129,-0.314212
1403638607.97825,3.012879,10.05784,2.332077,-0.666162,-0.481969,-0.443936,0.356168,0.0003669764,-1.81948e-05,-0.0001377772,1.5372e-06,6.8256e-06,5.24255e-05,0.0461537752,-0.0111252467,-0.0001412344,0.009679408,0.0001537847,0.0033586511,0.77468,8.395004,3.197883,0.477829,-0.478763,-0.668827,-0.308442
1403638608.02825,2.974738,10.093024,2.309378,-0.666237,-0.480012,-0.444829,0.357553,0.0003679143,-1.93255e-05,-0.0001365794,1.654e-06,7.1695e-06,5.1402e-05,0.0464651981,-0.0110726417,-0.0001441553,0.0096387351,0.0001530317,0.0033648027,0.720015,8.398871,3.175654,0.479406,-0.479488,-0.666996,-0.308834
1403638608.07825,2.938209,10.127744,2.285863,-0.665098,-0.479349,-0.447525,0.357198,0.0003693156,-1.80732e-05,-0.0001351501,1.5268e-06,6.6085e-06,5.01591e-05,0.046781608,-0.0109566611,-0.0001471515,0.0095662844,0.0001521526,0.0033716997,0.666876,8.403389,3.152657,0.479927,-0.478628,-0.665998,-0.311503
1403638608.12825,2.903087,10.161946,2.261046,-0.663679,-0.478859,-0.45078,0.356401,0.0003708608,-1.62399e-05,-0.0001335786,1.3569e-06,5.843e-06,4.88153e-05,0.047095785,-0.0108449381,-0.0001501982,0.009498584,0.0001512215,0.0033790097,0.615193,8.408475,3.128259,0.480195,-0.477449,-0.66508,-0.31484
1403638608.17825,2.86914,10.195598,2.234821,-0.66205,-0.479494,-0.45445,0.353907,0.0003720258,-1.28911e-05,-0.0001325671,1.0959e-06,4.5853e-06,4.79428e-05,0.0474074529,-0.0107365368,-0.0001532964,0.0094350545,0.0001502368,0.0033867576,0.564742,8.413875,3.10253,0.478969,-0.475727,-0.665166,-0.319106
1403638608.27825,2.793814,10.263127,2.19347,-0.657566,-0.478511,-0.462444,0.353242,0.0003761373,-8.6735e-06,-0.0001278044,8.44e-07,2.9344e-06,4.41279e-05,0.0478576531,-0.0105588957,-9.65557e-05,0.0092959543,0.0001454977,0.0033455468,0.467078,8.424603,3.048092,0.480873,-0.471806,-0.662753,-0.326987
1403638608.32825,2.76065,10.295296,2.16573,-0.654795,-0.477335,-0.466973,0.35402,0.0003787311,-7.0461e-06,-0.0001245045,7.782e-07,2.3026e-06,4.16308e-05,0.0481609775,-0.0104168859,-9.60033e-05,0.0092173295,0.0001433835,0.0033501765,0.419744,8.429624,3.019443,0.483041,-0.469584,-0.660755,-0.33101
1403638608.42826,2.686203,10.334475,2.1205,-0.651289,-0.476304,-0.472065,0.355121,0.0003816639,-4.9936e-06,-0.0001206083,7.089e-07,1.5617e-06,3.88113e-05,0.0485711042,-0.0102309416,-7.8026e-05,0.0090733567,0.0001414585,0.0033399403,0.327561,8.437711,2.957649,0.485551,-0.466615,-0.658656,-0.335682
1403638608.67826,2.541913,10.444795,1.961651,-0.650774,-0.473096,-0.4735,0.358427,0.0003835127,-7.4112e-06,-0.0001179406,7.779e-07,2.2647e-06,3.69584e-05,0.0492043274,-0.0096307714,-6.38168e-05,0.0087165405,0.0001528379,0.0033255301,0.113587,8.444678,2.784138,0.489074,-0.467238,-0.655516,-0.335854
1403638608.72826,2.503065,10.471624,1.929389,-0.649779,-0.472272,-0.474668,0.359773,0.000384585,-7.7011e-06,-0.0001163612,7.889e-07,2.316e-06,3.5893e-05,0.0492726897,-0.0095492464,-6.30064e-05,0.0086763707,0.0001541289,0.0033237715,0.073792,8.443017,2.751227,0.490769,-0.466563,-0.65438,-0.336529
1403638609.32825,2.16907,10.611682,1.671604,-0.66221,-0.468888,-0.45645,0.365069,0.0003770602,-2.2038e-05,-0.0001256437,1.9613e-06,7.3421e-06,4.26027e-05,0.0504650728,-0.0081955399,-4.20282e-05,0.0081285482,0.0001465797,0.0033446873,-0.316196,8.374568,2.465309,0.49007,-0.479527,-0.654987,-0.317613
1403638609.42825,2.130142,10.618983,1.630879,-0.661994,-0.470826,-0.457166,0.362058,0.0003765429,-1.93167e-05,-0.0001268443,1.6701e-06,6.5052e-06,4.34727e-05,0.0506494725,-0.0080222572,-3.77739e-05,0.0080666828,0.0001467814,0.0033469731,-0.362902,8.361496,2.418422,0.487401,-0.478715,-0.656765,-0.319267
1403638609.52823,2.066378,10.645835,1.569447,-0.661764,-0.473174,-0.457975,0.358376,0.0003758377,-1.63138e-05,-0.0001282135,1.3891e-06,5.56e-06,4.44817e-05,0.050659284,-0.0078731073,-3.80504e-05,0.0080078091,0.0001498211,0.0033456658,-0.404105,8.347673,2.365317,0.484192,-0.477941,-0.658767,-0.32118
1403638609.57823,2.045706,10.657598,1.53737,-0.661746,-0.474186,-0.458422,0.356495,0.0003755011,-1.46575e-05,-0.0001288761,1.2558e-06,5.0241e-06,4.49765e-05,0.0508812174,-0.0077015227,-3.66646e-05,0.0079434687,0.000150781,0.0033467466,-0.422997,8.340569,2.336253,0.482625,-0.477575,-0.659704,-0.32216
1403638609.92823,1.928304,10.679015,1.337075,-0.661042,-0.475914,-0.459495,0.354109,0.0003755134,-1.21529e-05,-0.0001293731,1.1015e-06,4.1778e-06,4.53354e-05,0.0510141414,-0.007217882,-2.19871e-05,0.0077995571,0.0001483624,0.0033586533,-0.530827,8.290115,2.128152,0.480765,-0.476353,-0.660986,-0.324113
1403638609.97823,1.912053,10.68823,1.312956,-0.660548,-0.475414,-0.460207,0.354778,0.0003761022,-1.23049e-05,-0.0001286366,1.1109e-06,4.1979e-06,4.47574e-05,0.0511523424,-0.0071445035,-2.28846e-05,0.0077695365,0.0001502278,0.0033575432,-0.542457,8.282461,2.103912,0.481682,-0.476025,-0.660309,-0.324615
1403638610.17823,1.864397,10.69158,1.242039,-0.655538,-0.471712,-0.467287,0.359723,0.0003815502,-1.22662e-05,-0.000121465,1.1112e-06,3.8904e-06,3.94258e-05,0.0511724177,-0.0069300003,-1.87827e-05,0.0077071696,0.0001504609,0.00336195,-0.579426,8.25064,2.025489,0.488688,-0.472457,-0.655117,-0.329835
1403638610.22823,1.852408,10.693437,1.222877,-0.654711,-0.470727,-0.468215,0.361309,0.000382508,-1.28762e-05,-0.0001200687,1.1505e-06,4.0258e-06,3.84428e-05,0.0512190787,-0.0068793886,-2.15975e-05,0.0076884362,0.0001520835,0.0033602797,-0.586115,8.241373,2.005782,0.490528,-0.471977,-0.653852,-0.3303
1403638610.27823,1.840013,10.692567,1.201055,-0.654426,-0.46972,-0.468915,0.362226,0.0003831426,-1.34135e-05,-0.0001191316,1.1887e-06,4.1539e-06,3.77937e-05,0.0512240647,-0.0068296837,-2.23269e-05,0.0076723009,0.0001528912,0.0033600266,-0.5917,8.231647,1.984502,0.49163,-0.472061,-0.652771,-0.330679
1403638610.57822,1.780945,10.652133,1.044477,-0.647207,-0.466299,-0.478575,0.366953,0.0003894114,-1.16452e-05,-0.0001099222,1.0819e-06,3.268e-06,3.17821e-05,0.0508120984,-0.0065809782,-1.73046e-05,0.0076102395,0.0001539869,0.0033665977,-0.603841,8.160527,1.829856,0.499077,-0.466714,-0.646924,-0.338516
1403638610.62822,1.776251,10.640267,1.014866,-0.643577,-0.463847,-0.483434,0.370063,0.0003925304,-1.12447e-05,-0.0001047379,1.0524e-06,2.9809e-06,2.86908e-05,0.0507600192,-0.0064917967,-1.90322e-05,0.0075794436,0.0001549318,0.0033658836,-0.602081,8.145031,1.801672,0.503624,-0.463967,-0.64351,-0.342047
1403638610.72823,1.762342,10.604763,0.959534,-0.644252,-0.464219,-0.482052,0.370225,0.0003919766,-1.19073e-05,-0.0001056979,1.0936e-06,3.1911e-06,2.92486e-05,0.0504691068,-0.0064165517,-1.73646e-05,0.0075619838,0.0001554985,0.0033676369,-0.594702,8.107552,1.745458,0.50338,-0.464495,-0.644024,-0.340717
1403638610.97821,1.745823,10.484609,0.854156,-0.653704,-0.470829,-0.466792,0.364824,0.0003831746,-1.51215e-05,-0.0001192653,1.3307e-06,4.6841e-06,3.78922e-05,0.0494493611,-0.006211714,-1.98473e-05,0.0075181547,0.0001577658,0.0033681029,-0.555324,7.992598,1.631508,0.493439,-0.471626,-0.653152,-0.327841
1403638611.02821,1.740264,10.459215,0.832249,-0.652886,-0.469331,-0.467638,0.367129,0.0003843164,-1.62186e-05,-0.0001174643,1.4202e-06,4.9352e-06,3.66681e-05,0.0491532308,-0.0062361297,-2.0065e-05,0.007528388,0.0001583423,0.0033672043,-0.544218,7.968155,1.612192,0.495912,-0.471353,-0.651462,-0.327864
1403638611.52822,1.714924,10.131569,0.642057,-0.640229,-0.48512,-0.484427,0.346549,0.0003855619,1.05738e-05,-0.0001166605,1.0634e-06,-3.2352e-06,3.60896e-05,0.0463739802,-0.0059234116,-1.18564e-05,0.0075001079,0.0001664038,0.0033783888,-0.368676,7.685272,1.410489,0.481723,-0.454513,-0.662314,-0.350292
1403638611.62822,1.705204,10.050613,0.617437,-0.641902,-0.487808,-0.483227,0.341316,0.000383051,1.33774e-05,-0.0001201144,1.2456e-06,-4.2327e-06,3.84604e-05,0.0456817778,-0.0058407542,-1.12686e-05,0.0074900898,0.0001683628,0.0033785458,-0.328271,7.616156,1.386507,0.476324,-0.455267,-0.66542,-0.350806
1403638611.87821,1.666266,9.850538,0.554672,-0.65534,-0.479986,-0.466048,0.350632,0.0003784058,-4.8373e-06,-0.0001272003,8.521e-07,1.598e-06,4.35732e-05,0.0439921625,-0.0055448848,-1.04355e-05,0.0074384751,0.0001760267,0.0033795053,-0.236757,7.425244,1.322523,0.479802,-0.47043,-0.662263,-0.33151
1403638611.92821,1.658523,9.809199,0.537047,-0.65744,-0.478476,-0.463686,0.351893,0.0003775804,-7.4982e-06,-0.0001281483,9.4e-07,2.5183e-06,4.43053e-05,0.0436697319,-0.0055057131,-1.00489e-05,0.0074321706,0.0001771007,0.0033787777,-0.21837,7.384885,1.305792,0.480246,-0.472897,-0.66153,-0.328803
1403638612.32821,1.598874,9.484861,0.438763,-0.662346,-0.476046,-0.458114,0.353284,0.0003751918,-1.24921e-05,-0.000131083,1.2384e-06,4.34e-06,4.66343e-05,0.0411024165,-0.0050942885,-5.2374e-06,0.0073808797,0.0001896764,0.003384668,-0.059516,7.074758,1.204925,0.479691,-0.478436,-0.660739,-0.323141
1403638612.37821,1.594554,9.442987,0.430931,-0.661667,-0.476028,-0.459571,0.352686,0.0003757731,-1.1485e-05,-0.0001304497,1.173e-06,3.9608e-06,4.61162e-05,0.0407633858,-0.0050553752,-5.1039e-06,0.0073745503,0.0001901607,0.0033835644,-0.037521,7.038293,1.19927,0.479499,-0.477815,-0.660539,-0.324749
1403638612.42821,1.590704,9.40145,0.422817,-0.661303,-0.475718,-0.460381,0.352732,0.0003762284,-1.12301e-05,-0.0001299038,1.1581e-06,3.8501e-06,4.56792e-05,0.0404333633,-0.0050178656,-4.9371e-06,0.0073693933,0.0001910736,0.0033830508,-0.015114,7.001854,1.19282,0.479744,-0.477589,-0.66014,-0.325529
1403638612.4782,1.587452,9.360023,0.413465,-0.660472,-0.475229,-0.462368,0.35235,0.0003771481,-1.02364e-05,-0.00012882,1.1023e-06,3.4676e-06,4.48218e-05,0.0401082951,-0.0049832562,-4.7668e-06,0.0073654102,0.0001921606,0.0033827696,0.00783,6.965677,1.184961,0.479945,-0.476975,-0.659439,-0.327549
1403638612.82821,1.564467,9.071664,0.313154,-0.65473,-0.476596,-0.476648,0.342042,0.0003808803,2.6813e-06,-0.0001245017,8.715e-07,-9.14e-07,4.15287e-05,0.0379404057,-0.0047429646,-2.806e-06,0.0073551822,0.0002043215,0.0033869414,0.171506,6.710491,1.087757,0.474521,-0.471243,-0.658876,-0.344447
1403638612.92821,1.552643,8.985527,0.280303,-0.654424,-0.474184,-0.478587,0.343269,0.0003823176,1.9487e-06,-0.0001225589,8.642e-07,-6.632e-07,4.01158e-05,0.0372804321,-0.004659265,-2.9993e-06,0.0073427735,0.0002061567,0.0033860668,0.215954,6.633758,1.056219,0.47619,-0.471787,-0.656476,-0.345977
1403638612.9782,1.551096,8.944052,0.262319,-0.655069,-0.473172,-0.478682,0.343303,0.0003822725,1.3827e-06,-0.0001225513,8.539e-07,-4.835e-07,4.01081e-05,0.0369394711,-0.0046146588,-6.6677e-06,0.0073290506,0.0002038253,0.0033813231,0.237479,6.594705,1.041819,0.476266,-0.47251,-0.65597,-0.345844
1403638613.3282,1.490432,8.646563,0.214339,-0.66089,-0.472633,-0.4722,0.341862,0.0003786576,-2.0846e-06,-0.0001276624,8.848e-07,6.631e-07,4.38865e-05,0.0348102129,-0.0042643886,-4.3377e-06,0.0072907273,0.0002146745,0.0033845952,0.379867,6.315826,0.995946,0.472694,-0.478289,-0.657369,-0.340097
1403638613.3782,1.474442,8.585609,0.213425,-0.660138,-0.473135,-0.472997,0.341519,0.0003789295,-1.3677e-06,-0.0001271597,8.61e-07,4.121e-07,4.3503e-05,0.0344727166,-0.0042193341,-1.10544e-05,0.0072646548,0.0002068666,0.0033746846,0.399417,6.275512,0.996374,0.472608,-0.477655,-0.657402,-0.341042
1403638613.62821,1.433214,8.379886,0.198982,-0.662382,-0.46348,-0.477186,0.344573,0.0003820488,-5.4445e-06,-0.0001229586,9.519e-07,1.7072e-06,4.04065e-05,0.0328573411,-0.003907439,-8.732e-06,0.0072208332,0.0002139318,0.0033776272,0.49527,6.07033,0.982175,0.476687,-0.482624,-0.649231,-0.344011
1403638614.02822,1.346326,8.008813,0.07922,-0.675769,-0.430528,-0.496657,0.333637,0.000387769,-9.3873e-06,-0.0001145857,1.1345e-06,2.7391e-06,3.46928e-05,0.0304477824,-0.0034959471,-5.68e-06,0.0071768117,0.0002255584,0.0033829437,0.661065,5.708541,0.878009,0.472437,-0.505662,-0.622406,-0.365686
1403638614.07822,1.335586,7.956191,0.054854,-0.680889,-0.424064,-0.498928,0.328071,0.0003870793,-9.4712e-06,-0.0001155901,1.1354e-06,2.7956e-06,3.53451e-05,0.0300660976,-0.0034334547,-5.9395e-06,0.0071620032,0.0002247004,0.0033817142,0.684633,5.659386,0.859132,0.467891,-0.512449,-0.618065,-0.369428
1403638614.17822,1.313608,7.850505,0.011513,-0.69219,-0.411778,-0.502962,0.313596,0.0003845629,-7.9717e-06,-0.0001194185,1.0718e-06,2.4473e-06,3.79112e-05,0.0293716345,-0.0033206665,-5.4416e-06,0.007143636,0.0002264988,0.0033819198,0.733384,5.559406,0.821609,0.455404,-0.527002,-0.61011,-0.377691
1403638614.52823,1.224713,7.464624,-0.081518,-0.71767,-0.377256,-0.508631,0.289694,0.0003798919,-1.27211e-05,-0.0001256783,1.3621e-06,4.1967e-06,4.2428e-05,0.0269774593,-0.0029030049,-1.49e-07,0.0071013481,0.0002418073,0.0033903551,0.903385,5.196594,0.741015,0.434306,-0.562109,-0.585533,-0.390596
1403638614.57823,1.210194,7.405917,-0.085849,-0.720203,-0.373189,-0.509525,0.287092,0.0003795322,-1.32087e-05,-0.0001260534,1.3907e-06,4.3768e-06,4.27106e-05,0.0265995499,-0.0028305088,5.498e-07,0.007087553,0.0002424781,0.0033892134,0.928034,5.143112,0.737375,0.432074,-0.565785,-0.582579,-0.392182
1403638614.87823,1.149809,7.063692,-0.067157,-0.749988,-0.329322,-0.503853,0.274221,0.0003702656,-3.13199e-05,-0.0001346897,3.6014e-06,1.14099e-05,4.98622e-05,0.0245532167,-0.0025241578,5.1676e-06,0.0070680857,0.0002574435,0.0033930815,1.09017,4.821368,0.760136,0.417886,-0.608053,-0.550304,-0.390936
1403638614.97823,1.141922,6.949584,-0.041705,-0.760743,-0.310716,-0.506525,0.261071,0.0003673823,-3.24204e-05,-0.0001376066,3.8013e-06,1.21675e-05,5.24068e-05,0.023870587,-0.0024554973,4.0933e-06,0.0070590032,0.0002574355,0.0033867255,1.155561,4.719155,0.783216,0.406355,-0.624,-0.536297,-0.397363
1403638615.02823,1.139334,6.89093,-0.027408,-0.765496,-0.300603,-0.509524,0.253059,0.0003668775,-3.18309e-05,-0.000138261,3.6944e-06,1.20227e-05,5.29651e-05,0.0235520669,-0.0024363781,3.5738e-06,0.0070591804,0.0002574858,0.0033831954,1.190806,4.66857,0.796167,0.399798,-0.63163,-0.528311,-0.402647
1403638615.07822,1.138182,6.831926,-0.012269,-0.769813,-0.290283,-0.513736,0.243307,0.0003668294,-2.99204e-05,-0.0001386693,3.3663e-06,1.13403e-05,5.32765e-05,0.0232175658,-0.0024142443,3.1688e-06,0.0070586633,0.0002581099,0.003380427,1.227685,4.618396,0.809956,0.391944,-0.638894,-0.520039,-0.409645
1403638615.12823,1.139308,6.772116,0.004783,-0.773465,-0.279566,-0.518906,0.233089,0.0003674674,-2.76055e-05,-0.0001383944,2.994e-06,1.04283e-05,5.2975e-05,0.0228852371,-0.0023956011,3.1455e-06,0.0070606194,0.000259115,0.0033781931,1.267058,4.571741,0.825728,0.383844,-0.645711,-0.511103,-0.417747
1403638615.37825,1.164853,6.470082,0.104119,-0.784658,-0.222183,-0.55056,0.178408,0.0003756733,-1.39648e-05,-0.0001307879,1.4325e-06,4.9039e-06,4.63828e-05,0.0211806028,-0.0023243276,-5.108e-07,0.0070898504,0.0002646213,0.003370612,1.473577,4.327089,0.915034,0.341901,-0.674333,-0.460213,-0.465405
1403638615.42825,1.169721,6.408009,0.118034,-0.78702,-0.209301,-0.555269,0.168727,0.0003766624,-1.31406e-05,-0.000129645,1.3673e-06,4.5658e-06,4.54671e-05,0.0209312018,-0.0023579578,-6.527e-07,0.007107945,0.0002660093,0.0033683495,1.515234,4.277754,0.93028,0.334134,-0.680639,-0.448781,-0.472969
1403638615.97825,1.198866,5.758467,0.274431,-0.805408,-0.120155,-0.570033,0.109286,0.0003769995,-1.56002e-05,-0.0001293068,1.5471e-06,5.421e-06,4.52569e-05,0.0176180168,-0.002163664,-1.12962e-05,0.0072056087,0.0002813714,0.0033530258,1.949728,3.744648,1.068162,0.282263,-0.726124,-0.369672,-0.506378
1403638616.07825,1.197673,5.637113,0.298287,-0.806939,-0.108016,-0.571911,0.100497,0.0003769945,-1.54095e-05,-0.0001294122,1.5386e-06,5.3634e-06,4.53433e-05,0.0171984182,-0.0021624844,-1.11727e-05,0.0072439411,0.0002905781,0.0033572198,2.025001,3.646672,1.092079,0.274493,-0.731429,-0.35863,-0.510941
1403638616.12825,1.196652,5.576091,0.306565,-0.807889,-0.101694,-0.57258,0.095534,0.0003769285,-1.51197e-05,-0.0001295688,1.5185e-06,5.2727e-06,4.54659e-05,0.0169278208,-0.0021375392,-1.13953e-05,0.0072586787,0.0002954625,0.0033599779,2.0624,3.597353,1.100853,0.269994,-0.734322,-0.352927,-0.513148
1403638616.42825,1.180378,5.207719,0.27351,-0.814789,-0.047823,-0.574612,0.06044,0.0003750966,-1.74935e-05,-0.000131791,1.6946e-06,6.2333e-06,4.72623e-05,0.0153597321,-0.0019814851,-2.45838e-05,0.0073497621,0.0003047419,0.0033440269,2.284657,3.294222,1.069967,0.237473,-0.757884,-0.30397,-0.526172
1403638616.47825,1.179689,5.145702,0.259213,-0.815649,-0.039089,-0.574485,0.056166,0.0003746539,-1.85354e-05,-0.0001322266,1.796e-06,6.6393e-06,4.75954e-05,0.0151168051,-0.0019402433,-2.6796e-05,0.0073654598,0.0003093865,0.0033468943,2.321261,3.243843,1.055286,0.233308,-0.761439,-0.295928,-0.527457
1403638616.52825,1.162604,5.089051,0.238626,-0.816636,-0.032439,-0.574023,0.050512,0.0003738783,-1.83897e-05,-0.0001332169,1.7206e-06,6.5885e-06,4.82213e-05,0.0148232677,-0.0019020721,-1.0627e-05,0.0073396503,0.000275015,0.0032906428,2.357623,3.193367,1.040159,0.228206,-0.764567,-0.289884,-0.528526
1403638616.57826,1.157431,5.027994,0.222529,-0.818173,-0.026841,-0.572499,0.046017,0.0003727731,-1.7759e-05,-0.0001346734,1.6602e-06,6.4497e-06,4.93921e-05,0.0145955206,-0.0018417563,-9.0599e-06,0.0073432448,0.0002767056,0.0032875722,2.393899,3.143008,1.024226,0.223526,-0.767814,-0.28502,-0.52847
1403638616.82826,1.149617,4.744674,0.132306,-0.836515,-0.004226,-0.546186,0.043652,0.0003534004,-2.65274e-05,-0.0001538293,2.7806e-06,1.15879e-05,6.76788e-05,0.0134112682,-0.0016969446,-9.2188e-06,0.0073920652,0.0002791722,0.003281848,2.579231,2.898928,0.923331,0.212955,-0.792245,-0.269146,-0.504542
1403638616.87826,1.152571,4.684499,0.111555,-0.839015,-0.001832,-0.542262,0.044744,0.0003501123,-2.80843e-05,-0.0001565599,3.0463e-06,1.26011e-05,7.07e-05,0.0132656162,-0.0016937041,-3.6595e-06,0.0074160459,0.0002836628,0.0032779792,2.619053,2.851541,0.90189,0.212705,-0.795405,-0.267655,-0.500449
1403638617.17826,1.217172,4.352007,0.060624,-0.829977,-0.015828,-0.556823,0.028911,0.0003622977,-1.19324e-05,-0.0001472781,1.1215e-06,4.8689e-06,6.04565e-05,0.0119173849,-0.0016343451,-8.5324e-06,0.0074303432,0.0002751873,0.003276434,2.894974,2.577984,0.821827,0.202405,-0.782145,-0.277817,-0.519711
1403638617.22826,1.229545,4.289264,0.057719,-0.830536,-0.01875,-0.555993,0.02702,0.0003614247,-9.4224e-06,-0.0001483795,9.561e-07,3.9006e-06,6.14927e-05,0.0118602354,-0.0016916525,-1.01129e-05,0.0074652966,0.0002774685,0.0032770661,2.94473,2.535081,0.815421,0.20036,-0.78176,-0.280752,-0.519506
1403638617.42825,1.302027,4.078875,0.059472,-0.837544,-0.026067,-0.545122,0.026133,0.0003538845,-6.0873e-06,-0.0001559144,7.975e-07,2.7074e-06,6.92754e-05,0.0110818526,-0.0016943648,-1.2875e-05,0.0075494217,0.0002858372,0.0032784141,3.149371,2.37418,0.805656,0.196199,-0.786018,-0.28968,-0.509676
1403638617.47824,1.327132,4.03073,0.062493,-0.838679,-0.027715,-0.543273,0.026518,0.0003525285,-5.6573e-06,-0.0001571537,5.616e-07,2.5513e-06,7.05802e-05,0.0109112037,-0.0017994083,-6.0998e-06,0.0074027676,0.0002357759,0.0032422617,3.201668,2.337238,0.808,0.196102,-0.786492,-0.291335,-0.508037
1403638617.67824,1.418719,3.795667,0.088399,-0.837432,-0.034527,-0.544846,0.025663,0.0003534871,-2.0162e-06,-0.0001564954,4.604e-07,9.133e-07,6.98039e-05,0.010265452,-0.0018679721,-6.0977e-06,0.0074840035,0.0002294874,0.003237658,3.416305,2.202396,0.840391,0.195578,-0.783319,-0.297409,-0.509617
1403638617.72824,1.447277,3.736794,0.097717,-0.836389,-0.036583,-0.546355,0.024724,0.0003546865,-5.014e-07,-0.0001554298,4.337e-07,2.369e-07,6.86263e-05,0.0100497586,-0.0018834696,-5.8415e-06,0.0074974521,0.0002238951,0.0032342758,3.470208,2.171628,0.855025,0.195012,-0.781746,-0.299039,-0.511293
1403638617.92825,1.57412,3.532249,0.158573,-0.834786,-0.040228,-0.548475,0.02626,0.0003563468,1.805e-07,-0.0001539463,4.091e-07,-6.87e-08,6.70142e-05,0.0094506946,-0.0019691754,-6.2719e-06,0.0075873705,0.0002118869,0.0032294995,3.693721,2.067865,0.928252,0.196902,-0.779152,-0.302042,-0.51276
1403638617.97825,1.609258,3.479568,0.173977,-0.834246,-0.040887,-0.549203,0.027164,0.000356928,-1.715e-07,-0.0001534004,4.022e-07,8.19e-08,6.64314e-05,0.0093032954,-0.0020029378,-5.4751e-06,0.0076260061,0.0002089373,0.0032277873,3.750798,2.046234,0.948828,0.197869,-0.778524,-0.302417,-0.51312
1403638618.02825,1.644157,3.430931,0.18959,-0.834146,-0.041498,-0.549292,0.027518,0.0003570536,-1.283e-07,-0.0001532876,3.986e-07,6.25e-08,6.63098e-05,0.009160094,-0.0020270672,-5.0636e-06,0.0076643307,0.0002075475,0.0032271842,3.808313,2.026106,0.968078,0.198157,-0.778283,-0.302951,-0.51306
1403638618.37825,1.907168,3.1126,0.263782,-0.832922,-0.045196,-0.550685,0.030713,0.0003582383,-5.438e-07,-0.0001522936,4.056e-07,2.373e-07,6.52512e-05,0.0083636226,-0.0021866305,-5.5164e-06,0.0079893441,0.0002010248,0.0032292782,4.223447,1.923571,1.061351,0.201199,-0.776192,-0.305758,-0.513378
1403638618.42825,1.940623,3.066099,0.273082,-0.83279,-0.045852,-0.550846,0.030461,0.0003583707,-1.157e-07,-0.0001521159,3.988e-07,5.5e-08,6.50716e-05,0.0082288139,-0.0022175079,-1.9351e-06,0.008046704,0.0002010763,0.0032274785,4.283452,1.913797,1.070336,0.201032,-0.775833,-0.306505,-0.51354
1403638618.67825,2.150255,2.866666,0.304529,-0.831913,-0.044286,-0.552512,0.026263,0.0003595401,1.9391e-06,-0.0001510804,4.196e-07,-8.093e-07,6.39974e-05,0.007761904,-0.0023169709,-8.795e-07,0.0083449755,0.0001985205,0.0032298006,4.583055,1.881656,1.107653,0.19741,-0.775593,-0.304515,-0.516484
1403638618.82825,2.287918,2.754605,0.332328,-0.830877,-0.039551,-0.554545,0.023649,0.000360896,1.5709e-06,-0.0001497154,4.157e-07,-6.436e-07,6.26177e-05,0.0075175119,-0.0023846107,2.3241e-06,0.0085523263,0.0001964095,0.0032277994,4.762591,1.876378,1.136725,0.195424,-0.776271,-0.29927,-0.519279
1403638618.87826,2.337676,2.715968,0.343767,-0.829867,-0.038393,-0.556234,0.021252,0.0003619958,2.7623e-06,-0.0001485679,4.293e-07,-1.1252e-06,6.14812e-05,0.007435371,-0.0024089329,3.4451e-06,0.0086350432,0.0001961359,0.0032269957,4.822762,1.876977,1.150009,0.19357,-0.775804,-0.297578,-0.521639
1403638619.12825,2.57206,2.549916,0.39139,0.822493,0.006849,0.568728,0.002582,0.0003704246,4.5557e-06,-0.0001395696,4.738e-07,-1.7077e-06,5.30965e-05,0.0071016572,-0.0025182,5.4254e-06,0.0090621548,0.0001954598,0.0032284742,5.12253,1.890778,1.206753,0.174778,-0.778793,-0.265099,-0.540985
1403638619.17825,2.622363,2.514095,0.397174,0.821818,-0.00338,0.56967,0.00896,0.0003711371,4.1532e-06,-0.0001387425,4.646e-07,-1.5432e-06,5.23746e-05,0.007032482,-0.0025333292,5.8447e-06,0.0091517884,0.000195561,0.0032284488,5.181815,1.895181,1.212817,0.168905,-0.781415,-0.254975,-0.543929
1403638619.27824,2.717624,2.450058,0.400287,0.819806,-0.027533,0.571527,0.022721,0.0003726845,2.147e-06,-0.0001370115,4.34e-07,-7.796e-07,5.08817e-05,0.0069123647,-0.002569259,6.3793e-06,0.0093437641,0.00019564,0.003229325,5.299159,1.906056,1.219503,0.156335,-0.787116,-0.231239,-0.550045
1403638619.87824,3.249017,2.137777,0.306475,0.807029,-0.124381,0.575282,0.047801,0.0003745572,-2.64004e-05,-0.0001325627,2.3167e-06,9.3623e-06,4.7459e-05,0.0064031698,-0.0027329248,6.7908e-06,0.0105390244,0.0002012825,0.0032384103,5.920866,1.987172,1.139438,0.133443,-0.805325,-0.134978,-0.561628
1403638619.92823,3.293284,2.105818,0.298814,0.806631,-0.126729,0.575322,0.047874,0.0003744126,-2.74437e-05,-0.0001324785,2.4679e-06,9.7299e-06,4.74155e-05,0.006338647,-0.0027181428,6.205e-06,0.0106345211,0.0002042375,0.0032363357,5.96906,1.990878,1.127938,0.13333,-0.805702,-0.132477,-0.56171
1403638620.12824,3.446944,1.987546,0.261403,0.802789,-0.128991,0.579665,0.053668,0.0003778753,-2.55095e-05,-0.0001286124,2.1864e-06,8.7007e-06,4.43178e-05,0.0061605309,-0.0026941073,5.1194e-06,0.0110368423,0.0002086963,0.0032376499,6.161802,1.992297,1.083624,0.129187,-0.802785,-0.129035,-0.567624
1403638620.17824,3.482067,1.956169,0.257848,0.801034,-0.128726,0.581983,0.055404,0.000379539,-2.46322e-05,-0.0001266014,2.0628e-06,8.2344e-06,4.27705e-05,0.0061099077,-0.0026771675,4.9433e-06,0.0111299652,0.0002099936,0.0032364624,6.209166,1.98915,1.076427,0.128305,-0.801011,-0.128694,-0.570401
1403638620.22824,3.517794,1.924437,0.253915,0.800591,-0.128508,0.582557,0.056269,0.0003800114,-2.40722e-05,-0.0001260502,1.9843e-06,8.0026e-06,4.2347e-05,0.006055677,-0.0026558754,5.0383e-06,0.011213959,0.0002114858,0.0032351326,6.255978,1.984601,1.070746,0.127673,-0.800514,-0.128685,-0.571242
1403638620.32824,3.578098,1.859485,0.252567,0.80209,-0.125873,0.580639,0.060548,0.000379583,-1.9816e-05,-0.0001273972,1.4959e-06,6.6672e-06,4.32968e-05,0.0059656526,-0.0026171456,4.69e-06,0.0113917349,0.0002133279,0.0032353737,6.34728,1.971143,1.065275,0.12308,-0.801109,-0.131622,-0.570747
1403638620.37824,3.603366,1.829378,0.255136,0.802831,-0.125094,0.579714,0.061207,0.0003791226,-1.89156e-05,-0.0001281369,1.4037e-06,6.4095e-06,4.38468e-05,0.0059198885,-0.002590878,4.7929e-06,0.0114630477,0.0002139239,0.0032346598,6.391824,1.962652,1.065775,0.122207,-0.801592,-0.13254,-0.570042
1403638620.72823,3.773312,1.585522,0.271031,0.809579,-0.121381,0.571407,0.05781,0.0003737507,-1.8244e-05,-0.0001351174,1.3624e-06,6.6113e-06,4.94065e-05,0.0056350622,-0.0023767829,1.9477e-06,0.0119698909,0.0002204455,0.0032383803,6.688176,1.879052,1.07396,0.123181,-0.806804,-0.138316,-0.561038
1403638620.77822,3.787859,1.551162,0.26772,0.81102,-0.120932,0.569575,0.056625,0.0003723763,-1.85218e-05,-0.0001366823,1.3844e-06,6.8146e-06,5.07244e-05,0.0055877697,-0.0023318756,2.0083e-06,0.0120062844,0.0002201038,0.0032354564,6.728742,1.864242,1.07047,0.123844,-0.808085,-0.139017,-0.55887
1403638620.82822,3.806612,1.513997,0.265219,0.812663,-0.11889,0.567649,0.056729,0.0003712085,-1.72389e-05,-0.0001380771,1.2512e-06,6.4293e-06,5.19041e-05,0.0055324688,-0.0022769314,3.2654e-06,0.0120307918,0.0002202134,0.0032323902,6.769352,1.848773,1.066057,0.123001,-0.809073,-0.14083,-0.557171
1403638621.07821,3.907975,1.331101,0.2386,0.812216,-0.104481,0.569897,0.067871,0.0003743659,-3.7717e-06,-0.0001355498,4.99e-07,1.3769e-06,4.9628e-05,0.0053488327,-0.0020612524,3.0161e-06,0.0123401896,0.0002222682,0.0032342801,6.970393,1.764592,1.033571,0.113112,-0.80417,-0.154191,-0.562799
1403638621.17821,3.947007,1.25933,0.231667,0.810941,-0.102684,0.572213,0.06635,0.0003757894,-4.1523e-06,-0.0001338595,5.092e-07,1.4902e-06,4.8228e-05,0.005285457,-0.00197485,3.0085e-06,0.0124543862,0.0002226558,0.0032341468,7.047658,1.730615,1.023129,0.115291,-0.802353,-0.155392,-0.564616
1403638621.72821,4.136861,0.907792,0.206821,0.804132,-0.09149,0.583463,0.067617,0.0003831768,4.832e-07,-0.0001246256,4.841e-07,-1.449e-07,4.10855e-05,0.0050215805,-0.0014982728,5.0627e-06,0.0130878039,0.0002225209,0.0032376053,7.429964,1.55808,0.990612,0.117351,-0.792526,-0.163332,-0.57572
1403638621.8282,4.159814,0.855779,0.186963,0.801744,-0.089827,0.58687,0.068713,0.0003853122,1.6535e-06,-0.0001216407,4.933e-07,-5.102e-07,3.89491e-05,0.0049909497,-0.0014206305,5.4074e-06,0.013149113,0.0002221497,0.0032368575,7.487125,1.527906,0.972368,0.117306,-0.789806,-0.163928,-0.579288
1403638622.27821,4.20794,0.657568,0.072944,0.797539,-0.093517,0.592776,0.06167,0.0003884156,-5.3213e-06,-0.0001172654,5.85e-07,1.6245e-06,3.59661e-05,0.0049024949,-0.0011010041,4.0777e-06,0.0133296919,0.0002260826,0.0032408747,7.669927,1.389048,0.855571,0.125617,-0.787087,-0.158717,-0.582687
1403638622.32821,4.206076,0.642656,0.062883,0.798162,-0.093974,0.591903,0.061299,0.0003878788,-5.6432e-06,-0.0001180123,5.932e-07,1.7349e-06,3.64639e-05,0.0048963051,-0.0010914609,4.157e-06,0.0133073626,0.0002266866,0.0032396287,7.682424,1.372208,0.844419,0.125646,-0.787845,-0.158332,-0.581761
1403638622.67821,4.155019,0.521072,0.05117,0.794767,-0.089154,0.595932,0.072544,0.0003911204,3.4176e-06,-0.000113359,5.608e-07,-9.745e-07,3.34248e-05,0.0048621169,-0.0008945614,4.1432e-06,0.0131456373,0.0002291925,0.003242998,7.725172,1.24054,0.822974,0.116077,-0.783216,-0.161559,-0.589067
1403638622.72821,4.143103,0.506199,0.060871,0.789176,-0.088326,0.603299,0.073697,0.0003952116,3.7666e-06,-0.0001065899,5.659e-07,-9.996e-07,2.93081e-05,0.0048560308,-0.0008718946,4.3478e-06,0.0131113119,0.0002289455,0.003242038,7.72454,1.22061,0.829298,0.117218,-0.777646,-0.160539,-0.596456
1403638622.77821,4.130122,0.493006,0.071864,0.783564,-0.088551,0.610507,0.073942,0.0003989707,2.9613e-06,-9.98758e-05,5.523e-07,-7.246e-07,2.5555e-05,0.0048502564,-0.0008473928,4.6286e-06,0.013069133,0.0002288474,0.0032415119,7.722367,1.200824,0.838174,0.119204,-0.772377,-0.158529,-0.603406
1403638622.82822,4.115185,0.479671,0.083466,0.779589,-0.088513,0.615504,0.074572,0.0004014603,2.8048e-06,-9.50631e-05,5.495e-07,-6.467e-07,2.30579e-05,0.0048460091,-0.0008258366,4.7975e-06,0.0130243021,0.0002286727,0.0032412915,7.718503,1.181088,0.848302,0.120147,-0.768558,-0.157297,-0.608394
1403638622.97823,4.054459,0.447855,0.113177,0.782817,-0.090542,0.61119,0.073807,0.0003993499,1.7921e-06,-9.92711e-05,5.461e-07,-4.272e-07,2.52328e-05,0.0048397562,-0.0007707808,5.0993e-06,0.0128398164,0.0002286207,0.0032424084,7.69008,1.118826,0.876846,0.119487,-0.772225,-0.156293,-0.604124
1403638623.02827,4.030451,0.444943,0.119061,0.78621,-0.092225,0.606797,0.071873,0.0003970147,2.808e-07,-0.0001034995,5.346e-07,-5.38e-08,2.75362e-05,0.0048332841,-0.000751367,4.6807e-06,0.0127528087,0.0002281242,0.0032415844,7.675043,1.096944,0.883941,0.119899,-0.775914,-0.155694,-0.599452
1403638623.12828,3.973803,0.430616,0.1269,0.792186,-0.095334,0.598893,0.068408,0.0003925078,-2.5647e-06,-0.0001111669,5.554e-07,7.472e-07,3.20479e-05,0.0048310576,-0.0007327161,4.8922e-06,0.0125861241,0.0002276443,0.0032419837,7.63854,1.051266,0.894016,0.120661,-0.782594,-0.154571,-0.590845
1403638623.32828,3.841662,0.410888,0.128506,0.799011,-0.099526,0.589709,0.062604,0.0003868245,-7.2265e-06,-0.0001197786,6.845e-07,2.2614e-06,3.76676e-05,0.0048277971,-0.0006882934,5.0047e-06,0.0121934393,0.0002274108,0.0032435858,7.545344,0.952933,0.900218,0.123307,-0.790426,-0.152606,-0.580287
1403638623.3783,3.806436,0.405842,0.124452,0.800205,-0.100442,0.588076,0.061241,0.0003856842,-8.3371e-06,-0.0001212463,7.257e-07,2.6466e-06,3.86875e-05,0.0048233896,-0.000676539,4.9931e-06,0.0120829198,0.0002272686,0.0032425093,7.519501,0.927093,0.898732,0.12409,-0.791827,-0.152086,-0.578345
1403638623.6283,3.61734,0.383937,0.115697,0.801694,-0.099021,0.585931,0.064542,0.00038479,-5.2782e-06,-0.000122785,6.317e-07,1.7089e-06,3.97642e-05,0.0048214969,-0.0006319165,5.099e-06,0.011551896,0.0002274549,0.0032449902,7.379736,0.792847,0.891326,0.120265,-0.792813,-0.153883,-0.577325
1403638623.67831,3.578466,0.376386,0.118285,0.802418,-0.098984,0.584901,0.064953,0.000384159,-4.8819e-06,-0.0001236119,6.18e-07,1.5951e-06,4.03565e-05,0.0048182365,-0.0006174196,4.9587e-06,0.0114445216,0.0002277536,0.0032446497,7.350265,0.764947,0.894538,0.119568,-0.793449,-0.154155,-0.576524
1403638623.77831,3.496103,0.367678,0.128871,0.803469,-0.098611,0.583252,0.067303,0.0003833511,-3.0139e-06,-0.0001247758,5.829e-07,1.0041e-06,4.11969e-05,0.0048162104,-0.000595527,5.0751e-06,0.0112256967,0.0002277696,0.0032452785,7.289741,0.708232,0.906497,0.116826,-0.794305,-0.15476,-0.575744
1403638623.82831,3.454151,0.361599,0.136066,0.803288,-0.098282,0.583451,0.06822,0.0003834936,-2.2937e-06,-0.0001245283,5.675e-07,7.687e-07,4.10179e-05,0.0048137212,-0.0005843142,5.0985e-06,0.011116277,0.0002276634,0.0032451142,7.258281,0.679438,0.914983,0.116036,-0.794021,-0.155017,-0.576226
1403638624.32831,2.978746,0.352768,0.157998,0.806,-0.108128,0.578322,0.064929,0.0003801204,-8.3537e-06,-0.0001290921,7.736e-07,2.8658e-06,4.44608e-05,0.0048268318,-0.0005333813,7.6069e-06,0.0100063785,0.0002258902,0.0032549841,6.915236,0.390696,0.959625,0.117619,-0.799628,-0.146646,-0.570312
1403638624.82831,2.463526,0.342702,0.097131,0.801575,-0.098353,0.585767,0.068427,0.0003853526,-2.4473e-06,-0.0001226341,6.441e-07,8.057e-07,3.96748e-05,0.0048680767,-0.0004893468,1.25161e-05,0.0090193992,0.0002239537,0.0032736553,6.55613,0.07956,0.911485,0.116569,-0.792345,-0.154526,-0.578555
1403638624.87831,2.406624,0.339723,0.102049,0.803821,-0.094355,0.58326,0.06911,0.0003839033,1.887e-07,-0.0001246772,6.285e-07,-3.6e-08,4.11399e-05,0.0048714446,-0.0004832399,1.38985e-05,0.0089208183,0.0002240715,0.0032728523,6.516393,0.045917,0.91104,0.115202,-0.793204,-0.15916,-0.576391
1403638624.92831,2.3505,0.338224,0.106559,0.805613,-0.092906,0.58135,0.066238,0.0003825238,-7.609e-07,-0.0001265536,6.306e-07,2.771e-07,4.25208e-05,0.0048756622,-0.0004776914,1.49868e-05,0.0088262237,0.0002240577,0.0032726785,6.475978,0.012481,0.911711,0.117385,-0.794425,-0.161205,-0.573695
1403638624.97831,2.294744,0.337884,0.111631,0.806836,-0.092316,0.580188,0.062245,0.0003815063,-2.9311e-06,-0.0001278835,6.528e-07,1.0086e-06,4.35218e-05,0.0048805542,-0.0004733315,1.58835e-05,0.0087360849,0.0002239756,0.0032728206,6.434662,-0.020712,0.914016,0.120882,-0.795358,-0.162239,-0.571379
1403638625.07831,2.182862,0.338239,0.117998,0.807749,-0.091439,0.579813,0.054751,0.0003807148,-7.3041e-06,-0.0001287936,7.766e-07,2.4988e-06,4.42306e-05,0.0048938737,-0.0004667139,1.76635e-05,0.0085658875,0.0002236655,0.00327531,6.351858,-0.086877,0.918376,0.127948,-0.795915,-0.163426,-0.568722
1403638625.12831,2.162505,0.314804,0.134563,0.808452,-0.090846,0.579317,0.050438,0.00038013,-9.8243e-06,-0.0001292659,8.849e-07,3.3673e-06,4.46127e-05,0.0048872233,-0.0004587404,1.49987e-05,0.0084716237,0.0002247916,0.0032683752,6.310133,-0.120175,0.919285,0.131379,-0.796379,-0.163149,-0.567366
1403638625.22832,2.062338,0.314438,0.141824,0.809593,-0.089938,0.578187,0.046592,0.0003789472,-1.17312e-05,-0.0001305789,9.897e-07,4.0741e-06,4.56471e-05,0.0048875534,-0.000436709,1.38205e-05,0.008364146,0.0002241271,0.0032665346,6.226353,-0.187421,0.917445,0.134857,-0.797116,-0.16435,-0.565163
1403638625.42832,1.848632,0.304252,0.136645,0.809585,-0.087318,0.578737,0.044848,0.0003792338,-1.16231e-05,-0.0001303064,9.929e-07,4.0258e-06,4.54348e-05,0.0049099115,-0.0004214067,1.36694e-05,0.0081002542,0.0002228441,0.0032700724,6.060175,-0.325606,0.911319,0.136692,-0.796254,-0.166839,-0.565207
1403638625.52832,1.746132,0.297497,0.141709,0.809389,-0.086883,0.579073,0.044891,0.0003794605,-1.1435e-05,-0.0001300196,9.8e-07,3.95e-06,4.52089e-05,0.0049140559,-0.0004137804,1.16933e-05,0.0079802423,0.0002219057,0.0032706764,5.978278,-0.396664,0.915928,0.136849,-0.795896,-0.167205,-0.565566
1403638625.97832,1.268683,0.24262,0.191338,0.819071,-0.087936,0.565024,0.046233,0.0003704083,-9.6008e-06,-0.0001412229,9.086e-07,3.6944e-06,5.45433e-05,0.0049711563,-0.0003778176,6.4071e-06,0.0075707162,0.0002184031,0.0032802011,5.6291,-0.72501,0.971026,0.131261,-0.805493,-0.169256,-0.552543
1403638626.02832,1.216949,0.235148,0.190675,0.819984,-0.088619,0.563596,0.046184,0.0003693845,-9.8025e-06,-0.0001422738,9.091e-07,3.811e-06,5.54947e-05,0.004957769,-0.0003750423,3.3137e-06,0.007527051,0.0002178677,0.0032787647,5.59338,-0.761355,0.972922,0.130979,-0.806583,-0.168996,-0.551098
1403638626.47833,0.799915,0.153366,0.152701,0.815512,-0.081628,0.569993,0.05818,0.0003748031,4.513e-07,-0.000136619,6.728e-07,-1.342e-07,5.0509e-05,0.0050223964,-0.0003570267,-2.2051e-06,0.0073393012,0.0002158683,0.0032899023,5.305451,-1.078222,0.941892,0.121602,-0.800287,-0.174218,-0.560716
1403638626.52833,0.757017,0.148106,0.141023,0.816755,-0.080775,0.568202,0.059439,0.0003736861,1.8638e-06,-0.0001378452,6.747e-07,-6.583e-07,5.15536e-05,0.0050085585,-0.0003574621,-3.3202e-06,0.0073209896,0.0002163159,0.0032883233,5.275324,-1.11139,0.93394,0.119996,-0.801223,-0.17555,-0.559309
1403638626.57833,0.723839,0.141289,0.13248,0.817662,-0.080769,0.566912,0.059294,0.0003727665,1.9563e-06,-0.0001388046,6.696e-07,-6.99e-07,5.23835e-05,0.0049870791,-0.0003594034,-3.9453e-06,0.0073031754,0.0002174898,0.0032868268,5.245247,-1.14391,0.925541,0.119722,-0.802106,-0.175929,-0.55798
1403638626.62833,0.682476,0.136003,0.12297,0.818827,-0.081549,0.565189,0.058588,0.000371502,1.2526e-06,-0.0001401842,6.599e-07,-4.429e-07,5.3594e-05,0.0049820818,-0.0003590071,-4.0683e-06,0.0072930378,0.0002177064,0.0032864588,5.21533,-1.175859,0.91715,0.119972,-0.803443,-0.175652,-0.556087
1403638626.92833,0.452718,0.097476,0.098642,0.827111,-0.082283,0.553133,0.056216,0.0003629579,5.52e-07,-0.0001493926,6.727e-07,-1.958e-07,6.22188e-05,0.0050167443,-0.0003653213,-5.7302e-06,0.0072765303,0.0002177961,0.0032930061,5.053588,-1.350002,0.891975,0.11859,-0.81162,-0.177639,-0.543741
1403638627.02832,0.384869,0.088759,0.096127,0.827051,-0.082226,0.553283,0.055714,0.0003630137,2.55e-07,-0.000149333,6.729e-07,-7.26e-08,6.21605e-05,0.0050172536,-0.0003685613,-6.5274e-06,0.0072768553,0.0002182963,0.0032934435,5.008224,-1.400537,0.894282,0.119193,-0.81162,-0.177814,-0.543551
1403638627.82832,0.023008,0.012347,0.003581,0.819359,-0.077145,0.564623,0.062448,0.0003715417,5.809e-06,-0.0001404907,8.177e-07,-2.1658e-06,5.38873e-05,0.0050963378,-0.0004092764,-1.21064e-05,0.0073761439,0.0002188856,0.0033093581,4.764277,-1.689362,0.815707,0.116281,-0.802927,-0.180173,-0.55617
1403638627.87833,0.006883,0.012712,-0.009345,0.819445,-0.076951,0.564421,0.063383,0.0003714975,6.5484e-06,-0.00014041,8.353e-07,-2.4452e-06,5.38232e-05,0.0050653053,-0.0004085389,-1.16728e-05,0.0073749867,0.0002199546,0.0033055729,4.75378,-1.700383,0.80764,0.115392,-0.802966,-0.180479,-0.556199
1403638627.97833,-0.021561,0.011147,-0.026749,0.821375,-0.076938,0.561525,0.064141,0.00036955,7.2959e-06,-0.0001424799,8.639e-07,-2.7836e-06,5.5688e-05,0.0050538151,-0.0004085617,-1.07377e-05,0.0073821134,0.0002207493,0.0033051489,4.73324,-1.720275,0.791101,0.113892,-0.804804,-0.181121,-0.553637
1403638628.02833,-0.034723,0.01041,-0.034121,0.822008,-0.076925,0.560495,0.06504,0.0003688361,7.9823e-06,-0.0001431529,8.89e-07,-3.0691e-06,5.63107e-05,0.0050437371,-0.0004076082,-1.00818e-05,0.0073827841,0.0002213612,0.0033040411,4.723368,-1.729007,0.78328,0.112774,-0.805402,-0.1813,-0.552938
1403638628.27833,-0.091008,0.020918,-0.065327,0.823372,-0.078356,0.558071,0.066904,0.0003670346,8.7022e-06,-0.0001446771,9.325e-07,-3.4022e-06,5.77903e-05,0.0050189057,-0.0003870904,-4.4573e-06,0.007383949,0.0002172691,0.0033055687,4.678261,-1.75802,0.750643,0.110467,-0.807095,-0.180488,-0.551198
1403638628.62833,-0.131493,0.046501,-0.08274,0.811916,-0.093143,0.574321,0.047661,0.0003765551,-1.20919e-05,-0.0001335625,1.1309e-06,4.3322e-06,4.81297e-05,0.0050158749,-0.0003853445,-1.9886e-06,0.0074113793,0.0002186929,0.003308933,4.635087,-1.757912,0.733132,0.133869,-0.800795,-0.162648,-0.560672
1403638628.67832,-0.135827,0.050493,-0.074201,0.811369,-0.095067,0.575002,0.044897,0.0003764225,-1.48274e-05,-0.0001330542,1.3085e-06,5.2868e-06,4.77653e-05,0.0049858622,-0.0003734856,-8.453e-07,0.0073857908,0.0002168999,0.0033024702,4.629759,-1.757262,0.732626,0.136926,-0.800739,-0.160624,-0.560597
1403638628.72832,-0.139513,0.055019,-0.07436,0.811696,-0.094937,0.57452,0.045424,0.0003760185,-1.43088e-05,-0.0001334935,1.2643e-06,5.1246e-06,4.81211e-05,0.0049809693,-0.0003724925,-1.0314e-06,0.0073825571,0.0002175232,0.0033015831,4.624476,-1.757503,0.731776,0.136424,-0.801002,-0.160841,-0.56028
1403638628.97832,-0.16224,0.061994,-0.09543,0.813288,-0.088377,0.572329,0.056497,0.0003756954,-3.95e-06,-0.0001345408,7.703e-07,1.4529e-06,4.89163e-05,0.004976889,-0.0003753144,2.626e-07,0.0073949964,0.000218268,0.0033033247,4.601792,-1.768467,0.709862,0.125354,-0.800537,-0.167418,-0.561605
1403638629.42831,-0.200318,0.072508,-0.113638,0.82068,-0.082176,0.561649,0.065441,0.0003689088,5.735e-06,-0.0001419714,8.354e-07,-2.1762e-06,5.54006e-05,0.0049744037,-0.0003690865,3.244e-07,0.0073881723,0.0002174536,0.0033061713,4.560469,-1.784379,0.688422,0.113571,-0.805664,-0.175394,-0.554297
1403638629.47831,-0.205212,0.074759,-0.112727,0.823232,-0.083017,0.557859,0.064737,0.0003661229,5.3025e-06,-0.0001448789,8.165e-07,-2.0667e-06,5.80936e-05,0.0049698919,-0.0003659142,-3.575e-07,0.0073836239,0.0002187058,0.0033048908,4.55552,-1.78366,0.687745,0.113022,-0.808381,-0.175262,-0.550482
1403638629.77831,-0.204273,0.096262,-0.109755,0.819835,-0.099797,0.562182,0.043163,0.0003670468,-1.64863e-05,-0.0001430398,1.4978e-06,6.4746e-06,5.65183e-05,0.0049692435,-0.000363457,1.108e-07,0.0073885272,0.0002207187,0.0033083435,4.542487,-1.765045,0.69281,0.134883,-0.810366,-0.158135,-0.547822
1403638630.07831,-0.189938,0.091574,-0.136227,0.803507,-0.089741,0.585447,0.05979,0.0003837823,-3.744e-06,-0.0001233388,7.675e-07,1.2421e-06,4.03884e-05,0.0049565398,-0.0003547226,-8.6713e-06,0.0073747897,0.0002299226,0.0033027396,4.55823,-1.758017,0.66987,0.126398,-0.791716,-0.162483,-0.575161
1403638630.12831,-0.191713,0.089992,-0.148339,0.804361,-0.087698,0.584309,0.062406,0.0003831944,-9.356e-07,-0.000124087,7.275e-07,3.417e-07,4.09266e-05,0.0049534002,-0.0003530424,-8.5718e-06,0.0073704825,0.0002304246,0.0033021991,4.559992,-1.758838,0.657071,0.123577,-0.791869,-0.164704,-0.574931
1403638630.17831,-0.195437,0.091004,-0.16045,0.806036,-0.086239,0.581977,0.06458,0.0003818556,1.3687e-06,-0.0001257951,7.263e-07,-4.125e-07,4.21821e-05,0.0049506548,-0.0003513911,-8.5144e-06,0.0073677919,0.0002307063,0.0033015997,4.560874,-1.759708,0.642732,0.120945,-0.792945,-0.166709,-0.573428
1403638630.2283,-0.198316,0.086655,-0.176276,0.808343,-0.0854,0.578796,0.065448,0.0003798323,2.7335e-06,-0.0001283452,7.388e-07,-8.845e-07,4.41085e-05,0.0049477323,-0.0003486754,-8.4133e-06,0.0073638104,0.0002302891,0.0033014041,4.560602,-1.760905,0.626561,0.119038,-0.79486,-0.168161,-0.570746
1403638630.47831,-0.192029,0.08891,-0.206012,0.811831,-0.084133,0.574511,0.061557,0.0003768139,1.2213e-06,-0.0001322047,7.399e-07,-3.893e-07,4.71427e-05,0.0049434312,-0.0003468506,-9.1392e-06,0.0073618104,0.0002319936,0.003303362,4.571022,-1.750129,0.594582,0.121378,-0.797944,-0.170252,-0.565387
1403638630.52831,-0.188977,0.090134,-0.202186,0.811545,-0.083696,0.574882,0.062459,0.0003770815,1.9781e-06,-0.0001318112,7.45e-07,-6.518e-07,4.68323e-05,0.0049420364,-0.0003467122,-8.9603e-06,0.007359482,0.0002324226,0.0033034872,4.575374,-1.746197,0.596231,0.120576,-0.797451,-0.170582,-0.566156
