timestamp,p_x,p_y,p_z,q_x,q_y,q_z,q_w,Pr11,Pr12,Pr13,Pr22,Pr23,Pr33,Pt11,Pt12,Pt13,Pt22,Pt23,Pt33,gt_p_x,gt_p_y,gt_p_z,gt_q_w,gt_q_x,gt_q_y,gt_q_z
1403715528.85994,0.016948,0.021046,0.056871,0.816029,0.000143,0.577898,0.011473,0.0006641192,1.16889e-05,-0.0001706703,0.0001119102,5.5523e-06,0.0001806885,0.0027871857,9.81653e-05,9.01592e-05,0.0026531507,7.4423e-05,0.0027650025,0.545414,2.00392,1.037217,0.157003,0.790119,-0.217245,0.551241
1403715528.91083,0.011309,0.028313,0.066033,0.819168,-0.004998,0.5734,0.012267,0.0003707865,1.64008e-05,-0.0001233478,2.73477e-05,-4.297e-06,5.60539e-05,0.0025627486,8.8832e-06,6.2807e-06,0.0025267786,2.2603e-06,0.0025431513,0.550799,2.006002,1.049528,0.157726,0.789369,-0.217557,0.551986
1403715528.96074,0.013707,0.030428,0.076294,0.818997,-0.004546,0.573609,0.013975,0.0003652636,1.17094e-05,-0.0001281929,1.78491e-05,-3.7437e-06,5.58954e-05,0.0025364982,3.7262e-06,5.8629e-06,0.0025187154,2.066e-06,0.0025314962,0.556398,2.008574,1.06215,0.15881,0.789152,-0.217403,0.552045
1403715529.06045,0.022801,0.042466,0.100013,0.820962,-0.001967,0.570839,0.01268,0.0003646022,1.35127e-05,-0.0001298449,2.11889e-05,-4.3939e-06,5.85201e-05,0.0025330623,3.7808e-06,6.9287e-06,0.0025181173,3.068e-06,0.0025320688,0.568634,2.015493,1.087236,0.156861,0.791625,-0.215068,0.549973
1403715529.11097,0.028134,0.049686,0.113798,0.821029,0.000518,0.570812,0.009249,0.0003652001,1.30471e-05,-0.0001298263,2.1047e-05,-2.8287e-06,5.82577e-05,0.0025312648,3.7002e-06,7.0433e-06,0.0025181672,3.6847e-06,0.0025323541,0.575431,2.020102,1.101942,0.153019,0.792451,-0.212609,0.550822
1403715529.16076,0.032803,0.057829,0.129669,0.821546,0.005245,0.570099,0.00476,0.0003651088,1.26729e-05,-0.000129718,2.1661e-05,-2.861e-06,5.86753e-05,0.0025305844,3.4422e-06,7.3932e-06,0.002518507,4.2192e-06,0.002532676,0.582649,2.02541,1.119095,0.148597,0.793952,-0.208175,0.551565
1403715529.2103,0.037898,0.066259,0.147519,-0.822741,-0.010921,-0.568312,2.3e-05,0.0003644383,1.2167e-05,-0.000131209,2.20489e-05,-3.0112e-06,6.03485e-05,0.0025310924,3.3284e-06,7.9243e-06,0.0025192678,4.8547e-06,0.0025330957,0.59026,2.030916,1.138285,0.143402,0.796504,-0.202801,0.551263
1403715529.26004,0.04345,0.074825,0.166472,-0.824495,-0.017667,-0.565571,0.005127,0.0003629573,1.16707e-05,-0.0001334298,2.20095e-05,-3.2495e-06,6.25853e-05,0.0025328273,3.2711e-06,8.6032e-06,0.0025205306,5.5771e-06,0.0025335319,0.598429,2.036416,1.158659,0.137755,0.799884,-0.196472,0.550098
1403715529.31066,0.047848,0.083346,0.185594,-0.825609,-0.026057,-0.563535,0.010941,0.0003604097,1.08385e-05,-0.0001355463,2.0446e-05,-3.6568e-06,6.43339e-05,0.0025355196,3.218e-06,9.5027e-06,0.0025221044,6.4756e-06,0.0025336463,0.606953,2.042164,1.178784,0.132045,0.80358,-0.189041,0.548715
1403715529.51307,0.072761,0.121768,0.255681,-0.82442,-0.059762,-0.562004,0.030182,0.000355468,1.12379e-05,-0.0001392765,1.19264e-05,-4.3593e-06,6.39139e-05,0.0025475829,3.1517e-06,1.11086e-05,0.0025270396,6.7396e-06,0.0025253355,0.647544,2.06482,1.241749,0.113807,0.812649,-0.156467,0.549698
1403715529.6129,0.089726,0.141062,0.273774,-0.822871,-0.070609,-0.562648,0.036411,0.0003580847,1.2006e-05,-0.000135433,1.20404e-05,-4.8865e-06,6.06595e-05,0.0025581541,2.8879e-06,1.34723e-05,0.0025329305,9.0561e-06,0.0025269532,0.671485,2.075507,1.261211,0.108139,0.813753,-0.145595,0.552191
1403715529.66265,0.102205,0.15227,0.28108,-0.821917,-0.07394,-0.563497,0.03817,0.0003580829,1.20528e-05,-0.0001341061,1.15609e-05,-5.0678e-06,5.91541e-05,0.0025608022,5.439e-07,1.3198e-05,0.0025336122,9.1389e-06,0.0025275135,0.684245,2.080816,1.268489,0.106095,0.813505,-0.141272,0.554073
1403715529.71278,0.111126,0.164015,0.286589,-0.820414,-0.079137,-0.564932,0.038843,0.0003586461,1.37629e-05,-0.0001334632,1.11668e-05,-5.5293e-06,5.83733e-05,0.0025663123,2.388e-07,1.35577e-05,0.0025365737,9.9535e-06,0.0025285056,0.697747,2.086398,1.275535,0.105608,0.81346,-0.136173,0.555506
1403715529.96237,0.148959,0.224753,0.33358,-0.81476,-0.090403,-0.570575,0.049363,0.0003609374,1.10736e-05,-0.0001300318,8.0093e-06,-3.3996e-06,5.38871e-05,0.002583607,2.1676e-06,1.36673e-05,0.002549465,1.21347e-05,0.0025333898,0.772285,2.120046,1.323772,0.097704,0.81158,-0.126034,0.562056
1403715530.01256,0.158474,0.240597,0.346719,-0.812463,-0.091943,-0.57365,0.048741,0.0003635205,1.23252e-05,-0.0001265067,7.1878e-06,-3.7068e-06,5.07029e-05,0.0025808816,3.0973e-06,1.2905e-05,0.002549426,1.22697e-05,0.002534447,0.788099,2.127545,1.336852,0.098534,0.809826,-0.123941,0.5649
1403715530.21263,0.195719,0.305952,0.411682,-0.805769,-0.101343,-0.582282,0.037594,0.0003656667,2.32699e-05,-0.0001208196,7.3647e-06,-7.4356e-06,4.60687e-05,0.0025957509,-2.56e-06,1.36973e-05,0.0025618011,1.56535e-05,0.0025412691,0.849548,2.165016,1.401316,0.111059,0.805546,-0.113272,0.570904
1403715530.26284,0.203285,0.326832,0.432384,-0.807768,-0.103085,-0.57945,0.033487,0.0003629024,2.61971e-05,-0.0001233066,7.4554e-06,-8.7147e-06,4.79255e-05,0.00259771,-5.1355e-06,1.36979e-05,0.0025636819,1.76381e-05,0.0025432081,0.864036,2.177628,1.422437,0.113806,0.807966,-0.111867,0.567209
1403715530.31251,0.207193,0.350003,0.45563,-0.809244,-0.104338,-0.577323,0.030585,0.0003604756,2.78939e-05,-0.0001252053,7.4527e-06,-9.585e-06,4.9258e-05,0.0025974443,-1.05685e-05,1.36778e-05,0.002560476,1.89795e-05,0.0025433289,0.878712,2.192032,1.447542,0.115702,0.809857,-0.111038,0.564283
1403715530.36264,0.212311,0.374906,0.48535,-0.810778,-0.1028,-0.575373,0.03189,0.0003593045,2.62103e-05,-0.0001265894,7.104e-06,-9.1617e-06,5.03342e-05,0.0026027635,-1.32732e-05,1.35111e-05,0.0025619419,2.00095e-05,0.0025443492,0.893599,2.20816,1.475806,0.113983,0.810966,-0.11301,0.562646
1403715530.46238,0.219963,0.422088,0.549901,-0.812708,-0.100076,-0.572592,0.040364,0.0003581825,1.99093e-05,-0.0001286566,6.2365e-06,-7.0815e-06,5.1935e-05,0.0026208597,-1.89198e-05,1.28454e-05,0.0025667534,2.08092e-05,0.0025455831,0.924487,2.245461,1.541009,0.105867,0.812188,-0.116974,0.561658
1403715530.66221,0.228573,0.517535,0.6656,-0.811666,-0.107714,-0.57129,0.056786,0.0003581986,1.36251e-05,-0.0001291677,5.5767e-06,-4.9308e-06,5.22267e-05,0.0026669193,-3.05928e-05,1.27468e-05,0.002578385,2.4636e-05,0.002550976,0.988997,2.332073,1.664157,0.090774,0.813574,-0.109861,0.563727
1403715530.71217,0.229169,0.542564,0.688293,-0.811015,-0.109887,-0.571388,0.060779,0.0003584807,1.14805e-05,-0.000128444,5.1536e-06,-4.2235e-06,5.14482e-05,0.0026639859,-3.59752e-05,8.4047e-06,0.0025705981,2.11002e-05,0.0025467589,1.004923,2.355101,1.687251,0.087272,0.813635,-0.107672,0.564614
1403715530.76222,0.232242,0.567487,0.709017,-0.810718,-0.113225,-0.570661,0.065288,0.0003585336,1.01394e-05,-0.000128473,5.0197e-06,-3.7896e-06,5.13933e-05,0.0026753443,-3.93438e-05,7.5695e-06,0.0025700403,2.10592e-05,0.0025478781,1.021135,2.378709,1.708639,0.082912,0.814167,-0.104231,0.56515
1403715530.81218,0.232279,0.591794,0.728567,-0.810116,-0.118438,-0.569777,0.07099,0.0003583186,8.8365e-06,-0.0001288069,4.8656e-06,-3.3899e-06,5.15716e-05,0.002686114,-4.45595e-05,6.2903e-06,0.0025672296,1.94804e-05,0.0025481542,1.037553,2.403076,1.729544,0.077575,0.815029,-0.099067,0.565594
1403715531.06188,0.246283,0.738724,0.824915,-0.814964,-0.1461,-0.553485,0.090234,0.0003501206,6.5277e-06,-0.0001388243,4.7233e-06,-2.8597e-06,6.03767e-05,0.0027646591,-6.08086e-05,4.6768e-06,0.0025723912,2.21974e-05,0.0025578682,1.121152,2.525826,1.826511,0.054526,0.826652,-0.073708,0.555194
1403715531.11182,0.24916,0.776699,0.841481,-0.82096,-0.149359,-0.543456,0.091495,0.0003434124,5.2203e-06,-0.0001455241,4.5351e-06,-2.4989e-06,6.7038e-05,0.0027807505,-6.755e-05,3.5612e-06,0.002569944,2.12331e-05,0.0025571772,1.138274,2.550279,1.842016,0.050014,0.833362,-0.07186,0.545751
1403715531.26203,0.267439,0.87022,0.885848,-0.829593,-0.14708,-0.527408,0.109467,0.0003347887,-8.5913e-06,-0.0001535945,4.742e-06,3.6942e-06,7.60301e-05,0.0028523124,-8.37232e-05,2.7517e-06,0.0025816199,2.4503e-05,0.0025633724,1.198487,2.621906,1.885683,0.028443,0.841361,-0.076219,0.534316
1403715531.36205,0.29173,0.926249,0.917915,-0.821098,-0.140325,-0.539017,0.124773,0.0003446348,-1.83139e-05,-0.0001440089,5.4031e-06,7.4575e-06,6.55165e-05,0.0028979238,-9.94537e-05,3.1258e-06,0.0025893139,2.3284e-05,0.0025615878,1.24887,2.664049,1.91848,0.016871,0.831518,-0.07998,0.549452
1403715531.712,0.410312,1.096603,0.962059,-0.807953,-0.14106,-0.556532,0.132615,0.0003579626,-2.03811e-05,-0.0001309147,5.6465e-06,7.3271e-06,5.29613e-05,0.0030447144,-0.0001667626,4.465e-07,0.0026356562,2.61518e-05,0.0025707176,1.434289,2.759527,1.965679,0.013531,0.818925,-0.07611,0.568671
1403715531.76202,0.43058,1.116202,0.962455,-0.806958,-0.144266,-0.558353,0.127465,0.0003588705,-1.56682e-05,-0.0001305814,5.1018e-06,5.5838e-06,5.25277e-05,0.0030623293,-0.0001784059,8.994e-07,0.0026409928,2.43541e-05,0.0025686694,1.460146,2.767335,1.964701,0.018903,0.81873,-0.072735,0.56924
1403715531.81206,0.451316,1.133617,0.961975,-0.803791,-0.147115,-0.563285,0.122422,0.0003616862,-1.0609e-05,-0.0001278731,4.6993e-06,3.6244e-06,5.01554e-05,0.003078375,-0.0001897884,8.89e-07,0.0026480341,2.36008e-05,0.0025682559,1.485867,2.773785,1.964604,0.025,0.816472,-0.069089,0.572692
1403715531.86207,0.470926,1.149824,0.961976,-0.799998,-0.149359,-0.568975,0.118163,0.0003648658,-6.0924e-06,-0.0001243727,4.4747e-06,1.9372e-06,4.72747e-05,0.0030932184,-0.0002012634,9.284e-07,0.0026556796,2.29888e-05,0.0025679854,1.511079,2.779364,1.965188,0.030627,0.813405,-0.065909,0.577141
1403715531.91206,0.489328,1.165056,0.962056,-0.796398,-0.150285,-0.574269,0.115669,0.0003678572,-3.2542e-06,-0.000120755,4.3953e-06,9.201e-07,4.44591e-05,0.0031075803,-0.0002122949,9.926e-07,0.0026632467,2.24104e-05,0.0025677027,1.535717,2.784445,1.966013,0.034463,0.810135,-0.064123,0.581706
1403715532.11205,0.553102,1.219033,0.960798,-0.789201,-0.15289,-0.585123,0.106851,0.0003735204,5.3492e-06,-0.0001136361,4.4899e-06,-1.8099e-06,3.92894e-05,0.0031651648,-0.0002532901,-4.715e-07,0.0026930593,2.11675e-05,0.0025686309,1.621789,2.804155,1.966224,0.046022,0.803954,-0.059704,0.589894
1403715532.16202,0.564253,1.231477,0.961311,-0.7884,-0.153187,-0.586264,0.106086,0.0003741576,6.0098e-06,-0.0001128118,4.4926e-06,-2.0026e-06,3.86892e-05,0.0031729392,-0.0002604317,-3.348e-07,0.0026957795,1.95949e-05,0.0025663883,1.640021,2.809467,1.965778,0.04724,0.803264,-0.059284,0.59078
1403715532.212,0.572825,1.244589,0.962916,-0.787836,-0.153156,-0.586958,0.106481,0.0003745674,5.8298e-06,-0.0001122461,4.4556e-06,-1.9437e-06,3.82848e-05,0.0031816123,-0.0002671896,1.1303e-06,0.0026991164,1.80372e-05,0.0025636574,1.656856,2.815123,1.96497,0.047114,0.802754,-0.059344,0.591477
1403715532.262,0.582193,1.258323,0.962236,-0.787041,-0.15407,-0.587456,0.108277,0.000375242,5.2426e-06,-0.0001115304,4.45e-06,-1.7608e-06,3.78018e-05,0.003195817,-0.0002731627,1.3909e-06,0.0027037694,1.8133e-05,0.0025640865,1.6723,2.821323,1.964037,0.045532,0.802208,-0.058413,0.592434
1403715532.36202,0.597165,1.284103,0.960648,-0.789227,-0.154463,-0.582948,0.115906,0.0003738282,1.599e-07,-0.0001142343,4.3893e-06,-2.495e-07,3.95814e-05,0.0032236141,-0.0002857908,1.4819e-06,0.0027125221,1.74044e-05,0.0025638711,1.698975,2.835235,1.960368,0.037072,0.804395,-0.058523,0.590043
1403715532.56201,0.620079,1.323112,0.951931,-0.793553,-0.148296,-0.574193,0.136324,0.000371319,-1.62693e-05,-0.0001178296,5.1484e-06,4.9891e-06,4.20926e-05,0.0032733444,-0.0003046798,-5.778e-07,0.002722381,1.50432e-05,0.0025637241,1.737916,2.86069,1.950565,0.015241,0.807092,-0.06537,0.586599
1403715532.6122,0.621664,1.330373,0.9574,-0.793223,-0.144223,-0.573825,0.143952,0.0003711877,-2.28223e-05,-0.0001166624,5.7349e-06,7.0128e-06,4.13108e-05,0.0032671496,-0.0003095728,1.4708e-06,0.0027208075,1.21201e-05,0.0025587582,1.744893,2.86491,1.947722,0.007922,0.806047,-0.068973,0.587766
1403715532.66236,0.62204,1.331992,0.958385,-0.79216,-0.140152,-0.574226,0.152002,0.0003715837,-2.95882e-05,-0.0001144204,6.5996e-06,8.9329e-06,3.98017e-05,0.0032687841,-0.0003133156,2.6459e-06,0.0027180134,1.16885e-05,0.002555885,1.750834,2.867552,1.944821,0.000312,0.804187,-0.072898,0.589889
1403715532.71242,0.62445,1.333179,0.955278,-0.790761,-0.136338,-0.575152,0.159091,0.0003723581,-3.53347e-05,-0.0001118367,7.5831e-06,1.04386e-05,3.81273e-05,0.0032670811,-0.0003133073,2.7293e-06,0.0027170706,1.11871e-05,0.0025553178,1.755323,2.868208,1.941893,0.006204,-0.801903,0.076232,-0.59254
1403715532.76244,0.626606,1.332232,0.95185,-0.789556,-0.133734,-0.57586,0.164626,0.0003728171,-3.96475e-05,-0.0001098774,8.4342e-06,1.15105e-05,3.68941e-05,0.0032645753,-0.0003142446,2.7517e-06,0.0027169833,1.06497e-05,0.0025547547,1.757969,2.866518,1.938272,0.01142,-0.800063,0.078549,-0.594643
1403715533.11222,0.649379,1.2506,0.895367,-0.797583,-0.090322,-0.576522,0.152728,0.0003689537,-5.17548e-05,-0.0001110495,1.16024e-05,1.53937e-05,3.77883e-05,0.0031580506,-0.0003001448,-2.47e-08,0.0027132275,8.4061e-06,0.00254887,1.727429,2.773851,1.872621,6.7e-05,-0.79651,0.121665,-0.59226
1403715533.21215,0.659439,1.197042,0.863767,-0.794776,-0.070981,-0.588115,0.131962,0.0003732366,-4.68707e-05,-0.0001055972,1.01519e-05,1.29938e-05,3.39418e-05,0.0031100563,-0.0002983857,-7.683e-07,0.0027161411,8.1004e-06,0.0025454316,1.702465,2.719974,1.83993,0.022967,0.789124,-0.13899,0.597864
1403715533.2621,0.663587,1.163967,0.852609,-0.792281,-0.061319,-0.594773,0.121557,0.0003756397,-4.45735e-05,-0.0001018058,9.5111e-06,1.1779e-05,3.14675e-05,0.0030789241,-0.000295224,-1.0471e-06,0.0027176668,7.8956e-06,0.0025437545,1.686372,2.688738,1.827911,0.035273,0.784267,-0.147265,0.601661
1403715533.31205,0.66355,1.126628,0.845187,-0.790703,-0.053838,-0.599709,0.110635,0.0003774577,-4.1232e-05,-9.93885e-05,8.648e-06,1.05074e-05,2.98827e-05,0.0030434527,-0.0002876504,-9.457e-07,0.0027162895,7.7503e-06,0.0025421679,1.667033,2.655339,1.818986,0.047675,0.780758,-0.15442,0.603573
1403715533.36209,0.664679,1.089746,0.840119,-0.791463,-0.048141,-0.600907,0.1009,0.0003772528,-3.82821e-05,-9.9674e-05,7.9314e-06,9.7489e-06,2.98679e-05,0.0030063533,-0.000277164,-8.004e-07,0.0027129468,7.4863e-06,0.0025404658,1.645245,2.620312,1.813812,0.057693,0.779827,-0.160583,0.602291
1403715533.41221,0.663395,1.051104,0.839356,-0.793127,-0.0432,-0.600494,0.092147,0.0003768128,-3.53045e-05,-0.0001012925,7.3034e-06,9.1288e-06,3.06941e-05,0.0029717598,-0.0002675197,-5.258e-07,0.0027115593,7.3976e-06,0.0025395377,1.621635,2.583459,1.81283,0.066201,0.779988,-0.166031,0.599726
1403715533.46236,0.659104,1.011249,0.841799,-0.796183,-0.038486,-0.597758,0.085426,0.0003749476,-3.3848e-05,-0.0001046782,7.0012e-06,9.1073e-06,3.26096e-05,0.0029372604,-0.0002558317,-2.376e-07,0.0027082508,7.2873e-06,0.0025385001,1.595348,2.545569,1.814878,0.071841,0.781758,-0.171847,0.595115
1403715533.51237,0.653407,0.967736,0.847307,-0.799415,-0.032485,-0.594133,0.082987,0.0003723795,-3.54262e-05,-0.0001081378,7.248e-06,9.993e-06,3.47099e-05,0.0029034995,-0.0002430147,1.05e-07,0.0027041775,7.0309e-06,0.0025375013,1.567209,2.50652,1.820978,0.073195,0.783411,-0.179173,0.590599
1403715533.91249,0.591015,0.497035,1.018425,-0.817481,-0.002718,-0.570336,0.080213,0.0003566365,-4.73499e-05,-0.0001266496,1.04554e-05,1.66327e-05,4.84622e-05,0.0026339846,-0.0001107659,6.0292e-06,0.0026836893,5.6524e-06,0.002534156,1.275963,2.115658,1.978061,0.068765,0.792769,-0.213506,0.566749
1403715533.96249,0.585061,0.425077,1.041743,-0.817796,-0.006098,-0.570747,0.073625,0.0003578827,-4.15236e-05,-0.0001273748,9.0125e-06,1.45832e-05,4.884e-05,0.0026115268,-9.4141e-05,7.0534e-06,0.0026837699,5.6295e-06,0.0025341,1.234802,2.054691,1.999565,0.075148,0.794007,-0.210274,0.565413
1403715534.36236,0.528174,-0.195367,1.095191,-0.81727,-0.040266,-0.574126,0.028773,0.0003626682,4.39e-07,-0.0001298797,4.1562e-06,-2.417e-07,4.99806e-05,0.0025850986,3.89293e-05,1.11992e-05,0.0027125647,5.5578e-06,0.0025347306,0.898637,1.532443,2.050547,0.117984,0.803326,-0.178017,0.555929
1403715534.41236,0.520262,-0.272978,1.086019,-0.817452,-0.040393,-0.573996,0.025869,0.0003633402,2.9863e-06,-0.0001292379,4.1586e-06,-1.0851e-06,4.93563e-05,0.0026051056,5.382e-05,9.7151e-06,0.0027130557,5.6137e-06,0.002534094,0.858121,1.46683,2.042769,0.120578,0.803625,-0.178071,0.554922
1403715534.56235,0.503212,-0.502702,1.045157,-0.81792,-0.03072,-0.574326,0.01458,0.0003636708,5.7617e-06,-0.0001293001,4.2371e-06,-1.9596e-06,4.9318e-05,0.0026962619,9.4731e-05,7.8311e-06,0.0027408025,5.5514e-06,0.0025346703,0.740202,1.271389,2.005542,0.131119,0.801781,-0.187298,0.552156
1403715534.66236,0.49309,-0.653483,1.01677,-0.819037,-0.016271,-0.573484,0.005475,0.0003633839,5.2628e-06,-0.000130082,4.1972e-06,-1.6908e-06,4.98651e-05,0.0027787538,0.0001203011,5.0691e-06,0.0027647467,5.909e-06,0.0025367216,0.665821,1.142686,1.977253,0.139605,0.799247,-0.201485,0.548744
1403715534.71236,0.489432,-0.727274,1.000879,0.819945,0.007352,0.572396,0.000482,0.0003629109,5.0792e-06,-0.0001308406,4.1758e-06,-1.6307e-06,5.04895e-05,0.002830371,0.0001319922,5.2041e-06,0.0027768043,7.0652e-06,0.0025374192,0.629294,1.079113,1.962719,0.145093,0.797823,-0.210189,0.546122
1403715534.76236,0.483704,-0.799521,0.984784,0.822315,-0.00277,0.568974,0.007688,0.0003608005,5.057e-06,-0.000133442,4.1466e-06,-1.6207e-06,5.25088e-05,0.0028792994,0.0001478511,1.5849e-06,0.0027871333,1.01698e-05,0.0025363463,0.593546,1.016028,1.947595,0.151063,0.797391,-0.220512,0.541039
1403715534.81236,0.479314,-0.872025,0.969267,0.824918,-0.013597,0.564848,0.016487,0.0003583736,6.023e-06,-0.0001363494,4.1924e-06,-1.9994e-06,5.50957e-05,0.0029393672,0.0001593648,5.297e-07,0.0028048582,1.07878e-05,0.002538172,0.558394,0.953501,1.932084,0.158437,0.797139,-0.231582,0.534638
1403715534.86235,0.479282,-0.94489,0.953854,0.827562,-0.025715,0.560198,0.025635,0.0003557284,6.8453e-06,-0.0001393897,4.185e-06,-2.2872e-06,5.78314e-05,0.0029982371,0.0001720187,-8.212e-07,0.0028248528,1.15387e-05,0.0025402098,0.524348,0.891336,1.916356,0.166256,0.796506,-0.24363,0.527811
1403715534.91235,0.480173,-1.012817,0.93684,0.829935,-0.038103,0.555455,0.035012,0.0003530791,7.4688e-06,-0.0001423162,4.1854e-06,-2.5635e-06,6.0652e-05,0.0030667972,0.0001850092,-1.8683e-06,0.0028476809,1.25613e-05,0.0025424322,0.491712,0.829528,1.900277,0.174116,0.795548,-0.256081,0.52078
1403715535.01234,0.501554,-1.158763,0.902498,0.831961,-0.061466,0.548865,0.053016,0.0003495748,9.7487e-06,-0.0001459018,3.7144e-06,-3.6784e-06,6.38061e-05,0.0031720786,0.0002125509,-6.0774e-06,0.0028434841,1.49524e-05,0.002543895,0.432263,0.706196,1.869088,0.190643,0.7915,-0.278369,0.509604
1403715535.06229,0.51783,-1.227782,0.888534,0.833167,-0.072141,0.544977,0.060236,0.0003473453,9.4271e-06,-0.0001479645,3.273e-06,-3.7409e-06,6.5693e-05,0.0032290873,0.0002347434,-2.0151e-06,0.0028319894,1.70159e-05,0.0025414856,0.405766,0.644904,1.853363,0.197041,0.789763,-0.288093,0.504433
1403715535.11226,0.525763,-1.294798,0.872991,0.835017,-0.081308,0.540092,0.066597,0.0003442224,9.6811e-06,-0.0001509977,3.1899e-06,-3.9762e-06,6.88792e-05,0.0033024455,0.0002581304,-2.6103e-06,0.0028496533,1.64956e-05,0.0025430948,0.38138,0.58383,1.837505,0.202162,0.789058,-0.297261,0.498151
1403715535.16222,0.544164,-1.342829,0.857739,0.837542,-0.090159,0.53417,0.07111,0.0003409346,9.0287e-06,-0.0001539195,2.7945e-06,-3.8396e-06,7.20268e-05,0.0033627919,0.000267109,-7.046e-07,0.0028422384,1.73813e-05,0.0025434568,0.359476,0.522818,1.821688,0.205084,0.788798,-0.305832,0.492144
1403715535.21221,0.557998,-1.40101,0.842996,0.840217,-0.097558,0.528205,0.074282,0.0003364178,8.5372e-06,-0.000157834,2.5738e-06,-3.8168e-06,7.65588e-05,0.0034119635,0.0002821592,-4.6e-08,0.0028445032,1.74977e-05,0.0025444233,0.340399,0.461736,1.805657,0.206584,0.78923,-0.313605,0.485894
1403715535.26228,0.583851,-1.475191,0.821921,0.84197,-0.104411,0.52383,0.076076,0.0003323983,7.7152e-06,-0.0001604424,2.0926e-06,-3.656e-06,7.9749e-05,0.0034510617,0.0002890323,4.024e-06,0.0028007403,1.62404e-05,0.0025428023,0.324336,0.40004,1.790537,0.207625,0.789388,-0.320157,0.480894
1403715535.51233,0.710569,-1.765828,0.760937,0.834635,-0.136909,0.529919,0.061848,0.000335732,-1.53793e-05,-0.0001575593,2.4808e-06,7.2764e-06,7.61194e-05,0.0038846496,0.0004462646,1.5798e-06,0.0028822134,1.37399e-05,0.0025508572,0.288206,0.07229,1.726646,0.195677,0.773691,-0.349884,0.490607
1403715535.81233,0.924109,-2.126428,0.700968,0.816997,-0.113068,0.561902,0.06323,0.0003588162,-9.1471e-06,-0.0001362824,1.9171e-06,3.463e-06,5.37629e-05,0.0044868294,0.000721221,-1.5663e-06,0.0030331612,1.83568e-05,0.0025612548,0.293994,-0.366723,1.66381,0.204521,0.762331,-0.32268,0.5224
1403715535.91229,0.99491,-2.252557,0.684642,0.820807,-0.088384,0.560606,0.064697,0.0003576128,2.8068e-06,-0.0001376539,1.6557e-06,-1.1325e-06,5.49332e-05,0.0046611651,0.0008332472,1.6509e-06,0.0030699885,2.20757e-05,0.0025553196,0.299544,-0.5146,1.640986,0.205508,0.772249,-0.299826,0.52106
1403715536.11231,1.151585,-2.503655,0.643845,0.835016,-0.051362,0.545414,0.051316,0.0003459943,1.13603e-05,-0.0001492746,1.9947e-06,-4.9856e-06,6.64157e-05,0.005142342,0.001075011,-1.776e-07,0.0032120071,2.52933e-05,0.0025573517,0.322732,-0.804933,1.594383,0.188725,0.795343,-0.267951,0.509917
1403715536.16232,1.195083,-2.563763,0.636332,0.837962,-0.044363,0.541776,0.04828,0.0003431006,1.24593e-05,-0.0001518387,2.0583e-06,-5.6056e-06,6.92172e-05,0.0052768763,0.0011480546,-6.987e-07,0.0032526784,2.57198e-05,0.0025565508,0.332677,-0.876806,1.584003,0.184754,0.799913,-0.262211,0.507199
1403715536.21232,1.240759,-2.623067,0.629693,0.840697,-0.036867,0.53816,0.047463,0.000340221,1.50961e-05,-0.0001541799,2.2656e-06,-6.9439e-06,7.19028e-05,0.0054034474,0.0012218105,-1.2703e-06,0.0032983445,2.63796e-05,0.0025565993,0.344892,-0.948989,1.574455,0.183063,0.804297,-0.255791,0.50415
1403715536.26233,1.288694,-2.681538,0.624228,0.842592,-0.029525,0.535643,0.047465,0.0003380397,1.81081e-05,-0.0001557152,2.5544e-06,-8.4594e-06,7.37609e-05,0.00552882,0.0013001299,-1.3041e-06,0.0033463371,2.67197e-05,0.0025564672,0.359735,-1.020781,1.565745,0.182379,0.808088,-0.249362,0.501549
1403715536.36231,1.387536,-2.786653,0.612276,0.842485,-0.015227,0.536215,0.049603,0.0003378997,2.50652e-05,-0.0001550869,3.4554e-06,-1.16415e-05,7.32277e-05,0.0057808907,0.0014630411,-2.5531e-06,0.0034670956,2.90091e-05,0.0025595251,0.397543,-1.162383,1.551982,0.184171,0.811759,-0.235584,0.501627
1403715536.41228,1.437705,-2.835452,0.611744,0.840505,-0.006882,0.539063,0.053986,0.0003392106,3.09025e-05,-0.0001528222,4.4076e-06,-1.40891e-05,7.08314e-05,0.0058893566,0.0015540549,-1.4937e-06,0.0035141768,2.87057e-05,0.002558319,0.4206,-1.231968,1.547048,0.188736,0.812069,-0.227004,0.503381
1403715536.46228,1.495468,-2.885612,0.609589,0.837816,0.001347,0.54279,0.058672,0.0003408865,3.7322e-05,-0.0001498873,5.6858e-06,-1.65955e-05,6.78381e-05,0.0059961973,0.0016426845,-1.132e-06,0.0035707146,2.84859e-05,0.0025589279,0.446455,-1.300257,1.543101,0.194329,0.811597,-0.218472,0.505784
1403715536.66226,1.72811,-3.044116,0.605799,0.824259,0.020937,0.561377,0.070806,0.0003511371,5.31768e-05,-0.0001354284,9.7026e-06,-2.07191e-05,5.41189e-05,0.0064030234,0.0020166604,-3.5951e-06,0.0038938872,3.26357e-05,0.0025653155,0.57784,-1.550779,1.533594,0.210801,0.803742,-0.196,0.520717
1403715536.76223,1.85545,-3.10759,0.605438,0.81237,0.024489,0.578474,0.069452,0.0003618284,5.45341e-05,-0.0001227,9.8718e-06,-1.86747e-05,4.33486e-05,0.0065365078,0.002218917,-3.1762e-06,0.0040450357,3.06884e-05,0.0025671425,0.658286,-1.657265,1.533059,0.214432,0.793263,-0.189691,0.537374
1403715536.86223,1.974924,-3.142968,0.60937,0.799388,0.03159,0.596043,0.068657,0.0003713509,5.75367e-05,-0.0001083933,1.05728e-05,-1.69597e-05,3.33034e-05,0.0066560235,0.0024159458,-4.386e-06,0.0042265978,3.07906e-05,0.00256973,0.744555,-1.747219,1.535705,0.218189,0.78248,-0.179871,0.554767
1403715536.91224,2.031987,-3.155564,0.610986,0.792866,0.036727,0.604093,0.071319,0.0003745376,6.17591e-05,-0.000101062,1.18409e-05,-1.68164e-05,2.88863e-05,0.0066769184,0.0025019378,-4.5707e-06,0.0043092564,3.07306e-05,0.0025704314,0.788225,-1.785604,1.537855,0.222953,0.777537,-0.173398,0.561839
1403715536.96225,2.08773,-3.162204,0.613379,0.78625,0.042715,0.61164,0.0767,0.0003765936,6.79894e-05,-9.35182e-05,1.39365e-05,-1.70267e-05,2.48042e-05,0.0066965904,0.0025802692,-5.0038e-06,0.004391957,3.06761e-05,0.0025712424,0.831338,-1.818952,1.540615,0.230216,0.772652,-0.1661,0.567822
1403715537.01224,2.140788,-3.164526,0.617117,0.779647,0.04806,0.61898,0.081876,0.0003782715,7.37303e-05,-8.59971e-05,1.60351e-05,-1.68941e-05,2.11001e-05,0.0067001233,0.0026514402,-5.3722e-06,0.0044754746,3.05761e-05,0.0025719568,0.873794,-1.846926,1.543883,0.237373,0.767617,-0.159389,0.573599
1403715537.06224,2.19082,-3.15937,0.621424,0.77168,0.051735,0.628127,0.085379,0.0003809079,7.78028e-05,-7.68171e-05,1.75492e-05,-1.5804e-05,1.70045e-05,0.0066892315,0.0027149168,-5.6822e-06,0.0045549918,3.05076e-05,0.002572283,0.9158,-1.868705,1.548277,0.243414,0.760937,-0.153974,0.581393
1403715537.3123,2.343358,-3.08367,0.656252,0.730332,0.049078,0.676983,0.076817,0.000397633,7.25876e-05,-2.84111e-05,1.4884e-05,-5.2184e-06,3.4368e-06,0.0064577115,0.002841024,-6.2262e-06,0.0048325559,2.90742e-05,0.0025754431,1.099538,-1.867218,1.585442,0.249933,0.720392,-0.14619,0.630239
1403715537.41234,2.357268,-3.01242,0.672124,0.739541,0.02876,0.670768,0.048203,0.0004045939,4.47957e-05,-3.83798e-05,6.5609e-06,-4.2703e-06,5.0478e-06,0.0063163431,0.0028053892,-7.083e-06,0.0048433036,2.78958e-05,0.0025750242,1.150293,-1.81228,1.602529,0.220972,0.723335,-0.168056,0.632235
1403715537.56237,2.331492,-2.887013,0.694521,0.779263,-0.001212,0.626591,0.011451,0.0003947607,6.6524e-06,-8.58449e-05,1.6931e-06,-1.4496e-06,2.01349e-05,0.006018582,0.0026634837,-8.0966e-06,0.0047913996,2.66274e-05,0.0025765688,1.19447,-1.691274,1.626933,0.173753,0.753457,-0.207504,0.599216
1403715537.66237,2.2924,-2.797381,0.714934,-0.79959,0.014276,-0.600375,0.001312,0.0003818169,-7.6793e-06,-0.0001101422,1.7441e-06,2.2273e-06,3.32869e-05,0.0058196836,0.0025423211,-9.5964e-06,0.0047157822,2.44233e-05,0.0025739929,1.208053,-1.598617,1.646302,0.154234,0.76989,-0.225658,0.576681
1403715537.8624,2.212418,-2.634783,0.764795,-0.788207,0.025683,-0.614842,0.006325,0.0003894516,-1.65993e-05,-9.6986e-05,2.3189e-06,4.1664e-06,2.56488e-05,0.0054585052,0.002290737,-1.04316e-05,0.0045426537,2.30802e-05,0.0025713165,1.21472,-1.413635,1.70057,0.152809,0.756358,-0.233997,0.591454
1403715537.91241,2.183693,-2.59383,0.777794,-0.78524,0.026882,-0.618572,0.006627,0.0003911958,-1.75794e-05,-9.37117e-05,2.3922e-06,4.2496e-06,2.3929e-05,0.0053734867,0.0022413337,-1.27327e-05,0.004508025,2.18452e-05,0.0025686557,1.210721,-1.367464,1.713645,0.153553,0.753121,-0.234378,0.595229
1403715537.96241,2.152339,-2.55566,0.785848,-0.786291,0.026799,-0.617256,0.004885,0.0003907367,-1.63613e-05,-9.4916e-05,2.2738e-06,4.0214e-06,2.45274e-05,0.0052815271,0.0021729328,-1.27765e-05,0.004450101,2.15472e-05,0.0025643736,1.203927,-1.320974,1.724992,0.15481,0.754109,-0.234276,0.59369
1403715538.06239,2.094166,-2.482469,0.805536,-0.792828,0.030916,-0.608614,0.007514,0.0003863162,-1.99247e-05,-0.0001027502,2.6146e-06,5.3548e-06,2.88198e-05,0.005126067,0.0020405683,-1.30619e-05,0.004332339,2.09576e-05,0.0025629943,1.182855,-1.227631,1.745041,0.149809,0.759311,-0.23948,0.58622
1403715538.1124,2.062709,-2.447538,0.815599,-0.796498,0.035454,-0.603526,0.009549,0.0003832923,-2.32056e-05,-0.000107248,2.9776e-06,6.5589e-06,3.15056e-05,0.0050475332,0.0019838609,-1.27908e-05,0.0042853343,2.09786e-05,0.0025606567,1.168786,-1.181491,1.754593,0.14631,0.761705,-0.244501,0.58191
1403715538.1624,2.028296,-2.414068,0.820959,-0.799943,0.041702,-0.598542,0.009945,0.0003801329,-2.61346e-05,-0.0001114274,3.3542e-06,7.7367e-06,3.41639e-05,0.0049690716,0.0019232629,-1.07351e-05,0.0042299591,2.12509e-05,0.002557849,1.152342,-1.136267,1.762979,0.14412,0.763564,-0.250541,0.577434
1403715538.21241,1.994709,-2.383875,0.826173,-0.802786,0.047692,-0.594296,0.008468,0.0003774805,-2.78994e-05,-0.000115109,3.6111e-06,8.5885e-06,3.66164e-05,0.0049027998,0.0018635843,-9.9568e-06,0.0041719784,2.09568e-05,0.0025569718,1.133779,-1.092183,1.769039,0.144244,0.764773,-0.256904,0.57299
1403715538.26242,1.956373,-2.355391,0.828782,-0.804388,0.054133,-0.591611,0.005091,0.0003758329,-2.85601e-05,-0.0001174539,3.7182e-06,9.0124e-06,3.82327e-05,0.0048467083,0.0018081044,-9.8404e-06,0.0041169579,2.07755e-05,0.0025562617,1.113444,-1.049181,1.772206,0.14663,0.764806,-0.263192,0.569475
1403715538.36232,1.887446,-2.302522,0.819109,0.802649,-0.068264,0.592511,0.005076,0.0003764964,-2.87136e-05,-0.0001165088,3.7111e-06,8.9762e-06,3.75809e-05,0.0047337892,0.0016937669,-6.063e-06,0.0039940273,2.10895e-05,0.0025524043,1.068451,-0.966798,1.770974,0.156365,0.759718,-0.275858,0.567699
1403715538.46234,1.803927,-2.258969,0.81086,0.791954,-0.078274,0.604953,0.026704,0.0003848346,-2.10519e-05,-0.0001055733,2.665e-06,5.8566e-06,3.04722e-05,0.0046495203,0.0015934597,-5.868e-06,0.0038882791,2.07203e-05,0.0025515626,1.01643,-0.888877,1.763388,0.180135,0.747119,-0.282688,0.573982
1403715538.51228,1.767241,-2.2449,0.809271,0.785762,-0.082066,0.611843,0.038621,0.0003891574,-1.60785e-05,-9.85141e-05,2.122e-06,4.1445e-06,2.64208e-05,0.0046067123,0.0015405192,-5.6514e-06,0.0038244478,2.05702e-05,0.002550068,0.987062,-0.850152,1.760068,0.194354,0.739743,-0.285485,0.577501
1403715538.56225,1.726529,-2.227486,0.805899,0.780785,-0.086542,0.616604,0.051812,0.0003921271,-1.05047e-05,-9.32883e-05,1.7079e-06,2.565e-06,2.36596e-05,0.0045800841,0.0014967352,-5.5088e-06,0.003770591,2.01695e-05,0.0025491419,0.955604,-0.811072,1.757079,0.208763,0.733439,-0.288906,0.57881
1403715538.61226,1.682662,-2.20956,0.805599,0.777135,-0.093476,0.61915,0.063062,0.0003939538,-7.4654e-06,-8.98054e-05,1.5396e-06,1.7616e-06,2.19127e-05,0.0045479208,0.0014465543,-5.4587e-06,0.003711526,1.95388e-05,0.0025481782,0.921695,-0.770807,1.753934,0.22072,0.727764,-0.294694,0.578619
1403715538.66226,1.631949,-2.191558,0.802538,0.775255,-0.102194,0.619024,0.073104,0.0003943842,-5.4882e-06,-8.91034e-05,1.4685e-06,1.2974e-06,2.15709e-05,0.004515578,0.0013934593,-5.2702e-06,0.0036514006,1.92171e-05,0.0025475816,0.885711,-0.729165,1.750768,0.23063,0.723513,-0.302738,0.575925
1403715538.76225,1.521805,-2.153008,0.793378,0.777191,-0.125595,0.609708,0.091961,0.000391439,-4.2807e-06,-9.55611e-05,1.4409e-06,1.1058e-06,2.47928e-05,0.0044493493,0.0012725438,-4.5971e-06,0.0035172047,1.87568e-05,0.0025470886,0.807614,-0.64179,1.742353,0.24659,0.719192,-0.325516,0.562138
1403715538.81224,1.463827,-2.133453,0.788226,0.781052,-0.139454,0.600268,0.100935,0.0003874772,-4.0655e-06,-0.0001027362,1.4191e-06,1.1365e-06,2.87073e-05,0.0044148147,0.0012102832,-4.5182e-06,0.0034494263,1.85812e-05,0.0025465323,0.766106,-0.596149,1.73704,0.252926,0.719194,-0.339892,0.550696
1403715539.56224,0.524702,-1.801516,0.484955,0.733502,-0.377701,0.506199,0.251155,0.0003629864,-6.0042e-06,-0.0001395647,1.5147e-06,2.352e-06,5.53919e-05,0.0039130325,0.0003160622,2.8979e-06,0.0027815204,1.63175e-05,0.0025537646,0.117407,0.142458,1.433423,0.373994,0.611861,-0.556593,0.419477
1403715539.66224,0.410582,-1.760184,0.456529,0.723518,-0.396665,0.506204,0.250871,0.0003625563,-1.55415e-05,-0.0001396456,2.0917e-06,6.0421e-06,5.55301e-05,0.0038633454,0.0002227657,4.562e-06,0.0027565601,1.63773e-05,0.0025568555,0.043368,0.232422,1.403837,0.373656,0.597235,-0.572484,0.419469
1403715539.71224,0.354896,-1.741013,0.449612,0.718103,-0.402656,0.50856,0.252118,0.0003641501,-1.90378e-05,-0.0001376307,2.4262e-06,7.2556e-06,5.3758e-05,0.0038423244,0.0001782925,5.5144e-06,0.0027494949,1.65352e-05,0.0025587439,0.007205,0.275265,1.396485,0.375376,0.590446,-0.576971,0.421392
1403715539.86224,0.191803,-1.690857,0.452425,0.713343,-0.40762,0.508783,0.257152,0.0003662119,-1.93177e-05,-0.0001358055,2.4488e-06,7.2215e-06,5.21016e-05,0.0037928265,5.03847e-05,8.7081e-06,0.0027480386,1.76341e-05,0.0025657582,-0.101951,0.396835,1.398789,0.380589,0.584161,-0.580523,0.420596
1403715539.96224,0.082995,-1.660726,0.472399,0.719913,-0.410028,0.501725,0.248745,0.0003593665,-2.12553e-05,-0.0001434093,2.6758e-06,8.529e-06,5.89618e-05,0.0037727223,-3.05427e-05,1.04056e-05,0.0027625317,1.80312e-05,0.0025710167,-0.176003,0.47253,1.418431,0.370732,0.589865,-0.58457,0.415806
1403715540.01224,0.027787,-1.648633,0.485593,0.725249,-0.41145,0.49567,0.242969,0.0003537329,-2.18294e-05,-0.0001491563,2.7713e-06,9.2562e-06,6.46599e-05,0.0037661241,-7.05493e-05,1.19062e-05,0.0027758926,1.85269e-05,0.0025744485,-0.214084,0.50801,1.432364,0.363638,0.594352,-0.587268,0.411862
1403715540.06224,-0.026897,-1.63867,0.49929,0.72948,-0.415014,0.490659,0.234257,0.0003473055,-2.54376e-05,-0.0001547148,3.2949e-06,1.13942e-05,7.07242e-05,0.0037653606,-0.000111046,1.3532e-05,0.0027929707,1.9115e-05,0.0025782323,-0.252566,0.541223,1.446971,0.354049,0.597637,-0.591713,0.409093
1403715540.11224,-0.080983,-1.631363,0.513324,0.734282,-0.418806,0.484741,0.224627,0.0003396979,-2.91585e-05,-0.0001606736,3.943e-06,1.38672e-05,7.78445e-05,0.0037695008,-0.0001512179,1.52912e-05,0.0028137292,1.97945e-05,0.0025823809,-0.291626,0.571682,1.461813,0.343,0.60137,-0.596737,0.405723
1403715540.16224,-0.134017,-1.627591,0.529248,0.736486,-0.42205,0.482639,0.21569,0.0003345606,-3.39842e-05,-0.0001639113,4.9021e-06,1.67405e-05,8.2184e-05,0.0037798015,-0.000191064,1.71927e-05,0.0028381048,2.05772e-05,0.0025869155,-0.331295,0.598375,1.478714,0.333851,0.602658,-0.600435,0.405986
1403715540.21224,-0.186483,-1.627564,0.545794,0.738321,-0.424089,0.480692,0.20968,0.0003307412,-3.69027e-05,-0.0001662687,5.5762e-06,1.86529e-05,8.54909e-05,0.0037966077,-0.000231194,1.92429e-05,0.0028661731,2.14743e-05,0.0025918647,-0.372079,0.621371,1.496219,0.327419,0.603887,-0.602905,0.405738
1403715540.26224,-0.238645,-1.631911,0.563603,0.737797,-0.423515,0.482609,0.208276,0.0003315346,-3.81957e-05,-0.0001655467,5.866e-06,1.91769e-05,8.457e-05,0.0038208923,-0.0002721529,2.14519e-05,0.0028980606,2.25016e-05,0.0025972561,-0.414534,0.640258,1.514989,0.32632,0.603588,-0.602362,0.407869
1403715540.31224,-0.290515,-1.640171,0.581854,0.738495,-0.420135,0.483424,0.210743,0.0003335628,-3.58878e-05,-0.0001647137,5.3298e-06,1.78202e-05,8.32412e-05,0.0038521904,-0.0003141689,2.38279e-05,0.0029338304,2.36664e-05,0.0026031163,-0.458427,0.655465,1.534137,0.328759,0.605124,-0.599354,0.408066
1403715540.41248,-0.328157,-1.64714,0.659948,0.745439,-0.40824,0.478624,0.220408,0.0003359842,-2.43621e-05,-0.0001642141,2.7243e-06,1.18623e-05,8.13765e-05,0.0038049295,-0.0003528425,-8.2565e-06,0.0028577207,3.00264e-05,0.0025602217,-0.54954,0.675871,1.57171,0.338034,0.612331,-0.590383,0.40278
1403715540.46249,-0.369691,-1.668548,0.680369,0.748409,-0.403271,0.475911,0.225313,0.0003349459,-1.72418e-05,-0.0001659037,1.7728e-06,8.484e-06,8.32765e-05,0.0037866273,-0.000332498,-1.084e-05,0.00284713,3.08792e-05,0.0025603315,-0.595803,0.681409,1.589292,0.342307,0.616385,-0.586336,0.398881
1403715540.51249,-0.409861,-1.691939,0.698345,0.753808,-0.399455,0.468688,0.229217,0.000331743,-1.05937e-05,-0.0001688599,1.1799e-06,5.3327e-06,8.70517e-05,0.0038123796,-0.0003600726,-1.27725e-05,0.0028626997,3.17866e-05,0.0025609666,-0.64246,0.684487,1.605186,0.344392,0.622532,-0.584051,0.390812
1403715540.56249,-0.449496,-1.717387,0.714504,0.757857,-0.398664,0.462085,0.230647,0.0003277592,-6.8276e-06,-0.0001719065,9.562e-07,3.5218e-06,9.12699e-05,0.0038460615,-0.0003889731,-1.43933e-05,0.0028794061,3.25282e-05,0.002561683,-0.689009,0.684199,1.619731,0.344256,0.626643,-0.584293,0.383938
1403715540.86249,-0.645899,-1.918471,0.795484,0.751998,-0.418974,0.459995,0.217636,0.0003210807,-2.11138e-05,-0.0001757324,2.1472e-06,1.15462e-05,9.73131e-05,0.0041578181,-0.0005941992,-2.30088e-05,0.0030118265,3.86092e-05,0.0025699372,-0.957514,0.602457,1.691191,0.331559,0.615733,-0.602303,0.384932
1403715540.96248,-0.682131,-2.022925,0.811554,0.744965,-0.417875,0.469979,0.222548,0.0003295882,-2.24192e-05,-0.0001697892,2.2198e-06,1.15564e-05,8.85428e-05,0.0042993221,-0.0006421723,-1.97833e-05,0.0030301015,3.64015e-05,0.0025702639,-1.047703,0.543412,1.712274,0.339235,0.608738,-0.599948,0.392964
1403715541.26246,-0.7978,-2.374838,0.861842,0.729168,-0.416301,0.494228,0.225271,0.0003463728,-3.14444e-05,-0.0001554113,3.5303e-06,1.41346e-05,7.07606e-05,0.004933132,-0.0008575834,-2.3057e-05,0.0031215319,3.69639e-05,0.0025771663,-1.324364,0.299596,1.765371,0.3489,0.59376,-0.594407,0.41521
1403715541.31246,-0.811335,-2.441363,0.867716,0.72335,-0.417441,0.501538,0.225759,0.0003507145,-3.51157e-05,-0.0001506493,4.1806e-06,1.51148e-05,6.57248e-05,0.0050648333,-0.0008788967,-2.0281e-05,0.0031179573,3.59981e-05,0.0025769449,-1.372342,0.251831,1.773248,0.351323,0.587624,-0.594058,0.422334
1403715541.41247,-0.851752,-2.575209,0.880765,0.720059,-0.412938,0.504574,0.237493,0.0003575788,-2.87296e-05,-0.0001456155,2.9769e-06,1.17238e-05,6.03018e-05,0.0053466512,-0.0009643332,-2.16165e-05,0.0031518004,3.64929e-05,0.0025791754,-1.472453,0.153357,1.786517,0.36346,0.585349,-0.588823,0.422553
1403715541.46247,-0.871737,-2.643629,0.884303,0.723713,-0.411234,0.498742,0.241624,0.000355994,-2.31684e-05,-0.0001482951,2.1772e-06,9.6725e-06,6.27873e-05,0.0054927785,-0.0010101826,-2.16579e-05,0.0031703976,3.65981e-05,0.0025798369,-1.523907,0.103383,1.790613,0.36611,0.589166,-0.588051,0.415986
1403715541.51246,-0.891891,-2.712654,0.887519,0.728403,-0.410954,0.491147,0.243559,0.0003522965,-1.8594e-05,-0.0001525843,1.6516e-06,8.0728e-06,6.71144e-05,0.0056459567,-0.0010577825,-2.18274e-05,0.0031895829,3.67921e-05,0.0025804957,-1.575689,0.052492,1.793935,0.366039,0.593693,-0.588934,0.408292
1403715541.56246,-0.91066,-2.783399,0.889254,0.733739,-0.410711,0.482717,0.244803,0.0003476381,-1.40531e-05,-0.0001573753,1.2387e-06,6.3792e-06,7.22909e-05,0.0058049168,-0.0011067329,-2.20765e-05,0.0032092062,3.70466e-05,0.0025811242,-1.627605,0.000421,1.796717,0.365175,0.598851,-0.590088,0.399778
1403715541.66243,-0.924933,-2.919722,0.890596,0.741945,-0.410201,0.469376,0.246859,0.0003395792,-7.0149e-06,-0.0001640446,7.92e-07,3.3938e-06,8.03172e-05,0.0061138136,-0.0012023009,-1.38738e-05,0.0032320191,3.45149e-05,0.0025794701,-1.730583,-0.108164,1.802408,0.363461,0.606869,-0.591566,0.386854
1403715541.71242,-0.936122,-2.985045,0.892932,0.745221,-0.407094,0.464012,0.252214,0.0003377547,-5.809e-07,-0.0001654858,6.46e-07,2.829e-07,8.21591e-05,0.0062718428,-0.001218516,-1.39345e-05,0.0032201016,3.42551e-05,0.0025795284,-1.781181,-0.165124,1.805911,0.366948,0.611278,-0.588977,0.38052
1403715541.7624,-0.941555,-3.048392,0.89648,0.747241,-0.39965,0.461159,0.263141,0.0003393215,9.2349e-06,-0.0001635761,8.917e-07,-4.4689e-06,7.99187e-05,0.0064351255,-0.001258593,-1.35672e-05,0.0032180904,3.32383e-05,0.0025789336,-1.830581,-0.224892,1.810474,0.37612,0.615386,-0.582091,0.375509
1403715542.0624,-0.950235,-3.489281,0.925446,0.75478,-0.342834,0.462426,0.314537,0.0003502163,6.02357e-05,-0.0001427604,1.10386e-05,-2.4616e-05,5.92083e-05,0.0076032726,-0.0014519583,-1.69624e-05,0.0032310757,3.25066e-05,0.0025841255,-2.066706,-0.613376,1.837908,0.426425,0.637491,-0.529347,0.362713
1403715542.11239,-0.938538,-3.559402,0.928985,0.754448,-0.333174,0.46946,0.315294,0.0003537775,6.26868e-05,-0.0001381036,1.1791e-05,-2.45287e-05,5.49127e-05,0.0077766538,-0.0014492766,-1.76137e-05,0.0032127235,3.21669e-05,0.0025849109,-2.090608,-0.679473,1.842412,0.429165,0.639629,-0.520043,0.36912
1403715542.61233,-0.691645,-4.048328,0.997189,0.738929,-0.260358,0.579328,0.224892,0.0003979726,1.27839e-05,-9.2654e-05,1.1419e-06,-2.9321e-06,2.25129e-05,0.0092434637,-0.0012110833,-2.28737e-05,0.0030614945,2.73218e-05,0.0026001493,-2.101586,-1.226844,1.90411,0.372304,0.6434,-0.446132,0.498391
1403715542.66233,-0.667362,-4.076104,1.003109,0.743831,-0.256691,0.577858,0.216578,0.0003961829,1.04326e-05,-9.67526e-05,1.0149e-06,-2.4987e-06,2.45791e-05,0.0094025893,-0.0011981256,-2.34941e-05,0.0030597004,2.69804e-05,0.0026028844,-2.093817,-1.263817,1.90803,0.363837,0.649095,-0.443944,0.499212
1403715542.86233,-0.586853,-4.163711,1.018949,0.759573,-0.247398,0.568985,0.195191,0.0003886926,6.0953e-06,-0.0001112259,8.702e-07,-1.6836e-06,3.28214e-05,0.0097041432,-0.0010790222,-2.55009e-05,0.0030502373,2.47042e-05,0.0026155918,-2.065873,-1.382971,1.914585,0.340833,0.666744,-0.439186,0.496388
1403715542.96233,-0.554884,-4.195828,1.019599,0.763534,-0.249174,0.566654,0.183931,0.0003857598,-5.618e-07,-0.000116403,7.928e-07,2.379e-07,3.61401e-05,0.0098185949,-0.0010286513,-2.64302e-05,0.0030562093,2.33178e-05,0.0026234986,-2.053255,-1.42874,1.909972,0.329461,0.670203,-0.441923,0.496979
1403715543.06234,-0.530888,-4.234547,1.00955,0.762364,-0.252764,0.569885,0.173616,0.0003856439,-9.2107e-06,-0.000116483,1.026e-06,2.8633e-06,3.61709e-05,0.0099159686,-0.0009985024,-2.90137e-05,0.0030047908,1.68036e-05,0.0026280695,-2.042469,-1.468323,1.898219,0.320584,0.66809,-0.445255,0.502623
1403715543.11233,-0.519083,-4.246601,1.00348,0.761412,-0.254537,0.571372,0.170287,0.0003858437,-1.26551e-05,-0.0001160875,1.2299e-06,3.8922e-06,3.59208e-05,0.0100036787,-0.0009892649,-2.96464e-05,0.0030098508,1.56906e-05,0.0026325243,-2.0383,-1.486315,1.890329,0.317715,0.666679,-0.446758,0.504978
1403715543.16233,-0.509412,-4.258953,0.997522,0.760034,-0.255349,0.57304,0.169616,0.0003866954,-1.39803e-05,-0.0001148769,1.3286e-06,4.2394e-06,3.51263e-05,0.0100472802,-0.0009730626,-3.04039e-05,0.0030150151,1.42211e-05,0.0026374749,-2.035226,-1.503053,1.881864,0.317459,0.665187,-0.447179,0.506732
1403715543.21233,-0.501438,-4.270874,0.991383,0.757944,-0.256441,0.57541,0.1693,0.0003879554,-1.54779e-05,-0.0001129737,1.449e-06,4.5948e-06,3.39024e-05,0.0100932288,-0.0009608731,-3.11734e-05,0.003022058,1.26741e-05,0.0026427816,-2.03346,-1.518678,1.87332,0.317725,0.66282,-0.44771,0.509191
1403715543.26233,-0.495222,-4.282224,0.985312,0.755188,-0.257962,0.57854,0.168635,0.0003894789,-1.76543e-05,-0.0001104761,1.6403e-06,5.0969e-06,3.23447e-05,0.0101378048,-0.0009516414,-3.19556e-05,0.003030729,1.1038e-05,0.0026484577,-2.032998,-1.533017,1.864936,0.318018,0.659761,-0.448395,0.512369
1403715543.31233,-0.491762,-4.306007,0.97443,0.75327,-0.260047,0.580384,0.167673,0.0003902225,-1.97878e-05,-0.0001090555,1.8336e-06,5.6295e-06,3.1474e-05,0.0101806103,-0.000947931,-3.25797e-05,0.0029859549,1.88556e-05,0.0026325434,-2.034019,-1.54578,1.856304,0.317675,0.657303,-0.449822,0.514486
1403715543.36233,-0.489752,-4.316796,0.967617,0.752807,-0.260407,0.58045,0.168963,0.0003905807,-1.93728e-05,-0.0001087948,1.7986e-06,5.496e-06,3.13081e-05,0.0102708921,-0.0009500835,-3.39196e-05,0.0029936872,1.77471e-05,0.0026372453,-2.036778,-1.557118,1.847718,0.318957,0.656692,-0.45007,0.514256
1403715543.41231,-0.474793,-4.313216,0.941962,0.751719,-0.260898,0.580951,0.171308,0.0003913351,-1.85831e-05,-0.0001077928,1.7249e-06,5.2187e-06,3.06893e-05,0.0102969364,-0.0009683103,-1.54788e-05,0.0029839235,3.58996e-05,0.0026178203,-2.041292,-1.566742,1.839778,0.320853,0.655658,-0.449991,0.514464
1403715543.46221,-0.468703,-4.32412,0.899765,0.752432,-0.258885,0.579818,0.175028,0.0003907347,-1.50729e-05,-0.0001077067,1.3368e-06,4.2597e-06,3.05727e-05,0.0102320458,-0.0009695104,-1.65265e-05,0.002876107,3.47425e-05,0.00258322,-2.047088,-1.574862,1.831923,0.3244,0.656466,-0.448654,0.512373
1403715543.51221,-0.467977,-4.336544,0.895599,0.752786,-0.257393,0.578636,0.179563,0.000390884,-1.13964e-05,-0.0001075669,1.073e-06,3.2394e-06,3.04796e-05,0.0102657915,-0.0009633223,-1.68922e-05,0.0028723836,3.48418e-05,0.0025828532,-2.054184,-1.581347,1.824155,0.328275,0.657268,-0.44723,0.510117
1403715543.61227,-0.473996,-4.354583,0.884406,0.748984,-0.253066,0.582814,0.187907,0.0003942481,-5.8618e-06,-0.0001016264,8.093e-07,1.6108e-06,2.70632e-05,0.0103276161,-0.0009776524,-1.71518e-05,0.0028731674,3.48855e-05,0.0025825566,-2.071036,-1.58946,1.809809,0.337354,0.654497,-0.442632,0.511765
1403715543.66231,-0.480492,-4.359538,0.879318,0.745997,-0.248957,0.586257,0.194454,0.0003966951,-1.0044e-06,-9.65253e-05,7.091e-07,3.391e-07,2.43399e-05,0.0103554778,-0.0009829772,-1.74617e-05,0.0028717556,3.47843e-05,0.0025821241,-2.080963,-1.590098,1.802599,0.344394,0.652606,-0.438178,0.513321
1403715544.56232,-0.800571,-3.979249,0.471922,0.650781,-0.478866,0.481002,0.340307,0.00038295,-7.5166e-06,-0.0001227797,9.009e-07,2.4211e-06,4.04313e-05,0.0090573641,-0.0014298148,-1.04732e-05,0.0030936229,3.49734e-05,0.002590348,-2.176972,-1.078321,1.414606,0.456873,0.499235,-0.634268,0.373819
1403715544.66232,-0.833926,-3.896238,0.408928,0.634857,-0.500838,0.470667,0.352973,0.000382558,-9.599e-06,-0.0001236024,1.0037e-06,3.1028e-06,4.1013e-05,0.0088010224,-0.001446707,-9.4799e-06,0.0031204415,3.50852e-05,0.0025930716,-2.165834,-0.985133,1.354425,0.466304,0.47784,-0.65141,0.360412
1403715544.71232,-0.849761,-3.854012,0.387185,0.62802,-0.505283,0.46879,0.361269,0.0003848753,-8.2973e-06,-0.0001206534,9.464e-07,2.5976e-06,3.88996e-05,0.0086696191,-0.0014563862,-8.9494e-06,0.0031359132,3.5198e-05,0.0025947005,-2.159119,-0.938092,1.334196,0.473638,0.469984,-0.654072,0.356332
1403715544.76232,-0.865059,-3.810991,0.371946,0.621975,-0.507464,0.468819,0.368559,0.0003876969,-7.2643e-06,-0.0001167997,9.082e-07,2.1816e-06,3.62608e-05,0.0085375813,-0.0014642589,-8.4157e-06,0.0031514008,3.53592e-05,0.0025965043,-2.151525,-0.890555,1.320661,0.480711,0.463505,-0.654596,0.354379
1403715544.81232,-0.880045,-3.766339,0.363675,0.617557,-0.50831,0.469037,0.374498,0.0003900765,-6.0444e-06,-0.0001134412,8.701e-07,1.7484e-06,3.40617e-05,0.0084025658,-0.0014704774,-7.855e-06,0.0031671396,3.55214e-05,0.0025984766,-2.142878,-0.841764,1.314106,0.486546,0.458979,-0.654253,0.352938
1403715545.06231,-0.95466,-3.516039,0.388795,0.618376,-0.515885,0.456961,0.377704,0.0003864357,-1.9475e-06,-0.0001201185,8.058e-07,5.901e-07,3.84384e-05,0.0076839087,-0.0014755314,-4.4791e-06,0.0032501729,3.68408e-05,0.0026117967,-2.084377,-0.576589,1.351653,0.486601,0.457849,-0.6615,0.340604
1403715545.1123,-0.973334,-3.461442,0.403061,0.618429,-0.519525,0.452454,0.378053,0.0003844691,-1.1302e-06,-0.0001228536,7.948e-07,3.301e-07,4.03337e-05,0.0075156244,-0.0014718274,-3.9703e-06,0.003269281,3.69396e-05,0.0026109948,-2.070732,-0.520439,1.361789,0.485672,0.457081,-0.664988,0.336141
1403715545.1623,-0.992033,-3.406429,0.409689,0.617522,-0.523908,0.44737,0.379536,0.000382765,-1.212e-07,-0.0001253153,7.936e-07,-7e-10,4.2096e-05,0.0073583409,-0.001472501,-1.6635e-06,0.0032926045,3.69034e-05,0.0026137159,-2.056641,-0.463677,1.369932,0.485702,0.455347,-0.668794,0.330859
1403715545.21229,-1.003644,-3.35051,0.428713,0.615204,-0.529064,0.443203,0.381033,0.0003812218,-2.69e-07,-0.0001270159,7.856e-07,3.74e-08,4.33459e-05,0.0071877881,-0.0014673863,-8.2825e-06,0.0033113857,3.81717e-05,0.0026014542,-2.042104,-0.406579,1.375326,0.486107,0.451487,-0.673374,0.326233
1403715545.31228,-1.036675,-3.237432,0.437604,0.608757,-0.541719,0.433075,0.385231,0.0003782259,-1.457e-07,-0.0001310566,7.763e-07,-1.35e-08,4.64231e-05,0.0068798529,-0.001444006,-8.8791e-06,0.0033391064,3.82738e-05,0.0025953032,-2.012176,-0.292351,1.37655,0.48742,0.442082,-0.683813,0.315256
1403715545.41228,-1.066173,-3.126974,0.43027,0.596997,-0.556116,0.43154,0.384842,0.000377384,-8.246e-06,-0.000132192,9.634e-07,2.8282e-06,4.73169e-05,0.0065860339,-0.001431511,-8.0095e-06,0.0033840489,3.89829e-05,0.0025961029,-1.980386,-0.178718,1.369143,0.486743,0.427139,-0.69447,0.313602
1403715545.46228,-1.078669,-3.071916,0.425305,0.590165,-0.564001,0.433572,0.381607,0.0003766752,-1.55667e-05,-0.0001326121,1.4321e-06,5.4254e-06,4.7703e-05,0.0064471161,-0.0014255268,-7.548e-06,0.0034087104,3.94337e-05,0.0025972389,-1.963897,-0.122024,1.365513,0.484191,0.418447,-0.700252,0.3164
1403715545.51229,-1.09952,-3.01079,0.426884,0.583328,-0.571287,0.437272,0.377031,0.0003752476,-2.35456e-05,-0.0001326167,2.1399e-06,8.2676e-06,4.77988e-05,0.0062931392,-0.0013944057,-9.43e-06,0.0033747833,3.62369e-05,0.0025883072,-1.947612,-0.065507,1.362857,0.480965,0.409777,-0.70567,0.320602
1403715545.61227,-1.130979,-2.899263,0.427457,0.571696,-0.583241,0.443081,0.369693,0.00037295,-3.74366e-05,-0.0001324424,4.3991e-06,1.32581e-05,4.79374e-05,0.0060177082,-0.0013792831,-9.0369e-06,0.0034157273,3.60527e-05,0.002588358,-1.918894,0.047523,1.364184,0.475494,0.395168,-0.714221,0.32808
1403715545.66227,-1.1483,-2.843521,0.430348,0.567892,-0.586785,0.445401,0.36715,0.0003721071,-4.19452e-05,-0.0001321892,5.3559e-06,1.4874e-05,4.78473e-05,0.0058839734,-0.0013709787,-8.7129e-06,0.0034364349,3.56265e-05,0.0025885167,-1.906859,0.104842,1.367024,0.473563,0.390417,-0.716742,0.33105
1403715546.46228,-1.55688,-2.03815,0.505557,0.704921,-0.416,0.500418,0.282156,0.0003767427,-7.2318e-06,-0.0001356732,8.22e-07,2.6629e-06,4.98139e-05,0.0043129423,-0.0012720647,3.885e-07,0.0040592987,4.34819e-05,0.0026027304,-1.854789,1.054092,1.432997,0.40744,0.567392,-0.588993,0.406389
1403715546.51228,-1.581876,-1.984437,0.512969,0.716118,-0.398572,0.506114,0.268632,0.0003758312,-7.3733e-06,-0.0001369435,8.368e-07,2.7537e-06,5.08497e-05,0.0042398726,-0.0012585519,3.302e-07,0.0040983791,4.37183e-05,0.0026031181,-1.851855,1.112857,1.440978,0.396021,0.582763,-0.575198,0.415583
1403715546.96228,-1.778283,-1.55152,0.561615,0.817084,-0.231019,0.509478,0.139416,0.0003440032,-2.7323e-06,-0.0001688055,8.429e-07,1.4563e-06,8.38387e-05,0.0036787072,-0.0011049013,4.6636e-06,0.0045227763,6.03738e-05,0.0026137443,-1.818315,1.606602,1.498012,0.272869,0.725203,-0.440348,0.453569
1403715547.01228,-1.793591,-1.512196,0.56746,0.824047,-0.208298,0.510271,0.131083,0.000342903,1.5154e-06,-0.0001698077,8.449e-07,-6.403e-07,8.50943e-05,0.0036173455,-0.0010674371,5.4271e-06,0.0045522018,6.16278e-05,0.0026163871,-1.811747,1.652007,1.504567,0.265176,0.738077,-0.420247,0.456423
1403715547.06228,-1.804064,-1.466628,0.578419,0.830234,-0.18671,0.510859,0.121957,0.0003415857,4.6678e-06,-0.0001708035,9.191e-07,-2.2286e-06,8.64094e-05,0.0035774924,-0.0010497339,3.6697e-06,0.004580904,5.69855e-05,0.0026143482,-1.803618,1.695204,1.510707,0.256385,0.750012,-0.400854,0.459425
1403715547.11228,-1.811053,-1.420272,0.589769,0.835164,-0.165918,0.512328,0.111774,0.0003409334,6.5206e-06,-0.0001713179,9.955e-07,-3.1748e-06,8.70832e-05,0.0035310675,-0.0010217215,1.8529e-06,0.0046012099,5.44082e-05,0.0026133289,-1.793305,1.736297,1.516839,0.246927,0.760489,-0.381825,0.463573
1403715547.26227,-1.825579,-1.311177,0.606418,0.845239,-0.102648,0.518009,0.081857,0.0003409611,1.24327e-05,-0.0001713899,1.3679e-06,-6.1678e-06,8.71294e-05,0.003423089,-0.0009396648,2.833e-07,0.0046649417,5.91959e-05,0.0026200746,-1.748997,1.848574,1.5356,0.219803,0.787177,-0.323516,0.476845
1403715547.36227,-1.819704,-1.239974,0.615655,0.850008,-0.064724,0.518974,0.062957,0.0003396212,1.53392e-05,-0.0001724185,1.6381e-06,-7.7221e-06,8.85131e-05,0.0033705867,-0.0008899934,3.649e-07,0.0047014684,6.07073e-05,0.0026255444,-1.707451,1.91517,1.547483,0.202016,0.802,-0.28816,0.482652
1403715547.51227,-1.789915,-1.131096,0.626292,0.858704,-0.019055,0.511241,0.029951,0.0003314304,1.2215e-05,-0.0001787066,1.3988e-06,-6.5442e-06,9.7328e-05,0.0032739293,-0.0007832179,-1.25424e-05,0.0046770718,7.30746e-05,0.0026309845,-1.624813,2.006616,1.559556,0.1684,0.822661,-0.246414,0.483894
1403715547.66228,-1.740136,-1.008772,0.629214,-0.862424,-0.032066,-0.505169,0.001232,0.0003257968,1.15065e-05,-0.000182645,1.2952e-06,-6.4344e-06,0.0001033358,0.0031586636,-0.0006466159,-3.32177e-05,0.0045961635,8.99953e-05,0.0026281539,-1.512359,2.089411,1.566811,0.136783,0.840108,-0.198288,0.485999
1403715547.71227,-1.713191,-0.968074,0.630934,-0.862492,-0.050095,-0.503477,0.01047,0.0003246639,1.22428e-05,-0.000183408,1.3596e-06,-6.9093e-06,0.0001045622,0.0031307914,-0.0006063849,-3.57493e-05,0.0045931094,9.20718e-05,0.0026322126,-1.467581,2.11518,1.569138,0.127469,0.845032,-0.180929,0.486766
1403715547.76227,-1.683737,-0.921938,0.633774,-0.86185,-0.067757,-0.502216,0.020086,0.0003239009,1.2594e-05,-0.0001839541,1.3929e-06,-7.1498e-06,0.0001054267,0.0031071904,-0.0005618664,-3.72753e-05,0.0045561048,9.13496e-05,0.0026340778,-1.418971,2.140294,1.571774,0.117898,0.849207,-0.163739,0.487996
1403715547.86226,-1.628735,-0.797946,0.644712,-0.858666,-0.100478,-0.500923,0.04089,0.0003237357,1.13267e-05,-0.0001843315,1.1828e-06,-6.4063e-06,0.0001058012,0.0030212681,-0.0004297494,-3.68247e-05,0.0043877803,9.10071e-05,0.0026167873,-1.310258,2.188522,1.576827,0.097269,0.855249,-0.13151,0.491729
1403715547.96226,-1.544723,-0.705734,0.648831,-0.849666,-0.129203,-0.507463,0.062096,0.0003316794,9.9426e-06,-0.0001797405,1.0553e-06,-5.3268e-06,9.81617e-05,0.0029558578,-0.0003009508,-3.91261e-05,0.0042571003,8.86532e-05,0.0026174274,-1.18648,2.234736,1.582904,0.078727,0.854457,-0.101427,0.503409
1403715548.01225,-1.512765,-0.625799,0.673186,-0.84325,-0.138686,-0.514136,0.07321,0.0003383883,7.1018e-06,-0.0001753971,8.975e-07,-3.6167e-06,9.1626e-05,0.0029282571,-0.0002445374,-2.71508e-05,0.0041778017,7.25404e-05,0.002600341,-1.119735,2.257273,1.586215,0.069208,0.851051,-0.09084,0.512516
1403715548.06226,-1.465014,-0.572558,0.678005,-0.835855,-0.147294,-0.522525,0.081355,0.0003464343,7.1559e-06,-0.0001695958,8.78e-07,-3.4336e-06,8.37131e-05,0.0028984589,-0.000175498,-2.72173e-05,0.0041366633,7.14374e-05,0.0026002642,-1.050338,2.279671,1.589704,0.063436,0.84632,-0.080598,0.522709
1403715548.11226,-1.41617,-0.518806,0.683058,-0.827773,-0.154595,-0.532231,0.087305,0.000354797,8.0538e-06,-0.0001628751,8.958e-07,-3.6287e-06,7.54428e-05,0.0028795309,-0.0001232538,-2.65762e-05,0.0040785678,6.89899e-05,0.0026005761,-0.979351,2.301838,1.593256,0.060279,0.840499,-0.071309,0.533708
1403715548.16226,-1.366317,-0.464929,0.687123,-0.821015,-0.160217,-0.54024,0.091678,0.0003614349,9.1383e-06,-0.0001570534,9.496e-07,-3.9048e-06,6.89055e-05,0.0028673441,-7.57999e-05,-2.6871e-05,0.0040262211,6.73504e-05,0.0026011783,-0.907248,2.324032,1.596025,0.058142,0.835532,-0.06408,0.542587
1403715548.56226,-0.966358,-0.008672,0.665172,-0.805793,-0.166198,-0.560302,0.095591,0.0003768805,1.33141e-05,-0.0001421571,1.08e-06,-4.9325e-06,5.41986e-05,0.0028662232,0.0002540341,-3.17493e-05,0.0035790931,4.86672e-05,0.0026031766,-0.320351,2.522774,1.559501,0.060377,0.822386,-0.054405,0.563095
1403715548.61225,-0.914939,0.046961,0.657641,-0.807136,-0.16288,-0.559019,0.09747,0.0003765871,1.03671e-05,-0.0001427899,8.23e-07,-3.8246e-06,5.469e-05,0.002878476,0.0002835479,-3.088e-05,0.0035345147,4.90349e-05,0.0026000337,-0.247649,2.55132,1.548093,0.05859,0.822578,-0.058338,0.56261
1403715549.06223,-0.472861,0.590328,0.562595,-0.806401,-0.14832,-0.56293,0.104058,0.000380773,-2.457e-07,-0.0001394865,4.269e-07,1.718e-07,5.15186e-05,0.003119518,0.0004354127,-2.15507e-05,0.0032422892,3.30052e-05,0.0025845543,0.396733,2.82604,1.453984,0.053732,0.81813,-0.073279,0.567809
1403715549.16225,-0.395704,0.699173,0.551885,-0.797387,-0.155164,-0.57216,0.11283,0.0003877852,-5.535e-07,-0.0001310151,3.908e-07,2.545e-07,4.46684e-05,0.0032066437,0.0004358138,-2.24696e-05,0.0031946534,2.90785e-05,0.0025851692,0.537239,2.890473,1.437546,0.047916,0.811762,-0.064319,0.578455
1403715549.21222,-0.355172,0.750544,0.543545,-0.791809,-0.158343,-0.578208,0.116799,0.0003923,-3.072e-07,-0.0001250482,3.92e-07,1.628e-07,4.02385e-05,0.0032445468,0.0004386906,-2.16422e-05,0.0031843605,2.7481e-05,0.0025838638,0.605901,2.922725,1.430783,0.045831,0.8074,-0.059656,0.585189
1403715549.51222,-0.132497,1.08749,0.517078,-0.78204,-0.157645,-0.582622,0.155281,0.0003994361,-2.42293e-05,-0.000113326,1.8867e-06,6.9399e-06,3.2532e-05,0.0036067366,0.0004561792,-2.87154e-05,0.0031844572,1.33478e-05,0.002588873,0.971989,3.115186,1.388312,0.010206,0.797978,-0.057854,0.599817
1403715549.56223,-0.111139,1.128438,0.50901,-0.786481,-0.156575,-0.575338,0.160994,0.0003954499,-2.98194e-05,-0.0001184009,2.6526e-06,8.9948e-06,3.5829e-05,0.0036602813,0.0004471135,-3.11551e-05,0.0031808694,1.0063e-05,0.0025888412,1.024495,3.144778,1.380269,0.002909,0.802041,-0.060228,0.594218
1403715549.61223,-0.082793,1.172706,0.503432,-0.791137,-0.153631,-0.568284,0.165992,0.0003913676,-3.58325e-05,-0.0001229737,3.6891e-06,1.13257e-05,3.90165e-05,0.0037101839,0.000445097,-3.15291e-05,0.003180991,9.3744e-06,0.0025892545,1.074852,3.172434,1.372401,0.003795,-0.805802,0.06435,-0.588668
1403715549.66223,-0.054471,1.214221,0.497654,-0.796582,-0.149127,-0.560884,0.169196,0.0003864719,-4.14341e-05,-0.0001281832,4.8539e-06,1.38092e-05,4.28886e-05,0.0037641754,0.0004356962,-3.15994e-05,0.0031759159,9.1804e-06,0.002589527,1.123442,3.197638,1.364502,0.008844,-0.809873,0.070187,-0.582324
1403715549.76222,0.004966,1.288992,0.487385,-0.802173,-0.133282,-0.556126,0.171695,0.000381825,-5.132e-05,-0.0001310802,7.3149e-06,1.76842e-05,4.53656e-05,0.0038690034,0.0004101339,-3.19775e-05,0.0031639658,9.1448e-06,0.0025902651,1.217177,3.238646,1.351262,0.012486,-0.811134,0.086944,-0.578227
1403715549.81221,0.036275,1.321156,0.482587,-0.802997,-0.123069,-0.557786,0.170072,0.0003816896,-5.4837e-05,-0.0001300326,8.292e-06,1.87447e-05,4.46556e-05,0.0039083313,0.0003866835,-3.09097e-05,0.0031480688,1.08561e-05,0.0025899147,1.262613,3.25394,1.346271,0.010502,-0.809248,0.096957,-0.579317
1403715549.91219,0.084215,1.365635,0.473466,-0.80545,-0.096822,-0.560814,0.165418,0.0003799697,-6.3596e-05,-0.000128553,1.09799e-05,2.1552e-05,4.38283e-05,0.0039271943,0.0002933493,-2.28651e-05,0.003085683,1.93929e-05,0.0025884353,1.349094,3.274,1.336953,0.005263,-0.80483,0.122473,-0.580709
1403715549.96217,0.118138,1.395463,0.465406,-0.807195,-0.079494,-0.56161,0.163435,0.0003778872,-7.02748e-05,-0.0001278422,1.34e-05,2.38067e-05,4.35693e-05,0.003929844,0.0002642328,-1.96346e-05,0.0030543086,2.47691e-05,0.0025871591,1.390145,3.278273,1.33355,0.003497,-0.802033,0.139202,-0.580825
1403715550.01217,0.152896,1.416624,0.461204,-0.80978,-0.061457,-0.561031,0.160386,0.000374639,-7.64818e-05,-0.0001285299,1.59495e-05,2.62731e-05,4.44126e-05,0.0039645702,0.0002372972,-1.88053e-05,0.0030448861,2.60282e-05,0.0025869804,1.429648,3.27803,1.330588,0.000695,-0.799674,0.157235,-0.579483
1403715550.11216,0.223253,1.443927,0.453673,-0.816627,-0.028729,-0.558702,0.141942,0.0003687561,-7.94941e-05,-0.0001340525,1.74666e-05,2.89334e-05,4.90486e-05,0.0039890664,0.0001799363,-1.67817e-05,0.003025631,2.87704e-05,0.0025868323,1.501838,3.263654,1.325634,0.016315,0.797386,-0.190627,0.572342
1403715550.16215,0.260611,1.45172,0.451965,-0.81976,-0.015699,-0.558413,0.126184,0.0003679471,-7.52331e-05,-0.0001375805,1.57138e-05,2.81658e-05,5.17601e-05,0.0040009261,0.0001476425,-1.58296e-05,0.0030166232,3.03963e-05,0.0025864413,1.534854,3.248867,1.326089,0.031336,0.79684,-0.20404,0.567835
1403715550.51215,0.492194,1.346117,0.54072,-0.822851,0.070546,-0.563708,0.013136,0.0003737074,-4.01781e-05,-0.0001465818,4.6478e-06,1.57916e-05,5.78316e-05,0.0038533825,-3.50813e-05,-1.15231e-05,0.0030158373,3.54213e-05,0.0025874335,1.719919,3.036555,1.419176,0.142051,0.776539,-0.287476,0.542376
1403715550.56216,0.531351,1.325172,0.556787,0.821474,-0.084681,0.56392,0.001742,0.0003746367,-3.68931e-05,-0.0001466374,3.963e-06,1.44725e-05,5.77343e-05,0.0038124807,-4.60492e-05,-1.09836e-05,0.0030166818,3.63453e-05,0.002587692,1.741699,2.995462,1.436371,0.156434,0.771362,-0.300589,0.538684
1403715550.86218,0.75909,1.171118,0.582893,0.801964,-0.196389,0.562105,0.048195,0.0003703207,-5.73791e-05,-0.0001454677,9.2384e-06,2.25835e-05,5.75025e-05,0.0035973726,-0.000147455,-8.5105e-06,0.0030790276,3.86207e-05,0.0025888873,1.85173,2.725466,1.471446,0.201312,0.722038,-0.403271,0.524893
1403715550.96219,0.823952,1.096475,0.570552,0.792268,-0.234696,0.559983,0.060396,0.0003667752,-6.63746e-05,-0.0001456886,1.23671e-05,2.64143e-05,5.82407e-05,0.0035529486,-0.0001839959,-8.8272e-06,0.0031246484,3.77287e-05,0.0025897813,1.874878,2.623741,1.460186,0.212515,0.70225,-0.437622,0.519782
1403715551.1622,0.959717,0.910845,0.562469,0.772783,-0.292318,0.552227,0.111365,0.0003695201,-6.02997e-05,-0.0001459391,1.01882e-05,2.38588e-05,5.80163e-05,0.0033468452,-0.0001869859,-1.12545e-05,0.0031915961,3.71872e-05,0.0025915052,1.883918,2.393012,1.452357,0.258774,0.667972,-0.487191,0.499498
1403715551.21219,0.992473,0.856602,0.569396,0.766662,-0.307634,0.550169,0.122086,0.0003696208,-6.04384e-05,-0.0001458976,1.02254e-05,2.38987e-05,5.79672e-05,0.0032983416,-0.0001946174,-1.21895e-05,0.0032245868,3.6681e-05,0.002591521,1.877811,2.330295,1.458598,0.268469,0.657989,-0.500065,0.494888
1403715551.26219,1.019251,0.798122,0.578648,0.759034,-0.323459,0.549377,0.132013,0.0003702755,-6.20025e-05,-0.000144736,1.07242e-05,2.42772e-05,5.69565e-05,0.0032496501,-0.0001881818,-1.2309e-05,0.0032478722,3.64245e-05,0.0025920557,1.868616,2.265721,1.46815,0.277751,0.64635,-0.513139,0.49171
1403715551.36218,1.066897,0.673535,0.60074,0.743251,-0.358388,0.545267,0.147714,0.0003681561,-6.84859e-05,-0.0001443546,1.30766e-05,2.68925e-05,5.69875e-05,0.0031508251,-0.0001591362,-1.32265e-05,0.0032818171,3.64745e-05,0.0025933201,1.839935,2.133266,1.490369,0.291555,0.621734,-0.542347,0.484053
1403715551.61218,1.11679,0.323263,0.660034,0.699281,-0.428376,0.53265,0.209246,0.0003746094,-6.61655e-05,-0.0001389849,1.20007e-05,2.45778e-05,5.19428e-05,0.0029498939,-3.75339e-05,-1.60615e-05,0.0033328159,3.75793e-05,0.0025956604,1.703018,1.789346,1.54614,0.34699,0.559903,-0.598436,0.456055
1403715551.66218,1.117543,0.245974,0.670685,0.689871,-0.436885,0.529991,0.228736,0.000380364,-5.99043e-05,-0.0001354202,9.7483e-06,2.13527e-05,4.85892e-05,0.002925367,-1.04415e-05,-1.61913e-05,0.0033359836,3.78244e-05,0.0025968762,1.664102,1.720463,1.557863,0.36497,0.548416,-0.604151,0.44838
1403715552.01218,1.0394,-0.278792,0.744576,0.60324,-0.499611,0.518336,0.343247,0.0004121997,-4.39862e-05,-9.58029e-05,5.0192e-06,1.02296e-05,2.26409e-05,0.0028808866,0.0001912907,-1.8508e-05,0.0033108017,4.16052e-05,0.002609929,1.326781,1.292304,1.636731,0.471823,0.44729,-0.641457,0.40725
1403715552.06218,1.017152,-0.345526,0.753424,0.596568,-0.507187,0.507457,0.359661,0.0004140113,-3.63784e-05,-9.56901e-05,3.5238e-06,8.4117e-06,2.24936e-05,0.0028936811,0.0002128877,-1.87914e-05,0.003301803,4.23126e-05,0.0026125256,1.272785,1.244327,1.646329,0.484659,0.438645,-0.647024,0.392506
1403715552.11219,0.992765,-0.40906,0.760989,0.588724,-0.516894,0.498118,0.371622,0.0004144888,-3.29029e-05,-9.63216e-05,2.9404e-06,7.6474e-06,2.27629e-05,0.0029099537,0.0002320275,-1.91571e-05,0.0032927852,4.32794e-05,0.0026146595,1.218528,1.200306,1.655011,0.493728,0.428385,-0.654257,0.380356
1403715552.16219,0.964749,-0.468201,0.76704,0.581629,-0.526658,0.487365,0.383163,0.0004144778,-2.87626e-05,-9.79974e-05,2.317e-06,6.7961e-06,2.35499e-05,0.0029262212,0.0002497913,-2.06864e-05,0.0032829764,4.48336e-05,0.0026167383,1.164324,1.160221,1.662974,0.501866,0.418794,-0.661866,0.366988
1403715552.51219,0.760789,-0.784376,0.808798,0.496532,-0.587723,0.429578,0.472758,0.0004255683,-1.54182e-05,-7.8965e-05,8.834e-07,2.8361e-06,1.50123e-05,0.0030815834,0.0002986773,-2.71065e-05,0.0032414302,5.57804e-05,0.0026396108,0.816329,0.987232,1.714695,0.572164,0.319886,-0.698162,0.287881
1403715552.56219,0.731309,-0.812551,0.814331,0.480199,-0.599261,0.421841,0.482023,0.0004261628,-1.86004e-05,-7.70897e-05,1.1114e-06,3.3372e-06,1.42958e-05,0.0030949182,0.0003059653,-2.81603e-05,0.0032214887,5.91497e-05,0.0026429103,0.774828,0.978157,1.720636,0.578974,0.301033,-0.704896,0.278022
1403715552.61219,0.702828,-0.835854,0.818223,0.462252,-0.61057,0.414817,0.49138,0.0004269064,-2.28346e-05,-7.43796e-05,1.5259e-06,3.9499e-06,1.33081e-05,0.0031146916,0.0003039762,-2.87011e-05,0.003223899,6.07029e-05,0.0026477886,0.735807,0.973179,1.726375,0.586005,0.280636,-0.711044,0.268819
1403715552.7122,0.642385,-0.862214,0.820803,0.424405,-0.636426,0.399433,0.505267,0.0004259631,-3.46417e-05,-7.33341e-05,3.1106e-06,5.9304e-06,1.2967e-05,0.0031406375,0.0003054234,-3.29947e-05,0.0032182816,6.93567e-05,0.0026562163,0.666037,0.97594,1.735367,0.595091,0.237084,-0.725941,0.250349
1403715552.8122,0.58119,-0.877373,0.820795,0.386194,-0.664345,0.378684,0.515847,0.0004225365,-4.53219e-05,-7.76751e-05,5.1439e-06,8.3035e-06,1.45944e-05,0.0031459603,0.0002917572,-2.84011e-05,0.0031958348,7.34175e-05,0.002661424,0.606401,0.995219,1.741259,0.599562,0.192777,-0.742676,0.227602
1403715552.9122,0.508192,-0.884165,0.819421,0.347169,-0.693,0.3563,0.521799,0.0004165825,-5.63582e-05,-8.59579e-05,7.8882e-06,1.15953e-05,1.80153e-05,0.0031255147,0.0002899733,-2.85465e-05,0.0031627017,8.31907e-05,0.002666077,0.55635,1.031973,1.743211,0.59943,0.147284,-0.759848,0.204032
1403715552.96221,0.47262,-0.878805,0.821637,0.326516,-0.708275,0.346034,0.521531,0.0004115465,-6.38609e-05,-9.19113e-05,1.01716e-05,1.42347e-05,2.07936e-05,0.003126854,0.000277454,-2.41992e-05,0.00314565,7.67805e-05,0.0026586601,0.534903,1.056583,1.742384,0.596381,0.123595,-0.768967,0.194296
1403715553.06221,0.408597,-0.846594,0.816518,0.283833,-0.735357,0.327441,0.521029,0.0004011042,-7.84063e-05,-0.0001018027,1.55875e-05,1.98812e-05,2.60935e-05,0.003113318,0.0002593234,-2.16756e-05,0.0031338657,8.65063e-05,0.0026612348,0.496899,1.118985,1.738012,0.590766,0.075106,-0.783698,0.176576
1403715553.11224,0.367874,-0.838781,0.831696,0.262208,-0.746904,0.315998,0.522998,0.0003962422,-8.23375e-05,-0.0001055449,1.73332e-05,2.19271e-05,2.83303e-05,0.0030822301,0.0002291036,-1.78772e-05,0.0030237167,5.38303e-05,0.0026202557,0.479943,1.156954,1.734719,0.589381,0.052759,-0.788919,0.165709
1403715553.26224,0.262838,-0.738875,0.819737,0.205478,-0.764349,0.27986,0.543348,0.0003951754,-8.55282e-05,-0.0001054235,1.8731e-05,2.28201e-05,2.83351e-05,0.0030433039,0.0001940479,-1.60221e-05,0.0030058461,5.60571e-05,0.0026244473,0.435841,1.298109,1.724462,0.599045,-0.006691,-0.790771,0.125648
1403715553.31224,0.222733,-0.700926,0.81676,0.186742,-0.766261,0.26755,0.553523,0.0003974135,-8.51928e-05,-0.0001019764,1.84767e-05,2.18655e-05,2.63745e-05,0.0030225486,0.0001822859,-1.48841e-05,0.0029976073,5.74552e-05,0.0026255858,0.423577,1.354123,1.720702,0.605472,-0.025088,-0.787659,0.11124
1403715553.36223,0.184898,-0.646437,0.81537,0.168099,-0.765197,0.253288,0.567504,0.00040186,-8.28604e-05,-9.57015e-05,1.72867e-05,1.97394e-05,2.29909e-05,0.0029995366,0.000165859,-1.27035e-05,0.0029805729,5.96472e-05,0.0026262736,0.413578,1.414929,1.716961,0.614959,-0.041983,-0.781765,0.094417
1403715553.61228,0.012557,-0.336979,0.790378,0.099033,-0.751288,0.160934,0.632344,0.0004265209,-5.03796e-05,-6.43951e-05,6.1389e-06,7.61e-06,9.9096e-06,0.0029213293,0.0001520721,-3.407e-06,0.0029828575,6.33467e-05,0.0026313679,0.417764,1.767266,1.687525,0.652808,-0.104287,-0.750227,-0.011453
1403715553.66229,-0.011696,-0.262853,0.780553,0.090571,-0.751151,0.143621,0.637919,0.0004286523,-4.36223e-05,-6.29714e-05,4.6264e-06,6.4124e-06,9.4376e-06,0.0029153361,0.0001575471,-1.265e-06,0.0029889943,6.48346e-05,0.0026330169,0.432118,1.842277,1.678795,0.653612,-0.112418,-0.747852,-0.02957
1403715553.76229,-0.050114,-0.114359,0.756708,0.081431,-0.762842,0.114742,0.631091,0.0004264969,-3.13527e-05,-7.68535e-05,2.4923e-06,5.6541e-06,1.40381e-05,0.0029221267,0.0001744502,2.9125e-06,0.0030022471,6.73418e-05,0.002636462,0.475251,1.991723,1.657518,0.639516,-0.124433,-0.756594,-0.055719
1403715554.16229,-0.09377,0.503687,0.673624,0.087862,-0.844102,0.059875,0.525535,0.0003577622,-3.3874e-06,-0.0001754404,2.233e-07,1.6649e-06,8.62669e-05,0.0031632139,0.0002567667,2.11536e-05,0.0030450191,7.31653e-05,0.0026522948,0.741554,2.55095,1.57763,0.523332,-0.13945,-0.836751,-0.080795
1403715554.31228,-0.124042,0.721534,0.652524,0.096133,-0.861248,0.052504,0.496239,0.0003324028,1.9847e-06,-0.0001927662,2.047e-07,-1.1489e-06,0.0001120456,0.0033356576,0.0002958422,2.58803e-05,0.0030702656,7.16928e-05,0.0026566512,0.818889,2.752104,1.554782,0.49308,-0.135787,-0.855604,-0.079862
1403715554.36228,-0.143157,0.791713,0.646645,0.105658,-0.862056,0.043148,0.493796,0.0003291852,1.15303e-05,-0.0001943466,5.978e-07,-6.8094e-06,0.0001150001,0.003405316,0.0003135481,2.80516e-05,0.0030802373,6.9297e-05,0.0026563108,0.835634,2.819968,1.546663,0.488189,-0.126754,-0.858978,-0.088112
1403715554.46227,-0.189712,0.918188,0.641032,0.146135,-0.846274,0.008595,0.512242,0.0003363858,5.22967e-05,-0.000183462,8.3284e-06,-2.85352e-05,0.000100302,0.0035330431,0.0003593459,3.24359e-05,0.0031111604,6.86361e-05,0.0026564739,0.853758,2.952942,1.527864,0.496814,-0.083656,-0.854596,-0.125938
1403715554.51227,-0.20958,0.973208,0.636437,0.17427,-0.830495,-0.013752,0.528885,0.0003396572,8.04185e-05,-0.0001708077,1.92427e-05,-4.04562e-05,8.61156e-05,0.0035861196,0.0003846068,3.28861e-05,0.003128618,6.94957e-05,0.0026517786,0.856132,3.015225,1.515536,0.506952,-0.052683,-0.84685,-0.151948
1403715554.76225,-0.338506,1.107665,0.536364,0.272958,-0.752006,-0.105616,0.590615,0.000307708,0.000177953,-0.000103329,0.0001031668,-5.97908e-05,3.4899e-05,0.003793518,0.0004841305,4.43926e-05,0.0032135358,7.18245e-05,0.002658695,0.827934,3.208802,1.417908,0.542505,0.063159,-0.797215,-0.257198
1403715554.91225,-0.355685,1.047136,0.476949,0.278691,-0.729719,-0.10902,0.614781,0.0003122735,0.0001869356,-8.19744e-05,0.0001121703,-4.91015e-05,2.17159e-05,0.0037402683,0.0004829011,5.20012e-05,0.0032590033,7.46419e-05,0.0026662387,0.792435,3.165631,1.362887,0.564808,0.074654,-0.77719,-0.267199
1403715555.01223,-0.32487,0.935341,0.463678,0.253952,-0.731486,-0.079259,0.627818,0.0003443107,0.0001700455,-7.78568e-05,8.42158e-05,-3.84783e-05,1.77966e-05,0.0036348273,0.0004410276,5.48732e-05,0.0032261172,7.72397e-05,0.0026691105,0.769011,3.046744,1.356182,0.585014,0.050203,-0.772298,-0.242499
1403715555.36221,-0.040896,0.323182,0.510376,0.060724,-0.82582,0.161017,0.537036,0.0003672012,-8.15182e-05,-0.0001502568,1.82972e-05,3.33561e-05,6.16919e-05,0.0032489569,0.0002927028,6.00599e-05,0.0031155225,8.07691e-05,0.0026779194,0.721988,2.34027,1.407,0.560626,-0.160862,-0.812185,0.013561
1403715555.4122,-0.005346,0.231756,0.515237,0.049852,-0.827191,0.17447,0.531818,0.0003599131,-9.47683e-05,-0.0001494466,2.51523e-05,3.93531e-05,6.22655e-05,0.0032326741,0.0002709876,6.57293e-05,0.0030987857,8.50627e-05,0.0026777956,0.716172,2.242529,1.407716,0.559079,-0.171951,-0.810607,0.027941
1403715555.4622,0.02959,0.150404,0.51998,0.048391,-0.824398,0.174949,0.536115,0.0003629657,-9.55485e-05,-0.000146306,2.53538e-05,3.85164e-05,5.91857e-05,0.0032228801,0.0002651985,6.9665e-05,0.0031038503,8.65321e-05,0.0026812152,0.710769,2.152648,1.411657,0.563268,-0.17275,-0.807549,0.027401
1403715555.9122,0.264441,-0.315437,0.713606,0.078452,-0.822566,0.158316,0.540524,0.0003749642,-7.21846e-05,-0.000149672,1.41108e-05,2.88137e-05,5.99834e-05,0.0033881819,0.0002993198,0.0001177907,0.0032014899,0.0001011325,0.0027228661,0.701746,1.611939,1.589803,0.562953,-0.143212,-0.813926,0.010012
1403715555.9622,0.280985,-0.345816,0.747644,0.078093,-0.824599,0.162476,0.536227,0.0003716124,-7.53414e-05,-0.0001516468,1.54925e-05,3.07471e-05,6.21285e-05,0.003419262,0.0003087881,0.0001250063,0.0032200818,0.0001032405,0.0027293482,0.703148,1.576212,1.622688,0.559891,-0.14409,-0.815801,0.015172
1403715556.0122,0.294296,-0.372533,0.780259,0.075284,-0.827128,0.169242,0.530612,0.000366504,-8.12541e-05,-0.0001536607,1.82358e-05,3.40709e-05,6.46741e-05,0.0034568443,0.0003199465,0.0001326823,0.0032394428,0.000105701,0.0027362477,0.704479,1.545302,1.654312,0.556292,-0.147415,-0.817481,0.0231
1403715556.06221,0.304473,-0.406027,0.801259,0.069233,-0.830406,0.179175,0.523,0.0003586577,-9.04509e-05,-0.0001556467,2.30355e-05,3.92612e-05,6.78018e-05,0.0034766031,0.0003150571,0.0001319748,0.0032311338,8.91847e-05,0.0027272807,0.705297,1.519435,1.683618,0.551585,-0.153819,-0.819073,0.034864
1403715556.11221,0.317572,-0.430564,0.823046,0.065377,-0.831787,0.185774,0.518984,0.0003541114,-9.6263e-05,-0.0001561084,2.63974e-05,4.24475e-05,6.90796e-05,0.0035129944,0.0003280438,0.0001445597,0.0032399121,8.6979e-05,0.0027285842,0.705847,1.499071,1.710827,0.549402,-0.157703,-0.819436,0.042562
1403715556.16221,0.324729,-0.444583,0.848864,0.063772,-0.829982,0.188808,0.520974,0.0003552055,-9.86966e-05,-0.0001538252,2.76559e-05,4.2753e-05,6.68763e-05,0.0035429322,0.0003408169,0.0001528092,0.0032587014,8.77964e-05,0.002734875,0.706195,1.484849,1.736428,0.552071,-0.158764,-0.817303,0.04503
1403715556.31221,0.387192,-0.435813,0.934646,0.066894,-0.819655,0.187695,0.537085,0.0003685731,-9.6059e-05,-0.0001433927,2.52595e-05,3.73958e-05,5.60272e-05,0.0032109657,0.0002709552,0.0001140792,0.0032597072,7.11386e-05,0.0027441292,0.706234,1.480445,1.811547,0.567176,-0.15264,-0.808326,0.040273
1403715556.41221,0.382572,-0.417481,0.987311,0.075682,-0.815827,0.183068,0.543309,0.0003760769,-8.89258e-05,-0.0001406289,2.12551e-05,3.32748e-05,5.2831e-05,0.003228688,0.0002900821,0.0001264044,0.0033031727,7.16994e-05,0.0027577036,0.70792,1.506775,1.858041,0.572023,-0.143513,-0.806872,0.033949
1403715556.46221,0.37328,-0.402439,1.007188,0.083659,-0.814926,0.175998,0.545822,0.0003802232,-8.07278e-05,-0.0001412455,1.73676e-05,3.00087e-05,5.27172e-05,0.0032341651,0.0002868838,0.000132561,0.0033032014,7.11551e-05,0.002765314,0.709634,1.527142,1.877824,0.572656,-0.135654,-0.808061,0.026503
1403715556.51227,0.371499,-0.367542,0.996504,0.096251,-0.814829,0.162799,0.547984,0.0003841843,-6.606e-05,-0.0001436351,1.1569e-05,2.47106e-05,5.39307e-05,0.0030455754,0.0001442834,3.478e-05,0.0029888218,4.1077e-05,0.0026655875,0.711856,1.551633,1.894031,0.571245,-0.123612,-0.811317,0.012952
1403715556.61226,0.352015,-0.318229,1.017631,0.119855,-0.814744,0.137829,0.5503,0.0003888132,-3.85294e-05,-0.0001485868,4.0296e-06,1.47321e-05,5.70195e-05,0.0030283235,0.0001350501,3.34792e-05,0.0029770849,4.38023e-05,0.0026635868,0.716285,1.608727,1.914275,0.566985,-0.100925,-0.817437,-0.01192
1403715556.66225,0.338531,-0.291856,1.021728,0.128505,-0.81653,0.129139,0.547803,0.0003872508,-2.90372e-05,-0.0001525122,2.3906e-06,1.14424e-05,6.03048e-05,0.0030201318,0.0001321031,3.1839e-05,0.0029715206,4.55491e-05,0.0026620539,0.71889,1.640002,1.918343,0.562355,-0.093006,-0.821413,-0.01972
1403715556.71223,0.324992,-0.254829,1.016375,0.136161,-0.819232,0.123085,0.543295,0.0003770119,-2.17433e-05,-0.0001546222,1.463e-06,8.9242e-06,6.3654e-05,0.0029688975,0.0001240695,2.09338e-05,0.0029583781,4.82778e-05,0.0026566883,0.721204,1.67251,1.918096,0.556325,-0.087013,-0.826021,-0.024941
1403715557.06226,0.192094,-0.059255,0.973837,0.165478,-0.822356,0.094747,0.53607,0.0003672843,8.6761e-06,-0.0001634889,4.322e-07,-3.8615e-06,7.30401e-05,0.0029592282,0.0001073654,2.07844e-05,0.0029308598,5.07342e-05,0.0026570821,0.700952,1.905682,1.874023,0.542026,-0.059214,-0.836768,-0.050226
1403715557.11225,0.169437,-0.040115,0.965361,0.163306,-0.828111,0.097283,0.527352,0.0003599098,4.4489e-06,-0.0001685427,2.821e-07,-2.0818e-06,7.91973e-05,0.002955912,0.0001049195,1.93664e-05,0.0029246945,5.08364e-05,0.0026562726,0.692065,1.935848,1.865798,0.534301,-0.062575,-0.841757,-0.045315
1403715557.66224,-0.27404,0.105383,0.91099,0.155082,-0.823761,0.093291,0.537274,0.0003680715,5.2035e-06,-0.0001626187,3.381e-07,-2.2963e-06,7.2157e-05,0.0029732089,0.0001463368,1.33312e-05,0.002974485,5.64218e-05,0.0026585593,0.381967,2.282147,1.80212,0.542874,-0.069309,-0.835368,-0.051436
1403715557.76221,-0.383412,0.114316,0.895797,0.155729,-0.815551,0.08758,0.550414,0.0003767349,1.17241e-05,-0.0001537496,6.298e-07,-4.7826e-06,6.30401e-05,0.0029716946,0.0001588745,1.17662e-05,0.0030124399,5.55992e-05,0.0026556173,0.290007,2.345716,1.790356,0.554027,-0.066349,-0.82764,-0.060538
1403715558.01221,-0.665611,0.116482,0.897369,0.137616,-0.817009,0.090752,0.552559,0.0003791299,1.4829e-06,-0.0001518181,2.815e-07,-5.887e-07,6.10963e-05,0.0029692994,0.0001888778,9.2087e-06,0.0031577576,5.68132e-05,0.0026554456,0.046075,2.485845,1.793788,0.556963,-0.084362,-0.824196,-0.058102
1403715558.06221,-0.723037,0.113237,0.906177,0.135649,-0.817197,0.08972,0.552937,0.0003790562,1.2865e-06,-0.0001515442,2.803e-07,-5.088e-07,6.08888e-05,0.0029668299,0.0001931913,8.7133e-06,0.0031940296,5.68494e-05,0.0026551053,-0.004463,2.511578,1.803521,0.557038,-0.086548,-0.823831,-0.059346
1403715558.11221,-0.780814,0.10956,0.918117,0.133429,-0.818505,0.08917,0.551629,0.0003778712,3.913e-07,-0.000152512,2.774e-07,-1.517e-07,6.18595e-05,0.0029644477,0.0001971201,8.1499e-06,0.0032344921,5.69802e-05,0.0026550284,-0.055802,2.53683,1.815812,0.555641,-0.08922,-0.824467,-0.059637
1403715558.16221,-0.839298,0.10498,0.932695,0.132283,-0.819649,0.088084,0.550379,0.0003766565,3.757e-07,-0.000153504,2.788e-07,-1.464e-07,6.28663e-05,0.0029620458,0.0002006007,7.5869e-06,0.0032783173,5.71544e-05,0.0026550646,-0.108167,2.561551,1.830633,0.554145,-0.090832,-0.825237,-0.060462
1403715558.41221,-1.133789,0.070855,1.00614,0.143464,-0.810734,0.064259,0.563914,0.0003826637,2.34688e-05,-0.0001453619,1.7351e-06,-8.9143e-06,5.55379e-05,0.0029538071,0.0002110036,4.9017e-06,0.0035472434,5.88214e-05,0.0026570978,-0.381055,2.67635,1.905429,0.560835,-0.077742,-0.819662,-0.087038
1403715558.51221,-1.250985,0.045753,1.028289,0.137338,-0.797931,0.073528,0.582269,0.0003960668,1.76077e-05,-0.0001292304,1.084e-06,-5.7419e-06,4.24798e-05,0.0029477642,0.0002051739,3.9543e-06,0.0036743046,5.95656e-05,0.0026579207,-0.494447,2.712135,1.928763,0.580973,-0.080269,-0.805685,-0.083076
1403715558.5622,-1.307612,0.032219,1.034979,0.133388,-0.791106,0.079611,0.591626,0.0004026011,1.32289e-05,-0.0001202767,7.383e-07,-3.9477e-06,3.62437e-05,0.002945371,0.0002011273,3.4483e-06,0.0037409206,5.98149e-05,0.0026581739,-0.549601,2.727764,1.936446,0.591631,-0.082246,-0.798033,-0.079712
1403715558.61221,-1.362641,0.018453,1.038503,0.130142,-0.78487,0.084439,0.599927,0.0004079035,9.8137e-06,-0.0001120395,5.421e-07,-2.6904e-06,3.10833e-05,0.0029431516,0.0001962696,2.9955e-06,0.0038076773,6.00909e-05,0.0026583799,-0.603172,2.742393,1.941424,0.600944,-0.083741,-0.791127,-0.077277
1403715558.66221,-1.41537,0.005044,1.037527,0.127107,-0.782071,0.088535,0.603631,0.0004103156,6.1726e-06,-0.0001079963,4.012e-07,-1.6189e-06,2.87344e-05,0.0029409411,0.0001906558,2.6352e-06,0.0038747179,6.04317e-05,0.0026584963,-0.654844,2.756272,1.942279,0.605646,-0.085923,-0.787584,-0.074312
1403715558.8122,-1.56157,-0.038469,1.023157,0.133397,-0.777521,0.094904,0.607173,0.00041265,5.9812e-06,-0.0001036637,4.042e-07,-1.497e-06,2.63568e-05,0.0029362805,0.0001692448,1.3463e-06,0.0040662217,6.142e-05,0.0026593507,-0.796822,2.79029,1.931332,0.6108,-0.079161,-0.784741,-0.069556
1403715558.91219,-1.645695,-0.0673,1.014767,0.150542,-0.774503,0.095871,0.60687,0.0004120499,1.43608e-05,-0.0001037644,8.234e-07,-3.6131e-06,2.64491e-05,0.0029331368,0.0001502269,4.928e-07,0.0041909954,6.20955e-05,0.0026588445,-0.879629,2.806174,1.924363,0.610809,-0.062059,-0.786348,-0.0687
1403715558.96219,-1.683321,-0.081654,1.012532,0.160532,-0.771837,0.097571,0.607435,0.0004119867,1.86802e-05,-0.0001029114,1.1718e-06,-4.6641e-06,2.60259e-05,0.0029308425,0.0001392484,4.42e-08,0.0042492006,6.237e-05,0.0026579571,-0.916968,2.811786,1.921977,0.611807,-0.051817,-0.786432,-0.067332
1403715559.01219,-1.717404,-0.09585,1.011882,0.172086,-0.769102,0.098278,0.607627,0.0004114272,2.44093e-05,-0.000102535,1.7753e-06,-6.0827e-06,2.5874e-05,0.0029290502,0.0001281662,-2.562e-07,0.0043007631,6.26801e-05,0.0026568836,-0.951204,2.815571,1.92053,0.612196,-0.040039,-0.786863,-0.06678
1403715559.16218,-1.792906,-0.139543,1.010949,0.202666,-0.76135,0.115921,0.604842,0.0004111733,2.89272e-05,-0.0001021983,2.3727e-06,-7.1921e-06,2.57313e-05,0.0029302449,9.27337e-05,-1.4252e-06,0.0044210474,6.29977e-05,0.0026567733,-1.036324,2.81241,1.920766,0.614228,-0.008442,-0.787557,-0.049069
1403715559.21218,-1.812255,-0.155123,1.015945,0.213657,-0.757782,0.122894,0.604165,0.0004111609,3.03195e-05,-0.0001014509,2.5747e-06,-7.4836e-06,2.5362e-05,0.0029274263,7.91918e-05,-1.9606e-06,0.0044492612,6.29583e-05,0.0026551378,-1.059051,2.806885,1.922256,0.61544,0.003116,-0.787052,-0.042146
1403715559.26218,-1.827128,-0.170505,1.019505,0.225029,-0.754012,0.12935,0.603404,0.0004110338,3.22615e-05,-0.0001008403,2.8733e-06,-7.9178e-06,2.50704e-05,0.0029259351,6.47167e-05,-2.4944e-06,0.00447417,6.28292e-05,0.0026540169,-1.079101,2.799285,1.923765,0.616435,0.015171,-0.786453,-0.035659
1403715559.41218,-1.848943,-0.219408,1.022434,0.262252,-0.745294,0.146309,0.595276,0.0004076128,3.95571e-05,-0.0001047329,4.1904e-06,-1.01701e-05,2.72508e-05,0.0029275747,2.242e-05,-3.4092e-06,0.0045101611,6.2889e-05,0.002652866,-1.121482,2.764693,1.925619,0.613171,0.053618,-0.787947,-0.016994
1403715559.46217,-1.850114,-0.237242,1.023542,0.275149,-0.746163,0.149132,0.587616,0.0004031835,4.21159e-05,-0.0001110474,4.7524e-06,-1.16068e-05,3.09283e-05,0.0029266762,7.6581e-06,-3.6408e-06,0.004507786,6.28861e-05,0.0026514807,-1.130217,2.749665,1.924319,0.606555,0.065775,-0.792223,-0.012225
1403715559.51217,-1.848077,-0.254327,1.020092,0.283817,-0.750379,0.154795,0.576556,0.000398159,3.9453e-05,-0.0001196311,4.2638e-06,-1.18615e-05,3.62929e-05,0.0029268788,-9.1602e-06,-4.0059e-06,0.0045029743,6.26705e-05,0.0026505648,-1.137114,2.732623,1.92013,0.597409,0.073197,-0.798582,-0.003781
1403715559.56217,-1.844166,-0.272609,1.013107,0.288981,-0.755223,0.163308,0.565207,0.0003938307,3.30249e-05,-0.0001274513,3.1248e-06,-1.06943e-05,4.15998e-05,0.0029274892,-2.48967e-05,-4.2918e-06,0.0044928801,6.24087e-05,0.0026497697,-1.142205,2.713879,1.912511,0.588725,0.076978,-0.804627,0.007466
1403715559.61217,-1.837839,-0.290344,1.003368,0.292316,-0.759156,0.172071,0.55554,0.0003903541,2.60812e-05,-0.0001333892,2.0988e-06,-8.9179e-06,4.59398e-05,0.0029286265,-4.12105e-05,-4.6607e-06,0.0044810459,6.18963e-05,0.0026488181,-1.146013,2.693926,1.901791,0.581703,0.079316,-0.809312,0.018581
1403715559.81215,-1.804276,-0.371467,0.939719,0.317955,-0.756467,0.184806,0.540841,0.0003836674,2.62174e-05,-0.0001417591,2.1595e-06,-9.6951e-06,5.27525e-05,0.0029427037,-0.0001062182,-4.9073e-06,0.0044290859,6.18352e-05,0.0026473683,-1.157462,2.603529,1.83889,0.570815,0.104985,-0.813591,0.034916
1403715559.86214,-1.791576,-0.392665,0.921781,0.325875,-0.753928,0.188039,0.538553,0.0003825975,2.7448e-05,-0.0001425209,2.3372e-06,-1.02339e-05,5.3464e-05,0.0029457802,-0.0001228079,-4.8508e-06,0.0044026649,6.16668e-05,0.0026463859,-1.159367,2.577397,1.821947,0.569438,0.113542,-0.813233,0.038749
1403715559.96213,-1.764004,-0.438298,0.888359,0.346709,-0.746001,0.19196,0.535189,0.0003799294,3.4397e-05,-0.0001436717,3.4844e-06,-1.30212e-05,5.47049e-05,0.002955731,-0.0001608145,-5.2192e-06,0.0043546378,6.12093e-05,0.0026451777,-1.16222,2.519723,1.788729,0.567173,0.136327,-0.81106,0.043742
1403715560.01212,-1.748563,-0.464309,0.872078,0.358209,-0.741443,0.193895,0.533247,0.0003781751,3.82481e-05,-0.0001443413,4.2391e-06,-1.46148e-05,5.54672e-05,0.0029607494,-0.0001778588,-5.548e-06,0.0043227673,6.07739e-05,0.0026444451,-1.163152,2.487556,1.772616,0.565786,0.148898,-0.809676,0.046282
1403715560.16211,-1.694019,-0.556725,0.832113,0.388028,-0.729162,0.209891,0.523166,0.0003749257,4.029e-05,-0.000147003,4.7068e-06,-1.58181e-05,5.80209e-05,0.0029898767,-0.0002439619,-6.5014e-06,0.0042322914,6.00651e-05,0.0026432999,-1.163235,2.37524,1.733224,0.56026,0.181402,-0.805623,0.064618
1403715560.21211,-1.672519,-0.59322,0.824574,0.394465,-0.727044,0.220693,0.516817,0.0003745628,3.49179e-05,-0.0001484362,3.628e-06,-1.38568e-05,5.92079e-05,0.0030009974,-0.0002657749,-7.075e-06,0.0041938447,5.9234e-05,0.0026425025,-1.162176,2.332141,1.725836,0.556976,0.188201,-0.805275,0.076767
1403715560.36211,-1.600637,-0.713858,0.818852,0.412492,-0.719094,0.254294,0.498085,0.0003748849,1.80568e-05,-0.0001509013,1.2425e-06,-7.2834e-06,6.11335e-05,0.0030532583,-0.0003388205,-8.1779e-06,0.0040850798,5.79456e-05,0.0026412314,-1.158589,2.190329,1.721639,0.547738,0.207669,-0.802379,0.114225
1403715560.4121,-1.578247,-0.760037,0.819917,0.419895,-0.714655,0.263937,0.493248,0.0003750273,1.47524e-05,-0.0001505623,9.426e-07,-5.9363e-06,6.08344e-05,0.0030743046,-0.00036476,-8.8862e-06,0.0040422188,5.61765e-05,0.002639953,-1.15775,2.140502,1.723346,0.545756,0.2156,-0.800074,0.124698
1403715560.51209,-1.528243,-0.848004,0.822656,0.436621,-0.705225,0.278593,0.484155,0.0003742699,1.19483e-05,-0.0001511653,7.321e-07,-4.839e-06,6.14428e-05,0.0031252678,-0.000416207,-9.6156e-06,0.0039713244,5.43526e-05,0.0026384201,-1.157149,2.038231,1.725853,0.540908,0.233877,-0.79551,0.14102
1403715560.56209,-1.502811,-0.892311,0.823029,0.444157,-0.700283,0.286508,0.479835,0.000374513,9.9856e-06,-0.00015095,6.124e-07,-4.0367e-06,6.12294e-05,0.0031531813,-0.0004393167,-9.8922e-06,0.0039334409,5.36069e-05,0.0026377699,-1.157181,1.986121,1.72632,0.538832,0.242407,-0.792758,0.149785
1403715560.91209,-1.325004,-1.226676,0.834946,0.516192,-0.648099,0.325833,0.455354,0.0003750443,1.93526e-05,-0.000150209,1.3565e-06,-7.7653e-06,6.05713e-05,0.0034233848,-0.0005853212,-1.24931e-05,0.0037041709,5.27202e-05,0.002636574,-1.163173,1.597417,1.737968,0.525523,0.325959,-0.761446,0.194367
1403715560.96209,-1.295911,-1.277142,0.837168,0.527707,-0.638763,0.331127,0.45151,0.0003748621,2.16742e-05,-0.0001501806,1.6086e-06,-8.6974e-06,6.05772e-05,0.0034689756,-0.0005993796,-1.28722e-05,0.0036687124,5.24982e-05,0.0026363832,-1.163382,1.537878,1.74008,0.523148,0.339597,-0.755502,0.200525
1403715561.21209,-1.139869,-1.544045,0.844572,0.574881,-0.598342,0.372047,0.416028,0.0003747569,1.34813e-05,-0.0001518427,8.475e-07,-5.4688e-06,6.19452e-05,0.0037624037,-0.0006607136,-1.52602e-05,0.0034969716,5.16625e-05,0.0026363419,-1.155049,1.22537,1.748487,0.499696,0.395762,-0.729005,0.249459
1403715561.26208,-1.106544,-1.599091,0.845778,0.578236,-0.594419,0.383599,0.4064,0.0003757828,5.7904e-06,-0.0001513891,4.516e-07,-2.3352e-06,6.14097e-05,0.003831221,-0.0006678085,-1.58068e-05,0.0034622714,5.13655e-05,0.0026362042,-1.152165,1.160602,1.749832,0.493447,0.400087,-0.726074,0.263174
1403715561.31208,-1.073159,-1.653597,0.846706,0.57997,-0.592313,0.395209,0.39574,0.0003762046,-3.5479e-06,-0.0001511204,3.921e-07,1.4274e-06,6.11243e-05,0.0039025901,-0.0006742042,-1.63617e-05,0.0034295355,5.08528e-05,0.0026359477,-1.1495,1.095701,1.750461,0.486196,0.402325,-0.724497,0.277229
1403715561.56209,-0.91499,-1.926968,0.849971,0.600847,-0.563393,0.428367,0.371582,0.0003815894,-1.44949e-05,-0.0001452857,8.869e-07,5.5367e-06,5.57259e-05,0.0043006719,-0.0006952819,-1.71416e-05,0.0032911268,5.10252e-05,0.0026365834,-1.149364,0.773298,1.755236,0.471457,0.430158,-0.702195,0.315621
1403715561.6121,-0.883884,-1.982378,0.854927,0.608456,-0.552741,0.430338,0.372918,0.0003836588,-8.7163e-06,-0.000143392,5.217e-07,3.2791e-06,5.39773e-05,0.0043761984,-0.000690423,-1.68311e-05,0.0032633927,4.95248e-05,0.0026350498,-1.152307,0.710203,1.757477,0.473385,0.439963,-0.694199,0.316904
1403715561.7621,-0.802604,-2.148502,0.864066,0.627431,-0.518805,0.440725,0.378066,0.0003916532,7.4448e-06,-0.0001341279,4.507e-07,-2.5316e-06,4.63006e-05,0.0046535258,-0.0006843818,-1.78189e-05,0.0031981634,4.91534e-05,0.0026355356,-1.16113,0.52199,1.764511,0.481309,0.4671,-0.666497,0.325488
1403715561.8121,-0.773639,-2.201946,0.867365,0.631842,-0.507711,0.44797,0.377263,0.0003948232,9.3826e-06,-0.0001299506,5.318e-07,-3.0694e-06,4.31274e-05,0.0047466712,-0.0006818415,-1.79765e-05,0.0031809134,4.90087e-05,0.0026355775,-1.162336,0.46064,1.767383,0.482477,0.474244,-0.657004,0.332651
1403715561.9121,-0.713816,-2.307005,0.875834,0.641647,-0.484858,0.462638,0.373051,0.0004002175,1.28812e-05,-0.0001222958,7.222e-07,-3.9178e-06,3.77109e-05,0.004934111,-0.0006636053,-1.82994e-05,0.0031419046,4.88168e-05,0.0026359499,-1.160743,0.341163,1.774061,0.482314,0.489782,-0.637479,0.348007
1403715561.9621,-0.683749,-2.354893,0.880482,0.645245,-0.472022,0.47156,0.372136,0.0004039095,1.50584e-05,-0.0001165277,8.639e-07,-4.3265e-06,3.39478e-05,0.0050311657,-0.000651347,-1.83816e-05,0.0031220059,4.87401e-05,0.002636081,-1.157744,0.283249,1.778536,0.483812,0.496615,-0.626084,0.356821
1403715562.0121,-0.651792,-2.402856,0.885337,0.647817,-0.459636,0.481255,0.370759,0.0004077871,1.63283e-05,-0.0001101373,9.566e-07,-4.3923e-06,3.00694e-05,0.0051189786,-0.0006367884,-1.85521e-05,0.0031046366,4.86394e-05,0.0026363374,-1.153216,0.227535,1.78339,0.485042,0.502352,-0.614814,0.366583
1403715562.11209,-0.594723,-2.492381,0.897885,0.649983,-0.438069,0.498564,0.370205,0.0004147358,1.93647e-05,-9.6775e-05,1.1992e-06,-4.496e-06,2.28924e-05,0.0052869621,-0.000600493,-1.94407e-05,0.0030704175,4.86117e-05,0.0026364929,-1.139848,0.124639,1.794481,0.489205,0.510308,-0.594195,0.383664
1403715562.16209,-0.564816,-2.530708,0.904061,0.650528,-0.428827,0.504863,0.371529,0.0004172772,2.18756e-05,-9.10576e-05,1.4405e-06,-4.7499e-06,2.01777e-05,0.0053759333,-0.0005878526,-1.97347e-05,0.0030588972,4.86825e-05,0.002636782,-1.130969,0.077985,1.800513,0.492193,0.513258,-0.585385,0.389406
1403715562.3121,-0.480127,-2.614495,0.915697,0.661083,-0.409512,0.503483,0.376529,0.0004158851,3.67969e-05,-8.90683e-05,3.5339e-06,-7.8605e-06,1.93748e-05,0.0055595667,-0.0005167565,-2.07849e-05,0.0030141997,4.86502e-05,0.0026373231,-1.092999,-0.039465,1.816652,0.496927,0.528209,-0.569918,0.386333
1403715562.36211,-0.449925,-2.634167,0.91792,0.667912,-0.407365,0.496107,0.376597,0.0004120239,4.22614e-05,-9.48449e-05,4.6088e-06,-9.7094e-06,2.21281e-05,0.0055964393,-0.0004938118,-2.09264e-05,0.0030032833,4.86939e-05,0.0026373818,-1.075669,-0.071057,1.820883,0.495068,0.535299,-0.569765,0.379119
1403715562.51211,-0.352302,-2.670041,0.923488,0.693291,-0.404041,0.467029,0.37146,0.000393822,5.74008e-05,-0.0001191783,8.6352e-06,-1.73624e-05,3.63631e-05,0.0056760967,-0.0003943361,-2.11121e-05,0.0029650601,4.78495e-05,0.0026376492,-1.004539,-0.150668,1.830479,0.482663,0.560373,-0.573595,0.352148
1403715562.61213,-0.271383,-2.678657,0.930504,0.704806,-0.390472,0.461993,0.370597,0.0003876135,6.66551e-05,-0.0001226578,1.1717e-05,-2.10958e-05,3.91008e-05,0.0056925898,-0.0003072855,-2.09735e-05,0.0029336097,4.59143e-05,0.0026368169,-0.938,-0.19753,1.838886,0.480842,0.574501,-0.564236,0.346956
1403715562.81214,-0.080832,-2.66364,0.93967,0.710683,-0.402517,0.481674,0.317648,0.000387517,2.62883e-05,-0.0001374204,2.0356e-06,-9.3202e-06,4.90261e-05,0.0056653716,-9.74879e-05,-2.08066e-05,0.0028963003,4.4579e-05,0.0026375142,-0.761782,-0.281354,1.850443,0.435204,0.5768,-0.577633,0.37979
1403715563.01215,0.13218,-2.63377,0.946554,0.717566,-0.396964,0.50294,0.273075,0.0003863107,-3.0639e-06,-0.0001416038,2.808e-07,1.13e-06,5.22055e-05,0.0055909217,0.0001270948,-2.097e-05,0.0028916107,4.37778e-05,0.00263806,-0.559933,-0.357144,1.859579,0.397888,0.584892,-0.574179,0.412198
1403715563.06216,0.186594,-2.626772,0.948323,0.719954,-0.389096,0.509191,0.266448,0.0003879426,-5.1379e-06,-0.0001396481,3.244e-07,1.8558e-06,5.05684e-05,0.005579994,0.0001883291,-2.0986e-05,0.0028957528,4.34115e-05,0.0026378449,-0.509174,-0.375387,1.861488,0.393103,0.589309,-0.567215,0.420063
1403715563.36217,0.500415,-2.562634,0.964565,0.739866,-0.292464,0.559566,0.232269,0.0004077676,7.0769e-06,-0.0001121849,3.858e-07,-1.9463e-06,3.11565e-05,0.0054547341,0.0005132538,-2.17693e-05,0.0029742142,4.23479e-05,0.0026397474,-0.20301,-0.469881,1.874485,0.373579,0.634539,-0.479173,0.477701
1403715563.41217,0.54964,-2.545644,0.966776,0.745251,-0.272582,0.567002,0.220927,0.0004092734,8.7091e-06,-0.0001096793,4.491e-07,-2.3337e-06,2.96846e-05,0.005423807,0.0005615184,-2.21604e-05,0.0029948593,4.2606e-05,0.0026402401,-0.151918,-0.478887,1.87581,0.36465,0.645055,-0.461455,0.487853
1403715563.51217,0.64446,-2.509016,0.966967,0.757869,-0.231107,0.576232,0.200453,0.0004098824,1.60935e-05,-0.0001081618,8.982e-07,-4.2479e-06,2.88356e-05,0.0053505744,0.0006507593,-2.2182e-05,0.0030406452,4.22761e-05,0.0026408348,-0.050661,-0.490994,1.874856,0.347414,0.668358,-0.424789,0.502158
1403715563.66218,0.770689,-2.43785,0.948477,0.770488,-0.171218,0.589065,0.173305,0.0004109559,2.80258e-05,-0.0001043099,2.182e-06,-7.1167e-06,2.67675e-05,0.0052151728,0.0007620714,-2.22824e-05,0.0031174527,4.20299e-05,0.0026415477,0.097951,-0.489223,1.852192,0.324591,0.696773,-0.370096,0.521711
1403715563.76218,0.843552,-2.378056,0.922354,0.774283,-0.133932,0.59823,0.157063,0.0004122908,3.55454e-05,-9.98631e-05,3.3371e-06,-8.6151e-06,2.44779e-05,0.0051040767,0.0008132641,-2.31676e-05,0.0031671587,4.29449e-05,0.0026427502,0.194331,-0.473546,1.824178,0.311323,0.710541,-0.335015,0.534771
1403715564.01218,1.001308,-2.195479,0.814421,0.780217,-0.06887,0.618092,0.06694,0.0004173222,8.4887e-06,-9.71103e-05,4.497e-07,-1.976e-06,2.28926e-05,0.0047798173,0.0008801137,-2.58045e-05,0.0032921213,4.5232e-05,0.0026472547,0.424345,-0.378975,1.709078,0.229809,0.733751,-0.273779,0.577796
1403715564.06218,1.023728,-2.153885,0.788254,0.78295,-0.057491,0.617879,0.04371,0.0004164323,-9.097e-07,-9.94821e-05,2.803e-07,2.179e-07,2.40622e-05,0.0047154033,0.000882437,-2.65833e-05,0.0033136174,4.59e-05,0.0026485549,0.465432,-0.351485,1.68133,0.207351,0.739462,-0.26352,0.583752
1403715564.11218,1.042981,-2.112058,0.762459,0.784915,-0.044905,0.617578,0.022127,0.0004156137,-8.6641e-06,-0.0001009408,4.604e-07,2.1061e-06,2.48143e-05,0.0046500607,0.0008799562,-2.73145e-05,0.0033326537,4.66292e-05,0.002650008,0.503496,-0.3219,1.653899,0.186439,0.744737,-0.251908,0.589199
1403715564.16218,1.05747,-2.069115,0.738707,0.785565,-0.031368,0.61798,0.001834,0.0004153303,-1.51392e-05,-0.0001009523,8.287e-07,3.6841e-06,2.48374e-05,0.0045862627,0.0008761276,-2.70374e-05,0.0033472311,4.55955e-05,0.0026503304,0.538508,-0.290825,1.627559,0.166948,0.749032,-0.239027,0.594938
1403715564.36218,1.098577,-1.910871,0.656085,-0.788781,-0.041635,-0.610079,0.062407,0.0004127867,-2.02276e-05,-0.0001056846,1.2704e-06,5.1872e-06,2.73491e-05,0.0043634988,0.0008275708,-3.15403e-05,0.0033868795,4.59722e-05,0.0026549765,0.647497,-0.162424,1.540293,0.102757,0.771626,-0.169654,0.604367
1403715564.41217,1.100865,-1.874186,0.643018,-0.792064,-0.064657,-0.602244,0.075875,0.0004096601,-1.77993e-05,-0.0001117976,1.0508e-06,4.8643e-06,3.07999e-05,0.0043078681,0.0008155998,-3.25893e-05,0.0033977045,4.59269e-05,0.0026564302,0.66671,-0.130184,1.526041,0.087656,0.780933,-0.148376,0.600378
1403715564.46217,1.095005,-1.840012,0.632916,-0.796036,-0.08894,-0.592134,0.088285,0.0004051313,-1.46447e-05,-0.0001197251,8e-07,4.3259e-06,3.56656e-05,0.004244898,0.0007970993,-3.5373e-05,0.0034018645,4.63822e-05,0.0026583443,0.683274,-0.098161,1.515412,0.07303,0.791281,-0.126038,0.593855
1403715564.56218,1.084826,-1.779128,0.62241,-0.799163,-0.136673,-0.574417,0.112714,0.0003973066,-9.4476e-06,-0.0001317615,4.801e-07,3.1347e-06,4.3977e-05,0.0041525075,0.0007648063,-3.34515e-05,0.0033873144,4.01751e-05,0.0026568451,0.710581,-0.035133,1.507315,0.044668,0.807066,-0.080687,0.583221
1403715564.76217,1.051215,-1.658228,0.646279,-0.784475,-0.231415,-0.553854,0.155857,0.0003910284,4.9739e-06,-0.0001405329,3.032e-07,-1.7895e-06,5.07734e-05,0.0039984396,0.0006927291,-4.02163e-05,0.0033640479,3.76567e-05,0.0026602899,0.749122,0.087699,1.537205,0.002365,-0.818242,-0.014206,-0.5747
1403715564.81217,1.045894,-1.626116,0.659746,-0.777381,-0.25415,-0.550982,0.165852,0.0003910622,9.2673e-06,-0.0001403959,4.546e-07,-3.3312e-06,5.06667e-05,0.0039506516,0.0006661906,-4.14774e-05,0.0033525807,3.78424e-05,0.0026613922,0.757356,0.11856,1.553827,0.012763,-0.817471,-0.037787,-0.574593
1403715564.86217,1.032392,-1.597114,0.681779,-0.770209,-0.274941,-0.547668,0.176764,0.0003910261,1.21259e-05,-0.0001403661,6.084e-07,-4.355e-06,5.06423e-05,0.0039127418,0.0006489118,-4.20922e-05,0.00334545,3.87116e-05,0.0026610609,0.765481,0.149857,1.57349,0.024169,-0.816131,-0.059731,-0.574269
1403715565.11218,0.975635,-1.449656,0.821627,-0.723567,-0.366032,-0.535946,0.235018,0.000397062,2.19382e-05,-0.0001319663,1.4241e-06,-7.2914e-06,4.40902e-05,0.003725444,0.0005572619,-3.69361e-05,0.003288081,3.44736e-05,0.0026583712,0.794554,0.318527,1.719296,0.083958,-0.795317,-0.16049,-0.578508
1403715565.16218,0.961695,-1.424471,0.852387,-0.71579,-0.381161,-0.528745,0.250578,0.0003974052,1.87035e-05,-0.0001321482,1.09e-06,-6.2175e-06,4.41633e-05,0.0036927957,0.000539639,-3.63555e-05,0.0032746504,3.51177e-05,0.0026581162,0.796102,0.355166,1.751633,0.100943,-0.791761,-0.177369,-0.575736
1403715565.21217,0.944421,-1.394797,0.879983,-0.708166,-0.395985,-0.520757,0.265535,0.0003974091,1.52419e-05,-0.0001327446,7.927e-07,-5.0884e-06,4.45603e-05,0.0036685516,0.0005227538,-3.73733e-05,0.0032657848,3.4391e-05,0.0026592893,0.796174,0.392174,1.781159,0.117542,-0.788329,-0.193716,-0.572014
1403715565.26217,0.925243,-1.365425,0.904733,-0.699914,-0.409519,-0.51349,0.280612,0.0003981452,1.16503e-05,-0.0001323,5.499e-07,-3.8684e-06,4.41823e-05,0.0036418186,0.000502349,-3.93082e-05,0.0032552614,3.38887e-05,0.0026610276,0.795059,0.429318,1.807453,0.134042,-0.783971,-0.208968,-0.568999
1403715565.31217,0.905131,-1.335838,0.926671,-0.690401,-0.421099,-0.508184,0.296261,0.0004004184,7.9505e-06,-0.0001296622,3.67e-07,-2.5714e-06,4.22058e-05,0.0036157523,0.0004817932,-4.1085e-05,0.0032440742,3.32938e-05,0.0026627269,0.79324,0.466571,1.830742,0.150584,-0.777884,-0.222657,-0.568022
1403715565.46218,0.841114,-1.245912,0.975548,-0.656412,-0.452704,-0.497547,0.34151,0.0004101886,8.14e-07,-0.0001157012,1.985e-07,-2.213e-07,3.28315e-05,0.0035332885,0.0004264704,-4.08741e-05,0.0032013034,3.22269e-05,0.0026643792,0.781045,0.575563,1.88302,0.197241,-0.753464,-0.26214,-0.569802
1403715565.61217,0.77047,-1.174122,1.004952,-0.619905,-0.489945,-0.480655,0.380318,0.0004157541,-2.971e-07,-0.0001067143,1.945e-07,7.92e-08,2.75767e-05,0.0034678128,0.0003697339,-3.96321e-05,0.0031583059,3.66104e-05,0.0026631888,0.754018,0.673532,1.915751,0.239319,-0.728106,-0.307739,-0.563819
1403715565.81217,0.669545,-1.110195,1.057302,-0.566358,-0.554118,-0.437769,0.424913,0.0004146666,1.5935e-06,-0.0001094929,1.939e-07,-4.212e-07,2.90973e-05,0.0034320537,0.0003114121,-4.67136e-05,0.0031118221,3.56663e-05,0.0026704455,0.688921,0.777852,1.970727,0.293935,-0.69334,-0.38377,-0.534426
1403715565.91216,0.616801,-1.095174,1.088617,-0.53442,-0.590343,-0.407814,0.446742,0.0004118887,1.6e-06,-0.0001146261,1.932e-07,-4.47e-07,3.20854e-05,0.0034248129,0.0002878214,-5.14462e-05,0.0030957001,3.45347e-05,0.0026751304,0.644454,0.816023,2.002595,0.323012,-0.672138,-0.427072,-0.511384
1403715565.96217,0.589899,-1.097193,1.10278,-0.515837,-0.607598,-0.393197,0.458403,0.0004113434,2.0088e-06,-0.0001156425,1.894e-07,-5.653e-07,3.26904e-05,0.0034207327,0.0002758323,-5.31988e-05,0.0030835422,3.32476e-05,0.0026772073,0.620071,0.832003,2.018772,0.33819,-0.65876,-0.448741,-0.500304
1403715566.01217,0.562053,-1.098394,1.117854,-0.495744,-0.6239,-0.378644,0.470761,0.000411583,2.3377e-06,-0.0001154284,1.927e-07,-6.569e-07,3.25506e-05,0.0034288351,0.0002670593,-5.59109e-05,0.0030769135,3.23731e-05,0.0026797979,0.594598,0.846095,2.03492,0.353985,-0.643722,-0.469762,-0.489541
1403715566.06217,0.538426,-1.096476,1.130883,-0.476424,-0.639554,-0.362849,0.482007,0.0004112401,1.9842e-06,-0.0001161647,1.769e-07,-5.585e-07,3.29882e-05,0.0034310103,0.0002514724,-5.62982e-05,0.0030601266,3.43827e-05,0.0026814541,0.568314,0.858079,2.050863,0.369089,-0.629174,-0.489968,-0.477342
1403715566.21216,0.457548,-1.114622,1.182891,-0.414355,-0.682405,-0.319298,0.510571,0.0004107936,5.2855e-06,-0.0001173736,2.315e-07,-1.5067e-06,3.37099e-05,0.0034532762,0.0002205657,-6.13537e-05,0.0030411917,3.45817e-05,0.002687286,0.486813,0.880513,2.097403,0.408305,-0.580595,-0.547788,-0.44287
1403715566.31216,0.413375,-1.135082,1.210866,-0.372362,-0.705974,-0.288491,0.528886,0.0004111711,5.6663e-06,-0.000117136,2.369e-07,-1.6091e-06,3.35402e-05,0.0034801083,0.0002001831,-6.62744e-05,0.0030250047,3.35965e-05,0.0026938164,0.430805,0.883754,2.127018,0.434199,-0.546246,-0.581668,-0.418041
1403715566.56216,0.315007,-1.226093,1.253995,-0.268615,-0.749407,-0.2166,0.565083,0.0004131635,8.8694e-06,-0.0001147074,3.515e-07,-2.4574e-06,3.20142e-05,0.0035828181,0.000168291,-7.87965e-05,0.0030222117,2.4975e-05,0.0027108068,0.292341,0.853274,2.169896,0.488216,-0.457613,-0.651031,-0.358331
1403715566.61215,0.299186,-1.248966,1.25291,-0.248857,-0.75499,-0.203346,0.571586,0.0004141199,9.563e-06,-0.0001132619,3.833e-07,-2.6105e-06,3.11447e-05,0.0036151719,0.0001611075,-8.17294e-05,0.0030246765,2.35741e-05,0.0027143959,0.265084,0.840973,2.169806,0.498006,-0.440024,-0.66164,-0.347287
1403715566.66215,0.284218,-1.273249,1.249872,-0.228407,-0.760545,-0.1906,0.577125,0.0004147795,1.11751e-05,-0.0001122089,4.653e-07,-3.0187e-06,3.05233e-05,0.0036476272,0.0001556607,-8.57176e-05,0.0030292828,2.13583e-05,0.0027196788,0.238088,0.826307,2.166926,0.506738,-0.421747,-0.672413,-0.336472
1403715566.81215,0.243019,-1.364176,1.243211,-0.16373,-0.777694,-0.144954,0.589383,0.0004144585,1.37904e-05,-0.0001131148,6.272e-07,-3.7604e-06,3.10388e-05,0.0037562925,0.0001384705,-9.08459e-05,0.0030441748,1.72808e-05,0.0027275273,0.158954,0.767108,2.151793,0.530675,-0.363909,-0.70606,-0.295708
1403715566.96215,0.211207,-1.471986,1.236658,-0.093443,-0.788143,-0.088653,0.601863,0.0004157566,1.15223e-05,-0.0001117743,4.888e-07,-3.1017e-06,3.02063e-05,0.0038621398,0.0001150315,-6.33318e-05,0.0030629376,1.66077e-05,0.0027093345,0.085094,0.68409,2.140337,0.557705,-0.298965,-0.734639,-0.244745
1403715567.01215,0.208226,-1.509366,1.231291,-0.068699,-0.791983,-0.068057,0.602836,0.0004149412,1.06202e-05,-0.0001134726,4.419e-07,-2.91e-06,3.11892e-05,0.0039185921,0.0001062497,-6.15954e-05,0.0030711269,1.48801e-05,0.00270952,0.062518,0.651581,2.136251,0.564118,-0.2761,-0.744886,-0.225156
1403715567.06215,0.206689,-1.548346,1.227264,-0.043871,-0.795474,-0.045015,0.602719,0.0004138685,7.932e-06,-0.0001156956,3.227e-07,-2.2245e-06,3.25033e-05,0.0039756065,0.0001049133,-6.30009e-05,0.0030819632,1.22813e-05,0.0027136508,0.041413,0.616553,2.13189,0.570129,-0.253047,-0.754822,-0.20292
1403715567.11215,0.202074,-1.594089,1.226861,-0.019315,-0.797974,-0.019551,0.602064,0.0004129308,3.2247e-06,-0.000117649,1.909e-07,-9.259e-07,3.36797e-05,0.0040265634,0.0001060766,-6.05538e-05,0.0030811753,1.58932e-05,0.0027101437,0.021538,0.579641,2.127694,0.576275,-0.230111,-0.763685,-0.178198
1403715567.16215,0.204568,-1.639064,1.225367,0.007262,-0.799232,0.004029,0.600965,0.0004122164,8.445e-07,-0.0001190341,1.654e-07,-2.506e-07,3.45332e-05,0.0040961854,0.0001045324,-6.28034e-05,0.0030811771,2.08553e-05,0.0027078155,0.003329,0.540935,2.123917,0.581472,-0.2048,-0.771939,-0.155152
1403715567.21215,0.210828,-1.692458,1.223122,0.034715,-0.799981,0.028237,0.598355,0.0004111109,-1.761e-06,-0.0001209049,1.643e-07,5.092e-07,3.5712e-05,0.0041473174,0.000104005,-5.45756e-05,0.003070389,3.33076e-05,0.0026911551,-0.012808,0.500892,2.120129,0.585345,-0.178771,-0.779884,-0.131177
1403715567.31215,0.231516,-1.800572,1.213301,0.093166,-0.801955,0.072823,0.585564,0.0004057132,-3.5509e-06,-0.0001292003,1.808e-07,1.1206e-06,4.13013e-05,0.0042762111,0.0001179886,-4.70347e-05,0.0030748312,3.42255e-05,0.0026868937,-0.040929,0.418284,2.11134,0.584846,-0.123138,-0.797263,-0.084733
1403715567.36215,0.242688,-1.847917,1.206258,0.124905,-0.800503,0.092281,0.578859,0.0004033392,-1.4473e-06,-0.0001326859,1.529e-07,4.654e-07,4.38087e-05,0.0043776326,0.0001321258,-4.62716e-05,0.003079668,3.48155e-05,0.0026868493,-0.053353,0.376271,2.106228,0.58357,-0.092168,-0.804268,-0.064179
1403715567.46215,0.279967,-1.943262,1.18335,0.188727,-0.794024,0.128438,0.563394,0.0003976226,3.4677e-06,-0.0001399519,1.59e-07,-1.2256e-06,4.94067e-05,0.0044561501,0.0001857683,-2.94726e-05,0.0030419462,3.71303e-05,0.0026787565,-0.074178,0.291165,2.090744,0.578233,-0.028935,-0.814979,-0.025147
1403715567.51216,0.294072,-1.986914,1.169109,0.219795,-0.788882,0.144918,0.555297,0.0003949117,6.4138e-06,-0.0001432152,2.314e-07,-2.3321e-06,5.20856e-05,0.0045402772,0.000211116,-2.85058e-05,0.0030478961,3.74105e-05,0.002679517,-0.083252,0.248404,2.078235,0.574818,0.002384,-0.818255,-0.007135
1403715567.56215,0.309975,-2.029521,1.151017,0.248997,-0.781732,0.162049,0.548303,0.0003934183,8.1825e-06,-0.0001450183,2.966e-07,-3.0227e-06,5.36053e-05,0.004613526,0.0002256151,-2.74307e-05,0.0030541119,3.77275e-05,0.0026804921,-0.091518,0.205322,2.062461,0.572633,0.032355,-0.819105,0.011158
1403715567.61215,0.314542,-2.068658,1.131065,0.275947,-0.773733,0.179426,0.541291,0.0003924124,8.8109e-06,-0.0001461688,3.194e-07,-3.288e-06,5.45888e-05,0.0046759718,0.0002492603,-2.74147e-05,0.0030430743,4.00521e-05,0.0026804393,-0.09937,0.161931,2.043807,0.570585,0.060721,-0.818453,0.029863
1403715567.66215,0.327352,-2.11954,1.106758,0.301925,-0.763671,0.196878,0.535618,0.0003926195,9.3721e-06,-0.0001458387,3.416e-07,-3.4863e-06,5.43075e-05,0.0047354133,0.0002637167,-2.75645e-05,0.0030333017,4.23529e-05,0.0026804212,-0.106441,0.118011,2.022911,0.569809,0.088561,-0.815565,0.048384
1403715568.01217,0.461066,-2.426881,0.933273,0.465593,-0.66421,0.315257,0.492607,0.0004025043,1.68958e-05,-0.0001338773,8.308e-07,-5.6221e-06,4.46626e-05,0.0052999162,0.0004370396,-2.71157e-05,0.0030739112,4.98986e-05,0.0026875312,-0.132841,-0.200463,1.873532,0.55982,0.273116,-0.762732,0.173951
1403715568.11217,0.51197,-2.508566,0.888088,0.50333,-0.629765,0.346944,0.479254,0.0004068773,1.94188e-05,-0.0001278513,1.0509e-06,-6.1045e-06,4.03084e-05,0.0054850721,0.0005089895,-2.50332e-05,0.0030992478,5.20334e-05,0.0026911576,-0.12768,-0.2922,1.836414,0.555356,0.318668,-0.73945,0.207975
1403715568.41217,0.716181,-2.720769,0.763022,0.600421,-0.529928,0.431685,0.415112,0.0004122087,1.75533e-05,-0.0001213871,8.8e-07,-5.1724e-06,3.58869e-05,0.0059459354,0.0007648839,-1.93428e-05,0.0032165581,6.12357e-05,0.0027052264,-0.057924,-0.551683,1.733797,0.515992,0.438786,-0.668788,0.306513
1403715568.46217,0.751569,-2.748357,0.743726,0.61471,-0.512276,0.443757,0.403466,0.0004128066,1.78611e-05,-0.0001206203,9.068e-07,-5.2225e-06,3.53873e-05,0.0060280259,0.0008369397,-1.79202e-05,0.0032550024,6.29366e-05,0.0027083526,-0.039103,-0.590675,1.718969,0.507961,0.457272,-0.655526,0.321204
1403715568.51217,0.787711,-2.773761,0.725599,0.629163,-0.494508,0.454432,0.39129,0.0004128114,1.8535e-05,-0.0001207198,9.676e-07,-5.424e-06,3.5447e-05,0.0060922403,0.0008867068,-1.63955e-05,0.0032845717,6.48561e-05,0.0027117087,-0.018426,-0.628094,1.705305,0.499056,0.475947,-0.642187,0.334697
1403715568.56217,0.823045,-2.794784,0.708283,0.642594,-0.47701,0.465416,0.37805,0.0004128967,1.80889e-05,-0.0001208495,9.275e-07,-5.2989e-06,3.55148e-05,0.0061447892,0.0009395667,-1.80251e-05,0.0033148366,6.82223e-05,0.002713115,0.00432,-0.663638,1.693111,0.489203,0.493568,-0.62887,0.348714
1403715568.76217,0.982071,-2.836352,0.683383,0.693768,-0.402251,0.501331,0.324881,0.000411644,2.05832e-05,-0.0001231716,1.1625e-06,-6.1656e-06,3.69901e-05,0.0062889746,0.0011436595,-2.34255e-05,0.0034485107,7.17128e-05,0.0027188821,0.114409,-0.786928,1.657297,0.447517,0.562813,-0.570388,0.397032
1403715568.81217,1.026478,-2.842678,0.6783,0.70555,-0.383772,0.508677,0.310106,0.0004108387,2.02869e-05,-0.0001246349,1.136e-06,-6.1614e-06,3.79455e-05,0.0062553825,0.0011877623,-2.48843e-05,0.0034925917,7.26414e-05,0.0027208218,0.146109,-0.813056,1.650858,0.435195,0.579068,-0.555721,0.408004
1403715568.86217,1.066266,-2.856235,0.680402,0.71686,-0.365143,0.514821,0.296212,0.0004098004,2.10439e-05,-0.0001262306,1.2092e-06,-6.4912e-06,3.90171e-05,0.0062616042,0.001248834,-2.68742e-05,0.0035343965,7.85795e-05,0.0027195511,0.179099,-0.837368,1.645307,0.423546,0.594917,-0.54066,0.417585
1403715569.21218,1.360596,-2.806993,0.668823,0.776886,-0.255517,0.540846,0.196581,0.0003987021,1.21001e-05,-0.0001432958,4.881e-07,-4.3508e-06,5.1627e-05,0.0062737282,0.0015438047,-4.78394e-05,0.0037898842,5.78752e-05,0.0027133113,0.434484,-0.962119,1.603437,0.334327,0.681754,-0.451424,0.468676
1403715569.31218,1.43693,-2.794243,0.660763,0.779537,-0.228787,0.556053,0.175453,0.0004045255,8.1691e-06,-0.0001366039,2.886e-07,-2.7607e-06,4.62567e-05,0.0061211005,0.0016153357,-4.961e-05,0.0039163717,5.88732e-05,0.0027170568,0.512326,-0.988297,1.594222,0.317988,0.691421,-0.426353,0.488924
1403715569.41217,1.511874,-2.780185,0.65494,0.777007,-0.20339,0.573672,0.160603,0.0004130089,7.0105e-06,-0.0001251859,2.46e-07,-2.1274e-06,3.80732e-05,0.0060946761,0.0016874312,-5.22298e-05,0.0040234704,6.05135e-05,0.0027214938,0.589819,-1.010395,1.58727,0.308338,0.695723,-0.401179,0.509858
1403715569.56217,1.617483,-2.746366,0.649206,0.778749,-0.164585,0.588246,0.142927,0.000418901,1.2574e-05,-0.0001160865,5.075e-07,-3.4882e-06,3.23009e-05,0.0060383554,0.0017803473,-5.61881e-05,0.0041823564,6.33629e-05,0.0027284383,0.703883,-1.029714,1.579593,0.295124,0.707689,-0.364227,0.528601
1403715569.61217,1.649294,-2.732574,0.648157,0.781071,-0.151131,0.590196,0.136953,0.0004191277,1.54643e-05,-0.0001155859,7.024e-07,-4.2689e-06,3.20088e-05,0.0060076017,0.0018041794,-5.78235e-05,0.0042373626,6.43133e-05,0.0027312741,0.740927,-1.031557,1.577361,0.289885,0.71349,-0.351866,0.532063
1403715569.71217,1.706957,-2.697675,0.648788,0.788626,-0.124718,0.589887,0.120611,0.0004168526,1.86958e-05,-0.0001192845,9.738e-07,-5.355e-06,3.42719e-05,0.0059475469,0.0018415847,-6.08602e-05,0.0043401555,6.55955e-05,0.0027361785,0.813703,-1.027431,1.572483,0.274044,0.727782,-0.32842,0.536075
1403715569.76217,1.732025,-2.676415,0.648278,0.792272,-0.111421,0.589838,0.109459,0.0004156832,1.81956e-05,-0.0001214264,9.315e-07,-5.3208e-06,3.56095e-05,0.0059050358,0.0018533271,-6.1692e-05,0.0043848119,6.64856e-05,0.0027384017,0.849574,-1.021435,1.570502,0.26327,0.734845,-0.316573,0.538959
1403715569.86218,1.783008,-2.629872,0.646202,0.798577,-0.08303,0.590399,0.08252,0.0004138893,1.45683e-05,-0.0001250718,6.482e-07,-4.4084e-06,3.79365e-05,0.0058125457,0.0018643621,-6.37474e-05,0.0044675208,6.94365e-05,0.002742426,0.920031,-1.001567,1.567608,0.237428,0.748467,-0.2909,0.546632
1403715569.91218,1.807609,-2.606025,0.643606,0.799077,-0.066221,0.593396,0.070514,0.0004148846,1.47489e-05,-0.0001237539,6.575e-07,-4.4049e-06,3.7055e-05,0.0057576335,0.0018729972,-6.24641e-05,0.0045036015,6.72838e-05,0.0027427607,0.954525,-0.988249,1.56712,0.22664,0.753409,-0.274824,0.552708
1403715570.06217,1.879002,-2.522983,0.631046,0.797961,-0.014916,0.601664,0.032173,0.0004183004,1.44593e-05,-0.0001190879,6.334e-07,-4.126e-06,3.40397e-05,0.0055857274,0.0018511948,-5.4808e-05,0.004598169,6.153e-05,0.0027344514,1.053471,-0.935651,1.566088,0.191845,0.76591,-0.22511,0.570884
1403715570.11217,1.882411,-2.469381,0.628734,0.797155,0.003041,0.603469,0.018994,0.0004190315,1.4639e-05,-0.000118092,6.329e-07,-4.128e-06,3.34111e-05,0.0055015405,0.0018910665,-5.5915e-05,0.0045994336,6.37219e-05,0.0027342164,1.08463,-0.914156,1.565157,0.179543,0.769943,-0.207762,0.576014
1403715570.16217,1.896867,-2.437417,0.627014,0.796264,0.020999,0.60456,0.005553,0.0004196837,1.48878e-05,-0.0001172169,6.51e-07,-4.1605e-06,3.28705e-05,0.0053951526,0.0018472031,-5.54064e-05,0.0046042624,6.24544e-05,0.0027334181,1.114786,-0.890811,1.564065,0.166868,0.773858,-0.19021,0.580624
1403715570.21217,1.909616,-2.40454,0.621762,-0.795059,-0.039279,-0.605201,0.00837,0.0004201915,1.48984e-05,-0.0001165785,6.506e-07,-4.1344e-06,3.2476e-05,0.0053297394,0.0018407727,-5.25672e-05,0.0046104714,5.55626e-05,0.0027291002,1.143091,-0.865395,1.562774,0.153646,0.777535,-0.172299,0.584936
1403715570.26217,1.917633,-2.369709,0.620161,-0.793655,-0.057968,-0.605176,0.022657,0.0004204916,1.48852e-05,-0.0001163043,6.498e-07,-4.1185e-06,3.23017e-05,0.0052656051,0.001822478,-5.27711e-05,0.004627847,5.46598e-05,0.0027294332,1.16989,-0.837932,1.561268,0.139862,0.78116,-0.153901,0.588683
1403715570.41217,1.937667,-2.25559,0.613032,-0.78346,-0.117049,-0.606673,0.066621,0.0004234608,1.64024e-05,-0.0001116733,7.591e-07,-4.3268e-06,2.95826e-05,0.0050603267,0.0017423348,-5.26749e-05,0.0046378989,5.24309e-05,0.002731193,1.239984,-0.743703,1.55443,0.097783,0.787017,-0.094225,0.601806
1403715570.51217,1.92774,-2.183546,0.604529,-0.773615,-0.156988,-0.605772,0.09957,0.0004256812,1.57848e-05,-0.0001082392,7.092e-07,-4.0139e-06,2.76567e-05,0.0049114524,0.0016831633,-5.19144e-05,0.0046481154,5.02256e-05,0.0027319829,1.276582,-0.671755,1.548445,0.065867,0.788165,-0.053338,0.609606
1403715571.06217,1.681691,-1.789961,0.53491,-0.715045,-0.376791,-0.528728,0.259203,0.0004121248,1.18908e-05,-0.0001327112,4.865e-07,-3.8296e-06,4.28923e-05,0.0043583899,0.0011967712,-5.86009e-05,0.0043208277,4.51296e-05,0.0027440252,1.290847,-0.196099,1.480314,0.108513,-0.790192,-0.173885,-0.577573
1403715571.11217,1.647345,-1.758181,0.5272,-0.710551,-0.387006,-0.521382,0.271117,0.0004116548,7.7984e-06,-0.0001338654,2.929e-07,-2.5362e-06,4.36906e-05,0.0043184196,0.0011501673,-5.95893e-05,0.0042823828,4.45593e-05,0.0027457706,1.280695,-0.151043,1.472953,0.121929,-0.788586,-0.184906,-0.573653
1403715571.16217,1.612764,-1.727491,0.519651,-0.705588,-0.393982,-0.516855,0.28246,0.0004127763,3.6445e-06,-0.0001326948,1.79e-07,-1.1714e-06,4.28179e-05,0.0042851247,0.0011063753,-6.06812e-05,0.0042439377,4.39586e-05,0.0027476651,1.269599,-0.106676,1.465968,0.134045,-0.78566,-0.192944,-0.572315
1403715571.21217,1.57827,-1.697369,0.513006,-0.698639,-0.398583,-0.516792,0.293192,0.0004162694,8.895e-07,-0.0001279481,1.503e-07,-2.729e-07,3.94882e-05,0.0042538339,0.0010642164,-6.17716e-05,0.0042069904,4.32188e-05,0.0027496772,1.257928,-0.062918,1.45996,0.144389,-0.780192,-0.199225,-0.57512
1403715571.26217,1.543718,-1.66972,0.507517,-0.690645,-0.402175,-0.520216,0.301064,0.0004206718,1.0243e-06,-0.0001214401,1.525e-07,-2.95e-07,3.52178e-05,0.0042246665,0.0010245291,-6.27975e-05,0.0041712594,4.26052e-05,0.0027517789,1.245101,-0.020328,1.455124,0.151036,-0.773451,-0.204828,-0.580524
1403715571.31217,1.509919,-1.637913,0.502619,-0.683329,-0.40509,-0.524482,0.306402,0.0004245841,2.5813e-06,-0.0001152155,1.66e-07,-7.007e-07,3.14253e-05,0.0042011002,0.0009847949,-6.41129e-05,0.0041322599,4.13996e-05,0.0027540152,1.230604,0.020696,1.45052,0.155051,-0.767165,-0.209575,-0.586085
1403715571.36218,1.477217,-1.606627,0.498409,-0.67755,-0.406591,-0.528286,0.310683,0.0004277881,3.6527e-06,-0.0001097836,1.814e-07,-9.383e-07,2.83336e-05,0.0041712469,0.0009438522,-6.55551e-05,0.0040927687,3.96398e-05,0.002756357,1.214208,0.060147,1.44607,0.158215,-0.761954,-0.212611,-0.590924
1403715571.7622,1.237079,-1.459245,0.436467,-0.735013,-0.393894,-0.438017,0.335776,0.0003775344,-6.15357e-05,-0.0001619273,1.01842e-05,2.64057e-05,6.96182e-05,0.0039866539,0.0007113994,-6.69845e-05,0.003740132,2.63546e-05,0.0027632018,1.033282,0.333471,1.36965,0.206006,-0.813768,-0.185033,-0.510993
1403715571.8622,1.185794,-1.43258,0.400821,-0.757503,-0.384863,-0.401506,0.341851,0.0003473013,-8.32565e-05,-0.0001767948,2.01182e-05,4.24017e-05,9.01789e-05,0.003940718,0.0006934775,-6.017e-05,0.003754274,3.03323e-05,0.0027611748,0.998623,0.385889,1.329372,0.221454,-0.833045,-0.170264,-0.477503
1403715571.9122,1.167307,-1.417813,0.383921,-0.76672,-0.382011,-0.386424,0.341884,0.0003334631,-8.94771e-05,-0.0001825225,2.41727e-05,4.89991e-05,0.000100094,0.0039318296,0.0006801575,-6.04203e-05,0.0037466278,2.84639e-05,0.0027625651,0.988981,0.407961,1.309623,0.225483,-0.841192,-0.165013,-0.462992
1403715572.1122,1.166269,-1.349731,0.323149,-0.785527,-0.399401,-0.357824,0.30885,0.0002997358,-7.38583e-05,-0.0002047961,1.83709e-05,5.04923e-05,0.0001401557,0.0038920765,0.0006562763,-6.23857e-05,0.003788199,1.84042e-05,0.0027721859,1.022582,0.468508,1.240668,0.201152,-0.863845,-0.176772,-0.426692
1403715572.1622,1.185619,-1.333127,0.306739,-0.780578,-0.412914,-0.365409,0.294408,0.0003032729,-5.87785e-05,-0.0002084414,1.15523e-05,4.04244e-05,0.0001434836,0.003836673,0.0006514867,-5.9548e-05,0.0037914808,2.29917e-05,0.0027672394,1.05138,0.47919,1.227499,0.185287,-0.862608,-0.19134,-0.430081
1403715572.21219,1.207876,-1.310783,0.292459,-0.77131,-0.426295,-0.378318,0.283246,0.000311884,-4.31712e-05,-0.0002090001,6.1219e-06,2.89464e-05,0.0001402645,0.0037899203,0.0006367331,-6.00592e-05,0.003762894,2.70064e-05,0.0027603716,1.087539,0.490591,1.215993,0.17122,-0.85716,-0.206996,-0.439456
1403715572.36216,1.312133,-1.203335,0.259448,-0.712317,-0.469135,-0.446311,0.270783,0.0003629405,1.35755e-05,-0.0001853489,6.506e-07,-6.9327e-06,9.48367e-05,0.0036745307,0.000620001,-5.73041e-05,0.0038293476,3.79338e-05,0.0027540616,1.227304,0.539112,1.18743,0.141541,-0.811442,-0.264502,-0.501575
1403715572.41214,1.343701,-1.163645,0.250828,-0.690008,-0.479728,-0.467076,0.274936,0.000378208,2.86873e-05,-0.000171536,2.3206e-06,-1.30133e-05,7.7975e-05,0.003637019,0.0006138092,-5.66702e-05,0.0038705313,3.85537e-05,0.0027536635,1.277901,0.561399,1.177672,0.140166,-0.792704,-0.280749,-0.52265
1403715572.46213,1.372995,-1.121577,0.241553,-0.670914,-0.488218,-0.481575,0.28214,0.0003894077,3.87963e-05,-0.0001590698,4.012e-06,-1.58511e-05,6.51495e-05,0.0036009441,0.0006017719,-5.62751e-05,0.0039012667,3.87096e-05,0.0027536365,1.32763,0.586556,1.166934,0.143364,-0.776549,-0.294067,-0.538467
1403715572.51211,1.39967,-1.074267,0.231106,-0.656054,-0.495104,-0.489126,0.291926,0.00039729,4.32784e-05,-0.0001496211,4.8636e-06,-1.63021e-05,5.65168e-05,0.0035661509,0.000587601,-5.60585e-05,0.0039298769,3.84256e-05,0.0027534807,1.375725,0.614087,1.155131,0.150944,-0.764041,-0.304722,-0.548275
1403715572.66209,1.459694,-0.942784,0.197755,-0.6232,-0.517849,-0.489612,0.322079,0.0004086585,4.5851e-05,-0.0001354032,5.2996e-06,-1.5195e-05,4.50332e-05,0.0034647558,0.0005248538,-5.53177e-05,0.0040005158,3.81099e-05,0.0027541717,1.504378,0.708962,1.118212,0.180125,-0.738398,-0.335521,-0.556555
1403715572.76209,1.483329,-0.852278,0.176556,-0.606018,-0.538959,-0.478417,0.336724,0.0004080589,4.66002e-05,-0.0001363313,5.482e-06,-1.55721e-05,4.5721e-05,0.0034146378,0.0004818654,-5.47935e-05,0.0040266346,3.71594e-05,0.002755324,1.574035,0.780127,1.094683,0.197291,-0.727473,-0.360349,-0.549555
1403715572.86208,1.491393,-0.753891,0.159961,-0.593357,-0.558207,-0.458367,0.355291,0.0004061055,3.89442e-05,-0.0001410915,3.8959e-06,-1.35322e-05,4.91951e-05,0.0033650596,0.000431008,-5.36965e-05,0.0040278092,4.03964e-05,0.0027547203,1.62978,0.856412,1.079791,0.220161,-0.720731,-0.381505,-0.535288
1403715572.91207,1.491635,-0.709709,0.158333,-0.586959,-0.565489,-0.448494,0.366816,0.0004067481,3.31579e-05,-0.0001418102,2.8646e-06,-1.15611e-05,4.96172e-05,0.0033392984,0.0003982016,-5.2982e-05,0.0040238343,4.09143e-05,0.0027549078,1.653226,0.896315,1.077709,0.233951,-0.716522,-0.390182,-0.528795
1403715572.96207,1.490498,-0.664804,0.159559,-0.578587,-0.573081,-0.44024,0.37816,0.0004080714,2.9031e-05,-0.0001410829,2.2277e-06,-1.00372e-05,4.89532e-05,0.0033201384,0.0003709341,-5.24454e-05,0.0040192128,4.14748e-05,0.0027550893,1.674305,0.937247,1.079013,0.246957,-0.710636,-0.399419,-0.523905
1403715573.11206,1.473188,-0.537326,0.182718,-0.551429,-0.594827,-0.415961,0.411198,0.0004127326,1.80663e-05,-0.0001373647,9.586e-07,-6.0116e-06,4.58975e-05,0.0032775402,0.0002897222,-5.08805e-05,0.0039971235,4.14626e-05,0.0027565248,1.723464,1.062059,1.101077,0.285386,-0.690373,-0.427437,-0.509157
1403715573.16206,1.464592,-0.496678,0.195296,-0.543425,-0.601756,-0.405475,0.422102,0.0004135192,1.28098e-05,-0.0001370764,5.666e-07,-4.2446e-06,4.56204e-05,0.0032670401,0.0002641248,-5.02944e-05,0.0039876202,4.13746e-05,0.0027570819,1.735686,1.103343,1.113563,0.29877,-0.684508,-0.436244,-0.501877
1403715573.46205,1.397803,-0.278535,0.266002,-0.492581,-0.651949,-0.335802,0.468576,0.0004082411,-1.02228e-05,-0.000145217,4.391e-07,3.6403e-06,5.18527e-05,0.0032395179,0.0001321294,-4.71822e-05,0.0039131575,4.07789e-05,0.002761668,1.786757,1.334691,1.185774,0.362388,-0.648994,-0.497836,-0.446818
1403715573.51205,1.387183,-0.244721,0.275912,-0.485279,-0.659054,-0.321658,0.476117,0.0004066022,-1.64038e-05,-0.0001468321,8.475e-07,5.9284e-06,5.3224e-05,0.0032393837,0.0001115233,-4.66342e-05,0.0039035021,4.06267e-05,0.0027626972,1.794538,1.370876,1.196043,0.373478,-0.643851,-0.506555,-0.435174
1403715573.56205,1.377133,-0.208935,0.284556,-0.477543,-0.666142,-0.308216,0.482918,0.0004049742,-2.17645e-05,-0.0001481947,1.3555e-06,7.9709e-06,5.44306e-05,0.0032401399,9.21653e-05,-4.63547e-05,0.0038919225,4.06014e-05,0.0027631702,1.802835,1.406439,1.2063,0.383688,-0.638276,-0.515369,-0.424011
1403715573.66205,1.361374,-0.140001,0.304995,-0.455561,-0.68431,-0.290916,0.48944,0.0004027498,-2.04583e-05,-0.0001513199,1.2278e-06,7.6932e-06,5.70583e-05,0.003245542,5.29659e-05,-4.53682e-05,0.0038749346,4.08522e-05,0.0027650451,1.82217,1.476318,1.227612,0.394661,-0.621895,-0.53867,-0.409057
1403715573.71206,1.355741,-0.104232,0.316048,-0.442076,-0.69595,-0.285569,0.488542,0.0004007793,-1.46661e-05,-0.000154373,7.269e-07,5.6553e-06,5.96672e-05,0.0032498716,3.29489e-05,-4.51328e-05,0.0038695199,4.04544e-05,0.0027659646,1.833147,1.511194,1.238012,0.39526,-0.611971,-0.553456,-0.403672
1403715573.76206,1.349391,-0.069315,0.325559,-0.429438,-0.707794,-0.278718,0.486751,0.0003973926,-9.9604e-06,-0.0001585568,4.412e-07,3.9795e-06,6.34724e-05,0.0032558616,1.29245e-05,-4.46102e-05,0.0038654977,4.03737e-05,0.0027671957,1.844527,1.546292,1.247971,0.395428,-0.602964,-0.568173,-0.396553
1403715573.96206,1.318756,0.077525,0.361283,-0.374415,-0.7533,-0.244584,0.482215,0.0003819374,3.1998e-06,-0.0001742032,2.235e-07,-1.4587e-06,7.96755e-05,0.0032911982,-6.43416e-05,-4.30243e-05,0.0038399486,3.97786e-05,0.0027720953,1.887777,1.693969,1.287221,0.400549,-0.561951,-0.626535,-0.362258
1403715574.01206,1.305223,0.113788,0.372687,-0.36028,-0.763226,-0.231657,0.483756,0.000378322,2.1443e-06,-0.0001772432,2.071e-07,-1.0005e-06,8.32521e-05,0.0033007771,-8.81382e-05,-4.30342e-05,0.0038237541,3.93288e-05,0.0027722117,1.896406,1.734035,1.296713,0.405497,-0.551171,-0.639623,-0.350244
1403715574.06206,1.291769,0.153464,0.382471,-0.345317,-0.773174,-0.218077,0.48518,0.0003747061,9.684e-07,-0.0001803353,1.989e-07,-4.621e-07,8.70056e-05,0.0033138982,-0.0001065311,-4.26613e-05,0.0038091237,3.93919e-05,0.0027735355,1.904098,1.775963,1.306412,0.410575,-0.539377,-0.653121,-0.337548
1403715574.21205,1.242939,0.275263,0.413274,-0.293516,-0.793448,-0.181311,0.501412,0.0003757885,-2.6236e-06,-0.0001796233,2.101e-07,1.2553e-06,8.60685e-05,0.0033656434,-0.0001616038,-4.178e-05,0.0037543009,4.09912e-05,0.002775496,1.920608,1.914989,1.339298,0.436109,-0.495075,-0.686109,-0.306546
1403715574.26205,1.224089,0.317744,0.429016,-0.271944,-0.796327,-0.174606,0.511294,0.000381841,1.089e-07,-0.0001746357,1.867e-07,-4.85e-08,8.00753e-05,0.0033843867,-0.0001763915,-4.19376e-05,0.0037348626,4.2763e-05,0.0027741937,1.924443,1.965068,1.351444,0.447462,-0.475076,-0.694582,-0.302725
1403715574.51205,1.106617,0.533882,0.48399,-0.169586,-0.806962,-0.175205,0.537919,0.0003977723,4.31593e-05,-0.0001541556,4.8724e-06,-1.67347e-05,5.99436e-05,0.0035198369,-0.000244815,-4.17631e-05,0.0036261403,4.65659e-05,0.0027743806,1.926504,2.221415,1.404745,0.473303,-0.379498,-0.731778,-0.310593
1403715574.56205,1.074937,0.580782,0.485636,-0.157976,-0.809165,-0.173477,0.538703,0.0003969986,4.74304e-05,-0.0001536812,5.8476e-06,-1.83675e-05,5.96914e-05,0.0035447125,-0.0002503705,-4.29789e-05,0.003601785,4.80029e-05,0.0027713052,1.921176,2.270139,1.412418,0.474644,-0.368904,-0.736905,-0.309185
1403715574.91205,0.831246,0.776837,0.520531,-0.126656,-0.822136,-0.124185,0.540951,0.0003928212,2.87006e-05,-0.0001635278,2.2712e-06,-1.19481e-05,6.82818e-05,0.0037230911,-0.0002285572,-4.04424e-05,0.0034221023,5.30312e-05,0.0027768153,1.800573,2.565741,1.451359,0.490229,-0.342621,-0.757226,-0.262482
1403715574.96205,0.79043,0.796251,0.527289,-0.127976,-0.819316,-0.117018,0.546489,0.0003967358,2.22822e-05,-0.0001606629,1.4221e-06,-9.0216e-06,6.52657e-05,0.003741435,-0.0002156575,-4.00243e-05,0.0033961322,5.32453e-05,0.0027769738,1.772588,2.603059,1.458796,0.497453,-0.343232,-0.754055,-0.257165
1403715575.01206,0.749016,0.814077,0.535366,-0.12943,-0.816638,-0.111831,0.551221,0.0004000081,1.72166e-05,-0.0001578934,9.096e-07,-6.7927e-06,6.2524e-05,0.0037594085,-0.0002017716,-3.98662e-05,0.0033708153,5.29268e-05,0.0027767393,1.743352,2.639783,1.466899,0.503411,-0.343873,-0.75107,-0.253423
1403715575.21205,0.582128,0.875333,0.576701,-0.126678,-0.793134,-0.118889,0.583743,0.0004238579,1.80736e-05,-0.0001284269,9.395e-07,-5.4733e-06,3.90996e-05,0.0038209419,-0.0001350666,-3.99869e-05,0.0032865325,5.3232e-05,0.0027772124,1.618866,2.77897,1.507788,0.533,-0.334755,-0.729076,-0.268886
1403715575.31205,0.501882,0.897114,0.597163,-0.124264,-0.783517,-0.130757,0.59461,0.0004313068,2.55235e-05,-0.0001154949,1.6815e-06,-6.8321e-06,3.11115e-05,0.0038466001,-0.0001032967,-3.99143e-05,0.003258485,5.38734e-05,0.0027784525,1.55602,2.837453,1.528647,0.540144,-0.330164,-0.720376,-0.283364
1403715575.51205,0.363037,0.913008,0.626583,-0.138437,-0.797297,-0.138325,0.57098,0.0004180246,2.74528e-05,-0.0001362555,1.9792e-06,-8.9472e-06,4.4609e-05,0.0038713618,-3.83003e-05,-3.88581e-05,0.0032209695,5.54666e-05,0.0027823942,1.432537,2.921066,1.560702,0.515337,-0.34746,-0.730005,-0.28424
1403715575.56205,0.33026,0.911919,0.637486,-0.136273,-0.797369,-0.148443,0.568856,0.0004170984,3.58817e-05,-0.0001357073,3.2634e-06,-1.16749e-05,4.43495e-05,0.0038696887,-2.09971e-05,-3.9165e-05,0.0032133966,5.53846e-05,0.0027827069,1.400705,2.936638,1.57171,0.510639,-0.34529,-0.730697,-0.293439
1403715575.61205,0.297913,0.908589,0.65028,-0.132274,-0.795198,-0.160869,0.56946,0.0004177151,4.62598e-05,-0.0001318316,5.301e-06,-1.46017e-05,4.18012e-05,0.0038650254,-4.2857e-06,-3.97132e-05,0.0032071488,5.53441e-05,0.0027829204,1.367789,2.949901,1.583977,0.507927,-0.340816,-0.729729,-0.305536
1403715575.66205,0.263562,0.902891,0.661148,-0.128888,-0.79345,-0.171678,0.569519,0.0004176506,5.52393e-05,-0.0001286057,7.485e-06,-1.70139e-05,3.97951e-05,0.0038548535,1.38266e-05,-4.13841e-05,0.0032007649,5.58818e-05,0.0027821707,1.333497,2.960258,1.596186,0.50511,-0.337103,-0.728971,-0.315956
1403715575.71205,0.230666,0.893531,0.673956,-0.125438,-0.791552,-0.182306,0.569628,0.0004173138,6.40705e-05,-0.0001251563,1.00187e-05,-1.92208e-05,3.77301e-05,0.0038450684,3.15276e-05,-4.19607e-05,0.003196231,5.59e-05,0.0027824489,1.2972,2.967535,1.608802,0.50234,-0.333321,-0.728087,-0.326256
1403715575.81205,0.160726,0.860765,0.694758,-0.125874,-0.791605,-0.192753,0.566007,0.0004148789,7.12652e-05,-0.0001250222,1.24271e-05,-2.14828e-05,3.78716e-05,0.0038047901,6.84534e-05,-4.3216e-05,0.0031869473,5.41815e-05,0.0027791317,1.217454,2.971347,1.632002,0.496087,-0.333589,-0.728247,-0.335072
1403715575.91205,0.092575,0.809801,0.715013,-0.132882,-0.792447,-0.190204,0.564085,0.0004150526,6.64326e-05,-0.0001278214,1.08226e-05,-2.04664e-05,3.95662e-05,0.003754578,0.0001029142,-4.40263e-05,0.0031851197,5.43358e-05,0.0027798815,1.127812,2.960143,1.653224,0.494861,-0.340581,-0.727212,-0.332085
1403715575.96206,0.059634,0.77772,0.72472,-0.141218,-0.79306,-0.18168,0.564008,0.0004162903,5.65637e-05,-0.0001309025,7.8754e-06,-1.77935e-05,4.13663e-05,0.0037194811,0.0001208023,-4.41038e-05,0.0031843806,5.39644e-05,0.0027797731,1.079609,2.949218,1.662567,0.497088,-0.348576,-0.725698,-0.323671
1403715576.01206,0.024988,0.742696,0.733697,-0.14957,-0.793273,-0.171952,0.564605,0.000417566,4.56607e-05,-0.0001335466,5.184e-06,-1.46092e-05,4.29181e-05,0.0036862678,0.0001346924,-4.45456e-05,0.0031858311,5.3943e-05,0.0027801753,1.029394,2.9356,1.671616,0.5002,-0.356646,-0.723685,-0.31446
1403715576.06206,-0.009834,0.704755,0.742766,-0.156366,-0.793405,-0.163674,0.565039,0.0004181964,3.64754e-05,-0.0001356855,3.374e-06,-1.18397e-05,4.42338e-05,0.0036520288,0.0001481517,-4.49617e-05,0.0031884678,5.38971e-05,0.0027805603,0.977612,2.919639,1.680626,0.502747,-0.363184,-0.72203,-0.306622
1403715576.31206,-0.18763,0.493433,0.778417,-0.171322,-0.788428,-0.141706,0.573541,0.000423193,1.18261e-05,-0.0001338753,5.331e-07,-3.7428e-06,4.2571e-05,0.003473096,0.0001947741,-4.51811e-05,0.0032167358,5.34821e-05,0.0027805436,0.71038,2.814348,1.721892,0.5164,-0.376208,-0.713329,-0.288029
1403715576.41207,-0.253497,0.401498,0.800209,-0.167091,-0.779325,-0.143414,0.586656,0.0004314068,1.21539e-05,-0.0001211221,5.487e-07,-3.4151e-06,3.42272e-05,0.0034147308,0.0002036047,-4.54615e-05,0.0032380333,5.35766e-05,0.0027807479,0.603972,2.763992,1.742575,0.528369,-0.370011,-0.705549,-0.293461
1403715576.56209,-0.345539,0.255107,0.835692,-0.16195,-0.762762,-0.149471,0.607968,0.0004437919,1.40039e-05,-9.81146e-05,6.555e-07,-3.0997e-06,2.19141e-05,0.003333836,0.000197258,-4.55284e-05,0.0032693112,5.34045e-05,0.0027813109,0.450032,2.673399,1.778253,0.546954,-0.360762,-0.691033,-0.305233
1403715576.61209,-0.369292,0.202895,0.847869,-0.160875,-0.757314,-0.153765,0.613963,0.0004470176,1.6026e-05,-9.06376e-05,7.901e-07,-3.2539e-06,1.86012e-05,0.0033111419,0.0001924137,-4.54874e-05,0.0032818341,5.34152e-05,0.0027814283,0.401575,2.637507,1.790824,0.551498,-0.358202,-0.686178,-0.31097
1403715576.66209,-0.39076,0.148642,0.859239,-0.161642,-0.755576,-0.157223,0.615027,0.0004478295,1.75987e-05,-8.85455e-05,9.095e-07,-3.4848e-06,1.77331e-05,0.0032896359,0.0001834904,-4.56063e-05,0.0032907663,5.33511e-05,0.0027816255,0.354879,2.598129,1.802462,0.551493,-0.358428,-0.684417,-0.314576
1403715576.91209,-0.450118,-0.158937,0.914243,-0.18584,-0.770846,-0.167545,0.585823,0.000434907,1.81875e-05,-0.0001159061,9.95e-07,-4.854e-06,3.11393e-05,0.0032261716,0.0001121297,-4.77966e-05,0.003320431,5.25176e-05,0.0027841489,0.143615,2.351477,1.857994,0.520102,-0.385705,-0.693063,-0.316846
1403715577.01209,-0.460764,-0.294793,0.937852,-0.199923,-0.776359,-0.166848,0.573986,0.0004283519,1.31042e-05,-0.0001275228,6.413e-07,-3.9087e-06,3.82244e-05,0.0032258816,7.58979e-05,-4.88176e-05,0.0033256831,5.19909e-05,0.002785124,0.064467,2.234769,1.880298,0.508766,-0.400693,-0.694695,-0.313053
1403715577.1121,-0.466794,-0.435082,0.961528,-0.220344,-0.775323,-0.160059,0.569827,0.0004250217,-1.4033e-06,-0.0001332406,2.503e-07,4.331e-07,4.20384e-05,0.0032403185,3.69742e-05,-4.98502e-05,0.0033300603,5.17096e-05,0.0027850935,-0.013192,2.112857,1.90152,0.506418,-0.420059,-0.688318,-0.305468
1403715577.1621,-0.469371,-0.505807,0.972033,-0.230832,-0.773676,-0.157456,0.568638,0.0004236558,-8.4844e-06,-0.0001349736,4.183e-07,2.6966e-06,4.32737e-05,0.0032551596,1.73465e-05,-5.03586e-05,0.003331444,5.1432e-05,0.0027851383,-0.051023,2.051098,1.910772,0.505851,-0.429752,-0.683958,-0.302706
1403715577.21209,-0.475676,-0.576964,0.979777,-0.239711,-0.771902,-0.155351,0.567954,0.0004224824,-1.45088e-05,-0.0001359854,7.474e-07,4.6623e-06,4.40434e-05,0.0032719529,-2.8841e-06,-5.08402e-05,0.0033324002,5.16561e-05,0.002784462,-0.08804,1.989161,1.917587,0.505556,-0.438189,-0.679627,-0.30085
1403715577.26209,-0.474936,-0.645196,0.983174,-0.246859,-0.769707,-0.155503,0.56783,0.0004220951,-1.8233e-05,-0.0001360426,1.0388e-06,5.8683e-06,4.41233e-05,0.0032944976,-2.42085e-05,-5.08443e-05,0.0033363254,5.14824e-05,0.0027838784,-0.124121,1.927394,1.919485,0.50537,-0.444362,-0.675706,-0.300941
1403715577.31209,-0.479517,-0.712966,0.980301,-0.250884,-0.768586,-0.157572,0.567013,0.0004218564,-1.87681e-05,-0.0001361728,1.0882e-06,6.0493e-06,4.42323e-05,0.0033202191,-4.30984e-05,-5.09016e-05,0.003335512,5.14231e-05,0.0027833178,-0.159406,1.866002,1.91537,0.50387,-0.448092,-0.67344,-0.302998
1403715577.3621,-0.482725,-0.774294,0.965303,-0.252186,-0.767991,-0.161638,0.566096,0.0004221884,-1.64447e-05,-0.0001359908,8.946e-07,5.2867e-06,4.40806e-05,0.0033490239,-6.36126e-05,-5.14008e-05,0.0033370239,5.2054e-05,0.0027823371,-0.193791,1.804805,1.905732,0.501646,-0.449489,-0.672288,-0.307149
1403715577.46209,-0.479764,-0.907916,0.937932,-0.253129,-0.767662,-0.169664,0.563768,0.0004226644,-1.10867e-05,-0.0001361036,5.5e-07,3.558e-06,4.4108e-05,0.0034206644,-9.996e-05,-5.21718e-05,0.0033384998,5.19519e-05,0.0027822245,-0.259479,1.681652,1.877717,0.49702,-0.450515,-0.671646,-0.314482
1403715577.51209,-0.481171,-0.974447,0.92337,-0.253111,-0.767618,-0.17207,0.563107,0.0004228186,-9.277e-06,-0.0001359953,4.623e-07,2.9713e-06,4.40211e-05,0.0034626068,-0.0001184465,-5.24413e-05,0.0033358238,5.25071e-05,0.0027817683,-0.290928,1.619636,1.86265,0.495588,-0.450855,-0.671297,-0.31699
1403715577.56209,-0.480157,-1.039047,0.909302,-0.253141,-0.767735,-0.173829,0.562393,0.0004227112,-7.8118e-06,-0.000136216,4.03e-07,2.5046e-06,4.41741e-05,0.0035093152,-0.0001379281,-5.28675e-05,0.0033358095,5.28882e-05,0.0027815868,-0.321636,1.557525,1.848735,0.494183,-0.451138,-0.671295,-0.318782
1403715577.91209,-0.432298,-1.4867,0.884522,-0.277491,-0.761644,-0.159698,0.563377,0.0004192477,-3.05935e-05,-0.000138947,2.5156e-06,1.01301e-05,4.63529e-05,0.0039441987,-0.000238433,-5.72315e-05,0.0033218164,5.28772e-05,0.0027831878,-0.508265,1.122914,1.81733,0.498641,-0.472974,-0.65896,-0.305657
1403715578.01209,-0.406908,-1.603536,0.859823,-0.297456,-0.757266,-0.156109,0.560088,0.0004142459,-4.23933e-05,-0.000142411,4.6231e-06,1.45687e-05,4.926e-05,0.004083486,-0.0002526334,-5.81615e-05,0.003306571,5.29639e-05,0.0027826764,-0.546654,1.002056,1.793008,0.496451,-0.49069,-0.649666,-0.301157
1403715578.26209,-0.313858,-1.856082,0.75069,-0.374563,-0.744973,-0.146202,0.532299,0.0003814814,-7.62135e-05,-0.0001648351,1.55396e-05,3.29431e-05,7.1556e-05,0.00444148,-0.0002460501,-6.1122e-05,0.0032697927,5.1788e-05,0.0027828434,-0.596313,0.721985,1.67918,0.472168,-0.561493,-0.61718,-0.284384
1403715578.3121,-0.288519,-1.891828,0.727633,-0.386192,-0.739788,-0.156896,0.52816,0.0003814389,-7.40738e-05,-0.0001658094,1.46984e-05,3.22118e-05,7.2409e-05,0.0044934984,-0.0002342177,-6.12864e-05,0.0032583093,5.10839e-05,0.0027819051,-0.594683,0.674536,1.655222,0.465296,-0.571197,-0.609138,-0.293577
1403715578.61209,-0.10273,-2.056421,0.585098,-0.440396,-0.733078,-0.237612,0.460639,0.0003668937,-2.367e-05,-0.0001916363,1.8582e-06,1.23669e-05,0.0001004772,0.0047424996,-0.0001088352,-6.41749e-05,0.0032139671,5.12558e-05,0.0027828099,-0.518033,0.436922,1.509435,0.378057,-0.621786,-0.58781,-0.353467
1403715578.66209,-0.071918,-2.077774,0.560894,-0.448056,-0.738977,-0.24383,0.44012,0.0003541323,-1.37483e-05,-0.000200793,8.686e-07,7.7958e-06,0.0001142467,0.0047886521,-8.53357e-05,-6.46592e-05,0.0032050961,5.18585e-05,0.0027812871,-0.49995,0.406749,1.483519,0.356626,-0.630769,-0.59132,-0.353969
1403715578.86209,0.026363,-2.094652,0.469947,-0.473232,-0.7463,-0.252985,0.39381,0.0003214174,2.0071e-06,-0.0002177783,3.673e-07,-1.3658e-06,0.0001480197,0.0048330543,-7.3913e-06,-6.70112e-05,0.0032054699,5.3469e-05,0.0027829543,-0.429405,0.339699,1.387992,0.309611,-0.656946,-0.591363,-0.350503
1403715578.9621,0.053479,-2.072877,0.433222,-0.46865,-0.741967,-0.2708,0.395626,0.0003323121,1.23238e-05,-0.0002129744,8.22e-07,-7.9102e-06,0.0001369491,0.0047946649,1.30494e-05,-6.80342e-05,0.0032085216,5.48477e-05,0.0027834738,-0.397021,0.346026,1.348879,0.306588,-0.651336,-0.588332,-0.368283
1403715579.0121,0.060545,-2.056087,0.418201,-0.461037,-0.738472,-0.285253,0.400917,0.0003437538,2.07995e-05,-0.0002067893,1.6289e-06,-1.25286e-05,0.0001248408,0.0047679228,1.70811e-05,-6.84855e-05,0.0032093909,5.58148e-05,0.0027835199,-0.382448,0.359163,1.332682,0.307787,-0.643076,-0.586985,-0.383631
1403715579.2121,0.043785,-1.956856,0.385609,-0.408957,-0.728946,-0.35999,0.414486,0.0003796755,7.8383e-05,-0.0001673922,1.65594e-05,-3.45943e-05,7.42065e-05,0.0045978938,2.9909e-06,-6.70282e-05,0.0032129038,5.30024e-05,0.002783832,-0.351746,0.459313,1.300507,0.301189,-0.589628,-0.592564,-0.458801
1403715579.26209,0.029343,-1.937188,0.381208,-0.400095,-0.724511,-0.372419,0.419896,0.0003861725,8.66923e-05,-0.0001572606,1.98153e-05,-3.53459e-05,6.44398e-05,0.0045653502,-3.7267e-06,-6.27547e-05,0.0032057785,4.78543e-05,0.0027819186,-0.355824,0.491996,1.298811,0.303204,-0.579837,-0.590894,-0.471914
1403715579.31209,0.006153,-1.911642,0.379773,-0.394742,-0.72109,-0.379722,0.424287,0.0003908237,9.11093e-05,-0.0001502378,2.15995e-05,-3.50659e-05,5.81514e-05,0.004540119,-2.00385e-05,-6.28037e-05,0.003210633,4.81117e-05,0.0027828468,-0.36569,0.525771,1.29721,0.305429,-0.573775,-0.589069,-0.480098
1403715579.51209,-0.13138,-1.845813,0.356445,-0.404516,-0.717409,-0.371587,0.428502,0.0003941149,8.02029e-05,-0.0001532863,1.66618e-05,-3.12361e-05,6.00374e-05,0.0044093137,-0.0001158846,-5.99147e-05,0.0032274555,4.0228e-05,0.0027809197,-0.46123,0.667876,1.283347,0.311779,-0.582145,-0.583372,-0.472843
1403715579.56209,-0.1771,-1.841326,0.354981,-0.414053,-0.716196,-0.361099,0.430384,0.0003942321,6.89356e-05,-0.0001583559,1.23935e-05,-2.77319e-05,6.40165e-05,0.0044099531,-0.0001473465,-5.97098e-05,0.0032351103,4.12787e-05,0.0027806157,-0.498137,0.704668,1.278573,0.317065,-0.59051,-0.580157,-0.462802
1403715579.66209,-0.284678,-1.817966,0.349153,-0.418878,-0.71352,-0.352049,0.437598,0.0003977255,5.85966e-05,-0.0001592396,8.9778e-06,-2.34995e-05,6.41676e-05,0.0043899479,-0.0002247362,-5.99192e-05,0.0032700872,4.20003e-05,0.0027817556,-0.583552,0.782364,1.272962,0.326338,-0.594592,-0.576174,-0.456058
1403715579.81209,-0.468945,-1.789373,0.353221,-0.417849,-0.706718,-0.346579,0.453691,0.0004078495,4.83301e-05,-0.0001521353,6.0782e-06,-1.80658e-05,5.71545e-05,0.0043491677,-0.0003578299,-5.88542e-05,0.0033563537,4.37843e-05,0.0027821631,-0.735652,0.90528,1.275892,0.343144,-0.591935,-0.56993,-0.455021
1403715579.86209,-0.538551,-1.779806,0.3601,-0.414552,-0.705876,-0.349365,0.455883,0.0004099897,5.04866e-05,-0.0001490537,6.5727e-06,-1.83929e-05,5.45958e-05,0.0043418682,-0.0004053383,-5.87022e-05,0.0033964233,4.41081e-05,0.0027826393,-0.79185,0.946623,1.282503,0.34425,-0.588879,-0.56966,-0.458477
1403715579.9121,-0.610831,-1.773459,0.369062,-0.414186,-0.704877,-0.350347,0.457006,0.0004110689,5.05909e-05,-0.0001477549,6.585e-06,-1.82213e-05,5.35123e-05,0.004330702,-0.0004559216,-5.86044e-05,0.0034428016,4.53998e-05,0.0027821348,-0.85076,0.987754,1.29128,0.344863,-0.58855,-0.568518,-0.459855
1403715580.21211,-1.054599,-1.758554,0.392649,-0.463151,-0.666463,-0.356147,0.463118,0.0004228196,2.03244e-05,-0.0001413588,1.3569e-06,-6.82e-06,4.76712e-05,0.0043240473,-0.0007773452,-5.94218e-05,0.0038465332,4.88783e-05,0.0027852606,-1.239818,1.22593,1.317209,0.348325,-0.626151,-0.517854,-0.46737
1403715580.26211,-1.130236,-1.760213,0.388745,-0.474406,-0.658179,-0.360297,0.460353,0.0004234739,1.66044e-05,-0.0001411392,1.0346e-06,-5.5561e-06,4.74534e-05,0.0043251023,-0.0008350106,-6.0008e-05,0.003937969,4.97929e-05,0.0027847534,-1.307909,1.263397,1.312047,0.344419,-0.634841,-0.506796,-0.470651
1403715580.31213,-1.206751,-1.761749,0.386029,-0.486636,-0.648547,-0.363465,0.458765,0.0004244098,1.10994e-05,-0.0001405348,6.751e-07,-3.6918e-06,4.69408e-05,0.004331367,-0.0008929157,-6.07491e-05,0.0040233591,5.11154e-05,0.0027837594,-1.376655,1.29985,1.306315,0.341751,-0.644205,-0.494014,-0.473454
1403715580.36213,-1.2829,-1.762345,0.381435,-0.500493,-0.637033,-0.365535,0.458344,0.0004254606,3.0217e-06,-0.0001397095,4.065e-07,-1.0027e-06,4.62818e-05,0.0043376592,-0.0009499911,-6.10753e-05,0.0041182058,5.16855e-05,0.002783242,-1.445569,1.335365,1.300554,0.340653,-0.654481,-0.479126,-0.47545
1403715580.56213,-1.576756,-1.783447,0.365374,-0.553423,-0.59387,-0.370194,0.45166,0.0004226158,-2.69613e-05,-0.0001417146,2.1199e-06,9.0436e-06,4.79395e-05,0.0043825446,-0.0011824433,-6.22572e-05,0.0045463624,5.41096e-05,0.0027837303,-1.718098,1.465307,1.282136,0.332587,-0.693851,-0.423365,-0.478247
1403715580.61213,-1.648104,-1.792331,0.36363,-0.565251,-0.585721,-0.366887,0.450351,0.0004191864,-3.54232e-05,-0.0001444312,3.3921e-06,1.22133e-05,5.01851e-05,0.0043931455,-0.0012387784,-6.24155e-05,0.0046612168,5.53399e-05,0.0027828527,-1.784037,1.494934,1.277991,0.332254,-0.703028,-0.41244,-0.474609
1403715580.66214,-1.717278,-1.798477,0.359439,-0.576985,-0.577813,-0.361765,0.449829,0.0004148618,-4.47646e-05,-0.0001473743,5.2299e-06,1.59146e-05,5.27781e-05,0.0044105789,-0.001297773,-6.25144e-05,0.0047777811,5.60981e-05,0.0027823578,-1.848178,1.523097,1.2736,0.333094,-0.712173,-0.401692,-0.469578
1403715580.91214,-2.001349,-1.838176,0.340748,-0.625265,-0.544177,-0.323903,0.456072,0.0003841472,-9.27916e-05,-0.0001593507,2.28432e-05,3.85296e-05,6.65646e-05,0.0044781935,-0.0015421069,-6.32158e-05,0.0053210046,5.7664e-05,0.0027830031,-2.118594,1.646017,1.256927,0.349014,-0.749715,-0.356493,-0.434779
1403715581.01214,-2.094656,-1.833424,0.341131,-0.63842,-0.538675,-0.309651,0.454275,0.000370279,-0.0001031976,-0.000165165,2.91966e-05,4.60702e-05,7.41312e-05,0.0044970416,-0.0016084233,-6.312e-05,0.0054758345,5.8372e-05,0.0027831378,-2.1915,1.684522,1.254892,0.35134,-0.760663,-0.348054,-0.420488
1403715581.06214,-2.126921,-1.829528,0.34245,-0.641794,-0.541583,-0.306373,0.448245,0.0003652661,-0.0001011502,-0.0001703851,2.84451e-05,4.72201e-05,7.99379e-05,0.0044797835,-0.0016296916,-6.29155e-05,0.0055707496,5.89129e-05,0.0027830913,-2.217761,1.701193,1.255145,0.346475,-0.764599,-0.350118,-0.415647
1403715581.11214,-2.151259,-1.825638,0.344513,-0.643549,-0.546076,-0.30586,0.440563,0.0003620655,-9.63487e-05,-0.0001755822,2.60719e-05,4.67579e-05,8.5608e-05,0.0044693675,-0.0016423087,-6.28538e-05,0.0056295529,5.91984e-05,0.0027831452,-2.23699,1.716843,1.256336,0.339164,-0.767451,-0.354065,-0.413068
1403715581.36214,-2.196189,-1.767804,0.367424,-0.624899,-0.559874,-0.334441,0.429175,0.0003825183,-6.88709e-05,-0.0001734055,1.28241e-05,3.12341e-05,7.90372e-05,0.0043760418,-0.0016258312,-6.1247e-05,0.0057229425,5.90248e-05,0.0027839404,-2.242405,1.794115,1.27633,0.320562,-0.753004,-0.372498,-0.437575
1403715581.41213,-2.199754,-1.722475,0.370128,-0.618167,-0.564013,-0.337053,0.431456,0.0003868575,-6.54666e-05,-0.0001711231,1.1491e-05,2.89686e-05,7.61058e-05,0.0043327662,-0.0016107979,-5.98879e-05,0.0057013933,6.01312e-05,0.0027831007,-2.230089,1.80966,1.280439,0.322336,-0.747328,-0.378656,-0.440705
1403715581.51213,-2.184801,-1.682241,0.377507,-0.594913,-0.582195,-0.34806,0.431256,0.0003978025,-4.67283e-05,-0.0001673306,5.8789e-06,1.96647e-05,7.07916e-05,0.004222536,-0.001521749,-5.70739e-05,0.0056635967,5.53462e-05,0.0027824511,-2.19531,1.839982,1.28753,0.319221,-0.729675,-0.402593,-0.451216
1403715581.56213,-2.173744,-1.660173,0.37885,-0.578737,-0.594436,-0.355588,0.430426,0.0004039882,-3.29173e-05,-0.0001646253,3.0717e-06,1.3416e-05,6.7489e-05,0.0041918945,-0.0014941394,-5.6618e-05,0.0056393408,5.61723e-05,0.0027823953,-2.17417,1.85576,1.28835,0.316402,-0.717356,-0.418704,-0.458238
1403715581.61213,-2.161696,-1.637247,0.376798,-0.562246,-0.607215,-0.361235,0.429743,0.0004082602,-1.95001e-05,-0.0001624585,1.3218e-06,7.7558e-06,6.50511e-05,0.0041600811,-0.0014630833,-5.62574e-05,0.0056114349,5.6617e-05,0.0027824512,-2.151845,1.872353,1.285847,0.314207,-0.70492,-0.435392,-0.463465
1403715581.66213,-2.147931,-1.616549,0.370763,-0.545687,-0.619672,-0.364972,0.430147,0.00041117,-7.446e-06,-0.0001603628,5.247e-07,2.8959e-06,6.29482e-05,0.0041281244,-0.001430654,-5.56526e-05,0.0055817746,5.63888e-05,0.0027822632,-2.129036,1.889423,1.280423,0.31367,-0.692224,-0.452001,-0.467052
1403715581.81213,-2.11508,-1.539648,0.347306,-0.491953,-0.660793,-0.368373,0.430855,0.0004118896,2.78822e-05,-0.0001577595,2.2896e-06,-1.07032e-05,6.08423e-05,0.0040372387,-0.0013357728,-5.50136e-05,0.005512886,5.69496e-05,0.0027832291,-2.063569,1.944448,1.255574,0.313472,-0.651441,-0.50602,-0.470436
1403715581.91213,-2.103633,-1.489208,0.339922,-0.460312,-0.683372,-0.359242,0.438247,0.0004101812,3.86565e-05,-0.0001576561,4.0538e-06,-1.48885e-05,6.10259e-05,0.0039758382,-0.0012777611,-5.43048e-05,0.0054912615,5.72588e-05,0.0027839845,-2.028958,1.985487,1.247511,0.323122,-0.627093,-0.536137,-0.46358
1403715582.11213,-2.107488,-1.396471,0.358294,-0.414308,-0.694923,-0.326082,0.48898,0.0004286002,2.17231e-05,-0.0001393523,1.5242e-06,-7.0908e-06,4.57487e-05,0.0038728405,-0.0011896193,-5.35738e-05,0.0055120487,5.88984e-05,0.0027867501,-1.98883,2.0746,1.266693,0.380982,-0.585958,-0.559591,-0.445385
1403715582.21213,-2.115949,-1.358529,0.371371,-0.394017,-0.694379,-0.317243,0.511806,0.0004388011,1.70349e-05,-0.0001253788,1.0916e-06,-4.8946e-06,3.62659e-05,0.0038337203,-0.0011571995,-5.31454e-05,0.005533641,5.96716e-05,0.0027882915,-1.97797,2.114464,1.280774,0.405323,-0.56634,-0.56456,-0.442996
1403715582.26213,-2.119978,-1.342189,0.372629,-0.387512,-0.697043,-0.313103,0.515687,0.0004396503,1.6868e-05,-0.0001242684,1.0817e-06,-4.7954e-06,3.55702e-05,0.0038174464,-0.0011441248,-5.29647e-05,0.0055465114,6.00657e-05,0.0027891107,-1.973608,2.131836,1.282627,0.410135,-0.560818,-0.568895,-0.440037
1403715582.41213,-2.129547,-1.302635,0.35656,-0.382133,-0.714295,-0.298622,0.504561,0.000428647,1.85486e-05,-0.0001410047,1.2517e-06,-6.1323e-06,4.68589e-05,0.0037813486,-0.0011131749,-5.24023e-05,0.0055806896,6.14671e-05,0.002792731,-1.964583,2.175087,1.268883,0.403182,-0.560275,-0.58694,-0.423129
1403715582.51212,-2.139169,-1.276349,0.346266,-0.384991,-0.725902,-0.29023,0.490525,0.0004165751,1.94413e-05,-0.0001557629,1.3546e-06,-7.2991e-06,5.87309e-05,0.003755118,-0.0010890825,-4.87278e-05,0.0055884105,5.54945e-05,0.0027926421,-1.963116,2.19912,1.258246,0.391967,-0.565932,-0.597461,-0.411247
1403715582.61212,-2.153149,-1.255459,0.344319,-0.389598,-0.732596,-0.284863,0.479968,0.0004075514,1.90407e-05,-0.0001658584,1.3447e-06,-7.7795e-06,6.80061e-05,0.0037308093,-0.0010705833,-4.73196e-05,0.0056245086,5.40574e-05,0.0027949823,-1.966573,2.224107,1.257539,0.383306,-0.572031,-0.602687,-0.40327
1403715582.66212,-2.162798,-1.245294,0.348511,-0.392458,-0.734405,-0.283327,0.475764,0.0004040932,1.86469e-05,-0.000169469,1.3177e-06,-7.8493e-06,7.15839e-05,0.0037191357,-0.0010637678,-4.68149e-05,0.0056476072,5.26749e-05,0.0027954143,-1.970292,2.237906,1.262057,0.379672,-0.575238,-0.603689,-0.400638
1403715582.71212,-2.173836,-1.235035,0.354466,-0.395858,-0.73554,-0.282197,0.471849,0.0004009891,1.80648e-05,-0.0001726344,1.2736e-06,-7.8049e-06,7.48389e-05,0.0037086106,-0.0010586691,-4.63821e-05,0.0056739842,5.14528e-05,0.0027960057,-1.975171,2.253027,1.268542,0.376235,-0.578779,-0.603856,-0.398523
1403715582.76212,-2.186364,-1.224352,0.359329,-0.399273,-0.735919,-0.282056,0.468454,0.0003986133,1.77833e-05,-0.000174989,1.255e-06,-7.8322e-06,7.73382e-05,0.0036980116,-0.0010539712,-4.60799e-05,0.0057026986,5.02656e-05,0.0027964036,-1.981041,2.269559,1.274495,0.372993,-0.582177,-0.603287,-0.39748
1403715582.81212,-2.199943,-1.21406,0.362,-0.403372,-0.736783,-0.281373,0.463973,0.0003952025,1.73655e-05,-0.0001782156,1.2264e-06,-7.854e-06,8.0889e-05,0.0036875922,-0.0010499183,-4.5952e-05,0.0057341781,4.91517e-05,0.0027965643,-1.987757,2.286931,1.277784,0.368833,-0.586376,-0.60301,-0.395608
1403715582.86212,-2.21498,-1.202908,0.361456,-0.408116,-0.738154,-0.28001,0.458436,0.0003906613,1.67613e-05,-0.0001822571,1.1816e-06,-7.8394e-06,8.55576e-05,0.0036771006,-0.001045731,-4.59808e-05,0.0057650923,4.82034e-05,0.002796105,-1.995294,2.305791,1.277906,0.363866,-0.591337,-0.603016,-0.392803
1403715582.91212,-2.230989,-1.195523,0.360952,-0.412426,-0.740215,-0.279056,0.451791,0.0003852642,1.71325e-05,-0.0001866702,1.2212e-06,-8.3167e-06,9.09793e-05,0.0036657869,-0.0010406803,-4.66321e-05,0.0057956966,4.95668e-05,0.0027935029,-2.003857,2.32613,1.27471,0.35769,-0.596117,-0.60379,-0.390054
1403715583.01211,-2.270157,-1.16612,0.345008,-0.421515,-0.743297,-0.276229,0.439924,0.0003751002,1.65921e-05,-0.0001944128,1.1907e-06,-8.6114e-06,0.0001013134,0.0036444851,-0.0010330421,-4.63949e-05,0.0058703649,4.48487e-05,0.0027900398,-2.023928,2.373564,1.258726,0.347104,-0.605651,-0.604263,-0.384151
1403715583.06212,-2.293452,-1.149434,0.335097,-0.42472,-0.743791,-0.276058,0.436097,0.000372142,1.66704e-05,-0.0001965562,1.2023e-06,-8.8164e-06,0.0001043689,0.0036279783,-0.0010233776,-4.67646e-05,0.0059212197,4.47435e-05,0.0027878759,-2.035436,2.401648,1.246315,0.343558,-0.608915,-0.603792,-0.382918
1403715583.11212,-2.321124,-1.125727,0.322403,-0.427289,-0.741654,-0.27696,0.436653,0.0003732389,1.56596e-05,-0.000195976,1.1105e-06,-8.234e-06,0.0001034524,0.0036114059,-0.00101353,-4.67681e-05,0.0059787109,4.51223e-05,0.0027868425,-2.048103,2.433002,1.233015,0.343973,-0.610842,-0.600898,-0.384027
1403715583.31212,-2.444112,-1.027257,0.273027,-0.421687,-0.704791,-0.298072,0.486418,0.0004192376,4.1225e-06,-0.0001558646,4.92e-07,-1.5311e-06,5.84472e-05,0.0035262091,-0.0009412693,-4.55952e-05,0.0062518463,4.68436e-05,0.0027878037,-2.106266,2.585304,1.187303,0.386565,-0.595641,-0.566758,-0.417814
1403715583.41212,-2.506765,-0.981129,0.250474,-0.417117,-0.683043,-0.304996,0.516181,0.0004397966,-6.6343e-06,-0.0001285949,5.595e-07,1.946e-06,3.80852e-05,0.0034896657,-0.0009057679,-4.48376e-05,0.0064097704,4.76253e-05,0.0027880237,-2.137143,2.663467,1.163884,0.413331,-0.585643,-0.546877,-0.43256
1403715583.61212,-2.619467,-0.902656,0.198927,-0.398953,-0.645779,-0.322132,0.565719,0.0004663752,-1.68767e-05,-7.18419e-05,1.0881e-06,2.6064e-06,1.15428e-05,0.0034414863,-0.000853327,-4.26866e-05,0.0066918385,4.77446e-05,0.0027895924,-2.195376,2.792068,1.115132,0.45657,-0.558222,-0.515853,-0.462421
1403715583.71212,-2.65797,-0.885501,0.175635,-0.380091,-0.62139,-0.340297,0.594646,0.0004761404,-1.40823e-05,-2.91633e-05,9.044e-07,8.678e-07,2.2617e-06,0.0034336361,-0.0008477826,-4.1557e-05,0.006793607,4.73303e-05,0.0027909318,-2.219632,2.827003,1.093317,0.479619,-0.533503,-0.497508,-0.487679
1403715583.91212,-2.681243,-0.935269,0.141737,-0.356394,-0.592585,-0.3571,0.627938,0.0004776867,-1.18443e-05,2.07816e-05,8.008e-07,-5.1e-07,1.3921e-06,0.0034714271,-0.000925958,-4.00132e-05,0.0068608599,4.62271e-05,0.0027938882,-2.262039,2.79479,1.060364,0.507179,-0.50306,-0.476232,-0.512741
1403715583.96211,-2.671764,-0.971918,0.143322,-0.358656,-0.592439,-0.352176,0.629566,0.0004776584,-1.65731e-05,1.9353e-05,1.0858e-06,-6.661e-07,1.2729e-06,0.0034971991,-0.0009708914,-4.02118e-05,0.0068380046,4.63095e-05,0.0027943368,-2.2715,2.759141,1.06102,0.510056,-0.505231,-0.475515,-0.5084
1403715584.01211,-2.655511,-1.017335,0.148944,-0.363904,-0.59476,-0.343612,0.629099,0.0004776217,-2.3646e-05,1.30943e-05,1.6866e-06,-6.426e-07,8.481e-07,0.0035315811,-0.0010257885,-4.06438e-05,0.0067969055,4.62525e-05,0.0027947656,-2.279632,2.711954,1.066301,0.511871,-0.510922,-0.476382,-0.500008
1403715584.06211,-2.632006,-1.071595,0.15932,-0.371502,-0.600159,-0.333453,0.624984,0.0004772932,-3.07894e-05,1.5734e-06,2.507e-06,-9.52e-08,4.943e-07,0.0035740842,-0.0010873588,-4.14714e-05,0.0067383872,4.63332e-05,0.0027949531,-2.2861,2.653898,1.07626,0.510598,-0.519671,-0.47957,-0.489129
1403715584.16211,-2.567191,-1.196856,0.190671,-0.392426,-0.619679,-0.307725,0.606057,0.000472479,-4.49541e-05,-3.62192e-05,4.8056e-06,3.4566e-06,3.2711e-06,0.0036878152,-0.0012261865,-4.36181e-05,0.0065767456,4.62706e-05,0.002794916,-2.293255,2.509641,1.106987,0.499322,-0.544859,-0.492884,-0.459214
1403715584.21211,-2.524656,-1.270003,0.213498,-0.404187,-0.632333,-0.292702,0.592548,0.0004662595,-5.1549e-05,-5.99235e-05,6.2332e-06,6.6397e-06,8.2017e-06,0.0037542612,-0.0012924661,-4.49698e-05,0.0064718284,4.61009e-05,0.0027946497,-2.293083,2.425646,1.12806,0.490285,-0.559544,-0.50197,-0.441097
1403715584.26211,-2.477218,-1.345372,0.237996,-0.415802,-0.648314,-0.278427,0.573826,0.000456576,-5.44542e-05,-8.73344e-05,7.034e-06,1.04359e-05,1.72174e-05,0.0038336846,-0.0013622555,-4.61461e-05,0.0063553877,4.56336e-05,0.0027945287,-2.289675,2.335955,1.151006,0.476027,-0.574917,-0.514294,-0.422351
1403715584.31211,-2.426207,-1.423389,0.261577,-0.425206,-0.663515,-0.265461,0.555408,0.0004447765,-5.55491e-05,-0.0001119391,7.4816e-06,1.40059e-05,2.86995e-05,0.0039192632,-0.001427352,-4.71564e-05,0.0062336328,4.49144e-05,0.0027945114,-2.283523,2.24311,1.17311,0.461728,-0.587982,-0.526401,-0.40496
1403715584.46211,-2.25901,-1.652307,0.306408,-0.441217,-0.695402,-0.242137,0.512946,0.0004127493,-5.16299e-05,-0.0001586849,7.0164e-06,1.98867e-05,6.15906e-05,0.0042135776,-0.00159312,-4.89821e-05,0.0058593378,4.18275e-05,0.0027956119,-2.250198,1.959964,1.214615,0.427092,-0.611672,-0.552857,-0.371217
1403715584.51211,-2.198904,-1.725219,0.313078,-0.4429,-0.701395,-0.239424,0.504539,0.0004064066,-4.91297e-05,-0.0001661884,6.4998e-06,2.013e-05,6.85542e-05,0.0043161136,-0.0016313067,-4.94552e-05,0.0057269914,4.03333e-05,0.0027954259,-2.234182,1.866474,1.220101,0.419778,-0.614781,-0.558214,-0.366372
1403715584.5621,-2.137169,-1.794753,0.31899,-0.444252,-0.7064,-0.237351,0.497297,0.0004008495,-4.68097e-05,-0.0001722437,6.0246e-06,2.01565e-05,7.46191e-05,0.0044196294,-0.0016617348,-5.06068e-05,0.0055905072,3.84377e-05,0.0027943536,-2.215807,1.774945,1.224507,0.413443,-0.61724,-0.562766,-0.362457
1403715584.6621,-2.014905,-1.920316,0.329293,-0.442002,-0.715483,-0.241137,0.484326,0.000394575,-3.6309e-05,-0.0001802622,3.8946e-06,1.66282e-05,8.29808e-05,0.0046259549,-0.0016983662,-5.01715e-05,0.0053296435,3.40924e-05,0.0027931319,-2.172504,1.599731,1.234724,0.400101,-0.617204,-0.572227,-0.362678
1403715584.7621,-1.89528,-2.034301,0.342066,-0.433221,-0.727928,-0.253762,0.466954,0.000388933,-1.54229e-05,-0.0001878853,1.1643e-06,7.4805e-06,9.14116e-05,0.004813773,-0.0017031309,-5.05582e-05,0.005091797,3.23164e-05,0.0027930805,-2.121719,1.43691,1.247437,0.380042,-0.612024,-0.586446,-0.37024
1403715584.81209,-1.836371,-2.086809,0.349862,-0.430048,-0.731671,-0.259437,0.460878,0.0003870985,-7.433e-06,-0.0001898218,6.963e-07,3.6703e-06,9.37393e-05,0.0049048561,-0.0017011308,-5.06634e-05,0.0049867812,3.16161e-05,0.0027929933,-2.095489,1.361035,1.25523,0.372723,-0.609942,-0.590835,-0.374116
1403715584.96209,-1.671788,-2.226941,0.379148,-0.423836,-0.743964,-0.272226,0.439059,0.0003758815,1.37435e-05,-0.0001980141,1.0701e-06,-7.2297e-06,0.0001050098,0.005172183,-0.0016748272,-5.07984e-05,0.0047079374,2.91446e-05,0.0027943431,-2.019019,1.154005,1.280503,0.348258,-0.607164,-0.604326,-0.380606
1403715585.06209,-1.575825,-2.30672,0.395413,-0.427057,-0.753989,-0.270033,0.419767,0.0003588771,1.99673e-05,-0.0002081797,1.6849e-06,-1.15782e-05,0.0001215,0.005334013,-0.0016482784,-5.0796e-05,0.0045537156,2.81669e-05,0.002794566,-1.973845,1.034404,1.294792,0.330358,-0.612914,-0.613058,-0.37331
1403715585.11209,-1.534177,-2.33896,0.401527,-0.431251,-0.757384,-0.265421,0.412242,0.0003504128,1.87825e-05,-0.0002128131,1.5778e-06,-1.14017e-05,0.000130005,0.0054055719,-0.0016317713,-5.05332e-05,0.0044825196,2.76228e-05,0.0027941314,-1.953951,0.981646,1.301611,0.324301,-0.618055,-0.61496,-0.366964
1403715585.16209,-1.496892,-2.372532,0.409307,-0.434395,-0.760408,-0.261981,0.405521,0.0003430099,1.84291e-05,-0.0002165112,1.5608e-06,-1.16282e-05,0.0001374418,0.005464717,-0.0016150875,-5.06081e-05,0.0044237425,2.6741e-05,0.0027938756,-1.93594,0.934256,1.308937,0.318736,-0.622003,-0.6169,-0.361876
1403715585.21209,-1.464795,-2.398836,0.417142,-0.437281,-0.761127,-0.258699,0.403171,0.0003395556,1.6339e-05,-0.0002183217,1.3568e-06,-1.04997e-05,0.0001411629,0.005527003,-0.0016031093,-5.0524e-05,0.0043746192,2.61183e-05,0.002793832,-1.919563,0.892922,1.316943,0.317408,-0.624984,-0.616787,-0.358078
1403715585.46208,-1.356791,-2.47282,0.470982,-0.423201,-0.747693,-0.276183,0.430788,0.0003711246,2.02259e-05,-0.0002011839,1.6796e-06,-1.09644e-05,0.0001098135,0.0056825591,-0.0015525525,-4.8231e-05,0.0042403773,2.3205e-05,0.002795317,-1.86073,0.775449,1.369631,0.33959,-0.607402,-0.60819,-0.381898
1403715585.51208,-1.33775,-2.487461,0.479762,-0.419012,-0.744278,-0.28143,0.437352,0.0003786456,2.22028e-05,-0.0001958379,1.864e-06,-1.1492e-05,0.0001020237,0.0057040582,-0.0015387827,-4.75159e-05,0.0042117832,2.28065e-05,0.0027950036,-1.853761,0.765459,1.380396,0.344577,-0.602068,-0.606631,-0.388306
1403715585.61208,-1.322239,-2.494777,0.499261,-0.409929,-0.738497,-0.290519,0.449644,0.0003922976,2.60294e-05,-0.0001852286,2.2906e-06,-1.23025e-05,8.81764e-05,0.0057411013,-0.0015278819,-4.60632e-05,0.004183724,2.17127e-05,0.0027955985,-1.845285,0.754111,1.399855,0.354023,-0.591721,-0.60367,-0.400146
1403715585.66209,-1.318338,-2.496552,0.506635,-0.406818,-0.736654,-0.293175,0.453749,0.0003965304,2.71597e-05,-0.0001815994,2.4211e-06,-1.2454e-05,8.38792e-05,0.0057480404,-0.0015224698,-4.54854e-05,0.00417346,2.14361e-05,0.0027957349,-1.843639,0.751993,1.407586,0.357286,-0.588233,-0.602819,-0.403655
1403715585.96209,-1.346767,-2.485079,0.472912,-0.422718,-0.728182,-0.268481,0.467952,0.0003983645,-2.2992e-06,-0.0001828005,5.867e-07,1.0517e-06,8.46202e-05,0.0057358838,-0.0015481151,-4.1838e-05,0.004207513,1.88853e-05,0.0027979571,-1.864332,0.773746,1.373506,0.377784,-0.60147,-0.590469,-0.383222
1403715586.06209,-1.366664,-2.471216,0.441551,-0.438449,-0.715949,-0.248488,0.483149,0.000399577,-3.00217e-05,-0.0001794109,2.8323e-06,1.3491e-05,8.12902e-05,0.0057038448,-0.001558292,-4.24519e-05,0.0042304401,1.94251e-05,0.0027976414,-1.875227,0.795208,1.343934,0.397827,-0.613449,-0.574495,-0.367928
1403715586.11209,-1.376333,-2.46018,0.43227,-0.440549,-0.70622,-0.247824,0.495734,0.0004070435,-3.86515e-05,-0.0001703844,4.2395e-06,1.6187e-05,7.20361e-05,0.0056689663,-0.001552178,-4.34991e-05,0.0042346712,2.0429e-05,0.0027969489,-1.878122,0.809341,1.335187,0.410344,-0.612701,-0.564781,-0.370459
1403715586.21208,-1.38895,-2.434541,0.424375,-0.433512,-0.693254,-0.261283,0.513028,0.000422176,-3.75688e-05,-0.0001512538,3.8951e-06,1.34528e-05,5.48693e-05,0.0055911819,-0.0015293926,-4.40885e-05,0.0042329272,2.23092e-05,0.0027944922,-1.87669,0.840154,1.328892,0.423976,-0.602051,-0.554661,-0.387468
1403715586.31208,-1.393652,-2.40689,0.424436,-0.416431,-0.691512,-0.286284,0.516176,0.0004351307,-1.58024e-05,-0.0001381069,1.1328e-06,4.9967e-06,4.45041e-05,0.0055354657,-0.001514973,-4.39321e-05,0.0042364189,2.26454e-05,0.002794561,-1.86748,0.868117,1.331119,0.420345,-0.585287,-0.557371,-0.41242
1403715586.36207,-1.396281,-2.39299,0.425661,-0.406714,-0.691944,-0.30029,0.515386,0.0004395381,-2.0324e-06,-0.0001319107,5.705e-07,5.85e-07,4.02519e-05,0.0055071356,-0.0015055635,-4.40672e-05,0.0042353498,2.29455e-05,0.0027944261,-1.861673,0.880587,1.332774,0.416071,-0.575979,-0.560376,-0.425574
1403715586.41207,-1.397849,-2.381017,0.426356,-0.398168,-0.691631,-0.312506,0.515218,0.0004428734,9.7629e-06,-0.0001256556,7.799e-07,-2.7996e-06,3.6311e-05,0.0054799067,-0.0014981519,-4.41437e-05,0.0042365481,2.32543e-05,0.0027943366,-1.856213,0.891764,1.333976,0.412906,-0.567564,-0.562373,-0.437172
1403715586.61207,-1.395739,-2.36093,0.424145,-0.382116,-0.687544,-0.331538,0.520915,0.0004505425,2.64728e-05,-0.0001099847,2.1426e-06,-6.4965e-06,2.75121e-05,0.0054337695,-0.0014841963,-4.3828e-05,0.0042366257,2.40172e-05,0.0027948817,-1.846164,0.915932,1.336782,0.413124,-0.551598,-0.562269,-0.45708
1403715586.71206,-1.393905,-2.369863,0.422788,-0.38592,-0.689317,-0.326713,0.518813,0.0004485036,2.27768e-05,-0.0001147006,1.7525e-06,-5.8575e-06,3.00054e-05,0.0054546692,-0.0014880132,-4.42947e-05,0.004231503,2.45891e-05,0.0027950464,-1.850256,0.912489,1.336952,0.412093,-0.556203,-0.562615,-0.451976
1403715586.81205,-1.392353,-2.389043,0.421731,-0.39968,-0.694965,-0.309916,0.511109,0.0004400289,9.8323e-06,-0.0001306765,8.218e-07,-2.9473e-06,3.94978e-05,0.0054979704,-0.0014993572,-4.49727e-05,0.0042268364,2.5099e-05,0.0027949761,-1.859601,0.898921,1.335548,0.408951,-0.571239,-0.564153,-0.433796
1403715586.86205,-1.39124,-2.401141,0.422621,-0.407566,-0.69915,-0.300116,0.504985,0.0004332878,3.275e-06,-0.0001407516,6.292e-07,-1.0878e-06,4.64237e-05,0.0055247078,-0.0015054614,-4.56009e-05,0.0042229263,2.53911e-05,0.0027946696,-1.86531,0.889545,1.334959,0.405549,-0.580103,-0.565924,-0.422779
1403715587.01205,-1.39111,-2.436931,0.428426,-0.421906,-0.707489,-0.284805,0.490245,0.000417459,-5.1506e-06,-0.0001590632,6.78e-07,1.9433e-06,6.13416e-05,0.005601881,-0.0015267434,-4.68792e-05,0.0042177694,2.62509e-05,0.002794283,-1.883035,0.859132,1.338261,0.395407,-0.596293,-0.569806,-0.404239
1403715587.06206,-1.39156,-2.447574,0.431908,-0.424177,-0.707733,-0.283329,0.488788,0.0004157189,-6.432e-06,-0.0001608148,7.156e-07,2.4704e-06,6.29457e-05,0.0056234926,-0.0015332878,-4.71676e-05,0.0042169794,2.62662e-05,0.0027939453,-1.888646,0.849376,1.340336,0.394412,-0.598552,-0.569426,-0.402404
1403715587.11207,-1.392195,-2.457385,0.435796,-0.424554,-0.7067,-0.28416,0.489471,0.0004164207,-6.6078e-06,-0.0001599161,7.231e-07,2.5203e-06,6.21476e-05,0.0056440029,-0.0015400384,-4.73794e-05,0.0042169895,2.6277e-05,0.0027937251,-1.893886,0.84047,1.343447,0.39485,-0.598663,-0.568306,-0.403392
1403715587.21208,-1.394653,-2.474963,0.448078,-0.416258,-0.70255,-0.295365,0.495896,0.0004249322,5.936e-07,-0.0001499699,6.253e-07,-2.302e-07,5.36549e-05,0.005684148,-0.0015535333,-4.75222e-05,0.0042177398,2.63313e-05,0.0027936668,-1.903838,0.824061,1.354976,0.398156,-0.589524,-0.566583,-0.415833
1403715587.26208,-1.396029,-2.483935,0.455946,-0.411751,-0.700747,-0.299959,0.499439,0.0004286868,3.7153e-06,-0.0001449752,6.581e-07,-1.2784e-06,4.97482e-05,0.0057012216,-0.001560997,-4.7564e-05,0.00422008,2.63283e-05,0.0027935332,-1.909095,0.816063,1.36221,0.40032,-0.584793,-0.566008,-0.421185
1403715587.31209,-1.395679,-2.494473,0.46498,-0.407501,-0.699622,-0.302035,0.503236,0.0004309828,5.2633e-06,-0.0001406973,6.891e-07,-1.7425e-06,4.66434e-05,0.0057199174,-0.0015680785,-4.76766e-05,0.004221255,2.63317e-05,0.0027932957,-1.915081,0.807853,1.370175,0.403058,-0.580925,-0.565605,-0.424455
1403715587.36209,-1.396849,-2.505652,0.472919,-0.406523,-0.698154,-0.299408,0.507617,0.0004325126,2.0151e-06,-0.0001383094,6.349e-07,-6.672e-07,4.49377e-05,0.0057450439,-0.001575398,-4.7681e-05,0.0042203916,2.63268e-05,0.0027932018,-1.92188,0.79885,1.37776,0.40782,-0.579871,-0.564244,-0.423158
1403715587.56208,-1.397975,-2.556809,0.500943,-0.421753,-0.688341,-0.276244,0.521536,0.0004314204,-2.74364e-05,-0.0001372804,2.3839e-06,8.7217e-06,4.44058e-05,0.005860558,-0.0016111911,-4.78786e-05,0.0042206309,2.63905e-05,0.0027933218,-1.946997,0.753592,1.406657,0.427239,-0.592365,-0.550403,-0.40451
1403715587.61208,-1.393157,-2.570857,0.508422,-0.430541,-0.684572,-0.270687,0.522231,0.0004285933,-3.61251e-05,-0.0001388405,3.6854e-06,1.16981e-05,4.56998e-05,0.005891155,-0.001614659,-4.77813e-05,0.0042134013,2.6142e-05,0.0027930769,-1.950016,0.739682,1.414161,0.429254,-0.600044,-0.544219,-0.399394
1403715587.76209,-1.362661,-2.610463,0.531181,-0.461726,-0.672853,-0.267199,0.512525,0.0004168822,-5.09059e-05,-0.0001473171,6.8669e-06,1.79907e-05,5.27968e-05,0.0059765836,-0.0016049917,-4.79963e-05,0.0041721262,2.58643e-05,0.0027923425,-1.94321,0.69236,1.436236,0.420535,-0.62727,-0.524245,-0.393511
1403715587.8121,-1.346223,-2.620755,0.539514,-0.473293,-0.66647,-0.271813,0.507867,0.0004143827,-5.27943e-05,-0.0001487372,7.3771e-06,1.89515e-05,5.41229e-05,0.0060029583,-0.0015907071,-4.78071e-05,0.004146607,2.54337e-05,0.0027917397,-1.934907,0.675652,1.443745,0.414725,-0.636741,-0.514973,-0.396698
1403715587.9621,-1.282226,-2.645161,0.569039,-0.503873,-0.640992,-0.307701,0.49047,0.0004185734,-4.48155e-05,-0.0001464127,5.4667e-06,1.56724e-05,5.19525e-05,0.0060624584,-0.0015314224,-4.78997e-05,0.0040637985,2.50462e-05,0.0027920012,-1.891341,0.62313,1.468448,0.388258,-0.659334,-0.48226,-0.426575
1403715588.06211,-1.230116,-2.654307,0.585211,-0.520882,-0.618039,-0.343175,0.478477,0.0004271269,-3.37654e-05,-0.0001374963,3.3474e-06,1.08569e-05,4.49848e-05,0.006092767,-0.001473776,-4.8394e-05,0.0039951545,2.5285e-05,0.0027913565,-1.85028,0.584698,1.484895,0.367874,-0.668824,-0.456671,-0.456947
1403715588.26211,-1.105806,-2.692907,0.587777,-0.55476,-0.566838,-0.405286,0.454619,0.0004419572,-2.10395e-05,-0.0001178452,1.7063e-06,5.5934e-06,3.21343e-05,0.0061773038,-0.0013475332,-4.95864e-05,0.0038568089,2.49919e-05,0.0027915458,-1.758633,0.491629,1.477316,0.328538,-0.687645,-0.398732,-0.510122
1403715588.36212,-1.047402,-2.71844,0.5555,-0.576715,-0.540111,-0.425881,0.4408,0.0004437803,-2.28463e-05,-0.0001137035,1.8864e-06,5.84e-06,2.98379e-05,0.0062462239,-0.0012847441,-5.12583e-05,0.0037899761,2.50073e-05,0.0027900306,-1.714718,0.435237,1.442565,0.310525,-0.701296,-0.367801,-0.525818
1403715588.56212,-0.910375,-2.812503,0.49359,-0.615918,-0.495057,-0.457249,0.408028,0.0004440535,-2.33227e-05,-0.0001140428,1.9611e-06,5.9831e-06,3.0007e-05,0.006467265,-0.0011687496,-5.37447e-05,0.0036719196,2.39869e-05,0.0027912577,-1.636199,0.293661,1.366325,0.270465,-0.727172,-0.313967,-0.547263
1403715588.66212,-0.839396,-2.874516,0.464723,-0.638272,-0.476409,-0.463698,0.388107,0.0004392104,-2.48822e-05,-0.0001225198,2.1575e-06,6.9393e-06,3.49089e-05,0.0066252055,-0.0011059077,-5.55161e-05,0.0036150767,2.33414e-05,0.0027925033,-1.601762,0.209673,1.329254,0.249437,-0.743778,-0.290012,-0.548152
1403715588.81212,-0.731559,-2.981671,0.42166,-0.674436,-0.45694,-0.465061,0.346497,0.0004234516,-1.94263e-05,-0.0001466229,1.6535e-06,6.7299e-06,5.15352e-05,0.0069075754,-0.0010059594,-5.88998e-05,0.0035391373,2.23889e-05,0.0027951091,-1.554938,0.071566,1.272789,0.208828,-0.773419,-0.261573,-0.538328
1403715588.91213,-0.659729,-3.055871,0.390978,-0.700556,-0.448668,-0.460117,0.310178,0.0004051139,-1.00517e-05,-0.000168328,1.0196e-06,4.1781e-06,7.074e-05,0.0071116638,-0.0009329452,-6.17319e-05,0.0034957441,2.17491e-05,0.002797429,-1.52369,-0.023549,1.233172,0.17511,-0.796354,-0.246404,-0.523877
1403715588.96213,-0.623101,-3.091566,0.375175,-0.713333,-0.444087,-0.456602,0.29233,0.0003947804,-5.4127e-06,-0.0001783014,8.476e-07,2.4445e-06,8.13485e-05,0.0072114161,-0.0008956431,-6.33194e-05,0.0034772482,2.14437e-05,0.0027987175,-1.506888,-0.070097,1.213189,0.158793,-0.807424,-0.238427,-0.515762
1403715589.11213,-0.511553,-3.184181,0.337209,-0.744831,-0.423631,-0.451029,0.249673,0.000371486,3.7757e-06,-0.000196709,8.215e-07,-1.9973e-06,0.0001050149,0.0074763064,-0.0007626275,-6.85572e-05,0.0034276427,2.04813e-05,0.0028033623,-1.445492,-0.197543,1.162653,0.119175,-0.832251,-0.210068,-0.49903
1403715589.16213,-0.471982,-3.207192,0.330793,-0.752597,-0.415311,-0.451034,0.240173,0.0003673769,5.1189e-06,-0.0001995104,8.585e-07,-2.7762e-06,0.0001092155,0.0075472491,-0.0007150965,-7.06259e-05,0.0034152844,2.01675e-05,0.0028053236,-1.419331,-0.234277,1.151765,0.110007,-0.837485,-0.199951,-0.496527
1403715589.21213,-0.431371,-3.225571,0.328596,-0.758501,-0.407174,-0.452637,0.232393,0.0003654003,6.3038e-06,-0.000200844,8.993e-07,-3.4598e-06,0.0001112714,0.0076041069,-0.0006605506,-7.28039e-05,0.0034033817,1.98947e-05,0.0028073214,-1.389615,-0.26765,1.145419,0.102063,-0.840998,-0.190447,-0.496021
1403715589.26213,-0.395652,-3.237279,0.318997,-0.763592,-0.400053,-0.454332,0.224651,0.0003634917,7.7289e-06,-0.0002019644,9.425e-07,-4.2839e-06,0.0001130167,0.0076453858,-0.0006052363,-7.43805e-05,0.0033905057,2.04752e-05,0.0028052102,-1.356817,-0.298063,1.142134,0.094025,-0.84423,-0.181031,-0.495646
1403715589.31213,-0.356484,-3.25168,0.323499,-0.770008,-0.392107,-0.454154,0.216991,0.0003601225,8.5702e-06,-0.0002040826,9.59e-07,-4.8367e-06,0.0001164481,0.0076694797,-0.0005543726,-7.6249e-05,0.003380599,1.87186e-05,0.0028059623,-1.320502,-0.325421,1.142009,0.086884,-0.848337,-0.171578,-0.493294
1403715589.36212,-0.319046,-3.259568,0.321593,-0.77695,-0.384835,-0.45278,0.207942,0.0003552023,9.8951e-06,-0.0002069565,9.878e-07,-5.7452e-06,0.000121332,0.0076982743,-0.0004976486,-7.61331e-05,0.0033680053,1.72691e-05,0.0028022685,-1.28064,-0.34999,1.144957,0.078691,-0.853173,-0.16255,-0.48937
1403715589.41212,-0.273264,-3.261819,0.329013,-0.783982,-0.376234,-0.450994,0.20106,0.0003511616,9.5599e-06,-0.0002092913,9.634e-07,-5.677e-06,0.0001254947,0.0077132505,-0.0004426056,-7.81173e-05,0.0033625406,1.60672e-05,0.0028031233,-1.23717,-0.371679,1.150509,0.072473,-0.85763,-0.152355,-0.485807
1403715589.5121,-0.157259,-3.211289,0.307043,-0.796938,-0.360894,-0.446463,0.187923,0.0003426739,9.5689e-06,-0.0002135414,8.162e-07,-5.993e-06,0.000133721,0.0076845699,-0.0002992601,-6.73604e-05,0.0033230696,1.57406e-05,0.0027832776,-1.138222,-0.406719,1.16329,0.059662,-0.865729,-0.132887,-0.47885
1403715589.5621,-0.106121,-3.174938,0.307138,-0.801585,-0.35535,-0.445443,0.181024,0.0003386608,1.05671e-05,-0.000215356,7.799e-07,-6.7719e-06,0.0001375574,0.0075194644,-0.0001870961,-6.35686e-05,0.0032922548,1.34555e-05,0.0027772507,-1.082155,-0.420125,1.170567,0.053094,-0.868519,-0.12611,-0.476396
1403715589.61211,-0.051241,-3.142323,0.308761,-0.805682,-0.350114,-0.444444,0.175405,0.0003351856,1.15464e-05,-0.0002167664,7.93e-07,-7.515e-06,0.0001407437,0.0073941041,-0.0001081712,-6.03058e-05,0.0032751258,1.60898e-05,0.0027719815,-1.021318,-0.430497,1.180463,0.04784,-0.870946,-0.12045,-0.473981
1403715589.86212,0.271839,-2.947999,0.421126,-0.779752,-0.329314,-0.499029,0.185765,0.0003863801,1.65936e-05,-0.000185338,1.0944e-06,-8.0017e-06,8.93855e-05,0.0068766893,0.0003271222,-6.04263e-05,0.0033001911,1.493e-05,0.002771024,-0.634774,-0.434244,1.298182,0.043286,-0.840335,-0.107377,-0.529566
1403715589.91212,0.342099,-2.900111,0.452148,-0.770321,-0.324427,-0.513652,0.193685,0.0004005129,1.50608e-05,-0.0001732562,9.485e-07,-6.5559e-06,7.54159e-05,0.0067063537,0.0004071147,-6.0768e-05,0.003319343,1.44339e-05,0.0027709509,-0.547204,-0.42718,1.330088,0.046971,-0.82999,-0.105129,-0.545767
1403715590.36211,0.922384,-2.445897,0.66736,-0.742452,-0.348737,-0.534576,0.203412,0.0004178294,3.14536e-05,-0.0001540605,2.7628e-06,-1.16413e-05,5.72822e-05,0.0056530299,0.0009631537,-6.59627e-05,0.0036621859,8.7056e-06,0.0027772357,0.204262,-0.313351,1.557809,0.051267,-0.809786,-0.136161,-0.568401
1403715590.46211,1.032216,-2.33479,0.706387,-0.730818,-0.375216,-0.532968,0.202642,0.0004139571,4.5914e-05,-0.0001552032,5.4939e-06,-1.72628e-05,5.86789e-05,0.0054268855,0.0010296325,-6.75552e-05,0.0037651398,7.1596e-06,0.0027798467,0.357883,-0.269572,1.601527,0.051124,-0.805728,-0.164796,-0.566599
1403715590.66211,1.218968,-2.088033,0.776775,-0.705267,-0.433769,-0.515355,0.221026,0.0004034315,5.91335e-05,-0.0001626535,9.0624e-06,-2.38997e-05,6.60913e-05,0.0049626519,0.0010845033,-6.81767e-05,0.0039691921,3.6396e-06,0.0027842127,0.647855,-0.143591,1.681306,0.073883,-0.796992,-0.227858,-0.554464
1403715590.76211,1.293866,-1.950799,0.806472,-0.698422,-0.453744,-0.493418,0.250724,0.0004019888,4.25142e-05,-0.0001694368,4.8846e-06,-1.79693e-05,7.19479e-05,0.0047361623,0.0010737348,-6.92647e-05,0.0040620416,1.6271e-06,0.0027885874,0.782734,-0.060452,1.717285,0.108591,-0.795773,-0.248887,-0.541304
1403715590.91211,1.393432,-1.73512,0.855393,-0.671803,-0.482911,-0.4742,0.301018,0.0004120272,2.35524e-05,-0.0001635233,1.7306e-06,-9.3771e-06,6.54398e-05,0.0044096781,0.0010195662,-7.19285e-05,0.0041928116,-9.173e-07,0.0027963615,0.977013,0.082931,1.774433,0.162321,-0.778111,-0.283938,-0.536264
1403715590.96211,1.422002,-1.661019,0.871175,-0.660649,-0.495859,-0.467942,0.314161,0.0004139469,2.15765e-05,-0.0001619043,1.5102e-06,-8.4647e-06,6.38666e-05,0.0043112397,0.0009964332,-7.19388e-05,0.004237478,-1.7316e-06,0.0027990805,1.039516,0.133992,1.793268,0.176771,-0.770873,-0.299377,-0.533747
1403715591.01211,1.447157,-1.588201,0.889323,-0.649707,-0.510054,-0.460571,0.324962,0.0004141505,2.09134e-05,-0.0001619042,1.4394e-06,-8.2012e-06,6.38303e-05,0.0042103137,0.0009665495,-6.97204e-05,0.0042768992,-1.9241e-06,0.0027996208,1.100519,0.186012,1.811388,0.189325,-0.764175,-0.315922,-0.529519
1403715591.11211,1.496758,-1.438438,0.917891,-0.626469,-0.541167,-0.44292,0.344234,0.0004121845,2.11577e-05,-0.0001642501,1.4687e-06,-8.452e-06,6.59961e-05,0.0040306726,0.0008996496,-6.94911e-05,0.004350622,-4.2632e-06,0.0028057541,1.218255,0.293245,1.845696,0.212858,-0.750183,-0.352024,-0.517689
1403715591.16211,1.519517,-1.363038,0.930697,-0.612266,-0.558926,-0.435234,0.351145,0.0004104913,2.48776e-05,-0.0001656494,1.8938e-06,-1.00572e-05,6.73986e-05,0.0039501162,0.0008625088,-7.0105e-05,0.0043882083,-5.3175e-06,0.0028097587,1.275581,0.348334,1.862102,0.2217,-0.741281,-0.372916,-0.512145
1403715591.21211,1.534308,-1.288876,0.946198,-0.5974,-0.576925,-0.427559,0.357021,0.0004082451,2.92416e-05,-0.0001673465,2.4783e-06,-1.20092e-05,6.91406e-05,0.0038605093,0.0008197514,-6.51088e-05,0.0044214192,-5.0272e-06,0.0028106504,1.331147,0.404303,1.878057,0.229704,-0.731756,-0.394242,-0.506309
1403715591.2621,1.543909,-1.218218,0.972304,-0.580475,-0.595514,-0.421235,0.361903,0.0004059616,3.56335e-05,-0.0001685064,3.5139e-06,-1.48153e-05,7.0481e-05,0.0037826002,0.0007708509,-5.71823e-05,0.0044422309,-1.4846e-06,0.0028020437,1.384871,0.461546,1.893331,0.236274,-0.720542,-0.416422,-0.501591
1403715591.4621,1.58619,-0.921318,1.030879,-0.513592,-0.657304,-0.391037,0.388928,0.0004000742,4.98505e-05,-0.0001710732,6.6e-06,-2.13391e-05,7.36843e-05,0.003524148,0.0005706029,-4.95446e-05,0.0045061989,2.7887e-06,0.0027997846,1.577149,0.70754,1.950146,0.271014,-0.672783,-0.493651,-0.479822
1403715591.5621,1.592034,-0.770952,1.047805,-0.484591,-0.682207,-0.36887,0.404599,0.0003972533,4.83503e-05,-0.0001743709,6.2793e-06,-2.12379e-05,7.70795e-05,0.0034388554,0.0004697788,-4.83487e-05,0.004518511,4.266e-06,0.0028032821,1.656686,0.840087,1.97131,0.292238,-0.651571,-0.525293,-0.462737
1403715591.6121,1.586619,-0.696097,1.055443,-0.47163,-0.692955,-0.355656,0.413387,0.0003964139,4.47184e-05,-0.0001762201,5.4416e-06,-1.98891e-05,7.88636e-05,0.0033964104,0.0004124746,-4.33592e-05,0.0045212302,6.9941e-06,0.00280073,1.692367,0.908469,1.976975,0.304367,-0.641991,-0.538997,-0.452433
1403715591.8121,1.545345,-0.388225,1.040053,-0.411589,-0.727372,-0.321151,0.445406,0.000400252,4.38633e-05,-0.0001734875,5.22e-06,-1.90133e-05,7.57046e-05,0.0032932738,0.0001844516,-3.72344e-05,0.0044835879,8.7749e-06,0.0028089381,1.812818,1.195053,1.971711,0.345089,-0.593164,-0.588259,-0.427815
1403715591.8621,1.528636,-0.31142,1.030044,-0.397325,-0.73491,-0.313576,0.451344,0.0004005399,4.46983e-05,-0.0001731322,5.4049e-06,-1.93197e-05,7.53325e-05,0.0032795958,0.0001259434,-3.63872e-05,0.0044599941,8.4886e-06,0.0028103319,1.836895,1.268599,1.962139,0.35302,-0.581347,-0.599371,-0.422102
1403715591.9121,1.519822,-0.219662,1.053536,-0.382677,-0.742408,-0.306846,0.456327,0.0004003301,4.65262e-05,-0.0001727386,5.8075e-06,-2.00622e-05,7.49685e-05,0.0032536832,5.2824e-05,-4.31421e-05,0.0044037159,2.4663e-06,0.0027917734,1.858037,1.342513,1.949342,0.360038,-0.568764,-0.610852,-0.416827
1403715592.1121,1.41954,0.084216,0.973566,-0.311319,-0.774079,-0.287679,0.470237,0.0003959527,6.65966e-05,-0.0001705719,1.16055e-05,-2.86819e-05,7.3884e-05,0.00328422,-0.0001535991,-4.05827e-05,0.0042848831,9.346e-07,0.0027941056,1.911065,1.641437,1.870537,0.378753,-0.508472,-0.660296,-0.402513
1403715592.1621,1.387588,0.157073,0.953705,-0.292282,-0.779257,-0.281811,0.477402,0.000397416,6.99933e-05,-0.0001679361,1.27297e-05,-2.95691e-05,7.13517e-05,0.0033070732,-0.0002035639,-4.0033e-05,0.004245332,-1.997e-07,0.0027938586,1.91381,1.716129,1.84935,0.387196,-0.491472,-0.670339,-0.39898
1403715592.2121,1.352241,0.225405,0.941005,-0.272228,-0.782352,-0.276051,0.487456,0.0004011459,7.31268e-05,-0.0001631064,1.373e-05,-2.97246e-05,6.66888e-05,0.0033317203,-0.0002425676,-3.95978e-05,0.0042006328,-8.933e-07,0.0027937536,1.911181,1.790325,1.831809,0.398391,-0.472882,-0.678734,-0.396222
1403715592.5121,1.041528,0.521936,0.905953,-0.154964,-0.806392,-0.228535,0.522962,0.0004026405,9.0793e-05,-0.0001531461,2.09007e-05,-3.45462e-05,5.85978e-05,0.0034975158,-0.0003352785,-3.65554e-05,0.003880936,-1.1289e-06,0.0027985106,1.78446,2.191644,1.790487,0.445591,-0.365907,-0.733432,-0.360061
1403715592.5621,0.980639,0.556095,0.908781,-0.13503,-0.809316,-0.220324,0.527477,0.0004019896,9.41237e-05,-0.000151958,2.24703e-05,-3.55966e-05,5.77791e-05,0.0035151887,-0.0003294079,-3.66533e-05,0.0038307738,-2.1845e-06,0.0027985082,1.74614,2.247913,1.789443,0.452101,-0.347538,-0.741533,-0.35349
1403715592.8621,0.564665,0.604869,0.900213,-0.035483,-0.82343,-0.138603,0.549084,0.000402976,8.30163e-05,-0.0001579914,1.7496e-05,-3.25696e-05,6.22618e-05,0.0035821559,-0.0002132898,-3.43325e-05,0.0035298734,-2.4342e-06,0.0028011151,1.418077,2.501064,1.781343,0.494527,-0.255701,-0.781849,-0.280676
1403715592.9121,0.489963,0.596997,0.899418,-0.02916,-0.8259,-0.110787,0.552056,0.0004070394,6.6711e-05,-0.0001616252,1.13249e-05,-2.65118e-05,6.45008e-05,0.0035538743,-0.0001794116,-3.38836e-05,0.0035005663,-2.3264e-06,0.0028027687,1.349275,2.528179,1.780095,0.504865,-0.250172,-0.785918,-0.254691
1403715593.16211,0.116232,0.503164,0.883513,0.022933,-0.824667,0.009896,0.565067,0.0004197731,4.0199e-06,-0.0001624453,3.729e-07,-1.5473e-06,6.31717e-05,0.0035142951,-3.9283e-05,-3.13557e-05,0.0033734455,-1.958e-07,0.0028031576,0.981448,2.630415,1.773612,0.549497,-0.199347,-0.798913,-0.141624
1403715593.21211,0.041118,0.484114,0.882294,0.040178,-0.822041,0.025414,0.567441,0.0004224398,1.7308e-06,-0.0001596815,3.442e-07,-6.485e-07,6.06671e-05,0.0034966649,-1.88316e-05,-3.06767e-05,0.0033711616,1.265e-07,0.0028046602,0.907294,2.64789,1.772056,0.555943,-0.181995,-0.800994,-0.127353
1403715593.26211,-0.032973,0.464726,0.880838,0.058188,-0.819804,0.038524,0.568376,0.0004238273,1.3557e-06,-0.0001582712,3.421e-07,-5.025e-07,5.94116e-05,0.0034908746,1.4828e-06,-2.97092e-05,0.0033736915,4.941e-07,0.0028061554,0.833604,2.664929,1.770495,0.560336,-0.164037,-0.803677,-0.114995
1403715593.4121,-0.226449,0.390784,0.878533,0.122987,-0.81165,0.055544,0.568342,0.0004235815,2.25489e-05,-0.0001573957,1.4938e-06,-8.3823e-06,5.87798e-05,0.0034595921,6.46248e-05,-2.78508e-05,0.0034033467,2.7899e-06,0.002810705,0.61518,2.7125,1.765882,0.564309,-0.099765,-0.813521,-0.098945
1403715593.5121,-0.365047,0.344868,0.875641,0.167043,-0.804312,0.063023,0.566752,0.0004210115,3.97601e-05,-0.0001572667,4.0536e-06,-1.48632e-05,5.90424e-05,0.0034421026,8.09234e-05,-2.60704e-05,0.0034389769,3.9076e-06,0.0028142378,0.470688,2.736852,1.762653,0.564786,-0.055326,-0.818297,-0.091382
1403715593.5621,-0.432916,0.318457,0.87483,0.185395,-0.799566,0.071146,0.566799,0.0004211521,4.35623e-05,-0.0001562685,4.8067e-06,-1.61771e-05,5.82814e-05,0.0034384498,9.01624e-05,-2.49448e-05,0.0034661555,4.446e-06,0.0028164382,0.398444,2.745108,1.761328,0.567017,-0.036356,-0.81865,-0.08359
1403715593.6621,-0.560706,0.25783,0.875102,0.219179,-0.784944,0.092046,0.572146,0.0004265618,4.83474e-05,-0.0001487341,5.7717e-06,-1.68675e-05,5.2154e-05,0.0034273856,0.0001030095,-2.35429e-05,0.0035307293,5.9957e-06,0.0028211146,0.2554,2.752634,1.760314,0.577731,0.000129,-0.813646,-0.064901
1403715593.7121,-0.621956,0.224562,0.874758,0.234257,-0.775354,0.103958,0.577185,0.0004314071,4.99397e-05,-0.000142158,6.0709e-06,-1.64645e-05,4.71318e-05,0.0034235888,0.0001040914,-2.21006e-05,0.0035657646,6.6027e-06,0.0028235235,0.185198,2.751922,1.760467,0.585758,0.017255,-0.808456,-0.054712
1403715593.7621,-0.681887,0.187605,0.869917,0.248923,-0.766772,0.116678,0.580072,0.0004350374,5.04429e-05,-0.0001370974,6.1331e-06,-1.59024e-05,4.34837e-05,0.0034173516,0.0001056742,-2.21189e-05,0.0036007244,8.3078e-06,0.0028227092,0.116331,2.747962,1.760487,0.591958,0.033648,-0.804109,-0.043216
1403715593.9621,-0.868246,0.023487,0.867539,0.316465,-0.739844,0.163438,0.570762,0.0004356661,5.47342e-05,-0.0001353503,7.1267e-06,-1.69871e-05,4.22977e-05,0.0033901407,8.51854e-05,-2.17973e-05,0.0037530181,1.32178e-05,0.0028322408,-0.137221,2.701044,1.757031,0.595368,0.105988,-0.796422,0.004529
1403715594.0621,-0.945822,-0.06476,0.861639,0.351182,-0.731301,0.186972,0.553995,0.000430111,5.29504e-05,-0.0001440069,6.7742e-06,-1.77138e-05,4.84653e-05,0.0034017386,5.29361e-05,-2.02989e-05,0.0038096752,1.55137e-05,0.0028374222,-0.249289,2.659646,1.752965,0.585568,0.141808,-0.797498,0.031672
1403715594.1621,-1.005144,-0.160194,0.856938,0.381786,-0.722943,0.211361,0.535649,0.0004251056,4.69934e-05,-0.000152608,5.4449e-06,-1.68529e-05,5.50274e-05,0.0034116277,1.90044e-05,-1.8002e-05,0.0038732152,1.79016e-05,0.0028399734,-0.352722,2.607798,1.749125,0.574404,0.173452,-0.797727,0.060084
1403715594.3121,-1.08639,-0.310498,0.851205,0.424056,-0.704222,0.243594,0.514694,0.0004215267,4.24306e-05,-0.0001585771,4.501e-06,-1.59401e-05,5.98831e-05,0.0034183731,-4.53421e-05,-2.00795e-05,0.0039495958,2.34297e-05,0.0028430594,-0.494827,2.513342,1.746569,0.56295,0.219319,-0.790968,0.096744
1403715594.3621,-1.108484,-0.362835,0.850837,0.438192,-0.695469,0.252893,0.51025,0.0004214587,4.33392e-05,-0.0001585779,4.6819e-06,-1.6282e-05,5.98887e-05,0.003426056,-6.97091e-05,-2.00314e-05,0.0039803963,2.54493e-05,0.0028459223,-0.53892,2.477679,1.746585,0.561183,0.235316,-0.786308,0.106878
1403715594.6121,-1.185249,-0.648008,0.841648,0.519772,-0.639854,0.2896,0.486371,0.0004149031,6.07643e-05,-0.0001608192,9.1007e-06,-2.35321e-05,6.25315e-05,0.0034701058,-0.0002131421,-1.8303e-05,0.0040636463,3.2603e-05,0.002849389,-0.730725,2.2648,1.747728,0.54818,0.329057,-0.754407,0.148643
1403715594.6621,-1.179479,-0.712616,0.846624,0.536534,-0.629374,0.296226,0.477775,0.0004110697,6.25582e-05,-0.0001641994,9.7007e-06,-2.49735e-05,6.5768e-05,0.0034687636,-0.0002649693,-1.78447e-05,0.0040790016,2.99053e-05,0.0028407615,-0.762087,2.214908,1.747434,0.541624,0.348217,-0.748724,0.157498
1403715594.7121,-1.179693,-0.771994,0.846826,0.552578,-0.621971,0.303224,0.464612,0.0004054805,6.06628e-05,-0.0001703645,9.245e-06,-2.54738e-05,7.17558e-05,0.003485418,-0.0003051778,-2.29592e-05,0.0040658293,2.83059e-05,0.0028384044,-0.790785,2.162196,1.746262,0.530721,0.366273,-0.745615,0.168059
1403715594.8621,-1.156331,-0.962928,0.839183,0.59124,-0.606064,0.337502,0.411356,0.0003922518,3.39448e-05,-0.000189186,3.1042e-06,-1.63601e-05,9.14249e-05,0.0036049137,-0.0004005252,-2.43476e-05,0.0040502152,3.02354e-05,0.0028415904,-0.86463,1.9872,1.739655,0.488596,0.408024,-0.740598,0.2152
1403715594.9121,-1.139858,-1.024871,0.835753,0.60363,-0.59824,0.348516,0.39532,0.0003887856,2.63259e-05,-0.0001930944,1.9372e-06,-1.30625e-05,9.60796e-05,0.0036393461,-0.0004430754,-2.97209e-05,0.0040272797,2.71297e-05,0.0028399218,-0.887177,1.92354,1.737533,0.476069,0.421962,-0.736507,0.229935
1403715594.9621,-1.12628,-1.094556,0.833289,0.61562,-0.589254,0.358711,0.380944,0.0003862336,2.01707e-05,-0.0001958362,1.2058e-06,-1.02149e-05,9.94743e-05,0.0036892743,-0.0004711601,-3.05486e-05,0.0040074774,2.71559e-05,0.0028409037,-0.909433,1.8573,1.735141,0.464938,0.435914,-0.731087,0.243576
1403715595.1621,-1.055613,-1.39249,0.824641,0.657917,-0.54244,0.400091,0.335904,0.000386807,3.6539e-06,-0.0001968973,1.847e-07,-1.8486e-06,0.000100402,0.0039867677,-0.0005981948,-3.23838e-05,0.0039430472,2.93026e-05,0.0028470409,-0.998232,1.566717,1.726333,0.432629,0.489217,-0.697395,0.295201
1403715595.2621,-1.015793,-1.55531,0.821915,0.674585,-0.514244,0.424171,0.317122,0.0003936316,-3.49e-06,-0.0001920078,1.816e-07,1.715e-06,9.38292e-05,0.0041834201,-0.0006491483,-3.24429e-05,0.0039057615,3.10691e-05,0.0028505889,-1.044062,1.407256,1.723279,0.420939,0.512886,-0.674681,0.323372
1403715595.4121,-0.95586,-1.817336,0.810228,0.696651,-0.46572,0.460914,0.292131,0.0004080071,-9.7061e-06,-0.0001800845,3.868e-07,4.2955e-06,7.96511e-05,0.0045525348,-0.0007205358,-3.24801e-05,0.0038626046,3.46437e-05,0.0028570435,-1.114556,1.156823,1.713883,0.406687,0.547219,-0.633745,0.365416
1403715595.4621,-0.933318,-1.902885,0.804922,0.702772,-0.447951,0.473859,0.284444,0.0004138951,-1.09095e-05,-0.0001745863,4.39e-07,4.6161e-06,7.38034e-05,0.0046942104,-0.000754599,-3.56373e-05,0.0038387497,3.11056e-05,0.0028568295,-1.138273,1.071665,1.710288,0.402693,0.55786,-0.618317,0.379897
1403715595.5121,-0.911414,-1.990464,0.8007,0.709881,-0.428133,0.485009,0.278454,0.0004195757,-8.7918e-06,-0.0001691603,3.375e-07,3.558e-06,6.83584e-05,0.00483916,-0.0007730435,-3.56414e-05,0.00382511,3.24901e-05,0.0028592316,-1.162297,0.98638,1.706858,0.399886,0.570005,-0.601139,0.392202
1403715595.5621,-0.889024,-2.076633,0.797037,0.717278,-0.407043,0.494738,0.273976,0.000424871,-4.1704e-06,-0.0001638421,1.956e-07,1.6203e-06,6.33375e-05,0.0049942951,-0.000791506,-3.56771e-05,0.0038125885,3.38787e-05,0.0028617205,-1.186447,0.901343,1.703864,0.398166,0.582754,-0.58284,0.402696
1403715595.6121,-0.867747,-2.164709,0.794271,0.724882,-0.381507,0.503264,0.27518,0.0004311783,7.1117e-06,-0.0001566544,2.714e-07,-2.5738e-06,5.70661e-05,0.0051507679,-0.0008105254,-3.91821e-05,0.0037946393,3.0905e-05,0.0028564809,-1.210463,0.816951,1.701373,0.401586,0.596872,-0.560307,0.410533
1403715595.6621,-0.845508,-2.250169,0.791384,0.731265,-0.353894,0.512449,0.278221,0.0004375151,2.07373e-05,-0.000147663,1.1377e-06,-6.9915e-06,4.99832e-05,0.0053190205,-0.0008259024,-3.99835e-05,0.0037814357,3.14443e-05,0.0028573838,-1.233176,0.733306,1.699334,0.40702,0.610372,-0.535439,0.418443
1403715595.8621,-0.749246,-2.558582,0.785126,0.742814,-0.240089,0.550252,0.296323,0.000450209,8.28332e-05,-0.000102515,1.54004e-05,-1.88627e-05,2.34776e-05,0.005982038,-0.0008490939,-4.30033e-05,0.0037278823,3.33961e-05,0.00286307,-1.300014,0.425163,1.695817,0.434534,0.651988,-0.428797,0.449704
1403715595.9121,-0.721769,-2.619171,0.790101,0.740343,-0.215907,0.561885,0.299268,0.0004516582,9.44074e-05,-8.88946e-05,1.98954e-05,-1.8583e-05,1.76285e-05,0.0061200073,-0.00084177,-4.4534e-05,0.0037159745,3.26312e-05,0.0028629096,-1.308073,0.359495,1.697655,0.440352,0.656185,-0.40471,0.460139
1403715596.0621,-0.645753,-2.755509,0.806412,0.715785,-0.167058,0.614562,0.286456,0.0004655145,9.79162e-05,-3.83728e-05,2.07614e-05,-8.0727e-06,3.2945e-06,0.0064502281,-0.0007995514,-4.64891e-05,0.0036941514,3.50807e-05,0.0028684123,-1.309226,0.208426,1.713307,0.442152,0.645749,-0.350997,0.514119
1403715596.1121,-0.625623,-2.783251,0.814568,0.706786,-0.159307,0.631624,0.275909,0.0004706757,9.07963e-05,-2.38746e-05,1.76811e-05,-4.6068e-06,1.3432e-06,0.0065099538,-0.0007825143,-4.70332e-05,0.0036924052,3.61607e-05,0.0028707442,-1.304356,0.17683,1.722337,0.436572,0.639213,-0.341076,0.53337
1403715596.1621,-0.60941,-2.801249,0.824589,0.703502,-0.153571,0.640142,0.267804,0.0004728991,8.68812e-05,-1.77762e-05,1.61284e-05,-3.2674e-06,8.016e-07,0.0065556828,-0.0007699683,-4.75858e-05,0.0036947409,3.72654e-05,0.0028732097,-1.297984,0.155663,1.73327,0.431078,0.637602,-0.33463,0.543746
1403715596.3121,-0.586848,-2.798608,0.865331,0.739212,-0.156162,0.610761,0.236961,0.0004675194,7.65154e-05,-6.78193e-05,1.26905e-05,-1.11041e-05,9.9683e-06,0.0065543833,-0.0007526851,-4.98209e-05,0.0037157013,3.79339e-05,0.0028764355,-1.274144,0.152067,1.77284,0.393724,0.67131,-0.346672,0.523598
1403715596.3621,-0.585637,-2.783544,0.87863,0.760306,-0.160754,0.588544,0.222954,0.0004577939,7.11001e-05,-9.84488e-05,1.12109e-05,-1.52967e-05,2.13048e-05,0.0065097315,-0.0007503567,-4.99771e-05,0.003728747,3.91096e-05,0.002878934,-1.263915,0.167071,1.786593,0.374388,0.690404,-0.35678,0.505861
1403715596.41209,-0.586363,-2.761184,0.89318,0.780134,-0.166564,0.566969,0.205412,0.0004451261,6.16275e-05,-0.0001274092,8.6999e-06,-1.7648e-05,3.66057e-05,0.006458683,-0.0007492085,-4.98415e-05,0.0037395688,3.94372e-05,0.0028808146,-1.25206,0.187554,1.800474,0.351852,0.707957,-0.367766,0.489649
1403715596.46209,-0.586258,-2.735935,0.907304,0.797442,-0.170974,0.547411,0.187605,0.0004305772,5.15934e-05,-0.0001517708,6.3499e-06,-1.81953e-05,5.36392e-05,0.0063934854,-0.0007474627,-4.97515e-05,0.0037543838,4.0704e-05,0.0028834317,-1.237881,0.211684,1.814914,0.329561,0.723463,-0.376719,0.475483
1403715596.56209,-0.581067,-2.677705,0.937041,0.825018,-0.174603,0.514644,0.154924,0.0004001914,3.37445e-05,-0.0001871009,3.0138e-06,-1.57877e-05,8.76319e-05,0.0062560532,-0.0007361197,-4.96758e-05,0.0037822677,4.33525e-05,0.002889157,-1.201486,0.264432,1.844926,0.289483,0.74909,-0.38774,0.452468
1403715596.61209,-0.574327,-2.642502,0.953594,0.836177,-0.1736,0.500985,0.140304,0.000385582,2.64877e-05,-0.0001995053,1.9872e-06,-1.3717e-05,0.0001033884,0.0061822031,-0.0007253513,-4.78262e-05,0.0037875169,4.13042e-05,0.0028882309,-1.178937,0.290354,1.8601,0.271826,0.760095,-0.389908,0.443106
1403715596.71209,-0.549752,-2.580626,0.984912,0.853634,-0.166251,0.479989,0.115245,0.0003612009,1.57394e-05,-0.0002158474,8.531e-07,-9.4188e-06,0.0001291629,0.0060349045,-0.0006905368,-4.71286e-05,0.0038013919,4.61252e-05,0.0028929458,-1.124063,0.335542,1.890435,0.242196,0.778904,-0.387644,0.429401
1403715596.76209,-0.530338,-2.548586,0.999948,0.860132,-0.159581,0.472876,0.105336,0.0003523213,1.26613e-05,-0.0002206442,6.193e-07,-7.9429e-06,0.0001383625,0.0059664093,-0.0006644011,-4.66362e-05,0.0037922781,4.91185e-05,0.0028956019,-1.091194,0.353624,1.905769,0.2308,0.786945,-0.38308,0.42509
1403715596.81209,-0.50755,-2.512273,1.013704,0.866237,-0.153459,0.466036,0.094312,0.0003434915,8.4115e-06,-0.0002249757,3.663e-07,-5.522e-06,0.00014754,0.0058978268,-0.0006312837,-4.69521e-05,0.00377384,5.52741e-05,0.0028974749,-1.054582,0.368333,1.920437,0.218434,0.794444,-0.378997,0.421317
1403715596.86209,-0.480384,-2.480849,1.028226,0.871851,-0.148675,0.459116,0.083567,0.0003346898,3.8049e-06,-0.0002288116,2.028e-07,-2.6138e-06,0.0001566224,0.0058223237,-0.0005968096,-4.65722e-05,0.0037689204,5.83931e-05,0.0028995337,-1.014166,0.378917,1.934548,0.206308,0.80114,-0.375997,0.417421
1403715596.91209,-0.445943,-2.453197,1.042343,0.876936,-0.143658,0.452512,0.074688,0.0003265028,4.438e-07,-0.0002319483,1.592e-07,-3.271e-07,0.0001649792,0.0057612856,-0.0005580503,-4.6839e-05,0.0037602993,6.11434e-05,0.0029032793,-0.969609,0.384664,1.948044,0.196028,0.807382,-0.372631,0.413346
1403715597.11209,-0.260273,-2.329736,1.094144,0.884675,-0.126052,0.445243,0.056738,0.0003162505,-4.7048e-06,-0.000235473,2.129e-07,3.4986e-06,0.0001755461,0.0055971249,-0.0002975231,-5.03765e-05,0.0036024307,7.69058e-05,0.0029183399,-0.74762,0.354473,1.998213,0.177028,0.819436,-0.358607,0.410595
1403715597.16209,-0.195925,-2.307332,1.103502,0.880185,-0.12303,0.455204,0.054105,0.000326505,-6.7387e-06,-0.0002321855,2.718e-07,4.7941e-06,0.0001653208,0.0054568799,-0.0002180254,-4.84502e-05,0.0035215224,6.98068e-05,0.0029161744,-0.68017,0.332893,2.01153,0.177157,0.815963,-0.354611,0.420801
1403715597.26209,-0.044193,-2.289792,1.129292,0.864231,-0.118062,0.486909,0.045669,0.0003577075,-1.50758e-05,-0.0002186305,7.665e-07,9.2213e-06,0.0001338181,0.0053949666,-5.24705e-05,-4.59863e-05,0.0034628508,5.76941e-05,0.0029153053,-0.533008,0.275508,2.038498,0.177433,0.802205,-0.345226,0.453661
1403715597.31209,0.036002,-2.275885,1.145434,0.854433,-0.114628,0.505194,0.039781,0.0003747592,-2.05347e-05,-0.0002086849,1.2571e-06,1.14432e-05,0.0001163907,0.0053893619,3.56778e-05,-4.44249e-05,0.0034506334,5.39666e-05,0.0029160464,-0.455039,0.241191,2.051868,0.176685,0.793764,-0.339353,0.472826
1403715597.41209,0.207263,-2.261447,1.173581,0.836022,-0.104716,0.53795,0.026667,0.0004034989,-3.03366e-05,-0.0001868959,2.4159e-06,1.40622e-05,8.67415e-05,0.0053596154,0.0002094323,-4.36879e-05,0.0034585837,5.17618e-05,0.0029205655,-0.29524,0.164858,2.076841,0.172761,0.778885,-0.324816,0.507929
1403715597.46209,0.294372,-2.256462,1.18815,0.825797,-0.095451,0.555359,0.022909,0.000418494,-3.09147e-05,-0.0001732369,2.4208e-06,1.28076e-05,7.18811e-05,0.0053520365,0.0002978267,-4.37063e-05,0.0034793337,5.30151e-05,0.0029243415,-0.214704,0.123236,2.089709,0.173768,0.771603,-0.313141,0.52572
1403715597.56209,0.465179,-2.252243,1.213897,0.81175,-0.07195,0.579374,0.014532,0.0004380641,-2.77084e-05,-0.0001522512,1.8934e-06,9.6402e-06,5.30803e-05,0.0053502182,0.0004725402,-4.20486e-05,0.0035360285,4.74316e-05,0.0029218265,-0.05656,0.037962,2.112332,0.172114,0.764491,-0.286786,0.551078
1403715597.76209,0.790097,-2.253264,1.249204,-0.809365,0.020505,-0.586882,0.0088,0.0004450096,-1.78614e-05,-0.0001454724,8.668e-07,5.8483e-06,4.77239e-05,0.0053766284,0.000802535,-4.2197e-05,0.0037342193,5.19008e-05,0.0029385756,0.240162,-0.131599,2.14238,0.15163,0.776073,-0.236869,0.56446
1403715597.81209,0.867188,-2.255926,1.255644,-0.81051,0.011168,-0.58542,0.015214,0.0004441834,-1.75644e-05,-0.000146818,8.467e-07,5.8153e-06,4.86978e-05,0.0053840476,0.0008823163,-4.0918e-05,0.003796715,5.25964e-05,0.0029411371,0.310372,-0.17407,2.147763,0.145059,0.779693,-0.228235,0.564753
1403715597.91209,1.018503,-2.263915,1.268661,-0.807601,-0.005084,-0.589263,0.022882,0.0004475901,-1.44543e-05,-0.0001429077,6.235e-07,4.6243e-06,4.57993e-05,0.0054138818,0.0010411469,-3.96749e-05,0.0039364089,5.57534e-05,0.0029507539,0.446008,-0.259029,2.159108,0.138659,0.781307,-0.211884,0.570473
1403715597.96209,1.091892,-2.268982,1.27616,-0.803464,-0.010899,-0.594702,0.025617,0.0004516552,-1.32101e-05,-0.0001373741,5.453e-07,4.027e-06,4.19545e-05,0.005431525,0.0011201655,-3.86066e-05,0.004013186,5.77562e-05,0.0029559637,0.511372,-0.301352,2.165474,0.137472,0.77892,-0.205191,0.57644
1403715598.11209,1.294514,-2.295266,1.287249,-0.796733,-0.024035,-0.603301,0.025822,0.0004580693,-5.5991e-06,-0.000128594,2.336e-07,1.5804e-06,3.62712e-05,0.0054929749,0.0013436227,-4.01334e-05,0.0042515629,5.77664e-05,0.0029665042,0.69389,-0.424597,2.180319,0.139676,0.77596,-0.190808,0.584782
1403715598.21209,1.425262,-2.311054,1.286307,-0.789696,-0.028527,-0.612347,0.024443,0.0004639806,-1.6583e-06,-0.0001190044,1.75e-07,4.331e-07,3.06943e-05,0.0055528919,0.0014877322,-3.72127e-05,0.0044126243,5.33427e-05,0.0029602375,0.805843,-0.502064,2.182335,0.143435,0.770415,-0.18462,0.59313
1403715598.26209,1.4868,-2.31767,1.28399,-0.783701,-0.028765,-0.619974,0.024833,0.0004685569,-1.4615e-06,-0.0001105524,1.756e-07,3.525e-07,2.62549e-05,0.0055781351,0.0015608359,-3.55415e-05,0.0045037933,5.54049e-05,0.0029646829,0.858403,-0.53881,2.179267,0.145104,0.764732,-0.182807,0.600593
1403715598.41209,1.647807,-2.337726,1.266741,-0.758465,-0.024378,-0.650624,0.028726,0.0004836444,-5.6842e-06,-7.40875e-05,2.447e-07,8.782e-07,1.15212e-05,0.0056569752,0.0017511654,-3.57902e-05,0.0047529493,5.60919e-05,0.0029732219,0.998566,-0.638966,2.155938,0.14964,0.739374,-0.180282,0.631217
1403715598.46209,1.692895,-2.347721,1.250009,-0.749002,-0.021424,-0.661489,0.03113,0.0004875538,-8.8748e-06,-6.02745e-05,3.408e-07,1.1041e-06,7.6221e-06,0.0056733686,0.001800307,-3.88147e-05,0.0048236303,5.16512e-05,0.0029633766,1.03666,-0.66783,2.147566,0.150172,0.729531,-0.180494,0.642383
1403715598.66208,1.811883,-2.384588,1.213859,-0.738418,-0.013218,-0.673337,0.034375,0.000490998,-1.61551e-05,-4.47247e-05,7.144e-07,1.4781e-06,4.2434e-06,0.0057783519,0.0019417001,-4.51872e-05,0.0049918713,3.07702e-05,0.0029253235,1.126038,-0.756392,2.113158,0.150373,0.71702,-0.18575,0.654804
1403715598.71208,1.829491,-2.39289,1.200621,-0.746972,-0.013474,-0.664007,0.03076,0.0004886168,-1.37089e-05,-5.71872e-05,5.667e-07,1.6103e-06,6.8619e-06,0.0057878734,0.0019664683,-4.69513e-05,0.0050280002,2.9707e-05,0.0029204576,1.133152,-0.771807,2.102932,0.151251,0.725268,-0.187807,0.644857
1403715598.76208,1.847182,-2.401989,1.18326,-0.758293,-0.014461,-0.651164,0.027727,0.0004843252,-1.12664e-05,-7.36234e-05,4.421e-07,1.7177e-06,1.13618e-05,0.0057903923,0.0019797202,-4.95784e-05,0.0050451324,2.72887e-05,0.0029161328,1.135184,-0.784819,2.09129,0.150982,0.736244,-0.190288,0.631619
1403715598.81208,1.847078,-2.408839,1.17533,-0.770057,-0.015023,-0.637329,0.024448,0.0004784171,-8.8553e-06,-9.0814e-05,3.412e-07,1.6862e-06,1.74115e-05,0.0057918579,0.0019979729,-5.33483e-05,0.0050651759,2.54627e-05,0.002913401,1.132623,-0.795447,2.078538,0.150268,0.747731,-0.192843,0.61736
1403715598.86207,1.841223,-2.421016,1.164549,-0.77971,-0.015813,-0.625564,0.021726,0.000472583,-6.597e-06,-0.000104759,2.671e-07,1.4674e-06,2.33977e-05,0.0057906157,0.0019956064,-5.33145e-05,0.0050547386,2.58828e-05,0.0029128641,1.12641,-0.804234,2.065031,0.149769,0.757201,-0.194726,0.605227
1403715598.91207,1.835407,-2.429427,1.15167,-0.787812,-0.017063,-0.615403,0.018429,0.0004669562,-3.6863e-06,-0.0001164104,2.036e-07,9.233e-07,2.91995e-05,0.0058061522,0.0019928966,-5.33774e-05,0.0050364206,2.60149e-05,0.0029125999,1.11758,-0.811514,2.050571,0.150153,0.765319,-0.195688,0.594515
1403715599.06206,1.832969,-2.451751,1.106442,-0.799587,-0.019855,-0.600081,0.013009,0.0004574403,1.5794e-06,-0.000133017,1.811e-07,-4.567e-07,3.88682e-05,0.0058364532,0.001976962,-5.38943e-05,0.0049781834,2.63011e-05,0.0029124125,1.082072,-0.826863,2.00271,0.15145,0.77719,-0.196544,0.578282
1403715599.16205,1.802244,-2.471628,1.070738,-0.8005,-0.02017,-0.598872,0.012033,0.0004567752,2.5817e-06,-0.000134482,1.926e-07,-7.576e-07,3.9788e-05,0.0058434912,0.0019860743,-5.52798e-05,0.0049829768,2.62062e-05,0.0029121769,1.053806,-0.831939,1.967411,0.152017,0.778171,-0.196412,0.576856
1403715599.31204,1.791607,-2.480831,1.006492,-0.80915,-0.013026,-0.586955,0.024298,0.0004487636,-1.12019e-05,-0.0001460882,4.632e-07,3.6506e-06,4.77614e-05,0.0058838836,0.0019408963,-5.50523e-05,0.0048845166,2.70229e-05,0.0029118445,1.005008,-0.832576,1.904894,0.137668,0.784158,-0.206649,0.568719
1403715599.36204,1.779358,-2.486635,0.984406,-0.811229,-0.008541,-0.583873,0.030449,0.0004462466,-1.83299e-05,-0.0001488748,9.385e-07,6.1201e-06,4.98745e-05,0.0058631919,0.0019571583,-5.47992e-05,0.0049195975,2.70274e-05,0.0029117203,0.987245,-0.831873,1.882112,0.130945,0.784906,-0.211584,0.567458
1403715599.41203,1.784328,-2.489656,0.959394,-0.811975,-0.003125,-0.582471,0.037622,0.0004444666,-2.67657e-05,-0.0001495327,1.7977e-06,9.0103e-06,5.05154e-05,0.0058573168,0.0019434776,-5.26844e-05,0.0048956991,2.75757e-05,0.0029110061,0.968764,-0.831557,1.858815,0.123555,0.784128,-0.216867,0.568196
1403715599.61203,1.71878,-2.535647,0.868192,-0.808091,0.012912,-0.585814,0.060368,0.0004439824,-5.25982e-05,-0.0001438202,6.4295e-06,1.7047e-05,4.68047e-05,0.0059464454,0.0019241147,-5.28179e-05,0.0048165166,2.81018e-05,0.0029110132,0.886689,-0.841966,1.76589,0.10255,0.776061,-0.231113,0.577754
1403715599.66203,1.708922,-2.55338,0.846999,-0.805497,0.016299,-0.588879,0.064272,0.0004451738,-5.73915e-05,-0.0001401023,7.5989e-06,1.80708e-05,4.43087e-05,0.0059846602,0.0019207151,-5.25808e-05,0.0047900612,2.83498e-05,0.0029107111,0.862698,-0.849204,1.744336,0.099391,0.772713,-0.233307,0.581897
1403715599.91203,1.606561,-2.675558,0.747544,-0.799143,0.001039,-0.599975,0.037395,0.0004570224,-2.86652e-05,-0.0001320661,2.008e-06,8.2881e-06,3.83896e-05,0.0062667272,0.0019030215,-5.25338e-05,0.0046347499,2.96396e-05,0.0029112135,0.711482,-0.907351,1.642039,0.127937,0.770727,-0.216184,0.585558
1403715600.01203,1.55594,-2.734507,0.706326,-0.807209,-0.008202,-0.589797,0.02203,0.0004509007,-1.19066e-05,-0.0001434754,5.273e-07,3.7912e-06,4.58875e-05,0.0064121122,0.00188756,-5.21163e-05,0.0045575289,3.03378e-05,0.0029108949,0.637812,-0.934574,1.599733,0.140041,0.780853,-0.20944,0.571658
1403715600.11202,1.50381,-2.792198,0.665419,-0.811969,-0.025501,-0.583125,0.004567,0.0004459112,1.08619e-05,-0.0001504817,4.818e-07,-3.6668e-06,5.10251e-05,0.0065554914,0.0018633458,-5.175e-05,0.0044787171,3.1091e-05,0.0029109526,0.562593,-0.959734,1.558399,0.155156,0.789959,-0.19418,0.560525
1403715600.16202,1.477802,-2.819395,0.645882,0.812836,0.039304,0.58114,0.005438,0.0004430896,2.59404e-05,-0.0001521755,1.7385e-06,-8.9131e-06,5.25087e-05,0.0066221651,0.001848829,-5.15103e-05,0.0044407988,3.1587e-05,0.0029110909,0.525567,-0.970147,1.538065,0.164184,0.794501,-0.180988,0.55593
1403715600.21202,1.451696,-2.843769,0.626189,0.813045,0.055231,0.579405,0.014028,0.0004395703,4.09065e-05,-0.0001532841,4.03e-06,-1.42718e-05,5.37007e-05,0.0066842987,0.0018322282,-5.12805e-05,0.0044036438,3.20559e-05,0.0029112847,0.489872,-0.978159,1.517624,0.171971,0.798962,-0.165671,0.551944
1403715600.51202,1.285453,-2.90944,0.501015,-0.817248,-0.141452,-0.558113,0.024632,0.0004202441,5.403e-05,-0.0001717481,7.1878e-06,-2.20945e-05,7.04672e-05,0.0068557996,0.0016566569,-4.90611e-05,0.0041841104,3.47301e-05,0.0029131721,0.313576,-0.952456,1.391464,0.129184,0.826191,-0.084154,0.54189
1403715600.61202,1.22916,-2.901196,0.458229,-0.823139,-0.160973,-0.540585,0.065556,0.0004129159,3.02069e-05,-0.0001843748,2.4525e-06,-1.34972e-05,8.2615e-05,0.0068297763,0.0015775089,-4.83832e-05,0.0041171699,3.51501e-05,0.0029137257,0.270701,-0.916112,1.350684,0.085048,0.837178,-0.067063,0.536104
1403715600.66202,1.20462,-2.891688,0.441126,-0.823489,-0.173411,-0.533695,0.083452,0.0004101052,2.17597e-05,-0.0001880101,1.3985e-06,-9.9831e-06,8.64844e-05,0.0068078199,0.0015380751,-4.81545e-05,0.0040863054,3.52304e-05,0.0029140699,0.253159,-0.895316,1.333052,0.066076,0.840886,-0.055464,0.534297
1403715600.71202,1.180668,-2.880635,0.427388,-0.821422,-0.18761,-0.529358,0.099236,0.0004091978,1.63056e-05,-0.0001893665,8.954e-07,-7.5521e-06,8.79296e-05,0.0067758448,0.0015004113,-4.77858e-05,0.0040594314,3.53893e-05,0.0029146018,0.238025,-0.873089,1.318966,0.049749,0.842751,-0.041366,0.534406
1403715600.76202,1.158349,-2.867731,0.417486,-0.817147,-0.203453,-0.527291,0.113322,0.0004101181,1.35092e-05,-0.0001888606,6.924e-07,-6.2268e-06,8.72681e-05,0.0067410154,0.0014635459,-4.74892e-05,0.0040341338,3.54498e-05,0.0029150697,0.225322,-0.849909,1.30848,0.035665,0.842954,-0.025059,0.536221
1403715600.91201,1.096173,-2.817032,0.408241,-0.800986,-0.250498,-0.523223,0.148022,0.0004143497,1.15409e-05,-0.0001855412,5.737e-07,-5.1743e-06,8.33859e-05,0.0066137089,0.0013587999,-4.66055e-05,0.0039691856,3.52763e-05,0.0029160217,0.200921,-0.775793,1.297405,0.000552,0.840179,0.025281,0.541723
1403715601.01201,1.062187,-2.77524,0.418699,-0.789026,-0.27712,-0.522689,0.165647,0.00041847,1.31425e-05,-0.0001819891,6.694e-07,-5.7226e-06,7.9452e-05,0.0065049875,0.0012923351,-4.5197e-05,0.0039338469,3.57145e-05,0.0029177452,0.194935,-0.722502,1.307117,0.016618,-0.835895,-0.054129,-0.545963
1403715601.31201,0.981356,-2.615442,0.524657,-0.764456,-0.318638,-0.530384,0.181025,0.0004279699,2.84553e-05,-0.0001717159,2.1632e-06,-1.14288e-05,6.92166e-05,0.0061322834,0.0011155543,-4.11817e-05,0.0038561254,3.54411e-05,0.0029230824,0.209192,-0.54611,1.405334,0.029617,-0.823407,-0.101065,-0.557593
1403715601.36201,0.968113,-2.585114,0.548202,-0.761921,-0.323125,-0.531539,0.180369,0.0004282709,3.19308e-05,-0.0001708996,2.6504e-06,-1.27522e-05,6.8515e-05,0.0060524517,0.0010863053,-4.20911e-05,0.0038449356,3.3672e-05,0.002921534,0.213822,-0.512604,1.427573,0.028683,-0.822147,-0.106133,-0.558558
1403715601.46202,0.939189,-2.518982,0.591826,-0.759896,-0.325536,-0.531663,0.184173,0.0004297627,3.08494e-05,-0.0001698449,2.4876e-06,-1.2201e-05,6.74462e-05,0.0059055985,0.0010239446,-4.20474e-05,0.0038206666,3.2899e-05,0.0029229189,0.223566,-0.440852,1.468945,0.032294,-0.820836,-0.109051,-0.559727
1403715601.51202,0.924157,-2.483664,0.611807,-0.760052,-0.325135,-0.530881,0.186478,0.0004301806,2.87689e-05,-0.0001699263,2.1971e-06,-1.13721e-05,6.74476e-05,0.0058285608,0.0009916456,-4.27453e-05,0.0038083192,3.22142e-05,0.002923194,0.228691,-0.402713,1.487803,0.03472,-0.820875,-0.108633,-0.559604
1403715601.56202,0.908535,-2.446892,0.630941,-0.759742,-0.32396,-0.531085,0.189184,0.0004314942,2.6437e-05,-0.0001690721,1.8942e-06,-1.03658e-05,6.6574e-05,0.0057493133,0.0009590097,-4.33695e-05,0.0037962728,3.15696e-05,0.002923756,0.234295,-0.363209,1.505934,0.03726,-0.820275,-0.107567,-0.560526
1403715601.66202,0.881755,-2.369264,0.670927,-0.761215,-0.320393,-0.529455,0.193849,0.0004324208,2.0689e-05,-0.0001691424,1.2603e-06,-8.0949e-06,6.64892e-05,0.0055819515,0.0008914882,-4.74059e-05,0.003771293,3.05403e-05,0.0029231291,0.24634,-0.280306,1.539917,0.042308,-0.82066,-0.103999,-0.560278
1403715601.71202,0.866397,-2.330974,0.683885,-0.760815,-0.317797,-0.530552,0.19667,0.0004343108,1.78718e-05,-0.0001674951,1.0011e-06,-6.8925e-06,6.49167e-05,0.005496609,0.0008638764,-4.88545e-05,0.0037614462,3.24472e-05,0.002919446,0.252531,-0.237294,1.556678,0.044927,-0.819535,-0.102018,-0.562082
1403715601.76201,0.853578,-2.288534,0.700575,-0.758608,-0.316014,-0.533733,0.199444,0.000437756,1.63553e-05,-0.0001639151,8.725e-07,-6.1241e-06,6.16957e-05,0.0054152791,0.0008318972,-4.8821e-05,0.0037495703,3.26792e-05,0.0029197359,0.258958,-0.19346,1.573724,0.046776,-0.816917,-0.10092,-0.565927
1403715601.81201,0.837466,-2.24622,0.716947,-0.757325,-0.314862,-0.535738,0.200765,0.0004397236,1.57257e-05,-0.0001618708,8.25e-07,-5.7887e-06,5.99068e-05,0.0053289675,0.0008015844,-4.90721e-05,0.0037404143,3.2986e-05,0.0029201246,0.2655,-0.148745,1.590066,0.047517,-0.815377,-0.100174,-0.568215
1403715602.01201,0.773422,-2.077838,0.778495,-0.745377,-0.291699,-0.56427,0.202297,0.0004603721,1.3467e-05,-0.000134961,6.611e-07,-3.9466e-06,3.98746e-05,0.0050078912,0.000672736,-5.02304e-05,0.003693277,3.36242e-05,0.0029224105,0.286761,0.032993,1.654352,0.041337,-0.797735,-0.081456,-0.596051
1403715602.06201,0.759353,-2.039121,0.789077,-0.740779,-0.281823,-0.575445,0.201707,0.000467008,1.25625e-05,-0.0001238286,6.034e-07,-3.3293e-06,3.31289e-05,0.0049332006,0.0006445489,-4.71085e-05,0.0036785069,3.53347e-05,0.0029182745,0.289294,0.078638,1.669266,0.038003,-0.790633,-0.073725,-0.606648
1403715602.26201,0.661821,-1.8931,0.832994,-0.744179,-0.237088,-0.5946,0.190888,0.0004761091,-8.539e-07,-0.0001074436,2.714e-07,1.947e-07,2.45419e-05,0.0046841451,0.0005204539,-4.64248e-05,0.003622443,3.57339e-05,0.0029178905,0.272753,0.257051,1.713464,0.022634,-0.781994,-0.030357,-0.622136
1403715602.31202,0.632531,-1.863581,0.841976,-0.750069,-0.226894,-0.593614,0.183136,0.0004741155,-2.4552e-06,-0.0001110417,2.819e-07,5.763e-07,2.62999e-05,0.004635986,0.000485163,-4.52314e-05,0.0036011863,3.57094e-05,0.0029160981,0.2608,0.299901,1.721069,0.015668,-0.784926,-0.019339,-0.619091
1403715602.71201,0.359818,-1.651975,0.881031,-0.801963,-0.154375,-0.569036,0.096029,0.0004449219,1.03179e-05,-0.0001575646,5.362e-07,-3.6582e-06,5.61391e-05,0.0043289489,0.0002351598,-4.63316e-05,0.0034928,3.82066e-05,0.0029170765,0.110929,0.626386,1.758739,0.06166,0.815414,-0.063826,0.572037
1403715602.81201,0.289171,-1.602959,0.866793,-0.808222,-0.133983,-0.568611,0.074206,0.0004419844,1.53856e-05,-0.0001609695,8.399e-07,-5.6097e-06,5.89724e-05,0.004262474,0.0001774289,-4.69401e-05,0.0034752971,3.86809e-05,0.0029171225,0.070681,0.7071,1.745359,0.082471,0.815993,-0.08486,0.565822
1403715602.86202,0.253216,-1.575575,0.852846,-0.810872,-0.121892,-0.568515,0.066483,0.0004412807,1.45512e-05,-0.0001619508,7.868e-07,-5.3471e-06,5.97857e-05,0.0042295718,0.0001510005,-4.6977e-05,0.0034675788,3.87194e-05,0.0029163522,0.051455,0.748436,1.733691,0.089802,0.815331,-0.097098,0.563689
1403715603.16202,0.045684,-1.399751,0.731111,-0.820188,-0.055312,-0.569095,0.019047,0.0004395916,1.49033e-05,-0.000164908,8.36e-07,-5.6012e-06,6.22323e-05,0.0040244932,1.50498e-05,-4.66849e-05,0.0034574712,3.97486e-05,0.002916565,-0.050568,1.006219,1.612876,0.1356,0.806533,-0.163508,0.55171
1403715603.21202,0.010184,-1.365268,0.707717,-0.821584,-0.044116,-0.56825,0.012059,0.0004388284,1.42917e-05,-0.0001658588,7.981e-07,-5.414e-06,6.30562e-05,0.0039849904,-4.9588e-06,-4.60431e-05,0.0034578136,3.94736e-05,0.0029153034,-0.06517,1.050644,1.590382,0.142066,0.804905,-0.174632,0.549045
1403715603.26202,-0.026524,-1.332733,0.683651,-0.824662,-0.033243,-0.564629,0.004644,0.0004357586,1.41166e-05,-0.0001692257,7.909e-07,-5.4974e-06,6.60881e-05,0.0039459534,-2.36275e-05,-4.58322e-05,0.0034595573,3.93371e-05,0.0029144196,-0.079043,1.095562,1.567582,0.148014,0.80507,-0.185531,0.54363
1403715603.51202,-0.180272,-1.154643,0.580314,0.829763,-0.008462,0.557993,0.008047,0.0004312787,1.9934e-06,-0.0001753363,3.584e-07,-8.274e-07,7.16668e-05,0.0037791517,-8.72971e-05,-4.42398e-05,0.0034922491,3.96578e-05,0.0029145265,-0.126071,1.324849,1.466605,0.15842,0.799067,-0.226805,0.533812
1403715603.56203,-0.209924,-1.117094,0.563994,0.829412,-0.016764,0.558365,0.004779,0.0004315758,-4.8562e-06,-0.0001750539,4.016e-07,1.9523e-06,7.13855e-05,0.0037460827,-9.65177e-05,-4.33438e-05,0.0035008683,3.9563e-05,0.0029140641,-0.131375,1.370571,1.449807,0.155261,0.796642,-0.234527,0.535026
1403715603.61203,-0.23696,-1.079727,0.547947,0.829119,-0.02434,0.558541,0.001015,0.0004315349,-1.16937e-05,-0.0001748754,6.616e-07,4.7216e-06,7.12463e-05,0.0037147585,-0.0001036973,-4.26529e-05,0.0035100209,3.95124e-05,0.0029137823,-0.135543,1.415373,1.433989,0.151641,0.794427,-0.241675,0.536176
1403715603.76203,-0.304984,-0.974924,0.502136,-0.825251,0.047756,-0.562524,0.015694,0.0004325056,-3.69097e-05,-0.0001706741,3.493e-06,1.45517e-05,6.77314e-05,0.0036358638,-0.0001148197,-4.11645e-05,0.0035374734,3.92084e-05,0.002913808,-0.144539,1.540888,1.391007,0.136552,0.784655,-0.263073,0.544485
1403715603.81203,-0.326062,-0.944049,0.491587,-0.823294,0.053169,-0.564749,0.020447,0.0004332976,-4.3542e-05,-0.0001683885,4.7206e-06,1.69083e-05,6.58162e-05,0.0036156962,-0.0001162857,-4.03788e-05,0.0035458829,3.91894e-05,0.0029136699,-0.147438,1.578445,1.380896,0.132579,0.781384,-0.267773,0.547868
1403715603.91203,-0.365717,-0.889122,0.47693,-0.829308,0.060713,-0.554686,0.029768,0.0004229203,-5.36238e-05,-0.00017633,7.1499e-06,2.23472e-05,7.39043e-05,0.0035835592,-0.0001192314,-3.90296e-05,0.0035650439,3.89794e-05,0.0029137819,-0.155716,1.645422,1.368492,0.121217,0.785062,-0.277029,0.540594
1403715604.06203,-0.406701,-0.833862,0.469239,-0.843675,0.055857,-0.533374,0.024595,0.0004056881,-4.53309e-05,-0.0001939099,5.4019e-06,2.1663e-05,9.30971e-05,0.0035447613,-0.000120236,-3.88669e-05,0.003590474,3.9073e-05,0.0029142967,-0.168768,1.71981,1.36553,0.120716,0.800097,-0.276409,0.518529
1403715604.11204,-0.409059,-0.826369,0.470218,-0.844764,0.048927,-0.532674,0.015444,0.0004067905,-3.50505e-05,-0.0001951047,3.3413e-06,1.68055e-05,9.39892e-05,0.0035354103,-0.0001178128,-4.02998e-05,0.0035919118,3.93578e-05,0.0029139492,-0.171764,1.73749,1.366337,0.129532,0.80289,-0.270083,0.515408
1403715604.21204,-0.422246,-0.806668,0.467555,0.841943,-0.037852,0.538237,0.000432,0.0004140277,-1.79711e-05,-0.0001917358,1.1031e-06,8.3097e-06,8.92037e-05,0.0035277729,-0.0001153036,-3.9984e-05,0.0035958716,3.92191e-05,0.0029144284,-0.174036,1.765292,1.365726,0.146287,0.80312,-0.258579,0.516465
1403715604.41204,-0.420053,-0.764191,0.459497,0.837304,-0.035242,0.54539,0.015185,0.0004167311,-5.7587e-06,-0.0001838428,3.771e-07,2.5258e-06,8.14976e-05,0.0035024992,-0.0001059324,-4.19337e-05,0.0035875226,3.9265e-05,0.0029133492,-0.162342,1.802814,1.354294,0.159334,0.800725,-0.249932,0.520563
1403715604.56204,-0.408576,-0.736614,0.446831,0.831545,-0.034819,0.554091,0.017445,0.0004234239,-4.2708e-06,-0.000176523,3.41e-07,1.7696e-06,7.39772e-05,0.003485708,-9.2249e-05,-4.24049e-05,0.0035767642,3.98348e-05,0.0029132309,-0.138896,1.821952,1.341831,0.163387,0.795492,-0.247497,0.528434
1403715604.61203,-0.406384,-0.724858,0.444633,0.827572,-0.034814,0.559996,0.017797,0.0004275441,-4.3062e-06,-0.0001711177,3.393e-07,1.7141e-06,6.88609e-05,0.0034766529,-8.6363e-05,-4.17485e-05,0.0035718366,3.97861e-05,0.0029125797,-0.128827,1.826995,1.337613,0.165094,0.791734,-0.246248,0.534101
1403715605.01203,-0.339604,-0.64768,0.414725,0.824101,-0.030194,0.565199,0.022274,0.0004291941,1.2388e-06,-0.0001653107,3.023e-07,-4.806e-07,6.40434e-05,0.003433503,-5.15135e-05,-4.22777e-05,0.0035427328,4.05818e-05,0.002911858,-0.032713,1.868855,1.303916,0.171299,0.78936,-0.241472,0.537828
1403715605.11203,-0.326519,-0.622149,0.414513,0.824198,-0.028975,0.56517,0.021017,0.0004286179,7.486e-07,-0.0001652214,3.04e-07,-2.92e-07,6.40628e-05,0.00342608,-4.40557e-05,-4.18483e-05,0.0035345897,4.0452e-05,0.0029119211,-0.004677,1.880302,1.300151,0.170555,0.789537,-0.241117,0.537965
1403715605.21203,-0.304251,-0.598766,0.414378,0.822125,-0.027075,0.568309,0.02004,0.0004298126,9.776e-07,-0.0001619323,3.046e-07,-3.693e-07,6.13786e-05,0.0034148055,-3.6103e-05,-4.14579e-05,0.0035285996,4.04721e-05,0.0029117481,0.025722,1.891776,1.29975,0.170646,0.787977,-0.23888,0.54121
1403715605.56203,-0.225638,-0.515147,0.400381,-0.820955,0.031829,-0.570093,0.003613,0.0004290492,-1.95082e-05,-0.0001601312,1.2043e-06,7.2917e-06,6.01424e-05,0.0033872382,-7.9108e-06,-4.06769e-05,0.0035022144,3.99707e-05,0.0029124866,0.138812,1.927362,1.285473,0.149372,0.785229,-0.244799,0.548796
1403715605.81203,-0.164036,-0.472067,0.347853,0.820337,-0.021775,0.571445,0.004831,0.0004303769,-7.9626e-06,-0.0001586974,4.761e-07,2.9471e-06,5.89007e-05,0.0033755099,6.1664e-06,-3.98629e-05,0.0034884078,3.9219e-05,0.0029131354,0.212287,1.935776,1.233563,0.158084,0.787112,-0.235279,0.547821
1403715605.86204,-0.151336,-0.464786,0.339366,0.819855,-0.019596,0.572196,0.006743,0.0004304394,-5.4011e-06,-0.0001577728,3.948e-07,1.9919e-06,5.82064e-05,0.0033722167,8.9028e-06,-3.95557e-05,0.0034850647,3.8884e-05,0.0029128668,0.226726,1.93565,1.22489,0.1603,0.787129,-0.233303,0.547998
1403715606.31204,-0.034582,-0.397056,0.23619,-0.817115,0.014737,-0.576286,4.4e-05,0.0004341215,-8.0545e-06,-0.0001542436,5.092e-07,2.8768e-06,5.52111e-05,0.0033624399,2.91604e-05,-3.86064e-05,0.0034697378,3.75288e-05,0.0029162953,0.361177,1.943575,1.123906,0.155285,0.785617,-0.228351,0.553668
1403715606.41204,-0.012597,-0.376873,0.221941,-0.817583,0.017122,-0.575523,0.006195,0.0004332602,-1.39729e-05,-0.0001549173,8.168e-07,5.0154e-06,5.58006e-05,0.0033597206,3.3471e-05,-3.83407e-05,0.0034674531,3.68556e-05,0.0029161316,0.391378,1.948086,1.108697,0.148872,0.785575,-0.230471,0.55461
1403715606.91204,0.092836,-0.324062,0.188265,-0.805991,0.017388,-0.591088,0.026273,0.0004441878,-2.96102e-05,-0.0001394396,2.3805e-06,9.3233e-06,4.42039e-05,0.0033656004,4.74348e-05,-3.84754e-05,0.0034689845,3.46238e-05,0.0029194237,0.50873,1.944377,1.073934,0.133157,0.774579,-0.22717,0.575058
1403715606.96204,0.099295,-0.323319,0.182321,-0.803835,0.012714,-0.594368,0.020357,0.000447083,-2.25504e-05,-0.0001364573,1.5447e-06,6.9099e-06,4.20777e-05,0.0033641149,4.79397e-05,-3.86465e-05,0.0034681504,3.4461e-05,0.0029184651,0.514688,1.94054,1.067784,0.139548,0.773769,-0.22185,0.576707
1403715607.26204,0.121809,-0.324156,0.139847,-0.811994,-0.003131,-0.583655,0.001858,0.0004407937,7.73e-08,-0.0001476518,4.251e-07,-2.3e-09,4.99156e-05,0.003369046,5.18578e-05,-3.91316e-05,0.0034698589,3.43734e-05,0.0029197777,0.530018,1.927339,1.02453,0.154679,0.785689,-0.208599,0.561475
1403715607.36204,0.123412,-0.322055,0.129172,-0.812278,-0.003149,-0.583258,0.002043,0.0004406533,-2.27e-08,-0.0001480667,4.312e-07,3.22e-08,5.02163e-05,0.0033699569,5.30337e-05,-3.90627e-05,0.0034710199,3.41206e-05,0.0029205429,0.531506,1.929101,1.013381,0.154415,0.785989,-0.208566,0.56114
1403715607.71204,0.107926,-0.292443,0.113098,0.812985,0.000956,0.582276,0.002996,0.0004382553,2.5971e-06,-0.0001486149,4.526e-07,-8.522e-07,5.08784e-05,0.0033664951,5.04992e-05,-4.07354e-05,0.0034675674,3.46374e-05,0.0029229308,0.528016,1.95668,0.9952,0.158687,0.78628,-0.210146,0.558946
1403715607.76204,0.103195,-0.286345,0.110577,0.81343,0.000128,0.581654,0.003213,0.0004377802,2.3667e-06,-0.0001490392,4.52e-07,-7.771e-07,5.12245e-05,0.0033653574,4.9889e-05,-3.99077e-05,0.0034674272,3.48784e-05,0.0029226888,0.52717,1.963696,0.992683,0.158705,0.786523,-0.210889,0.558319
1403715608.06204,0.088616,-0.262836,0.096658,0.814712,0.005897,0.579806,0.005895,0.0004368431,7.4637e-06,-0.0001509157,5.939e-07,-2.5508e-06,5.2652e-05,0.0033753718,5.19921e-05,-3.99673e-05,0.0034703868,3.47275e-05,0.0029277132,0.5247,1.987905,0.973608,0.160874,0.789264,-0.20547,0.555845
1403715608.16204,0.091205,-0.262297,0.089067,0.817005,0.004508,0.576595,0.004614,0.0004345603,5.7335e-06,-0.0001538975,5.48e-07,-2.0033e-06,5.50244e-05,0.0033771394,5.14785e-05,-3.89707e-05,0.0034705934,3.47065e-05,0.0029259642,0.525725,1.987398,0.971744,0.158808,0.791096,-0.207358,0.553128
1403715608.41204,0.090762,-0.262475,0.087697,0.815985,0.004655,0.578036,0.004613,0.0004360567,5.8243e-06,-0.0001526907,5.706e-07,-2.0135e-06,5.40073e-05,0.0033873256,5.10443e-05,-3.76873e-05,0.0034738687,3.4102e-05,0.0029284448,0.524978,1.98719,0.971496,0.159222,0.790116,-0.206917,0.554572
