timestamp,p_x,p_y,p_z,q_x,q_y,q_z,q_w,Pr11,Pr12,Pr13,Pr22,Pr23,Pr33,Pt11,Pt12,Pt13,Pt22,Pt23,Pt33,gt_p_x,gt_p_y,gt_p_z,gt_q_w,gt_q_x,gt_q_y,gt_q_z
1403715278.91032,0.021087,-0.013006,0.119728,-0.807086,0.006822,-0.590381,0.004038,0.0008389571,7.6297e-06,-9.88996e-05,0.0002519184,2.50558e-05,0.0002263811,0.0064885175,0.0014627686,-6.80191e-05,0.0040502145,-4.69632e-05,0.0028037937,0.938216,2.169273,1.043356,0.067404,-0.809726,-0.046721,-0.581049
1403715278.96081,0.07301,0.00995,0.117028,-0.808972,0.006265,-0.587813,0.000233,0.000383831,-2.7807e-06,-0.0001067398,2.52795e-05,1.8156e-06,5.16692e-05,0.0025687519,3.6628e-06,-1.78164e-05,0.0025538284,2.0876e-06,0.0026075216,0.945812,2.17285,1.061818,0.067143,-0.809063,-0.046858,-0.581991
1403715279.01076,0.081741,0.0114,0.131759,0.808937,-0.00542,0.587869,0.001124,0.0003778932,-4.226e-07,-0.0001115183,2.2246e-05,1.544e-07,5.06588e-05,0.0025677648,3.7348e-06,-1.26578e-05,0.0025518137,1.7325e-06,0.0025994482,0.952894,2.176038,1.076596,0.066258,-0.808749,-0.047453,-0.58248
1403715279.36087,0.126044,0.020264,0.129482,0.812227,-0.004088,0.58332,0.002887,0.0003661843,2.237e-07,-0.0001193559,9.7844e-06,-8.17e-08,4.61048e-05,0.0025588825,1.0006e-06,-1.1261e-05,0.0025515508,1.7817e-06,0.0025727077,0.989397,2.195151,1.07339,0.064391,-0.811272,-0.049604,-0.578991
1403715279.41104,0.13081,0.021287,0.126549,0.812331,-0.004615,0.583175,0.001915,0.0003636132,-4.58e-07,-0.0001201733,8.4078e-06,1.06e-07,4.62199e-05,0.002554894,1.828e-07,-7.2419e-06,0.0025483347,1.9596e-06,0.0025647715,0.992956,2.197192,1.071118,0.065373,-0.811411,-0.049162,-0.578725
1403715279.51124,0.136646,0.0224,0.125874,0.813549,-0.004581,0.581477,0.001128,0.0003619058,-1.2021e-06,-0.0001212309,7.3723e-06,2.778e-07,4.66176e-05,0.0025510709,3.8e-08,-2.6098e-06,0.0025467779,1.7704e-06,0.0025589481,0.999031,2.200065,1.069956,0.066102,-0.812367,-0.049127,-0.577302
1403715279.61083,0.143593,0.022525,0.12713,0.813554,-0.00396,0.581473,0.001902,0.0003608197,-3.945e-07,-0.0001219414,6.6611e-06,-1.3e-09,4.685e-05,0.0025484177,1.1e-09,7.944e-07,0.0025451583,1.4117e-06,0.0025547244,1.004178,2.202285,1.07367,0.065267,-0.812604,-0.049749,-0.57701
1403715279.66083,0.145736,0.02234,0.129526,0.813723,-0.003716,0.581238,0.001923,0.0003605021,-3.009e-07,-0.0001218096,6.2131e-06,-2.46e-08,4.6598e-05,0.0025472286,-1.073e-07,2.3781e-06,0.0025435471,1.2756e-06,0.0025515411,1.006211,2.202934,1.076846,0.065257,-0.812782,-0.050005,-0.576737
1403715279.76119,0.150304,0.021932,0.136945,0.813683,-0.003785,0.581294,0.001735,0.0003603537,-4.455e-07,-0.0001216821,5.7752e-06,3.19e-08,4.63569e-05,0.0025445164,-4.45e-08,4.7377e-06,0.0025421659,9.26e-07,0.0025473659,1.01003,2.203736,1.085741,0.065375,-0.812678,-0.049943,-0.576877
1403715279.8112,0.150347,0.020766,0.141497,0.813869,-0.004159,0.581031,0.00154,0.0003597463,-8.15e-07,-0.0001218452,5.4059e-06,1.815e-07,4.64066e-05,0.0025420901,-4.531e-07,5.4251e-06,0.0025392486,8.689e-07,0.0025433004,1.011399,2.203712,1.091298,0.065651,-0.812823,-0.049585,-0.576672
1403715280.01054,0.150685,0.01763,0.165928,0.819646,-0.004089,0.572851,0.002074,0.0003548303,-4.665e-07,-0.0001278421,5.1736e-06,8.92e-08,5.12021e-05,0.0025390266,-3.152e-07,7.5239e-06,0.0025389607,-3.947e-07,0.0025349475,1.014579,2.201695,1.118351,0.064529,-0.818293,-0.050363,-0.568944
1403715280.11064,0.152469,0.015808,0.177304,0.827802,-0.002384,0.560993,0.00496,0.0003469564,2.0763e-06,-0.0001364021,4.9665e-06,-8.91e-07,5.88346e-05,0.0025354576,-6.363e-07,7.3239e-06,0.0025379608,-1.024e-06,0.0025284079,1.017087,2.200373,1.131508,0.060772,-0.826131,-0.053103,-0.55767
1403715280.16143,0.153349,0.014604,0.18553,0.830093,-0.000467,0.557577,0.007336,0.0003445891,4.3374e-06,-0.0001386544,4.952e-06,-1.8264e-06,6.10155e-05,0.0025341335,-9.149e-07,7.4365e-06,0.0025376766,-1.2596e-06,0.0025267719,1.01959,2.199796,1.138943,0.05816,-0.828062,-0.055287,-0.554865
1403715280.31439,0.165389,0.009746,0.213562,0.830277,0.007273,0.557008,0.018142,0.0003445251,1.41476e-05,-0.0001379401,5.3696e-06,-5.7798e-06,6.0446e-05,0.0025323793,-1.5992e-06,9.0684e-06,0.0025378437,-1.7587e-06,0.0025232656,1.032714,2.201036,1.164962,0.047474,-0.826647,-0.063192,-0.557142
1403715280.41413,0.17814,0.012092,0.232928,0.826911,0.009075,0.561775,0.023322,0.0003463908,1.79903e-05,-0.0001354469,5.6186e-06,-7.1671e-06,5.81357e-05,0.0025321818,-1.8635e-06,9.8791e-06,0.0025398085,-1.999e-06,0.0025221234,1.045105,2.206366,1.183491,0.042593,-0.823244,-0.064532,-0.562397
1403715280.71361,0.234584,0.030022,0.280272,0.820347,-0.036938,0.569779,0.031928,0.000353348,3.5954e-06,-0.00012901,4.7427e-06,-1.3911e-06,5.21875e-05,0.0025345841,-3.2631e-06,1.26676e-05,0.0025510758,-2.0417e-06,0.0025215857,1.091561,2.236498,1.232289,0.034737,-0.819561,-0.018035,-0.571655
1403715280.76344,0.2437,0.032244,0.28618,0.819505,-0.047298,0.569885,0.037479,0.0003531979,2.8063e-06,-0.0001291473,4.7212e-06,-1.1017e-06,5.22949e-05,0.0025346736,-3.699e-06,1.2846e-05,0.0025531664,-2.023e-06,0.0025213517,1.099875,2.241805,1.238808,0.029115,-0.819558,-0.007357,-0.572211
1403715280.8634,0.264389,0.03671,0.297821,0.8176,-0.068805,0.569456,0.050171,0.0003536292,1.3974e-06,-0.0001286915,4.7222e-06,-5.824e-07,5.18968e-05,0.0025365537,-4.689e-06,1.37717e-05,0.0025579126,-1.9736e-06,0.0025215842,1.116619,2.25208,1.250248,0.016319,-0.819398,0.014443,-0.572814
1403715280.91335,0.274397,0.037923,0.302918,0.816463,-0.078395,0.569257,0.056475,0.0003537589,1.1822e-06,-0.0001285358,4.7063e-06,-5.068e-07,5.17475e-05,0.0025373311,-5.1501e-06,1.40005e-05,0.002560037,-1.9285e-06,0.0025215759,1.125015,2.257337,1.255514,0.009814,-0.819061,0.024236,-0.573112
1403715280.96327,0.283477,0.039317,0.307815,0.815192,-0.0865,0.569344,0.061859,0.0003541366,9.744e-07,-0.0001280979,4.687e-06,-4.308e-07,5.13543e-05,0.0025381034,-5.5203e-06,1.42046e-05,0.0025623245,-1.8299e-06,0.0025215908,1.133448,2.262836,1.260662,0.004211,-0.818527,0.032543,-0.573531
1403715281.06323,0.303613,0.044941,0.31804,0.813615,-0.099908,0.568326,0.071094,0.000354295,8.62e-07,-0.0001279952,4.7451e-06,-3.837e-07,5.12764e-05,0.0025423343,-6.7657e-06,1.56464e-05,0.0025691307,-1.7721e-06,0.0025224291,1.149619,2.274193,1.270106,0.005234,0.817962,-0.046099,0.573399
1403715281.11329,0.313553,0.048933,0.322743,0.812808,-0.105083,0.568066,0.074841,0.0003544551,8.156e-07,-0.0001278541,4.7726e-06,-3.655e-07,5.11446e-05,0.0025445955,-7.047e-06,1.62462e-05,0.0025728657,-1.6332e-06,0.0025228434,1.157928,2.280093,1.274623,0.009006,0.817529,-0.051417,0.573518
1403715281.16339,0.323924,0.053412,0.327263,0.811942,-0.109112,0.568083,0.078272,0.0003547999,1.1345e-06,-0.0001274928,4.7504e-06,-4.781e-07,5.08086e-05,0.0025465585,-7.5459e-06,1.65318e-05,0.0025764399,-1.4055e-06,0.0025231134,1.166448,2.286238,1.279018,0.012404,0.816896,-0.055575,0.573968
1403715281.21342,0.334162,0.056394,0.33159,0.811276,-0.11304,0.567845,0.081277,0.0003548219,1.3051e-06,-0.0001275176,4.6613e-06,-5.428e-07,5.07545e-05,0.0025478171,-8.2471e-06,1.64263e-05,0.0025793314,-1.1473e-06,0.0025232517,1.175234,2.292366,1.28324,0.015509,0.816559,-0.059548,0.573973
1403715281.36346,0.365477,0.065887,0.342593,0.810215,-0.128755,0.564492,0.09123,0.0003537782,8.473e-07,-0.0001289081,4.6743e-06,-3.719e-07,5.18914e-05,0.0025579611,-1.02881e-05,1.80018e-05,0.0025933209,-6.757e-07,0.0025249565,1.201318,2.309319,1.292983,0.025653,0.816644,-0.075303,0.571634
1403715281.46373,0.373089,0.058916,0.34139,0.807632,-0.141631,0.563403,0.101238,0.0003531547,1.4954e-06,-0.0001297534,3.7511e-06,-6.568e-07,5.22071e-05,0.0025483001,-1.31686e-05,1.41227e-05,0.0025932181,1.0388e-06,0.0025232087,1.218913,2.319452,1.296572,0.035857,0.816156,-0.088554,0.56988
1403715281.51372,0.3822,0.060548,0.340173,0.806315,-0.149605,0.562043,0.107619,0.0003541338,1.6436e-06,-0.0001286663,3.5458e-06,-7.039e-07,5.11181e-05,0.0025449273,-1.1472e-05,1.29391e-05,0.0025907079,1.2582e-06,0.0025225191,1.227798,2.324085,1.297879,0.042114,0.815451,-0.096671,0.569142
1403715281.56355,0.393428,0.062254,0.340203,0.805161,-0.158324,0.559834,0.115047,0.0003538648,2.5712e-06,-0.0001290217,3.3667e-06,-1.0005e-06,5.12267e-05,0.0025412993,-1.08651e-05,1.1874e-05,0.002592898,1.8906e-06,0.0025218764,1.236673,2.328402,1.298496,0.049435,0.814715,-0.105574,0.568026
1403715281.7135,0.425148,0.064893,0.335945,0.798342,-0.190713,0.554103,0.13874,0.0003536193,3.3071e-06,-0.000129471,3.0758e-06,-1.2859e-06,5.13514e-05,0.0025447803,-1.17653e-05,1.19855e-05,0.0026052325,2.8055e-06,0.0025227147,1.263527,2.340964,1.296373,0.073305,0.810373,-0.138556,0.56456
1403715281.81339,0.446673,0.065122,0.331329,0.792837,-0.215286,0.548605,0.155225,0.0003529075,3.4279e-06,-0.0001304181,2.8095e-06,-1.3488e-06,5.19257e-05,0.0025467929,-1.20101e-05,1.21543e-05,0.0026138572,3.2842e-06,0.0025232725,1.281985,2.349293,1.293182,0.090142,0.806771,-0.163572,0.560574
1403715282.31336,0.568868,0.060193,0.281624,0.753413,-0.328185,0.519791,0.23341,0.0003532344,3.8987e-06,-0.0001307113,1.895e-06,-1.6632e-06,5.11797e-05,0.0025670204,-1.55122e-05,1.26057e-05,0.0026742481,5.7609e-06,0.0025274756,1.393086,2.395069,1.249912,0.170795,0.776199,-0.279718,0.538614
1403715282.46337,0.614586,0.058067,0.2635,0.740874,-0.358016,0.507781,0.255127,0.0003522407,5.1965e-06,-0.0001320077,1.7277e-06,-2.1757e-06,5.19385e-05,0.0025727295,-1.49164e-05,1.24871e-05,0.0026993395,6.1452e-06,0.0025280384,1.434606,2.40857,1.232452,0.193524,0.765664,-0.310496,0.529058
1403715282.51324,0.627962,0.063252,0.260259,0.73607,-0.367163,0.504391,0.262644,0.0003521448,5.5995e-06,-0.0001321358,1.6163e-06,-2.3029e-06,5.18232e-05,0.0025724119,-1.4384e-05,1.24275e-05,0.0027076227,5.4764e-06,0.0025271435,1.449837,2.412891,1.226247,0.201045,0.761365,-0.320379,0.52656
1403715282.61327,0.66156,0.062672,0.247804,0.7255,-0.385345,0.498633,0.27663,0.000353319,6.2585e-06,-0.0001308834,1.5133e-06,-2.5154e-06,5.05251e-05,0.002576993,-1.6416e-05,1.21978e-05,0.0027251361,5.6167e-06,0.0025270512,1.482052,2.421714,1.213371,0.215582,0.75198,-0.339516,0.522286
1403715282.66323,0.680072,0.062583,0.241716,0.719584,-0.394351,0.496622,0.282937,0.0003541097,5.6328e-06,-0.0001300492,1.4089e-06,-2.2548e-06,4.96714e-05,0.002578807,-1.70378e-05,1.22091e-05,0.0027359114,5.4989e-06,0.0025266117,1.498982,2.426246,1.206802,0.222046,0.746605,-0.349014,0.521027
1403715282.86318,0.74625,0.058301,0.212874,0.695095,-0.430861,0.488419,0.304382,0.0003566346,8.096e-07,-0.0001274138,1.3151e-06,-4.652e-07,4.73261e-05,0.0025916357,-1.99426e-05,1.1183e-05,0.0027827674,6.583e-06,0.0025288057,1.569314,2.445082,1.176923,0.243986,0.724746,-0.387951,0.514501
1403715282.96295,0.789582,0.059226,0.198349,0.683224,-0.448076,0.482285,0.315964,0.0003580458,5e-09,-0.0001258348,1.0674e-06,-1.433e-07,4.57268e-05,0.0025936986,-2.05239e-05,1.12577e-05,0.0028032852,6.4467e-06,0.0025281579,1.604964,2.454489,1.161182,0.256674,0.713687,-0.405658,0.510112
1403715283.11286,0.844079,0.057737,0.17559,0.663128,-0.474552,0.474812,0.331083,0.0003590914,-4.4581e-06,-0.0001246508,1.0242e-06,1.4362e-06,4.45926e-05,0.0026006572,-2.26872e-05,1.10677e-05,0.0028468259,6.2586e-06,0.0025281807,1.658695,2.469142,1.138022,0.272401,0.695209,-0.433911,0.504189
1403715283.16282,0.861397,0.058542,0.168767,0.655901,-0.483579,0.472896,0.335134,0.0003592749,-6.8515e-06,-0.000124339,1.0571e-06,2.2831e-06,4.42728e-05,0.0026014075,-2.20093e-05,1.16302e-05,0.0028603305,5.2848e-06,0.002527203,1.676212,2.474171,1.130576,0.276535,0.688558,-0.443483,0.502734
1403715283.21279,0.879007,0.058023,0.161468,0.648652,-0.492238,0.470868,0.339465,0.0003597427,-8.8761e-06,-0.0001236684,1.118e-06,2.9755e-06,4.37038e-05,0.0026031286,-2.25462e-05,1.16766e-05,0.0028728626,4.901e-06,0.0025268606,1.693188,2.479366,1.123342,0.281042,0.68186,-0.452741,0.50111
1403715283.56245,0.983761,0.061657,0.116545,0.611824,-0.543477,0.440411,0.369247,0.0003569305,-1.00716e-05,-0.0001275533,1.0393e-06,3.5412e-06,4.66277e-05,0.002619837,-3.04509e-05,9.8915e-06,0.0029528808,5.7996e-06,0.0025297119,1.794595,2.515131,1.077899,0.313344,0.648737,-0.506272,0.473969
1403715283.6124,0.994961,0.062642,0.112305,0.608901,-0.549371,0.434208,0.372686,0.0003549249,-8.9087e-06,-0.0001300834,9.524e-07,3.2133e-06,4.86963e-05,0.0026204371,-2.95901e-05,9.898e-06,0.0029708177,5.859e-06,0.0025297582,1.806539,2.519999,1.072447,0.317367,0.646247,-0.512243,0.468243
1403715283.76258,1.035001,0.062101,0.097383,0.601666,-0.56079,0.423164,0.380059,0.0003531355,-6.3276e-06,-0.0001324494,7.899e-07,2.3481e-06,5.06415e-05,0.0026230919,-3.18958e-05,9.8532e-06,0.00299854,6.1331e-06,0.0025297062,1.842617,2.531616,1.056995,0.326008,0.63994,-0.523411,0.458516
1403715283.86268,1.062362,0.065204,0.089324,0.596922,-0.56396,0.421974,0.38415,0.0003541724,-6.6677e-06,-0.0001313422,7.83e-07,2.4575e-06,4.96407e-05,0.0026238421,-3.11861e-05,9.7251e-06,0.0030224946,6.3766e-06,0.0025298283,1.8672,2.537058,1.047396,0.330417,0.635166,-0.526824,0.458089
1403715284.06269,1.111335,0.063482,0.071205,0.594194,-0.568134,0.420424,0.383928,0.0003533851,-8.2329e-06,-0.0001324149,8.482e-07,3.085e-06,5.05426e-05,0.0026286915,-3.38971e-05,8.6898e-06,0.0030693534,8.0411e-06,0.0025319654,1.916597,2.543316,1.025457,0.330541,0.632211,-0.53085,0.457439
1403715284.16287,1.144659,0.056514,0.055385,0.595358,-0.570655,0.420011,0.378805,0.0003509263,-1.06393e-05,-0.0001350638,9.631e-07,4.112e-06,5.28863e-05,0.0026226884,-3.26833e-05,1.03421e-05,0.0030862541,6.6605e-06,0.0025301289,1.941407,2.544469,1.013904,0.325865,0.633154,-0.532961,0.457036
1403715284.31287,1.180794,0.040688,0.039466,0.593872,-0.574904,0.426287,0.367533,0.0003482257,-2.02361e-05,-0.0001370303,1.8209e-06,7.9992e-06,5.48236e-05,0.0026217918,-2.64439e-05,1.11472e-05,0.003122207,5.6301e-06,0.0025298448,1.975721,2.541635,0.998445,0.314346,0.631355,-0.536915,0.462927
1403715284.41293,1.200074,0.0264,0.031139,0.594808,-0.572821,0.428618,0.366559,0.0003489941,-2.07516e-05,-0.0001361864,1.8803e-06,8.1383e-06,5.40415e-05,0.0026209221,-1.78068e-05,1.14027e-05,0.0031399028,4.917e-06,0.0025294984,1.994818,2.534846,0.990791,0.313473,0.631774,-0.534573,0.465649
1403715284.4629,1.207561,0.018255,0.027215,0.596653,-0.570037,0.42816,0.368433,0.0003498344,-1.83566e-05,-0.0001356231,1.6071e-06,7.1559e-06,5.34732e-05,0.0026205067,-1.24231e-05,1.12739e-05,0.0031478269,4.6339e-06,0.0025291333,2.003068,2.529949,0.987562,0.315539,0.633338,-0.531587,0.465546
1403715284.56296,1.219325,0.002159,0.02116,0.601119,-0.562748,0.426563,0.374186,0.0003521123,-1.16013e-05,-0.0001338695,1.0226e-06,4.4488e-06,5.1783e-05,0.0026189898,-2.7838e-06,1.08986e-05,0.0031569268,4.1814e-06,0.002528323,2.017981,2.517457,0.982051,0.32175,0.637076,-0.523837,0.46498
1403715284.61301,1.223715,-0.005993,0.018268,0.602885,-0.559043,0.4266,0.376845,0.0003534351,-8.7166e-06,-0.0001325896,8.532e-07,3.3073e-06,5.06208e-05,0.0026184046,2.1578e-06,1.04139e-05,0.0031612479,4.2952e-06,0.0025280692,2.025094,2.51038,0.97957,0.324604,0.63843,-0.51996,0.46549
1403715284.91301,1.252899,-0.061186,0.003593,0.599245,-0.554057,0.427007,0.389347,0.0003592653,-2.7701e-06,-0.0001261742,6.794e-07,1.0235e-06,4.51954e-05,0.0026219028,2.80982e-05,9.3742e-06,0.0031874644,3.8001e-06,0.002528104,2.065657,2.467439,0.96626,0.338064,0.633954,-0.514836,0.467717
1403715285.0135,1.260725,-0.075115,-0.005322,0.584052,-0.562191,0.430008,0.397388,0.0003633889,-7.6003e-06,-0.0001203467,7.199e-07,2.5601e-06,4.06588e-05,0.0026168108,3.91253e-05,8.3371e-06,0.0031873404,2.784e-06,0.0025253648,2.077486,2.455654,0.963691,0.346183,0.619306,-0.524487,0.470674
1403715285.06351,1.2649,-0.083218,-0.005873,0.575279,-0.567819,0.430038,0.402123,0.0003653459,-1.01849e-05,-0.0001174677,8.435e-07,3.3193e-06,3.85617e-05,0.002616924,4.10928e-05,7.9614e-06,0.0031895616,2.5442e-06,0.0025251805,2.082957,2.450594,0.963052,0.350915,0.61105,-0.530698,0.470998
1403715285.11353,1.266957,-0.091004,-0.006599,0.567598,-0.573754,0.426945,0.407869,0.0003662713,-1.06269e-05,-0.0001160817,8.625e-07,3.4125e-06,3.75733e-05,0.0026166087,4.43382e-05,7.5878e-06,0.0031917337,2.2687e-06,0.002524926,2.0877,2.446213,0.962986,0.357072,0.603779,-0.537253,0.468308
1403715285.41339,1.282572,-0.108188,0.017515,0.53757,-0.620152,0.398392,0.409528,0.0003539507,-2.05454e-05,-0.0001309127,1.755e-06,7.6484e-06,4.92599e-05,0.0026138109,5.24436e-05,8.0156e-06,0.003206362,1.0133e-06,0.002525758,2.107605,2.441071,0.986542,0.361176,0.577908,-0.584927,0.439813
1403715285.51349,1.281811,-0.109463,0.048466,0.534268,-0.628533,0.392258,0.406987,0.0003497816,-2.22086e-05,-0.0001353501,1.971e-06,8.6447e-06,5.32225e-05,0.0026100093,5.34011e-05,8.5242e-06,0.00320874,7.319e-07,0.0025257564,2.109435,2.440202,1.018406,0.35923,0.575358,-0.593213,0.433607
1403715285.76339,1.258429,-0.121461,0.145181,0.526481,-0.636672,0.389204,0.407415,0.0003481717,-2.50916e-05,-0.0001365412,2.3691e-06,9.8967e-06,5.43892e-05,0.0026040249,5.76499e-05,1.06099e-05,0.0031918478,5.441e-07,0.0025259207,2.097072,2.425532,1.117333,0.360398,0.568526,-0.601144,0.430717
1403715285.81333,1.248064,-0.12462,0.163529,0.525847,-0.63661,0.388284,0.409205,0.0003486726,-2.41954e-05,-0.0001360042,2.2348e-06,9.4929e-06,5.3882e-05,0.002600744,5.65578e-05,1.09731e-05,0.0031753559,7.105e-07,0.0025257477,2.091118,2.420258,1.136357,0.362379,0.568012,-0.600891,0.430086
1403715285.91327,1.228347,-0.133388,0.197785,0.529259,-0.633465,0.381749,0.415781,0.0003497162,-1.65384e-05,-0.0001358909,1.3371e-06,6.4769e-06,5.363e-05,0.002598037,6.00381e-05,1.14804e-05,0.0031540014,1.0563e-06,0.0025258882,2.076432,2.407632,1.172256,0.369879,0.571373,-0.597229,0.424313
1403715285.96324,1.218408,-0.13836,0.214029,0.531828,-0.632321,0.377541,0.41808,0.0003492174,-1.25102e-05,-0.0001367168,1.0002e-06,4.9444e-06,5.43462e-05,0.0025965715,6.15858e-05,1.16558e-05,0.0031408234,1.3717e-06,0.0025258052,2.068144,2.400398,1.189367,0.37271,0.574017,-0.595684,0.42042
1403715286.21321,1.165758,-0.172933,0.282836,0.534647,-0.632139,0.371058,0.420558,0.0003478457,-7.4215e-06,-0.0001385207,7.277e-07,3.0051e-06,5.60073e-05,0.0025960379,7.56231e-05,1.29664e-05,0.0030930479,1.6338e-06,0.0025271257,2.028397,2.355139,1.262287,0.376659,0.576999,-0.594615,0.414286
1403715286.26319,1.155285,-0.181022,0.294586,0.53397,-0.633261,0.371593,0.419255,0.0003472612,-8.7409e-06,-0.0001388778,7.866e-07,3.5447e-06,5.63818e-05,0.0025947945,7.79509e-05,1.29596e-05,0.0030801661,1.7183e-06,0.0025270246,2.020974,2.344213,1.274661,0.37541,0.57647,-0.595565,0.414793
1403715286.31317,1.145127,-0.19001,0.306233,0.534188,-0.632999,0.371028,0.419873,0.000347252,-8.1032e-06,-0.000138782,7.549e-07,3.2858e-06,5.63032e-05,0.0025942436,8.11363e-05,1.30228e-05,0.0030697647,1.7107e-06,0.0025270309,2.013491,2.332426,1.2869,0.376172,0.576771,-0.59511,0.414336
1403715286.56313,1.095332,-0.24384,0.357582,0.535553,-0.628477,0.368528,0.427068,0.0003497668,-2.3876e-06,-0.0001361749,5.963e-07,9.734e-07,5.38635e-05,0.0025963213,0.0001023768,1.33755e-05,0.0030214653,1.3761e-06,0.0025281434,1.978885,2.264417,1.339439,0.384619,0.577401,-0.590516,0.412271
1403715286.61312,1.085555,-0.256218,0.367987,0.533577,-0.628637,0.369074,0.42883,0.0003508578,-2.6071e-06,-0.0001348625,5.975e-07,1.044e-06,5.26812e-05,0.0025971292,0.0001056273,1.3229e-05,0.0030158071,1.3117e-06,0.0025280756,1.972623,2.249199,1.348754,0.386501,0.575407,-0.590827,0.412854
1403715287.46311,0.967757,-0.479062,0.490325,0.487486,-0.653698,0.350281,0.460803,0.0003596233,-3.7402e-06,-0.0001251185,7.205e-07,1.3595e-06,4.44784e-05,0.0026629936,0.0001758877,1.5889e-05,0.0029299444,-6.892e-07,0.0025405076,1.92852,1.977234,1.462973,0.422046,0.53074,-0.619014,0.396249
1403715287.56306,0.970499,-0.519578,0.502432,0.479326,-0.660235,0.352014,0.458718,0.0003590112,-1.02106e-05,-0.0001252988,9.656e-07,3.6177e-06,4.46626e-05,0.0026731345,0.0001874094,1.65056e-05,0.0029288339,-8.108e-07,0.0025388967,1.932932,1.945422,1.476093,0.419537,0.523083,-0.625655,0.398661
1403715287.86307,0.940858,-0.5852,0.55593,0.436749,-0.689689,0.333143,0.4718,0.0003579386,-1.82578e-05,-0.0001258485,1.6274e-06,6.4751e-06,4.52236e-05,0.0027087297,0.0002110752,1.7302e-05,0.0029227171,-1.822e-07,0.0025439936,1.927079,1.866005,1.524983,0.43413,0.482819,-0.658383,0.380726
1403715287.91299,0.931944,-0.619609,0.557841,0.428403,-0.693973,0.325415,0.478516,0.0003587922,-1.65013e-05,-0.0001246385,1.4255e-06,5.7716e-06,4.42459e-05,0.0027129056,0.0002125437,1.77239e-05,0.0029076983,-3.1937e-06,0.0025394375,1.922043,1.854427,1.53488,0.441466,0.474527,-0.663225,0.374257
1403715287.96299,0.921165,-0.630681,0.565694,0.419291,-0.698317,0.317674,0.485418,0.0003595323,-1.41647e-05,-0.0001239207,1.2226e-06,4.9154e-06,4.36591e-05,0.0027297251,0.0002226454,1.76272e-05,0.0029013218,-3.5819e-06,0.0025394361,1.916264,1.843697,1.544867,0.448972,0.465801,-0.668345,0.367114
1403715288.06299,0.901869,-0.647175,0.58251,0.398985,-0.707794,0.30314,0.497941,0.0003613751,-1.23549e-05,-0.0001217723,1.0938e-06,4.1874e-06,4.19888e-05,0.002739784,0.0002236322,1.81427e-05,0.0028888869,-4.1114e-06,0.0025407619,1.903632,1.82433,1.564303,0.462579,0.446376,-0.679571,0.353491
1403715288.113,0.890892,-0.656597,0.589052,0.389471,-0.712556,0.297194,0.502247,0.0003617367,-1.25732e-05,-0.0001212475,1.1058e-06,4.2329e-06,4.15866e-05,0.0027436932,0.0002237273,1.80735e-05,0.0028821662,-4.1457e-06,0.002540921,1.897269,1.815468,1.573514,0.467352,0.437246,-0.685094,0.347919
1403715288.46303,0.835265,-0.696736,0.571316,0.358345,-0.731113,0.271484,0.513186,0.0003601306,-1.14743e-05,-0.000123695,1.0632e-06,3.9505e-06,4.34645e-05,0.0027659907,0.0002202884,1.76789e-05,0.0028487242,-3.5556e-06,0.0025451535,1.854486,1.76779,1.567278,0.480451,0.407407,-0.7061,0.323432
1403715288.51303,0.829452,-0.703634,0.570127,0.356731,-0.731635,0.270902,0.513872,0.0003603046,-1.162e-05,-0.0001234569,1.0717e-06,3.9889e-06,4.32733e-05,0.0027703189,0.0002231141,1.66806e-05,0.0028464156,-2.6326e-06,0.0025443584,1.848232,1.762819,1.563077,0.481231,0.405768,-0.706684,0.323059
1403715288.61304,0.815468,-0.711622,0.572405,0.354312,-0.733187,0.272108,0.512696,0.0003598839,-1.38153e-05,-0.0001238092,1.2319e-06,4.7622e-06,4.35653e-05,0.0027744257,0.0002225404,1.59728e-05,0.0028384651,-1.8494e-06,0.0025445717,1.835264,1.755066,1.563779,0.480091,0.403383,-0.708256,0.324296
1403715288.66306,0.807255,-0.714838,0.580047,0.353859,-0.733968,0.272505,0.511679,0.0003593782,-1.46126e-05,-0.0001243609,1.2958e-06,5.0662e-06,4.40033e-05,0.0027764714,0.0002226622,1.55309e-05,0.0028338364,-1.503e-06,0.0025443106,1.827832,1.751549,1.569436,0.479128,0.402967,-0.708985,0.324645
1403715288.76308,0.788961,-0.717597,0.597461,0.356479,-0.733142,0.270206,0.512263,0.0003592462,-1.19648e-05,-0.0001248484,1.1035e-06,4.1666e-06,4.43582e-05,0.0027782178,0.0002197624,1.53605e-05,0.0028227187,-9.368e-07,0.0025448345,1.811982,1.746032,1.586722,0.480033,0.405427,-0.707909,0.322588
1403715288.8131,0.778953,-0.715632,0.607065,0.357922,-0.732835,0.26879,0.512442,0.0003589622,-1.04444e-05,-0.0001253086,1.0049e-06,3.6525e-06,4.47084e-05,0.0027763133,0.0002177784,1.54968e-05,0.0028121273,-1.575e-06,0.0025433469,1.803667,1.74408,1.594542,0.480371,0.406972,-0.707424,0.3212
1403715288.8631,0.76951,-0.713405,0.61181,0.359523,-0.732538,0.265963,0.51322,0.0003587304,-8.0475e-06,-0.0001257742,8.826e-07,2.8261e-06,4.50621e-05,0.0027739528,0.0002143423,1.52715e-05,0.0028048961,-1.5067e-06,0.0025433058,1.795206,1.742618,1.599113,0.481412,0.408562,-0.706993,0.31856
1403715288.91308,0.759963,-0.710562,0.613104,0.360353,-0.732478,0.262089,0.514714,0.0003585564,-5.1596e-06,-0.0001261439,7.778e-07,1.8173e-06,4.53436e-05,0.0027716625,0.0002109645,1.50639e-05,0.0027981209,-1.3607e-06,0.002543272,1.786456,1.741587,1.600583,0.483261,0.409425,-0.706866,0.314915
1403715289.06306,0.730931,-0.707305,0.594991,0.354567,-0.737256,0.251461,0.517207,0.0003571192,-1.7552e-06,-0.0001280967,7.239e-07,6.276e-07,4.69307e-05,0.0027705175,0.0002029066,1.54666e-05,0.0027815205,-4.959e-07,0.0025444983,1.759989,1.740486,1.584298,0.486652,0.404037,-0.712129,0.304627
1403715289.21306,0.705324,-0.702816,0.552907,0.345267,-0.742948,0.238062,0.521676,0.0003561127,2.188e-06,-0.0001293945,7.394e-07,-8.024e-07,4.80117e-05,0.0027693249,0.0001953935,1.57509e-05,0.0027671085,7.984e-07,0.0025453973,1.735579,1.740248,1.544824,0.492069,0.395193,-0.71873,0.291751
1403715289.26306,0.699009,-0.69489,0.538143,0.341812,-0.744992,0.234483,0.522656,0.0003556833,2.7328e-06,-0.0001299074,7.423e-07,-1.0058e-06,4.84401e-05,0.0027666219,0.0001925829,1.5828e-05,0.0027608105,1.3446e-06,0.0025446787,1.728283,1.739784,1.530851,0.493202,0.391987,-0.721117,0.288251
1403715289.36305,0.685634,-0.691931,0.507747,0.33341,-0.749182,0.224759,0.526353,0.0003553983,5.1179e-06,-0.0001302241,7.988e-07,-1.8849e-06,4.87124e-05,0.0027621855,0.0001869539,1.58985e-05,0.0027535575,2.2076e-06,0.0025446351,1.714653,1.738968,1.50197,0.497522,0.384046,-0.726086,0.278892
1403715289.41296,0.686078,-0.681519,0.500506,0.327521,-0.752322,0.219596,0.527748,0.000354814,5.1904e-06,-0.0001308896,7.88e-07,-1.9171e-06,4.92571e-05,0.002758621,0.0001840055,1.49004e-05,0.0027470961,1.3916e-06,0.0025413798,1.708544,1.738165,1.486331,0.498832,0.378515,-0.729855,0.274235
1403715289.46294,0.68071,-0.681442,0.484377,0.3209,-0.755949,0.214927,0.528555,0.0003543037,5.1325e-06,-0.0001314983,7.855e-07,-1.9063e-06,4.97696e-05,0.0027523486,0.0001813175,1.45247e-05,0.0027474837,1.4906e-06,0.0025408039,1.702758,1.736928,1.469461,0.499912,0.372196,-0.734064,0.269646
1403715289.81292,0.642223,-0.701751,0.358512,0.282678,-0.776625,0.188518,0.530479,0.0003495924,2.5888e-06,-0.0001370615,7.446e-07,-1.0198e-06,5.47228e-05,0.0027644144,0.0001779461,1.42244e-05,0.0027303184,2.9553e-06,0.0025412759,1.671405,1.707568,1.339575,0.503689,0.335713,-0.757914,0.243228
1403715289.91286,0.631527,-0.714452,0.337077,0.278999,-0.777062,0.190195,0.531187,0.0003504292,1.687e-07,-0.0001362146,7.159e-07,-6.67e-08,5.39034e-05,0.002769622,0.0001774369,1.25111e-05,0.002723564,2.9977e-06,0.0025399178,1.664447,1.690287,1.315265,0.504349,0.332055,-0.758517,0.244997
1403715290.06284,0.614089,-0.743381,0.324556,0.282037,-0.776452,0.193434,0.529301,0.0003500491,-7.93e-07,-0.0001366841,7.181e-07,3.138e-07,5.43238e-05,0.0027842284,0.0001789315,1.19852e-05,0.0027156853,3.0423e-06,0.0025396125,1.654617,1.657909,1.299287,0.502333,0.335023,-0.757495,0.248239
1403715290.11275,0.606581,-0.755574,0.327383,0.28436,-0.774369,0.194968,0.530547,0.0003511444,-1.724e-07,-0.0001354277,7.063e-07,7.26e-08,5.31628e-05,0.0027900967,0.0001792342,1.14299e-05,0.0027111243,2.6851e-06,0.0025385516,1.651752,1.645698,1.299939,0.503619,0.337222,-0.755106,0.24993
1403715290.16272,0.599745,-0.767736,0.332209,0.287428,-0.772993,0.196458,0.53035,0.0003512999,2.999e-07,-0.0001352302,7.029e-07,-1.08e-07,5.29778e-05,0.0027976066,0.0001797764,1.11493e-05,0.0027068193,2.5358e-06,0.0025381342,1.648689,1.632545,1.303006,0.503388,0.340303,-0.753349,0.251515
1403715290.36278,0.574594,-0.826638,0.362748,0.2996,-0.774242,0.200326,0.520249,0.0003458087,3.937e-07,-0.0001410175,7.065e-07,-1.511e-07,5.84358e-05,0.0028327853,0.0001842231,1.11122e-05,0.0026930816,2.4105e-06,0.002538004,1.636241,1.571958,1.331442,0.492957,0.352809,-0.753346,0.254931
1403715290.4628,0.561372,-0.862039,0.374041,0.301112,-0.777206,0.204445,0.513307,0.0003423155,-3.4039e-06,-0.0001443608,7.345e-07,1.4476e-06,6.18073e-05,0.0028565561,0.0001879106,1.09747e-05,0.002686369,2.1006e-06,0.0025375785,1.630736,1.536081,1.342657,0.485504,0.354726,-0.756025,0.258614
1403715290.86284,0.481146,-1.02933,0.404632,0.294431,-0.768171,0.214602,0.526469,0.0003529857,-7.7902e-06,-0.0001330612,8.974e-07,2.9669e-06,5.10778e-05,0.0029807705,0.0001901705,1.06938e-05,0.0026542228,5.463e-07,0.0025383428,1.59815,1.364883,1.371984,0.497789,0.3467,-0.747848,0.269683
1403715290.91282,0.473117,-1.049264,0.405761,0.292896,-0.768866,0.214564,0.526325,0.0003527217,-8.406e-06,-0.0001331413,8.902e-07,3.2088e-06,5.11581e-05,0.0030009509,0.0001919796,1.02625e-05,0.0026511896,1.479e-07,0.0025378846,1.59386,1.342053,1.373449,0.497407,0.34537,-0.748695,0.269745
1403715290.9628,0.464442,-1.070732,0.406725,0.289583,-0.769274,0.216228,0.526882,0.0003533078,-1.06121e-05,-0.000132199,9.932e-07,4.0153e-06,5.03534e-05,0.0030170902,0.0001923788,9.9769e-06,0.0026485075,-1.895e-07,0.0025376795,1.590073,1.319373,1.374479,0.497715,0.342112,-0.749365,0.271461
1403715291.0128,0.45541,-1.092025,0.407966,0.28487,-0.769756,0.218953,0.527621,0.0003541224,-1.39908e-05,-0.0001308558,1.2158e-06,5.2211e-06,4.92316e-05,0.0030351919,0.000192383,9.7115e-06,0.0026454841,-5.123e-07,0.0025375284,1.58624,1.296708,1.375427,0.498108,0.337467,-0.750202,0.274229
1403715291.1128,0.435923,-1.133578,0.409362,0.27407,-0.772142,0.225295,0.527185,0.0003545339,-2.24653e-05,-0.0001291331,2.0855e-06,8.2465e-06,4.79093e-05,0.0030717808,0.0001909191,9.3983e-06,0.0026393721,-1.154e-06,0.0025376101,1.577563,1.252032,1.376602,0.496971,0.326816,-0.753387,0.280392
1403715291.1628,0.426608,-1.152602,0.409724,0.268494,-0.773249,0.228001,0.527269,0.0003546052,-2.64376e-05,-0.0001282086,2.6189e-06,9.6353e-06,4.72179e-05,0.0030891125,0.000189383,9.0367e-06,0.0026358387,-1.6003e-06,0.0025374138,1.572233,1.230525,1.376903,0.496641,0.321367,-0.754951,0.283055
1403715291.2128,0.415979,-1.170821,0.410049,0.263265,-0.77443,0.229282,0.527616,0.0003546779,-2.93759e-05,-0.0001274219,3.0774e-06,1.06351e-05,4.66371e-05,0.0031053492,0.0001877535,8.833e-06,0.0026328319,-1.9307e-06,0.0025372596,1.566159,1.210051,1.377008,0.496841,0.316233,-0.756513,0.284314
1403715291.66278,0.28523,-1.27975,0.378831,0.229658,-0.791776,0.20602,0.527166,0.0003484814,-3.17651e-05,-0.0001340953,3.5653e-06,1.23104e-05,5.25235e-05,0.0032062013,0.0001421103,8.5199e-06,0.0026004376,-1.9573e-06,0.002538789,1.469642,1.076614,1.342881,0.498012,0.284173,-0.776758,0.260532
1403715291.71279,0.26544,-1.287965,0.374549,0.22594,-0.793975,0.203793,0.52633,0.0003472465,-3.22285e-05,-0.0001352949,3.6566e-06,1.26453e-05,5.36393e-05,0.003218633,0.0001310921,8.4127e-06,0.0025947097,-1.6395e-06,0.0025383654,1.453636,1.066289,1.337407,0.497366,0.280551,-0.779278,0.258157
1403715291.76278,0.244945,-1.294596,0.370364,0.225026,-0.794931,0.198769,0.527199,0.0003470511,-2.95738e-05,-0.0001360941,3.1825e-06,1.16838e-05,5.42951e-05,0.0032262349,0.0001210691,8.3035e-06,0.0025904648,-1.4282e-06,0.0025381571,1.436261,1.0563,1.332647,0.49872,0.279687,-0.780365,0.253149
1403715291.96274,0.157412,-1.312808,0.347938,0.231834,-0.794145,0.172635,0.534587,0.0003482219,-9.9976e-06,-0.0001377217,9.53e-07,4.0239e-06,5.54091e-05,0.003246086,7.80355e-05,8.2192e-06,0.0025779005,-5.146e-07,0.0025385324,1.356208,1.017835,1.311195,0.508459,0.286564,-0.779534,0.227325
1403715292.21266,0.038126,-1.347131,0.315769,0.243992,-0.792235,0.170418,0.532719,0.0003469412,-3.8672e-06,-0.0001394503,7.248e-07,1.6254e-06,5.69986e-05,0.0032797921,1.8768e-05,8.0423e-06,0.0025706595,8.231e-07,0.0025389215,1.247795,0.957098,1.277744,0.507068,0.298548,-0.776763,0.224479
1403715292.26261,0.012486,-1.357663,0.310078,0.25051,-0.79065,0.17359,0.531021,0.0003464489,-3.3132e-06,-0.0001399388,7.073e-07,1.4082e-06,5.74549e-05,0.0032912479,3.4254e-06,7.803e-06,0.0025691957,1.221e-06,0.0025382877,1.225874,0.941888,1.271176,0.505306,0.304917,-0.774572,0.227444
1403715292.4626,-0.083349,-1.404193,0.284393,0.290181,-0.778961,0.191353,0.521919,0.0003446075,1.6117e-06,-0.0001419216,7.132e-07,-5.86e-07,5.93917e-05,0.0033434321,-4.99031e-05,7.4454e-06,0.002573905,2.1675e-06,0.0025387602,1.138136,0.870652,1.245916,0.495175,0.343529,-0.759657,0.244366
1403715292.71258,-0.206603,-1.49108,0.268279,0.347565,-0.739001,0.234988,0.527121,0.0003583357,7.1866e-06,-0.0001263162,8.678e-07,-2.4624e-06,4.53605e-05,0.0034327702,-0.0001201353,6.8172e-06,0.0025842751,2.7512e-06,0.0025373644,1.034302,0.758051,1.22676,0.497614,0.397399,-0.715169,0.288087
1403715292.81258,-0.24972,-1.528498,0.268409,0.372994,-0.720704,0.251785,0.52732,0.0003623145,1.15078e-05,-0.0001207025,1.079e-06,-3.7718e-06,4.09865e-05,0.0034825167,-0.0001528263,6.4739e-06,0.0025913111,2.6027e-06,0.002536528,0.999484,0.710451,1.225822,0.496791,0.421246,-0.694906,0.304732
1403715292.91258,-0.284667,-1.564528,0.277324,0.397821,-0.709324,0.2671,0.516968,0.0003608227,1.22001e-05,-0.0001226495,1.1504e-06,-4.0852e-06,4.24725e-05,0.0035299317,-0.0001787742,6.2717e-06,0.0026002747,2.7159e-06,0.0025367888,0.971917,0.664022,1.233405,0.485393,0.445191,-0.681491,0.319021
1403715292.96258,-0.300057,-1.582743,0.286057,0.407895,-0.705671,0.276661,0.509028,0.0003594735,9.2982e-06,-0.0001246529,9.888e-07,-3.1589e-06,4.40088e-05,0.0035530534,-0.0001902595,6.1579e-06,0.002604362,2.6283e-06,0.002536877,0.96048,0.641182,1.24143,0.476723,0.455006,-0.676941,0.327813
1403715293.01258,-0.314034,-1.600962,0.297696,0.416279,-0.701275,0.287262,0.502401,0.0003592525,5.7234e-06,-0.0001251691,8.483e-07,-1.9252e-06,4.4392e-05,0.0035761647,-0.0002011484,6.0495e-06,0.0026082376,2.4591e-06,0.0025369626,0.950278,0.618894,1.252471,0.46923,0.463024,-0.671859,0.337701
1403715293.06258,-0.326802,-1.619376,0.311999,0.424566,-0.696603,0.297651,0.495875,0.0003591108,2.3085e-06,-0.0001254759,7.773e-07,-7.343e-07,4.46178e-05,0.003599604,-0.0002113925,5.9646e-06,0.0026118113,2.2289e-06,0.0025370175,0.941222,0.59703,1.266319,0.461888,0.470932,-0.666485,0.3474
1403715293.11257,-0.338598,-1.638139,0.327802,0.43191,-0.691555,0.308159,0.490147,0.0003595203,-1.194e-06,-0.0001249974,7.689e-07,4.91e-07,4.42252e-05,0.0036237729,-0.0002211971,5.9617e-06,0.0026152607,1.9818e-06,0.0025370621,0.932951,0.575377,1.281659,0.455296,0.47786,-0.660828,0.357305
1403715293.16257,-0.350393,-1.656806,0.343561,0.439747,-0.686961,0.316955,0.483991,0.0003592396,-3.8043e-06,-0.0001253175,8.042e-07,1.4058e-06,4.44722e-05,0.0036483123,-0.0002307483,5.9925e-06,0.0026184919,1.6833e-06,0.0025370811,0.925137,0.55412,1.297145,0.448449,0.485327,-0.655598,0.36544
1403715293.21257,-0.361498,-1.675551,0.359312,0.448279,-0.681804,0.324521,0.478409,0.0003589343,-5.2549e-06,-0.0001256662,8.382e-07,1.9202e-06,4.47431e-05,0.0036728169,-0.0002405334,6.0309e-06,0.0026217834,1.3562e-06,0.0025371018,0.917698,0.533341,1.312797,0.442265,0.493447,-0.649786,0.372416
1403715293.31257,-0.383655,-1.710253,0.392398,0.463334,-0.669034,0.340111,0.47121,0.0003607804,-7.0592e-06,-0.0001232931,9.229e-07,2.4883e-06,4.2878e-05,0.0037229346,-0.0002593366,5.7442e-06,0.0026300705,9.115e-07,0.0025376388,0.90316,0.492498,1.344626,0.43383,0.507478,-0.635937,0.387099
1403715293.41256,-0.407674,-1.744716,0.425169,0.476221,-0.654193,0.356316,0.467209,0.0003646529,-8.0432e-06,-0.0001181092,9.427e-07,2.6825e-06,3.89654e-05,0.0037684483,-0.000278765,5.8619e-06,0.0026371623,3.807e-07,0.0025378785,0.888877,0.454025,1.376315,0.428728,0.519125,-0.620214,0.402542
1403715293.6626,-0.46483,-1.808265,0.507553,0.511416,-0.630712,0.378596,0.444209,0.0003624369,-8.5907e-06,-0.0001211921,9.654e-07,2.9618e-06,4.1219e-05,0.0038657175,-0.0003261502,5.5543e-06,0.0026629265,-7.794e-07,0.0025403059,0.851513,0.376395,1.453231,0.404141,0.552657,-0.594148,0.422174
1403715293.71261,-0.477492,-1.816903,0.524144,0.518617,-0.626746,0.381389,0.439053,0.000361102,-8.4785e-06,-0.000122953,9.463e-07,2.9811e-06,4.25428e-05,0.0038779574,-0.0003389994,5.5025e-06,0.0026698046,-1.0941e-06,0.0025406865,0.843532,0.363398,1.469153,0.398893,0.559611,-0.589664,0.424286
1403715293.76262,-0.48914,-1.824372,0.540623,0.525738,-0.623013,0.384031,0.43356,0.0003596092,-8.4717e-06,-0.0001248661,9.394e-07,3.0368e-06,4.40229e-05,0.0038893147,-0.0003493511,5.3914e-06,0.002675845,-1.4003e-06,0.00254116,0.83521,0.350976,1.485044,0.393263,0.566523,-0.585463,0.426182
1403715293.81262,-0.500508,-1.832603,0.557014,0.532727,-0.618541,0.386762,0.428979,0.0003586549,-8.0438e-06,-0.0001260975,9.152e-07,2.9242e-06,4.49924e-05,0.0038993385,-0.0003584122,5.2547e-06,0.0026820583,-1.6963e-06,0.0025416534,0.826865,0.339037,1.500789,0.388463,0.573243,-0.58054,0.428327
1403715293.91261,-0.521966,-1.848371,0.588313,0.545892,-0.609671,0.393538,0.418844,0.0003568057,-8.4143e-06,-0.0001283508,9.249e-07,3.1192e-06,4.68113e-05,0.003924877,-0.0003764728,5.0822e-06,0.0026945988,-1.8842e-06,0.0025427457,0.810295,0.315617,1.531418,0.377707,0.585884,-0.570824,0.433865
1403715293.96259,-0.532931,-1.854823,0.602714,0.552433,-0.603923,0.397632,0.414709,0.000356709,-8.2076e-06,-0.0001284755,9.021e-07,3.0455e-06,4.68967e-05,0.0039348167,-0.0003850563,5.0454e-06,0.0027001701,-1.7738e-06,0.002543058,0.801871,0.30378,1.546077,0.373291,0.59205,-0.564699,0.437319
1403715294.11257,-0.565378,-1.875129,0.630042,0.571185,-0.583911,0.413227,0.402542,0.0003581269,-8.3923e-06,-0.0001267713,8.946e-07,3.0489e-06,4.54677e-05,0.0039704601,-0.000411868,4.779e-06,0.0027202824,-1.1199e-06,0.0025448071,0.776547,0.268946,1.573025,0.359848,0.609379,-0.543665,0.451218
1403715294.16256,-0.57531,-1.879935,0.630536,0.576209,-0.576416,0.420091,0.399063,0.0003595573,-9.1868e-06,-0.0001248073,8.673e-07,3.2432e-06,4.38722e-05,0.0039725513,-0.0004227769,5.1909e-06,0.0027177031,-6.55e-08,0.0025434818,0.767939,0.257638,1.575819,0.355761,0.613916,-0.53592,0.45753
1403715294.21255,-0.5864,-1.885144,0.629177,0.581225,-0.568825,0.426959,0.395375,0.0003610631,-9.8479e-06,-0.0001228088,8.839e-07,3.399e-06,4.23036e-05,0.0039788176,-0.0004309929,5.2008e-06,0.0027214785,4.969e-07,0.0025431179,0.759269,0.246668,1.575474,0.351547,0.618362,-0.528085,0.463866
1403715294.31255,-0.607978,-1.894235,0.617056,0.591689,-0.554332,0.439962,0.386074,0.0003629301,-1.16013e-05,-0.0001201529,9.491e-07,3.8776e-06,4.02804e-05,0.0039935062,-0.0004506561,5.2958e-06,0.0027288094,1.5575e-06,0.0025423373,0.741534,0.226784,1.564589,0.341317,0.627735,-0.513123,0.475562
1403715294.36252,-0.621579,-1.902399,0.601435,0.59769,-0.547442,0.444875,0.380999,0.0003632509,-1.20853e-05,-0.0001195617,9.15e-07,4.0042e-06,3.98252e-05,0.0039942445,-0.0004624635,5.3796e-06,0.0027253718,1.5438e-06,0.0025386979,0.732054,0.217718,1.553914,0.335861,0.633155,-0.505706,0.480184
1403715294.41253,-0.632942,-1.906385,0.587879,0.603573,-0.53973,0.450101,0.376564,0.00036377,-1.19635e-05,-0.0001188402,8.949e-07,3.9335e-06,3.92852e-05,0.0040063374,-0.0004750858,5.4638e-06,0.0027314926,2.0875e-06,0.0025380232,0.722322,0.208918,1.541096,0.330953,0.638448,-0.497656,0.484969
1403715294.46255,-0.645593,-1.912186,0.57156,0.610141,-0.531731,0.454173,0.372447,0.0003640619,-1.09323e-05,-0.0001183735,7.871e-07,3.5742e-06,3.89212e-05,0.0040099994,-0.0004861913,5.8672e-06,0.0027325836,2.8746e-06,0.0025361128,0.712048,0.200808,1.527341,0.326495,0.644341,-0.489294,0.488692
1403715294.51255,-0.656778,-1.913593,0.55593,0.616858,-0.523581,0.45795,0.368282,0.0003641884,-9.6677e-06,-0.0001182454,6.982e-07,3.159e-06,3.88058e-05,0.004017432,-0.0004974663,6.057e-06,0.0027379093,3.0812e-06,0.0025353296,0.701387,0.19345,1.513406,0.321887,0.6505,-0.480779,0.49203
1403715294.56258,-0.668656,-1.915335,0.540818,0.624638,-0.516788,0.46028,0.361801,0.0003629127,-9.0978e-06,-0.0001199822,6.544e-07,3.0266e-06,4.00714e-05,0.00401756,-0.0005062211,6.1453e-06,0.0027427311,3.4218e-06,0.0025349211,0.690438,0.187077,1.498944,0.315084,0.657807,-0.47346,0.493813
1403715295.01251,-0.774124,-1.928302,0.418772,0.689415,-0.443936,0.47831,0.3144,0.0003550069,3.114e-06,-0.0001303644,4.134e-07,-1.1292e-06,4.82629e-05,0.0040344899,-0.0005943963,5.8552e-06,0.0028059257,4.1479e-06,0.0025340486,0.595953,0.141054,1.376572,0.265365,0.71777,-0.396423,0.507188
1403715295.36249,-0.828721,-1.933861,0.365119,0.713557,-0.388921,0.515659,0.271428,0.0003615461,-5.4544e-06,-0.0001222778,4.351e-07,1.8533e-06,4.17125e-05,0.0040394507,-0.0006362765,5.5434e-06,0.002839323,4.7701e-06,0.0025334466,0.548758,0.116033,1.321377,0.218747,0.737886,-0.340307,0.540249
1403715295.46248,-0.843203,-1.931864,0.371374,0.725839,-0.369382,0.519928,0.257662,0.0003601234,-3.8485e-06,-0.0001241727,3.795e-07,1.3302e-06,4.31641e-05,0.0040357562,-0.0006436325,5.4925e-06,0.0028452754,4.6238e-06,0.0025330544,0.534337,0.113294,1.328791,0.204362,0.748748,-0.319974,0.543354
1403715295.66245,-0.874641,-1.923339,0.373795,0.744045,-0.33138,0.527966,0.240489,0.0003600777,2.9783e-06,-0.000124283,3.504e-07,-1.0297e-06,4.32382e-05,0.0040231792,-0.0006657014,5.2646e-06,0.0028665347,4.6142e-06,0.0025329921,0.503547,0.109162,1.331998,0.18609,0.764291,-0.281026,0.549778
1403715295.71245,-0.88138,-1.921873,0.365681,0.745853,-0.325045,0.530563,0.237806,0.0003608259,3.7736e-06,-0.0001232532,3.546e-07,-1.2923e-06,4.24343e-05,0.0040197676,-0.0006690305,5.1924e-06,0.0028693334,4.4392e-06,0.0025326963,0.495574,0.10878,1.324631,0.182964,0.765708,-0.274589,0.552103
1403715295.91246,-0.913664,-1.903153,0.323998,0.751129,-0.302073,0.544877,0.218326,0.0003641438,-4.031e-07,-0.0001188734,3.035e-07,1.293e-07,3.91258e-05,0.0039914551,-0.0006860179,4.972e-06,0.0028910677,4.6097e-06,0.0025325895,0.463635,0.114203,1.282581,0.162171,0.769379,-0.251785,0.564237
1403715295.96246,-0.92146,-1.896736,0.3131,0.751425,-0.297436,0.5494,0.212254,0.0003652681,-2.9192e-06,-0.0001172409,3.183e-07,9.355e-07,3.79444e-05,0.0039828368,-0.000689991,4.8808e-06,0.0028964536,4.6506e-06,0.0025323806,0.454663,0.116816,1.270647,0.155601,0.769345,-0.247151,0.568167
1403715296.01245,-0.930557,-1.890122,0.3007,0.751856,-0.2935,0.553072,0.206596,0.0003660096,-5.2727e-06,-0.0001160733,3.648e-07,1.6705e-06,3.71193e-05,0.0039721318,-0.0006938341,4.7959e-06,0.0029023956,4.6881e-06,0.0025322517,0.444666,0.119791,1.257237,0.14955,0.769489,-0.243226,0.571282
1403715296.06243,-0.941012,-1.882759,0.287366,0.752915,-0.291552,0.555249,0.199536,0.0003656162,-8.8174e-06,-0.0001163834,4.986e-07,2.8062e-06,3.73537e-05,0.003961726,-0.0006987576,4.7585e-06,0.002909612,4.7284e-06,0.0025321674,0.433608,0.122869,1.242824,0.14221,0.770422,-0.24122,0.572748
1403715296.11243,-0.952225,-1.87524,0.273257,0.755181,-0.290993,0.555139,0.19195,0.0003638465,-1.25763e-05,-0.0001184692,7.182e-07,4.0954e-06,3.88791e-05,0.0039503375,-0.0007042889,4.7316e-06,0.0029178984,4.7634e-06,0.002532093,0.421684,0.125977,1.227585,0.134538,0.772667,-0.24052,0.571871
1403715296.21243,-0.976487,-1.860664,0.243133,0.764017,-0.28686,0.549354,0.179443,0.0003579402,-1.54491e-05,-0.000125841,9.469e-07,5.4333e-06,4.45502e-05,0.0039283139,-0.0007171027,4.7733e-06,0.0029371249,4.8602e-06,0.0025320931,0.395549,0.131447,1.19552,0.122184,0.78132,-0.2356,0.564893
1403715296.26242,-0.989995,-1.85415,0.227839,0.768949,-0.283894,0.545878,0.173608,0.0003546606,-1.60903e-05,-0.0001297056,1.0068e-06,5.8877e-06,4.77432e-05,0.0039191031,-0.0007239607,4.7336e-06,0.00294671,4.8975e-06,0.0025319509,0.381617,0.13311,1.179048,0.116479,0.786083,-0.232122,0.560917
1403715296.31239,-0.999478,-1.852912,0.212677,0.775488,-0.280788,0.539948,0.168025,0.0003500095,-1.5982e-05,-0.0001349047,9.938e-07,6.1602e-06,5.22979e-05,0.0039094385,-0.0007318688,4.4716e-06,0.0029565954,4.7041e-06,0.0025313769,0.367476,0.133856,1.163237,0.111032,0.79231,-0.228276,0.554805
1403715296.56245,-1.065858,-1.850464,0.174896,0.792825,-0.258407,0.532658,0.144672,0.0003407156,-1.6887e-05,-0.0001444129,1.1029e-06,7.1602e-06,6.15219e-05,0.0039118628,-0.0007790267,4.2926e-06,0.0030090908,4.8138e-06,0.0025311987,0.302349,0.117065,1.12446,0.087762,0.808208,-0.204503,0.545231
1403715296.71246,-1.102552,-1.870753,0.178204,0.792893,-0.241564,0.539592,0.147675,0.0003463209,-9.7204e-06,-0.0001394855,5.39e-07,3.9146e-06,5.64869e-05,0.0039421564,-0.0008143102,4.1228e-06,0.0030403836,4.7737e-06,0.0025311883,0.270345,0.087967,1.128038,0.090134,0.807367,-0.187969,0.551998
1403715297.21241,-1.195007,-1.971903,0.171476,0.812115,-0.185622,0.542676,0.107317,0.0003420785,-9.911e-06,-0.0001438968,5.626e-07,4.1687e-06,6.08547e-05,0.0041034415,-0.0009312599,3.0092e-06,0.0031267604,4.992e-06,0.0025321281,0.207014,-0.0322,1.123796,0.049043,0.823065,-0.130995,0.550458
1403715297.26241,-1.200988,-1.982372,0.167665,0.816713,-0.177387,0.540641,0.096029,0.0003390281,-1.27728e-05,-0.0001465828,7.537e-07,5.5224e-06,6.37015e-05,0.0041177796,-0.0009406128,2.9737e-06,0.0031329065,4.907e-06,0.0025318792,0.204886,-0.044113,1.119602,0.037814,0.826989,-0.12236,0.547441
1403715297.3124,-1.204828,-1.994753,0.163418,0.820129,-0.167759,0.540263,0.085797,0.0003373975,-1.47984e-05,-0.0001478971,9.208e-07,6.487e-06,6.51555e-05,0.0041364008,-0.0009497178,2.9428e-06,0.0031373308,4.8595e-06,0.0025317582,0.204421,-0.057243,1.115046,0.027511,0.829634,-0.112413,0.546184
1403715297.36239,-1.209776,-2.008053,0.160927,0.823025,-0.157119,0.540444,0.076576,0.0003362376,-1.58333e-05,-0.0001486478,1.0121e-06,6.9943e-06,6.60306e-05,0.0041571851,-0.0009583871,3.3547e-06,0.0031398313,4.9843e-06,0.0025309276,0.205207,-0.071437,1.10951,0.018459,0.831742,-0.101591,0.545479
1403715297.46236,-1.212904,-2.041117,0.150906,0.826188,-0.133266,0.543506,0.065229,0.0003375754,-1.3522e-05,-0.0001476561,8.093e-07,5.9077e-06,6.49002e-05,0.0042108647,-0.0009779287,3.226e-06,0.0031448136,5.0366e-06,0.0025309656,0.211052,-0.104185,1.099005,0.00682,0.833143,-0.077646,0.54754
1403715297.51235,-1.212549,-2.059513,0.14631,0.826984,-0.121397,0.545569,0.060949,0.0003388073,-1.15368e-05,-0.0001466699,6.597e-07,4.986e-06,6.38062e-05,0.0042410312,-0.0009865068,3.1674e-06,0.0031445635,5.1133e-06,0.0025309165,0.216615,-0.122419,1.094499,0.002364,0.833107,-0.065769,0.549186
1403715297.56236,-1.211295,-2.078762,0.141109,0.828068,-0.11197,0.546558,0.055141,0.0003390718,-1.13386e-05,-0.0001464365,6.455e-07,4.8879e-06,6.35542e-05,0.0042733131,-0.0009947551,3.114e-06,0.0031433658,5.1817e-06,0.0025309009,0.223512,-0.14146,1.089536,0.003558,-0.833529,0.056303,-0.54959
1403715297.86236,-1.172033,-2.221581,0.11876,0.827806,-0.072562,0.556196,0.010874,0.0003427376,-2.31389e-05,-0.0001415729,1.8386e-06,9.5509e-06,5.88029e-05,0.0045222889,-0.0010278163,2.438e-06,0.0031072732,5.0255e-06,0.0025318797,0.299863,-0.268726,1.062235,0.048599,-0.830324,0.017571,-0.554882
1403715297.96233,-1.1551,-2.274992,0.113352,-0.816524,0.056146,-0.574574,0.000467,0.0003544914,-2.44796e-05,-0.0001285413,1.9566e-06,8.8681e-06,4.6913e-05,0.0046196652,-0.0010339229,2.0028e-06,0.0030870142,5.4694e-06,0.0025314133,0.33913,-0.31825,1.06061,0.061027,-0.818104,0.00275,-0.571821
1403715298.01233,-1.143752,-2.303979,0.11257,-0.809636,0.045822,-0.585116,0.005418,0.0003612748,-2.36565e-05,-0.0001201833,1.8127e-06,7.8594e-06,4.02772e-05,0.0046659326,-0.0010418642,1.9921e-06,0.003083808,5.654e-06,0.0025313475,0.359104,-0.344342,1.06031,0.066676,-0.810496,-0.006671,-0.581903
1403715298.06234,-1.132606,-2.333736,0.111883,-0.804451,0.0336,-0.592995,0.009284,0.000366248,-2.08902e-05,-0.0001138252,1.4529e-06,6.4801e-06,3.56679e-05,0.0047202331,-0.0010457586,2.0398e-06,0.0030748984,5.7373e-06,0.0025312469,0.378164,-0.371136,1.060043,0.071073,-0.804465,-0.01817,-0.589458
1403715298.11235,-1.12304,-2.364664,0.111233,-0.800501,0.018745,-0.598956,0.009894,0.0003701857,-1.46428e-05,-0.0001089448,8.388e-07,4.2947e-06,3.23524e-05,0.0047771799,-0.0010500013,2.0626e-06,0.0030662414,5.8499e-06,0.0025312841,0.396327,-0.398845,1.060062,0.072097,-0.799508,-0.032421,-0.595436
1403715298.16238,-1.114025,-2.396774,0.109199,-0.799329,0.001552,-0.60084,0.007939,0.0003716846,-5.513e-06,-0.0001074555,3.387e-07,1.577e-06,3.13548e-05,0.0048363138,-0.0010561483,2.1189e-06,0.0030590718,5.8125e-06,0.0025310884,0.41332,-0.427126,1.059349,0.070284,-0.797194,-0.049228,-0.5976
1403715298.21237,-1.107305,-2.428145,0.106955,-0.799562,-0.016497,-0.60034,0.004554,0.000371431,4.9496e-06,-0.0001078999,3.219e-07,-1.4571e-06,3.1634e-05,0.0048981896,-0.0010634825,2.1728e-06,0.0030529823,5.8657e-06,0.0025311171,0.42861,-0.45584,1.058262,0.066926,-0.79622,-0.067119,-0.597541
1403715298.26237,-1.102219,-2.458492,0.10499,-0.800138,-0.033736,-0.598863,0.002296,0.000370149,1.4275e-05,-0.0001090906,8.058e-07,-4.2286e-06,3.24414e-05,0.0049573853,-0.0010719084,2.239e-06,0.0030488218,5.8941e-06,0.0025311415,0.442102,-0.483997,1.05734,0.06465,-0.795631,-0.084272,-0.596402
1403715298.71236,-1.102275,-2.640824,0.113799,0.80787,0.099766,0.580706,0.013143,0.000352826,5.16854e-05,-0.0001225559,7.8274e-06,-1.79828e-05,4.2872e-05,0.0053390343,-0.0011558773,2.1505e-06,0.0030538644,5.8875e-06,0.0025321875,0.490376,-0.664726,1.068988,0.048491,-0.799674,-0.150835,-0.579154
1403715298.76235,-1.10512,-2.645759,0.118575,0.807242,0.100752,0.581361,0.01513,0.0003527361,5.34426e-05,-0.0001219293,8.3498e-06,-1.85045e-05,4.24437e-05,0.0053427622,-0.0011585023,2.5175e-06,0.0030547473,5.7153e-06,0.002531887,0.488955,-0.671103,1.073006,0.046538,-0.799178,-0.151707,-0.57977
1403715298.96237,-1.121719,-2.631858,0.132657,-0.822895,-0.075596,-0.562699,0.022339,0.0003481878,1.81345e-05,-0.0001369972,1.1912e-06,-7.1574e-06,5.42076e-05,0.0053179698,-0.0011718618,2.2278e-06,0.0030713657,5.5281e-06,0.002532014,0.468287,-0.663205,1.085973,0.082611,-0.816632,-0.128006,-0.556693
1403715299.01238,-1.1257,-2.621343,0.135985,-0.826628,-0.072409,-0.557078,0.033281,0.0003455004,9.6585e-06,-0.0001406705,5.143e-07,-3.9524e-06,5.75795e-05,0.0052912997,-0.0011698377,2.241e-06,0.0030741411,5.511e-06,0.0025317746,0.462203,-0.65468,1.088946,0.093108,-0.820556,-0.125131,-0.549877
1403715299.06241,-1.129212,-2.609746,0.139934,-0.829061,-0.07174,-0.552851,0.043197,0.0003433239,2.9771e-06,-0.0001431572,2.674e-07,-1.26e-06,5.99968e-05,0.0052651303,-0.0011675781,2.3012e-06,0.0030763706,5.3749e-06,0.0025313173,0.456804,-0.644649,1.092011,0.102656,-0.823018,-0.124675,-0.544574
1403715299.31242,-1.120219,-2.544036,0.16018,-0.829997,-0.095793,-0.544002,0.077398,0.0003396135,-8.8992e-06,-0.0001465616,4.783e-07,3.826e-06,6.35625e-05,0.005135375,-0.0011302208,2.065e-06,0.0030674199,5.2476e-06,0.0025317347,0.450615,-0.579872,1.110848,0.136132,-0.822255,-0.148631,-0.532237
1403715299.36242,-1.113388,-2.529428,0.164219,-0.82931,-0.103435,-0.542647,0.084141,0.0003393602,-9.9914e-06,-0.0001467151,5.378e-07,4.3053e-06,6.37418e-05,0.0050993954,-0.0011162764,2.0795e-06,0.0030607935,5.2353e-06,0.0025316636,0.454032,-0.564965,1.114584,0.14278,-0.821018,-0.156159,-0.530245
1403715299.41242,-1.104212,-2.514911,0.168334,-0.827935,-0.111557,-0.541965,0.091395,0.0003395866,-1.1135e-05,-0.000146363,6.07e-07,4.7851e-06,6.33944e-05,0.0050685967,-0.0011008716,2.0945e-06,0.0030515362,5.1404e-06,0.0025315739,0.45941,-0.549415,1.118767,0.15,-0.81903,-0.164117,-0.528921
1403715299.66242,-1.037526,-2.444738,0.189765,-0.812469,-0.162336,-0.544669,0.129911,0.0003466368,-1.267e-05,-0.0001393214,7.109e-07,5.0804e-06,5.6316e-05,0.0049305166,-0.0010031209,1.7647e-06,0.0029915881,4.8422e-06,0.0025323925,0.511057,-0.466334,1.140842,0.188708,-0.799743,-0.213282,-0.528502
1403715299.76242,-1.006236,-2.418013,0.194787,-0.805382,-0.185214,-0.543517,0.14712,0.0003486344,-1.32016e-05,-0.0001371243,7.452e-07,5.1838e-06,5.42518e-05,0.0048748582,-0.0009596082,1.5996e-06,0.0029635333,4.7325e-06,0.0025325251,0.539183,-0.431527,1.146872,0.205795,-0.790921,-0.235445,-0.525988
1403715299.81242,-0.989763,-2.40568,0.197414,-0.801259,-0.196881,-0.542823,0.156731,0.0003498532,-1.39133e-05,-0.0001356981,7.982e-07,5.3894e-06,5.29508e-05,0.0048504233,-0.0009400183,1.5693e-06,0.0029508275,4.7052e-06,0.0025325662,0.554571,-0.414202,1.149352,0.215336,-0.785898,-0.246661,-0.524555
1403715300.06241,-0.89317,-2.345563,0.201807,-0.778073,-0.256866,-0.538674,0.196095,0.0003554808,-1.0608e-05,-0.0001296519,5.661e-07,3.8669e-06,4.76076e-05,0.0047369528,-0.0008257472,9.778e-07,0.0028767547,4.2387e-06,0.0025338053,0.64162,-0.331433,1.156399,0.254477,-0.758173,-0.304288,-0.51752
1403715300.11241,-0.872417,-2.335405,0.204112,-0.772288,-0.265193,-0.540742,0.202094,0.0003580581,-9.4823e-06,-0.0001266077,5.005e-07,3.3519e-06,4.50852e-05,0.0047187433,-0.0008038985,8.577e-07,0.0028624921,4.147e-06,0.0025338942,0.66072,-0.316285,1.157953,0.260603,-0.75184,-0.312018,-0.519105
1403715300.16243,-0.851577,-2.325949,0.206284,-0.766625,-0.274014,-0.543579,0.204267,0.0003603132,-5.6856e-06,-0.0001239848,3.384e-07,1.9551e-06,4.29781e-05,0.0047013877,-0.0007812021,8.008e-07,0.0028476972,4.0656e-06,0.0025339473,0.680076,-0.302035,1.159293,0.263009,-0.74566,-0.32031,-0.521748
1403715300.26244,-0.8095,-2.308715,0.208687,-0.755627,-0.289518,-0.550983,0.20402,0.0003644652,4.2798e-06,-0.0001185563,3.003e-07,-1.3949e-06,3.88758e-05,0.0046683443,-0.0007363238,4.812e-07,0.0028194596,3.876e-06,0.0025344,0.718319,-0.275449,1.161993,0.2633,-0.73388,-0.334784,-0.529164
1403715300.46242,-0.73582,-2.279827,0.216556,-0.747383,-0.290461,-0.55477,0.221991,0.0003702382,-3.3982e-06,-0.0001102931,2.829e-07,1.0131e-06,3.316e-05,0.0046130151,-0.0006590731,-3.319e-07,0.0027735673,3.4954e-06,0.0025353274,0.783922,-0.230627,1.167814,0.281347,-0.725761,-0.334885,-0.531006
1403715300.51241,-0.720794,-2.276333,0.220839,-0.747004,-0.290051,-0.554765,0.223812,0.0003705443,-4.6362e-06,-0.0001097717,3.083e-07,1.3749e-06,3.282e-05,0.0046091902,-0.0006445049,-4.461e-07,0.00276406,3.493e-06,0.0025352243,0.797971,-0.222232,1.169516,0.28307,-0.725465,-0.334463,-0.53076
1403715300.56241,-0.707107,-2.273689,0.224547,-0.747719,-0.288703,-0.553813,0.225517,0.0003703474,-6.5632e-06,-0.0001099665,3.653e-07,1.9501e-06,3.29508e-05,0.0046048102,-0.0006315951,-1.871e-07,0.0027557572,3.5632e-06,0.0025348916,0.811183,-0.215243,1.170906,0.284664,-0.726324,-0.333183,-0.529537
1403715300.61241,-0.694318,-2.271773,0.226926,-0.748969,-0.287677,-0.552494,0.225915,0.0003696987,-7.7594e-06,-0.0001108748,4.117e-07,2.3285e-06,3.35503e-05,0.0046023426,-0.0006199829,-2.237e-07,0.0027484244,3.5185e-06,0.0025348849,0.82363,-0.209661,1.172162,0.28492,-0.727731,-0.332277,-0.528034
1403715300.66241,-0.683259,-2.271439,0.229401,-0.750088,-0.286413,-0.551661,0.225846,0.0003692065,-8.655e-06,-0.000111547,4.518e-07,2.6163e-06,3.39992e-05,0.0046011251,-0.0006092028,-2.279e-07,0.0027416105,3.4776e-06,0.0025348651,0.835538,-0.205495,1.173285,0.284815,-0.729021,-0.331196,-0.526989
1403715300.71243,-0.673658,-2.271522,0.233329,-0.75155,-0.284469,-0.550548,0.226157,0.0003685858,-1.01111e-05,-0.0001122974,5.211e-07,3.0799e-06,3.45069e-05,0.0046007427,-0.0006009396,1.3689e-06,0.0027356505,3.6373e-06,0.0025330098,0.846918,-0.202657,1.174659,0.28503,-0.730681,-0.3295,-0.525635
1403715300.86244,-0.644348,-2.278803,0.237794,-0.751614,-0.281948,-0.553863,0.220947,0.0003693561,-7.5049e-06,-0.0001113855,3.968e-07,2.2614e-06,3.38831e-05,0.0046143195,-0.0005777901,1.3688e-06,0.0027206675,3.4497e-06,0.0025329738,0.878145,-0.202969,1.179517,0.280045,-0.731388,-0.326987,-0.528891
1403715301.06245,-0.619054,-2.302382,0.239796,-0.749335,-0.284341,-0.561231,0.206561,0.0003704552,3.7973e-06,-0.0001099516,2.864e-07,-1.1319e-06,3.29269e-05,0.0046579598,-0.0005609017,1.4879e-06,0.0027076438,3.4313e-06,0.0025329361,0.910413,-0.220444,1.182731,0.266216,-0.729674,-0.329154,-0.536994
1403715301.16245,-0.615139,-2.3187,0.240921,-0.745712,-0.285026,-0.567964,0.200228,0.0003725235,9.8125e-06,-0.0001063168,5.038e-07,-2.8072e-06,3.06289e-05,0.004684523,-0.0005609738,1.5823e-06,0.0027051264,3.5064e-06,0.0025326812,0.920207,-0.23418,1.183345,0.260397,-0.726379,-0.329502,-0.544054
1403715301.21245,-0.614463,-2.327281,0.240764,-0.743613,-0.285771,-0.57153,0.196792,0.0003734924,1.32744e-05,-0.0001043413,7.159e-07,-3.715e-06,2.94339e-05,0.0047020574,-0.0005646082,1.5775e-06,0.0027055351,3.5797e-06,0.0025325442,0.922883,-0.24231,1.183231,0.257189,-0.72444,-0.329993,-0.547856
1403715301.66245,-0.703965,-2.408239,0.208658,-0.762577,-0.278961,-0.547172,0.203128,0.000362365,-1.6186e-06,-0.0001216118,2.664e-07,5.389e-07,4.11203e-05,0.0048541596,-0.0006729838,1.6106e-06,0.002756438,3.7987e-06,0.0025328012,0.855181,-0.340897,1.15013,0.26149,-0.744073,-0.324923,-0.521924
1403715301.71245,-0.719612,-2.418383,0.201851,-0.765287,-0.277868,-0.543977,0.203014,0.0003604512,-3.1222e-06,-0.0001240273,2.844e-07,1.0707e-06,4.29817e-05,0.0048755951,-0.0006888126,1.5526e-06,0.0027639998,3.8476e-06,0.0025325538,0.841421,-0.354436,1.143609,0.261106,-0.74692,-0.324033,-0.518592
1403715302.01243,-0.819283,-2.477442,0.16517,-0.764593,-0.280223,-0.549419,0.187112,0.0003601588,8.33e-06,-0.0001241737,4.592e-07,-2.8789e-06,4.31234e-05,0.0049988009,-0.0008042845,1.6176e-06,0.002826742,4.2547e-06,0.0025324664,0.754183,-0.438977,1.106822,0.245354,-0.747026,-0.326384,-0.52462
1403715302.06242,-0.838913,-2.48523,0.160409,-0.764541,-0.280339,-0.550214,0.184803,0.0003600251,9.9335e-06,-0.0001241503,5.38e-07,-3.4326e-06,4.31199e-05,0.0050097415,-0.0008250182,1.5877e-06,0.0028393468,4.3355e-06,0.0025322528,0.737647,-0.452559,1.102472,0.243051,-0.747144,-0.326504,-0.525449
1403715302.11242,-0.858911,-2.49322,0.156014,-0.765427,-0.280573,-0.549633,0.182493,0.0003591213,1.11199e-05,-0.0001251129,6.056e-07,-3.8813e-06,4.3894e-05,0.0050241397,-0.0008477413,1.5574e-06,0.0028532762,4.4067e-06,0.0025320814,0.720349,-0.46585,1.0983,0.240643,-0.748168,-0.326818,-0.524905
1403715302.31242,-0.943628,-2.519671,0.144404,-0.772649,-0.280675,-0.543172,0.170875,0.0003526259,1.54538e-05,-0.0001324103,9.441e-07,-5.8125e-06,5.00367e-05,0.005077904,-0.000941237,1.6425e-06,0.0029154294,4.5891e-06,0.0025321421,0.643251,-0.5138,1.085825,0.228436,-0.755834,-0.327881,-0.518678
1403715302.36241,-0.966313,-2.523484,0.14273,-0.773514,-0.279936,-0.543137,0.168267,0.0003519577,1.65566e-05,-0.0001329687,1.0437e-06,-6.265e-06,5.05504e-05,0.005083498,-0.0009655514,1.6088e-06,0.0029330437,4.5806e-06,0.0025319817,0.622678,-0.523074,1.084533,0.22575,-0.756928,-0.327261,-0.51865
1403715302.76242,-1.150384,-2.51973,0.144647,-0.786431,-0.254562,-0.532632,0.181733,0.0003488367,-5.3272e-06,-0.0001373428,3.599e-07,2.0921e-06,5.44086e-05,0.0050629661,-0.0011442515,1.4951e-06,0.0030918426,4.5522e-06,0.0025325353,0.443145,-0.56221,1.084674,0.237499,-0.771923,-0.303212,-0.505759
1403715302.81242,-1.170874,-2.517779,0.141706,-0.789085,-0.253177,-0.529068,0.182576,0.0003466856,-7.4341e-06,-0.0001394552,4.344e-07,2.986e-06,5.643e-05,0.0050709264,-0.0011689471,1.3433e-06,0.0031124315,4.4063e-06,0.0025322635,0.421513,-0.56424,1.082461,0.237944,-0.774688,-0.30211,-0.501968
1403715302.86242,-1.189739,-2.515778,0.137337,-0.791429,-0.253407,-0.52572,0.181779,0.0003443006,-7.7887e-06,-0.0001418308,4.483e-07,3.204e-06,5.87598e-05,0.005066038,-0.0011869221,1.2535e-06,0.0031300668,4.2779e-06,0.0025320878,0.401127,-0.565464,1.079483,0.236743,-0.777063,-0.302593,-0.498562
1403715302.96241,-1.223821,-2.505676,0.130088,-0.794198,-0.257254,-0.518791,0.184191,0.0003402356,-9.3714e-06,-0.0001456705,5.294e-07,4.0091e-06,6.27063e-05,0.0050491725,-0.0012173753,1.1655e-06,0.0031635023,4.0826e-06,0.0025319641,0.363546,-0.564418,1.072871,0.238514,-0.779504,-0.306755,-0.49131
1403715303.0124,-1.239583,-2.50071,0.12592,-0.794178,-0.262325,-0.515732,0.185708,0.0003385633,-8.9159e-06,-0.0001472428,5.042e-07,3.8746e-06,6.43758e-05,0.0050373528,-0.0012284437,1.1094e-06,0.0031772336,4.0311e-06,0.0025318941,0.346638,-0.562296,1.069637,0.239783,-0.7791,-0.311862,-0.488109
1403715303.06239,-1.252629,-2.493301,0.122056,-0.793451,-0.268218,-0.51266,0.188874,0.0003372736,-9.0257e-06,-0.000148385,5.086e-07,3.9692e-06,6.56207e-05,0.0050257463,-0.0012397663,1.0916e-06,0.0031910688,3.867e-06,0.0025317364,0.331121,-0.558937,1.066267,0.242709,-0.777904,-0.317661,-0.484821
1403715303.51239,-1.324831,-2.390149,0.106422,-0.736023,-0.369552,-0.51161,0.244859,0.0003516324,6.6844e-06,-0.000134088,4.133e-07,-2.5527e-06,5.14803e-05,0.0048241029,-0.0012495979,9.642e-07,0.0032640114,3.7583e-06,0.0025335705,0.237718,-0.469608,1.047398,0.299073,-0.712524,-0.413602,-0.481458
1403715303.5624,-1.337501,-2.377243,0.103301,-0.728312,-0.381807,-0.510671,0.250999,0.0003526576,9.1554e-06,-0.000132746,5.205e-07,-3.4486e-06,5.03128e-05,0.0047986668,-0.0012524362,6.961e-07,0.0032742558,3.2134e-06,0.0025333393,0.228099,-0.455483,1.046251,0.3053,-0.703902,-0.425167,-0.480159
1403715304.1624,-1.446074,-2.223675,0.093605,-0.667433,-0.456229,-0.474724,0.347886,0.000364655,-1.1893e-05,-0.0001176715,6.992e-07,3.8467e-06,3.83345e-05,0.0045295086,-0.001263432,-7.677e-07,0.00340701,7.31e-08,0.0025404766,0.090048,-0.303328,1.030981,0.399481,-0.636112,-0.493543,-0.438397
1403715304.26238,-1.464449,-2.20696,0.085658,-0.66709,-0.458835,-0.471139,0.349986,0.000363647,-1.32044e-05,-0.0001189533,7.936e-07,4.3305e-06,3.92728e-05,0.0045103362,-0.0012736651,-1.5362e-06,0.0034340018,9.48e-08,0.0025405988,0.071168,-0.291555,1.025429,0.401378,-0.635568,-0.496091,-0.434561
1403715304.46237,-1.492318,-2.18733,0.067554,-0.671754,-0.460367,-0.466346,0.345443,0.0003597724,-1.31673e-05,-0.000124132,8.03e-07,4.5558e-06,4.31988e-05,0.0044825002,-0.0012838145,-2.8689e-06,0.0034743112,-1.1442e-06,0.0025424736,0.04072,-0.278765,1.009166,0.396577,-0.640105,-0.498141,-0.42994
1403715304.51236,-1.498203,-2.182541,0.060938,-0.671326,-0.460591,-0.469067,0.342277,0.000360168,-1.03736e-05,-0.0001239097,6.198e-07,3.5811e-06,4.29977e-05,0.0044718603,-0.0012852995,-3.2599e-06,0.0034834237,-1.293e-06,0.0025418729,0.034924,-0.277467,1.00356,0.393666,-0.639755,-0.49836,-0.432873
1403715304.56236,-1.504529,-2.173152,0.04844,-0.671569,-0.460558,-0.471187,0.338918,0.0003601286,-8.0602e-06,-0.0001241352,4.886e-07,2.7923e-06,4.31495e-05,0.0044566194,-0.0012927509,-5.7362e-06,0.0034796043,-1.4723e-06,0.0025391916,0.029455,-0.276566,0.994843,0.390618,-0.640066,-0.498409,-0.435112
1403715304.61236,-1.509041,-2.170099,0.036443,-0.671732,-0.460214,-0.473318,0.336079,0.0003602775,-5.9385e-06,-0.0001240805,4.049e-07,2.0588e-06,4.30939e-05,0.0044389298,-0.0012931359,-5.1484e-06,0.0034861573,-1.0114e-06,0.0025388078,0.024213,-0.275953,0.983546,0.387964,-0.640324,-0.498121,-0.43743
1403715304.66236,-1.514637,-2.169024,0.023964,-0.67188,-0.458585,-0.475398,0.335072,0.0003609864,-5.3183e-06,-0.0001232124,3.839e-07,1.829e-06,4.24142e-05,0.0044325856,-0.0012969685,-4.0593e-06,0.0034903016,-7.08e-08,0.0025380415,0.018935,-0.275954,0.970813,0.387092,-0.640653,-0.496498,-0.439561
1403715304.71236,-1.519891,-2.16763,0.0101,-0.672373,-0.457372,-0.477063,0.333369,0.0003612515,-4.4392e-06,-0.00012292,3.606e-07,1.5246e-06,4.21843e-05,0.004431938,-0.0013016428,-4.1506e-06,0.0034970117,-1.21e-08,0.0025380938,0.013585,-0.276574,0.957335,0.385528,-0.641267,-0.495357,-0.441323
1403715304.81236,-1.530601,-2.167071,-0.015805,-0.674168,-0.456271,-0.478869,0.328632,0.0003605851,-2.2435e-06,-0.000123872,3.224e-07,7.85e-07,4.29159e-05,0.0044318928,-0.0013102539,-4.3405e-06,0.0035098535,-6.39e-08,0.0025383904,0.002811,-0.279483,0.931881,0.380987,-0.643196,-0.494489,-0.443428
1403715304.86236,-1.537292,-2.167321,-0.023713,-0.675458,-0.45584,-0.478955,0.326448,0.0003599119,-1.5477e-06,-0.0001247463,3.143e-07,5.521e-07,4.35989e-05,0.0044294849,-0.0013151552,-3.4482e-06,0.0035165096,2.904e-07,0.0025374451,-0.002736,-0.281745,0.922849,0.378915,-0.644458,-0.494238,-0.443652
1403715304.96237,-1.54508,-2.165403,-0.035916,-0.677577,-0.455471,-0.478716,0.322903,0.000358581,-5.944e-07,-0.0001264255,3.018e-07,2.255e-07,4.49338e-05,0.0044242881,-0.0013283599,-1.371e-07,0.0035289561,2.708e-06,0.0025343596,-0.013803,-0.286213,0.914787,0.375582,-0.646562,-0.494078,-0.443602
1403715305.01238,-1.551215,-2.166258,-0.035526,-0.677979,-0.455303,-0.478774,0.32221,0.0003583102,-2.733e-07,-0.0001267731,3.016e-07,1.124e-07,4.52133e-05,0.0044196117,-0.0013289882,-7.23e-08,0.0035318447,2.8538e-06,0.002534268,-0.019613,-0.288775,0.915534,0.374888,-0.647013,-0.49394,-0.443685
1403715305.11241,-1.562695,-2.16519,-0.025884,-0.679743,-0.454519,-0.476931,0.322333,0.0003574008,-1.7092e-06,-0.0001278701,3.069e-07,6.249e-07,4.61049e-05,0.0044212029,-0.0013419758,2.673e-07,0.0035457609,3.7616e-06,0.0025337927,-0.032166,-0.294311,0.923375,0.374953,-0.648728,-0.493383,-0.441742
1403715305.1624,-1.567811,-2.164226,-0.019877,-0.680452,-0.454795,-0.475841,0.322058,0.0003567355,-1.9772e-06,-0.0001286798,3.105e-07,7.267e-07,4.67739e-05,0.0044180635,-0.0013460727,2.628e-07,0.0035530691,3.7463e-06,0.0025337712,-0.038814,-0.297027,0.928856,0.374611,-0.649384,-0.493748,-0.440658
1403715305.9124,-1.648449,-2.160853,0.145613,-0.673839,-0.470168,-0.460564,0.335803,0.0003538523,-7.243e-06,-0.0001321379,4.865e-07,2.7208e-06,4.97473e-05,0.0044125139,-0.0014146384,8.004e-07,0.0036621383,2.9727e-06,0.0025368009,-0.117069,-0.323803,1.108349,0.387926,-0.64045,-0.508504,-0.42516
1403715305.9624,-1.650354,-2.160544,0.165151,-0.673605,-0.470919,-0.460368,0.33549,0.0003536648,-6.8439e-06,-0.0001323802,4.708e-07,2.5779e-06,4.99546e-05,0.0044110793,-0.0014145457,5.925e-07,0.0036620662,2.5468e-06,0.0025368352,-0.119523,-0.32474,1.127781,0.387685,-0.640078,-0.509296,-0.424991
1403715306.01239,-1.651943,-2.160881,0.183455,-0.673695,-0.471418,-0.459929,0.33521,0.0003533342,-6.6871e-06,-0.0001327726,4.662e-07,2.5291e-06,5.02966e-05,0.0044102717,-0.0014156963,4.333e-07,0.0036641165,2.2946e-06,0.0025369972,-0.121692,-0.325417,1.146087,0.387436,-0.640052,-0.509858,-0.424584
1403715306.06239,-1.64908,-2.165775,0.207386,-0.67389,-0.472518,-0.459274,0.334164,0.0003525804,-5.9447e-06,-0.000133635,4.385e-07,2.2672e-06,5.10522e-05,0.0044102785,-0.0014163592,-2.222e-07,0.0036643445,2.5207e-06,0.0025359046,-0.123408,-0.326073,1.163153,0.386167,-0.640242,-0.510907,-0.424192
1403715306.11238,-1.650483,-2.166573,0.223535,-0.674998,-0.473072,-0.457672,0.333341,0.0003514438,-6.2762e-06,-0.000134891,4.523e-07,2.4234e-06,5.21788e-05,0.0044196171,-0.001416981,-2.768e-07,0.003659775,2.413e-06,0.0025360049,-0.124815,-0.326543,1.179055,0.385262,-0.641245,-0.511574,-0.422694
1403715306.36238,-1.644993,-2.16872,0.295835,-0.683268,-0.446838,-0.456842,0.353235,0.0003566031,-2.80654e-05,-0.00012607,2.5637e-06,9.9436e-06,4.49805e-05,0.0044223312,-0.0014137047,-7.494e-07,0.0036549644,1.7089e-06,0.0025369602,-0.12002,-0.32596,1.250757,0.404769,-0.651023,-0.485655,-0.420086
1403715306.41238,-1.63949,-2.171467,0.310924,-0.684501,-0.438084,-0.460753,0.356716,0.0003591261,-3.20646e-05,-0.000121919,3.2197e-06,1.09081e-05,4.17988e-05,0.0044277036,-0.0014106564,-8.208e-07,0.0036472248,1.648e-06,0.0025368571,-0.114673,-0.326786,1.264555,0.40841,-0.652914,-0.476879,-0.423667
1403715306.51238,-1.623272,-2.180585,0.338669,-0.688475,-0.422325,-0.470558,0.355272,0.0003627128,-3.49244e-05,-0.0001163417,3.7239e-06,1.12248e-05,3.77272e-05,0.0044427635,-0.0014023084,-9.435e-07,0.0036264078,1.3755e-06,0.0025370503,-0.097815,-0.331559,1.291417,0.407544,-0.658208,-0.461346,-0.433395
1403715306.61239,-1.599795,-2.196787,0.365952,-0.692741,-0.406237,-0.484276,0.347215,0.0003665894,-3.352e-05,-0.0001112343,3.4294e-06,1.0192e-05,3.41641e-05,0.0044711425,-0.0013926867,-8.473e-07,0.0035962124,1.1588e-06,0.0025370007,-0.072824,-0.342352,1.317721,0.4004,-0.663927,-0.445586,-0.447591
1403715306.7624,-1.554891,-2.234834,0.40506,-0.698503,-0.383697,-0.510957,0.32217,0.0003727519,-2.23681e-05,-0.0001045547,1.7107e-06,6.2891e-06,2.97439e-05,0.0045417405,-0.0013794611,-5.916e-07,0.0035404042,8.119e-07,0.0025370514,-0.023547,-0.373425,1.357546,0.377495,-0.67187,-0.423651,-0.476039
1403715306.86242,-1.524056,-2.273105,0.430302,-0.700314,-0.366662,-0.532403,0.302765,0.0003779168,-1.30626e-05,-9.72486e-05,8.214e-07,3.3719e-06,2.54398e-05,0.0046083115,-0.0013741932,-2.057e-07,0.0035012351,6.79e-07,0.0025368345,0.012457,-0.406429,1.383753,0.35985,-0.675329,-0.406814,-0.498945
1403715306.91243,-1.508555,-2.29389,0.440286,-0.701736,-0.359263,-0.542552,0.290058,0.0003795989,-6.6886e-06,-9.47889e-05,4.881e-07,1.6785e-06,2.40837e-05,0.0046491985,-0.0013743605,9.8e-09,0.0034830372,5.678e-07,0.0025366543,0.030132,-0.426445,1.395562,0.348073,-0.677485,-0.399575,-0.510104
1403715307.1125,-1.471405,-2.40115,0.468445,-0.716552,-0.336887,-0.567422,0.226035,0.000376165,2.25867e-05,-9.86379e-05,1.7266e-06,-5.9284e-06,2.62864e-05,0.0048419925,-0.0013985941,3.52e-07,0.0034325499,3.15e-07,0.0025362314,0.087879,-0.525508,1.426221,0.286578,-0.694795,-0.378832,-0.540024
1403715307.16253,-1.468361,-2.4297,0.463996,-0.72407,-0.330865,-0.567372,0.210569,0.0003726604,2.72757e-05,-0.0001034583,2.3651e-06,-7.5814e-06,2.91437e-05,0.0049030614,-0.0014160292,4.078e-07,0.0034308152,2.605e-07,0.0025359708,0.096958,-0.553823,1.424651,0.271376,-0.702823,-0.373633,-0.541109
1403715307.51255,-1.50796,-2.609678,0.390424,-0.778149,-0.26168,-0.549547,0.154941,0.0003538692,1.75292e-05,-0.000131253,1.2432e-06,-6.5219e-06,4.91188e-05,0.0052653036,-0.0015639215,1.932e-07,0.0034816949,5.981e-07,0.0025352403,0.092857,-0.741702,1.351834,0.214641,-0.761873,-0.309693,-0.526852
1403715307.56255,-1.519322,-2.630152,0.377985,-0.78462,-0.248988,-0.546791,0.152957,0.0003522655,1.21517e-05,-0.0001336835,7.862e-07,-4.6293e-06,5.11646e-05,0.0053079607,-0.0015883233,8.2e-08,0.0034953014,8.101e-07,0.0025348229,0.085611,-0.764288,1.339216,0.212431,-0.769207,-0.297634,-0.524033
1403715307.91254,-1.587816,-2.747696,0.29202,-0.81189,-0.174377,-0.546836,0.106759,0.000345612,6.2452e-06,-0.000141279,4.827e-07,-2.5809e-06,5.81874e-05,0.0055724269,-0.0017347685,-5.238e-07,0.0035832073,7.969e-07,0.002534824,0.039554,-0.898959,1.248663,0.166485,-0.802359,-0.22558,-0.526896
1403715308.01254,-1.602017,-2.773232,0.266868,-0.815686,-0.154769,-0.550289,0.088794,0.0003456207,9.367e-06,-0.0001411084,6.121e-07,-3.8554e-06,5.80318e-05,0.0056255674,-0.0017668095,-7.219e-07,0.0036030582,8.289e-07,0.0025345142,0.0304,-0.92957,1.221934,0.148934,-0.807863,-0.206376,-0.53159
1403715308.11254,-1.612938,-2.795753,0.241973,-0.818806,-0.134636,-0.553342,0.07241,0.0003459346,1.12548e-05,-0.0001406638,7.176e-07,-4.6097e-06,5.76057e-05,0.0056732283,-0.001792454,-9.451e-07,0.0036183738,8.2e-07,0.0025343308,0.023574,-0.955379,1.195877,0.132857,-0.81273,-0.186547,-0.535745
1403715308.21253,-1.618841,-2.813436,0.218638,-0.82099,-0.117685,-0.555606,0.058548,0.0003463216,1.28645e-05,-0.0001401357,8.156e-07,-5.2413e-06,5.71012e-05,0.0057132032,-0.0018128196,-1.1599e-06,0.0036285523,7.944e-07,0.0025341613,0.019064,-0.975852,1.170795,0.119205,-0.81633,-0.169672,-0.539081
1403715308.26253,-1.621349,-2.820838,0.206565,-0.822125,-0.109505,-0.556188,0.052666,0.0003462329,1.30921e-05,-0.0001402081,8.266e-07,-5.3384e-06,5.7167e-05,0.0057275102,-0.0018183549,-1.2798e-06,0.0036305053,6.952e-07,0.002534029,0.01747,-0.984104,1.158099,0.113384,-0.818147,-0.161503,-0.540091
1403715308.31253,-1.624145,-2.828194,0.194649,-0.822945,-0.101997,-0.556974,0.046238,0.0003462855,1.39443e-05,-0.0001400763,8.864e-07,-5.6774e-06,5.7046e-05,0.0057413822,-0.0018248224,-1.3738e-06,0.0036330872,6.504e-07,0.0025339686,0.016234,-0.991055,1.145435,0.107039,-0.819632,-0.153985,-0.541328
1403715308.41253,-1.626527,-2.837514,0.170458,-0.824271,-0.087035,-0.558163,0.03816,0.0003467799,1.27725e-05,-0.0001396986,7.94e-07,-5.1824e-06,5.66547e-05,0.0057634869,-0.0018345395,-1.5934e-06,0.0036389871,6.211e-07,0.0025340692,0.014893,-1.00033,1.120509,0.09903,-0.822133,-0.138987,-0.543116
1403715308.51253,-1.62671,-2.841326,0.146879,-0.824921,-0.074273,-0.559133,0.03687,0.0003476494,8.3043e-06,-0.0001391542,5.23e-07,-3.3586e-06,5.60757e-05,0.0057734511,-0.0018364678,-1.8807e-06,0.0036406136,6.684e-07,0.0025343264,0.015393,-1.003586,1.096436,0.097768,-0.823665,-0.126116,-0.544163
1403715308.56253,-1.624925,-2.841679,0.136891,-0.825343,-0.069065,-0.559075,0.038381,0.0003478155,5.1811e-06,-0.0001391388,3.958e-07,-2.108e-06,5.60299e-05,0.005774511,-0.0018349904,-1.9593e-06,0.0036390177,5.254e-07,0.0025342139,0.016716,-1.003074,1.086943,0.099208,-0.824386,-0.120782,-0.54402
1403715308.61253,-1.622236,-2.841539,0.129603,-0.825814,-0.064949,-0.55875,0.040145,0.0003477438,2.3453e-06,-0.0001392983,3.296e-07,-9.748e-07,5.6164e-05,0.0057742038,-0.0018316667,-2.0438e-06,0.0036357965,4.162e-07,0.0025341401,0.018911,-1.001832,1.080106,0.100894,-0.825057,-0.116554,-0.543615
1403715308.71251,-1.613951,-2.84155,0.120442,-0.82652,-0.059772,-0.55808,0.042888,0.0003473301,-1.4642e-06,-0.0001397337,2.88e-07,5.619e-07,5.65614e-05,0.0057683067,-0.001826559,-1.7141e-06,0.0036188472,8.195e-07,0.002533412,0.026448,-0.99822,1.074533,0.103521,-0.826001,-0.111282,-0.542792
1403715308.76251,-1.607541,-2.840388,0.121353,-0.826719,-0.058584,-0.557836,0.043843,0.000347295,-2.6385e-06,-0.0001397547,2.979e-07,1.0353e-06,5.65791e-05,0.0057711344,-0.001819936,-1.7159e-06,0.0036097571,8.114e-07,0.0025332839,0.031897,-0.995961,1.075912,0.104435,-0.826193,-0.110012,-0.542583
1403715308.96253,-1.567798,-2.831474,0.138424,-0.828741,-0.056583,-0.554433,0.050902,0.000345341,-7.7424e-06,-0.0001415901,4.406e-07,3.1526e-06,5.83781e-05,0.0057646823,-0.0017857129,-1.3872e-06,0.0035690996,9.354e-07,0.002532731,0.064629,-0.985742,1.09467,0.111196,-0.827704,-0.107898,-0.539352
1403715309.01253,-1.555604,-2.830481,0.143764,-0.827768,-0.056773,-0.555568,0.054046,0.0003461489,-9.8388e-06,-0.0001406298,5.445e-07,3.9754e-06,5.74551e-05,0.0057485655,-0.0017562688,-1.2627e-06,0.0035407705,8.487e-07,0.0025325315,0.075919,-0.982933,1.099695,0.114466,-0.826539,-0.107888,-0.540455
1403715309.06253,-1.542571,-2.829638,0.149373,-0.826104,-0.056533,-0.557637,0.058282,0.0003476592,-1.24377e-05,-0.0001388474,7.069e-07,4.946e-06,5.57695e-05,0.0057469371,-0.0017407568,-1.1456e-06,0.0035236933,7.201e-07,0.0025323459,0.08845,-0.980222,1.104604,0.118868,-0.824701,-0.1074,-0.542406
1403715309.11253,-1.529368,-2.830144,0.154156,-0.824845,-0.056377,-0.559013,0.062904,0.0003486641,-1.53029e-05,-0.0001374933,9.322e-07,6.0136e-06,5.45355e-05,0.0057463795,-0.0017251331,-1.1107e-06,0.0035064592,7.071e-07,0.0025323054,0.101787,-0.977935,1.108973,0.123642,-0.823262,-0.106975,-0.543608
1403715309.71252,-1.371909,-2.915392,0.202501,-0.809123,-0.092307,-0.575913,0.07158,0.000360872,-3.6189e-06,-0.0001242279,3.084e-07,1.2217e-06,4.30889e-05,0.0059457566,-0.0016000809,-9.449e-07,0.0033264486,9.319e-07,0.0025329022,0.280892,-1.020974,1.154441,0.134741,-0.803509,-0.139909,-0.562711
1403715309.81252,-1.354149,-2.935187,0.210897,-0.810546,-0.093615,-0.573024,0.076779,0.0003593572,-6.5886e-06,-0.0001260228,3.935e-07,2.2864e-06,4.45212e-05,0.0059890963,-0.0015854267,-9.321e-07,0.003302956,8.579e-07,0.0025329837,0.304823,-1.035688,1.161624,0.139991,-0.804469,-0.141199,-0.559728
1403715310.26254,-1.279739,-3.062665,0.231075,-0.797835,-0.075748,-0.591999,0.0852,0.0003703776,-1.79059e-05,-0.0001097686,1.1592e-06,5.2857e-06,3.28672e-05,0.0062959732,-0.0015685025,-1.3479e-06,0.0032294847,8.817e-07,0.0025342394,0.412011,-1.142596,1.178861,0.150395,-0.792331,-0.121112,-0.578728
1403715310.36254,-1.268019,-3.10623,0.23509,-0.79622,-0.071685,-0.597134,0.065764,0.0003725343,-7.4766e-06,-0.000107648,4.455e-07,2.1358e-06,3.14385e-05,0.0064038954,-0.0015752099,-1.3735e-06,0.00321644,8.287e-07,0.0025341598,0.430857,-1.183723,1.183472,0.131538,-0.791359,-0.116761,-0.585506
1403715310.41254,-1.264693,-3.128528,0.237638,-0.796796,-0.067299,-0.597796,0.056811,0.0003724984,-3.9889e-06,-0.0001078987,3.391e-07,1.1292e-06,3.15846e-05,0.0064598517,-0.0015813461,-1.3655e-06,0.0032120235,8.041e-07,0.0025341339,0.437622,-1.205555,1.18613,0.122743,-0.792391,-0.112343,-0.586883
1403715310.56254,-1.26454,-3.195584,0.243715,-0.804428,-0.050791,-0.590817,0.035358,0.0003677757,1.1634e-06,-0.0001151296,3.09e-07,-3.925e-07,3.63771e-05,0.0066268162,-0.0016164063,-1.43e-06,0.003214003,6.445e-07,0.0025344529,0.449009,-1.272213,1.193116,0.101115,-0.801482,-0.09648,-0.581459
1403715310.61253,-1.266672,-3.217633,0.245437,-0.80842,-0.046321,-0.586018,0.029897,0.0003648035,2.2175e-06,-0.0001192866,3.199e-07,-7.54e-07,3.93437e-05,0.0066841884,-0.0016288291,-1.4649e-06,0.0032149194,5.436e-07,0.0025344135,0.450286,-1.294127,1.19563,0.095434,-0.80584,-0.092367,-0.577048
1403715310.76252,-1.278977,-3.277504,0.252505,-0.818149,-0.035637,-0.57359,0.018885,0.0003569224,3.7089e-06,-0.0001293647,3.536e-07,-1.3742e-06,4.72394e-05,0.0068411857,-0.0016733644,-1.7414e-06,0.0032269322,2.578e-07,0.0025348821,0.450878,-1.356421,1.20289,0.083976,-0.816347,-0.082572,-0.565427
1403715310.81249,-1.282505,-3.297219,0.253561,-0.81972,-0.03286,-0.571555,0.017457,0.000355586,3.3215e-06,-0.0001309459,3.45e-07,-1.2545e-06,4.85704e-05,0.0068904617,-0.0016897838,-1.4547e-06,0.0032318701,3.363e-07,0.0025343259,0.450993,-1.375721,1.205156,0.082438,-0.818119,-0.07982,-0.563484
1403715310.86248,-1.286442,-3.315026,0.255278,-0.820395,-0.030239,-0.570765,0.016284,0.0003550986,2.8555e-06,-0.0001315385,3.384e-07,-1.0892e-06,4.90763e-05,0.0069414406,-0.0017045479,-1.5156e-06,0.0032359409,2.658e-07,0.0025343404,0.451066,-1.394397,1.207298,0.081309,-0.818952,-0.07717,-0.562807
1403715310.91247,-1.289963,-3.331836,0.25688,-0.820656,-0.027998,-0.570528,0.015436,0.0003549448,2.3994e-06,-0.0001317385,3.332e-07,-9.22e-07,4.92465e-05,0.0069873908,-0.0017182844,-1.5397e-06,0.0032399876,2.029e-07,0.0025343428,0.45151,-1.412395,1.209491,0.080553,-0.819328,-0.074849,-0.562681
1403715310.96247,-1.293487,-3.348114,0.258821,-0.821432,-0.025192,-0.569541,0.015417,0.0003543287,1.1663e-06,-0.0001324791,3.225e-07,-4.674e-07,4.98855e-05,0.0070312134,-0.0017313986,-1.5661e-06,0.0032438893,1.496e-07,0.0025343594,0.45211,-1.429899,1.211967,0.080577,-0.820241,-0.07202,-0.561716
1403715311.01246,-1.297071,-3.363856,0.259489,-0.822666,-0.02176,-0.567863,0.016671,0.0003532758,-1.1331e-06,-0.0001336886,3.233e-07,3.981e-07,5.0944e-05,0.0070738653,-0.0017446462,-1.4572e-06,0.0032478686,1.491e-07,0.0025341702,0.452584,-1.446993,1.213667,0.081858,-0.8216,-0.0686,-0.55997
1403715311.26247,-1.305427,-3.443256,0.263098,-0.826602,-0.005323,-0.562131,0.026628,0.0003491975,-1.43826e-05,-0.0001374954,9.254e-07,5.6368e-06,5.45087e-05,0.0072891772,-0.0017967688,-1.8586e-06,0.0032585232,-8.6e-08,0.0025347448,0.464844,-1.528644,1.216705,0.091844,-0.826096,-0.052229,-0.553536
1403715311.31247,-1.304351,-3.460065,0.262388,-0.827072,-0.002935,-0.561361,0.028586,0.0003486014,-1.65822e-05,-0.0001378942,1.1219e-06,6.5341e-06,5.49155e-05,0.0073365177,-0.0018058545,-1.6877e-06,0.003258589,-5.42e-08,0.0025344919,0.46992,-1.54535,1.217035,0.093801,-0.826607,-0.049804,-0.552669
1403715311.36248,-1.302179,-3.477694,0.262923,-0.827895,-0.00126,-0.560103,0.029548,0.0003476725,-1.7891e-05,-0.0001387248,1.2551e-06,7.1139e-06,5.57246e-05,0.007385291,-0.0018123114,-1.716e-06,0.0032568142,-6.3e-08,0.0025344947,0.47607,-1.562541,1.217631,0.094782,-0.827435,-0.048144,-0.551407
1403715312.01248,-1.191996,-3.740127,0.296349,-0.825617,0.000891,-0.564178,0.007705,0.0003509063,-5.1441e-06,-0.0001365442,4.453e-07,1.9695e-06,5.35362e-05,0.0081285589,-0.0017918782,-2.2114e-06,0.0031566712,-1.1551e-06,0.0025359852,0.647704,-1.798287,1.250418,0.07333,-0.825049,-0.04549,-0.558433
1403715312.06249,-1.177275,-3.760811,0.297625,-0.82583,0.000211,-0.563907,0.003621,0.0003507643,-2.4309e-06,-0.0001367875,3.878e-07,9.137e-07,5.37475e-05,0.008209262,-0.0017744258,-1.8623e-06,0.0031370534,-1.1411e-06,0.0025356809,0.666595,-1.815549,1.252955,0.069232,-0.825262,-0.046221,-0.558581
1403715312.16248,-1.147732,-3.801632,0.302325,0.824733,-0.000184,0.565518,0.002309,0.0003518627,1.2645e-06,-0.0001356336,3.81e-07,-5.242e-07,5.26903e-05,0.0083327083,-0.0017479531,-1.6598e-06,0.0031092309,-1.233e-06,0.0025357137,0.705672,-1.849279,1.258325,0.063336,-0.824212,-0.046136,-0.560834
1403715312.21248,-1.128661,-3.821213,0.303403,0.824653,-0.00055,0.565622,0.004424,0.0003519777,2.4726e-06,-0.0001354984,3.931e-07,-9.896e-07,5.25648e-05,0.0083929523,-0.0017341674,-1.1058e-06,0.0030945641,-9.761e-07,0.0025352741,0.725716,-1.865275,1.261216,0.0611,-0.824104,-0.045758,-0.561271
1403715312.36248,-1.079658,-3.878225,0.310406,0.824689,-0.006575,0.565538,0.003494,0.0003519439,-7.168e-07,-0.0001356062,3.851e-07,2.388e-07,5.26593e-05,0.008567367,-0.0016788001,-9.272e-07,0.0030486381,-1.1036e-06,0.0025354404,0.787176,-1.910308,1.269461,0.061852,-0.824371,-0.039776,-0.561253
1403715312.46248,-1.04511,-3.91546,0.314682,0.823943,-0.011178,0.566562,0.000933,0.0003525898,-4.3146e-06,-0.0001348551,4.402e-07,1.6136e-06,5.19897e-05,0.0086856229,-0.0016414451,-8.143e-07,0.0030195408,-1.1724e-06,0.0025354695,0.82977,-1.938915,1.273633,0.064372,-0.823766,-0.035086,-0.562169
1403715312.51248,-1.02769,-3.934067,0.316725,-0.822672,0.01259,-0.568377,7e-05,0.000353735,-5.5752e-06,-0.0001335369,4.767e-07,2.0679e-06,5.08217e-05,0.0087445957,-0.0016216034,-7.379e-07,0.003004917,-1.1886e-06,0.0025354304,0.851475,-1.952994,1.275169,0.065456,-0.822507,-0.033536,-0.56398
1403715312.76247,-0.937907,-4.02739,0.313263,0.812776,-0.004021,0.582495,0.00887,0.000362744,3.5681e-06,-0.0001227395,4.383e-07,-1.2475e-06,4.19459e-05,0.0090457734,-0.0015161721,-5.673e-07,0.0029350604,-1.1828e-06,0.0025358071,0.96168,-2.023489,1.273027,0.057102,-0.81195,-0.041027,-0.579478
1403715312.81247,-0.92167,-4.044617,0.312027,0.811028,-0.000215,0.584895,0.011437,0.0003641169,6.8835e-06,-0.000120799,5.343e-07,-2.325e-06,4.04896e-05,0.0091023133,-0.0014957471,-4.642e-07,0.002922387,-1.1005e-06,0.0025356509,0.982827,-2.036725,1.270679,0.054613,-0.809941,-0.044664,-0.582253
1403715312.86248,-0.905666,-4.061246,0.310594,0.808108,0.003615,0.588883,0.012824,0.0003663773,9.4857e-06,-0.0001175485,6.508e-07,-3.086e-06,3.81258e-05,0.009155064,-0.0014768306,-3.841e-07,0.0029110321,-1.0409e-06,0.0025355851,1.003086,-2.049126,1.268893,0.053364,-0.806723,-0.048195,-0.586539
1403715313.11248,-0.844571,-4.127039,0.331904,0.800954,0.02054,0.598246,0.012365,0.0003711785,1.70083e-05,-0.000109749,1.1966e-06,-5.075e-06,3.28717e-05,0.0093817301,-0.0014033493,-2.081e-07,0.0028697291,-9.52e-07,0.0025359852,1.080306,-2.100078,1.291225,0.053781,-0.797981,-0.064369,-0.596817
1403715313.16247,-0.837595,-4.134847,0.3434,0.80114,0.022949,0.59793,0.011336,0.0003709589,1.75091e-05,-0.0001100261,1.2436e-06,-5.2399e-06,3.30554e-05,0.0094052452,-0.0013929807,-2.014e-07,0.0028641941,-1.0061e-06,0.0025359331,1.090169,-2.107713,1.302348,0.054709,-0.797899,-0.066801,-0.596575
1403715313.46244,-0.822703,-4.166012,0.402564,-0.812501,-0.022479,-0.582509,0.004485,0.0003627476,6.8991e-06,-0.0001228451,5.573e-07,-2.3818e-06,4.2047e-05,0.0095311108,-0.0013845745,-1.525e-07,0.0028557083,-1.291e-06,0.0025362965,1.115715,-2.137629,1.361011,0.069209,-0.80839,-0.067774,-0.580623
1403715313.51243,-0.823136,-4.168571,0.411619,-0.813424,-0.020909,-0.581288,0.002786,0.0003620086,7.4146e-06,-0.0001237795,5.774e-07,-2.5812e-06,4.27667e-05,0.0095183268,-0.0013828235,-1.795e-07,0.00285495,-1.4344e-06,0.0025361887,1.116025,-2.141961,1.369684,0.067369,-0.809403,-0.066347,-0.579592
1403715313.81242,-0.8353,-4.182237,0.469206,0.816489,0.008536,0.577128,0.014013,0.0003593782,1.22297e-05,-0.0001268236,8.603e-07,-4.3637e-06,4.5213e-05,0.0095750556,-0.0014123129,-1.392e-07,0.0028644801,-1.9467e-06,0.0025366916,1.107058,-2.15974,1.425945,0.049889,-0.81329,-0.054613,-0.577138
1403715313.86242,-0.837515,-4.180747,0.479293,0.816624,0.006398,0.576935,0.015173,0.0003592723,1.21052e-05,-0.0001269657,8.523e-07,-4.3262e-06,4.53241e-05,0.009555597,-0.0014108123,-1.339e-07,0.0028642047,-2.0487e-06,0.0025365937,1.103988,-2.160142,1.436173,0.048624,-0.813513,-0.052509,-0.577127
1403715313.96242,-0.84293,-4.176834,0.49926,0.816308,0.000263,0.577493,0.011953,0.0003598364,7.4232e-06,-0.0001266397,6.013e-07,-2.6595e-06,4.50243e-05,0.0095398183,-0.0014179362,-1.124e-07,0.0028674892,-2.2057e-06,0.0025366602,1.096925,-2.15852,1.45621,0.051643,-0.813373,-0.046432,-0.577582
1403715314.01242,-0.846198,-4.17411,0.507063,0.816949,-0.003101,0.576597,0.010971,0.0003593273,5.3422e-06,-0.0001273709,5.288e-07,-1.9403e-06,4.56038e-05,0.0095293433,-0.0014210956,-9.68e-08,0.0028690947,-2.2924e-06,0.0025366536,1.092783,-2.157061,1.464464,0.052453,-0.814141,-0.043176,-0.576679
1403715314.16243,-0.858568,-4.166782,0.527385,0.818536,-0.01583,0.573616,0.02669,0.0003576085,9.6159e-06,-0.0001292536,7.205e-07,-3.5226e-06,4.71789e-05,0.0095053113,-0.0014377852,-8.1e-08,0.0028770297,-2.5639e-06,0.0025369462,1.077722,-2.153718,1.484172,0.036227,-0.816802,-0.030833,-0.574956
1403715314.21244,-0.86202,-4.163897,0.529971,0.819306,-0.022587,0.571812,0.035466,0.0003566411,1.21961e-05,-0.0001301881,8.814e-07,-4.4983e-06,4.79837e-05,0.0094955166,-0.0014452408,-5.16e-08,0.0028802799,-2.5756e-06,0.0025368591,1.07205,-2.152491,1.489002,0.027129,-0.818178,-0.02424,-0.573815
1403715314.41243,-0.877209,-4.144976,0.5449,0.819578,-0.057999,0.56616,0.066263,0.0003544748,1.61747e-05,-0.0001323485,1.2208e-06,-6.0815e-06,4.98809e-05,0.0094347819,-0.0014616435,-7.39e-08,0.0028896517,-2.761e-06,0.0025372165,1.048817,-2.139525,1.503432,0.004411,0.821424,-0.010672,0.570203
1403715314.46242,-0.880146,-4.137403,0.545147,0.819931,-0.065961,0.564125,0.071584,0.0003536083,1.61453e-05,-0.0001333482,1.2218e-06,-6.1298e-06,5.07533e-05,0.0094068725,-0.0014643584,-8.02e-08,0.0028917866,-2.7388e-06,0.0025371365,1.043341,-2.133155,1.505055,0.010013,0.822396,-0.018444,0.568529
1403715314.51242,-0.881954,-4.128721,0.545922,0.819666,-0.073488,0.563097,0.07529,0.0003533344,1.52491e-05,-0.0001337697,1.1442e-06,-5.8127e-06,5.11106e-05,0.0093779889,-0.0014643277,-6.69e-08,0.0028928067,-2.6908e-06,0.0025370526,1.038765,-2.125458,1.506994,0.013942,0.822675,-0.025883,0.567752
1403715314.56242,-0.882958,-4.118992,0.546414,0.819795,-0.081191,0.561653,0.076747,0.0003527137,1.29324e-05,-0.0001347173,9.617e-07,-4.9769e-06,5.19225e-05,0.0093465658,-0.0014623465,-7.29e-08,0.0028931998,-2.6515e-06,0.0025370161,1.035055,-2.116721,1.50863,0.015595,0.823315,-0.033458,0.566385
1403715314.61241,-0.883888,-4.108299,0.546616,0.819258,-0.087967,0.561313,0.077492,0.0003527305,1.0493e-05,-0.0001349193,8.011e-07,-4.0487e-06,5.20752e-05,0.0093119178,-0.001459478,-7.19e-08,0.0028933818,-2.6061e-06,0.0025369835,1.031749,-2.107075,1.509826,0.016447,0.823205,-0.040195,0.566081
1403715314.66241,-0.884611,-4.097097,0.546756,0.818347,-0.093104,0.561634,0.078791,0.0003531363,9.0361e-06,-0.0001345803,7.21e-07,-3.4766e-06,5.17568e-05,0.0092745245,-0.0014565253,-6.77e-08,0.0028936055,-2.5255e-06,0.0025369363,1.028683,-2.096668,1.510672,0.017803,0.822611,-0.045343,0.566514
1403715315.01241,-0.875603,-4.005366,0.545195,0.81268,-0.105619,0.566638,0.085547,0.0003571228,7.1469e-06,-0.000130215,6.404e-07,-2.6354e-06,4.79553e-05,0.0089791998,-0.0014088375,-1.802e-07,0.002885582,-2.1887e-06,0.0025369298,1.016725,-2.004711,1.513128,0.024969,0.8172,-0.058081,0.572876
1403715315.1624,-0.866488,-3.959613,0.5426,0.810757,-0.108068,0.569502,0.081618,0.0003587275,3.339e-06,-0.0001284737,5.275e-07,-1.2216e-06,4.6488e-05,0.0088247054,-0.0013776722,-1.771e-07,0.0028784829,-1.9727e-06,0.0025366823,1.015954,-1.955656,1.511304,0.021183,0.814967,-0.060526,0.575948
1403715315.2124,-0.863727,-3.944234,0.542597,0.811182,-0.108255,0.569012,0.080568,0.0003583312,2.685e-06,-0.0001289613,5.128e-07,-9.897e-07,4.68862e-05,0.0087761647,-0.001367827,-8.27e-08,0.0028760759,-1.9076e-06,0.0025364333,1.015601,-1.938792,1.510427,0.020257,0.815244,-0.060573,0.575584
1403715315.2624,-0.860808,-3.928108,0.54257,0.811303,-0.108612,0.568795,0.080395,0.0003581853,2.445e-06,-0.0001291329,5.077e-07,-9.03e-07,4.70272e-05,0.0087271266,-0.001358094,-5.31e-08,0.0028738089,-1.8436e-06,0.0025363123,1.015029,-1.921904,1.509939,0.020192,0.815241,-0.060784,0.57557
1403715315.4624,-0.850024,-3.86475,0.541422,0.809344,-0.123165,0.567431,0.088406,0.0003580887,1.0586e-06,-0.0001293116,4.993e-07,-4.011e-07,4.71745e-05,0.0085320942,-0.0013185429,-1.22e-07,0.0028649265,-1.5943e-06,0.0025362553,1.009955,-1.85595,1.50918,0.028691,0.814065,-0.075129,0.575179
1403715315.5124,-0.848657,-3.847819,0.543467,0.808126,-0.129536,0.567273,0.091396,0.0003582893,7.93e-08,-0.0001290607,4.922e-07,-4.37e-08,4.69627e-05,0.008479902,-0.0013098795,-6.91e-08,0.0028632632,-1.5924e-06,0.002536118,1.008178,-1.83955,1.509424,0.031713,0.813264,-0.081434,0.575296
1403715315.56241,-0.846769,-3.831351,0.545754,0.806689,-0.135958,0.567345,0.094277,0.0003585747,-1.054e-06,-0.0001286751,4.893e-07,3.675e-07,4.66393e-05,0.0084274643,-0.0013017503,-8.72e-08,0.0028618404,-1.5461e-06,0.0025358758,1.006387,-1.823255,1.509922,0.034637,0.812267,-0.08791,0.575583
1403715315.91241,-0.843683,-3.734706,0.552196,0.792003,-0.201664,0.565124,0.112685,0.0003583241,-1.90752e-05,-0.0001276868,1.512e-06,6.8045e-06,4.59735e-05,0.0081316711,-0.0012610845,-9.27e-08,0.0028576916,-1.1853e-06,0.0025360372,0.979896,-1.720261,1.513609,0.053955,0.802052,-0.153819,0.574582
1403715315.96241,-0.847517,-3.723266,0.551386,0.789838,-0.210146,0.563581,0.119877,0.000358368,-1.83322e-05,-0.0001277439,1.4268e-06,6.546e-06,4.60038e-05,0.0080983963,-0.0012635196,-8.52e-08,0.0028603384,-1.2115e-06,0.0025359036,0.974138,-1.70879,1.513806,0.061254,0.800581,-0.162327,0.57356
1403715316.0124,-0.851624,-3.712974,0.549693,0.78823,-0.218739,0.560952,0.127199,0.0003578755,-1.72635e-05,-0.0001284939,1.3164e-06,6.2132e-06,4.66017e-05,0.0080663312,-0.0012671229,-6.59e-08,0.0028635357,-1.2215e-06,0.0025358083,0.967621,-1.698219,1.512932,0.068828,0.799657,-0.170891,0.571499
1403715316.51242,-0.880595,-3.643461,0.490151,0.783936,-0.289811,0.505056,0.215343,0.0003406388,1.63792e-05,-0.0001471155,1.2734e-06,-7.0695e-06,6.40545e-05,0.0078657176,-0.001292293,-7.519e-07,0.0028875559,-4.183e-07,0.0025367957,0.908015,-1.618162,1.461344,0.162086,0.801172,-0.240957,0.523251
1403715316.56242,-0.876903,-3.636387,0.482753,0.781283,-0.295142,0.504475,0.219075,0.0003412466,1.63081e-05,-0.000146566,1.2597e-06,-7.0013e-06,6.34638e-05,0.0078424685,-0.0012812853,-8.443e-07,0.0028833146,-3.885e-07,0.0025365373,0.908867,-1.609071,1.453647,0.166008,0.798813,-0.246419,0.523084
1403715316.61243,-0.87144,-3.628938,0.475285,0.77792,-0.300147,0.505727,0.221343,0.0003428356,1.49426e-05,-0.0001452111,1.1294e-06,-6.3251e-06,6.20149e-05,0.0078215762,-0.0012705939,-9.067e-07,0.0028791918,-3.128e-07,0.0025364833,0.91173,-1.599663,1.445577,0.168353,0.795653,-0.25163,0.524668
1403715317.01243,-0.790293,-3.570906,0.397306,0.741178,-0.345159,0.517019,0.2534,0.000359297,6.7588e-06,-0.0001281545,5.935e-07,-2.4058e-06,4.6201e-05,0.0076680869,-0.0011374119,-2.2229e-06,0.0028261868,1.254e-06,0.0025378659,0.975545,-1.517536,1.366001,0.200855,0.761172,-0.298969,0.539348
1403715317.06243,-0.778211,-3.561725,0.389638,0.735594,-0.354878,0.51584,0.258595,0.0003600612,5.1904e-06,-0.0001273072,5.279e-07,-1.8298e-06,4.54911e-05,0.0076313094,-0.0011148536,-1.8847e-06,0.0028169943,1.0131e-06,0.0025370835,0.985396,-1.505751,1.355069,0.206229,0.756169,-0.30902,0.538691
1403715317.11242,-0.766736,-3.552146,0.380923,0.730873,-0.365276,0.512443,0.264198,0.0003597631,4.2358e-06,-0.0001277285,4.968e-07,-1.4986e-06,4.58225e-05,0.0076029033,-0.0010945226,-1.6794e-06,0.0028090098,8.991e-07,0.0025366535,0.995028,-1.493512,1.3442,0.212138,0.752131,-0.319675,0.535825
1403715317.26242,-0.731329,-3.523838,0.352515,0.717063,-0.397797,0.497202,0.283494,0.0003571477,3.9408e-06,-0.0001309452,4.849e-07,-1.4399e-06,4.84838e-05,0.0075210541,-0.0010366024,-1.7512e-06,0.0027878116,1.147e-06,0.0025365742,1.023561,-1.455137,1.314159,0.232785,0.740631,-0.352898,0.52225
1403715317.31242,-0.719771,-3.51394,0.344387,0.711605,-0.408504,0.492095,0.290835,0.0003566592,4.2776e-06,-0.0001315258,4.876e-07,-1.5734e-06,4.89735e-05,0.0074925288,-0.0010164084,-1.6407e-06,0.0027804278,1.1327e-06,0.0025363586,1.033348,-1.442039,1.305054,0.240578,0.735962,-0.363911,0.51774
1403715317.36243,-0.705596,-3.505344,0.335877,0.705413,-0.420114,0.487469,0.297103,0.0003562304,3.4336e-06,-0.0001320602,4.536e-07,-1.2701e-06,4.94215e-05,0.0074618269,-0.0009963182,-1.4596e-06,0.0027730722,1.0678e-06,0.0025359745,1.043249,-1.428461,1.296377,0.247308,0.730579,-0.375899,0.513613
1403715317.61243,-0.644046,-3.456276,0.299188,0.669444,-0.475183,0.46821,0.32684,0.0003563627,-2.7331e-06,-0.0001320133,4.186e-07,1.0157e-06,4.93526e-05,0.0073179641,-0.0008929007,-1.819e-06,0.0027382218,1.7408e-06,0.002536008,1.094981,-1.359576,1.258716,0.279077,0.698568,-0.433055,0.496574
1403715317.71242,-0.619884,-3.438958,0.286346,0.653888,-0.495271,0.461757,0.337516,0.0003568969,-6.1626e-06,-0.0001313081,4.939e-07,2.2708e-06,4.87475e-05,0.0072767113,-0.0008560874,-1.7988e-06,0.002725899,1.8207e-06,0.0025358481,1.11614,-1.333535,1.245495,0.290512,0.684406,-0.454054,0.490947
1403715317.76242,-0.608517,-3.430911,0.280094,0.645801,-0.505654,0.458909,0.341552,0.0003568229,-8.8549e-06,-0.0001312557,5.994e-07,3.2624e-06,4.87105e-05,0.0072569207,-0.000838468,-1.6772e-06,0.0027198896,1.6988e-06,0.0025355482,1.126354,-1.320897,1.239088,0.294889,0.677045,-0.464921,0.488368
1403715317.86242,-0.582898,-3.418165,0.266399,0.62758,-0.52931,0.45581,0.343818,0.0003554855,-1.9326e-05,-0.000131708,1.4007e-06,7.1756e-06,4.92082e-05,0.0072102833,-0.0008038878,-1.1154e-06,0.0027078494,1.2198e-06,0.002534825,1.145456,-1.296752,1.226452,0.297946,0.660135,-0.489584,0.485553
1403715317.91242,-0.573046,-3.411185,0.2609,0.619566,-0.539092,0.452958,0.346911,0.0003547042,-2.2292e-05,-0.0001321567,1.7444e-06,8.322e-06,4.96431e-05,0.0072025361,-0.0007842324,-1.0896e-06,0.002701109,1.2264e-06,0.0025347211,1.153788,-1.285538,1.220568,0.301401,0.652732,-0.499854,0.482958
1403715318.06242,-0.550157,-3.391074,0.244229,0.598896,-0.562702,0.442431,0.35909,0.0003538187,-2.57736e-05,-0.00013259,2.2069e-06,9.6742e-06,5.00795e-05,0.0071458099,-0.0007490844,-1.1835e-06,0.0026910134,1.4136e-06,0.0025347253,1.171738,-1.255313,1.20332,0.314619,0.633546,-0.524674,0.47366
1403715318.46241,-0.550603,-3.351045,0.199776,0.576986,-0.587998,0.415869,0.385224,0.0003528825,-1.70405e-05,-0.0001351946,1.117e-06,6.5359e-06,5.21585e-05,0.0070529188,-0.0007379987,-1.3665e-06,0.0026915572,1.8473e-06,0.0025347488,1.164833,-1.209577,1.160013,0.343114,0.612883,-0.551068,0.450525
1403715318.51241,-0.557136,-3.346429,0.194246,0.576872,-0.589483,0.408346,0.39113,0.0003524884,-1.15625e-05,-0.0001362242,6.677e-07,4.4771e-06,5.29994e-05,0.0070328242,-0.0007474143,-1.3582e-06,0.0026948021,1.6424e-06,0.0025345685,1.158199,-1.206528,1.154493,0.349618,0.612852,-0.55256,0.443689
1403715318.7124,-0.585903,-3.337743,0.167424,0.573512,-0.610686,0.373536,0.398268,0.0003395705,9.98e-08,-0.0001496957,2.832e-07,-3.89e-08,6.63516e-05,0.0070058187,-0.0007841467,-1.4136e-06,0.0027093451,1.84e-06,0.0025347677,1.129731,-1.200683,1.12916,0.359495,0.611005,-0.573614,0.410374
1403715319.1124,-0.644699,-3.400157,0.124092,0.530538,-0.645701,0.339205,0.431902,0.0003417965,7.2646e-06,-0.0001476006,4.269e-07,-3.136e-06,6.40799e-05,0.007185966,-0.0008828055,-1.3718e-06,0.002742007,2.2278e-06,0.0025354038,1.088927,-1.27043,1.085,0.396169,0.56985,-0.611481,0.380018
1403715319.1624,-0.651235,-3.414726,0.121393,0.523937,-0.647601,0.335611,0.439849,0.0003444925,9.6011e-06,-0.000144889,5.339e-07,-4.0353e-06,6.12703e-05,0.0072196901,-0.0008929634,-1.3898e-06,0.0027442335,2.0773e-06,0.0025353098,1.085982,-1.28683,1.081073,0.40442,0.563291,-0.613884,0.377222
1403715319.2124,-0.657276,-3.43167,0.118134,0.51678,-0.650373,0.331996,0.446914,0.0003468203,1.11003e-05,-0.0001424839,6.198e-07,-4.5576e-06,5.8865e-05,0.007263267,-0.0009054954,-1.3807e-06,0.0027475879,2.0688e-06,0.0025353415,1.083822,-1.304537,1.077513,0.411826,0.556207,-0.617197,0.374304
1403715319.56238,-0.678011,-3.583055,0.097033,0.463077,-0.680017,0.303069,0.480922,0.0003546658,1.25047e-05,-0.0001341174,7.034e-07,-4.7292e-06,5.10346e-05,0.007679544,-0.0009733926,-1.2476e-06,0.0027607783,2.5574e-06,0.0025361548,1.097496,-1.452178,1.055612,0.44845,0.503732,-0.650689,0.348931
1403715319.66237,-0.676071,-3.630413,0.096347,0.449574,-0.687873,0.296424,0.486669,0.000355653,1.12045e-05,-0.0001331534,6.134e-07,-4.1951e-06,5.01648e-05,0.0078273982,-0.0009847153,-1.1958e-06,0.0027606031,2.5989e-06,0.0025361743,1.111207,-1.499231,1.05372,0.454769,0.490596,-0.659426,0.343016
1403715319.86237,-0.661473,-3.733885,0.126861,0.43804,-0.695721,0.290954,0.489326,0.0003554893,9.0114e-06,-0.0001335971,4.886e-07,-3.386e-06,5.05177e-05,0.0081275972,-0.0009893058,-1.0499e-06,0.002754093,2.6811e-06,0.0025363434,1.150788,-1.598989,1.083462,0.458275,0.479071,-0.667731,0.338542
1403715319.96237,-0.650738,-3.789032,0.156998,0.434093,-0.698679,0.288954,0.489812,0.0003552007,8.0261e-06,-0.0001340341,4.444e-07,-3.0271e-06,5.08904e-05,0.0082971138,-0.0009915529,-9.326e-07,0.0027511178,2.8237e-06,0.0025366579,1.174334,-1.651578,1.113372,0.459176,0.474985,-0.670768,0.337072
1403715320.01236,-0.64442,-3.818785,0.171348,0.431322,-0.700086,0.287401,0.491163,0.0003554819,7.9571e-06,-0.0001337398,4.378e-07,-2.9922e-06,5.06234e-05,0.0083846751,-0.0009905373,-9.1e-07,0.0027476495,2.4186e-06,0.0025362892,1.187,-1.678394,1.128628,0.460787,0.472159,-0.672295,0.335798
1403715320.11236,-0.630625,-3.877946,0.199682,0.423714,-0.703505,0.281576,0.496248,0.0003564309,9.1186e-06,-0.0001326212,4.918e-07,-3.3911e-06,4.96514e-05,0.0085690253,-0.000985386,-8.053e-07,0.0027413102,2.188e-06,0.0025362373,1.214042,-1.733076,1.157295,0.466529,0.464429,-0.676197,0.33078
1403715320.21235,-0.615055,-3.939072,0.224725,0.410668,-0.708776,0.273012,0.504433,0.0003583266,1.02839e-05,-0.0001303574,5.498e-07,-3.738e-06,4.77249e-05,0.0087578808,-0.0009761467,-6.821e-07,0.0027338686,1.7828e-06,0.0025360916,1.243612,-1.787592,1.183175,0.475492,0.45147,-0.682406,0.323119
1403715320.26234,-0.606127,-3.969202,0.237282,0.401064,-0.71091,0.268922,0.511308,0.0003609218,1.04772e-05,-0.0001272113,5.57e-07,-3.689e-06,4.51356e-05,0.0088595205,-0.0009704509,-6.177e-07,0.0027297695,1.5948e-06,0.0025360315,1.259491,-1.814572,1.195767,0.482714,0.441848,-0.685279,0.319616
1403715320.31234,-0.596373,-3.999523,0.249458,0.388462,-0.713743,0.266596,0.518262,0.0003641945,8.3537e-06,-0.0001232271,4.414e-07,-2.8208e-06,4.19893e-05,0.0089557798,-0.0009624615,-5.506e-07,0.0027252255,1.3481e-06,0.0025359377,1.276233,-1.841157,1.207719,0.48986,0.429254,-0.689035,0.317827
1403715320.41232,-0.574456,-4.061157,0.270981,0.358714,-0.724732,0.260738,0.527356,0.0003677107,3.65e-08,-0.0001188185,2.405e-07,-2.7e-09,3.86841e-05,0.0091462985,-0.0009421481,-4.45e-07,0.0027147002,6.766e-07,0.0025357612,1.312018,-1.892368,1.229432,0.499255,0.40008,-0.702058,0.31273
1403715320.66234,-0.511586,-4.187292,0.325108,0.280792,-0.759514,0.234807,0.537736,0.0003655569,-2.12019e-05,-0.0001200169,1.47e-06,6.9711e-06,3.97012e-05,0.0095863364,-0.0008673984,-1.026e-07,0.0026893069,5.02e-08,0.0025362126,1.409088,-1.999924,1.280185,0.510659,0.324453,-0.742358,0.287869
1403715320.71235,-0.497861,-4.206141,0.333149,0.26525,-0.765356,0.231395,0.538822,0.0003646681,-2.64437e-05,-0.0001201984,2.1554e-06,8.7269e-06,3.99136e-05,0.0096500281,-0.0008487717,-8.08e-08,0.0026833634,-9.36e-08,0.0025361833,1.428509,-2.017536,1.289368,0.511758,0.309297,-0.749294,0.284611
1403715320.76235,-0.48472,-4.223517,0.339655,0.249993,-0.770325,0.230349,0.539483,0.0003637511,-3.28253e-05,-0.0001198739,3.1971e-06,1.08295e-05,3.97969e-05,0.0097084638,-0.0008289518,-1.473e-07,0.0026769995,-3.051e-07,0.0025360787,1.447694,-2.03391,1.297885,0.512279,0.294405,-0.755272,0.283664
1403715321.16234,-0.400691,-4.312862,0.389647,0.205598,-0.793822,0.205988,0.533989,0.0003533785,-4.09484e-05,-0.0001305455,4.9739e-06,1.51375e-05,4.85173e-05,0.0099836934,-0.0007099301,1.347e-07,0.0026477575,-5.095e-07,0.002536447,1.557246,-2.096987,1.348714,0.508604,0.251173,-0.781251,0.26054
1403715321.21234,-0.3941,-4.315072,0.394932,0.20595,-0.794873,0.201999,0.533814,0.0003528551,-3.84833e-05,-0.0001319065,4.4236e-06,1.43965e-05,4.95991e-05,0.0100108767,-0.0006937404,1.12e-08,0.0026438764,-5.786e-07,0.0025362946,1.562778,-2.097444,1.353427,0.508796,0.251559,-0.78222,0.256858
1403715321.26234,-0.389641,-4.31564,0.399288,0.206129,-0.795643,0.199349,0.533595,0.0003524659,-3.6935e-05,-0.0001328054,4.0958e-06,1.39272e-05,5.03277e-05,0.0100128636,-0.0006838001,-3.16e-08,0.0026417986,-6.323e-07,0.0025362453,1.566998,-2.096583,1.357917,0.508864,0.251728,-0.782896,0.254488
1403715321.66235,-0.40695,-4.264425,0.42665,0.214466,-0.793362,0.19802,0.5342,0.0003535783,-3.24018e-05,-0.0001329264,3.1978e-06,1.2191e-05,5.0264e-05,0.0098335919,-0.000710738,3.497e-07,0.002648113,-6.375e-07,0.0025369037,1.542488,-2.046211,1.389809,0.510562,0.259012,-0.779342,0.254687
1403715321.91236,-0.448245,-4.184612,0.45549,0.196682,-0.783298,0.204845,0.552991,0.0003644934,-4.007e-05,-0.0001172289,4.6357e-06,1.29008e-05,3.79805e-05,0.0095791404,-0.0007774896,-1.199e-07,0.0026632484,-7.76e-07,0.0025368497,1.478941,-1.976413,1.415436,0.528904,0.239346,-0.770581,0.26302
1403715321.96236,-0.458178,-4.162176,0.460394,0.192288,-0.78352,0.203684,0.554648,0.0003650207,-4.0905e-05,-0.0001162215,4.8138e-06,1.30384e-05,3.72814e-05,0.0094933102,-0.0007727943,-1.753e-07,0.002662674,-8.411e-07,0.0025368696,1.463437,-1.956574,1.420119,0.530593,0.234775,-0.771178,0.261987
1403715322.06239,-0.479535,-4.110628,0.46887,0.184989,-0.790038,0.196547,0.550443,0.0003611808,-4.10252e-05,-0.0001213695,4.8904e-06,1.38017e-05,4.10658e-05,0.0093217524,-0.0007985915,-2.652e-07,0.0026700573,-8.873e-07,0.0025369471,1.430572,-1.909765,1.428584,0.526751,0.228009,-0.77824,0.254732
1403715322.26239,-0.530343,-3.985615,0.487856,0.189483,-0.798693,0.160098,0.548228,0.0003566134,-1.83458e-05,-0.0001323535,1.176e-06,6.8208e-06,4.94154e-05,0.0089133044,-0.0008559581,-3.53e-07,0.0026903462,-8.79e-07,0.0025373261,1.353213,-1.794514,1.449242,0.52722,0.233552,-0.787167,0.218777
1403715322.31238,-0.542131,-3.951214,0.493042,0.189173,-0.800979,0.15044,0.547735,0.0003550815,-1.29252e-05,-0.0001347126,6.996e-07,4.9152e-06,5.14025e-05,0.0088031373,-0.0008671399,-4.638e-07,0.0026949147,-8.771e-07,0.0025372558,1.331919,-1.763233,1.453969,0.527447,0.233436,-0.789657,0.209167
1403715322.76238,-0.692382,-3.664126,0.429696,0.156507,-0.818965,0.097217,0.543461,0.0003448082,3.9791e-06,-0.0001461623,2.89e-07,-1.681e-06,6.22832e-05,0.007927855,-0.0010186702,-5.312e-07,0.0027684249,-4.393e-07,0.0025392943,1.12288,-1.512246,1.39595,0.526391,0.202949,-0.810773,0.156111
1403715322.8624,-0.735964,-3.614294,0.412246,0.155002,-0.8195,0.093476,0.543743,0.0003445418,5.6237e-06,-0.0001463968,3.367e-07,-2.3846e-06,6.25303e-05,0.0077778966,-0.0010642129,-3.756e-07,0.0027923541,-1.991e-07,0.0025393388,1.069155,-1.472744,1.377009,0.526952,0.201529,-0.81144,0.152555
1403715322.9124,-0.759141,-3.591677,0.407097,0.155348,-0.818708,0.091376,0.545192,0.000345255,7.2748e-06,-0.0001456486,3.985e-07,-3.0642e-06,6.17689e-05,0.0077129904,-0.0010912789,-3.753e-07,0.0028065394,-1.135e-07,0.0025393569,1.041235,-1.455419,1.371867,0.528599,0.201796,-0.810654,0.15067
1403715323.3624,-0.993654,-3.46072,0.403596,0.161761,-0.814264,0.085428,0.550918,0.0003482995,1.45093e-05,-0.0001422755,8.634e-07,-5.9227e-06,5.84554e-05,0.0073390466,-0.0013713599,2.915e-07,0.002975999,1.0116e-06,0.0025413308,0.77273,-1.381436,1.368048,0.535536,0.207532,-0.805484,0.14604
1403715323.4124,-1.024012,-3.456006,0.40004,0.161842,-0.81407,0.08535,0.551192,0.0003484249,1.47107e-05,-0.0001421454,8.789e-07,-5.9973e-06,5.83288e-05,0.0073290584,-0.0014113305,4.03e-08,0.0029999159,9.052e-07,0.0025410354,0.742011,-1.382662,1.363297,0.535928,0.207577,-0.805193,0.146141
1403715323.4624,-1.054651,-3.453161,0.397888,0.161761,-0.814557,0.085413,0.550486,0.0003479784,1.45122e-05,-0.000142638,8.625e-07,-5.9446e-06,5.8808e-05,0.0073215544,-0.0014534837,-1.433e-07,0.003025991,8.112e-07,0.0025409572,0.711045,-1.386003,1.360383,0.535298,0.207524,-0.805591,0.146328
1403715323.71237,-1.213723,-3.466429,0.426919,0.155908,-0.799302,0.091852,0.573037,0.0003634632,1.21917e-05,-0.0001254244,6.69e-07,-4.201e-06,4.36171e-05,0.0073475193,-0.001673038,-4.865e-07,0.0031688154,4.029e-07,0.0025415964,0.553868,-1.430263,1.387775,0.557848,0.199825,-0.790611,0.154314
1403715323.76236,-1.244562,-3.471879,0.435034,0.154178,-0.7921,0.093837,0.583096,0.0003695966,1.19833e-05,-0.0001172412,6.491e-07,-3.7945e-06,3.75217e-05,0.0073755343,-0.0017270444,-6.154e-07,0.0032037532,2.591e-07,0.0025415019,0.523902,-1.442624,1.396894,0.567857,0.197272,-0.783594,0.156863
1403715323.86236,-1.29992,-3.484733,0.452631,0.150924,-0.780375,0.097888,0.598878,0.000378666,1.08977e-05,-0.0001034038,5.769e-07,-2.9681e-06,2.85639e-05,0.0074104851,-0.0018100412,-7.336e-07,0.0032606978,1.159e-07,0.0025416788,0.469964,-1.468585,1.413054,0.583538,0.192691,-0.772117,0.161834
1403715323.91236,-1.324318,-3.491753,0.461594,0.149868,-0.774648,0.099404,0.606283,0.0003825135,1.08163e-05,-9.66429e-05,5.704e-07,-2.7245e-06,2.47426e-05,0.0074307019,-0.0018489269,-7.695e-07,0.0032874818,5.81e-08,0.0025417132,0.446341,-1.481728,1.421053,0.590942,0.190987,-0.766483,0.163762
1403715324.06237,-1.377812,-3.51649,0.487412,0.146015,-0.759915,0.10755,0.624213,0.0003913047,7.4042e-06,-7.87577e-05,4.109e-07,-1.4798e-06,1.61761e-05,0.0074934723,-0.0019325887,-9.312e-07,0.0033441429,-1.366e-07,0.0025420578,0.395276,-1.519246,1.44548,0.608575,0.185522,-0.751869,0.172952
1403715324.11238,-1.38954,-3.524774,0.493112,0.145269,-0.761838,0.109967,0.621617,0.000390507,5.0969e-06,-8.08524e-05,3.389e-07,-1.0437e-06,1.70672e-05,0.007520371,-0.0019558395,-1.0198e-06,0.0033584493,-2.17e-07,0.0025419907,0.385574,-1.529816,1.451423,0.605884,0.184923,-0.75367,0.175189
1403715324.36238,-1.40457,-3.563889,0.519368,0.136802,-0.780571,0.128487,0.596226,0.0003802299,-1.49066e-05,-0.0001004526,8.667e-07,3.9557e-06,2.68804e-05,0.0076060535,-0.0019775711,-1.5349e-06,0.003360662,-9.382e-07,0.0025417882,0.381738,-1.56832,1.479275,0.57924,0.178146,-0.771879,0.192223
1403715324.41238,-1.402594,-3.569167,0.523965,0.134506,-0.78719,0.133376,0.586899,0.0003753924,-2.04854e-05,-0.0001075977,1.4017e-06,5.8917e-06,3.11879e-05,0.0076470374,-0.0019980866,-1.5283e-06,0.0033701205,-1.0035e-06,0.0025415887,0.387616,-1.572217,1.484873,0.569551,0.176468,-0.778361,0.196543
1403715324.46238,-1.39818,-3.572636,0.529084,0.133242,-0.794717,0.136207,0.576297,0.0003694618,-2.45329e-05,-0.0001157392,1.9148e-06,7.7076e-06,3.66115e-05,0.0076577546,-0.001995732,-1.5452e-06,0.0033663156,-1.0709e-06,0.0025415067,0.394866,-1.574225,1.490576,0.558714,0.175922,-0.785746,0.198736
1403715324.66245,-1.381702,-3.576743,0.552336,0.133869,-0.81062,0.134894,0.553875,0.0003555022,-2.68875e-05,-0.0001331078,2.3268e-06,1.00931e-05,5.02124e-05,0.007658062,-0.0019679502,-1.5563e-06,0.0033436831,-1.293e-06,0.0025413726,0.418689,-1.570134,1.518122,0.536414,0.178119,-0.801311,0.196049
1403715324.71247,-1.378609,-3.574758,0.559828,0.134786,-0.810899,0.132974,0.553709,0.0003553029,-2.5347e-05,-0.0001336315,2.1021e-06,9.5587e-06,5.06348e-05,0.0076634286,-0.0019730015,-1.5044e-06,0.0033466062,-1.3124e-06,0.0025413026,0.421941,-1.566391,1.526104,0.536387,0.179116,-0.801579,0.194108
1403715325.1125,-1.370502,-3.545852,0.590971,0.152195,-0.791718,0.113648,0.580607,0.0003708593,-1.3258e-06,-0.0001165841,3.178e-07,4.364e-07,3.70338e-05,0.0075824106,-0.0019450941,-1.6764e-06,0.0033387699,-1.8746e-06,0.0025422354,0.432248,-1.52778,1.574469,0.565316,0.194761,-0.781902,0.176396
1403715325.16252,-1.364802,-3.544666,0.597413,0.152231,-0.79035,0.114582,0.582274,0.0003718884,-1.5475e-06,-0.0001150492,3.169e-07,4.989e-07,3.5974e-05,0.0075758219,-0.0019378419,-1.5336e-06,0.0033333563,-1.598e-06,0.0025419242,0.435583,-1.523136,1.577524,0.566821,0.194962,-0.780511,0.177501
1403715325.41252,-1.320475,-3.522706,0.607175,0.152551,-0.794761,0.121609,0.574713,0.0003682746,-6.8773e-06,-0.0001200426,4.482e-07,2.2624e-06,3.95196e-05,0.0075355248,-0.0018778886,-1.4012e-06,0.0032913501,-1.2737e-06,0.002541899,0.467895,-1.495422,1.584523,0.558722,0.196003,-0.784607,0.18386
1403715325.46254,-1.306973,-3.515364,0.609925,0.151781,-0.798195,0.123164,0.569805,0.0003654826,-9.1763e-06,-0.0001235231,5.465e-07,3.1247e-06,4.21383e-05,0.0075044146,-0.0018443311,-1.2699e-06,0.0032694452,-1.2252e-06,0.002541628,0.476841,-1.488575,1.584483,0.553583,0.195872,-0.787969,0.185165
1403715325.51254,-1.296932,-3.509822,0.610427,0.151096,-0.801325,0.124737,0.565233,0.0003628503,-1.12956e-05,-0.0001266836,6.685e-07,3.9684e-06,4.46237e-05,0.0074827822,-0.0018211878,-1.2245e-06,0.003254703,-1.1911e-06,0.0025415776,0.48565,-1.481636,1.583927,0.54888,0.195573,-0.791017,0.186479
1403715325.56255,-1.284841,-3.504482,0.612558,0.149353,-0.803584,0.127596,0.561841,0.0003609292,-1.42744e-05,-0.0001286491,8.786e-07,5.115e-06,4.62473e-05,0.0074666062,-0.001804436,-1.1675e-06,0.0032437532,-1.1534e-06,0.0025413546,0.494379,-1.474709,1.58347,0.545369,0.19404,-0.793243,0.188913
1403715325.91254,-1.233575,-3.442401,0.617536,0.137113,-0.812375,0.140985,0.548971,0.0003529605,-2.98726e-05,-0.0001354008,2.8637e-06,1.14978e-05,5.2364e-05,0.0072922335,-0.0017005074,-1.2559e-06,0.0031904409,-1.19e-06,0.0025419746,0.528538,-1.405003,1.582088,0.531221,0.18263,-0.802488,0.201154
1403715325.96253,-1.230894,-3.429799,0.6136,0.138075,-0.813245,0.138768,0.548006,0.0003522273,-2.83078e-05,-0.0001365038,2.6087e-06,1.10091e-05,5.33226e-05,0.0072542207,-0.001686032,-1.2003e-06,0.0031843945,-1.1714e-06,0.0025418056,0.528881,-1.390979,1.581287,0.530422,0.183753,-0.803307,0.198961
1403715326.01253,-1.229451,-3.416375,0.611605,0.139105,-0.813309,0.135651,0.548432,0.0003523598,-2.59235e-05,-0.0001368052,2.2401e-06,1.01031e-05,5.3536e-05,0.0072168358,-0.0016775899,-1.1749e-06,0.0031828656,-1.1442e-06,0.0025417504,0.527585,-1.376186,1.580241,0.531097,0.184911,-0.803333,0.195961
1403715326.31253,-1.235773,-3.319148,0.593422,0.149972,-0.804637,0.109591,0.563966,0.0003605475,-2.9365e-06,-0.0001300444,3.664e-07,1.0908e-06,4.73347e-05,0.0069517114,-0.0016362016,-1.2114e-06,0.003188953,-1.0015e-06,0.0025421655,0.49722,-1.281275,1.563279,0.548768,0.195176,-0.794747,0.170696
1403715326.36253,-1.239033,-3.303572,0.588862,0.149823,-0.800835,0.10804,0.569688,0.0003639009,-1.0222e-06,-0.0001259072,3.433e-07,3.853e-07,4.39868e-05,0.0069167717,-0.0016332989,-1.2143e-06,0.0031911725,-9.573e-07,0.0025419911,0.49092,-1.265965,1.559251,0.554653,0.19467,-0.791049,0.169433
1403715326.41253,-1.241617,-3.289237,0.585325,0.148722,-0.796705,0.107941,0.575754,0.0003675093,-4.232e-07,-0.0001211858,3.4e-07,1.717e-07,4.03809e-05,0.0068779609,-0.0016302538,-1.2243e-06,0.0031943022,-9.202e-07,0.0025419714,0.484726,-1.251349,1.555348,0.560756,0.19314,-0.787072,0.169614
1403715326.81252,-1.222646,-3.175585,0.546359,0.139354,-0.791856,0.108692,0.584578,0.0003727636,-3.4155e-06,-0.0001138249,3.84e-07,1.0758e-06,3.5182e-05,0.0065878532,-0.0015386503,-1.2999e-06,0.0031658281,-7.046e-07,0.0025422243,0.474737,-1.131152,1.515535,0.569445,0.183476,-0.783102,0.16977
1403715326.91252,-1.205093,-3.144768,0.534773,0.135495,-0.799517,0.110737,0.574588,0.0003670476,-8.3607e-06,-0.000121658,5.436e-07,2.8068e-06,4.07573e-05,0.0065105946,-0.0015114281,-1.2922e-06,0.0031560374,-6.211e-07,0.0025422337,0.485057,-1.097816,1.503111,0.559169,0.180366,-0.790939,0.170923
1403715327.21255,-1.149626,-3.04331,0.506379,0.1223,-0.811927,0.120806,0.557873,0.0003569141,-2.28022e-05,-0.0001326047,1.823e-06,8.5155e-06,4.97252e-05,0.0062595483,-0.0013899845,-1.4021e-06,0.0030993614,-4.533e-07,0.0025425557,0.518578,-0.986547,1.472231,0.541217,0.168651,-0.804077,0.179172
1403715327.26255,-1.142819,-3.023708,0.502873,0.12078,-0.813636,0.121718,0.555511,0.0003552888,-2.43971e-05,-0.0001341746,2.039e-06,9.2582e-06,5.11305e-05,0.0062090109,-0.0013764447,-1.3577e-06,0.0030960015,-4.049e-07,0.0025424932,0.521949,-0.965513,1.467879,0.53875,0.167293,-0.805878,0.179784
1403715327.71256,-1.127036,-2.806494,0.471895,0.141976,-0.814027,0.12284,0.549649,0.0003526331,-1.67647e-05,-0.0001384424,1.1861e-06,6.6292e-06,5.4838e-05,0.005702969,-0.0012621104,-1.3921e-06,0.0030865231,-6.27e-08,0.0025433377,0.489796,-0.748732,1.438578,0.532705,0.188841,-0.805127,0.179821
1403715327.76257,-1.129662,-2.778806,0.468647,0.150145,-0.812466,0.1255,0.549187,0.0003529001,-1.48887e-05,-0.0001383668,1.0174e-06,5.8841e-06,5.47332e-05,0.0056447963,-0.0012504111,-1.4129e-06,0.0030858135,-3.91e-08,0.0025431789,0.479836,-0.723432,1.435468,0.532146,0.196854,-0.803008,0.182341
1403715327.81258,-1.133933,-2.751577,0.464463,0.159329,-0.811055,0.128606,0.547965,0.000352741,-1.29829e-05,-0.0001387261,8.684e-07,5.1517e-06,5.50361e-05,0.0055832475,-0.0012414963,-1.4663e-06,0.0030884216,-3.96e-08,0.0025431374,0.469,-0.698321,1.431865,0.530838,0.205833,-0.800945,0.18529
1403715327.86258,-1.138953,-2.725089,0.460015,0.168664,-0.809269,0.133358,0.546674,0.0003527074,-1.20054e-05,-0.0001388518,8.014e-07,4.7725e-06,5.51379e-05,0.0055244003,-0.0012345194,-1.491e-06,0.0030927824,-6.9e-09,0.002543142,0.457469,-0.673684,1.427935,0.529349,0.215008,-0.798445,0.189865
1403715327.91258,-1.145522,-2.700204,0.455075,0.178579,-0.806521,0.13825,0.54637,0.0003534022,-1.06323e-05,-0.0001382177,7.155e-07,4.2047e-06,5.45299e-05,0.0054683655,-0.0012287708,-1.5348e-06,0.0030978308,-1.8e-09,0.0025431444,0.445304,-0.649767,1.423868,0.52885,0.224604,-0.794987,0.194599
1403715328.06258,-1.168666,-2.624345,0.442229,0.204506,-0.796419,0.149444,0.549145,0.0003573499,-5.2421e-06,-0.0001342003,4.846e-07,2.0144e-06,5.08693e-05,0.0053097653,-0.0012182916,-1.566e-06,0.0031204216,1.499e-07,0.00254341,0.404948,-0.579785,1.411426,0.531225,0.249482,-0.783091,0.205739
1403715328.16257,-1.185503,-2.574371,0.435719,0.214391,-0.78917,0.153153,0.554789,0.0003615457,-1.5374e-06,-0.0001293801,4.187e-07,5.95e-07,4.67665e-05,0.0052079864,-0.0012130351,-1.5861e-06,0.0031375251,2.153e-07,0.0025435016,0.376152,-0.534243,1.405132,0.53669,0.258695,-0.775316,0.209587
1403715328.66257,-1.216818,-2.35071,0.415982,0.218603,-0.784581,0.140215,0.563015,0.0003642909,1.00497e-05,-0.0001258292,7.075e-07,-3.4289e-06,4.39561e-05,0.0047767071,-0.0011376591,-1.6808e-06,0.0031753806,3.616e-07,0.0025445843,0.292355,-0.318557,1.387705,0.545007,0.262975,-0.771599,0.196078
1403715328.81258,-1.200334,-2.300307,0.408929,0.230021,-0.787648,0.15041,0.551433,0.000359018,6.355e-06,-0.0001324624,5.435e-07,-2.3036e-06,4.93503e-05,0.0046800732,-0.0010956595,-1.5399e-06,0.0031524783,5.247e-07,0.0025443829,0.293684,-0.267968,1.380663,0.532456,0.274633,-0.773968,0.205043
1403715328.86258,-1.193518,-2.28615,0.406891,0.236695,-0.786049,0.157649,0.548862,0.0003587853,4.5314e-06,-0.0001328038,4.899e-07,-1.6358e-06,4.96301e-05,0.0046520385,-0.0010805499,-1.572e-06,0.0031436787,4.806e-07,0.0025443297,0.295842,-0.254188,1.378429,0.52938,0.281123,-0.771873,0.211994
1403715329.06257,-1.165015,-2.244393,0.398185,0.279821,-0.771114,0.195592,0.537427,0.0003594734,-3.088e-07,-0.0001321389,4.501e-07,1.536e-07,4.90402e-05,0.0045779214,-0.0010334176,-1.7267e-06,0.0031146115,5.115e-07,0.0025443879,0.310171,-0.211273,1.368913,0.51576,0.322783,-0.7536,0.248788
1403715329.51258,-1.099111,-2.178852,0.356204,0.368488,-0.736707,0.264447,0.501545,0.0003562405,-7.5409e-06,-0.0001358196,6.348e-07,2.9111e-06,5.22587e-05,0.0044655468,-0.0009447154,-2.2345e-06,0.0030564777,3.165e-07,0.0025445418,0.35226,-0.148515,1.3276,0.475866,0.408565,-0.712408,0.314804
1403715329.56258,-1.093995,-2.173915,0.349447,0.372099,-0.735803,0.267049,0.49882,0.0003553928,-8.3279e-06,-0.0001366949,6.625e-07,3.2349e-06,5.3045e-05,0.00444972,-0.0009369303,-2.0106e-06,0.0030502354,6.074e-07,0.0025439272,0.356115,-0.142822,1.320602,0.472884,0.412046,-0.71132,0.317211
1403715329.91258,-1.062049,-2.139375,0.29663,0.375356,-0.730052,0.27272,0.501753,0.000358973,-8.3651e-06,-0.0001327932,6.621e-07,3.1346e-06,4.96044e-05,0.004387199,-0.0008907122,-2.7853e-06,0.0030251904,7.77e-08,0.002544252,0.376221,-0.112253,1.273257,0.474491,0.41496,-0.706088,0.322655
1403715329.96259,-1.063375,-2.15203,0.294306,0.37449,-0.730498,0.272302,0.501977,0.0003589989,-8.7893e-06,-0.0001325535,6.56e-07,3.277e-06,4.93988e-05,0.0043885601,-0.0008904314,-1.9721e-06,0.0030191007,8.435e-07,0.0025431159,0.378423,-0.109708,1.264559,0.474359,0.414275,-0.706384,0.32308
1403715330.01259,-1.061445,-2.151818,0.286113,0.374484,-0.73015,0.273858,0.501641,0.0003590908,-9.3035e-06,-0.0001323801,6.759e-07,3.4606e-06,4.92543e-05,0.0044123631,-0.0008981315,-1.9063e-06,0.0030200087,8.923e-07,0.0025428709,0.380808,-0.107261,1.255131,0.473784,0.414239,-0.706066,0.324661
1403715330.11258,-1.056439,-2.149922,0.265055,0.376775,-0.728786,0.2773,0.500016,0.0003591933,-1.0493e-05,-0.0001321729,7.382e-07,3.892e-06,4.9087e-05,0.004410355,-0.0008931712,-1.9426e-06,0.0030156999,8.894e-07,0.0025427655,0.385714,-0.102774,1.233487,0.471732,0.416386,-0.704648,0.327967
1403715330.16259,-1.055169,-2.149608,0.254667,0.379608,-0.727921,0.276507,0.499573,0.000358745,-8.8934e-06,-0.0001327899,6.458e-07,3.3207e-06,4.95993e-05,0.0044099572,-0.0008926548,-1.863e-06,0.0030143107,9.494e-07,0.0025426042,0.387629,-0.100461,1.221603,0.471262,0.419171,-0.703668,0.3272
1403715330.21258,-1.053923,-2.14902,0.244053,0.382414,-0.727626,0.275074,0.498652,0.0003578162,-7.184e-06,-0.0001339477,5.656e-07,2.7169e-06,5.05887e-05,0.0044102918,-0.000892284,-1.8369e-06,0.0030134458,9.656e-07,0.0025424967,0.389187,-0.098481,1.210205,0.470389,0.422006,-0.70325,0.325709
1403715330.46258,-1.050233,-2.149813,0.197184,0.386889,-0.728233,0.272337,0.495808,0.0003554449,-4.7846e-06,-0.000136701,4.823e-07,1.8676e-06,5.30199e-05,0.0044175289,-0.0008897632,-1.9112e-06,0.0030096218,8.968e-07,0.0025423821,0.395139,-0.096096,1.163454,0.467342,0.426739,-0.703976,0.322341
1403715330.51258,-1.052189,-2.152634,0.194549,0.385775,-0.728409,0.274242,0.495367,0.0003556205,-6.3966e-06,-0.0001362956,5.194e-07,2.4751e-06,5.26655e-05,0.0044146041,-0.0008913799,-1.5868e-06,0.0030089185,1.3078e-06,0.0025418425,0.395961,-0.096807,1.159311,0.466872,0.425578,-0.704245,0.323965
1403715330.76258,-1.053358,-2.161076,0.219978,0.375858,-0.724663,0.290337,0.499299,0.00036214,-1.73526e-05,-0.0001277222,1.2419e-06,6.1447e-06,4.54752e-05,0.0044335331,-0.0009000494,-1.5242e-06,0.0030136034,1.2489e-06,0.002541878,0.396432,-0.105363,1.184942,0.469108,0.415331,-0.701591,0.339426
1403715330.81258,-1.052454,-2.161274,0.230425,0.375141,-0.724134,0.297076,0.496634,0.000362321,-2.2035e-05,-0.0001267259,1.7473e-06,7.7301e-06,4.4748e-05,0.0044329059,-0.0008990928,-1.3839e-06,0.0030119073,1.3259e-06,0.0025417316,0.39665,-0.10683,1.19459,0.465896,0.414519,-0.70112,0.345754
1403715331.11255,-1.056547,-2.15555,0.288254,0.412914,-0.704654,0.336371,0.468849,0.0003594465,-3.31026e-05,-0.0001277502,3.4598e-06,1.17826e-05,4.58239e-05,0.0044157401,-0.0009010063,-1.2418e-06,0.0030155546,1.6624e-06,0.0025414634,0.389789,-0.108641,1.249629,0.43562,0.450545,-0.678853,0.382631
1403715331.16255,-1.059897,-2.150893,0.300068,0.424666,-0.69933,0.340017,0.463665,0.0003585066,-3.1136e-05,-0.0001293211,3.1145e-06,1.12469e-05,4.70687e-05,0.0044126248,-0.0009016103,-1.2576e-06,0.0030167584,1.6154e-06,0.0025414197,0.38499,-0.106806,1.260876,0.43027,0.461878,-0.672764,0.385915
1403715331.71255,-1.17778,-2.080581,0.506771,0.483458,-0.661626,0.346141,0.456843,0.0003601565,-6.0913e-06,-0.0001311974,5.515e-07,2.2213e-06,4.82525e-05,0.0042982557,-0.0009665822,-2.3597e-06,0.0031273609,1.0775e-06,0.0025443872,0.26298,-0.070158,1.448419,0.423046,0.518188,-0.631837,0.39153
1403715331.76255,-1.19191,-2.074216,0.52556,0.485187,-0.660298,0.343703,0.458769,0.0003602956,-3.1805e-06,-0.000131156,4.781e-07,1.1606e-06,4.82058e-05,0.0042896123,-0.0009749995,-2.6225e-06,0.0031415258,1.0932e-06,0.0025449358,0.249607,-0.06678,1.464849,0.425088,0.51988,-0.630524,0.389186
1403715331.81255,-1.206266,-2.067867,0.543396,0.4855,-0.659604,0.342281,0.460496,0.000360673,-1.5275e-06,-0.000130757,4.583e-07,5.577e-07,4.78677e-05,0.0042798611,-0.0009833188,-2.9447e-06,0.0031564242,1.139e-06,0.002545551,0.236193,-0.063387,1.48013,0.426842,0.520177,-0.629934,0.387822
1403715331.91255,-1.234453,-2.055622,0.57425,0.483664,-0.66042,0.341254,0.462017,0.0003610788,-1.2857e-06,-0.0001303188,4.618e-07,4.698e-07,4.75014e-05,0.0042629646,-0.000999749,-3.6182e-06,0.0031862972,1.3431e-06,0.0025467619,0.210258,-0.05709,1.507814,0.428229,0.518444,-0.631108,0.386701
1403715331.96255,-1.247557,-2.050079,0.585898,0.482424,-0.663097,0.340896,0.459739,0.0003597658,-3.1183e-06,-0.0001318742,4.851e-07,1.151e-06,4.88105e-05,0.0042526139,-0.0010073347,-3.9834e-06,0.0032015678,1.4249e-06,0.0025473772,0.197871,-0.054039,1.518518,0.42581,0.51746,-0.633917,0.386096
1403715332.11255,-1.283735,-2.036531,0.602796,0.476519,-0.671601,0.338344,0.455418,0.0003563745,-7.6995e-06,-0.0001356588,6.322e-07,2.9447e-06,5.2125e-05,0.004231956,-0.0010306404,-4.7333e-06,0.0032476947,1.7695e-06,0.0025493934,0.162082,-0.046378,1.533061,0.421048,0.512318,-0.643042,0.383075
1403715332.16255,-1.292537,-2.029937,0.597392,0.473238,-0.675609,0.338791,0.452569,0.0003548539,-1.10556e-05,-0.0001371337,8.089e-07,4.2892e-06,5.34826e-05,0.0042268943,-0.001035906,-4.6804e-06,0.0032584138,2.2581e-06,0.0025492438,0.150146,-0.044676,1.532986,0.417906,0.50937,-0.647406,0.383096
1403715332.36255,-1.350467,-2.017445,0.607372,0.462056,-0.682651,0.353386,0.442278,0.0003536859,-2.78341e-05,-0.0001361201,2.6722e-06,1.07384e-05,5.2891e-05,0.004213246,-0.0010687586,-6.1727e-06,0.003325108,3.8374e-06,0.0025535522,0.099989,-0.046893,1.535419,0.406032,0.498549,-0.655213,0.396591
1403715332.41255,-1.367038,-2.015627,0.612248,0.464025,-0.682171,0.354311,0.440212,0.0003529509,-2.82434e-05,-0.0001368617,2.7464e-06,1.09782e-05,5.3579e-05,0.0042073963,-0.0010785113,-6.6623e-06,0.0033468559,4.2749e-06,0.0025550808,0.085676,-0.048784,1.537158,0.403826,0.500513,-0.654601,0.397378
1403715332.46255,-1.383797,-2.013091,0.6141,0.467043,-0.681599,0.353567,0.438502,0.0003518967,-2.72552e-05,-0.0001382186,2.6e-06,1.07324e-05,5.48042e-05,0.0042067602,-0.0010911297,-7.0289e-06,0.0033704741,5.0387e-06,0.0025558772,0.070064,-0.051451,1.539409,0.402081,0.503529,-0.653901,0.396488
1403715332.51254,-1.369203,-2.016011,0.567745,0.469854,-0.681254,0.353109,0.436399,0.0003502031,-2.71007e-05,-0.0001399493,2.539e-06,1.0842e-05,5.6405e-05,0.0041895239,-0.0011127697,-2.6165e-06,0.0033645305,2.6916e-06,0.0025445247,0.053368,-0.054996,1.541741,0.39924,0.506402,-0.653768,0.395919
1403715332.56254,-1.386975,-2.016927,0.569272,0.472878,-0.68073,0.351628,0.435144,0.0003495345,-2.52612e-05,-0.0001410033,2.2693e-06,1.02014e-05,5.73607e-05,0.0041955242,-0.0011026011,-2.3541e-06,0.0033464093,2.7767e-06,0.0025442589,0.035651,-0.059719,1.543715,0.397977,0.509437,-0.653099,0.394399
1403715332.61254,-1.405146,-2.023457,0.568474,0.474295,-0.679318,0.352259,0.435299,0.0003499071,-2.47318e-05,-0.0001406992,2.1877e-06,9.9521e-06,5.70462e-05,0.0041977812,-0.0011185005,-1.5292e-06,0.003365928,1.9984e-06,0.0025431131,0.016806,-0.065755,1.546149,0.398002,0.510643,-0.651831,0.394912
1403715333.06254,-1.622341,-2.067996,0.604346,0.48781,-0.636792,0.380269,0.460362,0.0003744787,-1.35921e-05,-0.0001119297,9.65e-07,4.0621e-06,3.39308e-05,0.0042814443,-0.0013225163,-1.773e-06,0.0036345254,2.3955e-06,0.0025446811,-0.190349,-0.162565,1.58384,0.421111,0.52077,-0.609536,0.424184
1403715333.16254,-1.676488,-2.076415,0.613347,0.490389,-0.625881,0.388317,0.465834,0.0003797452,-1.12795e-05,-0.0001038249,8.054e-07,3.0831e-06,2.88543e-05,0.0042938526,-0.0013703769,-1.9263e-06,0.0037035499,2.3563e-06,0.0025439487,-0.240997,-0.18305,1.590968,0.426194,0.522462,-0.598626,0.432481
1403715333.51254,-1.850177,-2.054854,0.603567,0.503914,-0.626453,0.382229,0.455553,0.0003736419,-7.5045e-06,-0.0001140207,6.395e-07,2.2879e-06,3.52883e-05,0.0042604625,-0.0014940056,-2.2396e-06,0.0039507925,2.6566e-06,0.0025443526,-0.41634,-0.203333,1.581529,0.41603,0.536422,-0.598382,0.425569
1403715333.66254,-1.918491,-2.028822,0.592886,0.503957,-0.627032,0.382751,0.454268,0.0003732611,-8.4516e-06,-0.0001146058,6.872e-07,2.5927e-06,3.56876e-05,0.0042204542,-0.0015308645,-2.2344e-06,0.0040582877,2.5949e-06,0.0025443724,-0.488418,-0.193384,1.570843,0.41457,0.536597,-0.599069,0.425807
1403715333.71254,-1.941056,-2.018078,0.587824,0.505864,-0.629459,0.380511,0.45066,0.0003708086,-8.8221e-06,-0.0001181334,7.069e-07,2.8079e-06,3.81369e-05,0.0042047422,-0.0015419202,-2.17e-06,0.0040950987,2.4893e-06,0.0025442764,-0.512044,-0.188004,1.565801,0.411056,0.538734,-0.601333,0.423318
1403715333.81254,-1.984616,-1.994542,0.577443,0.51138,-0.636183,0.374266,0.440098,0.0003634542,-9.8881e-06,-0.0001278264,7.713e-07,3.4756e-06,4.54714e-05,0.0041680515,-0.0015573748,-2.1403e-06,0.0041647838,2.4304e-06,0.002544342,-0.558972,-0.175189,1.55495,0.400712,0.544938,-0.607549,0.416364
1403715333.91254,-2.027571,-1.971339,0.569545,0.518501,-0.637455,0.373151,0.430774,0.0003584326,-1.09534e-05,-0.0001337925,8.419e-07,4.0868e-06,5.04664e-05,0.0041317913,-0.0015717122,-2.0835e-06,0.0042355105,2.4237e-06,0.0025444198,-0.605297,-0.162122,1.546315,0.391343,0.55224,-0.608222,0.414666
1403715333.96254,-2.048768,-1.960809,0.567011,0.522676,-0.635365,0.373937,0.428126,0.0003574952,-1.0411e-05,-0.0001349278,8.117e-07,3.9266e-06,5.14522e-05,0.0041163018,-0.0015801245,-2.0167e-06,0.0042715806,2.4021e-06,0.0025443926,-0.628278,-0.156552,1.543663,0.38861,0.556292,-0.60585,0.415292
1403715334.21253,-2.155268,-1.917305,0.565015,0.540577,-0.622828,0.386823,0.412588,0.000355419,-1.3528e-05,-0.0001370914,1.0358e-06,5.2145e-06,5.3421e-05,0.0040534828,-0.0016269511,-1.9642e-06,0.0044597257,2.4909e-06,0.0025447339,-0.743014,-0.139997,1.541473,0.372069,0.573182,-0.592105,0.427129
1403715334.26254,-2.176555,-1.910205,0.565315,0.543258,-0.621339,0.388115,0.410092,0.0003548011,-1.38602e-05,-0.0001377504,1.0573e-06,5.3757e-06,5.4022e-05,0.0040421516,-0.0016354067,-1.8527e-06,0.0044945588,2.5155e-06,0.0025445221,-0.766651,-0.138627,1.542305,0.369376,0.575764,-0.590462,0.428266
1403715334.31254,-2.199553,-1.90377,0.566455,0.545217,-0.619491,0.389637,0.408843,0.0003549161,-1.39141e-05,-0.0001376402,1.0627e-06,5.3895e-06,5.39193e-05,0.0040327186,-0.001645832,-1.8369e-06,0.0045330455,2.5152e-06,0.002544537,-0.790651,-0.137927,1.543326,0.367972,0.577594,-0.588535,0.429661
1403715334.36254,-2.222918,-1.898013,0.567414,0.547169,-0.618068,0.390379,0.407678,0.0003547238,-1.37178e-05,-0.0001378895,1.0485e-06,5.3245e-06,5.41427e-05,0.0040242123,-0.0016579844,-1.8153e-06,0.0045751761,2.516e-06,0.0025445441,-0.814976,-0.137858,1.544185,0.366682,0.57946,-0.587024,0.430318
1403715334.51253,-2.294209,-1.885442,0.569379,0.549909,-0.614716,0.392643,0.406887,0.0003554059,-1.33339e-05,-0.0001372426,1.0207e-06,5.1385e-06,5.35428e-05,0.0040068194,-0.0017010517,-1.7588e-06,0.0047100581,2.5119e-06,0.0025446537,-0.889191,-0.142824,1.547277,0.365382,0.582063,-0.583721,0.432399
1403715334.56254,-2.319215,-1.882331,0.570046,0.550336,-0.613188,0.393464,0.407818,0.0003563534,-1.2685e-05,-0.0001362773,9.73e-07,4.8395e-06,5.266e-05,0.0040017603,-0.0017143538,-1.7754e-06,0.0047526574,2.5257e-06,0.0025446894,-0.914355,-0.145758,1.548537,0.366191,0.582377,-0.582271,0.433246
1403715334.96254,-2.520215,-1.879325,0.571752,0.554883,-0.608135,0.388374,0.414057,0.0003577158,-4.7497e-06,-0.0001354428,6.019e-07,1.782e-06,5.1854e-05,0.00399404,-0.0018541784,-1.9709e-06,0.0051496719,2.5477e-06,0.0025456539,-1.112993,-0.185983,1.549331,0.372228,0.586839,-0.577453,0.428503
1403715335.06254,-2.56707,-1.882335,0.569415,0.555807,-0.607461,0.388147,0.414019,0.0003574427,-4.2277e-06,-0.0001358158,5.915e-07,1.5892e-06,5.21813e-05,0.0040069013,-0.0018991142,-2.0322e-06,0.0052533065,2.6536e-06,0.0025457318,-1.160061,-0.200241,1.547705,0.371963,0.587785,-0.576912,0.428166
1403715335.11254,-2.589572,-1.884958,0.568489,0.556588,-0.606958,0.388018,0.413828,0.0003573425,-3.8352e-06,-0.0001359623,5.835e-07,1.4409e-06,5.23078e-05,0.0040105427,-0.0019172615,-2.0545e-06,0.0052986819,2.7157e-06,0.0025456912,-1.18281,-0.208108,1.546889,0.371662,0.588562,-0.57643,0.428007
1403715335.41254,-2.720405,-1.911314,0.561025,0.565737,-0.598784,0.391432,0.410097,0.000357234,-1.6627e-06,-0.0001362626,5.603e-07,6.081e-07,5.25649e-05,0.0040533737,-0.0020421669,-2.2624e-06,0.0055792127,3.0419e-06,0.0025460484,-1.307511,-0.264493,1.541211,0.367295,0.597201,-0.568001,0.431068
1403715335.46254,-2.739608,-1.917869,0.559874,0.56849,-0.596217,0.393405,0.408139,0.0003572183,-1.7979e-06,-0.0001362965,5.609e-07,6.581e-07,5.25914e-05,0.0040621474,-0.0020638553,-2.1899e-06,0.0056242228,3.0005e-06,0.0025458196,-1.32601,-0.275388,1.540003,0.365124,0.599761,-0.56525,0.432972
1403715335.51254,-2.759169,-1.924459,0.558498,0.570196,-0.594764,0.396233,0.405132,0.0003570736,-3.412e-06,-0.0001364477,5.847e-07,1.2749e-06,5.27286e-05,0.0040734518,-0.0020860816,-2.2086e-06,0.0056664327,3.0348e-06,0.0025457449,-1.344187,-0.286894,1.53873,0.361825,0.601333,-0.563683,0.435596
1403715335.76254,-2.854515,-1.96576,0.552144,0.581997,-0.582816,0.4102,0.391587,0.0003572648,-8.3235e-06,-0.0001361382,7.559e-07,3.1415e-06,5.24798e-05,0.0041417824,-0.0022058541,-2.3063e-06,0.0058796749,3.1262e-06,0.0025459847,-1.430082,-0.350419,1.533116,0.347128,0.612084,-0.550976,0.448645
1403715335.81254,-2.873515,-1.975742,0.551078,0.585659,-0.578994,0.412481,0.389397,0.0003573907,-8.0389e-06,-0.0001360254,7.369e-07,3.027e-06,5.2374e-05,0.0041534909,-0.0022304721,-2.2771e-06,0.0059272158,3.2126e-06,0.0025456641,-1.446409,-0.36442,1.531546,0.344821,0.615415,-0.546964,0.45077
1403715336.16255,-3.00386,-2.051804,0.540843,0.596164,-0.554572,0.431477,0.388414,0.0003661266,-5.7031e-06,-0.0001258677,6.569e-07,1.9236e-06,4.38816e-05,0.0042820501,-0.0024245733,-2.4265e-06,0.0062318413,3.3175e-06,0.0025459144,-1.559806,-0.469062,1.522012,0.342521,0.623955,-0.522402,0.469528
1403715336.21255,-3.023797,-2.061609,0.539761,0.59552,-0.55218,0.434696,0.38922,0.000367891,-6.1621e-06,-0.0001235723,6.66e-07,2.0306e-06,4.21128e-05,0.0042948695,-0.002452251,-2.3845e-06,0.0062869563,3.3276e-06,0.0025456357,-1.575452,-0.483894,1.520686,0.343144,0.623107,-0.520186,0.472649
1403715336.31255,-3.058228,-2.083154,0.53606,0.597714,-0.551312,0.435451,0.386233,0.0003670654,-6.9077e-06,-0.0001246303,6.868e-07,2.3033e-06,4.29216e-05,0.0043240551,-0.0025055316,-2.2757e-06,0.0063798229,3.4917e-06,0.0025454355,-1.606652,-0.511237,1.516425,0.340083,0.625174,-0.519297,0.473108
1403715336.46255,-3.112425,-2.110397,0.529158,0.605117,-0.551708,0.429329,0.380957,0.0003620161,-4.6948e-06,-0.0001310925,6.174e-07,1.656e-06,4.80922e-05,0.004372695,-0.0025855173,-2.2516e-06,0.006514054,3.3081e-06,0.0025453592,-1.653653,-0.549444,1.510516,0.334859,0.632844,-0.519347,0.466538
1403715336.51255,-3.131589,-2.115279,0.528772,0.606112,-0.552201,0.42846,0.379637,0.0003610816,-4.7433e-06,-0.0001321711,6.094e-07,1.6938e-06,4.89925e-05,0.0043862056,-0.0026110089,-2.0721e-06,0.0065585096,3.1974e-06,0.00254508,-1.668768,-0.561934,1.509289,0.333472,0.634015,-0.519679,0.46557
1403715336.56255,-3.148979,-2.124007,0.527775,0.606409,-0.552192,0.42824,0.379425,0.0003608345,-4.7401e-06,-0.000132477,6.067e-07,1.6965e-06,4.92507e-05,0.0043945192,-0.0026330952,-2.0549e-06,0.0066079566,3.1768e-06,0.002545057,-1.683705,-0.574577,1.508595,0.333124,0.634379,-0.519762,0.46523
1403715336.66255,-3.182364,-2.142398,0.525858,0.606265,-0.552383,0.428328,0.379278,0.0003608113,-4.9935e-06,-0.0001325346,6.13e-07,1.7896e-06,4.92997e-05,0.0044257366,-0.0026854105,-2.0528e-06,0.006697507,3.1202e-06,0.0025450381,-1.712586,-0.600125,1.507503,0.332614,0.634367,-0.520195,0.465128
1403715336.76256,-3.214725,-2.162041,0.525919,0.60595,-0.552651,0.427815,0.379969,0.0003608829,-4.6773e-06,-0.0001324712,5.962e-07,1.6732e-06,4.92446e-05,0.0044563793,-0.0027382343,-1.9587e-06,0.0067820938,3.1394e-06,0.002544809,-1.740261,-0.626069,1.506972,0.332979,0.634147,-0.520788,0.464502
1403715336.81256,-3.230502,-2.172289,0.526863,0.606097,-0.552241,0.4273,0.380908,0.0003610926,-3.7868e-06,-0.0001322682,5.735e-07,1.3413e-06,4.90679e-05,0.0044747861,-0.0027648477,-1.9623e-06,0.0068214387,3.1665e-06,0.0025447986,-1.753644,-0.639527,1.507455,0.333799,0.63431,-0.520534,0.463977
1403715337.26257,-3.347204,-2.268046,0.561307,0.620992,-0.540611,0.430726,0.369573,0.0003580715,-2.4305e-06,-0.0001360102,5.723e-07,8.749e-07,5.23176e-05,0.0046505841,-0.003000087,-2.4957e-06,0.0071438581,3.3882e-06,0.0025457039,-1.846042,-0.762959,1.538617,0.321252,0.648413,-0.508644,0.466518
1403715337.51257,-3.392981,-2.333539,0.58183,0.633396,-0.52978,0.449773,0.340363,0.0003550303,-1.71091e-05,-0.0001384229,1.3881e-06,6.631e-06,5.46468e-05,0.0047671448,-0.0031246654,-2.9666e-06,0.0072617952,3.3488e-06,0.0025461697,-1.874815,-0.840755,1.559393,0.290434,0.659436,-0.496922,0.483593
1403715337.56257,-3.401331,-2.349068,0.583925,0.633444,-0.527794,0.454247,0.337404,0.0003559695,-1.97003e-05,-0.0001370555,1.6528e-06,7.5457e-06,5.34428e-05,0.0047948393,-0.0031551044,-3.0124e-06,0.0072906117,3.3253e-06,0.0025459603,-1.881091,-0.858502,1.563052,0.28707,0.659254,-0.49501,0.487793
1403715337.66257,-3.42255,-2.384517,0.590762,0.636418,-0.520908,0.457427,0.33821,0.0003582562,-1.74525e-05,-0.0001348307,1.4156e-06,6.5264e-06,5.14178e-05,0.0048581456,-0.0032200893,-3.1437e-06,0.0073464726,3.163e-06,0.002545934,-1.894966,-0.896561,1.570718,0.287634,0.661688,-0.488208,0.491008
1403715337.81257,-3.458037,-2.441809,0.597847,0.639634,-0.514379,0.458263,0.340996,0.0003601208,-1.3358e-05,-0.0001331945,1.0658e-06,4.8963e-06,4.99412e-05,0.004965491,-0.0033331357,-3.3626e-06,0.007445669,2.9015e-06,0.0025458273,-1.917997,-0.957263,1.580385,0.290203,0.664489,-0.48198,0.491865
1403715337.86257,-3.46944,-2.462404,0.600381,0.639692,-0.513319,0.458209,0.342552,0.0003607997,-1.22025e-05,-0.0001324846,9.796e-07,4.4363e-06,4.93231e-05,0.0050074611,-0.003376111,-3.4481e-06,0.0074799224,2.733e-06,0.0025454517,-1.926142,-0.978248,1.583634,0.291705,0.664434,-0.481175,0.491839
1403715338.01257,-3.506901,-2.51935,0.611904,0.638679,-0.512859,0.455976,0.348067,0.0003620277,-8.6875e-06,-0.0001313609,7.779e-07,3.1081e-06,4.83399e-05,0.0051270714,-0.0034971417,-3.3897e-06,0.0075828633,2.1174e-06,0.002544892,-1.950023,-1.042553,1.593911,0.297114,0.663625,-0.481159,0.489706
1403715338.06257,-3.518959,-2.536119,0.615154,0.636806,-0.514394,0.45625,0.348873,0.0003623819,-9.459e-06,-0.0001308294,8.149e-07,3.3732e-06,4.79024e-05,0.0051616363,-0.0035347295,-3.2361e-06,0.0076190125,1.9496e-06,0.0025447007,-1.958062,-1.063885,1.597263,0.297691,0.662022,-0.482864,0.489846
1403715338.11257,-3.531269,-2.554361,0.61854,0.634844,-0.515983,0.456771,0.34942,0.0003628239,-1.05094e-05,-0.0001302183,8.738e-07,3.7306e-06,4.74039e-05,0.0051946935,-0.0035702453,-3.2526e-06,0.0076536601,1.899e-06,0.0025446742,-1.966079,-1.085052,1.600675,0.298078,0.660215,-0.484718,0.490218
1403715338.16257,-3.544061,-2.572807,0.620984,0.634022,-0.51642,0.457334,0.349532,0.0003630898,-1.10653e-05,-0.000129849,9.069e-07,3.9164e-06,4.7105e-05,0.0052315778,-0.0036086086,-3.3207e-06,0.0076889885,1.8367e-06,0.0025446583,-1.973954,-1.106218,1.603715,0.298051,0.659435,-0.485436,0.490574
1403715338.41257,-3.599621,-2.664556,0.631592,0.636863,-0.512486,0.46648,0.337877,0.0003628568,-1.82609e-05,-0.0001294148,1.4994e-06,6.4779e-06,4.68368e-05,0.0054223539,-0.0038023951,-3.2788e-06,0.0078609434,1.6462e-06,0.0025447061,-2.009455,-1.212023,1.615223,0.285327,0.661914,-0.481529,0.498588
1403715338.51257,-3.623667,-2.701477,0.63718,0.643415,-0.504693,0.471754,0.329771,0.0003624821,-1.97645e-05,-0.000129688,1.6596e-06,7.0382e-06,4.70853e-05,0.0055014192,-0.0038797098,-3.2727e-06,0.007925419,1.6608e-06,0.002544658,-2.024441,-1.255333,1.621286,0.276747,0.667814,-0.473269,0.503442
1403715338.56257,-3.636227,-2.721064,0.640711,0.647951,-0.498315,0.474355,0.326848,0.000362902,-1.87594e-05,-0.0001293403,1.5497e-06,6.6534e-06,4.67849e-05,0.0055423653,-0.0039212687,-3.2346e-06,0.0079622888,1.6527e-06,0.002544568,-2.032327,-1.277671,1.625075,0.27366,0.671845,-0.466608,0.505978
1403715338.61257,-3.650916,-2.742546,0.644699,0.653118,-0.490984,0.476928,0.323899,0.0003633505,-1.72284e-05,-0.0001290211,1.3949e-06,6.0853e-06,4.65019e-05,0.0055849889,-0.0039648388,-3.1853e-06,0.0080006245,1.64e-06,0.0025444266,-2.040656,-1.300183,1.629574,0.270607,0.676411,-0.459027,0.508464
1403715338.66257,-3.664629,-2.761621,0.649248,0.658533,-0.482956,0.479887,0.320619,0.0003638826,-1.56967e-05,-0.0001285842,1.2548e-06,5.5148e-06,4.61283e-05,0.0056329664,-0.0040138447,-3.2057e-06,0.0080454605,1.5967e-06,0.0025443706,-2.049276,-1.323045,1.634386,0.26716,0.681216,-0.450658,0.511352
1403715338.71257,-3.67887,-2.780248,0.653357,0.664138,-0.474772,0.48261,0.317175,0.0003642491,-1.40431e-05,-0.0001283476,1.1197e-06,4.9161e-06,4.59191e-05,0.0056750786,-0.0040578282,-3.2423e-06,0.0080882672,1.5616e-06,0.0025443591,-2.058427,-1.345978,1.639328,0.263563,0.686227,-0.442117,0.513967
1403715339.11256,-3.801358,-2.933412,0.673099,0.696278,-0.438864,0.484853,0.295826,0.0003587298,-5.0097e-06,-0.0001357425,6.598e-07,1.8646e-06,5.20956e-05,0.0060197405,-0.0044251843,-3.655e-06,0.0084650686,1.4683e-06,0.0025446703,-2.144627,-1.526644,1.662694,0.241531,0.716066,-0.404127,0.515358
1403715339.16256,-3.816774,-2.951723,0.67482,0.698667,-0.435693,0.483874,0.296482,0.0003584459,-2.5771e-06,-0.0001361356,6.009e-07,9.459e-07,5.24318e-05,0.006068906,-0.0044762851,-3.669e-06,0.0085139436,1.4031e-06,0.0025443751,-2.15543,-1.549592,1.662867,0.242202,0.718361,-0.400849,0.514409
1403715339.21256,-3.831463,-2.971337,0.674366,0.700854,-0.432802,0.482435,0.297898,0.0003581675,1.8e-07,-0.0001364884,5.814e-07,-1.028e-07,5.27411e-05,0.0061126824,-0.0045227364,-3.7043e-06,0.0085610274,1.3708e-06,0.002544298,-2.165801,-1.572723,1.662464,0.24361,0.720489,-0.397855,0.513089
1403715339.36256,-3.872125,-3.032252,0.671982,0.699372,-0.430112,0.487447,0.297116,0.0003607609,-1.2231e-06,-0.0001336024,5.887e-07,4.211e-07,5.02056e-05,0.0062578103,-0.0046653376,-3.8313e-06,0.0086892109,1.3193e-06,0.002544327,-2.192918,-1.642525,1.659769,0.24238,0.718911,-0.395459,0.517717
1403715339.56256,-3.921367,-3.112436,0.663497,0.693781,-0.433695,0.492947,0.295938,0.0003633342,-6.3336e-06,-0.0001305178,6.993e-07,2.2479e-06,4.76101e-05,0.0064578784,-0.0048550777,-3.9372e-06,0.008849824,1.3925e-06,0.0025444223,-2.225218,-1.734537,1.650653,0.240642,0.713785,-0.399635,0.522393
1403715339.61257,-3.933432,-3.131225,0.658534,0.694294,-0.435681,0.490723,0.295514,0.0003619648,-6.4455e-06,-0.0001321759,6.997e-07,2.3267e-06,4.89887e-05,0.0065050989,-0.0048999282,-3.8169e-06,0.0088866402,1.4856e-06,0.0025442456,-2.233086,-1.757008,1.646431,0.240261,0.714591,-0.401591,0.51996
1403715339.66256,-3.944779,-3.151238,0.652858,0.69498,-0.436475,0.487809,0.297549,0.0003611623,-4.5217e-06,-0.0001332233,6.386e-07,1.639e-06,4.98665e-05,0.0065508113,-0.0049443166,-3.7204e-06,0.0089252514,1.4437e-06,0.002544126,-2.241038,-1.779087,1.641917,0.242451,0.715495,-0.402384,0.517081
1403715339.91255,-3.996353,-3.247748,0.625425,0.699968,-0.426399,0.472588,0.323866,0.0003613318,1.96245e-05,-0.0001317883,1.6632e-06,-7.2046e-06,4.88019e-05,0.0067912571,-0.0051588267,-3.6471e-06,0.0090873808,1.5906e-06,0.0025443298,-2.271083,-1.886025,1.615412,0.269969,0.720856,-0.392534,0.503389
1403715339.96256,-3.999916,-3.26691,0.618682,0.702516,-0.422229,0.470789,0.326422,0.0003608335,2.35552e-05,-0.0001317547,2.132e-06,-8.6517e-06,4.88401e-05,0.0068446088,-0.0052021775,-3.5146e-06,0.0091111045,1.7672e-06,0.0025440815,-2.272696,-1.905293,1.609261,0.27261,0.723167,-0.388242,0.501978
1403715340.21255,-3.992914,-3.337943,0.603017,0.718793,-0.394326,0.48152,0.309811,0.0003604286,2.54103e-05,-0.0001320304,2.3917e-06,-9.3598e-06,4.91117e-05,0.0070309797,-0.0053036077,-3.3306e-06,0.0090774752,2.1588e-06,0.0025439546,-2.247398,-1.980043,1.593352,0.255706,0.737285,-0.359127,0.511915
1403715340.31254,-3.973957,-3.358071,0.608865,0.725386,-0.38147,0.494386,0.289617,0.0003617146,1.67349e-05,-0.0001319568,1.3724e-06,-6.149e-06,4.88919e-05,0.0070878947,-0.0053151786,-3.3465e-06,0.0090204619,2.2151e-06,0.0025438007,-2.222875,-1.999084,1.597262,0.234897,0.742457,-0.345554,0.52362
1403715340.41254,-3.948804,-3.373784,0.622025,0.734002,-0.365078,0.507334,0.265653,0.0003621419,7.734e-06,-0.0001323396,7.615e-07,-2.8613e-06,4.91218e-05,0.0071349864,-0.0053105854,-3.4123e-06,0.0089401992,2.2e-06,0.0025436628,-2.192982,-2.014228,1.608624,0.210326,0.749347,-0.328256,0.535252
1403715340.51253,-3.920422,-3.38873,0.639026,0.743958,-0.348807,0.514181,0.245922,0.000360602,2.9742e-06,-0.0001343667,6.173e-07,-1.1375e-06,5.08362e-05,0.0071706255,-0.0052949632,-3.4848e-06,0.0088509888,2.0524e-06,0.0025434942,-2.160879,-2.026051,1.6238,0.190293,0.757781,-0.310886,0.541211
1403715340.56254,-3.90692,-3.395846,0.646424,0.748204,-0.343638,0.516235,0.235807,0.0003589741,-4.947e-07,-0.0001362691,5.916e-07,1.621e-07,5.25022e-05,0.0071910431,-0.0052866856,-3.5268e-06,0.0088020241,1.9334e-06,0.0025433764,-2.144351,-2.031411,1.630518,0.180052,0.761537,-0.305195,0.54268
1403715340.66253,-3.880086,-3.411138,0.658848,0.753934,-0.334108,0.520319,0.221863,0.0003576422,-4.7852e-06,-0.0001377122,6.538e-07,1.8229e-06,5.38059e-05,0.0072318077,-0.0052743239,-3.5835e-06,0.0087165794,1.7803e-06,0.0025432562,-2.111589,-2.04225,1.642259,0.165897,0.766455,-0.295008,0.545891
1403715340.71252,-3.866235,-3.41885,0.6636,0.755902,-0.331017,0.521407,0.217196,0.0003570167,-6.1953e-06,-0.0001383275,6.922e-07,2.3828e-06,5.43744e-05,0.0072545133,-0.0052699369,-3.5945e-06,0.0086750574,1.6866e-06,0.0025431317,-2.095143,-2.048203,1.647218,0.160994,0.768316,-0.291485,0.546633
1403715340.96252,-3.798614,-3.470649,0.685883,0.757822,-0.332904,0.524407,0.199696,0.0003536884,-1.76866e-05,-0.0001409781,1.4609e-06,7.0485e-06,5.69734e-05,0.0073949563,-0.0052594106,-3.8175e-06,0.0084685834,1.2774e-06,0.0025429196,-2.01193,-2.085654,1.667897,0.142701,0.77048,-0.29309,0.54781
1403715341.01252,-3.784575,-3.48359,0.689171,0.757234,-0.335569,0.524305,0.197722,0.0003530488,-1.98221e-05,-0.0001413523,1.6822e-06,7.9375e-06,5.73683e-05,0.0074300656,-0.00525853,-3.8454e-06,0.0084223415,1.1584e-06,0.0025427627,-1.995318,-2.095663,1.671604,0.140508,0.77015,-0.295756,0.547407
1403715341.11252,-3.758277,-3.51324,0.697683,0.755074,-0.336821,0.524634,0.202914,0.0003547421,-1.77947e-05,-0.0001398554,1.4565e-06,7.0152e-06,5.5905e-05,0.0075141631,-0.005268754,-3.9006e-06,0.0083421487,9.641e-07,0.0025426459,-1.962595,-2.120113,1.680093,0.14545,0.76842,-0.297292,0.547716
1403715341.36253,-3.698687,-3.604005,0.722188,0.742013,-0.337679,0.532635,0.227354,0.0003663291,-8.6332e-06,-0.0001274439,7.619e-07,2.9945e-06,4.50788e-05,0.0077718028,-0.005323477,-4.044e-06,0.0081635999,5.281e-07,0.0025425986,-1.883421,-2.19788,1.70587,0.169331,0.756287,-0.299788,0.556313
1403715341.41253,-3.687105,-3.622581,0.727073,0.739487,-0.338642,0.533612,0.231818,0.0003680849,-7.1135e-06,-0.0001252833,6.895e-07,2.4101e-06,4.33741e-05,0.0078238493,-0.0053328227,-4.045e-06,0.0081260328,4.447e-07,0.0025424909,-1.868907,-2.213951,1.711406,0.173603,0.753976,-0.30106,0.557446
1403715341.76253,-3.620637,-3.738504,0.755413,0.737138,-0.332833,0.524186,0.266604,0.0003712238,1.73527e-05,-0.0001202124,1.3725e-06,-5.6525e-06,3.96622e-05,0.008168838,-0.0054111528,-3.9802e-06,0.0079302827,1.864e-07,0.0025426967,-1.77863,-2.313137,1.74637,0.209099,0.752885,-0.29592,0.54943
1403715341.81253,-3.610584,-3.751911,0.758338,0.738246,-0.331831,0.521814,0.269428,0.0003705037,2.02448e-05,-0.0001207388,1.6654e-06,-6.6342e-06,4.00788e-05,0.0082043388,-0.0054114761,-3.9205e-06,0.0078962294,1.747e-07,0.0025425722,-1.766214,-2.323158,1.749302,0.212121,0.754122,-0.294909,0.547114
1403715341.91254,-3.587556,-3.773539,0.762849,0.740083,-0.332349,0.519204,0.26879,0.0003688697,2.06794e-05,-0.000122857,1.7167e-06,-6.931e-06,4.16531e-05,0.0082700054,-0.0054083739,-3.8827e-06,0.0078274518,1.323e-07,0.002542532,-1.738988,-2.338045,1.753944,0.211753,0.756229,-0.295328,0.544114
1403715341.96254,-3.574511,-3.781547,0.765764,0.740123,-0.335701,0.519929,0.263051,0.0003681267,1.58343e-05,-0.0001245092,1.232e-06,-5.3989e-06,4.28441e-05,0.0082957908,-0.0054013471,-3.8595e-06,0.0077894758,1.395e-07,0.0025423243,-1.72438,-2.34299,1.755916,0.205885,0.756531,-0.298451,0.544243
1403715342.01254,-3.561364,-3.788163,0.767742,0.740456,-0.33955,0.520334,0.256287,0.0003668627,1.03093e-05,-0.0001267015,8.388e-07,-3.6025e-06,4.4495e-05,0.0083159525,-0.0053910643,-3.8556e-06,0.0077510233,1.218e-07,0.0025422708,-1.709928,-2.34662,1.757542,0.199022,0.757128,-0.302154,0.543923
1403715342.06254,-3.547717,-3.793963,0.769581,0.741766,-0.342611,0.519509,0.250024,0.0003648614,5.9236e-06,-0.0001294717,6.44e-07,-2.1429e-06,4.66863e-05,0.0083335597,-0.0053789353,-3.8549e-06,0.0077117104,1.087e-07,0.0025422242,-1.695288,-2.349479,1.759117,0.192722,0.758663,-0.305011,0.542456
1403715342.31255,-3.477351,-3.819819,0.777044,0.747698,-0.350429,0.516911,0.225721,0.0003565904,-9.2951e-06,-0.0001388965,7.977e-07,3.5867e-06,5.48792e-05,0.0084140805,-0.0053085828,-3.8487e-06,0.0075085382,1.667e-07,0.0025422075,-1.622088,-2.359334,1.765631,0.168326,0.765267,-0.311842,0.53739
1403715342.41255,-3.448597,-3.833473,0.777948,0.752323,-0.342799,0.517179,0.221416,0.0003556325,-8.0104e-06,-0.000139992,7.343e-07,3.1181e-06,5.5892e-05,0.0084552553,-0.0052823133,-3.829e-06,0.0074246255,1.771e-07,0.0025420601,-1.590462,-2.36692,1.765808,0.164064,0.769504,-0.303828,0.537249
1403715342.66255,-3.366175,-3.881728,0.779586,0.772657,-0.295786,0.51831,0.216485,0.0003549297,1.0831e-05,-0.000140618,8.902e-07,-4.332e-06,5.65194e-05,0.0086039801,-0.0052196661,-3.8392e-06,0.0071909109,1.745e-07,0.0025420591,-1.499482,-2.396647,1.766738,0.159432,0.786841,-0.255626,0.538631
1403715342.86255,-3.286152,-3.919896,0.779576,0.779872,-0.265511,0.5303,0.200216,0.0003581819,1.19783e-05,-0.0001369147,9.592e-07,-4.6128e-06,5.31447e-05,0.0087263562,-0.0051465081,-3.7394e-06,0.0069695384,-1.219e-07,0.0025416664,-1.409943,-2.41827,1.768682,0.142877,0.791767,-0.22514,0.549549
1403715342.91255,-3.265308,-3.92471,0.778673,0.780078,-0.263404,0.533337,0.194033,0.0003587943,8.4894e-06,-0.0001363678,7.55e-07,-3.2565e-06,5.26365e-05,0.0087464677,-0.0051272617,-3.7695e-06,0.0069210885,-2.02e-08,0.0025415561,-1.386055,-2.42187,1.769004,0.136281,0.791852,-0.222789,0.552054
1403715343.16255,-3.148932,-3.964356,0.77085,0.777984,-0.254781,0.545525,0.179528,0.0003634101,7.002e-07,-0.0001312351,5.569e-07,-2.727e-07,4.82012e-05,0.0088699119,-0.0049939157,-3.8239e-06,0.0066146377,7.13e-08,0.0025414252,-1.261628,-2.439048,1.76508,0.120937,0.789105,-0.214436,0.562765
1403715343.21255,-3.1264,-3.972431,0.769615,0.777544,-0.25356,0.547173,0.178144,0.0003641424,-6.9e-09,-0.0001302382,5.49e-07,-1.54e-08,4.73833e-05,0.0088867684,-0.0049662388,-3.8123e-06,0.0065584022,1.575e-07,0.0025412139,-1.236413,-2.442405,1.762995,0.119413,0.788593,-0.213161,0.564291
1403715343.41254,-3.032386,-4.007836,0.752139,0.784078,-0.252152,0.539553,0.174711,0.0003587185,8.654e-07,-0.000136591,5.521e-07,-3.474e-07,5.28352e-05,0.0089949736,-0.0048612516,-3.8984e-06,0.0063261485,3.223e-07,0.002541215,-1.136938,-2.4557,1.747946,0.116344,0.795329,-0.211323,0.55611
1403715343.46254,-3.009594,-4.016965,0.748873,0.785271,-0.251602,0.537671,0.175944,0.0003577333,2.3569e-06,-0.0001376098,5.603e-07,-9.25e-07,5.37589e-05,0.0090259192,-0.004836264,-3.8841e-06,0.0062691167,4.401e-07,0.0025411283,-1.112272,-2.459053,1.74387,0.117694,0.796601,-0.210705,0.554236
1403715343.71255,-2.887575,-4.061301,0.731458,0.784933,-0.252606,0.535432,0.18271,0.0003577179,6.3817e-06,-0.0001375363,6.601e-07,-2.4773e-06,5.37122e-05,0.0091702946,-0.0046911709,-3.9403e-06,0.0059731488,7.911e-07,0.0025411725,-0.97999,-2.476012,1.725354,0.124463,0.796847,-0.211998,0.551906
1403715343.76256,-2.86176,-4.069921,0.730969,0.783739,-0.251276,0.536326,0.186996,0.0003589966,9.1527e-06,-0.0001358864,7.757e-07,-3.4906e-06,5.2261e-05,0.0092007814,-0.0046619227,-3.8061e-06,0.0059147747,7.229e-07,0.0025410107,-0.951581,-2.47947,1.723296,0.128605,0.795749,-0.210773,0.553009
1403715343.81256,-2.834696,-4.079033,0.730155,0.781427,-0.250481,0.538949,0.190168,0.0003611761,1.05615e-05,-0.00013321,8.487e-07,-3.9228e-06,4.995e-05,0.0092278156,-0.0046285847,-3.7206e-06,0.005853194,7.465e-07,0.0025409064,-0.922589,-2.482601,1.721774,0.131553,0.793504,-0.210256,0.555731
1403715344.11256,-2.660758,-4.115773,0.727584,0.778647,-0.240148,0.550391,0.181956,0.00036664,7.4466e-06,-0.0001268933,7.067e-07,-2.6009e-06,4.47472e-05,0.0093516029,-0.0043866621,-3.6985e-06,0.0054655127,8.162e-07,0.0025411499,-0.738946,-2.485274,1.715978,0.122432,0.790128,-0.200438,0.566157
1403715344.16256,-2.631085,-4.119588,0.726541,0.779528,-0.234388,0.553108,0.177399,0.0003673174,6.8796e-06,-0.0001259597,6.776e-07,-2.3788e-06,4.4018e-05,0.0093595057,-0.0043383723,-3.681e-06,0.0053980856,9.412e-07,0.0025409427,-0.707381,-2.48268,1.715151,0.117622,0.79055,-0.194479,0.56866
1403715344.21256,-2.600975,-4.123189,0.725668,0.781263,-0.226081,0.554922,0.174861,0.0003677958,8.8148e-06,-0.000125169,7.572e-07,-3.0182e-06,4.34215e-05,0.0093698519,-0.004293172,-3.6471e-06,0.0053350529,1.0001e-06,0.0025408864,-0.676063,-2.479468,1.714087,0.11499,0.791673,-0.186113,0.570434
1403715344.26254,-2.570349,-4.128194,0.724293,0.782237,-0.217008,0.557388,0.174162,0.0003689136,1.20773e-05,-0.0001233578,9.369e-07,-4.0558e-06,4.20676e-05,0.0093789544,-0.0042464594,-3.5649e-06,0.0052712805,9.776e-07,0.0025408149,-0.645064,-2.475564,1.713211,0.114304,0.791968,-0.177113,0.573022
1403715344.46254,-2.455502,-4.124929,0.720279,0.781574,-0.184161,0.569047,0.177233,0.0003744674,2.66823e-05,-0.0001131852,2.4501e-06,-8.0819e-06,3.50236e-05,0.0093700315,-0.004051527,-3.5433e-06,0.0050323484,1.2546e-06,0.0025408935,-0.528293,-2.448104,1.708588,0.116912,0.789213,-0.144828,0.585235
1403715344.51254,-2.427503,-4.121421,0.718187,0.781372,-0.177672,0.571044,0.178324,0.0003751866,2.99052e-05,-0.0001112215,2.9314e-06,-8.8819e-06,3.378e-05,0.0093611588,-0.0040050175,-3.4826e-06,0.004978974,1.3161e-06,0.0025407936,-0.501342,-2.437325,1.706718,0.117998,0.788612,-0.138464,0.587364
1403715344.56254,-2.399995,-4.115067,0.715539,0.781705,-0.173327,0.57228,0.177175,0.0003754274,3.10239e-05,-0.0001104861,3.1106e-06,-9.1457e-06,3.33236e-05,0.0093427768,-0.0039541818,-3.4493e-06,0.0049244687,1.3856e-06,0.0025407324,-0.475365,-2.424462,1.704121,0.116802,0.788645,-0.13415,0.588558
1403715344.61254,-2.372898,-4.106524,0.711686,0.783469,-0.170819,0.571418,0.174583,0.0003745221,3.08958e-05,-0.0001118442,3.0944e-06,-9.2407e-06,3.421e-05,0.009314929,-0.0039014246,-3.4211e-06,0.004871478,1.4349e-06,0.0025406819,-0.45035,-2.409501,1.700547,0.11424,0.79025,-0.131442,0.587518
1403715344.86255,-2.241243,-4.029041,0.689141,0.797126,-0.163825,0.55672,0.166776,0.0003645944,3.24844e-05,-0.0001251897,3.4478e-06,-1.11691e-05,4.38241e-05,0.0090538778,-0.0036129919,-3.5372e-06,0.0046245012,1.6867e-06,0.0025408847,-0.33581,-2.301705,1.67681,0.10712,0.803744,-0.123098,0.572161
1403715344.96255,-2.186693,-3.985376,0.680481,0.797635,-0.164331,0.557058,0.162667,0.0003645182,2.97156e-05,-0.0001259363,2.974e-06,-1.02782e-05,4.43461e-05,0.0089189698,-0.0034872317,-3.5606e-06,0.0045249515,1.7731e-06,0.002540816,-0.2919,-2.244471,1.66734,0.102932,0.804342,-0.123506,0.572002
1403715345.01255,-2.158592,-3.960835,0.676391,0.795397,-0.167589,0.560856,0.157156,0.0003666057,2.42268e-05,-0.000124401,2.1483e-06,-8.2278e-06,4.3044e-05,0.0088447273,-0.0034211265,-3.5518e-06,0.0044738921,1.8267e-06,0.0025407407,-0.269789,-2.213041,1.663089,0.097133,0.802251,-0.126859,0.57521
1403715345.11255,-2.102171,-3.906945,0.669916,0.790266,-0.17272,0.56873,0.148978,0.0003708715,1.5404e-05,-0.0001201272,1.1864e-06,-4.9892e-06,3.97348e-05,0.0086756072,-0.0032855903,-3.6504e-06,0.0043754304,1.9256e-06,0.0025408615,-0.226044,-2.146043,1.655844,0.088416,0.797364,-0.132335,0.582136
1403715345.16255,-2.074266,-3.878556,0.666484,0.788996,-0.174966,0.570552,0.146095,0.000371703,1.22533e-05,-0.0001193025,9.48e-07,-3.9306e-06,3.91132e-05,0.0085882511,-0.0032181772,-3.6857e-06,0.0043274852,1.9818e-06,0.0025408942,-0.205099,-2.111035,1.652009,0.085332,0.796238,-0.134566,0.583622
1403715345.31255,-1.996871,-3.78811,0.655685,0.789554,-0.179326,0.569661,0.141188,0.0003707156,7.4723e-06,-0.0001210814,6.975e-07,-2.4368e-06,4.03758e-05,0.0083179577,-0.0030241719,-3.8991e-06,0.0041962829,2.0997e-06,0.0025412197,-0.147463,-2.00357,1.639974,0.080373,0.797286,-0.138715,0.581922
1403715345.36255,-1.973091,-3.757186,0.651815,0.790007,-0.179972,0.569001,0.140489,0.0003702628,6.9013e-06,-0.0001217155,6.739e-07,-2.265e-06,4.08396e-05,0.0082193367,-0.002962067,-3.9372e-06,0.0041577178,2.1289e-06,0.0025412832,-0.130069,-1.966839,1.635779,0.079716,0.797857,-0.139284,0.581094
1403715345.41255,-1.949381,-3.725205,0.648087,0.790491,-0.180652,0.568302,0.139716,0.0003697519,6.2697e-06,-0.0001224319,6.503e-07,-2.0727e-06,4.13686e-05,0.0081251327,-0.0029019322,-3.9683e-06,0.0041200904,2.1539e-06,0.0025413368,-0.113255,-1.92963,1.63157,0.078974,0.798488,-0.139854,0.580191
1403715345.51255,-1.90297,-3.660229,0.639899,0.791078,-0.18071,0.5676,0.139178,0.0003693109,6.0107e-06,-0.0001230418,6.406e-07,-2.0019e-06,4.18225e-05,0.007933421,-0.0027826645,-3.9943e-06,0.0040470448,2.1872e-06,0.0025414669,-0.081591,-1.853924,1.623054,0.078417,0.799229,-0.139869,0.579241
1403715345.61255,-1.858791,-3.59351,0.631357,0.790524,-0.181151,0.568662,0.137405,0.0003696983,4.5761e-06,-0.0001226036,5.999e-07,-1.5172e-06,4.14883e-05,0.0077388486,-0.0026666478,-4.0319e-06,0.0039783534,2.2327e-06,0.0025416387,-0.052362,-1.776741,1.614744,0.07657,0.798857,-0.140346,0.579886
1403715345.71255,-1.816548,-3.524178,0.62223,0.790251,-0.181608,0.569305,0.135697,0.000369877,3.1969e-06,-0.0001224362,5.719e-07,-1.0581e-06,4.13587e-05,0.0075442307,-0.0025559778,-4.1371e-06,0.0039154638,2.3351e-06,0.002541909,-0.025974,-1.698415,1.60564,0.074791,0.798777,-0.140732,0.580134
1403715346.06255,-1.685494,-3.281187,0.585719,0.807228,-0.188554,0.544869,0.126285,0.000353217,-4.16e-07,-0.0001422409,5.588e-07,1.666e-07,5.81668e-05,0.0068862218,-0.0022041705,-4.8096e-06,0.0037276992,2.676e-06,0.0025432738,0.049062,-1.423505,1.568764,0.066737,0.816805,-0.145765,0.554192
1403715346.36255,-1.557464,-3.089229,0.576582,0.801654,-0.192323,0.551321,0.128095,0.0003578063,-2.4319e-06,-0.000137406,5.834e-07,9.286e-07,5.36537e-05,0.0064020712,-0.0019183017,-5.173e-06,0.0035613935,3.0835e-06,0.0025442045,0.130797,-1.202909,1.55962,0.068296,0.812106,-0.150021,0.559744
1403715346.41255,-1.534331,-3.058473,0.576658,0.798911,-0.19324,0.554751,0.129039,0.0003601728,-2.9345e-06,-0.0001347325,5.889e-07,1.0911e-06,5.12806e-05,0.0063221136,-0.0018668261,-5.0386e-06,0.0035291786,3.0739e-06,0.0025441241,0.14669,-1.167881,1.559609,0.069067,0.809557,-0.151188,0.563019
1403715346.46255,-1.510577,-3.028146,0.577491,0.796183,-0.194332,0.557974,0.13036,0.0003624034,-3.3171e-06,-0.0001321172,5.938e-07,1.2011e-06,4.90386e-05,0.0062485651,-0.0018200825,-4.908e-06,0.0035001594,3.0066e-06,0.0025440667,0.162557,-1.133511,1.559987,0.070194,0.807054,-0.152371,0.566145
1403715346.56255,-1.46617,-2.969821,0.579498,0.79175,-0.198223,0.562843,0.130562,0.0003653924,-6.1137e-06,-0.0001283869,6.669e-07,2.1387e-06,4.59807e-05,0.0061094006,-0.0017298856,-4.8575e-06,0.0034443623,3.0269e-06,0.0025442967,0.193941,-1.066057,1.561096,0.070246,0.803079,-0.156672,0.570599
1403715346.81255,-1.366017,-2.832257,0.584794,0.784665,-0.212226,0.567062,0.133046,0.000368049,-1.21763e-05,-0.0001246441,9.779e-07,4.1098e-06,4.30864e-05,0.0057960221,-0.0015377596,-4.9898e-06,0.0033314058,3.3007e-06,0.0025453413,0.261049,-0.90866,1.565582,0.072699,0.797543,-0.170976,0.573941
1403715346.86255,-1.347998,-2.806577,0.584812,0.785281,-0.213839,0.565145,0.134974,0.0003672407,-1.13173e-05,-0.0001257542,9.231e-07,3.8593e-06,4.39334e-05,0.0057324688,-0.0015004988,-4.8704e-06,0.0033097808,3.2438e-06,0.0025452536,0.272229,-0.879236,1.566399,0.074808,0.798396,-0.172558,0.572006
1403715347.11255,-1.270312,-2.688077,0.588973,0.790836,-0.225947,0.553051,0.132894,0.000359184,-1.48976e-05,-0.0001351856,1.204e-06,5.5878e-06,5.17805e-05,0.0054738459,-0.0013502082,-4.967e-06,0.0032254658,3.4092e-06,0.0025461728,0.322172,-0.745054,1.571051,0.073813,0.805328,-0.183752,0.558778
1403715347.16255,-1.256373,-2.667676,0.591038,0.792543,-0.22251,0.551544,0.134773,0.0003587457,-1.18903e-05,-0.0001359712,9.792e-07,4.4853e-06,5.24364e-05,0.005430403,-0.001325127,-4.8902e-06,0.0032110417,3.3321e-06,0.0025460741,0.331727,-0.721173,1.573092,0.075912,0.80695,-0.180136,0.557333
1403715347.21254,-1.242452,-2.648122,0.594115,0.794054,-0.216555,0.551291,0.136601,0.0003590803,-8.0676e-06,-0.0001358711,7.657e-07,3.0292e-06,5.23123e-05,0.0053894084,-0.0013002234,-4.8085e-06,0.0031963226,3.2469e-06,0.0025460518,0.341764,-0.69825,1.576096,0.077868,0.808191,-0.174047,0.5572
1403715347.41254,-1.182292,-2.573134,0.609393,0.79847,-0.178381,0.559248,0.133669,0.0003637535,5.7424e-06,-0.0001305927,6.811e-07,-2.0838e-06,4.77868e-05,0.0052324538,-0.0011986901,-4.8211e-06,0.0031357259,3.4024e-06,0.0025467815,0.38662,-0.61042,1.592087,0.07488,0.810242,-0.135809,0.565208
1403715347.46254,-1.16824,-2.554042,0.61445,0.800116,-0.166889,0.56113,0.130749,0.0003643803,8.7929e-06,-0.0001296547,8.021e-07,-3.149e-06,4.70332e-05,0.0051967335,-0.00117681,-4.7726e-06,0.0031227448,3.4018e-06,0.0025467587,0.39801,-0.587915,1.596529,0.071976,0.811125,-0.124317,0.56696
1403715347.51255,-1.152069,-2.534594,0.616818,0.801456,-0.155592,0.56285,0.12907,0.0003649353,1.23515e-05,-0.0001286599,1.0078e-06,-4.3725e-06,4.62364e-05,0.0051567796,-0.0011536467,-4.474e-06,0.0031088101,3.1932e-06,0.0025462965,0.409342,-0.564909,1.601298,0.070027,0.811762,-0.113205,0.568617
1403715347.76255,-1.0763,-2.423322,0.64025,0.801835,-0.129335,0.57325,0.108244,0.0003688252,1.01784e-05,-0.0001239886,8.819e-07,-3.4265e-06,4.25616e-05,0.0049416226,-0.0010277256,-4.5197e-06,0.0030392449,3.3175e-06,0.0025471808,0.464057,-0.439074,1.624614,0.048908,0.810285,-0.087034,0.577471
1403715347.81255,-1.062199,-2.398813,0.643961,0.802069,-0.12746,0.574592,0.101409,0.0003690589,6.5911e-06,-0.0001239117,7.191e-07,-2.213e-06,4.248e-05,0.0048948488,-0.0010036459,-4.5595e-06,0.003026871,3.3408e-06,0.0025472285,0.474368,-0.411566,1.628533,0.042093,0.810313,-0.085248,0.578234
1403715347.91255,-1.03491,-2.348928,0.650216,0.802959,-0.122805,0.577237,0.083503,0.0003690377,-2.6912e-06,-0.0001241172,6.256e-07,9.172e-07,4.26223e-05,0.0048013084,-0.0009569679,-4.6259e-06,0.0030041007,3.3902e-06,0.0025475526,0.493664,-0.355369,1.634598,0.024165,0.810609,-0.080619,0.57951
1403715348.31254,-0.957992,-2.17605,0.674981,0.81479,-0.055115,0.577116,0.004027,0.0003639939,-2.18417e-05,-0.0001288499,1.9519e-06,7.796e-06,4.65068e-05,0.0045049944,-0.0008230791,-5.5455e-06,0.0029457754,3.6659e-06,0.0025496552,0.551261,-0.161938,1.657524,0.055186,-0.816523,0.012208,-0.574543
1403715348.36254,-0.950558,-2.160775,0.676141,-0.81717,0.043887,-0.574716,0.002984,0.0003625751,-2.10269e-05,-0.0001307229,1.8634e-06,7.6501e-06,4.80246e-05,0.0044735334,-0.0008077868,-5.8869e-06,0.0029384814,3.8767e-06,0.0025498727,0.557216,-0.144651,1.658417,0.062129,-0.818045,0.00082,-0.571792
1403715348.86253,-0.868261,-2.100635,0.574002,-0.817329,0.004683,-0.574593,0.042362,0.0003624884,-2.85889e-05,-0.0001296357,2.9292e-06,1.03156e-05,4.72607e-05,0.004401626,-0.000724344,-1.02986e-05,0.0028848839,5.5587e-06,0.0025544762,0.641478,-0.052176,1.544341,0.10129,-0.815751,-0.038147,-0.568186
1403715348.96253,-0.852751,-2.105023,0.546513,-0.816646,-0.002373,-0.57514,0.047937,0.0003630713,-2.88414e-05,-0.0001288945,2.9457e-06,1.03364e-05,4.66484e-05,0.0043980636,-0.0007045068,-1.21795e-05,0.0028688203,5.4539e-06,0.0025554671,0.663615,-0.052668,1.512522,0.106758,-0.814841,-0.044946,-0.567995
1403715349.01252,-0.844959,-2.109926,0.533525,-0.81576,-0.006901,-0.576309,0.048529,0.0003641876,-2.71888e-05,-0.0001279074,2.6774e-06,9.6463e-06,4.58036e-05,0.0044021544,-0.0007000188,-1.31077e-05,0.002864409,5.5354e-06,0.0025559619,0.675275,-0.055803,1.497955,0.107356,-0.813829,-0.049327,-0.568968
1403715349.06252,-0.836419,-2.116948,0.520708,-0.815035,-0.011504,-0.577268,0.048439,0.0003651185,-2.50799e-05,-0.0001272062,2.3644e-06,8.8342e-06,4.51922e-05,0.0044136152,-0.0006955298,-1.39884e-05,0.0028589103,5.5944e-06,0.002556426,0.687464,-0.060627,1.483736,0.107281,-0.812973,-0.053793,-0.569801
1403715349.11251,-0.809075,-2.124238,0.49377,-0.814069,-0.01786,-0.578617,0.046647,0.0003663954,-2.14713e-05,-0.0001262715,1.8689e-06,7.4884e-06,4.43623e-05,0.0044210102,-0.000689438,-1.04249e-05,0.0028500361,4.1857e-06,0.0025528581,0.699884,-0.066909,1.470286,0.106068,-0.811714,-0.059895,-0.571212
1403715349.26251,-0.777012,-2.158831,0.458141,-0.809454,-0.032265,-0.584328,0.047992,0.0003705815,-1.53683e-05,-0.0001217767,1.2433e-06,5.1362e-06,4.08468e-05,0.0044790922,-0.000660695,-1.1625e-05,0.0028200895,4.044e-06,0.0025535646,0.73634,-0.093812,1.432699,0.107773,-0.806501,-0.073734,-0.576632
1403715349.36251,-0.759076,-2.185934,0.433824,-0.805887,-0.038195,-0.588704,0.05014,0.0003733737,-1.37069e-05,-0.0001181732,1.0966e-06,4.4215e-06,3.82033e-05,0.0045259831,-0.0006515514,-1.14591e-05,0.00280628,4.1901e-06,0.0025532596,0.759522,-0.118099,1.409872,0.110125,-0.802841,-0.079302,-0.580543
1403715349.41251,-0.751554,-2.200129,0.421158,-0.804156,-0.041457,-0.590963,0.04876,0.0003748078,-1.11786e-05,-0.0001164123,9.164e-07,3.5496e-06,3.69407e-05,0.0045485884,-0.0006487827,-1.08939e-05,0.0028004643,4.2704e-06,0.0025527747,0.770253,-0.132091,1.398318,0.108853,-0.801095,-0.082483,-0.582748
1403715349.46251,-0.744206,-2.215634,0.408088,-0.803485,-0.043957,-0.591849,0.046848,0.0003754103,-8.7982e-06,-0.0001157663,7.836e-07,2.7875e-06,3.64736e-05,0.0045736978,-0.000647678,-1.05202e-05,0.0027960646,4.3693e-06,0.002552352,0.780243,-0.147203,1.386287,0.106978,-0.800435,-0.084942,-0.583647
1403715349.56251,-0.731325,-2.248511,0.382509,-0.80389,-0.049582,-0.591198,0.042274,0.000375082,-3.4024e-06,-0.000116587,6.076e-07,1.1275e-06,3.70156e-05,0.0046315428,-0.0006474654,-1.12535e-05,0.0027896139,4.314e-06,0.0025527694,0.797871,-0.178833,1.361356,0.102445,-0.800752,-0.090577,-0.583179
1403715349.6125,-0.725397,-2.259912,0.366579,-0.804787,-0.053143,-0.589677,0.042137,0.0003741778,-1.5718e-06,-0.0001179163,5.524e-07,5.484e-07,3.78931e-05,0.0046532573,-0.0006471415,-7.5037e-06,0.0027847651,4.9889e-06,0.0025499367,0.805202,-0.194941,1.348255,0.102113,-0.801482,-0.094388,-0.581628
1403715349.6625,-0.722062,-2.2773,0.352321,-0.805711,-0.05688,-0.587935,0.043894,0.0003733052,-1.1115e-06,-0.0001191793,5.443e-07,4.055e-07,3.8774e-05,0.0046725194,-0.0006461989,-7.156e-06,0.0027818604,5.1304e-06,0.0025495821,0.811545,-0.211123,1.335272,0.103737,-0.802114,-0.098321,-0.579815
1403715349.71249,-0.717198,-2.294402,0.33593,-0.80717,-0.060917,-0.585243,0.047495,0.0003719399,-1.6103e-06,-0.0001210704,5.361e-07,5.708e-07,4.01102e-05,0.0047011399,-0.0006495508,-5.6063e-06,0.0027802807,5.529e-06,0.0025481094,0.816901,-0.227115,1.322328,0.107164,-0.803098,-0.102808,-0.577046
1403715350.11248,-0.716253,-2.425238,0.250652,-0.808667,-0.118374,-0.569298,0.089133,0.0003653612,-3.1646e-06,-0.0001297753,5.625e-07,1.1797e-06,4.68037e-05,0.0049369457,-0.0006871665,-6.6753e-06,0.0027820095,5.9526e-06,0.0025489753,0.843606,-0.358994,1.242501,0.147981,-0.800017,-0.160508,-0.558851
1403715350.16249,-0.717603,-2.445315,0.241307,-0.810619,-0.123831,-0.564971,0.091485,0.0003626936,-2.8134e-06,-0.000132995,5.482e-07,1.0844e-06,4.94722e-05,0.0049820049,-0.0006901655,-6.4452e-06,0.0027796186,5.8823e-06,0.0025486057,0.845608,-0.377453,1.232706,0.150088,-0.801503,-0.166383,-0.554422
1403715350.46249,-0.717113,-2.551031,0.181136,-0.823255,-0.151066,-0.542092,0.074609,0.0003446658,1.57841e-05,-0.0001510023,1.2423e-06,-6.8786e-06,6.68914e-05,0.0051968161,-0.0007147528,-7.1744e-06,0.0027771054,6.1048e-06,0.0025490499,0.867112,-0.483408,1.174802,0.132029,-0.813136,-0.195117,-0.532267
1403715350.5625,-0.711852,-2.576642,0.164286,-0.824168,-0.154018,-0.540742,0.067993,0.0003426058,2.08137e-05,-0.0001522833,1.7772e-06,-9.2235e-06,6.84194e-05,0.0052462032,-0.000718338,-6.9528e-06,0.0027751993,6.1655e-06,0.0025488229,0.879183,-0.507334,1.156051,0.125292,-0.814191,-0.198336,-0.53109
1403715350.9125,-0.649703,-2.604122,0.111749,-0.820662,-0.14563,-0.54777,0.072477,0.0003486814,1.58146e-05,-0.0001473568,1.2203e-06,-6.6611e-06,6.29865e-05,0.0052969359,-0.0006565158,-7.454e-06,0.0027391886,6.3762e-06,0.00254943,0.946039,-0.521664,1.101132,0.129884,-0.811849,-0.1897,-0.536699
1403715351.0125,-0.626749,-2.598966,0.105094,-0.817934,-0.148356,-0.551456,0.069795,0.0003506536,1.91681e-05,-0.0001450064,1.5452e-06,-7.9116e-06,6.06648e-05,0.0052893753,-0.0006358047,-6.7706e-06,0.0027283806,6.5651e-06,0.0025489699,0.970828,-0.509935,1.090586,0.127324,-0.809191,-0.192361,-0.540366
1403715351.1625,-0.584853,-2.576028,0.095628,-0.817122,-0.149458,-0.552189,0.071139,0.0003513622,1.88985e-05,-0.0001443571,1.5131e-06,-7.7532e-06,6.00093e-05,0.0052431207,-0.0005907021,-6.6181e-06,0.0027089948,6.6424e-06,0.0025490528,1.008172,-0.477424,1.079391,0.128592,-0.808546,-0.193434,-0.540649
1403715351.2125,-0.570352,-2.565361,0.093023,-0.817495,-0.148922,-0.551514,0.073187,0.000351246,1.72932e-05,-0.0001446574,1.3454e-06,-7.112e-06,6.02755e-05,0.0052214579,-0.0005751851,-6.402e-06,0.0027025574,6.6808e-06,0.0025489441,1.020717,-0.462892,1.0765,0.130528,-0.809,-0.192967,-0.539671
1403715351.4625,-0.488197,-2.486346,0.089636,-0.809213,-0.146208,-0.563393,0.079911,0.0003602107,1.39666e-05,-0.0001355122,1.0395e-06,-5.2461e-06,5.16719e-05,0.0050637784,-0.0004774873,-6.3773e-06,0.0026672843,6.687e-06,0.0025493798,1.085311,-0.367351,1.071931,0.137734,-0.801302,-0.189423,-0.550512
1403715351.5125,-0.472318,-2.467141,0.090554,-0.80789,-0.145964,-0.5654,0.079566,0.0003614284,1.44045e-05,-0.0001340258,1.0699e-06,-5.3358e-06,5.03888e-05,0.0050266559,-0.0004577856,-6.199e-06,0.0026604677,6.6857e-06,0.0025492638,1.097539,-0.344778,1.07207,0.137497,-0.800096,-0.189148,-0.552417
1403715351.5625,-0.455932,-2.446622,0.091908,-0.804646,-0.145569,-0.570115,0.079524,0.0003643818,1.50485e-05,-0.0001304172,1.1163e-06,-5.3822e-06,4.73623e-05,0.0049869017,-0.0004389327,-6.1062e-06,0.0026544071,6.6707e-06,0.0025492455,1.10932,-0.321159,1.073321,0.13769,-0.79702,-0.188468,-0.557029
1403715351.6125,-0.440503,-2.424805,0.094918,-0.799913,-0.145238,-0.576865,0.079194,0.0003684492,1.62356e-05,-0.0001251192,1.208e-06,-5.5119e-06,4.3164e-05,0.0049451015,-0.0004199121,-5.9441e-06,0.0026484659,6.6478e-06,0.0025490959,1.120307,-0.296658,1.07553,0.137749,-0.792451,-0.187735,-0.563741
1403715351.66249,-0.425583,-2.401726,0.097524,-0.797548,-0.145864,-0.57996,0.079296,0.0003702208,1.70059e-05,-0.000122605,1.269e-06,-5.6316e-06,4.12667e-05,0.0049008725,-0.0004022043,-5.7562e-06,0.0026431684,6.6299e-06,0.0025487287,1.130047,-0.27115,1.077303,0.137991,-0.790115,-0.18811,-0.566826
1403715351.76248,-0.399245,-2.352397,0.101536,-0.797673,-0.150622,-0.578289,0.081319,0.0003693017,1.76846e-05,-0.0001237223,1.3376e-06,-5.9251e-06,4.21187e-05,0.0048067098,-0.0003689826,-5.7459e-06,0.0026341764,6.5774e-06,0.0025489626,1.145733,-0.216666,1.081089,0.139894,-0.789986,-0.192924,-0.564918
1403715352.21248,-0.312945,-2.089961,0.13989,-0.796714,-0.188119,-0.555542,0.14571,0.0003640642,-8.514e-06,-0.0001314687,7.128e-07,3.1014e-06,4.8176e-05,0.0043476796,-0.0002559884,-5.8979e-06,0.0026103237,6.194e-06,0.0025510416,1.176094,0.060435,1.117877,0.202873,-0.785372,-0.230126,-0.537658
1403715352.31248,-0.292642,-2.034771,0.150211,-0.797135,-0.194505,-0.55096,0.152271,0.0003622186,-1.06025e-05,-0.0001335395,8.271e-07,3.9383e-06,4.99381e-05,0.0042615342,-0.0002319663,-6.0395e-06,0.0026052759,6.0455e-06,0.002551295,1.181681,0.119393,1.128875,0.209213,-0.785229,-0.236562,-0.53262
1403715352.36248,-0.281458,-2.008092,0.154292,-0.797083,-0.196819,-0.549552,0.154639,0.0003616936,-1.12955e-05,-0.0001341043,8.699e-07,4.2176e-06,5.04284e-05,0.0042203732,-0.0002192069,-6.1202e-06,0.0026024323,5.9768e-06,0.0025513408,1.185265,0.148048,1.133775,0.211538,-0.784991,-0.238862,-0.531024
1403715352.81248,-0.164624,-1.812552,0.17633,-0.785558,-0.203387,-0.561058,0.163545,0.0003703692,-1.08679e-05,-0.0001235929,8.535e-07,3.6558e-06,4.19541e-05,0.003930919,-0.0001081712,-7.4742e-06,0.0025825698,5.1769e-06,0.0025536347,1.249238,0.363003,1.158726,0.220945,-0.77376,-0.244248,-0.541131
1403715352.86248,-0.150783,-1.796274,0.17667,-0.783523,-0.205381,-0.563802,0.161359,0.0003717629,-7.9512e-06,-0.0001219427,7.035e-07,2.6347e-06,4.07061e-05,0.0039094412,-0.00010022,-7.4429e-06,0.0025807644,5.2184e-06,0.0025533537,1.258278,0.381846,1.1602,0.218928,-0.771742,-0.246047,-0.54401
1403715353.01248,-0.115257,-1.751273,0.180239,-0.781546,-0.205567,-0.56625,0.162137,0.0003733243,-7.6843e-06,-0.0001198568,6.953e-07,2.4918e-06,3.91898e-05,0.0038461216,-7.13681e-05,-7.6569e-06,0.0025770219,5.0941e-06,0.0025537973,1.28178,0.433671,1.164572,0.219796,-0.769995,-0.246078,-0.546117
1403715353.06247,-0.109938,-1.740015,0.18452,-0.781494,-0.205497,-0.566222,0.162572,0.0003733194,-7.9718e-06,-0.0001198251,7.058e-07,2.5825e-06,3.91682e-05,0.0038277621,-6.5782e-05,-7.2866e-06,0.0025757899,5.2981e-06,0.0025534908,1.288472,0.449421,1.166535,0.220269,-0.770012,-0.246166,-0.545862
1403715353.11247,-0.099906,-1.727166,0.187095,-0.781834,-0.206797,-0.565457,0.161955,0.0003728686,-7.1929e-06,-0.0001204977,6.742e-07,2.347e-06,3.96489e-05,0.0038133382,-6.26585e-05,-7.2288e-06,0.0025753145,5.3152e-06,0.0025534743,1.294675,0.46437,1.169332,0.219615,-0.770323,-0.247504,-0.545081
1403715353.16247,-0.091012,-1.715361,0.191473,-0.782517,-0.208288,-0.564107,0.161452,0.0003720286,-6.5192e-06,-0.0001216873,6.499e-07,2.1539e-06,4.05131e-05,0.0037970707,-5.59911e-05,-7.2168e-06,0.0025745332,5.3194e-06,0.0025535028,1.300474,0.478369,1.173893,0.219027,-0.770968,-0.249049,-0.543701
1403715353.21247,-0.083032,-1.704298,0.198568,-0.782703,-0.209677,-0.563418,0.161158,0.0003715982,-5.8545e-06,-0.0001223024,6.28e-07,1.9475e-06,4.09635e-05,0.0037821331,-5.03914e-05,-7.1176e-06,0.0025737963,5.3865e-06,0.0025534371,1.305752,0.491482,1.18112,0.218651,-0.771129,-0.250462,-0.542974
1403715353.41247,-0.05799,-1.665573,0.247679,-0.783642,-0.21686,-0.559142,0.161982,0.0003693232,-3.9659e-06,-0.0001254701,5.848e-07,1.3658e-06,4.33484e-05,0.003730803,-3.16046e-05,-7.1872e-06,0.002572798,5.2157e-06,0.0025539969,1.322283,0.535764,1.231146,0.219175,-0.771778,-0.25771,-0.538429
1403715353.46247,-0.054366,-1.657707,0.257865,-0.783198,-0.219237,-0.558873,0.161856,0.000369147,-2.8749e-06,-0.0001257174,5.636e-07,9.961e-07,4.35366e-05,0.0037208798,-2.91516e-05,-6.9948e-06,0.0025723687,5.2685e-06,0.0025538487,1.325744,0.545927,1.241062,0.219028,-0.771228,-0.260122,-0.538118
1403715353.56246,-0.051425,-1.644138,0.268889,-0.783232,-0.223066,-0.557442,0.161392,0.0003681181,-1.112e-06,-0.0001269388,5.353e-07,3.946e-07,4.44908e-05,0.0036974364,-2.54609e-05,-5.9773e-06,0.002570811,5.786e-06,0.0025532325,1.331751,0.565291,1.249742,0.218505,-0.771097,-0.264223,-0.536518
1403715353.71246,-0.040168,-1.62073,0.257294,-0.781861,-0.228844,-0.557058,0.161279,0.0003679489,1.4333e-06,-0.0001271815,5.417e-07,-4.871e-07,4.46861e-05,0.0036731289,-2.29127e-05,-5.9618e-06,0.0025707793,5.7855e-06,0.002553501,1.337824,0.592075,1.238525,0.21839,-0.76954,-0.26983,-0.536009
1403715353.76246,-0.037015,-1.6129,0.250832,-0.781219,-0.230721,-0.557161,0.161361,0.0003679947,2.2975e-06,-0.0001270816,5.496e-07,-7.865e-07,4.4612e-05,0.0036627729,-2.07674e-05,-5.9489e-06,0.0025705897,5.8195e-06,0.0025534979,1.339033,0.600519,1.231844,0.218473,-0.768831,-0.271638,-0.536081
1403715354.31246,-0.02994,-1.527132,0.151865,-0.788277,-0.227137,-0.540957,0.185452,0.0003621842,-1.75701e-05,-0.0001331601,1.4059e-06,6.4746e-06,4.97217e-05,0.0035604162,-2.05465e-05,-6.4418e-06,0.0025709926,5.878e-06,0.0025546361,1.326108,0.69001,1.130341,0.241423,-0.775923,-0.268693,-0.517168
1403715354.36246,-0.027061,-1.521633,0.143092,-0.788798,-0.229688,-0.540199,0.182282,0.0003611431,-1.48006e-05,-0.0001346344,1.1567e-06,5.5286e-06,5.09574e-05,0.0035515772,-1.39754e-05,-6.4626e-06,0.0025704877,5.9198e-06,0.0025545395,1.326231,0.695179,1.121428,0.238307,-0.776306,-0.271449,-0.516599
1403715354.51246,-0.017013,-1.508338,0.118434,-0.788618,-0.238868,-0.540231,0.170803,0.0003593531,-3.9658e-06,-0.0001373696,5.95e-07,1.5163e-06,5.32875e-05,0.0035351786,-7.8327e-06,-6.5122e-06,0.0025701838,6.0026e-06,0.0025546953,1.331377,0.709307,1.096277,0.227028,-0.775835,-0.280904,-0.517331
1403715354.76246,0.0095,-1.485182,0.106386,-0.787711,-0.238386,-0.542008,0.170033,0.0003603128,-3.1927e-06,-0.0001363108,5.86e-07,1.2028e-06,5.23512e-05,0.0035036955,8.2536e-06,-6.5957e-06,0.0025701901,6.0122e-06,0.002555019,1.349405,0.73637,1.083058,0.226193,-0.775311,-0.280499,-0.5187
1403715355.06246,0.056588,-1.455918,0.177858,-0.786053,-0.233918,-0.542933,0.180629,0.000362703,-1.10563e-05,-0.0001331626,9.042e-07,4.0549e-06,4.9682e-05,0.0034667737,3.48166e-05,-6.4118e-06,0.0025718018,5.8927e-06,0.0025553215,1.386682,0.772943,1.154877,0.236367,-0.77405,-0.276232,-0.518337
1403715355.11246,0.065251,-1.453958,0.191316,-0.785713,-0.23616,-0.542658,0.180016,0.0003624505,-9.8353e-06,-0.0001334602,8.296e-07,3.6147e-06,4.99339e-05,0.0034691401,3.95934e-05,-6.279e-06,0.0025720387,5.9494e-06,0.0025550838,1.39434,0.778616,1.168793,0.235741,-0.773551,-0.278686,-0.518054
1403715355.31246,0.100648,-1.439186,0.239442,-0.780161,-0.259798,-0.536916,0.188613,0.000360948,-5.5756e-06,-0.0001355233,6.588e-07,2.0875e-06,5.16971e-05,0.0034552907,5.94817e-05,-6.069e-06,0.0025750371,5.8871e-06,0.0025555576,1.427138,0.802148,1.217691,0.24414,-0.766261,-0.302051,-0.511866
1403715355.41246,0.11997,-1.430893,0.25964,-0.774152,-0.277446,-0.533445,0.19786,0.0003608188,-3.5841e-06,-0.0001356123,6.03e-07,1.3451e-06,5.17825e-05,0.003447292,6.86199e-05,-5.9524e-06,0.0025762756,5.9315e-06,0.0025553016,1.444659,0.815162,1.239194,0.253373,-0.758779,-0.319491,-0.507921
1403715355.46245,0.129749,-1.427673,0.269987,-0.770551,-0.285994,-0.531359,0.205221,0.0003612015,-4.3697e-06,-0.0001350852,6.178e-07,1.6354e-06,5.13333e-05,0.0034422467,7.3837e-05,-5.8732e-06,0.0025772863,5.9472e-06,0.0025552359,1.4536,0.821939,1.249668,0.260699,-0.754384,-0.327845,-0.505432
1403715355.51245,0.139535,-1.42421,0.280492,-0.765973,-0.294727,-0.530219,0.212813,0.0003622806,-4.8343e-06,-0.0001337648,6.278e-07,1.7896e-06,5.02015e-05,0.0034387441,7.90718e-05,-5.8135e-06,0.0025783976,5.9546e-06,0.0025551979,1.462763,0.828777,1.260364,0.268307,-0.749038,-0.336251,-0.503876
1403715355.56245,0.148901,-1.420968,0.290487,-0.761599,-0.303988,-0.528384,0.219929,0.0003628901,-4.9602e-06,-0.0001330014,6.3e-07,1.8261e-06,4.95569e-05,0.0034353129,8.41402e-05,-5.7656e-06,0.0025795715,5.9637e-06,0.0025551848,1.471871,0.835314,1.270708,0.275405,-0.743872,-0.345158,-0.501673
1403715355.96243,0.225804,-1.402535,0.352707,-0.740843,-0.357254,-0.514247,0.243045,0.0003606474,2.9811e-06,-0.0001357353,5.953e-07,-1.0994e-06,5.19112e-05,0.0034218991,0.0001250449,-5.7779e-06,0.002592178,5.8054e-06,0.0025559636,1.54733,0.877264,1.335536,0.297983,-0.719189,-0.396848,-0.486298
1403715356.01243,0.236464,-1.398894,0.359608,-0.739865,-0.359884,-0.514486,0.241636,0.0003603231,5.2145e-06,-0.0001359801,6.417e-07,-1.9459e-06,5.21392e-05,0.0034133474,0.0001298622,-5.7323e-06,0.002593965,5.8727e-06,0.0025558119,1.556607,0.881988,1.342725,0.296707,-0.718063,-0.399504,-0.486567
1403715356.06243,0.246545,-1.395523,0.366126,-0.739224,-0.36276,-0.514913,0.238363,0.0003595006,8.4517e-06,-0.0001367005,7.626e-07,-3.1939e-06,5.28035e-05,0.0034086898,0.0001350809,-5.7041e-06,0.0025960071,5.9012e-06,0.0025557811,1.565643,0.886937,1.349856,0.293569,-0.717315,-0.40245,-0.487145
1403715356.16243,0.264589,-1.387788,0.378755,-0.738769,-0.366662,-0.517073,0.228945,0.0003576753,1.59751e-05,-0.0001380346,1.2754e-06,-6.1517e-06,5.40965e-05,0.0034005531,0.0001442168,-5.7054e-06,0.002599963,5.8906e-06,0.0025558868,1.581891,0.897883,1.363756,0.284362,-0.716925,-0.406554,-0.489767
1403715356.21243,0.27244,-1.382621,0.384609,-0.738696,-0.366399,-0.519091,0.224998,0.0003575746,1.8693e-05,-0.0001377654,1.5355e-06,-7.1909e-06,5.39006e-05,0.0033944661,0.0001477325,-5.6743e-06,0.002601612,5.9247e-06,0.0025558662,1.588633,0.904089,1.370593,0.280554,-0.717049,-0.406376,-0.491924
1403715356.26243,0.279689,-1.376288,0.39024,-0.739188,-0.365158,-0.520658,0.221757,0.000357473,2.03657e-05,-0.0001376044,1.7148e-06,-7.8305e-06,5.37886e-05,0.0033875871,0.0001508209,-5.6321e-06,0.002603193,5.9631e-06,0.0025558464,1.594559,0.911206,1.376811,0.277433,-0.717788,-0.405261,-0.493533
1403715356.56244,0.307933,-1.312981,0.407503,-0.756518,-0.343969,-0.510455,0.220911,0.0003519308,6.4827e-06,-0.0001447979,6.673e-07,-2.6548e-06,6.04091e-05,0.003326069,0.0001584527,-5.8363e-06,0.0026102915,5.8728e-06,0.0025565459,1.60851,0.97643,1.395404,0.275645,-0.736864,-0.385573,-0.482063
1403715356.61243,0.311605,-1.296901,0.408229,-0.75785,-0.341169,-0.508728,0.224642,0.0003519574,2.7682e-06,-0.0001448452,5.643e-07,-1.1236e-06,6.04378e-05,0.0033066197,0.0001576739,-5.7306e-06,0.0026108814,6.0165e-06,0.002556381,1.608787,0.991683,1.395998,0.27918,-0.738411,-0.382743,-0.479913
1403715356.86243,0.336986,-1.207704,0.409829,-0.750498,-0.353499,-0.500747,0.247072,0.0003535109,-6.0949e-06,-0.0001432523,6.619e-07,2.4979e-06,5.88902e-05,0.003221417,0.0001581756,-6.1077e-06,0.0026183914,5.925e-06,0.002557467,1.613666,1.084732,1.39543,0.300964,-0.729852,-0.394398,-0.470307
1403715357.01243,0.360036,-1.148555,0.415472,-0.737703,-0.375239,-0.492481,0.269172,0.0003552591,-1.01346e-05,-0.0001412532,8.526e-07,4.071e-06,5.70014e-05,0.0031675138,0.0001606945,-6.2921e-06,0.0026259606,5.8369e-06,0.0025582188,1.623822,1.14964,1.399813,0.322401,-0.715167,-0.415004,-0.460836
1403715357.16243,0.391594,-1.087694,0.434129,-0.719012,-0.403891,-0.48506,0.290878,0.000358303,-9.7939e-06,-0.0001380598,8.442e-07,3.8263e-06,5.40336e-05,0.003118487,0.0001645237,-6.6343e-06,0.0026365023,5.5761e-06,0.0025595159,1.640765,1.216436,1.416836,0.343654,-0.694096,-0.442037,-0.452481
1403715357.26243,0.416061,-1.047718,0.449126,-0.706635,-0.421836,-0.482589,0.299716,0.0003601399,-5.9685e-06,-0.0001362752,6.82e-07,2.3146e-06,5.24007e-05,0.0030871562,0.0001683231,-6.8095e-06,0.0026460039,5.3051e-06,0.002560453,1.655739,1.260655,1.431895,0.352339,-0.680393,-0.45901,-0.449705
1403715357.51243,0.487542,-0.949953,0.490509,-0.689937,-0.447449,-0.482571,0.301499,0.0003607698,6.4995e-06,-0.0001356489,7.092e-07,-2.3892e-06,5.18409e-05,0.0030151964,0.0001785901,-7.4968e-06,0.0026771791,4.2421e-06,0.0025634335,1.702601,1.370146,1.474662,0.35398,-0.662062,-0.483702,-0.449894
1403715357.61243,0.514765,-0.911913,0.501813,-0.688547,-0.453305,-0.480541,0.299161,0.0003587226,9.4943e-06,-0.0001378118,8.41e-07,-3.594e-06,5.37845e-05,0.0029887005,0.0001802698,-6.7254e-06,0.0026892676,4.1513e-06,0.0025636374,1.719447,1.413266,1.486884,0.351432,-0.660301,-0.489687,-0.448001
1403715357.71243,0.539565,-0.873399,0.513905,-0.68445,-0.456696,-0.483857,0.298057,0.0003599846,1.34585e-05,-0.0001361142,1.0922e-06,-5.0385e-06,5.23023e-05,0.0029632707,0.0001810603,-6.6505e-06,0.0027018334,3.9897e-06,0.0025640875,1.73456,1.457514,1.498189,0.350409,-0.656116,-0.492932,-0.45138
1403715357.76243,0.550281,-0.85465,0.519267,-0.682588,-0.458466,-0.485662,0.296674,0.0003603406,1.58997e-05,-0.0001354694,1.2888e-06,-5.9296e-06,5.17617e-05,0.0029516559,0.0001805891,-6.552e-06,0.0027067402,4.0234e-06,0.0025640134,1.741215,1.479767,1.503265,0.349068,-0.654233,-0.494663,-0.453255
1403715357.81243,0.560125,-0.835014,0.523978,-0.679985,-0.460878,-0.488504,0.294238,0.0003607533,1.9668e-05,-0.0001345241,1.658e-06,-7.2902e-06,5.09917e-05,0.0029398911,0.000179429,-6.4381e-06,0.0027112257,4.1922e-06,0.0025638737,1.746864,1.502152,1.507779,0.346779,-0.65159,-0.49699,-0.456263
1403715357.91243,0.577099,-0.792322,0.52954,-0.677005,-0.465582,-0.49179,0.288168,0.0003597282,2.63732e-05,-0.0001345943,2.5187e-06,-9.8305e-06,5.11868e-05,0.0029155861,0.0001755682,-6.5411e-06,0.0027204507,4.1991e-06,0.0025642734,1.754276,1.54775,1.512967,0.3409,-0.64853,-0.501678,-0.459907
1403715358.06244,0.592105,-0.721857,0.531664,-0.678764,-0.468925,-0.489317,0.282767,0.0003560755,2.89812e-05,-0.0001381864,2.9407e-06,-1.12162e-05,5.44615e-05,0.0028775066,0.0001639822,-6.6902e-06,0.0027298819,4.3629e-06,0.0025647554,1.754945,1.620261,1.51441,0.335234,-0.650244,-0.505477,-0.457486
1403715358.11244,0.591546,-0.699143,0.532653,-0.68026,-0.468012,-0.487546,0.283742,0.0003556699,2.72365e-05,-0.0001389949,2.6613e-06,-1.06152e-05,5.51493e-05,0.0028633932,0.0001564662,-6.3693e-06,0.0027276712,4.9728e-06,0.0025640251,1.752047,1.645724,1.513694,0.335942,-0.651841,-0.50481,-0.455427
1403715358.21244,0.59242,-0.644755,0.528701,-0.685305,-0.463103,-0.481834,0.289359,0.0003553889,1.93192e-05,-0.0001406495,1.6238e-06,-7.6135e-06,5.64973e-05,0.0028385162,0.0001435096,-6.5462e-06,0.0027271108,5.1011e-06,0.0025642121,1.742111,1.699624,1.510943,0.340942,-0.657141,-0.500331,-0.448992
1403715358.36245,0.589609,-0.555918,0.525934,-0.689407,-0.461211,-0.475672,0.292813,0.0003535844,1.37792e-05,-0.0001432363,1.1127e-06,-5.5493e-06,5.88709e-05,0.0028007203,0.0001210582,-6.4929e-06,0.0027274621,5.2692e-06,0.0025648036,1.720661,1.787956,1.505876,0.343743,-0.661237,-0.49898,-0.442296
1403715358.41244,0.586895,-0.524406,0.524702,-0.687151,-0.464668,-0.476402,0.291457,0.0003533052,1.64377e-05,-0.0001432606,1.3377e-06,-6.6355e-06,5.89347e-05,0.0027888793,0.000112863,-6.355e-06,0.0027260602,5.5097e-06,0.0025646036,1.712485,1.819643,1.504311,0.342404,-0.658823,-0.502352,-0.44312
1403715358.46244,0.584188,-0.49151,0.522136,-0.683629,-0.468475,-0.477373,0.292058,0.0003539099,1.86665e-05,-0.0001423825,1.5567e-06,-7.4821e-06,5.81236e-05,0.0027773428,0.0001040662,-6.4014e-06,0.0027239815,5.5315e-06,0.0025646638,1.703288,1.85217,1.502469,0.343036,-0.655085,-0.505916,-0.444117
1403715358.66244,0.568663,-0.345442,0.509344,-0.664594,-0.481109,-0.482356,0.306889,0.0003617404,2.21047e-05,-0.0001333616,1.9288e-06,-8.1208e-06,4.99897e-05,0.0027380875,6.66166e-05,-6.6579e-06,0.0027153248,5.7467e-06,0.0025655061,1.655663,1.991684,1.493141,0.358115,-0.635128,-0.516988,-0.448432
1403715358.71244,0.561717,-0.30843,0.506161,-0.661722,-0.480014,-0.48048,0.317567,0.0003650788,1.62474e-05,-0.0001302605,1.3007e-06,-5.7638e-06,4.7292e-05,0.0027307319,5.74545e-05,-6.7359e-06,0.002712789,5.9064e-06,0.0025655459,1.640709,2.027476,1.490573,0.368561,-0.632201,-0.515511,-0.445798
1403715358.96244,0.51945,-0.128892,0.487492,-0.649076,-0.481584,-0.472082,0.352017,0.0003738428,-4.752e-07,-0.0001200325,5.922e-07,2.02e-07,3.93467e-05,0.0027127497,1.50589e-05,-7.4847e-06,0.0026977519,5.4018e-06,0.0025674731,1.560685,2.199047,1.475069,0.402022,-0.61903,-0.515708,-0.435002
1403715359.01244,0.511137,-0.095748,0.48395,-0.648465,-0.483013,-0.469112,0.355143,0.0003735382,-2.5354e-06,-0.0001204571,6.108e-07,8.691e-07,3.96526e-05,0.0027123076,8.6675e-06,-7.5917e-06,0.0026949075,5.4089e-06,0.0025676229,1.544861,2.230636,1.470502,0.404937,-0.618207,-0.517093,-0.431811
1403715359.26244,0.471094,0.054804,0.45878,-0.642756,-0.488582,-0.467599,0.359866,0.0003746158,-1.8362e-06,-0.0001191033,6.132e-07,6.353e-07,3.86842e-05,0.0027222409,-2.00444e-05,-8.4222e-06,0.0026851956,4.5511e-06,0.0025695688,1.472283,2.371705,1.446364,0.409436,-0.61202,-0.522353,-0.430047
1403715359.31244,0.4633,0.081236,0.455419,-0.641743,-0.489648,-0.469075,0.3583,0.000374766,1.834e-07,-0.0001189329,6.035e-07,-8.9e-09,3.85605e-05,0.0027253626,-2.45713e-05,-8.4107e-06,0.0026824373,4.5553e-06,0.0025695512,1.459015,2.396009,1.441905,0.407959,-0.61095,-0.523412,-0.431682
1403715359.41244,0.446631,0.128683,0.447257,-0.640198,-0.492635,-0.47255,0.352355,0.0003742272,6.0571e-06,-0.0001195936,7.029e-07,-1.8925e-06,3.90394e-05,0.0027333214,-3.22415e-05,-8.622e-06,0.0026773309,4.2598e-06,0.002570082,1.432272,2.440208,1.433206,0.402271,-0.609257,-0.526455,-0.435695
1403715359.46244,0.437417,0.151505,0.444138,-0.63903,-0.494237,-0.475257,0.348572,0.000374039,9.909e-06,-0.0001196278,8.678e-07,-3.1298e-06,3.90809e-05,0.0027374014,-3.53151e-05,-8.6609e-06,0.0026740172,4.206e-06,0.0025702205,1.418524,2.460674,1.429549,0.398691,-0.608027,-0.528059,-0.438751
1403715359.56244,0.417618,0.191292,0.438544,-0.637378,-0.495178,-0.47985,0.343936,0.0003743717,1.48201e-05,-0.0001187048,1.1897e-06,-4.6678e-06,3.84591e-05,0.0027460531,-4.17178e-05,-8.2486e-06,0.0026642265,4.7117e-06,0.0025703178,1.388894,2.498451,1.425524,0.394349,-0.606371,-0.528965,-0.443846
1403715359.61244,0.404396,0.208737,0.439226,-0.637312,-0.494222,-0.480891,0.343978,0.0003748642,1.48262e-05,-0.0001180266,1.1872e-06,-4.6409e-06,3.79711e-05,0.0027497769,-4.33856e-05,-8.066e-06,0.0026561538,5.4307e-06,0.0025701137,1.37267,2.515741,1.424546,0.394481,-0.606329,-0.528048,-0.444877
1403715359.81243,0.344359,0.27855,0.439857,-0.643591,-0.488824,-0.475481,0.347505,0.0003740204,7.2983e-06,-0.0001200203,7.478e-07,-2.3168e-06,3.9332e-05,0.0027688304,-4.55694e-05,-8.1419e-06,0.0026373361,5.4547e-06,0.0025710295,1.299159,2.574032,1.424818,0.397351,-0.612646,-0.523242,-0.439313
1403715359.86243,0.327243,0.292679,0.441228,-0.645079,-0.488506,-0.473798,0.347493,0.0003732499,6.1139e-06,-0.0001211763,7.058e-07,-1.9612e-06,4.01596e-05,0.0027730523,-4.49366e-05,-8.1362e-06,0.0026322898,5.5486e-06,0.0025710987,1.279384,2.585886,1.426102,0.397158,-0.614061,-0.523081,-0.437699
1403715360.21242,0.205966,0.385147,0.454931,-0.653547,-0.490375,-0.461301,0.345846,0.0003667294,4.752e-07,-0.0001299758,6.206e-07,-1.491e-07,4.69161e-05,0.0028040025,-3.28445e-05,-8.1573e-06,0.0026057137,5.2062e-06,0.0025726957,1.139162,2.648897,1.438758,0.394526,-0.621577,-0.525949,-0.425875
1403715360.26242,0.188847,0.397619,0.45642,-0.654063,-0.490238,-0.461102,0.345332,0.0003663964,4.953e-07,-0.0001304061,6.214e-07,-1.595e-07,4.72644e-05,0.0028097141,-3.12011e-05,-8.1679e-06,0.0026026712,5.3508e-06,0.002572707,1.119803,2.656281,1.4409,0.393998,-0.622004,-0.525863,-0.425847
1403715360.31242,0.173847,0.409898,0.455508,-0.65571,-0.488281,-0.46088,0.345277,0.000366285,-8.277e-07,-0.0001305495,6.214e-07,3.085e-07,4.73711e-05,0.0028144157,-2.8606e-05,-8.1034e-06,0.002598012,5.7716e-06,0.0025724775,1.100767,2.663304,1.442884,0.394039,-0.623689,-0.524,-0.425641
1403715360.41242,0.141611,0.431396,0.459659,-0.664295,-0.476582,-0.457495,0.349687,0.000365949,-1.07432e-05,-0.0001305658,9.401e-07,3.8489e-06,4.74289e-05,0.0028236874,-2.3817e-05,-8.1065e-06,0.0025940702,5.8376e-06,0.002572786,1.064462,2.676286,1.446839,0.398001,-0.632799,-0.512958,-0.421943
1403715360.61241,0.091157,0.466611,0.468309,-0.687336,-0.44296,-0.458741,0.347724,0.0003641552,-2.74363e-05,-0.0001303932,2.705e-06,9.8402e-06,4.75443e-05,0.0028390095,-1.4248e-05,-8.1236e-06,0.0025891729,5.8684e-06,0.0025733488,1.006213,2.696514,1.45575,0.395714,-0.657816,-0.48123,-0.423213
1403715360.66241,0.082676,0.473263,0.471252,-0.691843,-0.435246,-0.46359,0.34205,0.0003645814,-2.66854e-05,-0.0001300533,2.5926e-06,9.5309e-06,4.72444e-05,0.0028425769,-1.23691e-05,-8.1439e-06,0.0025882193,5.8852e-06,0.0025733485,0.996175,2.700442,1.459118,0.390325,-0.662902,-0.473926,-0.42849
1403715360.76241,0.071388,0.48159,0.479108,-0.700577,-0.421349,-0.47537,0.325085,0.0003651873,-2.09746e-05,-0.000130399,1.846e-06,7.4913e-06,4.74129e-05,0.002846698,-1.00194e-05,-8.15e-06,0.0025872311,5.8918e-06,0.0025733605,0.981979,2.705205,1.467702,0.374137,-0.672757,-0.460958,-0.441523
1403715360.81241,0.068416,0.484752,0.483473,-0.705115,-0.414613,-0.481845,0.31422,0.0003652915,-1.65381e-05,-0.0001309277,1.3923e-06,5.9212e-06,4.77778e-05,0.0028475736,-9.1977e-06,-8.1171e-06,0.0025868002,5.9649e-06,0.0025733831,0.977304,2.706688,1.471996,0.363716,-0.677842,-0.454707,-0.448874
1403715361.0624,0.063339,0.493274,0.507332,-0.729311,-0.371812,-0.510694,0.262781,0.0003655585,-1.008e-06,-0.0001317536,6.603e-07,3.261e-07,4.83312e-05,0.0028513435,-7.6535e-06,-7.9656e-06,0.0025865826,6.3271e-06,0.0025733487,0.964233,2.71012,1.49643,0.314069,-0.705316,-0.414374,-0.481859
1403715361.1124,0.063308,0.494569,0.512221,-0.735116,-0.361253,-0.514312,0.254135,0.0003651585,-4.455e-07,-0.0001322511,6.569e-07,1.214e-07,4.8733e-05,0.0028513884,-7.8537e-06,-8.0186e-06,0.0025862638,6.3777e-06,0.0025730066,0.962084,2.710498,1.501242,0.305566,-0.711844,-0.404386,-0.486194
1403715361.2124,0.062379,0.496371,0.521766,-0.746226,-0.340317,-0.521055,0.23629,0.0003641764,1.1082e-06,-0.0001334488,6.619e-07,-4.528e-07,4.97247e-05,0.0028521655,-7.5812e-06,-7.9113e-06,0.0025860715,6.5877e-06,0.0025726941,0.957599,2.711549,1.510877,0.288041,-0.724398,-0.384541,-0.494382
1403715361.6624,0.049123,0.524783,0.547276,-0.778592,-0.261703,-0.545395,0.166882,0.000363097,1.01176e-05,-0.0001345316,9.339e-07,-3.8441e-06,5.06637e-05,0.0028638447,-2.5153e-06,-5.5875e-06,0.0025875026,8.7258e-06,0.002572965,0.926789,2.736551,1.536145,0.21992,-0.761949,-0.308903,-0.525024
1403715361.7124,0.046478,0.533261,0.545724,-0.781531,-0.255915,-0.545146,0.162886,0.0003620995,9.5428e-06,-0.0001357257,8.768e-07,-3.6789e-06,5.16632e-05,0.0028698453,-2.7045e-06,-5.6392e-06,0.0025871865,8.7567e-06,0.0025718492,0.921307,2.743197,1.53561,0.215953,-0.76509,-0.303344,-0.525343
1403715361.76241,0.043946,0.542052,0.544327,-0.785288,-0.24944,-0.543882,0.159046,0.00036059,8.4433e-06,-0.0001375152,8.099e-07,-3.3233e-06,5.3216e-05,0.0028748699,-1.9807e-06,-5.5709e-06,0.0025870631,8.8311e-06,0.0025712244,0.915664,2.750629,1.534193,0.211997,-0.769116,-0.297175,-0.524601
1403715361.81241,0.040629,0.550478,0.542642,-0.789277,-0.242519,-0.542341,0.155218,0.0003589271,7.031e-06,-0.0001394398,7.343e-07,-2.8308e-06,5.49247e-05,0.0028800282,-1.4709e-06,-5.583e-06,0.0025868741,8.7999e-06,0.0025706256,0.910039,2.75892,1.532086,0.208128,-0.773395,-0.290617,-0.523533
1403715362.0124,0.035212,0.592852,0.531969,-0.801281,-0.20849,-0.544458,0.134333,0.00035685,4.5463e-06,-0.0001418441,6.419e-07,-1.9132e-06,5.70926e-05,0.0029036752,1.2944e-06,-4.8809e-06,0.0025882939,9.5212e-06,0.0025697227,0.890208,2.799632,1.520685,0.187394,-0.78737,-0.257635,-0.527786
1403715362.0624,0.035461,0.605394,0.528241,-0.80343,-0.199036,-0.546541,0.127195,0.000357043,5.1068e-06,-0.0001416218,6.144e-07,-2.1223e-06,5.68343e-05,0.0029107526,2.89e-07,-5.6171e-06,0.0025870562,8.8115e-06,0.002568547,0.886045,2.811624,1.517219,0.180463,-0.790026,-0.248399,-0.530654
1403715362.11239,0.036057,0.618749,0.523808,-0.805473,-0.188632,-0.54888,0.119842,0.0003574066,5.3933e-06,-0.0001412383,6.079e-07,-2.2214e-06,5.644e-05,0.0029182131,-2.278e-07,-6.0173e-06,0.0025870091,8.5761e-06,0.0025678267,0.882276,2.824269,1.513301,0.173326,-0.792735,-0.238162,-0.533678
1403715362.16239,0.037999,0.63463,0.519409,-0.807883,-0.178411,-0.550581,0.111155,0.0003573068,6.5823e-06,-0.0001413064,6.277e-07,-2.6871e-06,5.64853e-05,0.0029262206,-9.795e-07,-6.3568e-06,0.0025866473,8.2672e-06,0.0025672382,0.878817,2.837592,1.508591,0.164674,-0.795785,-0.228182,-0.536233
1403715362.31239,0.046078,0.679307,0.503602,-0.813473,-0.144218,-0.557329,0.082751,0.0003583382,1.00824e-05,-0.0001400507,7.762e-07,-4.0221e-06,5.52982e-05,0.0029554167,-3.7121e-06,-6.4926e-06,0.0025876297,8.3231e-06,0.0025665282,0.871011,2.881777,1.492977,0.136652,-0.803761,-0.194578,-0.54538
1403715362.36239,0.050185,0.69742,0.496485,-0.815419,-0.131866,-0.558898,0.073051,0.0003584102,1.09298e-05,-0.0001399154,7.829e-07,-4.3321e-06,5.51428e-05,0.00296528,-6.5036e-06,-7.4478e-06,0.0025866196,7.548e-06,0.0025653863,0.869022,2.898393,1.487274,0.127037,-0.806522,-0.182512,-0.547795
1403715362.41239,0.054277,0.714789,0.49062,-0.817088,-0.119168,-0.560462,0.063634,0.0003586221,1.14341e-05,-0.0001396636,8.051e-07,-4.5156e-06,5.48942e-05,0.0029777131,-8.2466e-06,-7.6657e-06,0.0025868528,7.5037e-06,0.0025650276,0.866859,2.915978,1.481535,0.117664,-0.809073,-0.170024,-0.550139
1403715362.46239,0.057049,0.732534,0.482815,-0.818403,-0.105699,-0.562199,0.054562,0.0003590993,1.12781e-05,-0.00013917,7.833e-07,-4.428e-06,5.44189e-05,0.0029899349,-1.01619e-05,-7.8989e-06,0.002586982,7.3726e-06,0.0025646227,0.864503,2.934716,1.475682,0.108867,-0.811384,-0.156783,-0.552475
1403715362.81239,0.091354,0.885867,0.44677,-0.823553,-0.008167,-0.567164,0.004352,0.0003611101,8.89e-07,-0.0001375581,3.937e-07,-3.807e-07,5.28278e-05,0.0031065805,-2.60398e-05,-8.3641e-06,0.0025904412,7.2692e-06,0.0025634597,0.853062,3.096353,1.439579,0.058706,-0.82333,-0.059953,-0.561332
1403715363.06239,0.125454,1.002929,0.441479,-0.809916,0.076496,-0.58146,0.009444,0.0003659801,-4.07191e-05,-0.0001255804,4.9001e-06,1.39513e-05,4.34688e-05,0.0032045896,-4.55332e-05,-8.803e-06,0.0025951252,7.2559e-06,0.0025627881,0.856452,3.221196,1.430705,0.064731,-0.815017,0.025839,-0.575234
1403715363.16238,0.137406,1.037516,0.44432,-0.808258,0.098382,-0.580548,0.00217,0.0003641362,-4.58149e-05,-0.0001261854,6.1177e-06,1.58624e-05,4.4084e-05,0.0032370968,-5.25907e-05,-9.0757e-06,0.0025965845,7.2477e-06,0.0025624225,0.859215,3.258082,1.431601,0.05762,-0.814702,0.047781,-0.57503
1403715363.21238,0.141652,1.050961,0.446272,0.808086,-0.107651,0.579135,0.003288,0.0003630728,-4.63434e-05,-0.0001273256,6.2561e-06,1.62427e-05,4.49968e-05,0.0032498327,-5.57482e-05,-9.1915e-06,0.002597022,7.2377e-06,0.0025622073,0.860328,3.272357,1.432967,0.052231,-0.815126,0.057006,-0.574103
1403715363.46238,0.155889,1.077299,0.46566,0.803491,-0.148055,0.575495,0.035897,0.0003621928,-4.3648e-05,-0.0001294649,5.5793e-06,1.5592e-05,4.66127e-05,0.0032783121,-6.25543e-05,-9.4149e-06,0.0025994399,7.0614e-06,0.002562296,0.865512,3.304451,1.450426,0.019679,-0.813159,0.097564,-0.57347
1403715363.51238,0.155844,1.075465,0.469843,0.801957,-0.15549,0.575122,0.043842,0.0003626549,-4.20976e-05,-0.0001294438,5.1919e-06,1.50161e-05,4.65287e-05,0.0032758511,-6.37268e-05,-9.6185e-06,0.0025991657,6.9417e-06,0.0025620103,0.866078,3.303281,1.455519,0.011826,-0.81215,0.10511,-0.573783
1403715363.76238,0.151536,1.040995,0.499598,0.794934,-0.184181,0.569243,0.100598,0.0003674249,-1.94591e-05,-0.0001291424,1.3258e-06,6.8236e-06,4.57004e-05,0.0032452988,-5.76059e-05,-9.5538e-06,0.0025980514,6.9548e-06,0.0025622087,0.866695,3.269039,1.484769,0.04499,0.807259,-0.134446,0.572919
1403715363.81238,0.148396,1.032114,0.504182,0.792213,-0.192983,0.568305,0.110389,0.0003681774,-1.74635e-05,-0.0001285164,1.1142e-06,6.0818e-06,4.51582e-05,0.0032353237,-5.7419e-05,-9.5627e-06,0.0025973039,6.8828e-06,0.0025617975,0.866164,3.258913,1.490492,0.054676,0.805183,-0.143453,0.572815
1403715363.86238,0.146079,1.020402,0.510626,0.789378,-0.203258,0.566957,0.11886,0.0003684507,-1.67992e-05,-0.0001282623,1.0349e-06,5.8407e-06,4.49383e-05,0.003224695,-5.58023e-05,-9.6772e-06,0.0025960831,6.9183e-06,0.0025614039,0.865369,3.248262,1.495741,0.063334,0.803047,-0.154204,0.572128
1403715363.96238,0.137437,0.997229,0.521214,0.781408,-0.224347,0.56531,0.139625,0.0003706057,-1.39135e-05,-0.0001259122,7.907e-07,4.7208e-06,4.30622e-05,0.003203966,-5.10974e-05,-9.6552e-06,0.0025951873,7.0051e-06,0.0025614683,0.862572,3.225397,1.50658,0.084212,0.796656,-0.175915,0.572108
1403715364.01238,0.131723,0.98546,0.525859,0.777152,-0.236673,0.563749,0.149022,0.0003711388,-1.38755e-05,-0.0001252479,7.848e-07,4.6776e-06,4.25472e-05,0.0031924366,-4.79263e-05,-9.6594e-06,0.0025944072,7.0224e-06,0.0025614066,0.860431,3.213371,1.511563,0.093698,0.793303,-0.188604,0.571248
1403715364.16238,0.112266,0.951086,0.541395,0.763858,-0.269205,0.559784,0.175193,0.0003733597,-1.32678e-05,-0.0001224427,7.375e-07,4.3479e-06,4.04325e-05,0.0031644077,-3.72139e-05,-9.7073e-06,0.0025925832,7.221e-06,0.0025617349,0.850764,3.177441,1.527158,0.120242,0.782344,-0.22213,0.569333
1403715364.21238,0.112239,0.937522,0.543599,0.761422,-0.277519,0.557243,0.180832,0.0003730593,-1.31718e-05,-0.0001228418,7.126e-07,4.3386e-06,4.07182e-05,0.0031513675,-3.36053e-05,-9.5585e-06,0.0025916844,7.1745e-06,0.0025613268,0.846647,3.166205,1.532116,0.12647,0.780295,-0.230611,0.567421
1403715364.51237,0.063803,0.879048,0.578996,0.755499,-0.309835,0.547381,0.183298,0.000366661,-2.41378e-05,-0.0001296403,1.8356e-06,8.537e-06,4.61061e-05,0.0031040324,-1.29185e-05,-9.5994e-06,0.0025895281,7.4776e-06,0.0025619097,0.816353,3.099896,1.56896,0.129823,0.775693,-0.263256,0.558698
1403715364.56237,0.05689,0.86713,0.587618,0.755072,-0.31116,0.547584,0.182201,0.0003663721,-2.55296e-05,-0.0001297438,2.0197e-06,9.0437e-06,4.62093e-05,0.0030925035,-1.01953e-05,-9.7107e-06,0.0025887874,7.4218e-06,0.0025616466,0.809882,3.087302,1.576536,0.128871,0.775076,-0.264568,0.559154
1403715364.61237,0.048357,0.854913,0.595707,0.755018,-0.311599,0.547477,0.181994,0.0003661999,-2.58459e-05,-0.0001299083,2.0619e-06,9.1723e-06,4.63448e-05,0.0030819812,-6.9531e-06,-9.7092e-06,0.0025882428,7.3936e-06,0.0025615474,0.802904,3.073722,1.584591,0.128781,0.774807,-0.264997,0.559344
1403715364.66237,0.040089,0.840844,0.605216,0.754218,-0.312158,0.548073,0.182563,0.0003667344,-2.59676e-05,-0.0001292248,2.0671e-06,9.1563e-06,4.57896e-05,0.0030707584,-2.8493e-06,-9.5687e-06,0.0025876327,7.303e-06,0.0025613495,0.795332,3.059047,1.592944,0.129652,0.773678,-0.265736,0.560354
1403715364.76237,0.015956,0.813511,0.622968,0.753083,-0.31055,0.546664,0.193865,0.0003690479,-1.86e-05,-0.000127654,1.1649e-06,6.4388e-06,4.44097e-05,0.0030489554,5.8984e-06,-9.5238e-06,0.0025872571,7.3347e-06,0.0025614971,0.777245,3.027065,1.611719,0.141142,0.772194,-0.26433,0.560292
1403715365.11238,-0.076981,0.714669,0.677462,0.750887,-0.330307,0.521795,0.234084,0.0003648874,2.7265e-06,-0.0001342195,2.543e-07,-1.0035e-06,4.96366e-05,0.0029835407,3.81484e-05,-9.9013e-06,0.0025916556,7.63e-06,0.0025628643,0.704313,2.915679,1.672306,0.18314,0.770985,-0.284368,0.539609
1403715365.16239,-0.086714,0.698989,0.687228,0.746768,-0.335437,0.522154,0.239112,0.0003664457,2.6434e-06,-0.0001323788,2.471e-07,-9.542e-07,4.80825e-05,0.002971358,4.09032e-05,-9.8356e-06,0.0025920282,7.5132e-06,0.0025624786,0.694756,2.901344,1.681297,0.188334,0.767061,-0.289967,0.540433
1403715365.36239,-0.12734,0.651503,0.717884,0.734269,-0.352917,0.520008,0.25669,0.0003700799,3.7647e-06,-0.0001279732,2.707e-07,-1.3011e-06,4.45156e-05,0.0029405911,5.12676e-05,-1.02103e-05,0.0025967543,7.6649e-06,0.0025632563,0.66099,2.851987,1.713881,0.205979,0.755455,-0.308572,0.540042
1403715365.41239,-0.135368,0.641968,0.725003,0.730692,-0.358633,0.519919,0.259144,0.0003707357,2.1459e-06,-0.0001271862,2.426e-07,-7.34e-07,4.38934e-05,0.0029342763,5.30225e-05,-1.01728e-05,0.0025973552,7.59e-06,0.0025630771,0.653297,2.841939,1.720869,0.208349,0.752165,-0.314534,0.540285
1403715365.46239,-0.143902,0.63242,0.73106,0.727647,-0.36443,0.518362,0.262718,0.0003708725,1.666e-06,-0.000127042,2.376e-07,-5.679e-07,4.37788e-05,0.0029289923,5.50001e-05,-1.01733e-05,0.0025983147,7.5554e-06,0.0025631286,0.645356,2.832697,1.727308,0.211995,0.74945,-0.320585,0.539082
1403715365.66239,-0.179971,0.603952,0.752523,0.707931,-0.398464,0.513233,0.27686,0.0003720726,-6.9078e-06,-0.0001254157,3.611e-07,2.3338e-06,4.25388e-05,0.0029109912,6.36228e-05,-1.02653e-05,0.0026040753,7.6222e-06,0.0025638219,0.612446,2.803789,1.749645,0.226098,0.731938,-0.356162,0.535068
1403715365.71239,-0.188437,0.598524,0.757649,0.701283,-0.409699,0.511924,0.27979,0.0003720452,-1.07834e-05,-0.0001252043,5.449e-07,3.6354e-06,4.23994e-05,0.0029091444,6.59638e-05,-1.01756e-05,0.0026052999,7.5597e-06,0.002563778,0.603551,2.797853,1.75449,0.228988,0.726014,-0.367916,0.533956
1403715365.76239,-0.197734,0.592977,0.761969,0.6946,-0.42108,0.509935,0.283177,0.0003717466,-1.4306e-05,-0.0001252699,7.827e-07,4.8282e-06,4.24781e-05,0.002906118,6.82136e-05,-1.01168e-05,0.0026067537,7.5323e-06,0.0025638095,0.594011,2.791923,1.758919,0.23238,0.720099,-0.379822,0.532161
1403715366.1624,-0.296927,0.558364,0.785034,0.656365,-0.480862,0.497409,0.300902,0.0003682925,-3.29733e-05,-0.0001264804,3.1952e-06,1.13345e-05,4.37136e-05,0.0028853388,9.12754e-05,-1.07789e-05,0.0026314797,8.1984e-06,0.0025657505,0.493052,2.748582,1.78451,0.250117,0.685769,-0.44272,0.520732
1403715366.21241,-0.313859,0.561035,0.787973,0.654132,-0.483431,0.497132,0.302101,0.0003683944,-3.36437e-05,-0.0001262006,3.3128e-06,1.15362e-05,4.35075e-05,0.0028880888,9.61636e-05,-1.06345e-05,0.0026341613,8.0465e-06,0.0025652907,0.475639,2.742403,1.786211,0.251134,0.683628,-0.44561,0.520592
1403715366.36241,-0.373427,0.553499,0.792828,0.652264,-0.485076,0.49434,0.308026,0.0003694504,-3.06332e-05,-0.0001257054,2.7812e-06,1.04338e-05,4.30487e-05,0.002886531,0.0001116239,-1.07244e-05,0.0026519052,8.103e-06,0.0025655819,0.415324,2.721055,1.79177,0.25707,0.681724,-0.447665,0.518424
1403715366.41241,-0.396173,0.552554,0.794643,0.654398,-0.48432,0.491086,0.30989,0.0003688317,-2.75647e-05,-0.0001272136,2.2991e-06,9.518e-06,4.41551e-05,0.0028866088,0.0001180226,-1.06202e-05,0.0026586528,7.9183e-06,0.0025653812,0.392649,2.713299,1.793539,0.259016,0.683845,-0.446772,0.515425
1403715366.46241,-0.426441,0.55829,0.799741,0.657089,-0.482073,0.487127,0.313922,0.0003687004,-2.25046e-05,-0.0001283666,1.6077e-06,7.8462e-06,4.49678e-05,0.0028853249,0.000125138,-1.02308e-05,0.0026659341,7.6538e-06,0.0025649748,0.368529,2.705475,1.795438,0.263092,0.686549,-0.444383,0.511817
1403715366.51241,-0.451242,0.556141,0.801015,0.660144,-0.4796,0.483265,0.317252,0.0003684419,-1.75796e-05,-0.000129482,1.0729e-06,6.1881e-06,4.57812e-05,0.0028889522,0.0001348395,-1.02476e-05,0.0026774727,7.6508e-06,0.0025650568,0.343914,2.69745,1.797472,0.266673,0.689473,-0.441747,0.508304
1403715366.66241,-0.527569,0.549883,0.802239,0.668301,-0.475146,0.474967,0.3194,0.0003653924,-9.5964e-06,-0.0001340822,4.899e-07,3.5301e-06,4.94862e-05,0.0028869998,0.0001540029,-1.04079e-05,0.0027092125,7.803e-06,0.0025655251,0.268742,2.67313,1.801136,0.269334,0.697376,-0.43675,0.500375
1403715366.71242,-0.554212,0.546288,0.803493,0.671097,-0.473954,0.472779,0.318553,0.0003639838,-8.1179e-06,-0.0001358299,4.159e-07,3.0371e-06,5.09722e-05,0.0028854803,0.0001604836,-1.0389e-05,0.0027206497,7.9147e-06,0.0025653126,0.244196,2.664634,1.801914,0.268638,0.700045,-0.435407,0.498188
1403715367.36243,-0.850334,0.452586,0.828133,0.6868,-0.470711,0.469674,0.293502,0.0003526289,-1.48236e-05,-0.0001477127,8.821e-07,6.2237e-06,6.21932e-05,0.0028496385,0.0002063421,-1.22204e-05,0.002894659,9.0433e-06,0.0025679864,-0.031849,2.504588,1.829313,0.243592,0.714921,-0.430964,0.493782
1403715367.41243,-0.873357,0.438792,0.832398,0.687511,-0.470584,0.469791,0.291847,0.000352025,-1.5713e-05,-0.0001482271,9.576e-07,6.6321e-06,6.27329e-05,0.0028387005,0.000206188,-1.20178e-05,0.0029143567,8.6799e-06,0.0025676305,-0.049607,2.485803,1.83195,0.241926,0.7156,-0.430788,0.493772
1403715367.76243,-1.021139,0.302835,0.859154,0.691028,-0.46494,0.472602,0.288025,0.0003524073,-1.59448e-05,-0.0001479891,9.896e-07,6.7146e-06,6.24822e-05,0.0027885805,0.0001811128,-1.2636e-05,0.003030916,8.8777e-06,0.0025691188,-0.163727,2.319203,1.855949,0.238034,0.718457,-0.424997,0.496525
1403715367.81243,-1.042835,0.279095,0.863157,0.691386,-0.463352,0.472968,0.289121,0.0003531348,-1.48644e-05,-0.000147381,8.913e-07,6.2251e-06,6.18434e-05,0.0027802233,0.0001760566,-1.24312e-05,0.003051324,8.5044e-06,0.0025689238,-0.17822,2.290447,1.860201,0.239108,0.718719,-0.423397,0.496997
1403715368.01242,-1.123482,0.172384,0.879487,0.686914,-0.455143,0.480791,0.299724,0.0003619749,-1.016e-05,-0.0001386238,5.573e-07,3.9128e-06,5.34241e-05,0.0027534593,0.0001388209,-1.29503e-05,0.0031253869,8.3527e-06,0.0025698822,-0.232982,2.166706,1.87763,0.249325,0.71367,-0.415791,0.505599
1403715368.06243,-1.143027,0.14465,0.882392,0.684425,-0.454687,0.484049,0.300863,0.000364211,-1.11713e-05,-0.0001360225,6.137e-07,4.1952e-06,5.11349e-05,0.0027474352,0.0001293672,-1.29076e-05,0.0031451997,8.1248e-06,0.0025697965,-0.245862,2.134282,1.881133,0.250242,0.711115,-0.41555,0.508933
1403715368.16243,-1.18309,0.089157,0.886327,0.680841,-0.454704,0.488129,0.302374,0.0003669137,-1.26928e-05,-0.0001327483,7.122e-07,4.6168e-06,4.83635e-05,0.00273763,0.0001059899,-1.29546e-05,0.0031840649,7.9457e-06,0.0025700744,-0.272023,2.069252,1.885891,0.251464,0.707522,-0.415865,0.513064
1403715368.21243,-1.203375,0.061937,0.88691,0.679425,-0.455582,0.489505,0.302011,0.000367457,-1.40397e-05,-0.0001319639,8.095e-07,5.0679e-06,4.77278e-05,0.0027334999,9.49028e-05,-1.28259e-05,0.0032046873,7.7947e-06,0.0025700594,-0.285454,2.036954,1.887107,0.25097,0.706198,-0.416797,0.514372
1403715368.61243,-1.389699,-0.15985,0.885852,0.668433,-0.462737,0.499263,0.299678,0.0003710596,-2.43132e-05,-0.0001261051,1.8833e-06,8.2959e-06,4.32061e-05,0.0027292266,-2.04607e-05,-1.32475e-05,0.0034153949,7.2097e-06,0.0025715599,-0.421042,1.774363,1.885715,0.247776,0.695567,-0.424687,0.523866
1403715368.71243,-1.446183,-0.214178,0.883798,0.671485,-0.459443,0.493632,0.30716,0.0003713887,-1.62878e-05,-0.0001269831,1.0046e-06,5.6012e-06,4.37688e-05,0.0027332222,-5.20828e-05,-1.32187e-05,0.0034784231,7.0799e-06,0.002571491,-0.466092,1.707805,1.88339,0.255588,0.69855,-0.421239,0.518903
1403715368.76243,-1.475784,-0.239134,0.883092,0.672556,-0.458479,0.491017,0.310432,0.0003712409,-1.29533e-05,-0.0001273643,7.405e-07,4.4753e-06,4.40345e-05,0.0027347558,-6.86822e-05,-1.28567e-05,0.0035112881,6.5845e-06,0.0025709272,-0.489778,1.674755,1.882049,0.25893,0.699716,-0.420057,0.516629
1403715369.11243,-1.681211,-0.408756,0.872573,0.689014,-0.448794,0.483311,0.300423,0.0003640112,-7.8654e-06,-0.0001367008,4.802e-07,2.9875e-06,5.17025e-05,0.0027724552,-0.0001953987,-1.32491e-05,0.0037883522,6.1556e-06,0.0025733873,-0.656726,1.456997,1.870358,0.249246,0.715508,-0.40919,0.508419
1403715369.21243,-1.737256,-0.456668,0.869057,0.69954,-0.436827,0.485261,0.290426,0.0003616506,-6.9285e-06,-0.0001393934,4.455e-07,2.7058e-06,5.40936e-05,0.0027852994,-0.00023614,-1.31829e-05,0.0038648232,6.2114e-06,0.0025726723,-0.700841,1.39645,1.867718,0.239163,0.725005,-0.396517,0.509848
1403715369.46243,-1.86584,-0.576153,0.871837,0.729044,-0.391446,0.497245,0.260792,0.0003590802,-3.5633e-06,-0.0001424338,3.718e-07,1.4496e-06,5.68769e-05,0.0028332476,-0.0003470558,-1.37323e-05,0.0040612963,6.0843e-06,0.0025748814,-0.798918,1.243531,1.865209,0.208871,0.750686,-0.349192,0.520492
1403715369.56242,-1.919897,-0.622025,0.871723,0.740177,-0.371008,0.503904,0.246113,0.0003585874,-3.7062e-06,-0.0001429822,3.807e-07,1.512e-06,5.73903e-05,0.0028526883,-0.0003949074,-1.4611e-05,0.0041367941,7.4061e-06,0.0025746141,-0.832607,1.182061,1.865174,0.193863,0.760116,-0.327994,0.526369
1403715369.61242,-1.9458,-0.646092,0.871419,0.745551,-0.36026,0.507292,0.238792,0.0003585568,-3.6748e-06,-0.0001430273,3.832e-07,1.4999e-06,5.74313e-05,0.0028623881,-0.0004184889,-1.49607e-05,0.0041865231,7.6829e-06,0.0025747059,-0.848449,1.151544,1.865089,0.186421,0.764588,-0.316906,0.529365
1403715369.71242,-1.993196,-0.695659,0.872869,0.75474,-0.340857,0.512674,0.226605,0.0003584915,-2.8811e-06,-0.0001431541,3.763e-07,1.1839e-06,5.75453e-05,0.0028873845,-0.0004698342,-1.54899e-05,0.0042653653,7.9973e-06,0.0025752365,-0.878333,1.089835,1.865263,0.174,0.77216,-0.296948,0.534151
1403715369.86243,-2.058717,-0.773787,0.87403,0.765074,-0.318685,0.515833,0.216835,0.0003578953,1.1589e-06,-0.0001438735,3.673e-07,-4.339e-07,5.82239e-05,0.0029311834,-0.0005517802,-1.64112e-05,0.0043799342,8.4989e-06,0.0025764508,-0.918833,0.995899,1.864396,0.164159,0.780745,-0.274267,0.536906
1403715369.91243,-2.079875,-0.800706,0.87165,0.76833,-0.313614,0.514726,0.215344,0.0003567795,3.083e-06,-0.0001450137,3.91e-07,-1.2214e-06,5.933e-05,0.0029468563,-0.0005811715,-1.66873e-05,0.004418617,8.6326e-06,0.0025764635,-0.930694,0.964638,1.863141,0.16277,0.783653,-0.269057,0.535726
1403715369.96243,-2.099366,-0.827596,0.869262,0.771633,-0.309726,0.512693,0.214007,0.0003550755,4.8361e-06,-0.0001467091,4.312e-07,-1.9667e-06,6.10088e-05,0.002963337,-0.0006105498,-1.69257e-05,0.0044543616,8.7215e-06,0.0025765356,-0.941622,0.933504,1.861415,0.161547,0.786704,-0.264998,0.533644
1403715370.01244,-2.121964,-0.857671,0.866381,0.774475,-0.30588,0.510517,0.214472,0.0003536951,7.6353e-06,-0.0001479685,5.257e-07,-3.1637e-06,6.22944e-05,0.0029777252,-0.0006403965,-1.67043e-05,0.004485326,9.126e-06,0.0025760202,-0.951393,0.902571,1.859507,0.162205,0.789325,-0.261055,0.531513
1403715370.06244,-2.137782,-0.884594,0.863792,0.776792,-0.302062,0.508458,0.216388,0.0003527024,1.10487e-05,-0.0001487393,7.073e-07,-4.6299e-06,6.3119e-05,0.0029972896,-0.0006736954,-1.68222e-05,0.0045235576,9.1456e-06,0.0025761163,-0.959731,0.872024,1.85723,0.164213,0.79145,-0.257159,0.529632
1403715370.11243,-2.152495,-0.911887,0.861579,0.777679,-0.299155,0.50796,0.218401,0.0003527707,1.36244e-05,-0.0001484714,8.869e-07,-5.7055e-06,6.28803e-05,0.0030146849,-0.0007019678,-1.64489e-05,0.0045487743,8.8355e-06,0.0025757531,-0.966455,0.841783,1.855019,0.166169,0.792198,-0.254322,0.529273
1403715370.36244,-2.195958,-1.041036,0.854893,0.763795,-0.30461,0.527906,0.212475,0.0003645327,9.684e-07,-0.000136822,3.67e-07,-3.29e-07,5.17431e-05,0.0031113621,-0.0008365232,-1.76293e-05,0.00464542,9.4127e-06,0.0025771748,-0.977719,0.701212,1.846218,0.15858,0.778371,-0.261336,0.548357
1403715370.41243,-2.198504,-1.066574,0.851857,0.760846,-0.308465,0.531317,0.208959,0.0003657427,-3.9458e-06,-0.0001353808,4.034e-07,1.4964e-06,5.04965e-05,0.0031302577,-0.0008594818,-1.73448e-05,0.0046432609,9.3829e-06,0.0025766644,-0.977488,0.675102,1.844806,0.154662,0.775597,-0.265486,0.551404
1403715370.46243,-2.194919,-1.096038,0.845025,0.758871,-0.311727,0.533248,0.206367,0.0003662272,-7.6939e-06,-0.0001346443,5.179e-07,2.8644e-06,4.98826e-05,0.0031474025,-0.0008829297,-1.58953e-05,0.0046451667,8.5733e-06,0.0025753833,-0.977078,0.649457,1.8435,0.151797,0.773687,-0.269095,0.553132
1403715370.56243,-2.20078,-1.149137,0.839997,0.755778,-0.317067,0.535513,0.203699,0.0003667222,-1.25596e-05,-0.0001337085,7.852e-07,4.6157e-06,4.9126e-05,0.0031909516,-0.00093309,-1.48109e-05,0.0046490577,8.0427e-06,0.0025745873,-0.976401,0.598209,1.841355,0.148738,0.770834,-0.274923,0.555077
1403715370.61243,-2.20512,-1.174079,0.839556,0.754512,-0.318467,0.536326,0.20407,0.0003672235,-1.32502e-05,-0.0001330477,8.323e-07,4.8369e-06,4.85779e-05,0.0032159861,-0.0009595353,-1.46935e-05,0.0046479848,8.0098e-06,0.0025744499,-0.976512,0.572437,1.840718,0.14894,0.769662,-0.276523,0.555853
1403715371.26242,-2.275881,-1.508827,0.821828,0.77614,-0.327871,0.496206,0.209493,0.0003432052,-4e-07,-0.0001582048,3.76e-07,2.178e-07,7.33535e-05,0.0035647434,-0.0013113877,-1.54881e-05,0.0048046351,7.7179e-06,0.002575911,-0.97282,0.228102,1.822966,0.155479,0.793152,-0.284563,0.51552
1403715371.31242,-2.273003,-1.53793,0.819695,0.77675,-0.327512,0.49528,0.209983,0.0003426209,5.958e-07,-0.0001586841,3.741e-07,-2.447e-07,7.39163e-05,0.0035975114,-0.0013318992,-1.52365e-05,0.0047810344,7.5631e-06,0.0025752987,-0.965307,0.199267,1.820099,0.155971,0.793804,-0.28425,0.514539
1403715371.56243,-2.243647,-1.700709,0.805631,0.763632,-0.328224,0.516211,0.206545,0.0003556652,-9.072e-06,-0.0001464618,6.184e-07,3.7711e-06,6.07314e-05,0.0038010902,-0.001464641,-1.50485e-05,0.0047274815,7.2671e-06,0.0025756121,-0.903563,0.046095,1.806489,0.151354,0.780637,-0.286441,0.534463
1403715371.61243,-2.234299,-1.735713,0.804599,0.759497,-0.328784,0.522732,0.204492,0.0003590654,-1.2904e-05,-0.0001425936,8.492e-07,5.1592e-06,5.70321e-05,0.0038460978,-0.0014909065,-1.43342e-05,0.0047078223,6.8469e-06,0.0025746291,-0.88775,0.013733,1.803795,0.148975,0.776414,-0.287565,0.540643
1403715371.66243,-2.225487,-1.771346,0.802022,0.755574,-0.329985,0.528668,0.20181,0.000361828,-1.70862e-05,-0.0001391482,1.1939e-06,6.607e-06,5.39119e-05,0.0038943678,-0.001517451,-1.4166e-05,0.0046903026,6.726e-06,0.0025744892,-0.871736,-0.019246,1.800985,0.146004,0.772501,-0.289178,0.54617
1403715371.76243,-2.209351,-1.845081,0.794887,0.750806,-0.332506,0.536141,0.19566,0.0003642335,-2.44616e-05,-0.0001353357,2.0365e-06,9.128e-06,5.06847e-05,0.0039982814,-0.0015731753,-1.39586e-05,0.004660552,6.5508e-06,0.0025745277,-0.840253,-0.087382,1.794538,0.139489,0.767832,-0.292145,0.552837
1403715371.81243,-2.202124,-1.883895,0.791035,0.750028,-0.332116,0.537727,0.194954,0.0003649341,-2.52582e-05,-0.0001343538,2.1434e-06,9.3383e-06,4.9861e-05,0.0040539394,-0.0016030981,-1.37982e-05,0.0046480617,6.4342e-06,0.002574431,-0.825158,-0.123008,1.791255,0.138807,0.767036,-0.291978,0.5542
1403715372.21243,-2.1555,-2.200232,0.765947,0.758189,-0.315926,0.532041,0.205603,0.0003655291,-9.5993e-06,-0.0001358799,6.721e-07,3.6031e-06,5.09326e-05,0.0045684269,-0.0018534316,-1.32579e-05,0.0045707242,5.7953e-06,0.0025753079,-0.715633,-0.421936,1.76431,0.150016,0.774912,-0.27534,0.548812
1403715372.31243,-2.144952,-2.27602,0.761796,0.76016,-0.308768,0.534684,0.202319,0.0003663319,-8.844e-06,-0.000135,6.362e-07,3.2919e-06,5.01708e-05,0.0047075207,-0.0019106001,-1.32069e-05,0.0045464888,5.6864e-06,0.0025749599,-0.685791,-0.497685,1.764159,0.14661,0.776542,-0.268097,0.551011
1403715372.36243,-2.139564,-2.314062,0.761391,0.761963,-0.303723,0.536107,0.199383,0.0003666022,-8.5484e-06,-0.0001346859,6.225e-07,3.1721e-06,4.99019e-05,0.0047703998,-0.0019383665,-1.3161e-05,0.004541245,5.5796e-06,0.0025747348,-0.670672,-0.535301,1.76547,0.143642,0.778031,-0.262981,0.552156
1403715372.61243,-2.106441,-2.507249,0.781431,0.769481,-0.275925,0.544708,0.187236,0.0003693455,-4.8475e-06,-0.000131664,5.029e-07,1.7543e-06,4.73623e-05,0.005142288,-0.0020753709,-1.28284e-05,0.0044824877,5.245e-06,0.0025749476,-0.594732,-0.720661,1.789309,0.131289,0.783673,-0.23501,0.559812
1403715372.71244,-2.094373,-2.581969,0.792586,0.77115,-0.269435,0.546862,0.183503,0.0003699459,-4.5585e-06,-0.0001309464,4.992e-07,1.6387e-06,4.67789e-05,0.0052917548,-0.0021295488,-1.28061e-05,0.0044664152,5.0452e-06,0.0025749088,-0.564844,-0.793253,1.802329,0.127558,0.784967,-0.228556,0.561532
1403715373.06244,-2.052473,-2.835561,0.818923,0.771853,-0.266934,0.551109,0.171078,0.0003697926,-1.174e-05,-0.0001308151,8.318e-07,4.18e-06,4.67186e-05,0.0058453393,-0.002301337,-1.27542e-05,0.0043943485,4.615e-06,0.0025750651,-0.464813,-1.036549,1.834374,0.115119,0.785693,-0.226359,0.564088
1403715373.16244,-2.042248,-2.906296,0.825111,0.771112,-0.268593,0.552029,0.168844,0.0003698478,-1.41759e-05,-0.0001305003,1.0031e-06,5.029e-06,4.64904e-05,0.0060005941,-0.0023520344,-1.2803e-05,0.0043854404,4.5619e-06,0.0025749532,-0.437705,-1.104992,1.840476,0.112996,0.785145,-0.228249,0.56452
1403715373.21244,-2.037603,-2.942167,0.827985,0.770779,-0.269159,0.552307,0.168552,0.0003699216,-1.47283e-05,-0.0001303215,1.0449e-06,5.2156e-06,4.63541e-05,0.006082002,-0.0023768699,-1.28049e-05,0.0043787645,4.5366e-06,0.0025748435,-0.424663,-1.139526,1.843143,0.112803,0.784895,-0.229003,0.564601
1403715373.26244,-2.033502,-2.978074,0.830676,0.77094,-0.269318,0.551744,0.169406,0.0003697784,-1.4162e-05,-0.0001305438,1.0003e-06,5.0258e-06,4.65283e-05,0.0061661404,-0.0024021565,-1.27579e-05,0.0043718314,4.5393e-06,0.0025747797,-0.412176,-1.174051,1.845769,0.113728,0.785154,-0.229225,0.563963
1403715373.51244,-2.013322,-3.153017,0.844739,0.771092,-0.266426,0.550187,0.178124,0.0003709715,-7.3253e-06,-0.0001297265,6.125e-07,2.5861e-06,4.58154e-05,0.0065968684,-0.0025278418,-1.26541e-05,0.0043464235,4.1795e-06,0.0025751212,-0.352293,-1.34535,1.859149,0.122548,0.785716,-0.226408,0.562469
1403715373.56244,-2.008483,-3.18802,0.846571,0.771997,-0.26279,0.550144,0.179732,0.0003713557,-4.6249e-06,-0.000129358,5.232e-07,1.6333e-06,4.55096e-05,0.0066821636,-0.0025481993,-1.26114e-05,0.004335819,4.2646e-06,0.0025749721,-0.340233,-1.378619,1.861081,0.124244,0.786451,-0.222837,0.562497
1403715373.66244,-1.99904,-3.255209,0.849775,0.776544,-0.249854,0.54878,0.182737,0.0003711759,3.7239e-06,-0.0001296358,5.052e-07,-1.2836e-06,4.57278e-05,0.0068530907,-0.0025913798,-1.2557e-05,0.0043213355,4.1981e-06,0.0025749934,-0.315523,-1.442997,1.864056,0.127452,0.790326,-0.209714,0.561393
1403715373.86243,-1.973876,-3.372614,0.855649,0.786596,-0.21505,0.553732,0.168525,0.0003712446,1.06418e-05,-0.0001292189,7.795e-07,-3.6974e-06,4.54328e-05,0.0071588601,-0.0026560445,-1.23666e-05,0.0042833238,4.3673e-06,0.0025749467,-0.261616,-1.555415,1.868027,0.113246,0.797943,-0.174329,0.565751
1403715373.91243,-1.965162,-3.399493,0.85642,0.789189,-0.206073,0.555971,0.160032,0.0003711018,9.2091e-06,-0.0001294933,7.013e-07,-3.2088e-06,4.56405e-05,0.0072392554,-0.0026657748,-1.23416e-05,0.0042653652,4.3715e-06,0.0025747898,-0.246637,-1.579905,1.86898,0.104715,0.799794,-0.165237,0.567507
1403715374.41243,-1.877363,-3.592162,0.861743,0.813841,-0.098297,0.568165,0.07203,0.0003678892,2.2075e-06,-0.0001340066,5.084e-07,-8.12e-07,4.93069e-05,0.0077652428,-0.0027009628,-1.22969e-05,0.0041408586,3.959e-06,0.0025756932,-0.099103,-1.760833,1.873042,0.016101,0.815833,-0.055565,0.575388
1403715374.46243,-1.865023,-3.611165,0.864672,0.816457,-0.08998,0.566485,0.066307,0.0003662409,2.4753e-06,-0.0001359169,5.069e-07,-9.269e-07,5.09331e-05,0.0078324844,-0.0026966476,-1.23127e-05,0.0041150346,4.1379e-06,0.0025748528,-0.08525,-1.774933,1.87383,0.010458,0.817758,-0.047125,0.573536
1403715374.81244,-1.77946,-3.713621,0.87257,0.829976,-0.067227,0.551188,0.053028,0.0003549549,5.3751e-06,-0.0001480838,5.652e-07,-2.2519e-06,6.22934e-05,0.0081370411,-0.0026498604,-1.24853e-05,0.0039874755,3.4664e-06,0.0025746619,0.023952,-1.859207,1.88003,0.002288,-0.829793,0.023229,-0.557583
1403715374.86244,-1.761236,-3.727281,0.873826,0.830134,-0.067268,0.5509,0.053494,0.0003546457,5.6806e-06,-0.0001483871,5.674e-07,-2.386e-06,6.25961e-05,0.0081850816,-0.0026307207,-1.24712e-05,0.0039559902,3.4598e-06,0.0025741427,0.043575,-1.868754,1.881267,0.001877,-0.829984,0.023286,-0.557298
1403715374.91244,-1.742095,-3.739571,0.874676,0.829679,-0.066888,0.551437,0.055465,0.0003550784,7.083e-06,-0.0001478995,6.074e-07,-2.9597e-06,6.21036e-05,0.0082234465,-0.0026111944,-1.23445e-05,0.0039256158,3.6592e-06,0.0025736394,0.064421,-1.87753,1.882674,4.3e-05,-0.829585,0.022887,-0.557911
1403715375.01244,-1.700981,-3.762659,0.876876,0.825123,-0.067339,0.557833,0.05882,0.0003597481,8.5368e-06,-0.0001430838,6.639e-07,-3.404e-06,5.74008e-05,0.008291684,-0.0025646239,-1.22813e-05,0.0038657124,3.4783e-06,0.0025734286,0.108852,-1.892095,1.885781,0.002879,0.825181,-0.023832,0.564358
1403715375.21244,-1.607162,-3.797704,0.87733,0.818694,-0.072089,0.565835,0.066139,0.0003656669,1.04907e-05,-0.0001365386,7.602e-07,-3.9221e-06,5.14702e-05,0.0083980704,-0.0024453385,-1.21974e-05,0.003736192,3.0782e-06,0.0025734082,0.206018,-1.908204,1.888413,0.009605,0.819356,-0.029277,0.572456
1403715375.26244,-1.585448,-3.805403,0.877239,0.818161,-0.074947,0.566202,0.066423,0.0003659984,9.4083e-06,-0.0001362493,6.915e-07,-3.5051e-06,5.12023e-05,0.0084159312,-0.0024132156,-1.20231e-05,0.0037035985,3.1954e-06,0.0025728906,0.230905,-1.909104,1.887748,0.009838,0.819067,-0.032096,0.572715
1403715375.31244,-1.561799,-3.810929,0.876825,0.817744,-0.077412,0.566342,0.067519,0.0003662262,8.9643e-06,-0.0001360378,6.658e-07,-3.3315e-06,5.10108e-05,0.0084362698,-0.0023846402,-1.19547e-05,0.0036749765,3.2072e-06,0.0025727024,0.255754,-1.90897,1.886713,0.010948,0.818862,-0.034598,0.572842
1403715375.36244,-1.537695,-3.815381,0.875949,0.816893,-0.081377,0.567149,0.066374,0.0003667967,6.3789e-06,-0.0001355426,5.556e-07,-2.3572e-06,5.05637e-05,0.0084504693,-0.0023517717,-1.18965e-05,0.003644437,3.1946e-06,0.0025725662,0.280418,-1.907969,1.885316,0.009739,0.818269,-0.038646,0.573452
1403715375.41244,-1.513192,-3.819315,0.874771,0.817502,-0.083165,0.565737,0.068669,0.0003660293,7.1691e-06,-0.0001364149,5.843e-07,-2.6718e-06,5.13173e-05,0.0084625763,-0.0023166735,-1.18272e-05,0.0036129941,3.1733e-06,0.0025724496,0.305558,-1.906358,1.883509,0.012143,0.819086,-0.040384,0.572118
1403715375.46243,-1.488549,-3.82274,0.874156,0.81688,-0.086447,0.5662,0.068199,0.0003663803,5.3824e-06,-0.0001361115,5.222e-07,-1.998e-06,5.10422e-05,0.0084718402,-0.0022804469,-1.17211e-05,0.0035816078,3.2193e-06,0.0025722925,0.33106,-1.903754,1.881837,0.011732,0.81868,-0.043773,0.572459
1403715375.51243,-1.463256,-3.825976,0.873538,0.816947,-0.088998,0.565664,0.068562,0.0003660816,4.4585e-06,-0.0001364847,4.881e-07,-1.6664e-06,5.13422e-05,0.0084799277,-0.002244341,-1.1608e-05,0.0035503268,3.5491e-06,0.0025717538,0.356647,-1.900487,1.879756,0.012093,0.818917,-0.046331,0.571911
1403715375.61243,-1.41158,-3.829596,0.868883,0.816582,-0.095168,0.565296,0.067656,0.0003658235,1.2152e-06,-0.0001368929,4.398e-07,-4.585e-07,5.16855e-05,0.0084908811,-0.0021668507,-1.15186e-05,0.0034879637,3.5647e-06,0.0025716084,0.408346,-1.892027,1.874277,0.011258,0.818982,-0.05262,0.57129
1403715375.71243,-1.356007,-3.832072,0.865373,0.815098,-0.098676,0.566604,0.06955,0.000366948,5.62e-07,-0.0001356438,4.395e-07,-2.116e-07,5.06023e-05,0.0084992588,-0.0020885462,-1.1461e-05,0.0034275758,3.677e-06,0.0025714917,0.460189,-1.882292,1.867546,0.01294,0.817717,-0.056368,0.572707
1403715375.81242,-1.303122,-3.833467,0.857833,0.813425,-0.100903,0.568412,0.071181,0.0003681785,4.933e-07,-0.0001342437,4.431e-07,-1.847e-07,4.94097e-05,0.0085038193,-0.0020005314,-1.13987e-05,0.0033631386,3.6981e-06,0.0025713511,0.513155,-1.870916,1.860551,0.014437,0.816304,-0.058757,0.574445
1403715376.46242,-0.96698,-3.792825,0.81145,0.795924,-0.096694,0.593175,0.072791,0.0003836694,4.278e-07,-0.000113824,4.9e-07,-1.348e-07,3.42538e-05,0.0083993705,-0.0014698925,-1.11461e-05,0.0030459284,4.1564e-06,0.0025725254,0.832457,-1.756338,1.808255,0.014653,0.798606,-0.056288,0.599038
1403715376.51243,-0.948923,-3.784361,0.801769,0.798322,-0.094192,0.590072,0.075003,0.0003820221,3.4302e-06,-0.0001162827,5.199e-07,-1.0539e-06,3.5883e-05,0.0083691782,-0.0014383421,-1.16482e-05,0.0030298165,4.5563e-06,0.0025717101,0.851035,-1.745897,1.802052,0.017,0.80093,-0.053591,0.596114
1403715376.56243,-0.931919,-3.775214,0.793968,0.801429,-0.09221,0.586012,0.076152,0.0003797014,5.5531e-06,-0.0001195982,5.69e-07,-1.7592e-06,3.81599e-05,0.008338312,-0.0014083916,-1.16468e-05,0.0030152743,4.6939e-06,0.0025713387,0.868471,-1.734924,1.795595,0.018254,0.803989,-0.051255,0.59215
1403715376.61243,-0.913389,-3.767345,0.786812,0.80403,-0.090433,0.582636,0.076768,0.0003777394,7.186e-06,-0.0001222906,6.268e-07,-2.3381e-06,4.00845e-05,0.0083063153,-0.0013806718,-1.16452e-05,0.0030026726,4.8056e-06,0.0025711395,0.884739,-1.723272,1.789034,0.019061,0.80649,-0.049263,0.588884
1403715376.66243,-0.896712,-3.758131,0.779642,0.806835,-0.089112,0.579009,0.076322,0.0003754786,7.9295e-06,-0.000125326,6.599e-07,-2.6599e-06,4.23304e-05,0.00827902,-0.0013503975,-1.1642e-05,0.0029886879,4.923e-06,0.0025710088,0.900205,-1.711013,1.782294,0.018852,0.809222,-0.047725,0.585258
1403715376.81242,-0.847382,-3.727351,0.762367,0.80734,-0.084561,0.579054,0.07581,0.0003754445,9.7068e-06,-0.0001253386,7.534e-07,-3.2565e-06,4.23532e-05,0.0081849709,-0.0012662527,-1.17476e-05,0.0029527518,5.2719e-06,0.0025710541,0.94265,-1.67037,1.764953,0.018349,0.809417,-0.043187,0.585357
1403715376.86242,-0.832208,-3.715227,0.757029,0.805439,-0.083355,0.582022,0.074633,0.0003771987,9.2206e-06,-0.0001230344,7.296e-07,-3.0243e-06,4.06414e-05,0.008147265,-0.0012397076,-1.17294e-05,0.0029418555,5.4062e-06,0.0025708848,0.955435,-1.655533,1.760133,0.017034,0.807393,-0.042216,0.588256
1403715376.91242,-0.817106,-3.702712,0.751942,0.80176,-0.081737,0.587425,0.073705,0.0003803699,8.8475e-06,-0.0001186202,7.115e-07,-2.7769e-06,3.75001e-05,0.0081071223,-0.00121385,-1.15519e-05,0.0029314852,5.4394e-06,0.002570629,0.967214,-1.639998,1.756116,0.015862,0.803553,-0.041028,0.593607
1403715377.06242,-0.781215,-3.6572,0.740209,0.79449,-0.076436,0.598302,0.070555,0.0003863735,8.3219e-06,-0.0001095858,6.937e-07,-2.3794e-06,3.15911e-05,0.007973551,-0.0011443335,-1.16072e-05,0.0029061987,5.7716e-06,0.0025706538,0.994241,-1.58853,1.743624,0.012198,0.795763,-0.036523,0.604383
1403715377.11242,-0.772433,-3.640209,0.734386,0.797717,-0.0748,0.594287,0.069823,0.0003840832,9.0339e-06,-0.0001131736,7.28e-07,-2.6825e-06,3.38618e-05,0.0079215897,-0.0011261855,-1.15213e-05,0.0029001276,5.8381e-06,0.0025704445,1.000009,-1.569874,1.737965,0.01168,0.798873,-0.034626,0.600389
1403715377.16242,-0.764804,-3.62244,0.729246,0.800894,-0.072466,0.59026,0.070069,0.0003817389,1.07027e-05,-0.0001165922,8.173e-07,-3.2909e-06,3.6128e-05,0.0078687174,-0.0011097801,-1.14717e-05,0.00289497,5.9486e-06,0.0025703145,1.00422,-1.550723,1.732594,0.012137,0.801899,-0.031972,0.596481
1403715377.26242,-0.752748,-3.582959,0.719381,0.805763,-0.069076,0.584141,0.068944,0.0003780044,1.21413e-05,-0.0001218623,9.131e-07,-3.9386e-06,3.98153e-05,0.0077539715,-0.001078562,-1.13732e-05,0.0028861453,6.0338e-06,0.002570252,1.009529,-1.509712,1.722302,0.011364,0.806512,-0.028142,0.590439
1403715377.31241,-0.746408,-3.563626,0.71299,0.806865,-0.068607,0.582935,0.0667,0.0003771879,1.10864e-05,-0.0001230518,8.46e-07,-3.6404e-06,4.06698e-05,0.0076906811,-0.0010648189,-1.11927e-05,0.0028820627,5.9497e-06,0.0025700122,1.010682,-1.487781,1.717811,0.009303,0.807497,-0.027564,0.589155
1403715377.36241,-0.742554,-3.541716,0.709069,0.806922,-0.067942,0.583102,0.065217,0.0003772103,1.03847e-05,-0.0001230917,8.076e-07,-3.4124e-06,4.06939e-05,0.0076328229,-0.001050669,-1.11224e-05,0.0028780852,5.9935e-06,0.0025699439,1.010839,-1.465169,1.71373,0.007865,0.807468,-0.026916,0.589245
1403715377.46241,-0.736527,-3.495706,0.70152,0.804901,-0.066951,0.586372,0.061802,0.0003790648,8.4148e-06,-0.0001207083,7.136e-07,-2.7024e-06,3.8965e-05,0.007500327,-0.001027744,-1.10531e-05,0.0028738084,6.0599e-06,0.0025698746,1.008579,-1.418099,1.705933,0.004316,0.805268,-0.026133,0.592319
1403715377.86241,-0.742704,-3.284479,0.669005,0.80913,-0.066533,0.581143,0.056173,0.0003758741,5.4155e-06,-0.0001255038,6.361e-07,-1.8322e-06,4.24652e-05,0.0069195733,-0.0009741025,-1.08996e-05,0.002879435,6.0919e-06,0.002570126,0.962692,-1.208941,1.671739,0.001089,-0.809149,0.025297,-0.587058
1403715377.91241,-0.74449,-3.256586,0.665291,0.809377,-0.066498,0.580821,0.055973,0.000375678,5.2927e-06,-0.0001257875,6.347e-07,-1.7964e-06,4.26778e-05,0.0068512072,-0.0009684251,-1.08758e-05,0.0028798544,6.2099e-06,0.0025699451,0.953572,-1.180656,1.667282,0.001303,-0.809328,0.0253,-0.58681
1403715378.31241,-0.787723,-3.015903,0.629278,0.809415,-0.078196,0.581006,0.034123,0.0003745029,-1.4109e-05,-0.0001269277,1.1238e-06,4.7638e-06,4.36115e-05,0.0062475385,-0.0009522076,-1.06675e-05,0.0029131268,5.9554e-06,0.0025705066,0.861595,-0.947542,1.627447,0.023492,-0.809323,0.036982,-0.585728
1403715378.36241,-0.793463,-2.988541,0.624534,0.811382,-0.080116,0.578169,0.031016,0.0003723697,-1.66381e-05,-0.0001293615,1.3373e-06,5.7629e-06,4.55362e-05,0.0061824203,-0.0009438273,-1.06736e-05,0.0029127714,6.041e-06,0.002570246,0.848001,-0.92039,1.621725,0.026493,-0.811304,0.038709,-0.58274
1403715378.56241,-0.825929,-2.885779,0.607469,0.819343,-0.076941,0.566972,0.03607,0.0003657305,-1.09577e-05,-0.0001379568,9.35e-07,4.1129e-06,5.26546e-05,0.0059451172,-0.0009480985,-1.07173e-05,0.0029361018,5.9723e-06,0.0025704252,0.792401,-0.823414,1.603329,0.020957,-0.819142,0.034782,-0.572152
1403715378.66241,-0.841878,-2.838131,0.603097,0.82166,-0.074559,0.563683,0.039709,0.000363823,-7.3543e-06,-0.0001402812,7.58e-07,2.8151e-06,5.47067e-05,0.005838117,-0.0009474835,-1.0843e-05,0.0029456469,5.99e-06,0.0025703033,0.765936,-0.779767,1.598001,0.017166,-0.821364,0.032334,-0.569229
1403715378.76241,-0.855038,-2.793822,0.599504,0.824595,-0.073319,0.559412,0.041532,0.0003610855,-5.2189e-06,-0.000143356,6.892e-07,2.0502e-06,5.75392e-05,0.0057351268,-0.0009462614,-1.0868e-05,0.0029552941,6.0054e-06,0.0025703313,0.742095,-0.737738,1.594317,0.015111,-0.824255,0.030842,-0.565177
1403715378.81241,-0.860423,-2.772792,0.598175,0.826622,-0.073403,0.55641,0.041416,0.0003589618,-5.0742e-06,-0.0001455288,6.851e-07,2.0369e-06,5.96259e-05,0.0056876296,-0.0009440174,-1.09773e-05,0.0029584506,6.0863e-06,0.0025702413,0.73124,-0.71742,1.593045,0.015059,-0.826294,0.030721,-0.562199
1403715378.91241,-0.867804,-2.732194,0.597673,0.829303,-0.074119,0.552397,0.040247,0.0003560481,-5.7972e-06,-0.0001484232,7.081e-07,2.3986e-06,6.25033e-05,0.0055968694,-0.0009371958,-1.11681e-05,0.0029635521,6.2218e-06,0.0025701927,0.712931,-0.677848,1.592591,0.016024,-0.829005,0.031146,-0.558143
1403715379.06241,-0.871377,-2.674087,0.602943,0.829675,-0.074339,0.55177,0.04079,0.0003556522,-5.5006e-06,-0.0001488792,7.074e-07,2.286e-06,6.2963e-05,0.0054739929,-0.0009185683,-1.12965e-05,0.0029656101,6.2307e-06,0.0025704555,0.69548,-0.621103,1.597863,0.01541,-0.829434,0.03129,-0.557515
1403715379.16241,-0.869389,-2.637881,0.6088,0.827141,-0.070619,0.555626,0.046162,0.0003587679,-7.533e-07,-0.0001458593,6.259e-07,2.869e-07,5.99377e-05,0.0053969541,-0.0009016754,-1.14098e-05,0.0029630027,6.2837e-06,0.0025704148,0.689942,-0.584958,1.604881,0.010102,-0.826793,0.027867,-0.561725
1403715379.2624,-0.864286,-2.603164,0.615338,0.825434,-0.066065,0.558095,0.053134,0.0003608531,5.5149e-06,-0.0001435928,7.103e-07,-2.2186e-06,5.77729e-05,0.0053225459,-0.0008836153,-1.14338e-05,0.002959296,6.2952e-06,0.0025703743,0.68756,-0.548845,1.612493,0.003052,-0.824974,0.023563,-0.564671
1403715379.4124,-0.853963,-2.547336,0.627105,0.824233,-0.061247,0.559621,0.060928,0.0003620688,1.25103e-05,-0.0001418057,1.0591e-06,-4.9285e-06,5.6171e-05,0.0052114349,-0.0008513861,-1.15387e-05,0.00294987,6.3484e-06,0.0025702511,0.688449,-0.491891,1.624446,0.00492,0.823656,-0.018869,0.566755
1403715379.66239,-0.818065,-2.444291,0.645506,0.828428,-0.059161,0.553145,0.0651,0.0003577483,1.63942e-05,-0.0001460235,1.3955e-06,-6.7254e-06,6.02594e-05,0.0050034418,-0.0007827642,-1.17054e-05,0.0029281805,6.3626e-06,0.0025705825,0.702251,-0.380117,1.642197,0.009629,0.827787,-0.016323,0.560722
1403715379.86239,-0.76731,-2.348764,0.663441,0.824538,-0.0562,0.558847,0.068326,0.0003616741,1.94437e-05,-0.0001415216,1.6979e-06,-7.6424e-06,5.6031e-05,0.0048200843,-0.0007042306,-1.19377e-05,0.0028951967,6.3996e-06,0.0025705491,0.72769,-0.272651,1.660464,0.012884,0.823645,-0.013885,0.56679
1403715379.96238,-0.736936,-2.29416,0.672646,0.820205,-0.05481,0.565121,0.069988,0.0003658194,2.07288e-05,-0.0001367122,1.8309e-06,-7.7815e-06,5.17396e-05,0.0047246673,-0.0006555282,-1.19831e-05,0.0028725978,6.4201e-06,0.0025705042,0.744563,-0.212373,1.670389,0.014438,0.819191,-0.012967,0.573192
1403715380.26238,-0.643231,-2.10502,0.692875,0.812969,-0.066646,0.575801,0.055618,0.0003728237,5.4539e-06,-0.0001298777,7.535e-07,-1.9261e-06,4.5897e-05,0.004396304,-0.0005162304,-1.2378e-05,0.0028170834,6.6055e-06,0.0025707965,0.794041,-0.003801,1.691628,0.0001,0.812365,-0.025345,0.582598
1403715380.31238,-0.62963,-2.071782,0.695291,0.813204,-0.068781,0.575462,0.05302,0.0003724835,2.8591e-06,-0.0001303261,6.954e-07,-1.025e-06,4.62482e-05,0.0043428021,-0.0004964506,-1.24008e-05,0.0028094438,6.6221e-06,0.0025706884,0.800748,0.032843,1.694159,0.002345,-0.812709,0.02748,-0.582017
1403715380.56238,-0.560258,-1.907391,0.705421,0.815224,-0.06905,0.572263,0.056186,0.0003705906,4.9576e-06,-0.0001326348,7.591e-07,-1.8018e-06,4.81378e-05,0.004092657,-0.0004008713,-1.28638e-05,0.0027754849,6.8559e-06,0.0025711736,0.832495,0.212178,1.706866,0.001226,0.814822,-0.027325,0.579065
1403715380.61238,-0.547928,-1.873854,0.708312,0.815479,-0.068025,0.571971,0.056706,0.0003704122,5.802e-06,-0.0001327639,7.847e-07,-2.1086e-06,4.82536e-05,0.0040404231,-0.0003840397,-1.29306e-05,0.0027700999,6.9167e-06,0.0025710964,0.837747,0.247847,1.709789,0.001805,0.815025,-0.026213,0.57883
1403715380.71238,-0.523601,-1.806375,0.714631,0.815177,-0.067032,0.572541,0.056487,0.0003707454,6.0439e-06,-0.000132328,7.977e-07,-2.1878e-06,4.79033e-05,0.0039449211,-0.0003510561,-1.30757e-05,0.002759393,6.9899e-06,0.0025711863,0.84763,0.319913,1.716516,0.001665,0.814644,-0.025191,0.579411
1403715380.76238,-0.511815,-1.771247,0.718371,0.814772,-0.066464,0.573149,0.056821,0.000371114,6.4972e-06,-0.0001318107,8.139e-07,-2.3398e-06,4.74879e-05,0.0038957433,-0.0003350023,-1.30723e-05,0.0027543195,7.0175e-06,0.0025710822,0.85236,0.356368,1.72025,0.001977,0.814212,-0.024551,0.580045
1403715380.86238,-0.48858,-1.702054,0.724926,0.813764,-0.065569,0.574683,0.056812,0.0003720937,6.773e-06,-0.0001305785,8.294e-07,-2.4105e-06,4.64992e-05,0.0038024889,-0.0003044451,-1.32439e-05,0.0027451605,7.1029e-06,0.0025712207,0.860875,0.42983,1.728213,0.002001,0.813126,-0.023626,0.581605
1403715380.96238,-0.468748,-1.633166,0.729074,0.813249,-0.0643,0.575455,0.057816,0.0003726089,7.9558e-06,-0.0001298998,8.826e-07,-2.8087e-06,4.59682e-05,0.0037129185,-0.0002761059,-1.34677e-05,0.0027374352,7.2202e-06,0.0025714179,0.8675,0.503527,1.734227,0.003173,0.81255,-0.022423,0.582451
1403715381.06238,-0.449195,-1.558694,0.734344,0.812675,-0.064059,0.576119,0.059517,0.0003731183,9.0763e-06,-0.0001291958,9.409e-07,-3.1783e-06,4.54214e-05,0.0036266699,-0.0002509541,-1.37682e-05,0.0027309295,7.2375e-06,0.0025716979,0.872067,0.578331,1.739963,0.004848,0.811972,-0.022024,0.583261
1403715381.11238,-0.439798,-1.522564,0.736753,0.812669,-0.065775,0.576049,0.058403,0.000373082,7.6484e-06,-0.0001293354,8.796e-07,-2.6861e-06,4.55246e-05,0.0035794888,-0.0002376751,-1.39321e-05,0.0027277256,7.2875e-06,0.0025718074,0.873532,0.616149,1.742261,0.003766,0.812047,-0.023589,0.583103
1403715381.21238,-0.421066,-1.449548,0.740035,0.811434,-0.07036,0.577515,0.055684,0.0003740172,3.6766e-06,-0.0001283677,7.677e-07,-1.2943e-06,4.47531e-05,0.0034981241,-0.0002139665,-1.42723e-05,0.0027227366,7.3948e-06,0.0025722701,0.875316,0.691925,1.747064,0.001015,0.810986,-0.028033,0.584393
1403715381.26238,-0.414875,-1.415248,0.745309,0.810674,-0.072467,0.578438,0.054448,0.0003745303,1.9134e-06,-0.0001277435,7.402e-07,-6.841e-07,4.42643e-05,0.0034571619,-0.0002016603,-1.38786e-05,0.0027185788,7.1097e-06,0.0025718336,0.875437,0.729701,1.748697,2.6e-05,0.810314,-0.030293,0.585213
1403715381.31238,-0.406833,-1.380083,0.747252,0.81,-0.074211,0.579202,0.054017,0.0003749994,7.046e-07,-0.000127161,7.345e-07,-2.697e-07,4.38151e-05,0.003421248,-0.0001925338,-1.39668e-05,0.0027166598,7.0763e-06,0.0025718786,0.874911,0.767217,1.750041,0.000357,-0.809707,0.032011,-0.58596
1403715381.36238,-0.399393,-1.344688,0.748233,0.809696,-0.076971,0.579368,0.052923,0.0003750475,-1.3155e-06,-0.0001271113,7.407e-07,4.162e-07,4.37784e-05,0.0033857428,-0.0001823812,-1.4055e-05,0.0027142272,7.0716e-06,0.0025719406,0.874005,0.804139,1.750832,0.001414,-0.809533,0.034715,-0.586046
1403715381.56238,-0.374829,-1.207617,0.749561,0.805832,-0.08266,0.583603,0.05666,0.0003779258,-2.0334e-06,-0.000123365,7.641e-07,6.359e-07,4.09752e-05,0.0032570705,-0.0001477519,-1.46534e-05,0.0027082151,7.0747e-06,0.002572553,0.865015,0.945773,1.752589,0.002228,0.805965,-0.04055,0.590569
1403715381.61238,-0.371258,-1.17388,0.749191,0.806031,-0.082455,0.58311,0.059138,0.0003777884,-2.985e-07,-0.0001235886,7.559e-07,6.87e-08,4.1138e-05,0.0032260867,-0.0001397723,-1.4755e-05,0.0027065989,7.0487e-06,0.0025725825,0.860749,0.979786,1.751738,0.004777,0.806183,-0.040286,0.590273
1403715382.16238,-0.33366,-0.814315,0.724822,0.823164,-0.11054,0.549792,0.088937,0.0003584504,9.5547e-06,-0.0001462892,1.0567e-06,-3.9294e-06,6.04857e-05,0.0029698945,-6.886e-05,-1.69795e-05,0.0027005219,7.2027e-06,0.0025743931,0.807707,1.357815,1.731691,0.036878,0.825442,-0.06637,0.559359
1403715382.26238,-0.320835,-0.74119,0.723188,0.819729,-0.130253,0.549128,0.097657,0.0003592315,6.431e-06,-0.0001456993,9.204e-07,-2.6293e-06,5.98781e-05,0.0029324293,-5.64101e-05,-1.71005e-05,0.0026980382,7.1245e-06,0.0025743358,0.806243,1.42964,1.730581,0.045408,0.823411,-0.086167,0.559026
1403715382.36238,-0.303158,-0.672162,0.722246,0.81534,-0.150654,0.548386,0.108614,0.0003602656,4.4786e-06,-0.0001447441,8.656e-07,-1.8126e-06,5.89406e-05,0.0028965294,-4.22191e-05,-1.72261e-05,0.0026945764,7.0789e-06,0.0025744662,0.80849,1.501257,1.729736,0.056282,0.82048,-0.106744,0.558796
1403715382.41238,-0.291627,-0.643773,0.721136,0.812416,-0.160978,0.548445,0.115216,0.0003612748,4.0215e-06,-0.0001437019,8.524e-07,-1.6084e-06,5.79393e-05,0.0028796226,-3.48482e-05,-1.70252e-05,0.0026908876,6.8441e-06,0.0025743223,0.810984,1.536757,1.729053,0.062773,0.818295,-0.117147,0.559225
1403715382.56238,-0.254651,-0.546001,0.718728,0.80651,-0.18776,0.545378,0.129806,0.0003614822,1.648e-06,-0.0001435912,8.169e-07,-6.556e-07,5.78242e-05,0.0028438351,-1.56904e-05,-1.72547e-05,0.0026831635,6.9635e-06,0.0025746007,0.824689,1.643778,1.726299,0.077524,0.814258,-0.144202,0.556939
1403715382.61238,-0.240012,-0.514307,0.717912,0.804561,-0.196039,0.544553,0.133086,0.0003614834,1.235e-07,-0.0001436095,8.057e-07,-4.77e-08,5.78368e-05,0.0028326889,-9.5599e-06,-1.73063e-05,0.0026800528,7.0172e-06,0.0025745954,0.831093,1.679157,1.725215,0.080834,0.812846,-0.152542,0.556309
1403715382.86238,-0.1592,-0.36554,0.710084,0.795446,-0.233916,0.536383,0.157611,0.0003604614,-1.554e-07,-0.0001447771,7.894e-07,6.78e-08,5.89372e-05,0.0027945363,1.52301e-05,-1.78957e-05,0.0026681777,7.6111e-06,0.0025749988,0.876365,1.849559,1.715984,0.106002,0.80638,-0.190934,0.549601
1403715382.91238,-0.140146,-0.337679,0.708797,0.793344,-0.24105,0.534762,0.162878,0.00036043,1.329e-07,-0.0001447927,7.677e-07,-4.8e-08,5.89437e-05,0.0027884337,1.93561e-05,-1.76786e-05,0.0026631835,7.4971e-06,0.0025745461,0.888075,1.882349,1.713886,0.111506,0.804753,-0.198221,0.548315
1403715382.96238,-0.120577,-0.310642,0.706758,0.791397,-0.248883,0.532803,0.16694,0.0003599126,-5.268e-07,-0.0001453274,7.594e-07,2.201e-07,5.94545e-05,0.0027838294,2.29181e-05,-1.76939e-05,0.0026604172,7.5695e-06,0.0025744255,0.900926,1.914682,1.711588,0.115729,0.803355,-0.206161,0.546559
1403715383.01238,-0.100263,-0.284075,0.704612,0.789059,-0.256778,0.531345,0.170655,0.0003596997,-1.5381e-06,-0.0001455405,7.565e-07,6.317e-07,5.96575e-05,0.0027800097,2.59722e-05,-1.77014e-05,0.0026580468,7.6385e-06,0.0025743223,0.914809,1.946458,1.709386,0.119556,0.801575,-0.214172,0.545267
1403715383.11238,-0.058651,-0.235446,0.698794,0.785422,-0.271199,0.528732,0.17322,0.000358331,-5.7604e-06,-0.0001468281,8.142e-07,2.3743e-06,6.09195e-05,0.0027741646,3.0605e-05,-1.771e-05,0.0026521862,7.5707e-06,0.002573966,0.945296,2.008662,1.703867,0.122401,0.798899,-0.228769,0.542627
1403715383.16238,-0.03608,-0.210831,0.695711,0.784158,-0.276227,0.527753,0.173985,0.0003578503,-7.4016e-06,-0.0001472352,8.626e-07,3.0603e-06,6.13284e-05,0.0027724034,3.21191e-05,-1.77218e-05,0.0026508402,7.6475e-06,0.0025737958,0.961854,2.038841,1.700845,0.123241,0.797937,-0.233811,0.541701
1403715383.81237,0.293805,0.003044,0.652442,0.756607,-0.320176,0.533069,0.202165,0.0003673905,-1.3968e-05,-0.0001365614,1.1353e-06,5.2066e-06,5.14224e-05,0.0027783947,2.05895e-05,-1.79603e-05,0.0026817891,8.9465e-06,0.0025723469,1.241564,2.326923,1.655277,0.151231,0.772586,-0.279707,0.549552
1403715383.86238,0.317618,0.009681,0.647988,0.752719,-0.329031,0.530669,0.208668,0.0003674325,-1.39498e-05,-0.000136503,1.1248e-06,5.2016e-06,5.13602e-05,0.0027793429,1.79899e-05,-1.80243e-05,0.0026875038,8.9206e-06,0.0025720746,1.262799,2.341126,1.651077,0.157882,0.769303,-0.288898,0.547528
1403715383.91238,0.340819,0.015981,0.643737,0.747941,-0.339055,0.528324,0.215638,0.0003676652,-1.42382e-05,-0.0001361968,1.1394e-06,5.2972e-06,5.10937e-05,0.0027799117,1.60737e-05,-1.79979e-05,0.0026930352,8.8847e-06,0.0025719042,1.283461,2.354526,1.647024,0.164917,0.765234,-0.299308,0.545561
1403715384.16238,0.447527,0.044792,0.62651,0.720543,-0.393644,0.510387,0.25567,0.0003678971,-1.35618e-05,-0.0001361164,1.0696e-06,5.0375e-06,5.10006e-05,0.00278449,5.7225e-06,-1.78876e-05,0.0027267238,8.9399e-06,0.0025717105,1.379327,2.412954,1.629005,0.205302,0.741829,-0.355933,0.529959
1403715384.21238,0.467183,0.050287,0.623636,0.714645,-0.404895,0.506297,0.262689,0.000367564,-1.3935e-05,-0.0001364666,1.0859e-06,5.1935e-06,5.12968e-05,0.0027852422,3.2726e-06,-1.78869e-05,0.0027336172,8.9086e-06,0.0025714689,1.397024,2.422996,1.6263,0.212328,0.736756,-0.367596,0.526294
1403715384.31238,0.504276,0.058606,0.619835,0.701282,-0.427253,0.49979,0.275442,0.0003675625,-1.63813e-05,-0.0001362303,1.276e-06,6.0912e-06,5.11132e-05,0.0027867783,-9.192e-07,-1.78067e-05,0.0027478969,8.9118e-06,0.0025712954,1.431379,2.441247,1.622191,0.225166,0.724957,-0.390967,0.520467
1403715384.51238,0.568513,0.069817,0.6154,0.674953,-0.469454,0.484592,0.2987,0.000366244,-2.06584e-05,-0.000137248,1.6856e-06,7.7574e-06,5.20337e-05,0.0027892929,-8.076e-06,-1.76339e-05,0.0027754952,8.9877e-06,0.0025709628,1.492803,2.471545,1.616223,0.248923,0.701567,-0.435132,0.506464
1403715384.61238,0.595704,0.071425,0.614022,0.664075,-0.48985,0.473344,0.308216,0.0003631365,-2.16183e-05,-0.0001405912,1.788e-06,8.3835e-06,5.50178e-05,0.0027897416,-1.06541e-05,-1.75418e-05,0.0027882267,9.0323e-06,0.0025706709,1.519665,2.481797,1.613318,0.258906,0.692101,-0.456268,0.495769
1403715384.96238,0.666494,0.047384,0.618231,0.624439,-0.545913,0.441367,0.342418,0.0003589466,-2.17433e-05,-0.0001451575,1.7766e-06,8.7912e-06,5.92458e-05,0.0027865847,-8.604e-06,-1.68936e-05,0.0028218341,9.3457e-06,0.0025702312,1.592965,2.481355,1.613873,0.294293,0.65641,-0.515138,0.465995
1403715385.01238,0.674418,0.040454,0.620633,0.620348,-0.549095,0.439235,0.347472,0.0003599534,-2.03754e-05,-0.000144316,1.595e-06,8.167e-06,5.83833e-05,0.0027859079,-8.3919e-06,-1.68553e-05,0.0028281289,9.4304e-06,0.0025698792,1.601614,2.475943,1.615709,0.299336,0.652533,-0.518657,0.464321
1403715385.16238,0.691329,0.013449,0.628162,0.61229,-0.555395,0.429284,0.363803,0.0003624516,-1.27288e-05,-0.000142619,8.691e-07,4.9992e-06,5.66149e-05,0.0027824324,-1.5196e-06,-1.65399e-05,0.0028373587,9.5726e-06,0.002569612,1.623607,2.452837,1.622974,0.315985,0.645121,-0.525633,0.455722
1403715385.21238,0.695145,0.003773,0.630786,0.609505,-0.557719,0.425525,0.369298,0.0003631106,-9.9269e-06,-0.0001421075,6.753e-07,3.8763e-06,5.60958e-05,0.0027815216,2.032e-07,-1.64201e-05,0.0028394586,9.61e-06,0.0025693402,1.630136,2.443517,1.626022,0.321652,0.642573,-0.528215,0.45236
1403715385.26238,0.699502,-0.006637,0.632696,0.607153,-0.559836,0.422151,0.373813,0.0003634554,-7.6452e-06,-0.000141847,5.477e-07,2.9768e-06,5.58261e-05,0.0027803203,2.7471e-06,-1.62863e-05,0.0028409793,9.7362e-06,0.0025691323,1.636727,2.433411,1.629315,0.326273,0.640532,-0.5305,0.44926
1403715385.36238,0.708234,-0.031461,0.637857,0.603043,-0.564163,0.417884,0.378725,0.0003636001,-6.0479e-06,-0.0001418044,4.774e-07,2.3502e-06,5.57582e-05,0.0027782721,9.1116e-06,-1.60781e-05,0.0028462085,9.8547e-06,0.0025690214,1.650943,2.410708,1.635805,0.331415,0.636826,-0.535059,0.445342
1403715385.41238,0.712302,-0.044616,0.640277,0.601944,-0.565964,0.415952,0.379911,0.0003632125,-5.5489e-06,-0.0001422517,4.517e-07,2.1644e-06,5.61561e-05,0.0027772571,1.26472e-05,-1.59948e-05,0.0028481572,9.8821e-06,0.0025688482,1.658259,2.398188,1.639004,0.332712,0.635902,-0.536887,0.443492
1403715385.91239,0.725614,-0.196641,0.683689,0.583108,-0.572174,0.442474,0.369891,0.0003699876,-2.94057e-05,-0.0001316054,2.6748e-06,1.04649e-05,4.72238e-05,0.0027773666,5.47707e-05,-1.4912e-05,0.002860316,1.04957e-05,0.0025692175,1.708529,2.243524,1.686136,0.322157,0.616378,-0.54399,0.469434
1403715385.96239,0.718069,-0.215806,0.692257,0.583464,-0.567906,0.443139,0.375074,0.0003730386,-2.60451e-05,-0.0001285393,2.1484e-06,8.9809e-06,4.46861e-05,0.0027783376,6.0528e-05,-1.49184e-05,0.0028523676,1.03817e-05,0.0025687676,1.70662,2.2252,1.693251,0.327642,0.616438,-0.539764,0.470438
1403715386.01239,0.71029,-0.233042,0.699538,0.584583,-0.563541,0.442379,0.380769,0.0003756109,-2.13925e-05,-0.0001261062,1.5457e-06,7.1886e-06,4.27257e-05,0.0027797463,6.5636e-05,-1.48726e-05,0.0028465218,1.03183e-05,0.0025685924,1.703265,2.207054,1.700062,0.333627,0.617264,-0.535387,0.470149
1403715386.06239,0.701698,-0.249227,0.706364,0.586019,-0.56024,0.440937,0.385082,0.0003771335,-1.72068e-05,-0.0001247547,1.111e-06,5.6984e-06,4.16517e-05,0.0027812516,6.99008e-05,-1.48165e-05,0.0028410496,1.02784e-05,0.0025685042,1.698749,2.189592,1.706531,0.338217,0.618475,-0.532038,0.469077
1403715386.41239,0.630332,-0.335887,0.737893,0.588872,-0.557627,0.434566,0.391707,0.000377648,-9.526e-06,-0.0001251276,5.749e-07,3.1637e-06,4.18488e-05,0.002793455,8.71727e-05,-1.45612e-05,0.0028017253,1.0415e-05,0.0025689509,1.648551,2.088409,1.735783,0.346018,0.620807,-0.529071,0.463632
1403715386.46239,0.621417,-0.347869,0.740136,0.58741,-0.557442,0.435931,0.392647,0.0003784911,-1.0073e-05,-0.0001237276,5.917e-07,3.3071e-06,4.08255e-05,0.0027944928,8.95596e-05,-1.47301e-05,0.0027950474,1.00729e-05,0.0025684582,1.639701,2.076413,1.738088,0.347069,0.619177,-0.528974,0.465134
1403715386.51239,0.610349,-0.356932,0.741814,0.585624,-0.557207,0.437924,0.393431,0.0003795838,-1.10961e-05,-0.0001221037,6.479e-07,3.5852e-06,3.96558e-05,0.0027963258,9.14964e-05,-1.46955e-05,0.0027901051,1.0029e-05,0.002568388,1.63037,2.065098,1.73989,0.347843,0.617277,-0.528866,0.4672
1403715386.56239,0.598885,-0.364648,0.742911,0.58342,-0.558082,0.440609,0.392467,0.0003802107,-1.37405e-05,-0.0001209294,8.206e-07,4.3878e-06,3.88402e-05,0.0027977053,9.23035e-05,-1.46708e-05,0.0027842361,9.9852e-06,0.0025683568,1.620541,2.054718,1.740985,0.346822,0.615006,-0.529852,0.46983
1403715386.61239,0.587091,-0.370944,0.743223,0.582113,-0.558778,0.442198,0.391628,0.0003804372,-1.5491e-05,-0.0001203687,9.554e-07,4.9202e-06,3.84621e-05,0.0027988307,9.26196e-05,-1.4654e-05,0.0027783103,9.937e-06,0.0025683324,1.610156,2.045392,1.741256,0.345967,0.613661,-0.530589,0.471383
1403715387.0624,0.427843,-0.38452,0.722836,0.579081,-0.580057,0.447815,0.357297,0.0003652736,-4.14657e-05,-0.0001340924,5.054e-06,1.52556e-05,4.96345e-05,0.0028019429,7.8513e-05,-1.47988e-05,0.0027147159,9.5679e-06,0.0025687196,1.458277,1.993858,1.718869,0.311784,0.611214,-0.551034,0.474942
1403715387.1124,0.400463,-0.384645,0.719078,0.581204,-0.578535,0.445585,0.359099,0.0003654242,-3.85935e-05,-0.0001346586,4.4204e-06,1.42559e-05,5.00301e-05,0.0028016784,7.55908e-05,-1.4782e-05,0.0027040304,9.4296e-06,0.0025685532,1.4318,1.987789,1.714765,0.313824,0.61325,-0.549335,0.472938
1403715387.1624,0.371359,-0.384997,0.715046,0.583932,-0.576455,0.442381,0.361969,0.0003657802,-3.43719e-05,-0.0001353065,3.5728e-06,1.27488e-05,5.04604e-05,0.0028013049,7.24293e-05,-1.47863e-05,0.0026947574,9.3213e-06,0.0025685137,1.403384,1.981115,1.71058,0.31701,0.615855,-0.547064,0.470052
1403715387.2624,0.310086,-0.385563,0.705991,0.589314,-0.571036,0.436874,0.368467,0.0003671166,-2.55834e-05,-0.0001355841,2.1174e-06,9.4814e-06,5.0483e-05,0.0028008758,6.5725e-05,-1.48423e-05,0.0026774801,9.1446e-06,0.0025685036,1.342292,1.966658,1.701735,0.323977,0.621017,-0.54116,0.46532
1403715387.3124,0.277254,-0.386958,0.701154,0.591149,-0.568477,0.435351,0.371275,0.0003679404,-2.22165e-05,-0.0001351841,1.6762e-06,8.1954e-06,5.00763e-05,0.0028007807,6.22975e-05,-1.48284e-05,0.0026701719,9.0687e-06,0.0025685478,1.310114,1.958898,1.697051,0.326987,0.622687,-0.538488,0.464081
1403715387.3624,0.244039,-0.38864,0.695645,0.592609,-0.566415,0.434418,0.373188,0.0003685618,-1.97915e-05,-0.0001348135,1.3981e-06,7.2727e-06,4.9721e-05,0.0028010848,5.88127e-05,-1.48073e-05,0.0026633695,8.9966e-06,0.0025685929,1.27738,1.95063,1.692021,0.329042,0.624035,-0.536283,0.463371
1403715387.9624,-0.18648,-0.437493,0.723569,0.613082,-0.563513,0.423544,0.356643,0.0003560241,-1.56955e-05,-0.0001490931,1.0563e-06,6.6124e-06,6.28862e-05,0.0028171886,7.7033e-06,-1.49073e-05,0.0026638297,8.9181e-06,0.0025704069,0.862326,1.815994,1.724987,0.313742,0.644118,-0.531511,0.451857
1403715388.0624,-0.261831,-0.457562,0.72881,0.614309,-0.561452,0.424884,0.356188,0.0003566061,-1.54754e-05,-0.0001485617,1.0371e-06,6.4887e-06,6.23402e-05,0.0028220874,-3.8167e-06,-1.48968e-05,0.0026786446,8.918e-06,0.0025703929,0.792523,1.780564,1.732059,0.313298,0.645134,-0.529405,0.453185
1403715388.3124,-0.452325,-0.522487,0.690069,0.613172,-0.552165,0.432237,0.363738,0.0003642508,-1.2445e-05,-0.0001409878,7.994e-07,4.8602e-06,5.50187e-05,0.0028432874,-4.28412e-05,-1.49554e-05,0.0027400039,8.9537e-06,0.0025710502,0.619105,1.678626,1.695934,0.320641,0.643215,-0.520444,0.461087
1403715388.3624,-0.491237,-0.537322,0.677973,0.613011,-0.550085,0.433137,0.366081,0.0003658366,-1.10533e-05,-0.0001393363,7.07e-07,4.2544e-06,5.35116e-05,0.0028476417,-5.19511e-05,-1.48274e-05,0.002755162,8.7964e-06,0.0025708548,0.584505,1.65603,1.683762,0.32299,0.642912,-0.518444,0.462123
1403715388.4124,-0.530096,-0.552649,0.665584,0.61291,-0.548954,0.434,0.366925,0.0003666684,-1.06701e-05,-0.0001384179,6.833e-07,4.0743e-06,5.26922e-05,0.0028527866,-6.20034e-05,-1.4735e-05,0.0027721502,8.6877e-06,0.0025707904,0.550012,1.633033,1.671174,0.323839,0.642714,-0.517343,0.463037
1403715388.5124,-0.606521,-0.583784,0.639462,0.613263,-0.547128,0.433887,0.36919,0.0003676907,-8.8262e-06,-0.0001373912,5.874e-07,3.3448e-06,5.17773e-05,0.0028651118,-8.40232e-05,-1.48235e-05,0.0028105929,8.681e-06,0.0025711072,0.481203,1.586088,1.645218,0.326166,0.642976,-0.515519,0.463075
1403715388.5624,-0.644036,-0.599086,0.626245,0.612713,-0.546992,0.434994,0.369003,0.0003681164,-9.5071e-06,-0.0001368327,6.203e-07,3.5816e-06,5.1299e-05,0.0028708733,-9.52185e-05,-1.4768e-05,0.002830521,8.5832e-06,0.0025710673,0.447292,1.562365,1.632176,0.325912,0.642421,-0.51541,0.464144
1403715388.6124,-0.681532,-0.614856,0.612967,0.612322,-0.546885,0.435571,0.369129,0.0003684392,-9.7812e-06,-0.0001364288,6.352e-07,3.6705e-06,5.09542e-05,0.0028770338,-0.0001069909,-1.47482e-05,0.0028520251,8.5225e-06,0.0025711206,0.413244,1.538633,1.619473,0.326001,0.642014,-0.515376,0.46468
1403715388.8124,-0.831544,-0.678833,0.566001,0.61206,-0.544811,0.437388,0.370479,0.0003700059,-9.2944e-06,-0.0001346815,6.181e-07,3.4327e-06,4.9466e-05,0.0029062768,-0.000160003,-1.47794e-05,0.0029506766,8.602e-06,0.0025718138,0.278797,1.443638,1.572735,0.327355,0.641569,-0.513416,0.46651
1403715388.8624,-0.868091,-0.695565,0.555911,0.61258,-0.544059,0.437465,0.370634,0.0003701239,-8.8652e-06,-0.0001345362,5.968e-07,3.2711e-06,4.93418e-05,0.00291312,-0.0001740849,-1.46194e-05,0.0029768755,8.5147e-06,0.0025717162,0.245685,1.419773,1.562731,0.327506,0.642013,-0.512673,0.466611
1403715389.2124,-1.120645,-0.810804,0.552521,0.617101,-0.535441,0.437581,0.375517,0.0003724874,-2.2377e-06,-0.0001320693,4.16e-07,8.413e-07,4.72774e-05,0.0029765104,-0.0002886499,-1.46084e-05,0.0031934725,8.7761e-06,0.0025729406,0.018942,1.252276,1.56181,0.332541,0.646091,-0.503981,0.46689
1403715389.2624,-1.15528,-0.827216,0.558396,0.618557,-0.533605,0.436557,0.376923,0.0003725915,-5.11e-08,-0.0001319227,4.033e-07,6.5e-08,4.71585e-05,0.002985166,-0.0003059842,-1.46119e-05,0.0032264317,8.6974e-06,0.0025728403,-0.011927,1.228612,1.568404,0.334033,0.64748,-0.502116,0.465908
1403715389.5124,-1.316355,-0.903635,0.58332,0.622864,-0.529055,0.434863,0.378201,0.0003722874,4.131e-06,-0.0001322528,4.599e-07,-1.4223e-06,4.74374e-05,0.003034151,-0.0003963594,-1.45778e-05,0.0033981173,8.686e-06,0.0025734229,-0.156572,1.116886,1.594643,0.335419,0.651824,-0.497246,0.464076
1403715389.5624,-1.346374,-0.918347,0.586871,0.622388,-0.529516,0.436063,0.376955,0.0003723347,2.721e-06,-0.0001321934,4.351e-07,-9.2e-07,4.73877e-05,0.0030424875,-0.0004131822,-1.45967e-05,0.0034307284,8.58e-06,0.0025734128,-0.183313,1.095316,1.598379,0.334073,0.651421,-0.497757,0.465064
1403715389.9624,-1.564848,-1.037151,0.598278,0.644223,-0.509507,0.454041,0.34529,0.0003684235,-7.2007e-06,-0.0001368369,5.851e-07,2.7241e-06,5.12892e-05,0.0031288479,-0.0005627336,-1.48078e-05,0.0037041956,8.7302e-06,0.0025744737,-0.373103,0.926485,1.610131,0.301367,0.671972,-0.476344,0.480344
1403715390.0124,-1.590914,-1.052497,0.59712,0.651306,-0.504539,0.453787,0.339584,0.0003659619,-6.2565e-06,-0.0001396421,5.525e-07,2.4358e-06,5.37487e-05,0.0031400241,-0.0005825463,-1.47622e-05,0.0037373855,8.622e-06,0.0025742504,-0.395374,0.90517,1.608913,0.295672,0.678785,-0.470873,0.479698
1403715390.0624,-1.616641,-1.068219,0.59492,0.658442,-0.499117,0.45372,0.333878,0.0003636108,-5.324e-06,-0.0001422303,5.254e-07,2.1297e-06,5.60989e-05,0.0031521402,-0.0006033116,-1.4747e-05,0.0037722882,8.5239e-06,0.0025741747,-0.417381,0.883455,1.606807,0.28996,0.685616,-0.464952,0.479245
1403715390.26239,-1.713663,-1.139322,0.582922,0.686883,-0.470961,0.455444,0.314575,0.0003568436,1.1103e-06,-0.0001493483,4.649e-07,-4.243e-07,6.29784e-05,0.003211083,-0.0006922323,-1.48501e-05,0.0039096193,8.5066e-06,0.002574502,-0.497157,0.789203,1.595668,0.270612,0.712409,-0.434922,0.479674
1403715390.31239,-1.735046,-1.160216,0.579116,0.692578,-0.462306,0.458063,0.311107,0.0003569532,2.754e-06,-0.0001491877,4.83e-07,-1.1133e-06,6.28203e-05,0.0032283994,-0.0007164135,-1.47805e-05,0.0039404217,8.4485e-06,0.0025743252,-0.513702,0.763325,1.592026,0.26702,0.717586,-0.425925,0.482038
1403715390.36239,-1.755236,-1.181639,0.575037,0.698093,-0.45383,0.460861,0.307103,0.0003569735,3.9531e-06,-0.0001491161,5.066e-07,-1.616e-06,6.27535e-05,0.0032472186,-0.0007413084,-1.4757e-05,0.0039702714,8.3791e-06,0.0025742378,-0.529075,0.736782,1.588236,0.262871,0.722595,-0.417096,0.48455
1403715390.56239,-1.823946,-1.274988,0.560772,0.720182,-0.413784,0.470748,0.297516,0.0003586403,1.50816e-05,-0.0001467741,1.105e-06,-6.1484e-06,6.05296e-05,0.003333776,-0.0008425283,-1.47949e-05,0.0040726865,8.3581e-06,0.0025743821,-0.57596,0.625449,1.573368,0.252862,0.742284,-0.37578,0.493829
1403715390.61239,-1.836924,-1.298993,0.557382,0.724646,-0.4034,0.474156,0.29552,0.0003596568,1.77209e-05,-0.0001454058,1.3395e-06,-7.1437e-06,5.92412e-05,0.0033562304,-0.000868152,-1.46252e-05,0.004094881,8.3135e-06,0.0025741063,-0.583621,0.597488,1.569752,0.250676,0.746158,-0.365052,0.497142
1403715390.66239,-1.848404,-1.323361,0.553372,0.728705,-0.394528,0.477813,0.291602,0.0003602731,1.86005e-05,-0.0001446143,1.4221e-06,-7.4483e-06,5.84968e-05,0.0033793143,-0.0008925772,-1.44194e-05,0.0041120709,8.2059e-06,0.0025738609,-0.589567,0.569738,1.565798,0.246553,0.749689,-0.355885,0.500526
1403715391.01239,-1.888124,-1.499158,0.526534,0.746077,-0.368808,0.497003,0.245636,0.0003575748,-5.07e-08,-0.0001486133,4.511e-07,4.08e-08,6.22158e-05,0.0035663066,-0.001050498,-1.45305e-05,0.0041747938,8.0118e-06,0.0025735611,-0.588778,0.381041,1.535585,0.199261,0.765248,-0.329154,0.51609
1403715391.06239,-1.889114,-1.525318,0.523322,0.747707,-0.367023,0.49832,0.240638,0.0003567248,-2.3548e-06,-0.0001493892,4.57e-07,1.0058e-06,6.30036e-05,0.0035986472,-0.0010745635,-1.44297e-05,0.0041775615,7.8722e-06,0.0025731013,-0.584113,0.353166,1.531071,0.194007,0.766831,-0.327126,0.517031
1403715391.11239,-1.889169,-1.552419,0.519644,0.749445,-0.364875,0.499914,0.235127,0.0003559583,-4.8154e-06,-0.0001500482,5.016e-07,2.0494e-06,6.36893e-05,0.0036300399,-0.0010962083,-1.4382e-05,0.0041775339,7.7698e-06,0.0025728713,-0.578478,0.324772,1.526482,0.188263,0.768502,-0.324757,0.518166
1403715391.56239,-1.871223,-1.853864,0.495002,0.752608,-0.346955,0.518681,0.210175,0.0003604004,-1.69157e-05,-0.0001447498,1.2096e-06,6.8171e-06,5.85586e-05,0.0040262568,-0.0013227259,-1.46804e-05,0.0041485682,7.4273e-06,0.0025723626,-0.496239,0.027247,1.497085,0.16192,0.771047,-0.307077,0.533828
1403715391.61239,-1.868301,-1.89188,0.493217,0.752478,-0.34721,0.520175,0.206497,0.0003600412,-1.95682e-05,-0.000144711,1.4724e-06,7.8883e-06,5.85773e-05,0.0040813525,-0.0013511411,-1.45461e-05,0.0041438704,7.3113e-06,0.0025719977,-0.485026,-0.010437,1.494276,0.158029,0.771043,-0.307288,0.534877
1403715391.66239,-1.865166,-1.9311,0.491762,0.752356,-0.346222,0.522208,0.203447,0.0003602969,-2.15282e-05,-0.0001440985,1.6912e-06,8.6331e-06,5.8039e-05,0.0041393922,-0.0013800958,-1.44634e-05,0.0041389627,7.1658e-06,0.002571783,-0.473557,-0.049352,1.492499,0.154726,0.770985,-0.306277,0.536504
1403715392.01239,-1.842636,-2.241613,0.549245,0.768896,-0.307734,0.524707,0.196931,0.000361345,-7.6966e-06,-0.0001443932,5.655e-07,3.0886e-06,5.80976e-05,0.004647647,-0.0016032842,-1.43404e-05,0.0041023734,6.4529e-06,0.0025715609,-0.386725,-0.350933,1.553422,0.147969,0.785875,-0.267252,0.537664
1403715392.06239,-1.839542,-2.287863,0.562248,0.771764,-0.304171,0.523193,0.195268,0.0003599993,-6.4785e-06,-0.0001457736,5.147e-07,2.6353e-06,5.94224e-05,0.0047274938,-0.0016365766,-1.438e-05,0.0040993209,6.329e-06,0.0025714288,-0.372973,-0.396332,1.566726,0.146392,0.788654,-0.263534,0.535859
1403715392.26239,-1.815529,-2.479765,0.610909,0.776938,-0.293079,0.524525,0.188004,0.000359169,-5.8614e-06,-0.0001466381,4.979e-07,2.4041e-06,6.02646e-05,0.0050873462,-0.001761633,-1.43732e-05,0.0040646433,5.9275e-06,0.0025715769,-0.308857,-0.581514,1.617507,0.138914,0.793524,-0.25234,0.536049
1403715392.31239,-1.807141,-2.528913,0.623268,0.777322,-0.287919,0.527829,0.185121,0.0003606264,-6.2133e-06,-0.0001450595,5.073e-07,2.5096e-06,5.87399e-05,0.0051840671,-0.001791178,-1.43646e-05,0.004052555,5.8303e-06,0.0025714648,-0.289918,-0.62818,1.62976,0.135846,0.793628,-0.247283,0.539029
1403715392.76239,-1.723721,-2.951314,0.716303,0.779354,-0.203616,0.572957,0.151224,0.0003822758,1.1514e-06,-0.0001188082,4.173e-07,-3.614e-07,3.73033e-05,0.0061087914,-0.0020141224,-1.44545e-05,0.0039323316,4.988e-06,0.0025724218,-0.113125,-1.031602,1.723094,0.099352,0.790854,-0.164081,0.581171
1403715392.81239,-1.716953,-2.993717,0.721867,0.784176,-0.194004,0.571393,0.144705,0.0003803745,2.213e-06,-0.0001214598,4.215e-07,-7.125e-07,3.91599e-05,0.006207861,-0.002039519,-1.44109e-05,0.0039258584,5.0732e-06,0.0025720082,-0.096736,-1.072037,1.728587,0.092939,0.795132,-0.154186,0.579101
1403715392.86239,-1.711012,-3.034258,0.726966,0.790024,-0.184961,0.568176,0.137215,0.0003773454,2.7633e-06,-0.0001255713,4.265e-07,-9.278e-07,4.21642e-05,0.0063067342,-0.0020617759,-1.44081e-05,0.0039171386,5.022e-06,0.0025718493,-0.081074,-1.111263,1.73348,0.08562,0.800487,-0.144708,0.575285
1403715392.96239,-1.699651,-3.111963,0.736241,0.800501,-0.164572,0.562945,0.123316,0.0003720858,4.9244e-06,-0.0001322426,4.708e-07,-1.7629e-06,4.73837e-05,0.0064986121,-0.0021044265,-1.44514e-05,0.0039024333,4.8675e-06,0.0025718829,-0.051223,-1.186374,1.742446,0.071971,0.809833,-0.123625,0.568957
1403715393.01239,-1.693575,-3.148863,0.740604,0.804581,-0.153706,0.561658,0.116463,0.0003702896,5.9398e-06,-0.0001343599,4.981e-07,-2.1704e-06,4.91363e-05,0.0065913046,-0.0021234461,-1.44387e-05,0.0038940445,4.854e-06,0.002571761,-0.036236,-1.222489,1.747024,0.065196,0.813332,-0.112498,0.567088
1403715393.06238,-1.688072,-3.184329,0.745214,0.807813,-0.143574,0.561348,0.108225,0.0003690087,5.533e-06,-0.0001358761,4.818e-07,-2.054e-06,5.04153e-05,0.0066824043,-0.0021409985,-1.42688e-05,0.0038848105,4.7591e-06,0.0025715477,-0.021087,-1.257753,1.751887,0.056973,0.816024,-0.10215,0.566063
1403715393.36238,-1.64148,-3.373596,0.762584,0.814054,-0.061877,0.572938,0.072309,0.0003719323,1.8623e-05,-0.0001312653,1.3204e-06,-6.5996e-06,4.67119e-05,0.0071925492,-0.002219753,-1.43186e-05,0.0038262089,4.6397e-06,0.0025718108,0.074226,-1.442432,1.770902,0.020179,0.817814,-0.020561,0.574765
1403715393.41238,-1.632494,-3.398328,0.763726,0.814171,-0.047444,0.574919,0.065903,0.0003724917,2.09864e-05,-0.0001301849,1.5625e-06,-7.3626e-06,4.58778e-05,0.0072507385,-0.0022211865,-1.42416e-05,0.0038117813,4.8744e-06,0.0025714515,0.089909,-1.467733,1.773109,0.01355,0.817171,-0.006174,0.576207
1403715393.51237,-1.615033,-3.444986,0.765409,0.813516,-0.018621,0.578866,0.052521,0.0003735659,2.53968e-05,-0.000128031,2.0987e-06,-8.7342e-06,4.42539e-05,0.0073772906,-0.0022301484,-1.41836e-05,0.0037890905,4.9385e-06,0.0025712797,0.120062,-1.512917,1.775419,0.00025,-0.814948,-0.022395,-0.579106
1403715393.56237,-1.606149,-3.463959,0.765509,0.812695,-0.004026,0.580865,0.045891,0.000374113,2.78013e-05,-0.0001268074,2.4335e-06,-9.4543e-06,4.33526e-05,0.0074308257,-0.0022304525,-1.4097e-05,0.0037763091,4.9712e-06,0.0025710997,0.134106,-1.532384,1.775978,0.00716,-0.813354,-0.036864,-0.58056
1403715393.71237,-1.586027,-3.512729,0.764276,0.812378,0.031651,0.582136,0.01254,0.0003746134,2.28302e-05,-0.0001272267,1.7591e-06,-7.7861e-06,4.35893e-05,0.0075630717,-0.0022335034,-1.42588e-05,0.00375072,4.6385e-06,0.0025717039,0.170465,-1.577533,1.774672,0.040721,-0.810902,-0.072224,-0.579283
1403715393.76237,-1.578791,-3.523327,0.762477,-0.813408,-0.041452,-0.580213,0.001068,0.0003737728,1.84728e-05,-0.0001290018,1.2677e-06,-6.4044e-06,4.48954e-05,0.0075965045,-0.0022322226,-1.42015e-05,0.0037416358,4.6894e-06,0.0025713239,0.180637,-1.588333,1.773292,0.05441,-0.811295,-0.082079,-0.576289
1403715393.81237,-1.571796,-3.532909,0.760419,-0.814711,-0.051789,-0.577384,0.013836,0.0003723944,1.48954e-05,-0.0001311953,9.429e-07,-5.2744e-06,4.659e-05,0.0076212916,-0.0022279526,-1.41493e-05,0.0037321066,4.6934e-06,0.0025711149,0.19022,-1.597431,1.771501,0.06715,-0.811935,-0.092512,-0.57245
1403715394.21237,-1.538609,-3.578872,0.747174,-0.806945,-0.145357,-0.564245,0.096637,0.0003697587,3.4803e-06,-0.0001353695,3.64e-07,-1.2902e-06,4.99291e-05,0.0077523696,-0.0022072818,-1.47559e-05,0.003690271,4.0428e-06,0.0025724569,0.250446,-1.638563,1.759607,0.149342,-0.798755,-0.185171,-0.552634
1403715394.31237,-1.531572,-3.583312,0.743274,-0.800853,-0.172006,-0.561844,0.115668,0.0003705506,3.4292e-06,-0.0001344724,3.502e-07,-1.2574e-06,4.91582e-05,0.0077673826,-0.0022019667,-1.50986e-05,0.0036825402,4.1555e-06,0.0025724084,0.261835,-1.642141,1.756018,0.168348,-0.791087,-0.211299,-0.548815
1403715394.36237,-1.527993,-3.584695,0.74196,-0.796202,-0.186444,-0.562105,0.12385,0.0003717763,5.1577e-06,-0.0001329565,3.814e-07,-1.8568e-06,4.78971e-05,0.0077716389,-0.0021971111,-1.51728e-05,0.0036768104,4.2834e-06,0.0025721038,0.267201,-1.642985,1.754797,0.176602,-0.785603,-0.225366,-0.548502
1403715394.41237,-1.524926,-3.584692,0.740623,-0.791268,-0.200756,-0.562195,0.132398,0.0003730099,6.6545e-06,-0.0001313914,4.226e-07,-2.3569e-06,4.66235e-05,0.0077737748,-0.0021932099,-1.51127e-05,0.003672702,4.3305e-06,0.0025718476,0.272017,-1.64339,1.753924,0.185241,-0.779847,-0.239275,-0.547976
1403715394.46237,-1.522815,-3.584336,0.739845,-0.785285,-0.215177,-0.563319,0.140353,0.0003748064,8.9873e-06,-0.000129012,5.174e-07,-3.1061e-06,4.47444e-05,0.007771835,-0.0021885097,-1.50126e-05,0.0036692401,4.2956e-06,0.0025717768,0.276454,-1.643152,1.753638,0.193274,-0.773059,-0.253221,-0.548553
1403715394.51237,-1.521019,-3.583201,0.739205,-0.779613,-0.229512,-0.563565,0.148062,0.0003760612,1.13197e-05,-0.0001272297,6.405e-07,-3.8418e-06,4.33786e-05,0.0077692731,-0.0021858569,-1.49203e-05,0.0036678057,4.2435e-06,0.0025717666,0.279979,-1.642392,1.75327,0.201043,-0.766563,-0.26714,-0.548274
1403715394.56237,-1.520627,-3.581499,0.738133,-0.774516,-0.243391,-0.562441,0.156671,0.0003767016,1.26312e-05,-0.0001262885,7.212e-07,-4.2458e-06,4.26695e-05,0.0077647065,-0.0021834304,-1.4832e-05,0.0036670398,4.1785e-06,0.0025717648,0.282369,-1.641167,1.752786,0.20961,-0.760655,-0.280653,-0.546541
1403715394.71237,-1.527161,-3.572354,0.731571,-0.761963,-0.28208,-0.551859,0.187871,0.0003763434,1.02628e-05,-0.0001270471,5.732e-07,-3.4728e-06,4.32118e-05,0.0077398355,-0.0021875751,-1.47775e-05,0.00367765,4.0278e-06,0.0025720121,0.281049,-1.635279,1.749561,0.240149,-0.745625,-0.318518,-0.533783
1403715394.76237,-1.53206,-3.569271,0.729841,-0.758832,-0.295354,-0.54564,0.198032,0.0003748332,8.9654e-06,-0.0001291143,5.013e-07,-3.0933e-06,4.47912e-05,0.0077299016,-0.0021911552,-1.47047e-05,0.0036831756,4.026e-06,0.0025717945,0.277614,-1.632674,1.747845,0.249917,-0.741555,-0.3317,-0.526896
1403715394.91237,-1.552005,-3.555722,0.722485,-0.746308,-0.338019,-0.526282,0.227584,0.0003703779,6.6741e-06,-0.0001348243,4.103e-07,-2.4351e-06,4.93981e-05,0.0076970984,-0.0022107615,-1.52124e-05,0.0037115016,3.5941e-06,0.0025729359,0.262086,-1.624135,1.743151,0.278229,-0.726197,-0.373694,-0.505556
1403715394.96237,-1.558521,-3.551002,0.719438,-0.740576,-0.352961,-0.520042,0.237744,0.0003693591,6.2219e-06,-0.0001360652,3.948e-07,-2.2965e-06,5.04418e-05,0.0076857922,-0.0022173315,-1.51172e-05,0.0037214908,3.511e-06,0.0025732271,0.255638,-1.620558,1.741922,0.288019,-0.719378,-0.388403,-0.498691
1403715395.01237,-1.566683,-3.544828,0.716504,-0.73413,-0.368675,-0.513906,0.247049,0.0003682595,6.6232e-06,-0.0001373506,4.106e-07,-2.4754e-06,5.15487e-05,0.007674259,-0.0022231494,-1.52587e-05,0.0037313135,3.3095e-06,0.0025738455,0.24874,-1.61676,1.740622,0.296945,-0.711918,-0.403703,-0.491963
1403715395.11236,-1.554926,-3.524353,0.720015,-0.720347,-0.398184,-0.501677,0.266215,0.0003671364,6.6424e-06,-0.000138548,3.495e-07,-2.4983e-06,5.25793e-05,0.0076194685,-0.0022412236,-1.66999e-05,0.003754189,1.5773e-06,0.0025731383,0.232816,-1.607836,1.737757,0.316134,-0.695202,-0.432943,-0.478874
1403715395.16236,-1.562628,-3.517377,0.718858,-0.712919,-0.412456,-0.495831,0.275277,0.0003661074,6.72e-06,-0.0001397176,3.489e-07,-2.5546e-06,5.36099e-05,0.0075789673,-0.0021996756,-1.70233e-05,0.0037241776,1.1717e-06,0.0025732836,0.224231,-1.602613,1.736227,0.324753,-0.686813,-0.446761,-0.472478
1403715395.21236,-1.572802,-3.512804,0.720103,-0.706538,-0.425038,-0.488776,0.285035,0.0003652303,5.3332e-06,-0.0001407669,2.999e-07,-2.0453e-06,5.45343e-05,0.0075577162,-0.0022059622,-1.7177e-05,0.0037346626,9.721e-07,0.0025731955,0.215243,-1.597024,1.734479,0.33389,-0.679515,-0.459085,-0.464784
1403715395.41236,-1.61157,-3.482898,0.714135,-0.678445,-0.470836,-0.468027,0.314605,0.0003638899,5.7714e-06,-0.0001422947,3.12e-07,-2.2452e-06,5.59096e-05,0.0074606258,-0.0022305027,-1.79037e-05,0.0037842167,-3.553e-07,0.0025740559,0.174285,-1.571029,1.724121,0.361804,-0.648588,-0.503026,-0.442041
1403715395.46236,-1.623086,-3.476215,0.710318,-0.672704,-0.480295,-0.462175,0.321218,0.0003632174,4.8552e-06,-0.0001430681,2.807e-07,-1.9001e-06,5.66136e-05,0.0074580546,-0.0022514364,-1.8098e-05,0.0038055669,-7.403e-07,0.0025741292,0.163035,-1.563818,1.719969,0.367903,-0.642295,-0.512143,-0.43568
1403715395.51236,-1.636421,-3.471996,0.707177,-0.666815,-0.489052,-0.45681,0.327889,0.0003628077,4.0071e-06,-0.0001435335,2.461e-07,-1.5741e-06,5.70351e-05,0.0074362743,-0.0022645399,-1.70501e-05,0.0038206119,-3.148e-07,0.0025731401,0.15155,-1.556246,1.715098,0.373954,-0.635967,-0.520575,-0.429778
1403715395.66236,-1.664951,-3.439228,0.689667,-0.650396,-0.511089,-0.442474,0.346395,0.0003627571,8.463e-07,-0.000143715,2.081e-07,-3.237e-07,5.71867e-05,0.0073621672,-0.0022895544,-1.76637e-05,0.0038689042,-2.0146e-06,0.0025745645,0.115353,-1.53125,1.696976,0.391595,-0.618218,-0.541465,-0.413859
1403715395.71236,-1.676964,-3.433551,0.684142,-0.644871,-0.518877,-0.43844,0.350255,0.0003621157,1.5502e-06,-0.0001443981,2.044e-07,-6.064e-07,5.78177e-05,0.0073305511,-0.0022953486,-1.75999e-05,0.0038822129,-1.792e-06,0.002573966,0.10284,-1.522098,1.689734,0.394971,-0.612364,-0.548952,-0.409465
1403715395.81236,-1.697615,-3.410408,0.668483,-0.632838,-0.532762,-0.433335,0.357633,0.0003626298,3.7186e-06,-0.0001438545,2.315e-07,-1.4641e-06,5.72955e-05,0.0072772416,-0.0023108074,-1.76912e-05,0.0039136281,-2.2459e-06,0.0025740747,0.077379,-1.501589,1.674351,0.402012,-0.599696,-0.561999,-0.40362
1403715395.86236,-1.708722,-3.398973,0.660522,-0.629076,-0.537123,-0.429556,0.362275,0.0003627427,2.3642e-06,-0.0001437806,2.046e-07,-9.268e-07,5.72131e-05,0.0072477382,-0.0023191547,-1.75322e-05,0.0039300234,-2.0427e-06,0.002573771,0.064262,-1.49067,1.666245,0.406371,-0.595757,-0.566085,-0.399355
1403715395.91236,-1.719745,-3.386943,0.652421,-0.626572,-0.540026,-0.425823,0.36668,0.0003627888,3.131e-07,-0.0001437695,1.866e-07,-1.14e-07,5.71933e-05,0.0072155134,-0.002326035,-1.74022e-05,0.0039461513,-1.9529e-06,0.0025736082,0.051013,-1.479335,1.657902,0.410501,-0.593166,-0.5688,-0.395108
1403715396.06236,-1.75009,-3.34516,0.62854,-0.62622,-0.538808,-0.413204,0.383141,0.0003633942,-1.33423e-05,-0.0001425683,6.749e-07,5.2469e-06,5.61473e-05,0.0070995559,-0.0023334826,-1.77009e-05,0.0039909365,-2.893e-06,0.0025742095,0.011436,-1.442147,1.633532,0.426076,-0.593002,-0.567401,-0.380611
1403715396.11236,-1.759794,-3.332569,0.621786,-0.627132,-0.536595,-0.410102,0.388058,0.0003637874,-1.8069e-05,-0.0001416392,1.0796e-06,7.0479e-06,5.53569e-05,0.0070683826,-0.002339225,-1.75943e-05,0.0040063303,-2.7697e-06,0.002574032,-0.000489,-1.429453,1.62629,0.430709,-0.594148,-0.565181,-0.376895
1403715396.16236,-1.767705,-3.318995,0.615541,-0.627609,-0.534079,-0.408742,0.392169,0.0003647046,-2.16311e-05,-0.0001401533,1.4633e-06,8.3258e-06,5.40674e-05,0.0070346786,-0.00234129,-1.75291e-05,0.0040189787,-2.748e-06,0.0025739558,-0.011094,-1.41646,1.619677,0.43466,-0.59488,-0.562651,-0.374983
1403715396.21236,-1.773842,-3.304722,0.609547,-0.62771,-0.53245,-0.408858,0.394096,0.0003655137,-2.3108e-05,-0.0001390354,1.6394e-06,8.8031e-06,5.30922e-05,0.0069988449,-0.0023400131,-1.74584e-05,0.0040285011,-2.6864e-06,0.0025739007,-0.020184,-1.403317,1.61367,0.436574,-0.595203,-0.561018,-0.374694
1403715396.46236,-1.788094,-3.233298,0.583783,-0.618674,-0.539337,-0.427694,0.37873,0.0003692761,-2.7998e-06,-0.000136766,1.956e-07,1.0445e-06,5.08555e-05,0.0068040738,-0.0022971014,-1.75674e-05,0.0040439787,-3.1968e-06,0.0025746203,-0.04806,-1.334419,1.588862,0.422676,-0.586999,-0.56734,-0.393578
1403715396.51236,-1.790737,-3.218974,0.579044,-0.615939,-0.541862,-0.430296,0.376629,0.0003697357,1.0338e-06,-0.0001362751,1.75e-07,-3.747e-07,5.04273e-05,0.0067745456,-0.0022974529,-1.73179e-05,0.0040528357,-2.6564e-06,0.0025741622,-0.052532,-1.320397,1.584044,0.420829,-0.584291,-0.569682,-0.396194
1403715396.61236,-1.795998,-3.190589,0.569054,-0.610197,-0.54693,-0.432061,0.37663,0.0003705766,5.2562e-06,-0.0001352336,2.465e-07,-1.9133e-06,4.95494e-05,0.0066982787,-0.0022828753,-1.72021e-05,0.0040616165,-2.5367e-06,0.0025741252,-0.063105,-1.292085,1.574152,0.421094,-0.57843,-0.574335,-0.397793
1403715396.66236,-1.799502,-3.176359,0.563901,-0.606296,-0.549881,-0.431866,0.378852,0.0003714441,6.2661e-06,-0.0001341767,2.775e-07,-2.2591e-06,4.86666e-05,0.0066648775,-0.002278735,-1.70285e-05,0.004067681,-2.267e-06,0.0025739011,-0.069331,-1.278211,1.568874,0.423389,-0.57438,-0.576961,-0.397424
1403715396.81236,-1.813572,-3.135205,0.543491,-0.600072,-0.558062,-0.422825,0.386909,0.0003706858,3.1065e-06,-0.0001352691,2.011e-07,-1.129e-06,4.95628e-05,0.006560688,-0.002265041,-1.69891e-05,0.0040899631,-2.6551e-06,0.0025742846,-0.09082,-1.239369,1.548721,0.431203,-0.567495,-0.584537,-0.387725
1403715396.86235,-1.819407,-3.12251,0.537105,-0.599273,-0.561176,-0.418498,0.388346,0.0003692472,1.8085e-06,-0.0001370014,1.828e-07,-6.671e-07,5.10322e-05,0.0065275327,-0.0022630101,-1.65991e-05,0.0040979885,-2.1257e-06,0.0025738584,-0.098714,-1.226874,1.541205,0.432487,-0.566401,-0.587579,-0.38327
1403715396.91235,-1.825786,-3.110859,0.53144,-0.598713,-0.56408,-0.414462,0.389331,0.0003676946,6.912e-07,-0.0001387699,1.733e-07,-2.572e-07,5.2573e-05,0.0064951409,-0.0022612355,-1.63702e-05,0.0041060512,-1.5487e-06,0.0025734252,-0.10683,-1.214569,1.533214,0.433315,-0.565575,-0.59044,-0.379137
1403715396.96235,-1.831356,-3.097698,0.523105,-0.599047,-0.568399,-0.409647,0.387627,0.0003645383,6.307e-07,-0.000142287,1.738e-07,-2.427e-07,5.57402e-05,0.006465911,-0.0022604829,-1.63082e-05,0.0041160826,-1.4674e-06,0.0025733643,-0.115176,-1.202204,1.524279,0.431475,-0.565539,-0.594834,-0.37439
1403715397.06235,-1.842067,-3.069862,0.504771,-0.601098,-0.575363,-0.399726,0.384523,0.0003580105,-7.41e-07,-0.0001490953,1.767e-07,3.118e-07,6.22998e-05,0.006396462,-0.0022525003,-1.62512e-05,0.0041336082,-1.608e-06,0.002573494,-0.131703,-1.176281,1.504849,0.428053,-0.566939,-0.602022,-0.364582
1403715397.31235,-1.868175,-2.977581,0.456407,-0.609613,-0.574169,-0.377572,0.395148,0.0003512297,-1.83734e-05,-0.0001545303,1.1455e-06,8.0908e-06,6.82101e-05,0.0061778961,-0.002211575,-1.6235e-05,0.0041747885,-2.5835e-06,0.0025746589,-0.174072,-1.092565,1.454558,0.437707,-0.574941,-0.601203,-0.34119
1403715397.41235,-1.869936,-2.934268,0.437788,-0.612026,-0.570631,-0.37272,0.401103,0.0003511333,-2.49935e-05,-0.0001537195,1.9652e-06,1.09498e-05,6.75176e-05,0.0060646416,-0.0021799176,-1.6263e-05,0.0041828718,-2.8786e-06,0.0025746794,-0.187741,-1.04854,1.435744,0.443301,-0.577461,-0.597717,-0.335794
1403715397.71235,-1.841647,-2.768722,0.398165,-0.607658,-0.565282,-0.377047,0.41115,0.0003581353,-2.82593e-05,-0.0001464482,2.4237e-06,1.15621e-05,6.0109e-05,0.005685434,-0.0020144153,-1.66684e-05,0.0041341224,-2.7067e-06,0.0025747628,-0.197646,-0.87927,1.39407,0.45358,-0.57348,-0.591998,-0.339006
1403715397.76236,-1.831305,-2.733817,0.39306,-0.605204,-0.564297,-0.381505,0.412008,0.0003609773,-2.64315e-05,-0.000143757,2.1264e-06,1.05309e-05,5.74708e-05,0.0056264683,-0.0019802474,-1.67613e-05,0.0041125216,-1.8989e-06,0.0025742385,-0.194168,-0.846816,1.390881,0.454838,-0.571007,-0.59102,-0.343175
1403715397.81236,-1.820054,-2.702777,0.390824,-0.60299,-0.563076,-0.385296,0.413395,0.0003636707,-2.51458e-05,-0.000141109,1.9304e-06,9.7608e-06,5.49715e-05,0.0055501324,-0.0019403323,-1.6879e-05,0.0040941677,-1.8303e-06,0.0025742196,-0.189618,-0.813945,1.38849,0.456455,-0.568949,-0.589639,-0.346803
1403715397.86236,-1.807592,-2.671172,0.388918,-0.601081,-0.562503,-0.388689,0.413778,0.0003656839,-2.34661e-05,-0.000139183,1.6983e-06,8.9346e-06,5.31934e-05,0.0054829012,-0.0019026542,-1.69843e-05,0.0040745687,-1.7962e-06,0.0025742363,-0.183809,-0.780478,1.386808,0.457057,-0.567178,-0.588931,-0.350097
1403715397.91236,-1.7941,-2.639248,0.387467,-0.598663,-0.562572,-0.393088,0.413034,0.0003677278,-2.04364e-05,-0.0001373541,1.3288e-06,7.6356e-06,5.15232e-05,0.0054158598,-0.0018640252,-1.70894e-05,0.0040536227,-1.7623e-06,0.0025742472,-0.176866,-0.746737,1.385706,0.456613,-0.564883,-0.588863,-0.354477
1403715398.36237,-1.653911,-2.387258,0.360699,-0.585037,-0.556086,-0.424867,0.409863,0.000381819,-2.6895e-06,-0.0001212384,2.291e-07,8.508e-07,3.87247e-05,0.0049124675,-0.0015390569,-1.80585e-05,0.0038521966,-2.5295e-06,0.0025757818,-0.094823,-0.474699,1.361717,0.455325,-0.552603,-0.581596,-0.386077
1403715398.46237,-1.628109,-2.347271,0.34877,-0.588104,-0.555931,-0.424332,0.406222,0.0003800651,-2.3615e-06,-0.0001236935,2.254e-07,7.644e-07,4.04865e-05,0.0048357244,-0.0014830877,-1.8292e-05,0.0038123394,-2.7615e-06,0.0025756072,-0.0756,-0.428989,1.350246,0.45176,-0.555701,-0.581758,-0.385575
1403715398.71238,-1.568173,-2.268661,0.326231,-0.58358,-0.553642,-0.440176,0.398949,0.0003838879,8.7951e-06,-0.0001180367,4.193e-07,-2.7116e-06,3.65293e-05,0.0046876117,-0.0013729073,-1.87955e-05,0.0037343108,-3.6326e-06,0.0025761066,-0.030505,-0.335982,1.327909,0.445535,-0.551798,-0.579274,-0.401822
1403715398.76238,-1.559381,-2.259638,0.323595,-0.580281,-0.55369,-0.446352,0.396827,0.0003854265,1.36535e-05,-0.0001151956,6.995e-07,-4.0897e-06,3.46623e-05,0.004672551,-0.001361323,-1.86905e-05,0.0037231213,-3.2935e-06,0.002575725,-0.022822,-0.321569,1.324983,0.443762,-0.548804,-0.578974,-0.408263
1403715398.86238,-1.544582,-2.241196,0.317574,-0.576035,-0.554536,-0.45424,0.392861,0.0003866741,2.07292e-05,-0.000112175,1.3288e-06,-6.0244e-06,3.2776e-05,0.0046436331,-0.0013382747,-1.87808e-05,0.0037049014,-3.3969e-06,0.0025757792,-0.01078,-0.298545,1.319243,0.440288,-0.544803,-0.579479,-0.416583
1403715398.96238,-1.537267,-2.2281,0.312244,-0.574263,-0.555031,-0.457005,0.391545,0.000387061,2.33333e-05,-0.000111022,1.6255e-06,-6.705e-06,3.20803e-05,0.0046217079,-0.001324213,-1.88232e-05,0.0036955536,-3.3433e-06,0.0025757418,-0.005129,-0.282854,1.313772,0.439105,-0.543171,-0.579732,-0.419599
1403715399.01238,-1.536287,-2.223879,0.310006,-0.573316,-0.555239,-0.457774,0.391742,0.00038734,2.39842e-05,-0.0001103803,1.7033e-06,-6.8478e-06,3.16903e-05,0.0046151242,-0.0013210135,-1.87948e-05,0.0036932667,-3.164e-06,0.0025756179,-0.00462,-0.278023,1.311706,0.439255,-0.542345,-0.579751,-0.420484
1403715399.11237,-1.539968,-2.219676,0.306033,-0.574892,-0.555972,-0.453383,0.393494,0.0003864587,2.09686e-05,-0.0001123348,1.3563e-06,-6.1078e-06,3.28905e-05,0.0046093335,-0.0013231187,-1.86921e-05,0.0036981942,-2.9209e-06,0.0025754486,-0.008331,-0.274814,1.307602,0.440585,-0.543942,-0.580334,-0.416203
1403715399.16237,-1.544834,-2.222915,0.304097,-0.576184,-0.555662,-0.44988,0.396054,0.000386188,1.76444e-05,-0.0001132508,1.0231e-06,-5.1862e-06,3.34478e-05,0.0046087134,-0.0013268783,-1.85489e-05,0.0037018357,-2.5125e-06,0.0025752202,-0.012596,-0.276025,1.305433,0.442771,-0.54533,-0.579913,-0.412639
1403715399.31238,-1.567602,-2.235079,0.299959,-0.577231,-0.556852,-0.444173,0.399287,0.0003852944,1.36972e-05,-0.0001151377,7.071e-07,-4.1051e-06,3.46486e-05,0.0046350267,-0.0013582325,-1.84973e-05,0.0037334166,-2.5202e-06,0.0025753148,-0.031968,-0.291643,1.30142,0.445586,-0.54609,-0.581044,-0.406974
1403715399.36238,-1.576942,-2.242674,0.298669,-0.57798,-0.558818,-0.442186,0.397659,0.0003837375,1.39797e-05,-0.000117353,7.285e-07,-4.2876e-06,3.61309e-05,0.0046476959,-0.0013706821,-1.8437e-05,0.0037437808,-2.3664e-06,0.0025752202,-0.040089,-0.300491,1.300095,0.443823,-0.546718,-0.583029,-0.405214
1403715399.61237,-1.64403,-2.298974,0.293052,-0.587189,-0.570181,-0.428355,0.382903,0.0003710355,1.54415e-05,-0.0001339676,8.684e-07,-5.5897e-06,4.86301e-05,0.0047434326,-0.0014677176,-1.82095e-05,0.0038340649,-2.2391e-06,0.0025753201,-0.095695,-0.363902,1.293351,0.428485,-0.554738,-0.595245,-0.392877
1403715399.66237,-1.659939,-2.313467,0.291303,-0.592247,-0.571592,-0.421457,0.380658,0.0003667332,1.22439e-05,-0.0001391125,6.316e-07,-4.658e-06,5.30291e-05,0.0047721124,-0.0014939497,-1.81184e-05,0.0038552058,-1.7064e-06,0.0025749494,-0.110404,-0.379223,1.2915,0.42568,-0.559755,-0.596847,-0.386323
1403715399.71237,-1.678062,-2.326262,0.289774,-0.597064,-0.572409,-0.415448,0.378505,0.0003627924,9.3061e-06,-0.0001435413,4.6e-07,-3.6954e-06,5.7055e-05,0.0047978547,-0.0015194144,-1.80661e-05,0.0038781179,-1.5591e-06,0.0025748965,-0.126267,-0.394369,1.290029,0.42316,-0.564432,-0.597973,-0.380502
1403715399.76237,-1.696529,-2.339151,0.290062,-0.600603,-0.572968,-0.411484,0.376383,0.000359742,7.6362e-06,-0.0001467205,3.822e-07,-3.1279e-06,6.01031e-05,0.0048198504,-0.0015452788,-1.80302e-05,0.003904044,-1.3887e-06,0.0025748074,-0.14289,-0.408791,1.289757,0.420781,-0.567904,-0.598746,-0.376739
1403715399.81237,-1.71574,-2.350274,0.290606,-0.603255,-0.573019,-0.408912,0.374866,0.000357658,6.4195e-06,-0.0001487973,3.348e-07,-2.684e-06,6.2169e-05,0.0048422495,-0.0015715458,-1.79856e-05,0.0039305807,-1.2858e-06,0.0025747786,-0.160102,-0.422481,1.29045,0.419097,-0.570529,-0.598932,-0.374345
1403715399.86237,-1.735504,-2.360596,0.291716,-0.604967,-0.573279,-0.407345,0.373412,0.0003560889,5.9722e-06,-0.0001502862,3.193e-07,-2.5338e-06,6.36933e-05,0.0048618463,-0.0015976377,-1.79444e-05,0.0039587105,-1.188e-06,0.0025747515,-0.177961,-0.435673,1.291655,0.417551,-0.572227,-0.599254,-0.372965
1403715400.51237,-2.045166,-2.372122,0.335989,-0.65058,-0.518245,-0.455335,0.31755,0.0003566502,2.27195e-05,-0.0001482138,1.7026e-06,-9.4626e-06,6.18872e-05,0.0048874689,-0.0018936979,-1.75878e-05,0.0044469682,-1.2894e-06,0.0025764646,-0.488354,-0.510588,1.34027,0.364674,-0.62196,-0.547784,-0.4244
1403715400.56237,-2.07894,-2.362309,0.338899,-0.659405,-0.507854,-0.457553,0.312914,0.0003563305,2.0131e-05,-0.0001487985,1.3903e-06,-8.4266e-06,6.24275e-05,0.0048716676,-0.0019213143,-1.75501e-05,0.0045096134,-1.3482e-06,0.0025760141,-0.52157,-0.509448,1.3428,0.360195,-0.631411,-0.538096,-0.426658
1403715400.61236,-2.112218,-2.353376,0.341317,-0.668818,-0.496173,-0.45941,0.30893,0.0003561744,1.65154e-05,-0.0001493558,1.0179e-06,-6.9446e-06,6.29202e-05,0.0048513907,-0.001944404,-1.75373e-05,0.0045707333,-1.4342e-06,0.0025757921,-0.555901,-0.507442,1.344818,0.35622,-0.641608,-0.527043,-0.428576
1403715400.81236,-2.245813,-2.303479,0.344264,-0.706907,-0.445636,-0.467746,0.287931,0.0003538254,3.774e-06,-0.0001524965,3.013e-07,-1.6412e-06,6.60236e-05,0.0047649331,-0.002024444,-1.76975e-05,0.0048201698,-1.8432e-06,0.002576141,-0.699591,-0.488322,1.347259,0.335444,-0.682894,-0.47936,-0.437439
1403715400.86236,-2.27941,-2.287562,0.344613,-0.715665,-0.431055,-0.47025,0.284395,0.0003540268,-6.254e-07,-0.0001523374,2.622e-07,2.569e-07,6.5848e-05,0.0047345161,-0.0020386215,-1.77533e-05,0.0048838192,-1.9363e-06,0.0025760517,-0.736192,-0.480293,1.346696,0.331983,-0.692562,-0.465412,-0.439934
1403715401.01236,-2.376376,-2.233891,0.341508,-0.738655,-0.398072,-0.470368,0.27328,0.0003496057,-1.11682e-05,-0.0001560243,6.239e-07,4.9769e-06,6.99365e-05,0.004640415,-0.0020733048,-1.80385e-05,0.0050779833,-2.3235e-06,0.0025763871,-0.844601,-0.447366,1.341408,0.320708,-0.717479,-0.434131,-0.440345
1403715401.11235,-2.42359,-2.176896,0.343166,-0.747341,-0.386928,-0.470275,0.265726,0.0003465423,-1.2411e-05,-0.0001585211,7.054e-07,5.6727e-06,7.2815e-05,0.0045669897,-0.002082262,-1.86307e-05,0.0051934022,-2.3222e-06,0.0025759689,-0.911761,-0.418482,1.339542,0.312322,-0.727326,-0.422776,-0.441262
1403715401.41234,-2.557437,-2.017411,0.354546,-0.752309,-0.377325,-0.481995,0.243592,0.0003466962,-1.0539e-06,-0.000158901,2.592e-07,4.732e-07,7.31308e-05,0.0042703116,-0.0019932436,-1.94862e-05,0.0054522275,-2.396e-06,0.0025758817,-1.080941,-0.288924,1.34916,0.291159,-0.732881,-0.413782,-0.454859
1403715401.46233,-2.5738,-1.984357,0.356669,-0.751179,-0.376226,-0.484649,0.243513,0.0003485702,-4.09e-07,-0.0001572615,2.516e-07,1.745e-07,7.12449e-05,0.0042245715,-0.0019750127,-1.93925e-05,0.0054879273,-2.3492e-06,0.0025756014,-1.105324,-0.259869,1.352786,0.291175,-0.731844,-0.412552,-0.457627
1403715401.86234,-2.66541,-1.694404,0.401177,-0.747119,-0.338927,-0.50507,0.268039,0.0003680485,-2.28613e-05,-0.0001358583,1.6826e-06,8.4337e-06,5.04396e-05,0.0038136377,-0.0017207986,-2.05747e-05,0.0056909659,-2.121e-06,0.0025764916,-1.256501,0.00223,1.395263,0.316639,-0.729279,-0.374223,-0.477336
1403715401.91234,-2.67142,-1.65935,0.40434,-0.747083,-0.33755,-0.507777,0.264744,0.0003689019,-2.07498e-05,-0.0001351924,1.426e-06,7.5988e-06,4.98299e-05,0.0037671437,-0.0016844468,-2.05692e-05,0.0057041321,-2.0211e-06,0.0025761907,-1.269516,0.034531,1.400764,0.313563,-0.72931,-0.372878,-0.480361
1403715402.11234,-2.691061,-1.526873,0.420185,-0.741502,-0.343381,-0.519549,0.249665,0.0003725196,-5.3488e-06,-0.0001324265,3.459e-07,1.8922e-06,4.73699e-05,0.0036060284,-0.0015442626,-2.15006e-05,0.005745314,-1.7819e-06,0.0025772105,-1.311985,0.158545,1.419784,0.299564,-0.72327,-0.37846,-0.493873
1403715402.26234,-2.70007,-1.437436,0.429746,-0.730823,-0.338471,-0.536861,0.251227,0.0003826867,-1.4321e-06,-0.0001190137,2.758e-07,4.343e-07,3.72944e-05,0.0035018038,-0.001447326,-2.15388e-05,0.0057794133,-1.7296e-06,0.0025771889,-1.339676,0.245233,1.432773,0.301964,-0.712878,-0.372547,-0.511695
1403715402.31234,-2.703898,-1.410936,0.43134,-0.731558,-0.337989,-0.538221,0.246789,0.0003823554,1.1279e-06,-0.0001195035,2.727e-07,-3.639e-07,3.76291e-05,0.0034753072,-0.001420615,-2.145e-05,0.0057837566,-1.7677e-06,0.0025769355,-1.349161,0.271258,1.434987,0.297619,-0.713618,-0.37214,-0.513502
1403715402.36234,-2.707841,-1.385646,0.432221,-0.734163,-0.337565,-0.538176,0.239626,0.0003805226,4.6211e-06,-0.0001220319,3.255e-07,-1.4936e-06,3.9413e-05,0.0034486434,-0.0013942372,-2.14364e-05,0.0057936451,-1.8054e-06,0.0025768008,-1.358818,0.295849,1.436509,0.290482,-0.716243,-0.371969,-0.514059
1403715402.46234,-2.718038,-1.335717,0.432011,-0.738131,-0.332471,-0.543026,0.223043,0.0003789419,1.2708e-05,-0.0001236909,7.024e-07,-4.1607e-06,4.06583e-05,0.0033999624,-0.00134381,-2.18976e-05,0.0058181458,-1.6836e-06,0.0025773573,-1.378912,0.341663,1.439265,0.27426,-0.720563,-0.367305,-0.52025
1403715402.56234,-2.731174,-1.286272,0.432279,-0.738701,-0.325835,-0.552197,0.20792,0.0003800492,2.10581e-05,-0.000121051,1.4497e-06,-6.7207e-06,3.88444e-05,0.0033529609,-0.0012941655,-2.24859e-05,0.0058514608,-1.5842e-06,0.0025780242,-1.402222,0.38595,1.442041,0.259677,-0.721656,-0.360757,-0.530694
1403715402.61234,-2.739412,-1.261481,0.432907,-0.73808,-0.322092,-0.556889,0.203395,0.0003814704,2.34115e-05,-0.0001186124,1.7227e-06,-7.2928e-06,3.71704e-05,0.0033297813,-0.0012689778,-2.28269e-05,0.005870656,-1.5367e-06,0.0025783919,-1.415652,0.407989,1.443605,0.255398,-0.721289,-0.35694,-0.535825
1403715402.66234,-2.748124,-1.236519,0.43371,-0.738082,-0.318837,-0.560195,0.199398,0.0003822873,2.5217e-05,-0.0001170702,1.9512e-06,-7.735e-06,3.61419e-05,0.0033071758,-0.0012446319,-2.32883e-05,0.0058935618,-1.6468e-06,0.002578697,-1.430619,0.430027,1.444582,0.251511,-0.721485,-0.353662,-0.539561
1403715402.71234,-2.759853,-1.211447,0.434028,-0.738611,-0.315181,-0.562305,0.197303,0.0003830433,2.52498e-05,-0.0001159667,1.9545e-06,-7.6564e-06,3.54008e-05,0.0032848166,-0.0012201123,-2.34811e-05,0.0059187526,-1.629e-06,0.0025789236,-1.447479,0.452116,1.445183,0.249494,-0.722186,-0.350015,-0.541932
1403715402.81234,-2.788798,-1.161028,0.43253,-0.747722,-0.303705,-0.555045,0.201494,0.0003810016,1.43265e-05,-0.000120808,8.332e-07,-4.5521e-06,3.86057e-05,0.0032426632,-0.0011742993,-2.42237e-05,0.0059896838,-1.5895e-06,0.0025798106,-1.486948,0.495389,1.444339,0.25315,-0.731591,-0.339145,-0.534482
1403715402.91234,-2.82266,-1.111628,0.431436,-0.756607,-0.29326,-0.546254,0.207728,0.0003778504,2.4234e-06,-0.000125988,3.143e-07,-8.142e-07,4.2317e-05,0.0032036975,-0.0011304386,-2.50671e-05,0.0060726389,-1.6443e-06,0.0025806438,-1.531508,0.536949,1.442895,0.258741,-0.740648,-0.329318,-0.525399
1403715402.96234,-2.840515,-1.087333,0.432063,-0.761767,-0.288967,-0.540572,0.20974,0.0003749749,-2.822e-06,-0.000129742,3.216e-07,9.721e-07,4.5204e-05,0.00318517,-0.001108665,-2.54795e-05,0.006114916,-1.7335e-06,0.0025808098,-1.554573,0.557432,1.442043,0.260362,-0.745847,-0.325418,-0.519643
1403715403.06235,-2.866115,-1.046595,0.435023,-0.77327,-0.282886,-0.526389,0.211999,0.0003664853,-1.16752e-05,-0.0001394111,6.671e-07,4.4411e-06,5.33433e-05,0.0031427756,-0.0010616398,-2.49321e-05,0.0061915201,-3.8367e-06,0.0025785828,-1.599598,0.597542,1.44078,0.261555,-0.757285,-0.320238,-0.505527
1403715403.11236,-2.88124,-1.027838,0.434566,-0.778342,-0.280894,-0.519865,0.212187,0.0003621489,-1.49738e-05,-0.0001438188,9.098e-07,5.9482e-06,5.74202e-05,0.0031264925,-0.0010441749,-2.38299e-05,0.0062026487,-4.4102e-06,0.0025780628,-1.620512,0.617078,1.440835,0.261397,-0.76229,-0.318605,-0.499077
1403715403.31234,-2.928634,-0.937835,0.440713,-0.786959,-0.281878,-0.508295,0.207069,0.0003531082,-1.52371e-05,-0.0001528542,9.556e-07,6.5986e-06,6.64911e-05,0.0030666146,-0.0009552671,-2.45674e-05,0.0063132358,-4.5972e-06,0.0025786292,-1.687271,0.695928,1.448398,0.255739,-0.770306,-0.320411,-0.488429
1403715403.46234,-2.943855,-0.870703,0.450241,-0.785293,-0.281221,-0.51463,0.198456,0.0003555906,-8.5991e-06,-0.0001510737,5.146e-07,3.654e-06,6.4516e-05,0.0030247103,-0.0008775094,-2.55007e-05,0.0063579473,-4.7473e-06,0.002579379,-1.71816,0.758368,1.45836,0.247414,-0.768584,-0.319693,-0.495845
1403715403.51235,-2.944849,-0.849476,0.453735,-0.785318,-0.277478,-0.517892,0.195112,0.0003569583,-7.375e-06,-0.0001498247,4.601e-07,3.0963e-06,6.32168e-05,0.0030107743,-0.000850488,-2.52789e-05,0.0063618459,-4.5121e-06,0.0025791539,-1.724842,0.780081,1.461945,0.244232,-0.76884,-0.31606,-0.499342
1403715403.61235,-2.94546,-0.800666,0.459406,-0.789043,-0.265386,-0.521512,0.187101,0.0003574888,-7.1765e-06,-0.0001493374,4.536e-07,2.999e-06,6.27172e-05,0.0029846144,-0.0007950579,-2.51845e-05,0.0063568166,-4.3819e-06,0.002578986,-1.734416,0.824871,1.467423,0.236481,-0.773194,-0.304499,-0.503517
1403715403.66235,-2.944573,-0.778103,0.460804,-0.791916,-0.258288,-0.522596,0.181797,0.0003569664,-7.0031e-06,-0.0001498743,4.481e-07,2.9421e-06,6.32601e-05,0.0029701808,-0.0007627281,-2.52439e-05,0.0063566667,-4.2955e-06,0.0025789874,-1.737684,0.847671,1.469361,0.231209,-0.776529,-0.297612,-0.504949
1403715403.71235,-2.941921,-0.755353,0.46148,-0.796207,-0.250252,-0.521839,0.176389,0.000355184,-7.6283e-06,-0.0001515837,4.76e-07,3.2582e-06,6.50295e-05,0.0029581409,-0.0007342977,-2.5308e-05,0.0063520628,-4.2271e-06,0.0025790049,-1.73989,0.870849,1.470422,0.225714,-0.781301,-0.289932,-0.504542
1403715403.86234,-2.923932,-0.688843,0.465878,-0.808439,-0.219357,-0.521426,0.162556,0.0003514829,-1.31158e-05,-0.0001547154,8.062e-07,5.7803e-06,6.84455e-05,0.0029238293,-0.0006444348,-2.54105e-05,0.0063059891,-4.061e-06,0.0025791398,-1.737165,0.943504,1.474864,0.211682,-0.795349,-0.260052,-0.504962
1403715403.91234,-2.914273,-0.665492,0.468156,-0.811627,-0.209141,-0.522432,0.156801,0.0003509046,-1.38166e-05,-0.0001551892,8.589e-07,6.1179e-06,6.89765e-05,0.0029139188,-0.0006170943,-2.52429e-05,0.0062837171,-4.1339e-06,0.0025788853,-1.732511,0.968562,1.477039,0.205881,-0.799167,-0.250086,-0.506364
1403715403.96235,-2.901306,-0.642552,0.470749,-0.814321,-0.198752,-0.52398,0.151076,0.0003507777,-1.45209e-05,-0.00015524,9.141e-07,6.4341e-06,6.90452e-05,0.002902709,-0.0005858554,-2.48077e-05,0.0062543365,-3.9167e-06,0.0025784546,-1.725824,0.994126,1.479528,0.200236,-0.802468,-0.239937,-0.508315
1403715404.01234,-2.886403,-0.619756,0.473573,-0.816135,-0.189333,-0.526541,0.144331,0.0003513018,-1.39182e-05,-0.0001548297,8.647e-07,6.142e-06,6.85813e-05,0.0028928969,-0.0005550549,-2.47475e-05,0.0062183602,-3.7869e-06,0.0025783844,-1.717401,1.019855,1.482531,0.193543,-0.804892,-0.230617,-0.511379
1403715404.06234,-2.870461,-0.597764,0.477787,-0.816311,-0.179874,-0.531416,0.137399,0.0003535653,-1.28042e-05,-0.000152843,7.768e-07,5.5424e-06,6.64143e-05,0.0028836204,-0.0005246618,-2.46396e-05,0.0061779298,-3.6351e-06,0.0025782835,-1.707245,1.045478,1.486571,0.186795,-0.805694,-0.221076,-0.516811
1403715404.46235,-2.715378,-0.409564,0.503328,-0.811621,-0.139046,-0.562678,0.073017,0.0003666936,1.4744e-05,-0.0001393435,9.246e-07,-5.6061e-06,5.32972e-05,0.0028263516,-0.0002807223,-2.49786e-05,0.005812123,-2.7404e-06,0.0025789994,-1.592822,1.269369,1.511832,0.123923,-0.803907,-0.179828,-0.553208
1403715404.51235,-2.694938,-0.381987,0.503436,-0.810841,-0.137358,-0.564686,0.069283,0.0003674775,1.67125e-05,-0.0001382515,1.0907e-06,-6.2923e-06,5.23557e-05,0.0028195486,-0.0002447828,-2.47789e-05,0.0057678107,-2.6955e-06,0.0025788252,-1.577921,1.301788,1.512908,0.12025,-0.803164,-0.177989,-0.555687
1403715404.56235,-2.674701,-0.352895,0.503555,-0.810154,-0.135655,-0.566354,0.067016,0.0003683366,1.76476e-05,-0.0001371711,1.1764e-06,-6.5776e-06,5.14247e-05,0.0028138108,-0.0002101697,-2.47081e-05,0.0057225722,-2.5998e-06,0.0025787973,-1.563449,1.335219,1.513206,0.118052,-0.802468,-0.176191,-0.557733
1403715404.61235,-2.655557,-0.323583,0.501707,-0.809495,-0.133545,-0.567894,0.066189,0.0003693064,1.74248e-05,-0.0001360935,1.1532e-06,-6.4269e-06,5.04915e-05,0.0028084919,-0.0001744214,-2.46417e-05,0.0056790313,-2.5094e-06,0.0025787744,-1.549855,1.369544,1.512298,0.117295,-0.80182,-0.173967,-0.55952
1403715404.81236,-2.581837,-0.195696,0.493538,-0.808532,-0.119095,-0.570877,0.078692,0.0003731957,3.4878e-06,-0.0001325953,3.672e-07,-1.2417e-06,4.74556e-05,0.0027960141,-2.98002e-05,-2.46265e-05,0.0055238544,-2.0403e-06,0.002579193,-1.500535,1.514794,1.502795,0.129571,-0.800932,-0.159385,-0.56242
1403715404.91235,-2.544603,-0.129655,0.48727,-0.809211,-0.109243,-0.57186,0.078864,0.0003738622,-1.1014e-06,-0.0001318533,3.368e-07,3.863e-07,4.6844e-05,0.0027944117,4.2452e-05,-2.46839e-05,0.0054431631,-1.8881e-06,0.0025790797,-1.477985,1.587839,1.496017,0.129637,-0.801886,-0.149647,-0.563719
1403715404.96235,-2.525499,-0.096521,0.483577,-0.809073,-0.102178,-0.573452,0.078192,0.0003747738,-3.7434e-06,-0.0001306841,3.689e-07,1.3042e-06,4.59093e-05,0.0027947221,7.84821e-05,-2.47087e-05,0.0054006806,-1.8333e-06,0.0025789266,-1.467324,1.623865,1.492278,0.12894,-0.802024,-0.142599,-0.565508
1403715405.01235,-2.507028,-0.064006,0.47996,-0.808683,-0.093689,-0.57562,0.076909,0.0003759417,-6.616e-06,-0.0001291037,4.461e-07,2.2725e-06,4.46741e-05,0.0027959968,0.0001128668,-2.47235e-05,0.0053601676,-1.7722e-06,0.0025788359,-1.456779,1.659142,1.488414,0.127657,-0.802028,-0.134099,-0.567868
1403715405.26236,-2.430858,0.077937,0.458645,-0.814198,-0.029675,-0.576995,0.057248,0.0003740795,-2.33241e-05,-0.0001296518,1.7893e-06,8.0915e-06,4.52813e-05,0.0028142572,0.000259521,-2.48422e-05,0.0052079779,-1.3814e-06,0.0025790879,-1.413922,1.8176,1.466445,0.107467,-0.811114,-0.070761,-0.570563
1403715405.41236,-2.390257,0.14416,0.444856,-0.818448,0.010162,-0.573819,0.027782,0.0003707241,-2.25312e-05,-0.0001339732,1.6998e-06,8.1519e-06,4.8766e-05,0.002828337,0.0003240917,-2.51807e-05,0.0051242666,-1.4905e-06,0.0025790234,-1.392162,1.894428,1.452547,0.077505,-0.817824,-0.031496,-0.56936
1403715405.66237,-2.327047,0.228619,0.421571,0.822027,-0.072242,0.564159,0.027883,0.0003651505,-1.39736e-05,-0.0001415797,8.596e-07,5.4255e-06,5.52587e-05,0.0028525883,0.0004008896,-2.6022e-05,0.0050027787,-1.8591e-06,0.0025795053,-1.355751,1.997101,1.431186,0.020925,-0.825249,0.030017,-0.563587
1403715405.71237,-2.312442,0.242584,0.417984,0.822741,-0.082792,0.560942,0.039845,0.0003636776,-1.07421e-05,-0.0001434678,6.357e-07,4.2434e-06,5.69597e-05,0.0028563003,0.0004112074,-2.62734e-05,0.0049696774,-2.0369e-06,0.0025793521,-1.347536,2.015129,1.42704,0.00867,-0.826588,0.040445,-0.561289
1403715405.76237,-2.299306,0.256865,0.415377,0.822937,-0.09309,0.55807,0.051651,0.0003624737,-7.5137e-06,-0.0001449485,4.639e-07,3.0113e-06,5.83214e-05,0.0028597464,0.0004212999,-2.63156e-05,0.0049388023,-2.2427e-06,0.0025789488,-1.338639,2.03278,1.423108,0.003326,0.827429,-0.050683,0.559272
1403715405.81237,-2.285085,0.27057,0.411081,0.823382,-0.104289,0.554385,0.061824,0.0003607183,-5.5079e-06,-0.0001468712,3.89e-07,2.2484e-06,6.01592e-05,0.0028642623,0.0004326296,-2.64274e-05,0.0049127308,-2.3259e-06,0.0025789506,-1.32935,2.05026,1.418733,0.01375,0.828539,-0.061794,0.556345
1403715405.86237,-2.269877,0.284922,0.407213,0.823354,-0.115485,0.550979,0.071924,0.000359249,-3.5937e-06,-0.0001484308,3.376e-07,1.4895e-06,6.16848e-05,0.0028687561,0.0004428844,-2.65727e-05,0.0048835543,-2.4378e-06,0.0025789807,-1.319137,2.067505,1.414444,0.024005,0.829159,-0.072892,0.553724
1403715406.01237,-2.218802,0.322796,0.391863,0.813488,-0.153643,0.55225,0.098239,0.0003630196,-3.9598e-06,-0.000144605,3.487e-07,1.5815e-06,5.79608e-05,0.0028841138,0.0004708689,-2.70167e-05,0.0047913101,-2.4506e-06,0.0025796176,-1.283411,2.118478,1.400545,0.050506,0.821462,-0.111722,0.556931
1403715406.11238,-2.184472,0.344082,0.381971,0.804111,-0.179516,0.55469,0.116184,0.0003669725,-4.9845e-06,-0.0001403209,3.663e-07,1.9066e-06,5.40043e-05,0.0028942024,0.0004856446,-2.7243e-05,0.0047186676,-2.5104e-06,0.0025796795,-1.255927,2.151531,1.38938,0.068396,0.813588,-0.138239,0.560616
1403715406.36238,-2.089003,0.395624,0.345508,0.785666,-0.244041,0.547383,0.153444,0.000368085,-1.0476e-05,-0.0001388522,5.867e-07,3.9521e-06,5.27219e-05,0.0029152418,0.0005093171,-2.74531e-05,0.0045540391,-1.4155e-06,0.0025798153,-1.184535,2.230829,1.349022,0.106235,0.798659,-0.20409,0.556065
1403715406.46238,-2.051474,0.412553,0.327374,0.779387,-0.271162,0.540865,0.162764,0.0003651294,-1.57064e-05,-0.000141699,9.679e-07,6.0967e-06,5.53367e-05,0.002925291,0.0005167732,-2.77885e-05,0.004483902,-1.1604e-06,0.0025804274,-1.155146,2.259891,1.329664,0.115875,0.793868,-0.231571,0.550205
1403715406.51238,-2.032645,0.419873,0.318046,0.776327,-0.283778,0.537146,0.168107,0.0003636293,-1.73011e-05,-0.0001431574,1.1173e-06,6.813e-06,5.67079e-05,0.0029298206,0.0005192716,-2.79838e-05,0.0044528289,-1.0222e-06,0.002580805,-1.140337,2.273445,1.319627,0.121417,0.791509,-0.24435,0.54687
1403715406.66238,-1.979619,0.435049,0.28677,0.764375,-0.319099,0.528674,0.1855,0.0003613905,-2.11124e-05,-0.0001450752,1.5284e-06,8.4755e-06,5.85926e-05,0.0029406565,0.0005194824,-2.87451e-05,0.0043617989,-5.48e-07,0.0025816272,-1.096281,2.308496,1.288923,0.139215,0.781631,-0.280379,0.539502
1403715406.71238,-1.962449,0.437321,0.276072,0.759938,-0.329449,0.526326,0.192194,0.0003614528,-2.14625e-05,-0.0001449806,1.5682e-06,8.6073e-06,5.85071e-05,0.0029430277,0.0005173838,-2.91201e-05,0.0043368274,-3.913e-07,0.0025818805,-1.081662,2.317501,1.278766,0.146024,0.777805,-0.291025,0.537591
1403715406.76238,-1.947834,0.43929,0.264621,0.755228,-0.338624,0.524009,0.200943,0.0003621804,-2.02517e-05,-0.000144415,1.4236e-06,8.0756e-06,5.79339e-05,0.0029446057,0.0005141397,-2.96443e-05,0.0043097163,-9.9e-08,0.0025821486,-1.066992,2.325043,1.268379,0.15476,0.773707,-0.300533,0.535826
1403715406.81238,-1.932469,0.438392,0.253954,0.750202,-0.347841,0.521836,0.2095,0.0003631255,-1.91525e-05,-0.0001435899,1.3012e-06,7.5719e-06,5.713e-05,0.0029467386,0.0005114784,-3.01002e-05,0.0042882205,6.81e-08,0.0025824922,-1.052603,2.331512,1.258149,0.163427,0.76927,-0.310085,0.534197
1403715406.86238,-1.916681,0.436233,0.243506,0.745352,-0.356794,0.519111,0.218341,0.0003638968,-1.77235e-05,-0.0001429736,1.1559e-06,6.9605e-06,5.65245e-05,0.0029476881,0.0005060278,-3.0517e-05,0.0042651751,2.331e-07,0.0025829936,-1.038279,2.33685,1.248307,0.172403,0.764971,-0.319363,0.532079
1403715406.91238,-1.901352,0.433498,0.234096,0.740777,-0.365659,0.515836,0.226839,0.0003642904,-1.6257e-05,-0.0001427485,1.0201e-06,6.3663e-06,5.62882e-05,0.0029484073,0.000499641,-3.0978e-05,0.0042415691,4.902e-07,0.0025836742,-1.023948,2.341336,1.238849,0.181075,0.760946,-0.328535,0.529378
1403715407.11238,-1.838233,0.424324,0.202623,0.72253,-0.402866,0.500854,0.254548,0.0003634052,-1.43568e-05,-0.0001439925,8.569e-07,5.673e-06,5.73922e-05,0.0029475554,0.0004672195,-3.40905e-05,0.0041531611,1.9445e-06,0.0025861612,-0.966216,2.350813,1.205746,0.209372,0.744768,-0.367135,0.516429
1403715407.16238,-1.824337,0.41856,0.195079,0.719043,-0.412268,0.495773,0.259269,0.0003617165,-1.41698e-05,-0.0001458042,8.473e-07,5.6961e-06,5.91128e-05,0.0029522644,0.0004647177,-3.48695e-05,0.0041258411,2.4489e-06,0.0025872115,-0.951839,2.351254,1.197638,0.214335,0.741826,-0.376753,0.511679
1403715407.21238,-1.817013,0.418886,0.18649,0.717505,-0.420637,0.489049,0.262834,0.0003586113,-1.36193e-05,-0.0001490258,7.995e-07,5.6555e-06,6.22578e-05,0.0029496559,0.0004585152,-3.64368e-05,0.0041040114,3.5624e-06,0.0025882168,-0.937431,2.351166,1.189799,0.217934,0.740858,-0.385271,0.505175
1403715407.26238,-1.808203,0.435131,0.181645,0.717067,-0.428,0.481904,0.265327,0.000355163,-1.30024e-05,-0.0001524129,6.915e-07,5.5778e-06,6.5671e-05,0.0029243656,0.000458539,-2.92334e-05,0.0040798836,3.92e-07,0.0025804701,-0.922484,2.349818,1.18262,0.220308,0.740579,-0.392875,0.498656
1403715407.31238,-1.794484,0.428401,0.175401,0.717658,-0.433695,0.474761,0.267352,0.0003513726,-1.09103e-05,-0.0001560986,5.52e-07,4.8444e-06,6.96131e-05,0.0029321316,0.0004693355,-2.91655e-05,0.0040655421,3.887e-07,0.0025803952,-0.90691,2.347352,1.175639,0.222701,0.741446,-0.398504,0.491791
1403715407.51238,-1.735581,0.385778,0.162067,0.714138,-0.442801,0.46605,0.277005,0.0003495503,-6.7223e-06,-0.0001579856,3.459e-07,3.0354e-06,7.16705e-05,0.0029111764,0.000422475,-2.85767e-05,0.0039729095,9.548e-07,0.0025804777,-0.834,2.318739,1.158392,0.232879,0.738094,-0.408395,0.48394
1403715407.56239,-1.719903,0.370757,0.160407,0.71238,-0.443372,0.467261,0.278573,0.0003509639,-6.8369e-06,-0.0001567047,3.442e-07,3.0491e-06,7.02246e-05,0.0029042624,0.0004087711,-2.81241e-05,0.0039515518,7.566e-07,0.0025800668,-0.813117,2.307119,1.155962,0.234517,0.736086,-0.409417,0.485341
1403715407.71239,-1.662979,0.319266,0.159341,0.709386,-0.435654,0.470621,0.292391,0.0003584486,1.7554e-06,-0.00014986,2.241e-07,-7.41e-07,6.29072e-05,0.0028836645,0.0003603902,-2.80685e-05,0.0038733451,1.2647e-06,0.0025804045,-0.745657,2.264941,1.155462,0.248077,0.73252,-0.402235,0.48998
1403715407.86238,-1.598716,0.261358,0.162044,0.70999,-0.42571,0.472345,0.302613,0.0003630851,1.06902e-05,-0.0001448119,5.351e-07,-4.2728e-06,5.80124e-05,0.0028635442,0.0003083606,-2.80451e-05,0.003784994,1.9185e-06,0.0025810418,-0.669799,2.216787,1.160628,0.258195,0.73238,-0.392613,0.492758
1403715407.96238,-1.55125,0.221768,0.16347,0.70935,-0.424784,0.475056,0.301168,0.0003642433,9.1805e-06,-0.0001437263,4.554e-07,-3.6316e-06,5.69713e-05,0.0028515816,0.000273763,-2.80281e-05,0.00372183,2.4056e-06,0.0025816268,-0.614252,2.184381,1.16477,0.256474,0.731533,-0.391825,0.495534
1403715408.01238,-1.526648,0.202128,0.167158,0.707684,-0.425681,0.477949,0.299239,0.0003653494,6.4225e-06,-0.0001427022,3.383e-07,-2.5172e-06,5.59968e-05,0.0028461148,0.0002567766,-2.79704e-05,0.0036894667,2.5872e-06,0.0025818699,-0.58527,2.168143,1.169716,0.254291,0.729828,-0.392883,0.498329
1403715408.06238,-1.50167,0.182543,0.173089,0.707429,-0.426109,0.47885,0.297788,0.0003654056,5.1057e-06,-0.0001427118,2.984e-07,-2.0029e-06,5.59961e-05,0.0028412741,0.0002406312,-2.7932e-05,0.003657821,2.7575e-06,0.0025821517,-0.555928,2.152137,1.177025,0.252707,0.729545,-0.39336,0.49917
1403715408.31238,-1.37307,0.080744,0.240285,0.704353,-0.426133,0.486712,0.29225,0.0003681685,-1.2782e-06,-0.0001398691,2.412e-07,4.772e-07,5.34049e-05,0.0028229434,0.0001628673,-2.8047e-05,0.0035034369,4.368e-06,0.0025852677,-0.404772,2.06925,1.253697,0.246466,0.726066,-0.39392,0.506862
1403715408.36238,-1.347147,0.060691,0.253965,0.703786,-0.425825,0.488048,0.291836,0.000368821,-2.0261e-06,-0.0001391472,2.497e-07,7.564e-07,5.27668e-05,0.0028203281,0.0001475131,-2.80294e-05,0.0034758604,4.7151e-06,0.0025861067,-0.373937,2.052026,1.268671,0.245901,0.725417,-0.393713,0.508225
1403715408.66238,-1.191586,-0.055242,0.273151,0.703742,-0.395234,0.515909,0.287011,0.0003828046,-1.6356e-06,-0.0001216125,2.556e-07,5.113e-07,3.89117e-05,0.0028175376,7.20445e-05,-2.7486e-05,0.0033170973,7.1213e-06,0.002592569,-0.187098,1.952895,1.292718,0.239379,0.722911,-0.363804,0.53642
1403715408.71238,-1.172611,-0.067705,0.281835,0.705811,-0.386435,0.521331,0.284099,0.0003847706,-8.672e-07,-0.0001188003,2.467e-07,2.595e-07,3.69574e-05,0.0028164969,6.3512e-05,-2.59088e-05,0.0032969497,5.5748e-06,0.0025888515,-0.157336,1.93868,1.289114,0.235952,0.72448,-0.354874,0.541776
1403715408.96238,-1.062224,-0.127689,0.27682,0.728425,-0.336322,0.541862,0.250343,0.0003868041,2.72e-08,-0.0001159299,2.531e-07,-1.55e-08,3.50366e-05,0.0028259986,3.18615e-05,-2.41151e-05,0.0032147906,6.2598e-06,0.0025910889,-0.022055,1.885503,1.277648,0.201137,0.743168,-0.30357,0.561333
1403715409.01238,-1.043503,-0.137898,0.279268,0.733408,-0.324966,0.545971,0.241714,0.0003869318,-1.566e-07,-0.0001157673,2.536e-07,3.93e-08,3.49291e-05,0.0028269317,2.67913e-05,-2.40512e-05,0.0031994752,5.6365e-06,0.0025898938,0.002022,1.878481,1.277569,0.192323,0.747286,-0.291896,0.565134
1403715409.06238,-1.025283,-0.144862,0.282089,0.73895,-0.313342,0.549058,0.233036,0.0003865973,7.43e-08,-0.0001163055,2.546e-07,-2.97e-08,3.52852e-05,0.0028279778,2.19593e-05,-2.37534e-05,0.0031877239,5.7466e-06,0.0025896058,0.024846,1.872703,1.278395,0.18352,0.751946,-0.279914,0.567934
1403715409.11238,-1.007419,-0.154417,0.284567,0.743637,-0.302934,0.552847,0.222698,0.0003863451,-1.523e-06,-0.0001166952,2.586e-07,4.526e-07,3.55422e-05,0.0028228623,1.74447e-05,-2.45553e-05,0.0031712646,4.5659e-06,0.002587078,0.046234,1.868013,1.28062,0.173018,0.755807,-0.269142,0.571303
1403715409.41238,-0.923384,-0.195521,0.315615,0.763499,-0.265713,0.560634,0.179321,0.0003818409,-9.5892e-06,-0.000122993,5.047e-07,3.0887e-06,3.99211e-05,0.0028257755,7.1959e-06,-2.52815e-05,0.0031078763,5.0512e-06,0.0025878682,0.139673,1.848596,1.309808,0.129365,0.772538,-0.230453,0.577358
1403715409.46237,-0.912431,-0.201183,0.322708,0.764833,-0.261141,0.561152,0.178729,0.0003820897,-7.9439e-06,-0.0001227913,4.317e-07,2.5525e-06,3.97677e-05,0.0028263181,-2.8277e-06,-2.50252e-05,0.0030947193,4.8421e-06,0.002587516,0.149737,1.845611,1.318071,0.128715,0.773566,-0.225819,0.577957
1403715409.51237,-0.903651,-0.207457,0.331165,0.765665,-0.256501,0.561557,0.180607,0.0003827852,-4.6513e-06,-0.0001220013,3.247e-07,1.4831e-06,3.91896e-05,0.002825606,-4.7107e-06,-2.49498e-05,0.0030836281,4.9908e-06,0.0025873869,0.158495,1.842722,1.327351,0.130565,0.774129,-0.221186,0.578579
1403715409.56237,-0.894439,-0.215273,0.3389,0.767366,-0.253788,0.559287,0.184226,0.0003822127,-5.147e-07,-0.000122914,2.712e-07,1.651e-07,3.98346e-05,0.0028255161,-8.1203e-06,-2.49014e-05,0.0030763586,3.8319e-06,0.0025868661,0.165735,1.839849,1.336734,0.134202,0.775772,-0.21837,0.576613
1403715409.61236,-0.885379,-0.232158,0.344173,0.769096,-0.255768,0.555784,0.184872,0.000380217,-9.5e-09,-0.0001255913,2.665e-07,8.3e-09,4.17829e-05,0.0028165124,-2.368e-06,-2.63534e-05,0.0030445524,2.8687e-06,0.0025849694,0.17201,1.837378,1.345951,0.134682,0.777811,-0.219902,0.573161
1403715409.81236,-0.866389,-0.244895,0.383002,0.77838,-0.268499,0.537208,0.182865,0.0003684507,-1.537e-06,-0.0001401386,2.832e-07,5.927e-07,5.36185e-05,0.0028208855,-1.21524e-05,-2.5833e-05,0.0030300924,2.3481e-06,0.0025856726,0.191668,1.830654,1.384868,0.133294,0.788053,-0.231833,0.554491
1403715409.86236,-0.86152,-0.247912,0.392831,0.780279,-0.271938,0.532573,0.183248,0.0003655233,-1.4884e-06,-0.0001433755,2.832e-07,5.938e-07,5.65578e-05,0.0028205364,-1.28857e-05,-2.59463e-05,0.0030243346,2.3529e-06,0.0025855088,0.196368,1.828977,1.395643,0.133825,0.790224,-0.235113,0.549873
1403715409.91236,-0.853468,-0.2536,0.402312,0.782547,-0.276324,0.527118,0.18279,0.0003617317,-2.0398e-06,-0.0001472697,2.851e-07,8.438e-07,6.02753e-05,0.0028186979,-1.27921e-05,-2.60484e-05,0.0030177049,2.6701e-06,0.0025852539,0.201538,1.827148,1.406206,0.133494,0.792862,-0.239147,0.544388
1403715410.16235,-0.815994,-0.276914,0.460359,0.780451,-0.286401,0.522161,0.190312,0.0003602346,-7.188e-07,-0.0001488784,2.792e-07,3.117e-07,6.18565e-05,0.0028215826,-1.96751e-05,-2.57831e-05,0.002984523,2.1763e-06,0.002585581,0.242233,1.80869,1.462379,0.14122,0.791581,-0.249588,0.539595
1403715410.21234,-0.806647,-0.284291,0.468839,0.77736,-0.286547,0.525814,0.192669,0.0003632579,-6.619e-07,-0.0001457832,2.76e-07,2.807e-07,5.88284e-05,0.0028214516,-1.97893e-05,-2.58723e-05,0.0029791178,2.2626e-06,0.0025853877,0.253344,1.802959,1.471593,0.143476,0.7885,-0.250057,0.543281
1403715410.26234,-0.797119,-0.292918,0.47465,0.774472,-0.286328,0.529369,0.19488,0.0003661234,-4.39e-07,-0.0001427132,2.72e-07,1.868e-07,5.59463e-05,0.0028216886,-2.12218e-05,-2.60037e-05,0.0029717296,2.4367e-06,0.0025851613,0.264979,1.797145,1.477503,0.145737,0.785541,-0.250287,0.546848
1403715410.31234,-0.786331,-0.300077,0.476464,0.772102,-0.286086,0.532153,0.197044,0.0003683981,-6.53e-08,-0.0001402081,2.716e-07,4.01e-08,5.36766e-05,0.0028226364,-2.32091e-05,-2.60401e-05,0.0029646192,2.4155e-06,0.0025851114,0.277242,1.791314,1.480024,0.147798,0.783191,-0.250292,0.549656
1403715410.76232,-0.670788,-0.36064,0.457404,0.769691,-0.274483,0.537766,0.207465,0.0003741804,9.8856e-06,-0.0001331236,5.446e-07,-3.5044e-06,4.76792e-05,0.0028304961,-2.88412e-05,-2.62168e-05,0.0028849685,2.7269e-06,0.0025850112,0.401819,1.755644,1.460182,0.158399,0.780248,-0.239138,0.55582
1403715410.81232,-0.656836,-0.36502,0.455854,0.765575,-0.273428,0.544529,0.206448,0.0003780672,7.3657e-06,-0.0001283871,4.266e-07,-2.4878e-06,4.39095e-05,0.0028324111,-3.14063e-05,-2.62559e-05,0.0028827484,2.728e-06,0.0025848575,0.417347,1.754406,1.458942,0.157069,0.776013,-0.238373,0.562417
1403715410.86232,-0.642842,-0.368726,0.454521,0.762356,-0.271006,0.5501,0.206784,0.000381412,6.8946e-06,-0.000123951,4.085e-07,-2.2265e-06,4.05878e-05,0.0028331675,-3.11003e-05,-2.62711e-05,0.0028750979,2.7285e-06,0.0025847863,0.432452,1.753855,1.457554,0.157176,0.772625,-0.236223,0.567932
1403715410.91232,-0.629581,-0.37134,0.452344,0.760166,-0.270085,0.554394,0.204571,0.0003834616,4.6695e-06,-0.000121202,3.418e-07,-1.4608e-06,3.86119e-05,0.0028337311,-3.04903e-05,-2.62812e-05,0.0028677085,2.7318e-06,0.0025847445,0.446858,1.754326,1.45536,0.154774,0.770316,-0.235487,0.572018
1403715411.21232,-0.559986,-0.365634,0.431159,0.770405,-0.269521,0.547795,0.183726,0.0003753122,-4.834e-06,-0.0001321773,3.621e-07,1.7216e-06,4.68699e-05,0.0028347757,-2.24427e-05,-2.626e-05,0.0028316916,2.7062e-06,0.0025849597,0.517731,1.775149,1.433171,0.134229,0.780376,-0.234021,0.564119
1403715411.26232,-0.550321,-0.36262,0.428088,0.770813,-0.270129,0.548272,0.179653,0.0003747138,-7.6788e-06,-0.0001327955,4.564e-07,2.7423e-06,4.73767e-05,0.0028337186,-2.07755e-05,-2.63135e-05,0.0028274701,2.8235e-06,0.0025847514,0.527885,1.779651,1.430531,0.130122,0.780748,-0.234653,0.564304
1403715411.31232,-0.541367,-0.359741,0.426057,0.769953,-0.270303,0.550314,0.176812,0.000375308,-1.00548e-05,-0.000131917,5.693e-07,3.5566e-06,4.66801e-05,0.0028331279,-1.9134e-05,-2.63654e-05,0.0028231574,2.8735e-06,0.0025846806,0.537308,1.783988,1.4283,0.127175,0.779835,-0.23493,0.56612
1403715411.66232,-0.501869,-0.342289,0.410713,0.767492,-0.262267,0.558621,0.173537,0.000379817,-1.07488e-05,-0.0001262257,6.219e-07,3.5962e-06,4.227e-05,0.0028319674,-1.16812e-05,-2.65663e-05,0.0028067291,2.9585e-06,0.002584959,0.576713,1.808236,1.410501,0.12353,0.776819,-0.227279,0.574141
1403715411.71232,-0.499505,-0.340035,0.407633,0.7694,-0.260691,0.556638,0.173835,0.0003787415,-9.157e-06,-0.0001277054,5.342e-07,3.1101e-06,4.3372e-05,0.0028285543,-1.03482e-05,-2.66934e-05,0.0028047579,3.093e-06,0.0025846194,0.57813,1.811076,1.4079,0.123974,0.778579,-0.225777,0.57225
1403715411.76232,-0.498905,-0.337462,0.404995,0.770994,-0.259221,0.554991,0.174235,0.0003778783,-7.6315e-06,-0.0001289367,4.682e-07,2.6275e-06,4.43056e-05,0.0028281071,-9.6103e-06,-2.67439e-05,0.0028038379,3.116e-06,0.0025845915,0.57895,1.813785,1.40541,0.124473,0.780092,-0.224257,0.570677
1403715411.81232,-0.499034,-0.334719,0.402204,0.77152,-0.25785,0.554684,0.174915,0.000377871,-6.4686e-06,-0.0001290172,4.263e-07,2.2331e-06,4.436e-05,0.0028276045,-8.956e-06,-2.67895e-05,0.0028038719,3.1324e-06,0.0025845757,0.578993,1.816481,1.402748,0.125189,0.780529,-0.222928,0.570444
1403715412.06232,-0.506513,-0.317162,0.387276,0.773101,-0.257318,0.553608,0.172105,0.0003767255,-7.5151e-06,-0.0001305289,4.793e-07,2.6312e-06,4.55453e-05,0.0028256047,-5.3327e-06,-2.69635e-05,0.002807842,3.1502e-06,0.0025848153,0.57037,1.832507,1.387192,0.122447,0.782022,-0.222337,0.569222
1403715412.11232,-0.508809,-0.314047,0.384708,0.773305,-0.25755,0.553358,0.171646,0.0003764609,-7.8161e-06,-0.0001308228,4.91e-07,2.7446e-06,4.57768e-05,0.0028243218,-4.713e-06,-2.69986e-05,0.0028087501,3.1626e-06,0.0025846661,0.567172,1.83584,1.384501,0.122006,0.782194,-0.222616,0.568973
1403715412.16232,-0.511999,-0.31036,0.381941,0.774427,-0.25767,0.55167,0.171839,0.0003754608,-7.2431e-06,-0.0001321,4.692e-07,2.5781e-06,4.67909e-05,0.002823756,-4.1668e-06,-2.70274e-05,0.002809871,3.1793e-06,0.0025846335,0.563536,1.839083,1.381776,0.122281,0.783323,-0.222718,0.567317
1403715412.21232,-0.513735,-0.306654,0.378959,0.775196,-0.257822,0.550518,0.171839,0.0003746776,-6.9915e-06,-0.0001329545,4.583e-07,2.5102e-06,4.74888e-05,0.0028217425,-3.6223e-06,-2.70681e-05,0.0028112161,3.1871e-06,0.0025845503,0.559659,1.842497,1.378995,0.122245,0.784107,-0.222816,0.566203
1403715412.66232,-0.549881,-0.27174,0.35321,0.780695,-0.260515,0.541651,0.171062,0.0003690118,-5.9959e-06,-0.0001398204,4.507e-07,2.306e-06,5.33136e-05,0.0028192473,2.1475e-06,-2.73148e-05,0.0028285294,3.2125e-06,0.0025850861,0.516984,1.872304,1.354334,0.121865,0.789927,-0.225135,0.557205
1403715412.71232,-0.553628,-0.268154,0.352046,0.781975,-0.260336,0.539822,0.171268,0.0003678677,-5.2181e-06,-0.0001410824,4.263e-07,2.0367e-06,5.44379e-05,0.0028183348,3.2513e-06,-2.73247e-05,0.0028295429,3.2324e-06,0.0025849119,0.512627,1.875012,1.352351,0.122131,0.791226,-0.224896,0.555398
1403715413.21232,-0.567909,-0.246076,0.318745,0.779161,-0.258039,0.542958,0.177541,0.0003713069,-1.4958e-06,-0.0001373708,3.847e-07,5.912e-07,5.11687e-05,0.0028185695,6.5539e-06,-2.76004e-05,0.0028379488,3.2988e-06,0.0025854814,0.490146,1.895106,1.32079,0.128174,0.788433,-0.223054,0.558741
1403715413.26232,-0.569428,-0.242427,0.306895,0.778451,-0.258172,0.544012,0.177237,0.0003718844,-1.9617e-06,-0.0001365956,3.869e-07,7.608e-07,5.051e-05,0.0028168274,9.0731e-06,-2.75624e-05,0.0028369715,3.3044e-06,0.0025851973,0.489435,1.897482,1.308083,0.127864,0.787704,-0.223338,0.559726
1403715413.31232,-0.570466,-0.239429,0.292391,0.77733,-0.259604,0.545546,0.175342,0.0003723905,-4.2184e-06,-0.0001358642,4.242e-07,1.582e-06,4.99005e-05,0.0028160045,1.00918e-05,-2.7551e-05,0.0028375454,3.3186e-06,0.002585098,0.488635,1.900161,1.29302,0.125923,0.786601,-0.224914,0.561084
1403715413.61232,-0.580196,-0.225865,0.212683,0.773242,-0.264995,0.551033,0.168039,0.0003740019,-1.2784e-05,-0.0001333168,8.288e-07,4.6044e-06,4.78578e-05,0.0028149118,1.35575e-05,-2.75488e-05,0.0028427195,3.4111e-06,0.0025853692,0.479139,1.911937,1.209999,0.11847,0.782575,-0.230701,0.565966
1403715413.66232,-0.582984,-0.225751,0.204015,0.7732,-0.263374,0.551137,0.17042,0.0003746112,-1.06452e-05,-0.0001326792,6.939e-07,3.8191e-06,4.73229e-05,0.0028146772,1.3571e-05,-2.75753e-05,0.0028443909,3.4541e-06,0.0025852592,0.475853,1.912075,1.200966,0.120887,0.782427,-0.229199,0.56627
1403715413.71232,-0.586242,-0.225362,0.196268,0.77328,-0.26135,0.55106,0.173397,0.0003752121,-7.9022e-06,-0.0001320282,5.575e-07,2.8298e-06,4.67847e-05,0.0028142604,1.34218e-05,-2.75828e-05,0.0028457576,3.4728e-06,0.0025851975,0.47216,1.912054,1.192939,0.123908,0.782407,-0.227272,0.566422
1403715413.86232,-0.597974,-0.222374,0.166744,0.77555,-0.2591,0.547484,0.177906,0.0003740331,-3.0881e-06,-0.0001336639,4.241e-07,1.1537e-06,4.80984e-05,0.002814487,1.39043e-05,-2.7606e-05,0.0028522763,3.4945e-06,0.0025853897,0.459933,1.912557,1.162565,0.12855,0.784632,-0.224915,0.563241
1403715413.91232,-0.601168,-0.221523,0.154409,0.775523,-0.258414,0.547518,0.178914,0.0003742166,-2.1789e-06,-0.0001333759,4.116e-07,8.27e-07,4.7867e-05,0.0028139958,1.3943e-05,-2.76035e-05,0.0028536664,3.5209e-06,0.0025853428,0.45588,1.913092,1.150219,0.129538,0.78455,-0.224272,0.563386
1403715414.31232,-0.631437,-0.194995,0.121252,0.788875,-0.262854,0.527158,0.175184,0.0003602305,-3.153e-07,-0.0001489285,4.24e-07,1.853e-07,6.1935e-05,0.0028151099,2.06575e-05,-2.75072e-05,0.0028718543,3.4861e-06,0.0025863307,0.421015,1.93483,1.116866,0.126455,0.79825,-0.227646,0.543124
1403715414.36232,-0.62956,-0.192792,0.125461,0.791206,-0.263178,0.523445,0.175317,0.0003577018,6.971e-07,-0.0001513912,4.254e-07,-2.391e-07,6.44404e-05,0.0028148184,2.11428e-05,-2.75465e-05,0.0028705513,3.4991e-06,0.0025860741,0.419467,1.938261,1.121224,0.126686,0.800601,-0.227828,0.53952
1403715414.41232,-0.627825,-0.19043,0.128848,0.7919,-0.262798,0.522361,0.175985,0.0003570689,1.5972e-06,-0.0001519743,4.322e-07,-6.229e-07,6.50505e-05,0.0028148097,2.17191e-05,-2.75748e-05,0.0028683279,3.4994e-06,0.0025859462,0.419326,1.941363,1.125309,0.12736,0.801269,-0.227458,0.538526
1403715414.51232,-0.620731,-0.186149,0.131591,0.790755,-0.261497,0.523996,0.178198,0.0003586958,3.0156e-06,-0.000150376,4.562e-07,-1.2065e-06,6.34128e-05,0.0028152658,2.28985e-05,-2.75804e-05,0.0028646078,3.4769e-06,0.0025860237,0.423048,1.947124,1.129251,0.129463,0.800035,-0.226276,0.540354
1403715414.66232,-0.602242,-0.179189,0.124713,0.784063,-0.259668,0.533732,0.181518,0.000365957,2.9005e-06,-0.0001429078,4.61e-07,-1.0738e-06,5.61763e-05,0.0028160506,2.47229e-05,-2.7628e-05,0.0028543916,3.5575e-06,0.0025861182,0.437171,1.956736,1.122969,0.132257,0.793175,-0.224965,0.550248
1403715415.01232,-0.547948,-0.162398,0.072476,0.768681,-0.28182,0.551675,0.159252,0.0003713124,-2.60995e-05,-0.000134514,2.3031e-06,9.5282e-06,4.91152e-05,0.0028207902,2.94117e-05,-2.75894e-05,0.0028275027,3.556e-06,0.0025869498,0.481376,1.986002,1.069654,0.109124,0.778424,-0.247846,0.566322
1403715415.06232,-0.542667,-0.161338,0.062437,0.767133,-0.284851,0.552889,0.157102,0.0003712236,-2.91958e-05,-0.0001339736,2.7669e-06,1.06118e-05,4.87362e-05,0.002820257,2.96911e-05,-2.75987e-05,0.0028247214,3.558e-06,0.0025866658,0.48612,1.988218,1.059262,0.10689,0.777031,-0.250876,0.567326
1403715415.11232,-0.537971,-0.161233,0.052177,0.765958,-0.287275,0.553522,0.156189,0.0003711474,-3.10982e-05,-0.0001336294,3.0787e-06,1.12736e-05,4.84991e-05,0.0028199381,2.98129e-05,-2.76041e-05,0.0028223541,3.5633e-06,0.002586559,0.490303,1.989423,1.048815,0.105938,0.776012,-0.253275,0.567832
1403715415.26232,-0.528056,-0.165679,0.025159,0.763525,-0.291001,0.554062,0.159255,0.0003720004,-3.13976e-05,-0.0001325077,3.131e-06,1.12623e-05,4.75927e-05,0.0028211464,2.79312e-05,-2.78289e-05,0.0028186328,3.3631e-06,0.0025866748,0.496372,1.986738,1.019775,0.108796,0.773945,-0.256871,0.568498
1403715415.36232,-0.527301,-0.174098,0.010764,0.765883,-0.284278,0.54978,0.174218,0.0003738997,-1.815e-05,-0.0001326782,1.3644e-06,6.5162e-06,4.74794e-05,0.0028218108,2.6219e-05,-2.77698e-05,0.0028178675,3.3917e-06,0.0025867953,0.495666,1.979709,1.005049,0.124067,0.776267,-0.250151,0.565192
1403715415.41232,-0.528679,-0.178876,0.005457,0.766619,-0.280481,0.547958,0.182666,0.0003750367,-1.08516e-05,-0.0001320777,7.98e-07,3.8959e-06,4.69149e-05,0.0028217209,2.52179e-05,-2.77751e-05,0.0028180121,3.4288e-06,0.0025867658,0.494529,1.975446,0.999718,0.132697,0.776968,-0.246452,0.563893
1403715415.46232,-0.530207,-0.183372,0.000665,0.768811,-0.277087,0.544038,0.190198,0.0003744962,-3.59e-06,-0.0001331472,5.201e-07,1.3493e-06,4.77436e-05,0.0028218847,2.41113e-05,-2.77783e-05,0.0028188753,3.4469e-06,0.0025867732,0.492957,1.971294,0.995135,0.140499,0.779165,-0.243008,0.560455
1403715415.56232,-0.530102,-0.188348,-0.006821,0.769403,-0.27325,0.541582,0.200106,0.0003749228,4.7117e-06,-0.0001323305,5.279e-07,-1.6007e-06,4.7111e-05,0.002819909,2.15316e-05,-2.90135e-05,0.0028187729,3.7918e-06,0.0025859209,0.490261,1.964392,0.98966,0.150319,0.779932,-0.238885,0.558609
1403715415.61232,-0.530255,-0.190688,-0.010351,0.768893,-0.272093,0.541716,0.203257,0.0003756893,7.0514e-06,-0.000131255,6.035e-07,-2.4021e-06,4.62634e-05,0.002819903,2.16013e-05,-2.89538e-05,0.0028184536,3.7976e-06,0.0025859895,0.489294,1.96241,0.986104,0.153494,0.77943,-0.237803,0.558909
1403715415.66232,-0.530904,-0.192093,-0.016411,0.768636,-0.271737,0.541343,0.205681,0.0003759506,8.717e-06,-0.000130821,6.762e-07,-2.9723e-06,4.5932e-05,0.0028201209,2.11546e-05,-2.89003e-05,0.0028187409,3.8014e-06,0.0025860654,0.488147,1.961379,0.980002,0.155999,0.779198,-0.237551,0.558645
1403715415.71232,-0.531845,-0.192483,-0.025237,0.768758,-0.272255,0.540641,0.206389,0.0003756724,9.0966e-06,-0.0001311456,6.976e-07,-3.1145e-06,4.61957e-05,0.0028203278,2.0947e-05,-2.88564e-05,0.0028191326,3.8064e-06,0.0025861542,0.48711,1.961424,0.971007,0.156786,0.779373,-0.238102,0.557947
1403715415.76232,-0.531415,-0.193129,-0.028477,0.769424,-0.273389,0.539685,0.204903,0.0003748055,7.9997e-06,-0.0001322989,6.518e-07,-2.7621e-06,4.71157e-05,0.0028206033,2.06679e-05,-2.8798e-05,0.0028193015,3.8092e-06,0.0025862459,0.486889,1.961123,0.967477,0.155361,0.780087,-0.239236,0.55686
1403715415.96232,-0.527041,-0.187533,-0.023277,0.766856,-0.272048,0.54318,0.207069,0.0003773845,8.7704e-06,-0.0001290557,6.997e-07,-2.9366e-06,4.45601e-05,0.0028220298,2.15142e-05,-2.87137e-05,0.002815897,3.8471e-06,0.0025868008,0.489773,1.968239,0.970948,0.1575,0.777517,-0.238272,0.560257
1403715416.01232,-0.54388,-0.183213,-0.024978,0.769022,-0.270922,0.540762,0.206838,0.000375749,9.9991e-06,-0.0001310205,7.548e-07,-3.4311e-06,4.61105e-05,0.0028132547,2.32618e-05,-2.81556e-05,0.0028172791,3.8015e-06,0.0025857593,0.489868,1.968853,0.969912,0.157632,0.779676,-0.23731,0.557622
1403715416.36232,-0.545602,-0.184192,-0.02117,0.769836,-0.273148,0.538866,0.20583,0.0003746659,8.8724e-06,-0.0001325952,7.263e-07,-3.0808e-06,4.73774e-05,0.0028133785,2.32126e-05,-2.78971e-05,0.0028278541,3.8254e-06,0.002586354,0.489927,1.968224,0.969323,0.15677,0.780669,-0.239649,0.555471
1403715416.46232,-0.547274,-0.183548,-0.024242,0.770256,-0.273438,0.538324,0.205294,0.0003741975,8.6801e-06,-0.0001332163,7.211e-07,-3.034e-06,4.78778e-05,0.0028130625,2.32752e-05,-2.79223e-05,0.0028285637,3.7613e-06,0.002585973,0.490125,1.967665,0.969105,0.156334,0.781113,-0.240005,0.554815
1403715416.56232,-0.548492,-0.181708,-0.025846,0.769738,-0.273413,0.538964,0.205587,0.0003746594,8.6208e-06,-0.0001326598,7.209e-07,-2.9988e-06,4.7426e-05,0.0028126424,2.37077e-05,-2.7987e-05,0.0028294185,3.7266e-06,0.0025857675,0.490004,1.968055,0.968623,0.156559,0.780628,-0.240076,0.555403
1403715416.61232,-0.549067,-0.180409,-0.026281,0.769975,-0.273669,0.538533,0.205491,0.0003742844,8.5781e-06,-0.0001329967,7.163e-07,-2.9958e-06,4.77121e-05,0.0028123006,2.39737e-05,-2.80177e-05,0.0028287183,3.7901e-06,0.0025856578,0.490012,1.967703,0.968445,0.156366,0.780921,-0.24021,0.554987
1403715416.71232,-0.55015,-0.17941,-0.026593,0.770003,-0.273988,0.538486,0.205081,0.0003742025,8.2109e-06,-0.000133118,7.042e-07,-2.8697e-06,4.78135e-05,0.0028120534,2.45537e-05,-2.79924e-05,0.0028295257,3.7893e-06,0.0025856741,0.489906,1.967755,0.968009,0.155939,0.780963,-0.240597,0.554881
1403715416.76233,-0.549735,-0.179757,-0.026257,0.770116,-0.27413,0.538319,0.204907,0.0003739575,8.1481e-06,-0.0001331555,6.905e-07,-2.8525e-06,4.78678e-05,0.0028114614,2.50924e-05,-2.80099e-05,0.0028279508,3.7446e-06,0.0025854622,0.489704,1.967997,0.967821,0.15582,0.781005,-0.240688,0.554817
1403715416.81233,-0.550031,-0.179454,-0.025976,0.769851,-0.274095,0.538662,0.205048,0.0003741095,8.1046e-06,-0.0001329309,6.884e-07,-2.8326e-06,4.76901e-05,0.0028113378,2.48773e-05,-2.79953e-05,0.0028275184,3.7414e-06,0.0025854485,0.489584,1.968091,0.967709,0.155944,0.780719,-0.240687,0.555184
1403715416.86233,-0.550065,-0.179409,-0.025746,0.770124,-0.274242,0.538293,0.204793,0.0003738033,8.0165e-06,-0.0001332737,6.847e-07,-2.8124e-06,4.79748e-05,0.0028111967,2.48615e-05,-2.79845e-05,0.002827522,3.7396e-06,0.0025854392,0.489683,1.968016,0.9676,0.155722,0.78099,-0.240798,0.554817
1403715416.91233,-0.550353,-0.179725,-0.025536,0.770357,-0.274408,0.537966,0.204557,0.0003735163,7.8831e-06,-0.00013356,6.752e-07,-2.7742e-06,4.8217e-05,0.0028110343,2.47747e-05,-2.79802e-05,0.002827509,3.7387e-06,0.0025854212,0.489702,1.967875,0.967518,0.155527,0.781195,-0.241003,0.554495
1403715416.96233,-0.550573,-0.179565,-0.025302,0.770221,-0.274278,0.538171,0.204703,0.0003736372,7.9916e-06,-0.0001333735,6.798e-07,-2.8094e-06,4.80697e-05,0.0028109175,2.47226e-05,-2.79725e-05,0.0028276508,3.739e-06,0.0025854123,0.489598,1.968045,0.967504,0.15569,0.781041,-0.240884,0.554717
1403715417.01233,-0.551032,-0.178948,-0.025144,0.770013,-0.274458,0.53839,0.204668,0.0003737698,7.8017e-06,-0.0001331902,6.717e-07,-2.7382e-06,4.79235e-05,0.0028107967,2.47253e-05,-2.79664e-05,0.0028277193,3.7399e-06,0.0025854029,0.489535,1.968299,0.967379,0.155599,0.78083,-0.240995,0.55499
1403715417.21233,-0.551374,-0.178473,-0.024723,0.770086,-0.274701,0.538233,0.204479,0.0003736398,7.6606e-06,-0.0001333677,6.756e-07,-2.6939e-06,4.80778e-05,0.0028106487,2.49978e-05,-2.79583e-05,0.002828225,3.7526e-06,0.0025854056,0.4897,1.968134,0.967234,0.155387,0.780926,-0.241255,0.554802
1403715417.31233,-0.551433,-0.178746,-0.024563,0.770027,-0.274771,0.538298,0.204436,0.0003736474,7.5614e-06,-0.000133331,6.728e-07,-2.6592e-06,4.80545e-05,0.002810522,2.48697e-05,-2.79562e-05,0.002828302,3.7643e-06,0.0025853906,0.489704,1.968381,0.967241,0.155342,0.780854,-0.241337,0.55488
1403715417.36233,-0.551307,-0.179108,-0.024553,0.770177,-0.274859,0.5381,0.204274,0.0003734443,7.4635e-06,-0.0001335375,6.672e-07,-2.6316e-06,4.8229e-05,0.0028104243,2.45801e-05,-2.79514e-05,0.0028281476,3.7676e-06,0.0025853763,0.489781,1.968312,0.967213,0.155163,0.781008,-0.241398,0.554688
1403715417.51233,-0.551269,-0.179036,-0.024566,0.770072,-0.274966,0.53822,0.204209,0.0003735018,7.3118e-06,-0.000133452,6.66e-07,-2.577e-06,4.81676e-05,0.0028103121,2.44811e-05,-2.79483e-05,0.0028283456,3.7792e-06,0.0025853753,0.489596,1.968549,0.967075,0.155038,0.780909,-0.241531,0.554803
1403715417.56233,-0.551212,-0.179236,-0.024565,0.770065,-0.275033,0.538179,0.204256,0.0003734424,7.3166e-06,-0.000133472,6.64e-07,-2.5815e-06,4.819e-05,0.0028101941,2.43521e-05,-2.79442e-05,0.0028280445,3.778e-06,0.0025853592,0.489525,1.968435,0.967057,0.155059,0.7809,-0.241599,0.554781
1403715417.61233,-0.551173,-0.179398,-0.024575,0.770129,-0.275123,0.538062,0.204199,0.0003733245,7.275e-06,-0.0001335709,6.608e-07,-2.5713e-06,4.82767e-05,0.0028100895,2.42435e-05,-2.79401e-05,0.0028279288,3.7763e-06,0.0025853482,0.489488,1.968256,0.967014,0.154979,0.780966,-0.241689,0.554671
1403715417.76233,-0.551088,-0.1794,-0.024589,0.770062,-0.275129,0.538157,0.204193,0.0003733658,7.2231e-06,-0.0001335009,6.638e-07,-2.553e-06,4.82283e-05,0.0028100027,2.41171e-05,-2.79388e-05,0.0028279309,3.7841e-06,0.002585348,0.48942,1.968117,0.967072,0.154948,0.7809,-0.241712,0.554763
