timestamp,p_x,p_y,p_z,q_x,q_y,q_z,q_w,Pr11,Pr12,Pr13,Pr22,Pr23,Pr33,Pt11,Pt12,Pt13,Pt22,Pt23,Pt33,gt_p_x,gt_p_y,gt_p_z,gt_q_w,gt_q_x,gt_q_y,gt_q_z
1403715893.83953,-0.039772,0.034914,0.097166,0.808141,0.004785,0.588953,0.004549,0.0005799884,4.86351e-05,-0.0001512943,0.0001287971,5.2952e-06,0.0001953777,0.0027566885,1.48837e-05,5.38908e-05,0.0026727949,0.000113705,0.0027581907,0.887467,2.047323,1.004631,0.036468,0.808193,-0.054514,0.585255
1403715893.88614,-0.040346,0.033121,0.100686,0.814725,0.002589,0.579787,0.007993,0.0003733514,9.6601e-06,-0.0001177684,1.49564e-05,-2.9421e-06,5.16051e-05,0.0025466346,-9.491e-07,-3.2138e-06,0.0025352133,1.11064e-05,0.002540637,0.884099,2.051205,1.011307,0.036215,0.81148,-0.055174,0.580642
1403715893.93458,-0.047013,0.038062,0.110025,0.818045,0.001722,0.575089,0.00847,0.000369425,1.09357e-05,-0.0001225941,1.47113e-05,-3.5033e-06,5.52911e-05,0.0025418719,-2.0244e-06,-3.716e-06,0.0025349088,1.21959e-05,0.0025414393,0.879964,2.055963,1.019874,0.035969,0.813738,-0.055779,0.57743
1403715893.98458,-0.047201,0.042957,0.120862,0.82179,0.001123,0.569746,0.007045,0.0003621551,9.0823e-06,-0.0001286902,1.33967e-05,-4.0126e-06,5.86137e-05,0.002536313,-9.915e-07,-1.6394e-06,0.0025338846,1.14365e-05,0.0025383235,0.875433,2.061184,1.02848,0.036009,0.817247,-0.056304,0.5724
1403715894.03438,-0.049225,0.048855,0.132502,0.82653,-4.6e-05,0.56285,0.00696,0.0003576187,7.7739e-06,-0.0001339244,1.39249e-05,-3.4961e-06,6.22844e-05,0.002534192,-1.245e-06,-1.046e-06,0.0025340326,1.24969e-05,0.0025387205,0.870873,2.06666,1.037267,0.035726,0.821497,-0.057292,0.566201
1403715894.0837,-0.051097,0.055311,0.14323,0.831687,-0.000442,0.555184,0.008222,0.0003526312,8.3988e-06,-0.0001394819,1.38342e-05,-3.6107e-06,6.67646e-05,0.0025319503,-1.6643e-06,-6.814e-07,0.0025346773,1.364e-05,0.0025392976,0.867047,2.07244,1.045634,0.036091,0.826203,-0.057488,0.559268
1403715894.18247,-0.050761,0.069628,0.165215,0.831886,0.004183,0.554643,0.017853,0.0003515326,1.65838e-05,-0.0001410386,1.36485e-05,-6.6463e-06,6.67215e-05,0.0025294529,-2.0483e-06,3.07e-07,0.0025373794,1.60558e-05,0.0025401232,0.861451,2.084661,1.065008,0.044921,0.826452,-0.052447,0.558756
1403715894.23251,-0.049098,0.078093,0.17872,0.827835,0.007399,0.560447,0.023101,0.0003541518,2.14803e-05,-0.0001380763,1.32737e-05,-8.2314e-06,6.29467e-05,0.0025297089,-1.6669e-06,1.2829e-06,0.0025392543,1.75032e-05,0.0025405152,0.860269,2.091486,1.078411,0.050371,0.823624,-0.049212,0.562748
1403715894.28274,-0.047907,0.087461,0.193765,0.823739,0.01196,0.566076,0.029488,0.000357221,2.72057e-05,-0.0001335789,1.27363e-05,-9.9271e-06,5.84772e-05,0.002530621,-1.0408e-06,2.2357e-06,0.002541271,1.86517e-05,0.0025401796,0.85971,2.099378,1.094014,0.056863,0.820761,-0.044961,0.566654
1403715894.33394,-0.048106,0.095303,0.209407,0.818923,0.018369,0.57268,0.032639,0.0003565542,3.00002e-05,-0.0001298122,1.01983e-05,-1.07433e-05,5.49086e-05,0.0025307549,-1.177e-06,2.2744e-06,0.0025405606,1.75163e-05,0.002536299,0.859637,2.108616,1.111135,0.062287,0.819198,-0.041491,0.568608
1403715894.58398,-0.053977,0.17834,0.286669,0.823033,0.015826,0.566566,0.037004,0.0003547745,3.12529e-05,-0.0001319488,9.0218e-06,-1.16108e-05,5.59971e-05,0.002543281,3.0592e-06,6.5564e-06,0.0025562229,2.58892e-05,0.0025372398,0.861411,2.180511,1.184409,0.065418,0.823235,-0.043938,0.562204
1403715894.63394,-0.055771,0.19993,0.296141,0.824508,0.01395,0.564569,0.035412,0.0003536009,2.92054e-05,-0.0001331594,8.2754e-06,-1.09677e-05,5.67522e-05,0.0025463422,4.5611e-06,6.758e-06,0.002557218,2.68153e-05,0.0025369539,0.862765,2.199731,1.193264,0.063585,0.824643,-0.045833,0.560197
1403715894.73398,-0.056928,0.247575,0.316147,0.826498,0.008536,0.562111,0.029302,0.0003525236,2.30672e-05,-0.0001354002,7.2103e-06,-8.8444e-06,5.83819e-05,0.0025559101,6.9837e-06,8.1161e-06,0.0025613024,2.90403e-05,0.0025383449,0.867194,2.242031,1.211137,0.056945,0.826015,-0.051064,0.558435
1403715894.78381,-0.055348,0.272045,0.326908,0.825791,0.005882,0.563366,0.02557,0.0003517062,1.90603e-05,-0.0001343391,6.2019e-06,-7.319e-06,5.71643e-05,0.0025576759,5.3053e-06,6.1657e-06,0.0025517782,2.42869e-05,0.0025346675,0.870571,2.26473,1.221848,0.053382,0.824871,-0.053666,0.560231
1403715894.83376,-0.052854,0.296284,0.339064,0.824193,0.00415,0.565851,0.022406,0.0003527247,1.62882e-05,-0.0001328082,5.8487e-06,-6.1706e-06,5.56865e-05,0.0025634005,5.7105e-06,6.4771e-06,0.0025484463,2.26872e-05,0.0025340627,0.874696,2.288068,1.233629,0.050648,0.82298,-0.055579,0.563072
1403715895.0338,-0.042839,0.404977,0.396964,0.818225,0.001078,0.574625,0.017693,0.0003583491,1.21446e-05,-0.0001269517,5.6094e-06,-4.3364e-06,5.04924e-05,0.0025975186,7.4593e-06,9.2509e-06,0.0025570916,2.69596e-05,0.0025392077,0.895975,2.38693,1.287691,0.046283,0.816538,-0.058093,0.572493
1403715895.0838,-0.040705,0.428261,0.409142,0.817877,0.00128,0.575113,0.017885,0.0003584326,1.24664e-05,-0.0001265806,5.5619e-06,-4.4403e-06,5.0101e-05,0.0026067697,7.8479e-06,9.2369e-06,0.0025553318,2.66973e-05,0.0025396779,0.901415,2.41244,1.302052,0.04694,0.816207,-0.057995,0.572921
1403715895.13381,-0.038661,0.456546,0.423355,0.817912,-9.1e-05,0.575103,0.016615,0.0003583525,1.08239e-05,-0.0001266349,5.4185e-06,-3.8604e-06,5.00715e-05,0.0026152636,7.8453e-06,9.175e-06,0.0025538027,2.62547e-05,0.0025400892,0.906792,2.438372,1.316348,0.045496,0.81609,-0.059195,0.573083
1403715895.83377,-0.014415,0.834251,0.601575,0.820198,-0.005692,0.571902,0.013029,0.0003567761,6.9283e-06,-0.0001305765,5.3048e-06,-2.5461e-06,5.30846e-05,0.0028506346,4.2622e-06,9.2051e-06,0.0025941554,4.50722e-05,0.0025592214,0.968369,2.804579,1.490366,0.042297,0.817253,-0.065019,0.571035
1403715896.08372,-0.010353,0.957216,0.649596,0.820813,-0.010056,0.571068,0.006874,0.0003569507,6.588e-07,-0.0001312658,5.093e-06,-2.081e-07,5.35413e-05,0.0029351464,5.4219e-06,6.2955e-06,0.0025984241,4.55267e-05,0.0025620856,0.987906,2.931519,1.544822,0.036056,0.817614,-0.06935,0.570436
1403715896.13372,-0.009333,0.975492,0.652438,0.821235,-0.012643,0.570441,0.003217,0.000356801,-2.8664e-06,-0.0001313766,5.0334e-06,1.1188e-06,5.36147e-05,0.0029370236,9.7018e-06,5.0934e-06,0.0025884884,3.9417e-05,0.0025572509,0.992151,2.956166,1.554829,0.032314,0.817944,-0.071811,0.569883
1403715896.18367,-0.007862,0.996306,0.656372,-0.820726,0.015922,-0.571098,0.001115,0.0003571222,-7.0282e-06,-0.0001308573,5.1284e-06,2.6641e-06,5.3175e-05,0.0029488746,9.1492e-06,4.6676e-06,0.0025840403,3.57427e-05,0.0025543327,0.996338,2.980337,1.564491,0.027848,0.817258,-0.074845,0.570713
1403715896.38363,0.003518,1.080721,0.689919,-0.815903,0.038392,-0.576068,0.031202,0.0003577046,-3.51036e-05,-0.0001261003,8.5834e-06,1.25884e-05,4.96572e-05,0.003029047,4.5149e-06,4.7309e-06,0.0025946461,3.74182e-05,0.0025578573,1.011081,3.063951,1.602735,0.002359,-0.810718,0.096121,-0.577488
1403715896.43358,0.005958,1.094311,0.696434,-0.814615,0.042364,-0.577302,0.036473,0.0003577178,-4.01713e-05,-0.0001245371,9.6685e-06,1.4218e-05,4.8523e-05,0.0030400913,4.6902e-06,4.4676e-06,0.0025935851,3.56901e-05,0.0025567105,1.013555,3.079169,1.612638,0.007664,-0.809105,0.099815,-0.579075
1403715896.48353,0.006476,1.104166,0.702814,-0.813441,0.046379,-0.578245,0.042373,0.0003572529,-4.55172e-05,-0.0001233272,1.09798e-05,1.59683e-05,4.77163e-05,0.0030504543,3.2968e-06,4.2991e-06,0.0025932028,3.45607e-05,0.0025562429,1.015311,3.091655,1.622265,0.013406,-0.807655,0.10374,-0.580304
1403715896.6834,-0.0061,1.115183,0.719015,-0.805826,0.054338,-0.587253,0.053163,0.0003596146,-5.62281e-05,-0.0001159545,1.39943e-05,1.84053e-05,4.23521e-05,0.0030629438,-1.0393e-06,1.6353e-06,0.0025816938,2.65191e-05,0.002552335,1.012373,3.106213,1.663613,0.024522,-0.799972,0.110933,-0.589184
1403715896.73355,-0.021415,1.106151,0.720685,-0.804775,0.055116,-0.588419,0.055342,0.0003600698,-5.78044e-05,-0.00011436,1.44323e-05,1.86325e-05,4.11654e-05,0.0030476622,8.5827e-06,1.0888e-06,0.0025738531,2.1492e-05,0.0025467935,1.008355,3.100727,1.673975,0.026828,-0.799177,0.112002,-0.58996
1403715896.83351,-0.044771,1.077601,0.737,-0.807519,0.056051,-0.583933,0.061592,0.0003561094,-6.14709e-05,-0.0001173121,1.56952e-05,2.05569e-05,4.33749e-05,0.0030137137,1.68365e-05,-3.058e-07,0.0025616122,1.46926e-05,0.0025413341,0.996554,3.078061,1.693238,0.032485,-0.802092,0.114432,-0.585234
1403715896.98348,-0.065369,1.009541,0.76804,-0.811488,0.064754,-0.575587,0.077412,0.0003474603,-7.3492e-05,-0.0001210633,2.07015e-05,2.59644e-05,4.68171e-05,0.0029510493,2.8776e-05,-1.4183e-06,0.002556076,1.04177e-05,0.0025390693,0.970804,3.01318,1.722193,0.048181,-0.805236,0.123875,-0.577867
1403715897.03345,-0.072533,0.975732,0.779619,-0.81231,0.068687,-0.572936,0.084725,0.0003436796,-7.91553e-05,-0.0001215787,2.34126e-05,2.83771e-05,4.75726e-05,0.00292227,3.23819e-05,-1.4293e-06,0.0025527473,8.2652e-06,0.0025376924,0.960263,2.982258,1.732024,0.055062,-0.805708,0.128289,-0.575633
1403715897.08347,-0.085833,0.932905,0.794356,-0.812817,0.070573,-0.570977,0.091287,0.0003401754,-8.3263e-05,-0.0001218957,2.55111e-05,3.01975e-05,4.80877e-05,0.0028854063,3.32149e-05,-2.327e-07,0.0025493385,5.9997e-06,0.0025347477,0.949221,2.945807,1.741898,0.060182,-0.805962,0.131502,-0.574031
1403715897.13347,-0.096494,0.884841,0.80422,-0.812922,0.071254,-0.570351,0.093709,0.0003386647,-8.49662e-05,-0.0001216458,2.64298e-05,3.08613e-05,4.79875e-05,0.0028461085,3.48176e-05,6.96e-08,0.0025476498,4.8027e-06,0.0025331969,0.937562,2.903535,1.752311,0.061694,-0.80597,0.132862,-0.573545
1403715897.18359,-0.101941,0.833954,0.817361,-0.813134,0.070693,-0.570189,0.093277,0.0003386915,-8.44552e-05,-0.0001216349,2.61765e-05,3.06674e-05,4.79239e-05,0.0028076964,3.59121e-05,1.577e-07,0.0025471128,3.789e-06,0.0025323511,0.925416,2.855339,1.762985,0.06067,-0.806141,0.132568,-0.573482
1403715897.23361,-0.107637,0.77837,0.829655,-0.814636,0.066767,-0.569345,0.088071,0.000339717,-8.00197e-05,-0.0001231561,2.39446e-05,2.93305e-05,4.88551e-05,0.002770108,3.48141e-05,2.592e-07,0.0025462452,3.0155e-06,0.0025318438,0.912557,2.80158,1.773586,0.055164,-0.807909,0.12894,-0.572377
1403715897.28362,-0.115895,0.713417,0.84244,-0.816286,0.058605,-0.569324,0.078182,0.0003425633,-7.10042e-05,-0.0001249799,1.97566e-05,2.61818e-05,4.97575e-05,0.0027317034,3.28758e-05,4.335e-07,0.002544689,2.5919e-06,0.002531129,0.899377,2.742407,1.784463,0.044247,-0.810155,0.121752,-0.571726
1403715897.33383,-0.11901,0.648414,0.855857,-0.818665,0.048535,-0.568616,0.064093,0.0003457338,-5.88747e-05,-0.0001274118,1.50114e-05,2.19239e-05,5.11002e-05,0.0026931792,3.1541e-05,4.33e-07,0.002544186,2.0421e-06,0.0025303693,0.886022,2.678905,1.795376,0.030058,-0.813243,0.112034,-0.57025
1403715897.38388,-0.123372,0.579219,0.870394,-0.820781,0.036958,-0.568032,0.047871,0.000348488,-4.43024e-05,-0.000129795,1.0557e-05,1.66626e-05,5.24483e-05,0.0026582465,2.8726e-05,4.923e-07,0.002542565,1.7805e-06,0.002529286,0.872562,2.61189,1.80676,0.013702,-0.816266,0.100802,-0.568651
1403715897.43382,-0.126583,0.508577,0.885336,-0.822872,0.028799,-0.566374,0.035681,0.0003491317,-3.35458e-05,-0.0001319811,8.1238e-06,1.27998e-05,5.39737e-05,0.0026268078,2.56821e-05,6.004e-07,0.0025414399,1.4533e-06,0.0025284338,0.859196,2.542782,1.818033,0.001552,-0.818973,0.092759,-0.566286
1403715897.73368,-0.13568,0.072509,0.944317,-0.823679,0.026864,-0.565641,0.02969,0.0003492871,-2.91046e-05,-0.0001328762,7.3685e-06,1.12303e-05,5.46143e-05,0.0025281617,3.3746e-06,1.3478e-06,0.002546466,-2.5885e-06,0.0025285603,0.789741,2.106669,1.874347,0.004315,0.819504,-0.091204,0.565754
1403715897.78363,-0.1365,-0.003905,0.952455,-0.822666,0.030001,-0.566702,0.034204,0.0003491501,-3.33059e-05,-0.0001318406,8.1122e-06,1.27562e-05,5.37775e-05,0.002525667,-9.24e-07,1.5732e-06,0.0025461735,-3.2926e-06,0.002528419,0.779589,2.030898,1.882345,0.000117,0.818216,-0.094421,0.567104
1403715897.83354,-0.138988,-0.079014,0.959992,-0.82118,0.032286,-0.56856,0.036868,0.0003497308,-3.60791e-05,-0.0001303343,8.6517e-06,1.36378e-05,5.24999e-05,0.0025282471,-5.154e-06,1.7779e-06,0.0025467405,-3.9132e-06,0.0025284307,0.769587,1.9536,1.889913,0.002536,-0.816623,0.096674,-0.569011
1403715898.08352,-0.138452,-0.488292,1.003016,-0.808897,0.023605,-0.587011,0.02338,0.0003626053,-2.46092e-05,-0.0001174131,6.6226e-06,8.1231e-06,4.1781e-05,0.0026268138,-2.615e-05,2.3513e-06,0.0025580971,-6.7075e-06,0.0025301008,0.718943,1.542426,1.929216,0.012762,0.805002,-0.087571,0.586636
1403715898.13351,-0.140569,-0.576234,1.009931,-0.804832,0.021545,-0.592857,0.017388,0.0003665226,-2.01794e-05,-0.0001127769,6.0541e-06,6.3548e-06,3.83979e-05,0.0026659567,-3.20233e-05,2.235e-06,0.0025608767,-6.9824e-06,0.0025302853,0.707242,1.45654,1.937115,0.019462,0.801208,-0.085395,0.591943
1403715898.18352,-0.144142,-0.662972,1.015813,-0.801018,0.022057,-0.598113,0.011994,0.0003696581,-1.73155e-05,-0.0001086057,5.754e-06,5.2327e-06,3.556e-05,0.0027116788,-3.75168e-05,2.2282e-06,0.0025639318,-7.29e-06,0.0025306606,0.694406,1.370042,1.944753,0.025322,0.797475,-0.085833,0.596679
1403715898.23359,-0.148756,-0.750238,1.021181,-0.798598,0.023143,-0.601398,0.005089,0.0003717046,-1.36621e-05,-0.0001059577,5.4409e-06,4.0396e-06,3.38239e-05,0.0027625753,-4.3618e-05,2.2321e-06,0.0025672938,-7.5125e-06,0.0025310389,0.680209,1.283306,1.952035,0.032662,0.795121,-0.08687,0.599308
1403715898.83361,-0.254504,-1.74965,1.000943,0.810535,-0.109779,0.570071,0.077462,0.0003577511,4.013e-07,-0.0001269995,4.9949e-06,3.697e-07,4.91045e-05,0.003819882,-0.000165703,4.2007e-06,0.0026696961,-1.26542e-05,0.0025527985,0.430344,0.284323,1.93496,0.112685,0.800619,-0.174069,0.56215
1403715898.88362,-0.267339,-1.828624,0.985162,0.810305,-0.115674,0.568499,0.082667,0.0003573042,1.0529e-06,-0.0001275954,4.9874e-06,1.576e-07,4.96149e-05,0.0039415687,-0.0001835941,5.1218e-06,0.0026819848,-1.18996e-05,0.0025553838,0.408909,0.206407,1.919185,0.117801,0.800017,-0.179988,0.56009
1403715898.93362,-0.276511,-1.905001,0.965516,0.81058,-0.12157,0.566389,0.085927,0.0003564078,6.623e-07,-0.0001287413,4.9932e-06,3.202e-07,5.05936e-05,0.0040674851,-0.0001997116,5.1731e-06,0.0026975042,-1.22514e-05,0.0025589673,0.388004,0.129585,1.900153,0.120909,0.799802,-0.18588,0.557806
1403715898.98362,-0.28516,-1.981303,0.943867,0.810903,-0.12531,0.564452,0.090154,0.0003556428,1.8552e-06,-0.0001297025,5.0043e-06,-1.045e-07,5.14247e-05,0.0041946345,-0.0002132781,5.1703e-06,0.0027116004,-1.23113e-05,0.0025626064,0.367917,0.053737,1.878596,0.124951,0.799828,-0.189634,0.55561
1403715899.03362,-0.293541,-2.055346,0.918742,0.810143,-0.129127,0.564333,0.092319,0.000355849,1.4981e-06,-0.0001295356,5.0119e-06,4.48e-08,5.12984e-05,0.0043273741,-0.0002260174,4.9383e-06,0.0027276177,-1.24432e-05,0.0025666528,0.348787,-0.021252,1.854416,0.127144,0.798732,-0.193397,0.555392
1403715899.68362,-0.288087,-2.969924,0.704956,0.836182,-0.124508,0.523165,0.107682,0.000328951,1.81733e-05,-0.0001553576,6.0508e-06,-8.0668e-06,7.79756e-05,0.0062472341,-0.0002557561,6.1676e-06,0.0029236355,2.25212e-05,0.0026262048,0.257945,-0.919591,1.64533,0.139228,0.82505,-0.191111,0.513211
1403715899.78362,-0.247376,-3.090398,0.690103,0.834754,-0.118262,0.526169,0.111115,0.0003319071,2.20081e-05,-0.0001525389,6.5206e-06,-9.6369e-06,7.46591e-05,0.0066853095,-0.0002611108,4.8755e-06,0.0029594464,3.28855e-05,0.002640976,0.286231,-1.045274,1.633939,0.142952,0.824041,-0.184878,0.516084
1403715899.83364,-0.207598,-3.156806,0.702962,0.832444,-0.113729,0.529992,0.114935,0.0003347875,2.57831e-05,-0.0001495405,7.0533e-06,-1.1064e-05,7.13052e-05,0.006851811,-0.0002315936,-8.8348e-06,0.0029777992,4.26382e-05,0.0026331884,0.304638,-1.106549,1.62916,0.147288,0.82201,-0.180169,0.519756
1403715900.38369,0.216681,-3.636919,0.706169,0.823332,-0.07836,0.541917,0.149369,0.0003401691,5.89369e-05,-0.0001353272,1.46256e-05,-2.33485e-05,5.8075e-05,0.0079044322,0.0002657795,-6.4828e-05,0.0030997028,0.0001108133,0.0026632388,0.65145,-1.607553,1.589891,0.182746,0.815791,-0.145136,0.529174
1403715900.4837,0.311603,-3.704744,0.697149,0.823159,-0.087018,0.544018,0.137408,0.0003430195,4.82341e-05,-0.0001368192,1.10502e-05,-1.92264e-05,5.84716e-05,0.0081020754,0.0004174765,-4.64045e-05,0.0029921573,4.84486e-05,0.0026238621,0.742433,-1.653365,1.584462,0.171135,0.815077,-0.153915,0.531671
1403715900.5337,0.362031,-3.723753,0.697725,0.820161,-0.093889,0.549699,0.127872,0.0003479117,3.89845e-05,-0.0001347829,8.5618e-06,-1.5031e-05,5.60719e-05,0.008223746,0.000478817,-2.8996e-05,0.0030161879,5.82502e-05,0.0026084804,0.790971,-1.671328,1.583311,0.162101,0.811496,-0.160648,0.537951
1403715900.88374,0.682752,-3.776743,0.72983,0.777332,-0.115554,0.610419,0.098944,0.0003830773,3.8733e-06,-9.19528e-05,4.008e-06,-9.271e-07,2.54057e-05,0.0083800509,0.0009974198,-8.9798e-06,0.0029468293,3.8452e-05,0.0025948963,1.13558,-1.748984,1.589914,0.137947,0.766961,-0.179735,0.600365
1403715901.03372,0.79739,-3.77414,0.744862,0.763988,-0.111491,0.626522,0.10659,0.0003905978,8.0763e-06,-7.56833e-05,4.1729e-06,-1.5651e-06,1.79202e-05,0.0084015732,0.0011041903,-8.0507e-06,0.0029943925,3.75158e-05,0.0026013925,1.253737,-1.760394,1.599705,0.146631,0.75404,-0.174905,0.6159
1403715901.0837,0.81798,-3.747788,0.754168,0.759592,-0.110025,0.631548,0.109828,0.0003926306,9.5647e-06,-7.03557e-05,4.2448e-06,-1.6978e-06,1.5744e-05,0.008364232,0.0011560632,-4.5301e-06,0.0029790627,2.96992e-05,0.0025983158,1.286168,-1.759851,1.604828,0.149556,0.749788,-0.173266,0.62083
1403715901.13371,0.8459,-3.742073,0.761541,0.755237,-0.109997,0.636744,0.109888,0.0003945256,9.3116e-06,-6.5294e-05,4.2404e-06,-1.5172e-06,1.393e-05,0.0082811414,0.0011678139,-4.5386e-06,0.0029929265,2.98723e-05,0.0026005186,1.31486,-1.75684,1.61047,0.149996,0.745449,-0.173023,0.625996
1403715901.3837,0.911835,-3.680723,0.802945,0.74994,-0.117013,0.642324,0.106382,0.000396607,2.665e-06,-6.04581e-05,4.0833e-06,-3.348e-07,1.23037e-05,0.0081342064,0.0012599123,-5.0832e-06,0.0030257674,3.27476e-05,0.0026122973,1.391757,-1.702514,1.646773,0.146848,0.739737,-0.179749,0.631598
1403715901.4337,0.911269,-3.664264,0.811337,0.755975,-0.120589,0.635139,0.102758,0.000394101,-1.076e-07,-6.8163e-05,4.0788e-06,9.54e-08,1.49063e-05,0.0080744057,0.0012402523,-5.3657e-06,0.0030268688,3.34012e-05,0.0026157345,1.393592,-1.684387,1.65346,0.142681,0.745491,-0.183699,0.624613
1403715901.48369,0.891423,-3.627999,0.787647,0.763091,-0.123895,0.626104,0.101668,0.0003907084,-8.32e-07,-7.68785e-05,3.7964e-06,3.695e-07,1.81538e-05,0.0079816154,0.0012563556,1.2128e-06,0.0029675551,1.81221e-05,0.002583214,1.391113,-1.664598,1.660181,0.140523,0.752326,-0.186656,0.61597
1403715901.5337,0.880742,-3.605904,0.792968,0.768988,-0.125837,0.618614,0.100692,0.0003875647,-1.1961e-06,-8.42262e-05,3.7613e-06,4.843e-07,2.13598e-05,0.0078667613,0.0012101951,1.307e-06,0.0029477179,1.70138e-05,0.0025813173,1.385346,-1.643411,1.667447,0.13899,0.757992,-0.188819,0.608669
1403715901.9837,0.69973,-3.385572,0.860993,0.792523,-0.12797,0.587462,0.102075,0.0003729726,3.4013e-06,-0.000111574,3.7051e-06,-7.62e-07,3.66249e-05,0.0072659879,0.000882636,1.9499e-06,0.0028293756,1.6058e-05,0.0025813704,1.232983,-1.406268,1.734803,0.13814,0.781429,-0.192407,0.577292
1403715902.2337,0.560021,-3.236594,0.88168,0.793041,-0.118866,0.587013,0.111229,0.0003736731,1.32016e-05,-0.0001103519,3.9852e-06,-3.6743e-06,3.58547e-05,0.0068546615,0.0006532232,9.35e-08,0.0027577812,1.41033e-05,0.0025750517,1.101914,-1.247805,1.759665,0.147567,0.782625,-0.183419,0.576264
1403715902.48372,0.399063,-3.059954,0.898426,0.805217,-0.115752,0.570556,0.112663,0.000364146,1.80419e-05,-0.0001235789,4.2493e-06,-5.9345e-06,4.5297e-05,0.0063779361,0.0004316495,4.88e-07,0.0027040434,1.01618e-05,0.0025667612,0.959325,-1.063878,1.776027,0.147756,0.79524,-0.180969,0.559476
1403715902.73374,0.254115,-2.867862,0.909894,0.818668,-0.120287,0.555475,0.082226,0.0003528448,-4.777e-07,-0.0001384918,3.3692e-06,4.06e-07,5.78618e-05,0.0059037642,0.0002163763,3.5909e-06,0.0026779234,6.5874e-06,0.0025647685,0.824859,-0.856885,1.790998,0.116612,0.80801,-0.186247,0.546657
1403715902.78374,0.222921,-2.83429,0.904953,0.822491,-0.115757,0.551619,0.076326,0.0003496108,-1.351e-06,-0.0001418911,3.3338e-06,7.377e-07,6.10912e-05,0.0058207905,0.0001932132,5.6747e-06,0.0026751525,4.8816e-06,0.0025631864,0.800414,-0.815861,1.789562,0.110657,0.812194,-0.181503,0.54328
1403715902.83374,0.194721,-2.796171,0.899806,0.825994,-0.110215,0.548404,0.069567,0.0003467939,-3.038e-06,-0.0001447513,3.3663e-06,1.4523e-06,6.39512e-05,0.0057494857,0.0001549693,6.6241e-06,0.0026736831,3.7582e-06,0.0025629023,0.77733,-0.775505,1.785183,0.103718,0.81611,-0.176082,0.540558
1403715902.88373,0.168451,-2.758603,0.891649,0.829877,-0.102656,0.544678,0.063963,0.0003438118,-2.9071e-06,-0.0001476863,3.3771e-06,1.4206e-06,6.70009e-05,0.0056676742,0.0001209124,7.5963e-06,0.0026736314,2.5544e-06,0.0025625738,0.756007,-0.735727,1.777731,0.09787,0.820555,-0.168694,0.537266
1403715902.93372,0.139741,-2.720507,0.87999,0.832549,-0.094493,0.542685,0.058538,0.0003419983,-2.5782e-06,-0.0001494469,3.3708e-06,1.279e-06,6.88729e-05,0.0055840759,9.19603e-05,6.8198e-06,0.0026732918,2.1741e-06,0.0025615431,0.736281,-0.696799,1.768388,0.092451,0.823913,-0.160536,0.535583
1403715902.98371,0.109403,-2.682123,0.86419,0.834549,-0.083266,0.541711,0.056067,0.0003412342,5.555e-07,-0.0001502104,3.3462e-06,-1.028e-07,6.96664e-05,0.0054953368,6.362e-05,3.8106e-06,0.0026712198,2.5829e-06,0.0025591642,0.718361,-0.658673,1.758992,0.090015,0.826806,-0.149321,0.534785
1403715903.13369,0.056439,-2.582189,0.836469,0.836201,-0.046977,0.544602,0.044374,0.0003426613,7.9748e-06,-0.0001489328,3.5449e-06,-3.373e-06,6.82357e-05,0.0052662841,-7.3228e-06,3.8313e-06,0.0026761816,3.23e-08,0.0025571063,0.675713,-0.547574,1.733476,0.078986,0.831143,-0.113071,0.538683
1403715903.18369,0.043199,-2.548884,0.827298,0.836247,-0.034628,0.54561,0.04245,0.000343044,1.16516e-05,-0.0001483937,3.7504e-06,-4.9537e-06,6.76588e-05,0.0052076478,-2.21657e-05,3.6642e-06,0.0026777643,-9.308e-07,0.0025560677,0.665262,-0.511129,1.726112,0.077309,0.832173,-0.100666,0.539796
1403715903.2337,0.031074,-2.515921,0.818003,0.836931,-0.026355,0.545376,0.037655,0.0003426853,1.20449e-05,-0.0001487703,3.7839e-06,-5.1433e-06,6.80335e-05,0.0051423169,-3.60936e-05,4.2593e-06,0.002681212,-2.3602e-06,0.0025554404,0.656549,-0.474612,1.7188,0.072566,0.833494,-0.092443,0.539887
1403715903.43375,-0.010405,-2.371041,0.792737,0.846484,-0.007444,0.532221,0.012249,0.0003328348,4.5337e-06,-0.0001579727,3.3636e-06,-2.0298e-06,7.83981e-05,0.0048690558,-6.17834e-05,4.9491e-06,0.0026861544,-5.8977e-06,0.0025540133,0.642841,-0.327762,1.695008,0.047071,0.844505,-0.074023,0.528315
1403715903.48376,-0.018956,-2.329787,0.79154,0.847935,-0.001355,0.530066,0.005842,0.0003311994,2.5642e-06,-0.0001593883,3.2884e-06,-1.0863e-06,8.00969e-05,0.0047966985,-7.5745e-05,4.9364e-06,0.0026893948,-6.8616e-06,0.0025536061,0.64637,-0.29084,1.695121,0.040681,0.846482,-0.067906,0.5265
1403715903.53377,-0.026605,-2.289274,0.79566,-0.848748,-0.005553,-0.528765,0.00165,0.0003303383,6.959e-07,-0.0001601317,3.1554e-06,-1.663e-07,8.09631e-05,0.0047091641,-7.2646e-05,2.494e-06,0.0026836203,-5.9013e-06,0.0025521228,0.653097,-0.254065,1.698864,0.033399,0.847814,-0.060925,0.525724
1403715903.58378,-0.028969,-2.250986,0.801212,-0.848354,-0.014447,-0.529161,0.008658,0.0003306035,-1.899e-07,-0.0001599728,3.0533e-06,2.636e-07,8.06394e-05,0.0046257832,-7.22065e-05,9.74e-08,0.0026821829,-5.6555e-06,0.0025512565,0.66306,-0.217633,1.706546,0.026756,0.848153,-0.051991,0.526516
1403715903.63378,-0.021599,-2.214468,0.812514,-0.848401,-0.024016,-0.528562,0.016167,0.0003304763,-1.276e-06,-0.0001601217,2.9805e-06,8.02e-07,8.07438e-05,0.0045519643,-6.78533e-05,-1.3067e-06,0.0026818862,-5.3882e-06,0.0025506884,0.676247,-0.181361,1.717779,0.01925,0.84883,-0.042379,0.526615
1403715903.93379,0.089666,-2.01279,0.951477,-0.825664,-0.092785,-0.550459,0.081637,0.0003507054,-1.23477e-05,-0.0001420212,3.3148e-06,5.1749e-06,6.03798e-05,0.0041699708,2.19277e-05,-3.6106e-06,0.0026882972,-6.8453e-06,0.0025493826,0.81094,0.031278,1.855573,0.043586,-0.830932,-0.027565,-0.553983
1403715904.13379,0.181803,-1.876855,1.063225,-0.804897,-0.154222,-0.557119,0.134071,0.0003612691,-1.70273e-05,-0.0001302749,3.7465e-06,6.2504e-06,4.97511e-05,0.004005334,0.0001004793,-2.4692e-06,0.0027211218,-1.08344e-05,0.0025515972,0.928378,0.163217,1.970225,0.09507,-0.814881,-0.090208,-0.564621
1403715904.48379,0.342441,-1.686028,1.220119,-0.760495,-0.282045,-0.552723,0.191301,0.0003696787,8.1397e-06,-0.0001212234,3.1113e-06,-2.6558e-06,4.2359e-05,0.0037644213,0.0002072514,-2.4661e-06,0.002791975,-1.4171e-05,0.0025600355,1.125939,0.356785,2.13482,0.152087,-0.780372,-0.220712,-0.564959
1403715904.58377,0.386512,-1.628877,1.242129,-0.744341,-0.314448,-0.553937,0.200581,0.0003711651,1.91561e-05,-0.0001180309,3.702e-06,-5.9163e-06,3.9648e-05,0.0037158693,0.0002473204,-5.015e-06,0.0027782601,-5.0584e-06,0.0025607067,1.176758,0.408935,2.159728,0.16167,-0.766856,-0.254057,-0.566792
1403715904.98372,0.499846,-1.407044,1.207254,-0.683711,-0.416415,-0.516383,0.304115,0.0003783472,5.2247e-06,-0.0001097262,1.9243e-06,-1.4645e-06,3.32259e-05,0.0034804233,0.0003035489,-1.1052e-06,0.0028243033,-4.7832e-06,0.0025742975,1.302335,0.62172,2.138132,0.268715,-0.713843,-0.359662,-0.537466
1403715905.03372,0.505901,-1.383655,1.189456,-0.671541,-0.430469,-0.512262,0.318302,0.000380135,5.7069e-06,-0.000106991,1.9475e-06,-1.5817e-06,3.1511e-05,0.0034437254,0.0003151215,-4.97e-08,0.0028451136,-5.5718e-06,0.0025778209,1.309876,0.645863,2.122993,0.28311,-0.702739,-0.374606,-0.534494
1403715905.08373,0.504178,-1.358156,1.171718,-0.65844,-0.444228,-0.509005,0.33171,0.0003823964,6.2958e-06,-0.000103337,1.8799e-06,-1.6792e-06,2.92942e-05,0.003426509,0.0003187671,1.9285e-06,0.0028559785,-8.1048e-06,0.0025808081,1.31591,0.668706,2.105032,0.296689,-0.690927,-0.389338,-0.531994
1403715905.13374,0.502984,-1.333777,1.151986,-0.644838,-0.456655,-0.506444,0.345203,0.0003851969,7.1055e-06,-9.84994e-05,1.8555e-06,-1.7998e-06,2.65246e-05,0.0034104449,0.0003189728,4.551e-06,0.0028651248,-1.12107e-05,0.0025832556,1.320435,0.689471,2.084195,0.310359,-0.678425,-0.402766,-0.530283
1403715905.43374,0.496717,-1.253812,1.005059,-0.590574,-0.538737,-0.469083,0.375427,0.000377808,2.46894e-05,-0.0001091455,2.7486e-06,-7.0134e-06,3.25046e-05,0.0033391582,0.0003159476,-1.79906e-05,0.0029004657,-3.7671e-05,0.0025886016,1.310468,0.764522,1.94349,0.343041,-0.63072,-0.488986,-0.49539
1403715905.53373,0.473784,-1.250291,0.957475,-0.578416,-0.563575,-0.449422,0.381887,0.0003713341,2.54988e-05,-0.0001187835,2.7276e-06,-8.0347e-06,3.89729e-05,0.0033252839,0.0003016388,-1.88527e-05,0.0029179656,-4.41415e-05,0.0025979346,1.289322,0.77375,1.899556,0.350683,-0.620701,-0.514833,-0.476133
1403715905.58371,0.449729,-1.254481,0.937034,-0.572908,-0.573793,-0.437784,0.388437,0.0003690008,2.24437e-05,-0.0001226662,2.1766e-06,-7.302e-06,4.16674e-05,0.0033059407,0.0002834267,-1.81328e-05,0.0029080545,-4.75441e-05,0.002599135,1.2756,0.777206,1.8782,0.357908,-0.616229,-0.525551,-0.464718
1403715905.78369,0.368568,-1.266521,0.849345,-0.550099,-0.606548,-0.379647,0.430533,0.0003633285,-5.0184e-06,-0.0001321134,6.284e-07,1.9422e-06,4.87757e-05,0.0032754681,0.000212669,-1.23706e-05,0.0028779468,-5.37124e-05,0.0026156263,1.207043,0.786304,1.798137,0.403743,-0.596189,-0.560317,-0.40939
1403715905.83367,0.353813,-1.249832,0.831544,-0.540772,-0.617805,-0.364696,0.43918,0.0003616426,-9.4961e-06,-0.0001339422,7.687e-07,3.6313e-06,5.02635e-05,0.0032851139,0.0001897322,-1.23576e-05,0.0028426214,-6.595e-05,0.0026174624,1.188448,0.787705,1.778656,0.413753,-0.587643,-0.572203,-0.39506
1403715905.88366,0.33195,-1.236821,0.810723,-0.53007,-0.63187,-0.349284,0.44471,0.0003579404,-1.17392e-05,-0.0001380664,8.947e-07,4.6303e-06,5.38277e-05,0.0032654199,0.0001825112,-1.21184e-05,0.0028317227,-6.80528e-05,0.0026193785,1.170163,0.78888,1.759079,0.420568,-0.57818,-0.586896,-0.379986
1403715905.93365,0.308628,-1.231573,0.793293,-0.518888,-0.646988,-0.332675,0.448876,0.0003531236,-1.34249e-05,-0.0001430824,1.013e-06,5.539e-06,5.84904e-05,0.0032476803,0.0001704015,-1.04621e-05,0.0028223273,-7.0753e-05,0.0026155447,1.152321,0.790494,1.739441,0.425777,-0.568375,-0.602769,-0.363786
1403715906.28366,0.176729,-1.226371,0.682649,-0.378364,-0.739613,-0.272312,0.485447,0.0003515981,1.36019e-05,-0.0001452479,9.333e-07,-5.5921e-06,6.04343e-05,0.0031924695,8.5589e-05,8.6677e-06,0.0028024666,-7.14244e-05,0.0026240818,1.028976,0.835378,1.626743,0.465916,-0.435778,-0.706293,-0.306883
1403715906.33364,0.155861,-1.225844,0.670301,-0.356048,-0.749795,-0.263876,0.491331,0.0003525356,1.75634e-05,-0.0001439726,1.273e-06,-7.1553e-06,5.92193e-05,0.0032322375,6.76868e-05,1.11569e-05,0.0027990015,-7.34164e-05,0.0026285588,1.007968,0.844763,1.612868,0.472226,-0.414391,-0.71824,-0.299035
1403715906.38365,0.131471,-1.226409,0.657129,-0.334507,-0.759189,-0.254597,0.496909,0.0003526603,2.0588e-05,-0.0001435469,1.5631e-06,-8.3471e-06,5.88304e-05,0.0032334641,5.21488e-05,1.33329e-05,0.0027857519,-6.73332e-05,0.0026254425,0.985382,0.85382,1.599233,0.478329,-0.393839,-0.729366,-0.290041
1403715906.63365,-0.002074,-1.204394,0.601474,-0.240577,-0.786377,-0.192573,0.535397,0.0003607602,1.73664e-05,-0.0001358575,1.2105e-06,-6.5148e-06,5.15327e-05,0.0032338234,-2.45845e-05,2.87424e-05,0.0028221931,-7.70285e-05,0.0026490178,0.84846,0.888844,1.546747,0.521421,-0.30254,-0.763668,-0.231101
1403715906.68365,-0.031773,-1.203042,0.597875,-0.225786,-0.788883,-0.174691,0.544213,0.0003630183,1.15952e-05,-0.0001340034,7.482e-07,-4.2557e-06,4.98326e-05,0.0032397701,-4.38412e-05,3.25238e-05,0.0028346246,-7.99703e-05,0.0026554597,0.81702,0.892553,1.544095,0.531579,-0.287978,-0.767276,-0.213976
1403715906.73365,-0.064724,-1.206415,0.599687,-0.21022,-0.792129,-0.157114,0.551048,0.000364269,6.6234e-06,-0.0001329964,4.987e-07,-2.3936e-06,4.89006e-05,0.0032417219,-6.1652e-05,3.5264e-05,0.0028404799,-7.43938e-05,0.0026471975,0.785024,0.895013,1.544412,0.539662,-0.272763,-0.77174,-0.196946
1403715906.78364,-0.091427,-1.21069,0.607354,-0.194297,-0.795886,-0.139234,0.556263,0.0003647192,2.2386e-06,-0.0001327383,3.906e-07,-7.926e-07,4.86422e-05,0.0032487072,-8.13441e-05,3.71834e-05,0.0028526616,-7.52676e-05,0.0026484913,0.752728,0.896862,1.546858,0.546119,-0.257153,-0.776782,-0.17956
1403715906.88364,-0.154594,-1.202751,0.607761,-0.159123,-0.801558,-0.105345,0.566645,0.0003668379,-4.4787e-06,-0.0001303791,3.962e-07,1.6064e-06,4.66291e-05,0.0032531851,-0.0001136857,3.35039e-05,0.0028498954,-7.53316e-05,0.0026366235,0.689361,0.898734,1.552025,0.559273,-0.222364,-0.785039,-0.146586
1403715906.93364,-0.18062,-1.203778,0.610631,-0.139217,-0.80343,-0.090531,0.571771,0.0003684143,-5.2676e-06,-0.0001285244,4.119e-07,1.8487e-06,4.51149e-05,0.0032456603,-0.0001327775,3.41938e-05,0.0028611053,-7.78514e-05,0.0026374274,0.65895,0.898904,1.552107,0.565486,-0.202587,-0.788466,-0.132333
1403715907.03363,-0.236315,-1.208421,0.601965,-0.097245,-0.806448,-0.063523,0.579785,0.0003713195,-4.0354e-06,-0.0001251152,3.676e-07,1.3647e-06,4.24242e-05,0.0032561597,-0.0001675181,3.96008e-05,0.0028791906,-8.53276e-05,0.0026439764,0.600994,0.898035,1.543591,0.575454,-0.160985,-0.794789,-0.106079
1403715907.08362,-0.267789,-1.207234,0.590156,-0.07297,-0.809296,-0.053613,0.58038,0.0003712351,7.783e-07,-0.0001254221,3.245e-07,-2.627e-07,4.26388e-05,0.0032646655,-0.0001866671,4.30201e-05,0.0028927597,-8.73055e-05,0.0026474543,0.573473,0.897292,1.535412,0.576866,-0.137014,-0.799499,-0.096238
1403715907.18362,-0.313088,-1.224158,0.581701,-0.021725,-0.812514,-0.033674,0.581562,0.0003707155,1.15633e-05,-0.0001258537,6.704e-07,-3.934e-06,4.29912e-05,0.0032796286,-0.0002232104,4.99972e-05,0.0029193567,-8.99982e-05,0.0026550344,0.519838,0.892963,1.522073,0.579441,-0.086175,-0.806836,-0.07646
1403715907.23358,-0.335821,-1.287568,0.597166,0.003879,-0.813122,-0.020261,0.581727,0.0003701195,1.41987e-05,-0.0001264331,7.842e-07,-4.8261e-06,4.34233e-05,0.0032937033,-0.0002230721,4.96456e-05,0.0028505234,-7.48085e-05,0.0026539272,0.493951,0.888435,1.519882,0.580161,-0.061588,-0.809736,-0.062904
1403715907.33358,-0.377394,-1.312981,0.608001,0.051398,-0.812366,0.010039,0.580791,0.0003695462,1.70178e-05,-0.0001270897,1.0175e-06,-5.8304e-06,4.39361e-05,0.0033865294,-0.0002622516,5.63706e-05,0.0028599599,-7.35466e-05,0.0026612172,0.44528,0.874751,1.527037,0.581538,-0.014138,-0.812749,-0.032575
1403715907.38358,-0.397313,-1.325281,0.617407,0.075282,-0.81004,0.025059,0.580982,0.0003699539,1.8418e-05,-0.0001265042,1.1517e-06,-6.2772e-06,4.34837e-05,0.0034125501,-0.0002767611,5.99009e-05,0.0028648631,-7.34987e-05,0.0026653509,0.422677,0.865349,1.535604,0.582942,0.009914,-0.812265,-0.017751
1403715907.43355,-0.402767,-1.345003,0.634529,0.098899,-0.807319,0.037049,0.580588,0.0003695858,2.18399e-05,-0.0001263926,1.4698e-06,-7.4465e-06,4.34346e-05,0.0034093927,-0.0002685992,5.22954e-05,0.0028377488,-6.04723e-05,0.0026564882,0.401132,0.854346,1.54675,0.583335,0.034212,-0.811495,-0.005728
1403715907.48355,-0.415585,-1.36166,0.64947,0.121432,-0.804331,0.049658,0.579517,0.0003693976,2.39728e-05,-0.0001263616,1.7341e-06,-8.1786e-06,4.34303e-05,0.0034350329,-0.0002736863,5.4215e-05,0.0028358428,-5.96179e-05,0.0026589029,0.380641,0.84164,1.559447,0.58327,0.056956,-0.810254,0.006832
1403715907.63356,-0.454738,-1.415817,0.692692,0.179564,-0.79438,0.08725,0.573677,0.0003684666,2.65371e-05,-0.0001274402,2.095e-06,-9.1566e-06,4.42736e-05,0.0035124705,-0.0003058749,6.40502e-05,0.0028447386,-5.90521e-05,0.002670559,0.326576,0.793987,1.599019,0.580399,0.115621,-0.804852,0.044583
1403715907.68356,-0.462391,-1.436289,0.709391,0.195217,-0.789597,0.100961,0.572916,0.0003696205,2.53335e-05,-0.0001263458,1.9219e-06,-8.638e-06,4.33789e-05,0.0035398249,-0.0003143797,6.66708e-05,0.002846078,-5.88134e-05,0.0026741145,0.311194,0.775023,1.612468,0.580736,0.131642,-0.801268,0.05823
1403715908.08359,-0.511011,-1.612574,0.780157,0.302462,-0.741748,0.223948,0.555134,0.0003820611,1.5549e-06,-0.0001126357,1.933e-07,-4.413e-07,3.33817e-05,0.0037950571,-0.0003545886,7.97482e-05,0.0028413403,-4.9368e-05,0.0027020201,0.247708,0.589434,1.698855,0.572333,0.242937,-0.761704,0.182289
1403715908.13358,-0.515451,-1.632619,0.782877,0.317606,-0.733705,0.23937,0.550913,0.0003832557,-3.929e-07,-0.0001109249,1.802e-07,1.284e-07,3.22782e-05,0.0037960242,-0.0003612802,6.97991e-05,0.0028464249,-4.68092e-05,0.0026988053,0.247305,0.565933,1.707384,0.569313,0.258774,-0.754794,0.198015
1403715908.18358,-0.512014,-1.653925,0.78936,0.334746,-0.726132,0.253012,0.544667,0.0003832573,-1.0034e-06,-0.0001110948,1.851e-07,3.045e-07,3.23766e-05,0.0038278932,-0.0003649433,7.31276e-05,0.0028476378,-4.61004e-05,0.0027047186,0.248721,0.543242,1.714703,0.564078,0.276517,-0.748601,0.212031
1403715908.38358,-0.483647,-1.722949,0.807923,0.405169,-0.691116,0.30711,0.513692,0.0003824405,-3.1597e-06,-0.0001130325,2.175e-07,9.418e-07,3.3582e-05,0.0039528371,-0.0003471734,8.71461e-05,0.0028372485,-4.18929e-05,0.0027308803,0.271935,0.465786,1.736492,0.5373,0.349588,-0.719172,0.268132
1403715908.43358,-0.47212,-1.738401,0.81547,0.422646,-0.680698,0.320343,0.505373,0.0003824249,-3.4614e-06,-0.0001132073,2.205e-07,1.0329e-06,3.3684e-05,0.0039733573,-0.0003384101,8.64821e-05,0.0028339374,-3.88991e-05,0.0027319662,0.280407,0.449475,1.741592,0.529967,0.367831,-0.710204,0.281873
1403715908.48359,-0.449941,-1.749695,0.826237,0.44025,-0.669776,0.333411,0.496405,0.0003822416,-3.701e-06,-0.0001136362,2.123e-07,1.1077e-06,3.39479e-05,0.0039776862,-0.0003324289,8.52468e-05,0.0028261659,-3.57287e-05,0.0027322346,0.290035,0.434586,1.746489,0.521978,0.386177,-0.700811,0.295426
1403715908.68359,-0.382707,-1.781202,0.858509,0.511635,-0.614823,0.380893,0.463836,0.0003838329,2.5643e-06,-0.0001118576,1.867e-07,-7.443e-07,3.27527e-05,0.0040170939,-0.0002800072,8.24723e-05,0.0028043422,-2.53486e-05,0.0027375914,0.339812,0.389234,1.766313,0.493084,0.461646,-0.651809,0.344823
1403715908.73359,-0.377792,-1.788324,0.86111,0.527388,-0.599429,0.392702,0.456434,0.0003850746,4.3777e-06,-0.0001099952,2.114e-07,-1.2479e-06,3.15734e-05,0.0040055304,-0.0002600039,7.9949e-05,0.0027918674,-2.42245e-05,0.0027421818,0.354711,0.381505,1.77045,0.486627,0.478579,-0.637631,0.357196
1403715908.78358,-0.366376,-1.789407,0.864371,0.541373,-0.585019,0.405578,0.44741,0.0003860958,4.0855e-06,-0.0001085273,2.019e-07,-1.1465e-06,3.06584e-05,0.0040089289,-0.000257663,8.15191e-05,0.0027903847,-2.24366e-05,0.0027485494,0.370287,0.375424,1.773769,0.478603,0.493702,-0.62433,0.370696
1403715908.88358,-0.329747,-1.787136,0.873484,0.568945,-0.557731,0.427628,0.42705,0.0003865229,3.6351e-06,-0.0001082147,1.942e-07,-1.0163e-06,3.04511e-05,0.0040075186,-0.0002330975,8.32238e-05,0.0027888036,-1.8439e-05,0.0027597506,0.403583,0.369064,1.777969,0.459853,0.5234,-0.599447,0.394027
1403715908.93358,-0.313247,-1.782079,0.876374,0.583936,-0.545883,0.435474,0.413998,0.0003847221,3.3213e-06,-0.0001113146,1.885e-07,-9.611e-07,3.23628e-05,0.004000794,-0.0002136945,8.35293e-05,0.0027837953,-1.68432e-05,0.0027650591,0.421396,0.369185,1.778563,0.447442,0.539321,-0.588842,0.40274
1403715908.98358,-0.297451,-1.777043,0.878675,0.599997,-0.532748,0.440839,0.402299,0.0003824956,5.2894e-06,-0.0001148671,2.345e-07,-1.5898e-06,3.46536e-05,0.0039956316,-0.0001971828,8.58974e-05,0.0027839713,-1.44469e-05,0.0027723638,0.439852,0.370882,1.778848,0.436205,0.556384,-0.577021,0.408919
1403715909.03362,-0.256656,-1.750755,0.855248,0.615107,-0.51918,0.445303,0.392175,0.0003801848,7.9476e-06,-0.0001180308,2.944e-07,-2.4702e-06,3.67692e-05,0.0038938823,-0.0002095191,2.9383e-05,0.0027385198,-2.28596e-05,0.0026812733,0.458655,0.374206,1.778671,0.425968,0.572921,-0.564596,0.414185
1403715909.13362,-0.223453,-1.731146,0.852824,0.643779,-0.491414,0.453381,0.372163,0.0003761499,1.33552e-05,-0.0001235394,6.036e-07,-4.3913e-06,4.07029e-05,0.0038371379,-0.0001615477,2.8642e-05,0.0027227339,-2.12343e-05,0.0026821407,0.497878,0.384083,1.776702,0.406666,0.603694,-0.539159,0.423663
1403715909.33363,-0.147361,-1.681451,0.843233,0.685937,-0.440503,0.475294,0.330972,0.0003718815,1.39277e-05,-0.0001296683,6.554e-07,-4.8639e-06,4.53489e-05,0.0037655453,-0.0001027195,2.81841e-05,0.0027117025,-1.89812e-05,0.0026886711,0.585837,0.414229,1.766021,0.3672,0.649734,-0.491766,0.448531
1403715909.38365,-0.112028,-1.654361,0.849529,0.694932,-0.4273,0.479894,0.322778,0.0003712853,1.50728e-05,-0.0001303482,7.352e-07,-5.2954e-06,4.58917e-05,0.0037368421,-9.66367e-05,2.39838e-05,0.0026931632,-2.25989e-05,0.0026844484,0.609573,0.423167,1.762062,0.3592,0.659808,-0.479226,0.453845
1403715909.43367,-0.090506,-1.639669,0.846852,0.703385,-0.413868,0.484713,0.314668,0.000371012,1.63343e-05,-0.0001306746,8.422e-07,-5.7572e-06,4.61552e-05,0.0036985156,-7.0562e-05,2.34188e-05,0.0026871619,-2.18747e-05,0.0026851887,0.63408,0.432699,1.75735,0.351482,0.669305,-0.466478,0.459231
1403715909.48368,-0.067117,-1.623672,0.842653,0.711659,-0.398122,0.489146,0.309479,0.0003713188,2.00873e-05,-0.0001299044,1.2098e-06,-7.032e-06,4.55766e-05,0.003677153,-5.51204e-05,2.2762e-05,0.0026840151,-2.14968e-05,0.0026859272,0.659637,0.44291,1.751946,0.346621,0.678858,-0.451314,0.464031
1403715909.58369,-0.010268,-1.584565,0.833755,0.729684,-0.365175,0.495877,0.297178,0.00036998,2.80586e-05,-0.0001303278,2.2486e-06,-9.8885e-06,4.60391e-05,0.003629369,-2.50011e-05,2.10478e-05,0.0026734467,-1.96357e-05,0.0026840267,0.715149,0.465578,1.737455,0.334579,0.699542,-0.419692,0.471765
1403715909.63369,0.017648,-1.565455,0.82751,0.737723,-0.348287,0.501211,0.288528,0.0003698894,3.00952e-05,-0.000130133,2.5692e-06,-1.05932e-05,4.59135e-05,0.0035981603,-2.3307e-06,2.04404e-05,0.0026709009,-1.93482e-05,0.0026851134,0.745306,0.478595,1.72952,0.326266,0.708846,-0.403468,0.477813
1403715909.73366,0.076267,-1.520347,0.807319,0.751963,-0.314967,0.515297,0.264227,0.0003707874,2.86439e-05,-0.0001296388,2.3336e-06,-1.00203e-05,4.54575e-05,0.003545253,3.35419e-05,1.95818e-05,0.0026690109,-1.89709e-05,0.0026881591,0.810524,0.508911,1.711947,0.302993,0.725668,-0.371441,0.493597
1403715909.78371,0.108018,-1.495863,0.798004,0.758474,-0.298171,0.523122,0.249307,0.0003715244,2.60742e-05,-0.0001293904,1.9487e-06,-9.0857e-06,4.51939e-05,0.0035126114,5.21544e-05,1.87169e-05,0.0026674882,-1.85317e-05,0.0026886864,0.845424,0.526148,1.702486,0.288585,0.733523,-0.355013,0.502627
1403715909.83372,0.14024,-1.470925,0.787887,0.7651,-0.278999,0.531047,0.234032,0.0003723737,2.43764e-05,-0.0001287968,1.7143e-06,-8.4361e-06,4.46802e-05,0.0034817764,7.11778e-05,1.80514e-05,0.0026684636,-1.81703e-05,0.002689955,0.881969,0.544847,1.692617,0.273894,0.741623,-0.336376,0.511699
1403715909.88371,0.170883,-1.444833,0.77659,0.769592,-0.259988,0.541872,0.215662,0.0003748159,1.99037e-05,-0.0001265722,1.1748e-06,-6.7253e-06,4.28741e-05,0.0034507738,8.93205e-05,1.72328e-05,0.00267033,-1.77843e-05,0.0026909872,0.919729,0.565164,1.682621,0.256318,0.747588,-0.317701,0.523917
1403715909.93371,0.203878,-1.417749,0.766562,0.772437,-0.239933,0.554351,0.196131,0.0003783619,1.47209e-05,-0.0001226813,6.903e-07,-4.7763e-06,3.99101e-05,0.0034193818,0.000105329,1.63975e-05,0.0026729162,-1.73299e-05,0.0026920928,0.957923,0.587095,1.672733,0.23782,0.751955,-0.297945,0.537814
1403715910.03373,0.267374,-1.356042,0.744929,0.777977,-0.194667,0.576331,0.157157,0.0003844519,8.0829e-06,-0.0001148252,2.888e-07,-2.4162e-06,3.44273e-05,0.0033551407,0.0001363469,1.4806e-05,0.0026819682,-1.68279e-05,0.0026950786,1.033444,0.635928,1.651944,0.200513,0.761065,-0.253144,0.562586
1403715910.48373,0.474744,-1.05225,0.641985,0.795736,0.006987,0.605528,0.009501,0.0003898911,9.5862e-06,-0.0001077198,3.652e-07,-2.6488e-06,2.99045e-05,0.0030741917,0.0001942778,7.6409e-06,0.0027441878,-1.78612e-05,0.0027183704,1.29854,0.912791,1.542075,0.055566,0.794269,-0.05397,0.602612
1403715910.78373,0.518311,-0.833347,0.599277,-0.78492,-0.103172,-0.607505,0.06476,0.0003933453,9.6486e-06,-0.0001030556,3.755e-07,-2.528e-06,2.7152e-05,0.0029405468,0.0001736517,1.8423e-06,0.0027824539,-1.98834e-05,0.0027407067,1.377111,1.128542,1.486867,0.018432,-0.791017,-0.042598,-0.610034
1403715910.83373,0.518009,-0.796522,0.595614,-0.782669,-0.117571,-0.606379,0.076889,0.0003936315,9.0576e-06,-0.0001028233,3.489e-07,-2.3661e-06,2.70124e-05,0.00292262,0.0001668931,7.596e-07,0.002787505,-2.03413e-05,0.0027450485,1.38199,1.166013,1.480377,0.030662,-0.789896,-0.057085,-0.60981
1403715910.88373,0.514898,-0.760036,0.592586,-0.78056,-0.131824,-0.604505,0.089005,0.0003936626,8.3271e-06,-0.0001030535,3.182e-07,-2.1799e-06,2.71323e-05,0.0029064481,0.000159424,-3.539e-07,0.0027920156,-2.08388e-05,0.0027496004,1.383897,1.203558,1.474336,0.042891,-0.788915,-0.071459,-0.608827
1403715911.28374,0.40116,-0.496254,0.561666,-0.746608,-0.242397,-0.58924,0.191352,0.0003989779,3.3e-09,-9.53163e-05,1.49e-07,-0.0,2.29265e-05,0.0028299119,9.27407e-05,-1.2014e-05,0.0027945938,-2.79087e-05,0.0027791683,1.305368,1.492108,1.432947,0.146249,-0.763685,-0.184199,-0.601225
1403715911.38373,0.358869,-0.446371,0.541217,-0.739189,-0.271083,-0.577573,0.215691,0.0003977427,-2.2998e-06,-9.81678e-05,1.625e-07,5.671e-07,2.43846e-05,0.0028226987,7.69346e-05,-5.7159e-06,0.0027900985,-2.99727e-05,0.0027778295,1.26053,1.553937,1.423684,0.17143,-0.758472,-0.213348,-0.591455
1403715911.73373,0.132787,-0.327051,0.517143,-0.719962,-0.373115,-0.519376,0.269608,0.0003808497,-2.341e-07,-0.0001264433,1.608e-07,7.56e-08,4.21564e-05,0.0028709622,4.25653e-05,-1.22496e-05,0.0028383184,-3.89734e-05,0.0028189195,1.051658,1.719643,1.384588,0.229665,-0.747138,-0.316573,-0.537423
1403715911.78373,0.098363,-0.315121,0.519066,-0.713887,-0.388271,-0.514686,0.27333,0.000379404,3.7895e-06,-0.0001284826,2.003e-07,-1.2861e-06,4.36895e-05,0.0028830579,3.90541e-05,-1.32094e-05,0.0028514833,-4.03967e-05,0.0028260528,1.019116,1.738994,1.384363,0.233769,-0.742245,-0.332116,-0.533035
1403715912.13374,-0.157696,-0.252402,0.607773,-0.675464,-0.454484,-0.483296,0.321897,0.0003788936,1.8072e-06,-0.0001304572,1.766e-07,-6.281e-07,4.511e-05,0.0029829192,1.2645e-05,-1.91807e-05,0.0029568419,-6.34038e-05,0.0028760752,0.771485,1.865925,1.467478,0.284686,-0.709058,-0.400958,-0.505396
1403715912.18374,-0.19894,-0.244898,0.623174,-0.671189,-0.460846,-0.478716,0.328568,0.0003789757,6.4e-08,-0.0001305461,1.687e-07,-2.7e-08,4.51635e-05,0.00299742,9.3722e-06,-2.61779e-05,0.00298329,-6.66124e-05,0.0028803354,0.734253,1.883084,1.484604,0.291697,-0.705294,-0.407634,-0.501308
1403715912.33373,-0.3147,-0.21655,0.654957,-0.657102,-0.478431,-0.466446,0.348925,0.0003804797,-4.9466e-06,-0.0001290584,2.383e-07,1.6736e-06,4.39755e-05,0.0030588555,5.8997e-06,-3.25453e-05,0.0030699214,-6.24125e-05,0.0028778696,0.621817,1.931848,1.533209,0.312969,-0.692583,-0.426313,-0.490548
1403715912.48372,-0.426823,-0.172239,0.681696,-0.641587,-0.499918,-0.45297,0.365058,0.0003803599,-6.3233e-06,-0.0001297107,2.784e-07,2.1472e-06,4.44229e-05,0.0030815904,4.36461e-05,-4.08201e-05,0.0030649348,-2.99561e-05,0.0028490518,0.509597,1.976326,1.577102,0.33025,-0.678696,-0.44892,-0.478308
1403715912.58372,-0.518465,-0.125779,0.708118,-0.629442,-0.516224,-0.441789,0.377012,0.0003799118,-7.593e-06,-0.00013058,3.077e-07,2.6035e-06,4.50586e-05,0.0029638954,4.34795e-05,-5.77036e-05,0.0030126952,-5.27729e-05,0.0028367706,0.435384,2.00382,1.604441,0.343195,-0.667882,-0.465898,-0.468072
1403715912.63371,-0.539361,-0.124099,0.72335,-0.622316,-0.525158,-0.4355,0.38376,0.000379752,-7.9968e-06,-0.0001309419,3.193e-07,2.7514e-06,4.53268e-05,0.0029405103,4.28923e-05,-6.13805e-05,0.0030197963,-5.63494e-05,0.0028406434,0.398265,2.016983,1.617603,0.350353,-0.661403,-0.475379,-0.462402
1403715912.7337,-0.606223,-0.112246,0.748312,-0.604474,-0.545106,-0.422609,0.398588,0.0003802461,-8.4609e-06,-0.0001306461,3.389e-07,2.9038e-06,4.50667e-05,0.0029279544,4.28142e-05,-6.10845e-05,0.0030592616,-6.29107e-05,0.0028418443,0.324411,2.042283,1.643719,0.366116,-0.645107,-0.49663,-0.450732
1403715912.7837,-0.630025,-0.092213,0.75282,-0.594083,-0.556099,-0.41474,0.407197,0.0003805611,-9.0021e-06,-0.0001303862,3.621e-07,3.0823e-06,4.48525e-05,0.0029197314,2.92378e-05,-5.33983e-05,0.0030657644,-5.47972e-05,0.0028385128,0.287627,2.054394,1.656875,0.375328,-0.635523,-0.508356,-0.443641
1403715912.98369,-0.758016,-0.043913,0.770922,-0.541693,-0.607198,-0.377998,0.441584,0.0003811608,-7.7388e-06,-0.0001303721,3.021e-07,2.6494e-06,4.47596e-05,0.0027843507,4.03491e-05,-2.02875e-05,0.0030884717,-5.158e-05,0.002823863,0.142219,2.097508,1.689074,0.412467,-0.587116,-0.563128,-0.409948
1403715913.03369,-0.79382,-0.038259,0.769549,-0.528125,-0.618768,-0.36729,0.450896,0.0003812478,-8.7101e-06,-0.0001303719,3.459e-07,2.9813e-06,4.47504e-05,0.0027847451,5.47217e-05,-2.02661e-05,0.0031046317,-5.23737e-05,0.0028255123,0.106738,2.106746,1.688557,0.422637,-0.574391,-0.57577,-0.399934
1403715913.1837,-0.898607,-0.028767,0.751692,-0.483511,-0.652275,-0.338921,0.475276,0.000383063,-7.0248e-06,-0.0001286787,2.825e-07,2.3625e-06,4.33989e-05,0.0027908651,5.90358e-05,-2.13322e-05,0.0031896281,-5.48335e-05,0.0028323578,0.002101,2.131113,1.671849,0.449134,-0.532302,-0.612688,-0.373566
1403715913.2337,-0.931782,-0.027778,0.74442,-0.467677,-0.660559,-0.3315,0.484817,0.0003854514,-6.2221e-06,-0.000125707,2.564e-07,2.0317e-06,4.11707e-05,0.0027925191,5.98679e-05,-2.06232e-05,0.0032231705,-5.49242e-05,0.0028335105,-0.031787,2.13755,1.664833,0.459227,-0.517099,-0.622162,-0.366931
1403715913.28371,-0.965485,-0.027006,0.737398,-0.450429,-0.669153,-0.326286,0.492834,0.0003879414,-2.8676e-06,-0.0001225508,1.789e-07,9.073e-07,3.88868e-05,0.0027894783,6.06339e-05,-2.03173e-05,0.0032533303,-5.58032e-05,0.0028356693,-0.064963,2.14324,1.658059,0.467487,-0.500493,-0.632131,-0.362461
1403715913.33371,-0.999114,-0.026839,0.731741,-0.433017,-0.677131,-0.323876,0.499093,0.0003904204,2.6736e-06,-0.0001191542,1.771e-07,-8.156e-07,3.65382e-05,0.0027873479,6.10592e-05,-1.80687e-05,0.0032850358,-5.65665e-05,0.0028361262,-0.097362,2.14823,1.6519,0.47389,-0.483694,-0.64144,-0.360594
1403715913.38372,-1.039714,-0.026329,0.73087,-0.41686,-0.684846,-0.323259,0.50271,0.0003919036,9.7164e-06,-0.0001167332,3.956e-07,-2.8948e-06,3.49403e-05,0.0027793256,6.16748e-05,-1.38194e-05,0.0033150392,-5.51619e-05,0.0028329763,-0.129229,2.152142,1.646007,0.477573,-0.468076,-0.650445,-0.360212
1403715913.48375,-1.098845,-0.032618,0.722903,-0.389897,-0.694157,-0.324807,0.510517,0.0003953585,2.17965e-05,-0.0001099634,1.3585e-06,-6.0643e-06,3.07505e-05,0.0027742503,5.94241e-05,-9.4501e-06,0.0033844679,-5.41055e-05,0.0028307849,-0.19215,2.15405,1.636155,0.48523,-0.441868,-0.661738,-0.362505
1403715913.53376,-1.127834,-0.040394,0.718304,-0.378365,-0.697298,-0.328373,0.512627,0.0003965487,2.88461e-05,-0.0001065027,2.2531e-06,-7.75e-06,2.87653e-05,0.0027696784,5.80252e-05,-8.0225e-06,0.0034136284,-5.32773e-05,0.0028286873,-0.22357,2.151498,1.631798,0.487034,-0.430574,-0.665822,-0.366179
1403715913.58375,-1.157457,-0.052273,0.713444,-0.365668,-0.701144,-0.336084,0.511598,0.0003964859,3.9995e-05,-0.000103186,4.1905e-06,-1.04128e-05,2.7015e-05,0.0027693911,5.23284e-05,-7.3033e-06,0.0034440742,-5.27038e-05,0.0028284783,-0.255107,2.145607,1.627454,0.485344,-0.418247,-0.670666,-0.373791
1403715913.68374,-1.219038,-0.081346,0.703101,-0.3477,-0.705192,-0.348583,0.510195,0.000395737,5.62662e-05,-9.72143e-05,8.1601e-06,-1.38284e-05,2.40425e-05,0.0027696335,3.48891e-05,-6.4577e-06,0.0035097941,-5.12603e-05,0.0028278249,-0.321381,2.1241,1.618759,0.482961,-0.400775,-0.676043,-0.386128
1403715913.78371,-1.284379,-0.127772,0.693282,-0.345182,-0.708605,-0.347435,0.507955,0.0003941271,5.81317e-05,-9.9591e-05,8.7377e-06,-1.46969e-05,2.53298e-05,0.0027717953,8.3092e-06,-5.6078e-06,0.003587079,-5.00495e-05,0.0028280665,-0.394471,2.087002,1.609809,0.480699,-0.39877,-0.679641,-0.384707
1403715913.9337,-1.401387,-0.214374,0.676571,-0.35966,-0.715392,-0.331184,0.499175,0.0003884792,4.66861e-05,-0.0001150907,5.775e-06,-1.38389e-05,3.42686e-05,0.0027759908,-5.63228e-05,-3.4857e-06,0.003722099,-4.85681e-05,0.002825826,-0.52069,2.005827,1.600331,0.473176,-0.413667,-0.685425,-0.367664
1403715913.98368,-1.44071,-0.249416,0.675232,-0.364219,-0.715967,-0.327259,0.497632,0.0003873503,4.31893e-05,-0.0001183151,4.9813e-06,-1.32e-05,3.63134e-05,0.0027794838,-7.84168e-05,-3.2011e-06,0.003784069,-4.8495e-05,0.0028255939,-0.566559,1.973097,1.599398,0.47192,-0.418203,-0.685717,-0.363579
1403715914.0337,-1.481101,-0.285276,0.668848,-0.368273,-0.716341,-0.325454,0.495287,0.0003859662,4.116e-05,-0.0001210161,4.5523e-06,-1.29144e-05,3.81187e-05,0.002781242,-0.0001073892,-2.3701e-06,0.0038329914,-4.73826e-05,0.0028220951,-0.614041,1.937978,1.599252,0.469821,-0.421956,-0.68608,-0.361271
1403715914.23371,-1.66406,-0.462428,0.673405,-0.387519,-0.712865,-0.319539,0.489436,0.0003833271,3.08526e-05,-0.0001283563,2.654e-06,-1.03413e-05,4.31665e-05,0.0028249207,-0.0002547113,-3.118e-07,0.0040927803,-4.7731e-05,0.0028244072,-0.820675,1.779466,1.6041,0.464207,-0.44098,-0.681324,-0.354751
1403715914.28373,-1.712753,-0.508785,0.675645,-0.399699,-0.711045,-0.313071,0.486458,0.000380601,2.27404e-05,-0.000133562,1.5297e-06,-7.9907e-06,4.70602e-05,0.0028403392,-0.0002989538,3.2e-07,0.0041636694,-4.81809e-05,0.0028240537,-0.87575,1.736339,1.605426,0.461697,-0.452818,-0.678777,-0.347931
1403715914.68374,-2.129709,-0.859936,0.701538,-0.49681,-0.690671,-0.292054,0.436873,0.0003433531,-1.17849e-05,-0.0001718606,6.008e-07,5.8917e-06,8.62605e-05,0.0030244238,-0.0007035443,4.1473e-06,0.0048758546,-4.89467e-05,0.0028244754,-1.336333,1.422424,1.630699,0.413202,-0.547856,-0.651756,-0.323009
1403715914.73375,-2.183551,-0.894312,0.705109,-0.512372,-0.682915,-0.28764,0.434011,0.0003387659,-1.97919e-05,-0.0001745653,1.3558e-06,1.01932e-05,9.0197e-05,0.0030480692,-0.0007540392,4.1254e-06,0.0049816351,-4.87852e-05,0.0028229926,-1.394874,1.393483,1.634045,0.410657,-0.562717,-0.642949,-0.318326
1403715914.78376,-2.239407,-0.925496,0.710329,-0.530703,-0.67308,-0.278477,0.433323,0.0003322753,-3.2136e-05,-0.0001772511,3.3107e-06,1.71405e-05,9.48042e-05,0.0030702821,-0.0008027329,4.5271e-06,0.0050849124,-4.86128e-05,0.0028207403,-1.452854,1.368144,1.636574,0.410599,-0.580249,-0.631823,-0.30907
1403715914.83377,-2.293908,-0.952886,0.712888,-0.546896,-0.664038,-0.269752,0.432657,0.0003253977,-4.29923e-05,-0.0001794178,5.8871e-06,2.3706e-05,9.91842e-05,0.0030908804,-0.0008492717,4.6552e-06,0.0051949332,-4.847e-05,0.0028197833,-1.509491,1.347006,1.638973,0.410473,-0.595636,-0.621729,-0.30031
1403715914.88378,-2.348065,-0.977666,0.715969,-0.561313,-0.655261,-0.26166,0.432544,0.0003187336,-5.28002e-05,-0.000180839,8.9585e-06,2.99618e-05,0.0001028657,0.0031089629,-0.0008925317,4.5654e-06,0.005302732,-4.81877e-05,0.0028187979,-1.563976,1.330056,1.641524,0.410835,-0.609345,-0.611975,-0.292238
1403715915.13379,-2.564032,-1.013585,0.7349,-0.593557,-0.629846,-0.251415,0.43333,0.0003072259,-7.18778e-05,-0.0001809095,1.70503e-05,4.23427e-05,0.0001068164,0.0031394208,-0.0010088392,5.7714e-06,0.0057629215,-4.7924e-05,0.002816544,-1.78246,1.321103,1.657222,0.412188,-0.639419,-0.584566,-0.282006
1403715915.1838,-2.601356,-1.006021,0.742286,-0.594222,-0.626945,-0.253449,0.435435,0.0003093494,-7.2796e-05,-0.0001793979,1.73625e-05,4.22348e-05,0.0001043227,0.0031318227,-0.0010204734,6.1303e-06,0.0058453075,-4.6472e-05,0.0028151693,-1.813,1.335301,1.661451,0.414124,-0.639844,-0.581645,-0.284237
1403715915.58382,-2.761919,-0.793259,0.7475,-0.530364,-0.638835,-0.343287,0.439041,0.0003693789,-1.06373e-05,-0.0001507914,5.555e-07,4.3373e-06,6.18405e-05,0.0029828587,-0.000835626,8.4454e-06,0.0062170501,-4.32267e-05,0.0028119226,-1.943268,1.569467,1.660338,0.410689,-0.57723,-0.598469,-0.374133
1403715915.6338,-2.775514,-0.749519,0.731155,-0.524897,-0.640984,-0.349843,0.437301,0.0003714721,-3.9979e-06,-0.0001487458,2.957e-07,1.594e-06,5.98426e-05,0.0029629252,-0.0008055051,8.8816e-06,0.0062587897,-4.16954e-05,0.0028108988,-1.954385,1.605468,1.646252,0.408657,-0.571515,-0.601458,-0.380288
1403715916.03381,-2.911151,-0.448744,0.614657,-0.522829,-0.652816,-0.335072,0.433829,0.0003630021,-6.0448e-06,-0.0001575503,3.814e-07,2.6169e-06,6.8694e-05,0.0028257024,-0.0004589987,7.1733e-06,0.0066000713,-4.01044e-05,0.0028089243,-2.05437,1.922966,1.519326,0.40562,-0.570671,-0.613397,-0.365446
1403715916.08382,-2.926203,-0.404975,0.60288,-0.521903,-0.650271,-0.337327,0.437008,0.0003655316,-6.7316e-06,-0.0001545378,4.044e-07,2.8398e-06,6.56416e-05,0.0028113354,-0.0004048784,6.7455e-06,0.0066118875,-4.01068e-05,0.0028080303,-2.067381,1.96766,1.505029,0.408515,-0.569575,-0.610961,-0.368002
1403715916.33384,-3.010174,-0.187303,0.536677,-0.539825,-0.622902,-0.364049,0.433648,0.0003753571,-5.7528e-06,-0.0001437769,3.848e-07,2.1981e-06,5.53799e-05,0.0027694889,-0.0001309619,7.0298e-06,0.0068048381,-3.71228e-05,0.0028055286,-2.124763,2.199922,1.43374,0.402487,-0.585907,-0.582146,-0.394746
1403715916.38385,-3.025634,-0.139937,0.525407,-0.547799,-0.614055,-0.370562,0.43074,0.0003765336,-6.6953e-06,-0.0001420609,4.173e-07,2.5212e-06,5.38985e-05,0.0027655829,-7.81115e-05,6.9705e-06,0.006830188,-3.65765e-05,0.0028035901,-2.134899,2.24699,1.420184,0.399066,-0.593109,-0.5728,-0.401085
1403715916.48385,-3.055148,-0.046439,0.501615,-0.567672,-0.59416,-0.381089,0.423666,0.0003772994,-1.12863e-05,-0.0001406497,6.426e-07,4.2056e-06,5.27322e-05,0.0027632461,4.19763e-05,6.8589e-06,0.0068998166,-3.58185e-05,0.002800983,-2.15396,2.341418,1.392676,0.391049,-0.611453,-0.551512,-0.411149
1403715916.63384,-3.095341,0.088999,0.466419,-0.602073,-0.562087,-0.395217,0.406656,0.0003747325,-1.82353e-05,-0.0001426986,1.2002e-06,6.9468e-06,5.4645e-05,0.0027729778,0.0002246646,6.6993e-06,0.0069948609,-3.379e-05,0.0027966331,-2.178116,2.481624,1.353051,0.372656,-0.643513,-0.516747,-0.424257
1403715916.68385,-3.107249,0.136379,0.458188,-0.614055,-0.549865,-0.398443,0.402278,0.0003733447,-2.24093e-05,-0.0001431657,1.6571e-06,8.5996e-06,5.52016e-05,0.0027789116,0.0002830521,6.613e-06,0.0070133224,-3.34941e-05,0.0027939457,-2.184573,2.528081,1.340051,0.367974,-0.654489,-0.503723,-0.427206
1403715916.78385,-3.127411,0.23062,0.433842,-0.635049,-0.526394,-0.401802,0.397714,0.0003712536,-3.28686e-05,-0.0001435237,3.2308e-06,1.27183e-05,5.5796e-05,0.0027983438,0.000408844,6.6256e-06,0.0070668726,-3.29203e-05,0.0027921976,-2.194481,2.621136,1.315976,0.363135,-0.673564,-0.478835,-0.430306
1403715916.93385,-3.146316,0.366991,0.4031,-0.658654,-0.494258,-0.403393,0.398946,0.0003686867,-5.05e-05,-0.0001412824,7.2524e-06,1.93716e-05,5.44648e-05,0.0028416597,0.00059843,7.0785e-06,0.0071116435,-3.1615e-05,0.002789564,-2.196286,2.759251,1.28565,0.363891,-0.69482,-0.444874,-0.432314
1403715916.98385,-3.147894,0.411901,0.39363,-0.663754,-0.485224,-0.404807,0.400149,0.000368618,-5.51407e-05,-0.0001396128,8.5863e-06,2.09058e-05,5.32042e-05,0.0028584319,0.0006569429,7.2105e-06,0.0071122608,-3.15137e-05,0.0027881826,-2.19174,2.804427,1.277549,0.364872,-0.69931,-0.435406,-0.433885
1403715917.23386,-3.100559,0.631658,0.381901,-0.646333,-0.460492,-0.470776,0.385449,0.0003989677,-2.67899e-05,-0.0001069894,2.1458e-06,7.1998e-06,2.90085e-05,0.0029657048,0.0009336604,7.4556e-06,0.0069806457,-3.05084e-05,0.0027833135,-2.119408,3.012489,1.261365,0.344834,-0.679771,-0.412283,-0.499027
1403715917.28385,-3.084953,0.668521,0.38014,-0.642807,-0.457659,-0.485855,0.375889,0.0004032515,-1.61429e-05,-0.0001016923,9.941e-07,4.0843e-06,2.5964e-05,0.002988108,0.0009773361,7.7284e-06,0.006935773,-3.06696e-05,0.0027825384,-2.099997,3.046592,1.259319,0.334123,-0.67602,-0.409757,-0.513285
1403715917.33385,-3.066241,0.69905,0.37814,-0.640586,-0.453231,-0.498329,0.368645,0.0004064643,-8.6996e-06,-9.64793e-05,5.289e-07,2.0743e-06,2.32171e-05,0.0030086029,0.0010170892,8.2173e-06,0.0068920316,-3.05281e-05,0.0027810319,-2.081232,3.077772,1.257225,0.325855,-0.673505,-0.405587,-0.525081
1403715917.38385,-3.051359,0.730483,0.376404,-0.640686,-0.449354,-0.505925,0.362826,0.0004080354,-4.4328e-06,-9.37644e-05,3.91e-07,1.0261e-06,2.18643e-05,0.0030263664,0.0010470577,8.477e-06,0.0068439487,-3.07189e-05,0.0027803777,-2.063827,3.106415,1.25476,0.319496,-0.67326,-0.401805,-0.532163
1403715917.68387,-2.986344,0.870739,0.368798,-0.673424,-0.43244,-0.480989,0.357973,0.0003943607,-2.7536e-05,-0.0001154522,2.2939e-06,8.0771e-06,3.41424e-05,0.00312821,0.0012031676,8.9479e-06,0.0066827909,-3.07175e-05,0.0027775327,-1.986923,3.231174,1.22754,0.316845,-0.704524,-0.382506,-0.506898
1403715917.73387,-2.976176,0.890018,0.363924,-0.672762,-0.427989,-0.481526,0.363798,0.0003960823,-3.20441e-05,-0.0001117459,2.9662e-06,9.056e-06,3.18705e-05,0.0031412281,0.0012203374,9.0486e-06,0.0066567151,-3.06915e-05,0.0027773014,-1.974711,3.246173,1.219284,0.322622,-0.703504,-0.378099,-0.507975
1403715917.78387,-2.964833,0.906405,0.358883,-0.670011,-0.424745,-0.484795,0.368308,0.0003988221,-3.39563e-05,-0.0001068254,3.271e-06,9.1108e-06,2.896e-05,0.0031553632,0.0012375845,9.086e-06,0.0066323594,-3.06918e-05,0.0027771768,-1.962243,3.258833,1.210293,0.326859,-0.700486,-0.375093,-0.511653
1403715917.83387,-2.952586,0.919718,0.354796,-0.665931,-0.42265,-0.489478,0.371905,0.0004020621,-3.40435e-05,-0.0001012707,3.2681e-06,8.5898e-06,2.58568e-05,0.0031667143,0.001249455,9.132e-06,0.0066047862,-3.07165e-05,0.0027771205,-1.949424,3.268477,1.201999,0.330098,-0.696243,-0.373348,-0.516618
1403715917.88386,-2.939407,0.929605,0.351958,-0.661692,-0.421588,-0.493912,0.374803,0.0004049724,-3.33192e-05,-9.62261e-05,3.1301e-06,7.9303e-06,2.32156e-05,0.0031754614,0.0012575448,9.22e-06,0.0065760772,-3.08159e-05,0.0027771276,-1.936675,3.275249,1.194805,0.332635,-0.691944,-0.372625,-0.521266
1403715918.08386,-2.889356,0.936345,0.35408,-0.649331,-0.431111,-0.510403,0.363321,0.0004108518,-1.35305e-05,-9.01462e-05,8.527e-07,2.9783e-06,2.01463e-05,0.0031815548,0.0012420899,9.3699e-06,0.0064633373,-3.09593e-05,0.0027781491,-1.890012,3.265086,1.17775,0.319942,-0.680253,-0.38305,-0.536811
1403715918.13386,-2.877489,0.929253,0.355794,-0.650189,-0.433914,-0.513415,0.354088,0.0004099757,-6.3727e-06,-9.30657e-05,5.12e-07,1.4555e-06,2.15e-05,0.0031758319,0.0012278328,9.373e-06,0.0064419391,-3.09813e-05,0.0027787165,-1.880275,3.253714,1.174238,0.310488,-0.681268,-0.385749,-0.539138
1403715918.18386,-2.866538,0.919143,0.357882,-0.65114,-0.433883,-0.517657,0.346112,0.000409726,-7.626e-07,-9.40718e-05,4.203e-07,1.836e-07,2.19786e-05,0.0031681501,0.0012104587,9.3706e-06,0.0064211701,-3.10088e-05,0.0027794171,-1.871823,3.239444,1.170978,0.302259,-0.682134,-0.385579,-0.542828
1403715918.28386,-2.84834,0.891383,0.361983,-0.658427,-0.422231,-0.521176,0.341424,0.0004100878,-4.1163e-06,-9.37857e-05,4.726e-07,9.524e-07,2.184e-05,0.0031475626,0.0011684709,9.3475e-06,0.0063908624,-3.10816e-05,0.0027812751,-1.859489,3.203902,1.163858,0.297432,-0.688501,-0.373292,-0.546035
1403715918.33386,-2.841095,0.873762,0.360947,-0.667087,-0.41365,-0.517149,0.341242,0.0004082253,-1.16366e-05,-9.72019e-05,7.695e-07,2.7846e-06,2.35438e-05,0.0031349035,0.0011439167,9.3232e-06,0.0063813203,-3.11308e-05,0.0027824585,-1.85562,3.182675,1.156944,0.297576,-0.696535,-0.364037,-0.542002
1403715918.43387,-2.828323,0.83266,0.346071,-0.690383,-0.396346,-0.501472,0.338831,0.000399061,-2.92814e-05,-0.0001107437,2.5981e-06,8.1472e-06,3.11518e-05,0.0031061527,0.0010890543,9.2811e-06,0.0063681267,-3.09547e-05,0.0027850022,-1.851,3.134231,1.131932,0.29634,-0.718466,-0.344901,-0.526341
1403715918.48387,-2.824104,0.807576,0.333229,-0.701888,-0.388602,-0.493557,0.335773,0.0003932165,-3.63093e-05,-0.000118126,3.8087e-06,1.09331e-05,3.59113e-05,0.0030896637,0.0010575878,8.8348e-06,0.0063593857,-3.07654e-05,0.0027861174,-1.849017,3.107314,1.114237,0.293892,-0.729371,-0.336165,-0.518306
1403715918.53388,-2.819457,0.775336,0.31437,-0.711142,-0.381141,-0.488557,0.332145,0.0003885573,-4.11245e-05,-0.0001234812,4.8088e-06,1.30954e-05,3.96631e-05,0.0030673582,0.0010219045,7.8373e-06,0.006351693,-3.09965e-05,0.0027864618,-1.846636,3.07837,1.094458,0.29066,-0.738092,-0.327872,-0.513068
1403715918.58388,-2.811587,0.748199,0.297289,-0.719151,-0.373692,-0.484933,0.32866,0.0003846872,-4.50331e-05,-0.0001275838,5.7341e-06,1.49652e-05,4.27453e-05,0.0030454912,0.0009789216,7.6155e-06,0.0063483695,-3.08913e-05,0.0027882488,-1.84358,3.047693,1.07181,0.287472,-0.745478,-0.319788,-0.509273
1403715918.63387,-2.80505,0.724202,0.277183,-0.724453,-0.368889,-0.484061,0.323688,0.0003824407,-4.55983e-05,-0.0001304757,5.9001e-06,1.55859e-05,4.49516e-05,0.0030280229,0.000943183,6.4686e-06,0.0063326524,-2.9357e-05,0.0027894216,-1.838931,3.015865,1.048246,0.282606,-0.750344,-0.314454,-0.50817
1403715918.78386,-2.775964,0.634653,0.235089,-0.730662,-0.370934,-0.490373,0.296774,0.0003800219,-2.85802e-05,-0.0001386413,2.6166e-06,1.04583e-05,5.10146e-05,0.0029690086,0.0008170731,4.8497e-06,0.0062606695,-2.5194e-05,0.0027946661,-1.816257,2.911983,0.992066,0.255396,-0.756615,-0.315693,-0.51249
1403715918.88386,-2.746036,0.572315,0.226843,-0.734628,-0.382528,-0.489176,0.273314,0.0003730383,-1.10723e-05,-0.0001491472,8.052e-07,4.453e-06,6.00879e-05,0.0029395867,0.0007387228,3.4236e-06,0.0062369201,-2.36968e-05,0.0027998451,-1.796201,2.840135,0.971449,0.232129,-0.761383,-0.326842,-0.509498
1403715918.93386,-2.730518,0.543301,0.227064,-0.738048,-0.387965,-0.485007,0.263699,0.0003673388,-5.2463e-06,-0.0001553573,5.563e-07,2.2426e-06,6.61747e-05,0.0029268829,0.0006993402,2.6249e-06,0.0062138747,-2.22652e-05,0.0028023949,-1.785397,2.80515,0.966399,0.222887,-0.765199,-0.331895,-0.504618
1403715919.03386,-2.69859,0.485105,0.235789,-0.745714,-0.396191,-0.473711,0.250082,0.0003550189,8.002e-07,-0.0001667559,4.945e-07,-3.564e-07,7.88091e-05,0.0029000544,0.0006266391,-4.2092e-06,0.0061642342,-2.35375e-05,0.002804663,-1.761457,2.740961,0.966435,0.210235,-0.773484,-0.339311,-0.492333
1403715919.08386,-2.6807,0.461812,0.2473,-0.74771,-0.400958,-0.470095,0.243255,0.0003499964,5.0488e-06,-0.0001708491,5.722e-07,-2.4475e-06,8.38949e-05,0.0028911754,0.0005916276,-5.5503e-06,0.0061439624,-2.28209e-05,0.0028082096,-1.747909,2.712697,0.971796,0.20372,-0.775807,-0.34387,-0.488238
1403715919.13386,-2.661853,0.441606,0.2611,-0.746311,-0.406152,-0.471062,0.236984,0.0003482194,1.11332e-05,-0.000172061,8.624e-07,-5.4878e-06,8.5523e-05,0.0028863416,0.0005646589,-6.9753e-06,0.0061189005,-2.20988e-05,0.0028120396,-1.73311,2.687367,0.979501,0.197407,-0.774756,-0.349128,-0.488768
1403715919.28385,-2.602008,0.386509,0.299257,-0.728235,-0.423031,-0.492221,0.220085,0.0003542888,3.74587e-05,-0.0001638062,4.4826e-06,-1.73229e-05,7.62473e-05,0.0028842543,0.0005133499,-1.12019e-05,0.0060278843,-2.58458e-05,0.0028230681,-1.684365,2.632796,1.006955,0.17901,-0.75796,-0.367342,-0.508443
1403715919.33385,-2.583817,0.380543,0.313815,-0.72018,-0.427687,-0.501489,0.216643,0.0003580682,4.59364e-05,-0.0001584969,6.4249e-06,-2.03415e-05,7.0668e-05,0.0028813376,0.0004855593,-1.30559e-05,0.0060064654,-2.54758e-05,0.0028281349,-1.668706,2.622354,1.015946,0.17493,-0.750264,-0.372565,-0.517397
1403715919.38385,-2.567475,0.377241,0.325404,-0.715936,-0.427232,-0.506628,0.219629,0.0003624883,4.68125e-05,-0.0001543467,6.5846e-06,-1.99406e-05,6.62311e-05,0.0028864753,0.0004803412,-1.49947e-05,0.005993448,-2.5202e-05,0.002833529,-1.654685,2.614852,1.022007,0.177626,-0.746044,-0.37236,-0.5227
1403715919.43385,-2.553012,0.376267,0.332947,-0.715678,-0.422927,-0.50721,0.227321,0.0003667215,4.11978e-05,-0.0001520466,5.1726e-06,-1.70859e-05,6.35534e-05,0.0028930431,0.0004782714,-1.70581e-05,0.0059862335,-2.49466e-05,0.0028393341,-1.642377,2.609966,1.024072,0.185288,-0.745485,-0.368074,-0.523873
1403715919.48385,-2.540113,0.37746,0.336808,-0.715977,-0.417728,-0.507158,0.235948,0.0003708852,3.42912e-05,-0.0001497582,3.7202e-06,-1.38475e-05,6.09864e-05,0.0029010057,0.0004790666,-1.92507e-05,0.0059841096,-2.47107e-05,0.0028455733,-1.631497,2.607483,1.022486,0.193906,-0.74542,-0.36287,-0.524477
1403715919.58385,-2.517435,0.385134,0.334099,-0.716921,-0.408292,-0.506757,0.250037,0.0003770956,2.22246e-05,-0.0001458251,1.8718e-06,-8.5895e-06,5.6915e-05,0.0029208214,0.0004875048,-2.40455e-05,0.0059917159,-2.43003e-05,0.002859455,-1.612679,2.608243,1.008964,0.207996,-0.745672,-0.353395,-0.525189
1403715919.68385,-2.497804,0.398199,0.318164,-0.717676,-0.403129,-0.506518,0.256648,0.0003798968,1.60973e-05,-0.0001438715,1.2579e-06,-6.0884e-06,5.50203e-05,0.0029455329,0.0005029345,-2.94223e-05,0.0060129384,-2.39736e-05,0.0028753865,-1.596939,2.614796,0.982229,0.214592,-0.746054,-0.348206,-0.525458
1403715919.73385,-2.489031,0.406638,0.306011,-0.717469,-0.402831,-0.507151,0.256442,0.0003803262,1.63535e-05,-0.0001435329,1.2864e-06,-6.1641e-06,5.47093e-05,0.0029598307,0.0005131118,-3.23412e-05,0.0060285741,-2.38435e-05,0.0028841895,-1.590117,2.620097,0.964655,0.214313,-0.745819,-0.347939,-0.526083
1403715919.93386,-2.468349,0.464639,0.233747,-0.715764,-0.407013,-0.509399,0.25007,0.0003796266,2.27865e-05,-0.0001441455,1.881e-06,-8.6842e-06,5.52847e-05,0.0030080899,0.0006352913,-3.39288e-05,0.0057814457,-4.04319e-05,0.0029018168,-1.571686,2.653151,0.881584,0.207834,-0.744462,-0.352059,-0.52786
1403715919.98386,-2.456904,0.492382,0.195474,-0.719045,-0.407997,-0.504263,0.24946,0.0003764569,2.12093e-05,-0.0001480204,1.7033e-06,-8.3738e-06,5.87426e-05,0.002997519,0.0006680372,-1.65167e-05,0.0057699406,-3.02268e-05,0.002878464,-1.570298,2.665134,0.861467,0.207572,-0.747775,-0.352719,-0.522815
1403715920.13386,-2.462428,0.537357,0.16841,-0.726231,-0.409889,-0.4921,0.249834,0.0003693403,1.60056e-05,-0.0001563577,1.2133e-06,-6.8039e-06,6.67497e-05,0.0030290928,0.0007406478,-1.78701e-05,0.0057685468,-3.09557e-05,0.0028962218,-1.570421,2.712476,0.822668,0.208859,-0.75516,-0.354051,-0.510647
1403715920.18386,-2.463129,0.558356,0.166174,-0.727814,-0.409763,-0.489252,0.251026,0.0003681615,1.4058e-05,-0.0001578295,1.0628e-06,-6.0543e-06,6.82271e-05,0.0030450518,0.0007632949,-1.94282e-05,0.0058102156,-3.00205e-05,0.0029051309,-1.571643,2.731458,0.816873,0.210256,-0.756743,-0.353792,-0.507901
1403715920.28386,-2.466019,0.586851,0.164246,-0.72834,-0.406651,-0.486198,0.260324,0.0003699161,6.3463e-06,-0.0001569292,6.398e-07,-2.7162e-06,6.71524e-05,0.0030942709,0.0008332444,-2.17621e-05,0.0058300419,-3.69681e-05,0.0029172516,-1.573241,2.776777,0.817005,0.219875,-0.756999,-0.350968,-0.5054
1403715920.38386,-2.479199,0.625237,0.17141,-0.723979,-0.404397,-0.487373,0.273469,0.0003757484,-9.741e-07,-0.0001515474,5.323e-07,3.776e-07,6.17018e-05,0.0031244079,0.0008654277,-3.85365e-05,0.0058181031,-5.61922e-05,0.0029194615,-1.573633,2.829139,0.831132,0.232869,-0.75259,-0.349056,-0.507485
1403715920.43386,-2.480382,0.653538,0.183345,-0.721193,-0.402098,-0.489148,0.280949,0.0003796691,-4.992e-06,-0.0001474707,6.019e-07,1.9255e-06,5.78614e-05,0.0031442505,0.0008910781,-4.14943e-05,0.0058650223,-5.69217e-05,0.0029291821,-1.573486,2.856592,0.840926,0.24017,-0.749671,-0.347009,-0.509801
1403715920.48385,-2.506772,0.652232,0.19786,-0.717957,-0.400534,-0.491571,0.287173,0.0003832726,-7.9311e-06,-0.0001434843,6.951e-07,2.9734e-06,5.42666e-05,0.0030812146,0.0008461391,-1.23702e-05,0.0057950257,-4.08984e-05,0.0029171014,-1.573019,2.884358,0.85134,0.246236,-0.746498,-0.34559,-0.51252
1403715920.53385,-2.52943,0.653101,0.189797,-0.714258,-0.398613,-0.494637,0.293731,0.0003873678,-1.06991e-05,-0.0001386411,8.168e-07,3.843e-06,5.01528e-05,0.0030317968,0.0008063018,-6.8007e-06,0.0057781821,-5.08711e-05,0.0028830844,-1.572154,2.912218,0.86186,0.25255,-0.74284,-0.343822,-0.515939
1403715920.73388,-2.552453,0.727379,0.168225,-0.699285,-0.393223,-0.506977,0.3152,0.0004009677,-1.77437e-05,-0.0001194688,1.2952e-06,5.302e-06,3.61151e-05,0.0030443406,0.00087793,1.744e-07,0.0056910493,-5.95086e-05,0.0028000509,-1.567269,3.015363,0.905266,0.272397,-0.727813,-0.338856,-0.530344
1403715920.78388,-2.557145,0.741452,0.180535,-0.695355,-0.394342,-0.508099,0.320641,0.0004030521,-1.90157e-05,-0.0001160296,1.4053e-06,5.4856e-06,3.39174e-05,0.0030388287,0.0008765566,1.444e-07,0.0057114496,-5.42796e-05,0.0027954507,-1.566853,3.037682,0.921255,0.277411,-0.724112,-0.339972,-0.532094
1403715920.83388,-2.561428,0.759742,0.197443,-0.69157,-0.397856,-0.508626,0.323638,0.0004043396,-1.8151e-05,-0.0001142403,1.3243e-06,5.1392e-06,3.27926e-05,0.0030469856,0.0008915655,4.821e-07,0.005721147,-5.38573e-05,0.0027951099,-1.566973,3.058544,0.939338,0.280203,-0.720702,-0.343678,-0.53288
1403715920.88388,-2.565659,0.782326,0.215348,-0.689326,-0.402215,-0.506165,0.326879,0.000404236,-1.83214e-05,-0.0001145354,1.3426e-06,5.2018e-06,3.29713e-05,0.0030582726,0.0009111593,7.921e-07,0.0057314962,-5.35857e-05,0.0027949117,-1.568097,3.077606,0.960017,0.283497,-0.718845,-0.348175,-0.530722
1403715920.93387,-2.570261,0.797179,0.237472,-0.688601,-0.407257,-0.500402,0.33101,0.00040265,-2.03559e-05,-0.000116901,1.5457e-06,5.9221e-06,3.44639e-05,0.0030729027,0.0009353942,1.1343e-06,0.0057415183,-5.32585e-05,0.0027944388,-1.570015,3.094582,0.983177,0.287916,-0.718635,-0.353094,-0.52535
1403715921.28386,-2.581172,0.867003,0.414016,-0.681506,-0.455333,-0.461441,0.339549,0.0003864018,-1.74089e-05,-0.0001407362,1.3334e-06,6.359e-06,5.18378e-05,0.0031271436,0.0010190376,3.1527e-06,0.0057783099,-5.31898e-05,0.0027944415,-1.575028,3.171047,1.182564,0.29905,-0.715563,-0.401423,-0.487236
1403715921.43387,-2.569026,0.886906,0.489911,-0.675039,-0.472262,-0.460389,0.330655,0.0003831761,-4.7344e-06,-0.000145913,6.163e-07,1.8161e-06,5.6155e-05,0.0031433901,0.0010371031,3.1651e-06,0.0057522972,-5.23167e-05,0.0027941231,-1.565335,3.194283,1.267914,0.290109,-0.710559,-0.418725,-0.485399
1403715921.4839,-2.565147,0.892124,0.516957,-0.674072,-0.47571,-0.459655,0.328701,0.0003820099,-2.3873e-06,-0.0001472909,5.73e-07,9.331e-07,5.7385e-05,0.0031474666,0.0010401597,3.0966e-06,0.0057363244,-5.17455e-05,0.0027941698,-1.561343,3.20261,1.296404,0.288061,-0.710032,-0.421977,-0.484573
1403715921.5339,-2.560745,0.904111,0.543549,-0.673051,-0.477178,-0.460528,0.327441,0.0003818639,-6.293e-07,-0.0001474177,5.532e-07,2.575e-07,5.7505e-05,0.0031517854,0.0010446873,3.1141e-06,0.0057258946,-5.09647e-05,0.0027938864,-1.557346,3.211556,1.325883,0.28713,-0.708976,-0.424051,-0.484861
1403715921.78392,-2.54291,0.958436,0.718319,-0.674426,-0.474304,-0.45881,0.331178,0.0003830065,-4.7583e-06,-0.0001468556,6.372e-07,1.8403e-06,5.69261e-05,0.0032014048,0.0011022608,3.3176e-06,0.0056890143,-5.00993e-05,0.0027961273,-1.538351,3.267748,1.507187,0.290843,-0.710387,-0.420877,-0.483346
1403715921.83392,-2.540115,0.971529,0.755382,-0.675632,-0.471975,-0.457741,0.333518,0.0003833782,-7.6213e-06,-0.0001464544,7.341e-07,2.9272e-06,5.65636e-05,0.0032120576,0.0011148795,3.0573e-06,0.0056838212,-4.99786e-05,0.0027963344,-1.534748,3.280766,1.545281,0.293211,-0.71146,-0.418429,-0.482462
1403715921.88392,-2.542351,0.983105,0.787295,-0.676482,-0.469656,-0.456787,0.336364,0.0003837409,-1.08002e-05,-0.0001459094,8.742e-07,4.1276e-06,5.6094e-05,0.0032229727,0.0011280207,2.8026e-06,0.0056776815,-4.97792e-05,0.0027962117,-1.531053,3.293981,1.581108,0.295822,-0.712579,-0.415706,-0.481569
1403715921.93392,-2.541267,0.995205,0.818825,-0.676646,-0.467502,-0.457304,0.338326,0.0003849755,-1.24758e-05,-0.0001444827,9.723e-07,4.7053e-06,5.48388e-05,0.0032333066,0.0011421663,2.6253e-06,0.0056833058,-4.98151e-05,0.002796259,-1.526767,3.307713,1.614026,0.297511,-0.712812,-0.413276,-0.482275
1403715922.28393,-2.505849,1.093945,1.048937,-0.669961,-0.454928,-0.473722,0.346094,0.0003977926,-1.37183e-05,-0.0001297332,1.0854e-06,4.4988e-06,4.29518e-05,0.0033257146,0.0012340574,3.3638e-06,0.0056197575,-4.82737e-05,0.0028030974,-1.486489,3.403181,1.845757,0.303755,-0.705326,-0.401363,-0.499156
1403715922.48393,-2.480704,1.137969,1.215046,-0.663895,-0.45781,-0.482289,0.342129,0.0004014889,-5.4044e-06,-0.0001257433,6.95e-07,1.7076e-06,4.00247e-05,0.0033686382,0.0012679901,4.5836e-06,0.0055743206,-4.58155e-05,0.0028077687,-1.463942,3.443868,2.014839,0.299133,-0.699475,-0.404856,-0.507292
1403715922.63393,-2.468173,1.15857,1.333451,-0.664051,-0.454415,-0.480535,0.348754,0.0004031168,-1.12407e-05,-0.0001236668,9.568e-07,3.4659e-06,3.85955e-05,0.0033932573,0.0012843484,5.4474e-06,0.0055463235,-4.44583e-05,0.0028135851,-1.452787,3.463722,2.13473,0.305814,-0.699498,-0.401329,-0.506079
1403715922.78394,-2.465084,1.158809,1.427142,-0.662552,-0.456057,-0.481555,0.348053,0.0004036431,-9.3614e-06,-0.0001236547,8.588e-07,2.8883e-06,3.85558e-05,0.0034010363,0.0012853442,7.5097e-06,0.0055252192,-4.30347e-05,0.0028195366,-1.44437,3.472395,2.230693,0.304755,-0.698472,-0.403004,-0.506804
1403715922.83394,-2.461677,1.158496,1.450708,-0.661892,-0.458448,-0.482277,0.345158,0.0004033783,-6.2307e-06,-0.0001244722,7.446e-07,1.9419e-06,3.90915e-05,0.0033939709,0.0012808737,8.0674e-06,0.0055431076,-4.24551e-05,0.0028224319,-1.442368,3.473059,2.255044,0.301784,-0.698021,-0.405425,-0.507271
1403715922.93394,-2.457111,1.158186,1.481137,-0.660932,-0.462344,-0.483418,0.340169,0.0004024633,-1.2108e-06,-0.0001263317,6.641e-07,3.948e-07,4.03469e-05,0.0033926115,0.0012752527,8.8052e-06,0.0055348892,-4.03873e-05,0.0028268437,-1.44001,3.472258,2.291908,0.296879,-0.69733,-0.40949,-0.50785
1403715923.08394,-2.454552,1.149155,1.519426,-0.659951,-0.465716,-0.484564,0.335814,0.0004018298,3.3646e-06,-0.0001278564,7.079e-07,-1.0577e-06,4.13931e-05,0.0033897397,0.0012683151,1.02239e-05,0.0055388678,-3.85162e-05,0.0028369341,-1.441537,3.467243,2.333904,0.29242,-0.696718,-0.412845,-0.508561
1403715923.13394,-2.45796,1.150681,1.532623,-0.660682,-0.466948,-0.48347,0.334239,0.0004008238,3.9831e-06,-0.0001294495,7.255e-07,-1.2755e-06,4.25171e-05,0.0033851636,0.0012654411,1.03631e-05,0.0055430956,-3.8149e-05,0.0028390368,-1.444105,3.464158,2.347975,0.291138,-0.697532,-0.414004,-0.507237
1403715923.18394,-2.461575,1.144706,1.547973,-0.662189,-0.468753,-0.481131,0.332098,0.000398855,4.6538e-06,-0.000132306,7.445e-07,-1.5328e-06,4.46031e-05,0.0033863654,0.0012693063,1.03984e-05,0.0055546816,-3.80098e-05,0.0028426533,-1.447636,3.460319,2.364048,0.289149,-0.699261,-0.41559,-0.504691
1403715923.23394,-2.465708,1.143166,1.566835,-0.664128,-0.470504,-0.478618,0.32937,0.0003965895,5.27e-06,-0.0001354342,7.653e-07,-1.7922e-06,4.6969e-05,0.0033810805,0.0012661939,1.10144e-05,0.0055647704,-3.78735e-05,0.0028460182,-1.452159,3.456312,2.383019,0.286788,-0.701313,-0.417184,-0.501867
1403715923.28394,-2.474429,1.152488,1.58968,-0.666889,-0.471514,-0.474434,0.328401,0.0003940869,3.6563e-06,-0.0001388141,7.202e-07,-1.2782e-06,4.96106e-05,0.0033755833,0.0012674797,5.0925e-06,0.0055683503,-4.49813e-05,0.0028298883,-1.45763,3.452554,2.405395,0.286419,-0.704176,-0.41776,-0.497572
1403715923.38394,-2.486024,1.146651,1.640161,-0.672936,-0.468587,-0.465218,0.3334,0.0003910544,-5.3775e-06,-0.0001428293,7.718e-07,1.9779e-06,5.28991e-05,0.0033830099,0.0012830495,4.1597e-06,0.0056069759,-4.66103e-05,0.0028315897,-1.471566,3.445032,2.455228,0.292219,-0.710051,-0.414181,-0.488765
1403715923.43394,-2.49458,1.14478,1.662057,-0.675763,-0.465603,-0.460965,0.337742,0.0003902363,-1.14157e-05,-0.0001435654,1.0153e-06,4.2214e-06,5.35471e-05,0.0033741844,0.0012797114,2.1424e-06,0.0056130922,-4.95428e-05,0.0028277739,-1.478688,3.441903,2.478651,0.297034,-0.71261,-0.410986,-0.484818
1403715923.48396,-2.514618,1.132462,1.679698,-0.678428,-0.462105,-0.456967,0.342603,0.0003892636,-1.78696e-05,-0.000143969,1.4874e-06,6.6316e-06,5.39738e-05,0.0033674552,0.0012766616,2.7133e-06,0.0056206474,-5.00608e-05,0.0028172232,-1.485659,3.438823,2.499267,0.302315,-0.715135,-0.407404,-0.480843
1403715923.53396,-2.520715,1.132245,1.697587,-0.680935,-0.458154,-0.453306,0.347759,0.0003888022,-2.43126e-05,-0.0001434169,2.1869e-06,8.9885e-06,5.36202e-05,0.0033532918,0.0012712575,3.5844e-06,0.0056577595,-4.85541e-05,0.0028087318,-1.4917,3.435825,2.516816,0.307988,-0.717226,-0.403374,-0.477514
1403715923.63395,-2.528916,1.126135,1.714544,-0.683911,-0.451209,-0.448059,0.357659,0.0003886403,-3.52778e-05,-0.0001415833,3.879e-06,1.2878e-05,5.23035e-05,0.003348298,0.0012701105,3.4639e-06,0.0056756945,-4.85764e-05,0.0028079529,-1.500954,3.428965,2.53906,0.318322,-0.719681,-0.39614,-0.473079
1403715923.68396,-2.531242,1.121158,1.715426,-0.684436,-0.448524,-0.44681,0.361571,0.0003890164,-3.91438e-05,-0.000140266,4.621e-06,1.41414e-05,5.13012e-05,0.0033452796,0.0012678927,3.3061e-06,0.0056806795,-4.86664e-05,0.0028079788,-1.503975,3.424743,2.541596,0.322312,-0.720051,-0.393325,-0.472161
1403715923.88395,-2.524634,1.097114,1.669545,-0.677733,-0.442132,-0.454783,0.37198,0.0003972542,-4.29049e-05,-0.000129337,5.3375e-06,1.39952e-05,4.28376e-05,0.0033191021,0.0012360786,4.1252e-06,0.0056665735,-4.92938e-05,0.0028054287,-1.50342,3.399314,2.497636,0.33223,-0.712926,-0.387297,-0.481001
1403715923.93394,-2.518408,1.089887,1.650067,-0.673818,-0.440319,-0.460203,0.374569,0.000401142,-4.19815e-05,-0.0001241554,5.0958e-06,1.30177e-05,3.9146e-05,0.0033102283,0.0012239445,4.852e-06,0.0056519425,-4.92582e-05,0.0028029641,-1.499695,3.390453,2.478361,0.334442,-0.708859,-0.385836,-0.486619
1403715924.18394,-2.476353,1.029742,1.514816,-0.659298,-0.446361,-0.481213,0.366773,0.0004114327,-2.32331e-05,-0.0001138279,2.0328e-06,6.4405e-06,3.22149e-05,0.0032465025,0.0011307509,5.6428e-06,0.0055502438,-4.92382e-05,0.0027998509,-1.467291,3.319507,2.342255,0.325579,-0.694661,-0.393233,-0.506767
1403715924.28394,-2.458625,0.991846,1.455777,-0.659649,-0.4511,-0.481286,0.360189,0.0004096363,-1.75677e-05,-0.0001175917,1.4782e-06,5.0549e-06,3.44838e-05,0.0032124848,0.001082689,5.3732e-06,0.0055072631,-4.95282e-05,0.0027980875,-1.452346,3.277647,2.281148,0.319213,-0.69532,-0.397919,-0.506255
1403715924.48393,-2.420342,0.90124,1.342405,-0.668713,-0.460337,-0.470715,0.345456,0.0003996357,-1.20839e-05,-0.0001333142,1.1077e-06,4.0403e-06,4.52339e-05,0.0031303032,0.0009653584,4.7618e-06,0.0054294833,-4.942e-05,0.0027960123,-1.424931,3.177761,2.162386,0.305748,-0.704729,-0.406543,-0.494568
1403715924.58393,-2.401259,0.853844,1.288173,-0.675416,-0.462963,-0.462964,0.339327,0.0003930939,-1.24847e-05,-0.0001417735,1.1482e-06,4.5156e-06,5.19169e-05,0.0030917021,0.0009064236,3.948e-06,0.0053857857,-5.00151e-05,0.0027948039,-1.411092,3.124731,2.104736,0.300416,-0.711439,-0.408653,-0.486423
1403715924.63393,-2.389837,0.83108,1.261919,-0.679459,-0.460733,-0.458681,0.340107,0.000390722,-1.65218e-05,-0.0001441903,1.4541e-06,6.115e-06,5.40033e-05,0.0030733949,0.0008776979,3.4121e-06,0.0053623243,-5.02225e-05,0.0027940265,-1.403536,3.098061,2.076218,0.301641,-0.715166,-0.406161,-0.48227
1403715924.73393,-2.365728,0.78487,1.209685,-0.688539,-0.44901,-0.455031,0.342418,0.0003887891,-2.621e-05,-0.0001452961,2.5306e-06,9.8263e-06,5.51033e-05,0.0030371111,0.0008174167,2.7889e-06,0.0053095231,-5.03885e-05,0.0027932764,-1.385118,3.044273,2.019822,0.304421,-0.723074,-0.393879,-0.478907
1403715924.78393,-2.352221,0.762245,1.1832,-0.692983,-0.441562,-0.455773,0.342152,0.000388649,-2.99145e-05,-0.0001449077,3.0714e-06,1.11894e-05,5.48375e-05,0.0030215397,0.0007894391,2.5343e-06,0.0052774644,-5.02894e-05,0.0027928719,-1.373519,3.017498,1.992056,0.304157,-0.726871,-0.386079,-0.479678
1403715924.88393,-2.318751,0.715114,1.131469,-0.702057,-0.423234,-0.462657,0.337546,0.0003901033,-3.43934e-05,-0.0001425533,3.8117e-06,1.26101e-05,5.29092e-05,0.0029883817,0.0007282514,2.0217e-06,0.0052092626,-4.98692e-05,0.0027921614,-1.34516,2.962034,1.937837,0.299115,-0.73433,-0.367171,-0.486289
1403715924.93392,-2.300501,0.693451,1.105191,-0.706297,-0.411982,-0.468834,0.33408,0.0003920314,-3.59776e-05,-0.0001400022,4.0811e-06,1.28889e-05,5.0812e-05,0.0029720575,0.0006967795,1.7428e-06,0.0051676937,-4.92529e-05,0.002791408,-1.328701,2.932664,1.911352,0.295384,-0.737558,-0.355625,-0.492229
1403715925.03392,-2.257049,0.640908,1.056971,-0.710896,-0.389285,-0.489305,0.321969,0.0003995698,-3.25351e-05,-0.0001316217,3.4355e-06,1.07579e-05,4.41712e-05,0.0029407796,0.0006325792,1.3883e-06,0.0050821178,-4.82688e-05,0.0027905348,-1.291303,2.870429,1.861518,0.281821,-0.740226,-0.332777,-0.511767
1403715925.08393,-2.232167,0.61599,1.035048,-0.711344,-0.377542,-0.502711,0.314217,0.000404771,-2.8798e-05,-0.0001253167,2.8338e-06,8.9569e-06,3.96055e-05,0.0029236196,0.0005968695,1.5079e-06,0.0050326616,-4.73422e-05,0.0027893183,-1.271154,2.837575,1.840387,0.273244,-0.739562,-0.321313,-0.524545
1403715925.13393,-2.208065,0.585296,1.015913,-0.712221,-0.366152,-0.514929,0.305815,0.0004090582,-2.51869e-05,-0.0001198772,2.3363e-06,7.4209e-06,3.59361e-05,0.0029081852,0.0005626963,1.3412e-06,0.0049826682,-4.69289e-05,0.002788691,-1.251408,2.802612,1.82237,0.263945,-0.739483,-0.309941,-0.536129
1403715925.48395,-2.056532,0.325645,0.967922,-0.762094,-0.27768,-0.528668,0.250234,0.0003989854,-3.73534e-05,-0.0001325011,4.3152e-06,1.24568e-05,4.48754e-05,0.0027983956,0.0002814046,-3.951e-07,0.0046934196,-4.16241e-05,0.0027848794,-1.131703,2.508844,1.773383,0.207792,-0.782005,-0.218152,-0.545621
1403715925.68395,-1.97015,0.144521,0.957922,-0.78802,-0.22627,-0.531218,0.21362,0.0003903641,-4.05633e-05,-0.0001431109,5.054e-06,1.49333e-05,5.33936e-05,0.0027606613,0.0001056671,-2.6381e-06,0.0045398749,-3.71865e-05,0.0027860452,-1.066808,2.30639,1.764814,0.171107,-0.803728,-0.164874,-0.545494
1403715925.73395,-1.945892,0.095845,0.955059,-0.791658,-0.212827,-0.535018,0.204297,0.0003906214,-4.03551e-05,-0.0001430663,5.0094e-06,1.48464e-05,5.33286e-05,0.002755273,6.11792e-05,-3.6606e-06,0.0044991661,-3.64563e-05,0.0027859643,-1.048561,2.252477,1.763354,0.161507,-0.806284,-0.151211,-0.548598
1403715925.78395,-1.921266,0.046691,0.952412,-0.795545,-0.199456,-0.538003,0.194621,0.0003904013,-4.00889e-05,-0.000143595,4.9609e-06,1.48123e-05,5.37567e-05,0.0027528744,1.66326e-05,-4.464e-06,0.0044581359,-3.51036e-05,0.0027866981,-1.029869,2.197382,1.761357,0.151632,-0.809096,-0.137573,-0.550861
1403715926.13395,-1.734817,-0.326836,0.923526,-0.801789,-0.096343,-0.57671,0.123525,0.0004037939,-3.74496e-05,-0.0001288532,4.3374e-06,1.20095e-05,4.20858e-05,0.0028136721,-0.0002818791,-1.1827e-05,0.0041768313,-2.36038e-05,0.0027957276,-0.890264,1.778365,1.736989,0.077784,-0.807084,-0.034279,-0.58429
1403715926.18395,-1.707522,-0.385013,0.910889,-0.800378,-0.0783,-0.583309,0.114078,0.0004063878,-3.9336e-05,-0.0001246981,4.6533e-06,1.2142e-05,3.92062e-05,0.0028321615,-0.0003233323,-1.41973e-05,0.0041400355,-2.32537e-05,0.0027897555,-0.871718,1.71412,1.725731,0.06781,-0.804222,-0.016439,-0.590222
1403715926.23395,-1.683634,-0.444074,0.895334,-0.799246,-0.060637,-0.588831,0.103956,0.0004083823,-4.10062e-05,-0.0001214265,4.9629e-06,1.22667e-05,3.70474e-05,0.0028575019,-0.0003649056,-1.65054e-05,0.0041063583,-2.14213e-05,0.0027895469,-0.854985,1.648596,1.710633,0.05731,-0.80168,0.001088,-0.595002
1403715926.28395,-1.661154,-0.504703,0.876626,-0.798064,-0.043101,-0.593775,0.093097,0.0004101372,-4.22331e-05,-0.0001185408,5.1947e-06,1.22789e-05,3.52088e-05,0.0028874877,-0.0004066337,-1.84354e-05,0.0040790198,-1.94039e-05,0.002791317,-0.840104,1.581579,1.692299,0.046117,-0.799089,0.018491,-0.599159
1403715926.53395,-1.582507,-0.834991,0.769036,-0.785168,0.030423,-0.61826,0.018475,0.0004224939,-2.9334e-05,-0.0001021062,2.8161e-06,7.1398e-06,2.55727e-05,0.0030955064,-0.0006223987,-2.8316e-05,0.0039872911,-1.13024e-05,0.0027688591,-0.797517,1.231455,1.580367,0.029563,0.780454,-0.090039,0.617992
1403715926.58394,-1.573579,-0.903059,0.744573,-0.785068,0.043294,-0.617886,0.003337,0.000422779,-2.60052e-05,-0.000102704,2.3767e-06,6.3619e-06,2.58467e-05,0.0031604427,-0.0006758233,-3.09937e-05,0.0039906797,-8.5434e-06,0.002768883,-0.797616,1.160166,1.556117,0.044693,0.779294,-0.102927,0.616533
1403715926.63394,-1.568591,-0.973629,0.719092,0.787305,-0.05695,0.613836,0.010662,0.0004209919,-2.34201e-05,-0.0001068481,2.0683e-06,5.9819e-06,2.80217e-05,0.0032226282,-0.0007242489,-3.20086e-05,0.0039911025,-4.9559e-06,0.0027680445,-0.8008,1.089178,1.531175,0.058384,0.780502,-0.116656,0.611395
1403715926.68394,-1.562928,-1.047857,0.693843,0.790387,-0.071663,0.607964,0.023085,0.000417923,-2.21658e-05,-0.0001121332,1.9123e-06,5.9624e-06,3.09434e-05,0.0032871437,-0.0007757877,-3.03786e-05,0.003987252,-2.1216e-06,0.0027636099,-0.806559,1.018708,1.506191,0.070209,0.782447,-0.131228,0.604673
1403715926.88393,-1.575826,-1.318703,0.616772,0.803341,-0.116058,0.578833,0.078266,0.0004043143,-4.0561e-06,-0.0001351451,7.487e-07,1.3415e-06,4.59748e-05,0.0035989838,-0.0009745472,-3.62838e-05,0.0040150635,6.006e-06,0.0027594894,-0.847548,0.74355,1.420191,0.122777,0.791799,-0.176518,0.571685
1403715926.98393,-1.580714,-1.451647,0.590941,0.805929,-0.135754,0.567704,0.098804,0.0003991848,2.0062e-06,-0.0001419963,7.221e-07,-7.26e-07,5.12489e-05,0.0037729009,-0.0010731185,-3.7418e-05,0.0040529257,9.8897e-06,0.0027561004,-0.8741,0.613838,1.396484,0.142639,0.79277,-0.196392,0.559109
1403715927.4339,-1.620106,-1.959962,0.539525,0.765908,-0.184772,0.578759,0.210432,0.0004187425,4.70469e-05,-0.000104813,5.827e-06,-1.17829e-05,2.68168e-05,0.0045006232,-0.0014535862,-2.73506e-05,0.0041521054,2.75694e-05,0.0027470498,-0.983667,0.123211,1.350113,0.254771,0.74859,-0.242565,0.562023
1403715927.4839,-1.625375,-1.999113,0.536101,0.756538,-0.194564,0.586046,0.21528,0.0004243449,4.24751e-05,-9.62199e-05,4.7906e-06,-9.6368e-06,2.23931e-05,0.0046205225,-0.0015051024,-2.96508e-05,0.0041700407,3.19064e-05,0.0027483506,-0.994873,0.085503,1.347042,0.26012,0.738432,-0.251628,0.568982
1403715927.88391,-1.735187,-2.160602,0.502655,0.702773,-0.304876,0.583073,0.270531,0.0004377346,1.07061e-05,-7.71295e-05,7.569e-07,-1.888e-06,1.41407e-05,0.0050064841,-0.0017529148,-5.04886e-05,0.0044819677,7.26783e-05,0.0027637183,-1.14779,-0.061123,1.313333,0.314672,0.675848,-0.357786,0.562321
1403715927.93391,-1.760947,-2.164966,0.496325,0.699577,-0.318601,0.572249,0.285686,0.0004362502,1.53608e-05,-8.0742e-05,1.0371e-06,-2.8473e-06,1.54968e-05,0.0050179058,-0.001772732,-5.40235e-05,0.0045407783,7.98146e-05,0.0027671172,-1.177172,-0.06059,1.307502,0.32891,0.671559,-0.371287,0.550434
1403715927.98391,-1.793248,-2.162347,0.490119,0.696029,-0.333809,0.560698,0.299553,0.0004344104,1.86456e-05,-8.5093e-05,1.2722e-06,-3.6695e-06,1.71732e-05,0.0050166355,-0.0018085635,-5.64405e-05,0.0045636841,7.5183e-05,0.0027661139,-1.207746,-0.056118,1.300785,0.341692,0.666881,-0.386269,0.537882
1403715928.18394,-1.940878,-2.112127,0.436388,0.669807,-0.411953,0.518179,0.336368,0.0004264103,1.00046e-05,-0.0001044874,6.041e-07,-2.4672e-06,2.59519e-05,0.0049076975,-0.0019137599,-5.23614e-05,0.0046431772,3.40559e-05,0.0027475185,-1.335869,-0.001008,1.245109,0.374912,0.634449,-0.463151,0.492354
1403715928.23394,-1.974878,-2.09539,0.414691,0.658258,-0.432734,0.510618,0.34454,0.0004259621,4.9142e-06,-0.0001059925,4.16e-07,-1.2395e-06,2.67203e-05,0.0048431166,-0.0019425119,-5.21481e-05,0.0047589448,3.76086e-05,0.0027487172,-1.367903,0.020229,1.223696,0.382391,0.621308,-0.483003,0.484217
1403715928.63394,-2.290137,-1.860221,0.208719,0.563663,-0.555498,0.456404,0.406697,0.0004224764,-2.10274e-05,-0.0001110118,1.3166e-06,5.5166e-06,2.94459e-05,0.0043686883,-0.0019366407,-2.24615e-05,0.0051988874,9.813e-07,0.00272225,-1.621677,0.290476,1.011351,0.439545,0.517569,-0.598501,0.425112
1403715928.68395,-2.326418,-1.817655,0.185488,0.561387,-0.565119,0.445827,0.408318,0.000418987,-1.98889e-05,-0.0001173223,1.2111e-06,5.5607e-06,3.31299e-05,0.0042837532,-0.0019529984,-1.94372e-05,0.0053787339,-2.1358e-06,0.0027201348,-1.652919,0.336569,0.988865,0.44021,0.514609,-0.607901,0.414548
1403715928.73395,-2.362298,-1.775609,0.164562,0.563611,-0.574657,0.432745,0.40601,0.0004124995,-1.72397e-05,-0.0001279863,9.885e-07,5.3405e-06,3.99933e-05,0.0042165268,-0.0019372906,-1.96706e-05,0.0054613284,-8.666e-07,0.0027208343,-1.684073,0.384157,0.969348,0.436889,0.516051,-0.617581,0.401765
1403715929.08394,-2.60375,-1.51391,0.181253,0.630076,-0.598122,0.368533,0.330815,0.0003357387,-9.4018e-06,-0.000198936,5.245e-07,5.5613e-06,0.0001182325,0.0038656622,-0.0018333308,-1.89386e-05,0.0060422939,7.5206e-06,0.0027285658,-1.894067,0.677433,1.002038,0.356865,0.580366,-0.646078,0.344105
1403715929.13394,-2.639485,-1.495004,0.205051,0.639916,-0.594708,0.364709,0.322207,0.0003280269,-8.2346e-06,-0.0002031294,4.671e-07,5.0871e-06,0.0001261315,0.0038369122,-0.0018321834,-1.84842e-05,0.0061348561,9.1739e-06,0.0027302548,-1.924851,0.702732,1.029059,0.348084,0.590457,-0.643376,0.340979
1403715929.38395,-2.789498,-1.475889,0.315906,0.680256,-0.538848,0.356052,0.346586,0.0003348146,3.41884e-05,-0.0001974225,3.7368e-06,-2.01957e-05,0.0001166897,0.0038202701,-0.0019286772,-2.08666e-05,0.0065437435,1.43984e-05,0.0027315794,-2.076398,0.744465,1.156117,0.371873,0.634848,-0.590908,0.330927
1403715929.43395,-2.813378,-1.487226,0.33276,0.684585,-0.517701,0.357132,0.368491,0.0003448045,5.32618e-05,-0.0001873895,8.4778e-06,-2.89877e-05,0.0001021117,0.0038392697,-0.0019600437,-2.10231e-05,0.0066054563,1.64447e-05,0.0027335228,-2.102136,0.737767,1.177885,0.393844,0.640729,-0.570293,0.330341
1403715929.48397,-2.830492,-1.500243,0.351285,0.687122,-0.4971,0.358178,0.390465,0.0003528495,7.21888e-05,-0.0001756029,1.5022e-05,-3.59732e-05,8.76567e-05,0.0038587593,-0.0019929572,-2.24541e-05,0.0066632335,1.89684e-05,0.0027349157,-2.123563,0.728099,1.19862,0.415928,0.644767,-0.550041,0.329763
1403715929.78396,-2.790744,-1.583893,0.445365,0.672958,-0.475516,0.375417,0.424352,0.0003768584,8.84674e-05,-0.0001481963,2.10041e-05,-3.48254e-05,5.85186e-05,0.0039778299,-0.0020858171,-3.01402e-05,0.0066172932,2.98881e-05,0.0027445283,-2.111351,0.650978,1.309306,0.451122,0.631945,-0.527645,0.34457
1403715929.88396,-2.734223,-1.601626,0.462768,0.650441,-0.499304,0.406943,0.402517,0.0003957277,4.9603e-05,-0.0001464366,6.4389e-06,-1.83822e-05,5.44164e-05,0.0040046593,-0.0020602288,-3.15724e-05,0.0064210957,2.58427e-05,0.0027441903,-2.054884,0.624151,1.334411,0.431522,0.607617,-0.549485,0.377708
1403715929.93397,-2.700713,-1.606675,0.471039,0.636929,-0.511275,0.42493,0.390326,0.0004036134,2.66697e-05,-0.0001433361,1.9805e-06,-9.4914e-06,5.11241e-05,0.004014822,-0.0020491174,-3.2278e-05,0.0063453419,2.48098e-05,0.0027453243,-2.021834,0.610829,1.342521,0.420627,0.593126,-0.560381,0.396554
1403715930.23395,-2.502925,-1.651767,0.467958,0.575805,-0.55573,0.493468,0.340738,0.000409962,-6.76969e-05,-0.0001215276,1.14048e-05,2.00653e-05,3.62493e-05,0.0040995636,-0.0019721074,-3.43486e-05,0.0058973058,3.14531e-05,0.0027610403,-1.826938,0.54248,1.352032,0.375761,0.528609,-0.599692,0.468771
1403715930.28394,-2.456953,-1.694775,0.488747,0.5702,-0.560314,0.497861,0.336234,0.0004081726,-7.53082e-05,-0.0001198454,1.41016e-05,2.21108e-05,3.54068e-05,0.0040250488,-0.0019032502,-3.58099e-05,0.0058065089,4.35593e-05,0.0027513359,-1.803544,0.535906,1.352994,0.371753,0.52269,-0.60356,0.473615
1403715930.43395,-2.414573,-1.707119,0.486532,0.578377,-0.566082,0.482183,0.335456,0.0004023263,-6.78139e-05,-0.0001329658,1.16407e-05,2.24124e-05,4.41736e-05,0.0041024624,-0.0019140999,-3.77066e-05,0.0056689019,5.38005e-05,0.0027587233,-1.760024,0.524779,1.354001,0.369678,0.530361,-0.61003,0.458171
1403715930.48402,-2.41618,-1.677606,0.498896,0.585039,-0.568053,0.471242,0.33612,0.0003985759,-6.08233e-05,-0.0001410313,9.4872e-06,2.15255e-05,5.01291e-05,0.0040964463,-0.0019021998,-3.44274e-05,0.0056231794,3.57124e-05,0.0027454291,-1.752928,0.523444,1.350503,0.369131,0.537165,-0.612449,0.447328
1403715930.534,-2.418689,-1.663124,0.506761,0.591257,-0.56934,0.461891,0.33604,0.0003943973,-5.46982e-05,-0.0001475736,7.7881e-06,2.04725e-05,5.54479e-05,0.0040424033,-0.0018573126,-2.97006e-05,0.0055991328,2.13728e-05,0.0027363576,-1.748654,0.522366,1.34392,0.368388,0.543047,-0.614492,0.437939
1403715930.634,-2.422504,-1.657447,0.49604,0.602471,-0.574565,0.44323,0.332342,0.0003836987,-4.57134e-05,-0.0001617463,5.6488e-06,1.92785e-05,6.84213e-05,0.0040223175,-0.0018457591,-2.8272e-05,0.0056024698,1.48016e-05,0.0027318677,-1.747924,0.518729,1.324821,0.363153,0.553861,-0.620611,0.419763
1403715930.784,-2.44828,-1.654397,0.4973,0.607425,-0.582602,0.430727,0.325706,0.0003721746,-4.39288e-05,-0.0001717278,5.39e-06,2.02776e-05,7.94837e-05,0.0040295869,-0.0018628694,-2.68011e-05,0.0056223481,4.8876e-06,0.0027240026,-1.766727,0.501137,1.313091,0.35526,0.558338,-0.628856,0.408155
1403715930.834,-2.459651,-1.666836,0.502032,0.610522,-0.581949,0.425367,0.328117,0.0003708016,-3.88555e-05,-0.000173793,4.2773e-06,1.82183e-05,8.1704e-05,0.0040080263,-0.0018591493,-2.64084e-05,0.0056593188,4.6139e-06,0.0027234258,-1.778387,0.490311,1.317193,0.357203,0.561529,-0.628398,0.402749
1403715930.884,-2.473127,-1.680206,0.511666,0.615768,-0.579053,0.417286,0.333766,0.000369482,-2.96365e-05,-0.0001758636,2.5829e-06,1.41107e-05,8.39563e-05,0.0040276661,-0.0018824262,-2.59441e-05,0.0056827801,4.1284e-06,0.0027228566,-1.792235,0.477319,1.325719,0.362108,0.56712,-0.625871,0.394385
1403715931.18401,-2.556268,-1.811697,0.57704,0.638769,-0.576598,0.378282,0.341192,0.0003488986,-1.733e-07,-0.0001911751,2.166e-07,9.16e-08,0.0001050323,0.0042312979,-0.0020890036,-2.44517e-05,0.0058479138,2.3816e-06,0.002721762,-1.887183,0.347601,1.384763,0.366135,0.591055,-0.624581,0.355666
1403715931.23399,-2.564654,-1.847964,0.5845,0.639619,-0.576862,0.376987,0.340586,0.0003464902,2.646e-07,-0.0001912333,2.174e-07,-1.5e-07,0.0001058273,0.0042713187,-0.0021260473,-2.37427e-05,0.0058714495,1.2422e-06,0.0027212415,-1.901963,0.314451,1.393259,0.365574,0.591523,-0.625253,0.35428
1403715931.28399,-2.573468,-1.886641,0.596684,0.639815,-0.577018,0.376684,0.340289,0.0003449124,2.801e-07,-0.000190786,2.183e-07,-1.59e-07,0.000105817,0.0043333304,-0.00217245,-2.30231e-05,0.005878231,3.08e-08,0.0027208271,-1.916272,0.277327,1.404881,0.365351,0.591421,-0.625726,0.353846
1403715931.53398,-2.601709,-2.14184,0.69124,0.633892,-0.570065,0.392796,0.344844,0.0003561778,-4.2935e-06,-0.0001810836,2.803e-07,2.1801e-06,9.23513e-05,0.0047575233,-0.002474975,-2.09556e-05,0.0059372525,-3.5165e-06,0.0027185658,-1.982812,0.035933,1.501858,0.372057,0.583951,-0.620359,0.368415
1403715931.63401,-2.610662,-2.260866,0.721081,0.634574,-0.563753,0.39624,0.349989,0.0003606451,-1.0618e-06,-0.000176849,2.353e-07,5.17e-07,8.70088e-05,0.0049967059,-0.0026206427,-2.03811e-05,0.0059378591,-4.9539e-06,0.0027180702,-2.006901,-0.081051,1.530252,0.377568,0.584828,-0.614401,0.371389
1403715931.68402,-2.614414,-2.322996,0.729836,0.635538,-0.559493,0.397678,0.353428,0.0003627893,1.6788e-06,-0.0001743431,2.418e-07,-8.112e-07,8.40704e-05,0.0051177803,-0.0026928918,-2.00873e-05,0.0059415099,-5.6927e-06,0.0027179644,-2.017837,-0.142261,1.539222,0.381164,0.586,-0.61039,0.372482
1403715931.98404,-2.614098,-2.719451,0.752797,0.627846,-0.535466,0.42374,0.373538,0.0003885164,6.3905e-06,-0.0001503504,3.539e-07,-2.4781e-06,5.84697e-05,0.0059837887,-0.0031435367,-1.9621e-05,0.0059290202,-7.4591e-06,0.0027189371,-2.067634,-0.540229,1.561223,0.403048,0.580206,-0.585768,0.397229
1403715932.03404,-2.612117,-2.788803,0.757491,0.623358,-0.531169,0.432261,0.377406,0.0003949423,4.7387e-06,-0.0001430345,3.073e-07,-1.7206e-06,5.20857e-05,0.0061453706,-0.0032244939,-1.9665e-05,0.0059345915,-7.6255e-06,0.0027191526,-2.073166,-0.609191,1.565974,0.407603,0.576008,-0.581114,0.405441
1403715932.53404,-2.549809,-3.298055,0.862078,0.550858,-0.460613,0.526004,0.455753,0.0004471606,7.8121e-06,-1.37312e-05,4.188e-07,-2.436e-07,7.02e-07,0.0074988,-0.0037185385,-1.95631e-05,0.005799167,-1.15458e-05,0.002725536,-2.079195,-1.126489,1.673872,0.492938,0.508666,-0.505343,0.492849
1403715932.58404,-2.543646,-3.313859,0.875306,0.543967,-0.455407,0.533292,0.460765,0.0004477006,6.8886e-06,-2.7183e-06,3.917e-07,-4.54e-08,2.996e-07,0.0075377836,-0.0037297336,-1.96101e-05,0.0057963933,-1.20037e-05,0.0027265792,-2.075598,-1.142604,1.687745,0.49848,0.502165,-0.499633,0.499716
1403715932.88404,-2.5261,-3.204702,0.960762,0.532443,-0.449844,0.542099,0.469333,0.0004479895,5.3526e-06,1.27599e-05,3.709e-07,1.485e-07,6.637e-07,0.007226,-0.0035735461,-1.9801e-05,0.0057766348,-1.55458e-05,0.0027355506,-2.046336,-1.028382,1.776901,0.508065,0.49075,-0.49311,0.507818
1403715932.98406,-2.530231,-3.081743,0.978477,0.559245,-0.477939,0.509981,0.445802,0.0004452034,4.9582e-06,-3.6841e-05,3.628e-07,-4.123e-07,3.3466e-06,0.0069079771,-0.00344959,-2.04617e-05,0.0057756608,-8.1432e-06,0.0027297291,-2.034342,-0.909857,1.802188,0.482234,0.515305,-0.523231,0.47765
1403715933.03406,-2.532695,-3.013348,0.99173,0.573562,-0.492951,0.491554,0.431741,0.0004390577,4.6507e-06,-6.38541e-05,3.594e-07,-6.783e-07,9.5909e-06,0.0067026708,-0.0033671455,-2.04051e-05,0.0057864561,-7.8238e-06,0.0027304658,-2.027364,-0.839342,1.814697,0.466777,0.5285,-0.539283,0.46042
1403715933.08406,-2.535552,-2.939642,1.005474,0.586722,-0.506663,0.4735,0.418148,0.0004301399,4.6996e-06,-8.86653e-05,3.636e-07,-9.709e-07,1.85891e-05,0.0065128314,-0.003287532,-2.04219e-05,0.0057937338,-6.4263e-06,0.002730294,-2.019921,-0.763945,1.827674,0.451824,0.540612,-0.554001,0.44349
1403715933.28404,-2.540111,-2.621455,1.057438,0.632135,-0.555333,0.402589,0.360462,0.0003711567,3.3729e-06,-0.0001697684,3.488e-07,-1.542e-06,7.80251e-05,0.0057568538,-0.0029474471,-1.96e-05,0.0058141973,-3.8882e-06,0.0027266834,-1.985846,-0.443136,1.878276,0.388463,0.582716,-0.605707,0.377709
1403715933.33404,-2.540717,-2.546225,1.068875,0.640637,-0.566906,0.387023,0.344116,0.0003525656,7.645e-07,-0.000184331,3.235e-07,-3.979e-07,9.677e-05,0.0055732802,-0.0028505805,-1.95065e-05,0.0058111523,-3.6119e-06,0.002727759,-1.976194,-0.365306,1.890704,0.370939,0.590397,-0.617822,0.363507
1403715933.43404,-2.540674,-2.408371,1.090397,0.653248,-0.59248,0.358452,0.306182,0.0003104369,-9.2895e-06,-0.0002072847,6.077e-07,6.2115e-06,0.0001388686,0.0052796777,-0.0026939031,-1.92109e-05,0.0058197729,-2.9322e-06,0.0027302282,-1.956786,-0.221653,1.914419,0.330807,0.601178,-0.644099,0.338075
1403715933.58405,-2.541074,-2.256149,1.128289,0.665996,-0.623518,0.319129,0.256576,0.0002497316,-1.88616e-05,-0.0002224614,1.767e-06,1.68266e-05,0.0001987587,0.0049791048,-0.0025198351,-1.81221e-05,0.0058298708,-1.0634e-06,0.0027333287,-1.932409,-0.06006,1.953624,0.278064,0.611686,-0.675902,0.302785
1403715933.88405,-2.538692,-2.277098,1.248416,0.678516,-0.626386,0.286839,0.25491,0.0002264699,-4.3184e-06,-0.0002249049,4.468e-07,4.2981e-06,0.0002240467,0.0050323958,-0.0025416278,-1.49103e-05,0.005869436,4.0192e-06,0.0027452627,-1.924705,-0.054551,2.082554,0.273609,0.624125,-0.679941,0.270719
1403715933.98402,-2.531335,-2.374228,1.310292,0.661109,-0.609108,0.323973,0.294897,0.0002796775,-1.7195e-06,-0.0002183786,3.743e-07,1.3445e-06,0.0001710825,0.0052559711,-0.0026567354,-1.50873e-05,0.0058475743,9.9633e-06,0.0027491489,-1.930077,-0.159737,2.149985,0.316276,0.60787,-0.661787,0.304159
1403715934.03402,-2.515934,-2.438496,1.352249,0.646813,-0.596424,0.350908,0.320585,0.0003154345,-1.5936e-06,-0.0002062519,3.708e-07,1.0465e-06,0.0001353627,0.0053570349,-0.002715788,-1.91154e-05,0.0058335975,1.03164e-05,0.0027479866,-1.932989,-0.226423,2.187967,0.344077,0.594175,-0.648459,0.328761
1403715934.08401,-2.515571,-2.497839,1.388223,0.631081,-0.580495,0.378309,0.348776,0.0003511014,3.868e-07,-0.0001867825,3.629e-07,-2.051e-07,9.98184e-05,0.0055013451,-0.0027684933,-1.81899e-05,0.0057880686,1.29756e-05,0.002749268,-1.935958,-0.298308,2.227033,0.374367,0.579665,-0.631469,0.353694
1403715934.334,-2.480766,-2.847985,1.511191,0.546597,-0.503067,0.490024,0.456105,0.0004462446,2.4346e-06,-4.61933e-05,3.943e-07,-2.52e-07,5.1556e-06,0.0062969093,-0.003105161,-1.53541e-05,0.0057438897,2.04317e-05,0.00276368,-1.945507,-0.650396,2.356469,0.490553,0.500731,-0.548264,0.456111
1403715934.434,-2.466507,-2.954786,1.530602,0.523264,-0.480382,0.515534,0.479221,0.0004512348,2.721e-06,-3.8316e-06,4.056e-07,-2.27e-08,4.097e-07,0.0065602669,-0.0032008201,-1.42272e-05,0.0057297288,2.38445e-05,0.0027717975,-1.94566,-0.75972,2.377317,0.515703,0.479063,-0.523975,0.479587
1403715934.684,-2.439778,-3.061105,1.542907,0.484346,-0.440689,0.559528,0.508066,0.0004426533,-5.176e-07,6.38234e-05,4.117e-07,-7.44e-08,9.6058e-06,0.0068428408,-0.0032712409,-1.01747e-05,0.0057180152,3.5501e-05,0.0027987683,-1.93246,-0.867189,2.395385,0.548237,0.443057,-0.481535,0.520828
1403715934.884,-2.438133,-2.902832,1.566626,0.498651,-0.453404,0.555965,0.486493,0.0004483464,-8.589e-06,4.12009e-05,5.885e-07,-7.871e-07,4.1952e-06,0.0064666654,-0.0031105008,-1.21807e-05,0.0057308786,2.17324e-05,0.0027996258,-1.909802,-0.719479,2.41535,0.52664,0.456255,-0.494987,0.519109
1403715934.984,-2.446779,-2.754326,1.577415,0.534228,-0.486279,0.522236,0.453215,0.0004514206,-1.07517e-05,-1.97141e-05,6.891e-07,4.731e-07,1.2754e-06,0.0060826797,-0.0029454106,-1.15544e-05,0.0057747177,2.38505e-05,0.0028096847,-1.898054,-0.57146,2.42928,0.490736,0.489356,-0.530296,0.488371
1403715935.18399,-2.47425,-2.375644,1.591812,0.599445,-0.549998,0.43983,0.380417,0.0004052235,-1.19354e-05,-0.0001385911,7.914e-07,4.0877e-06,4.78738e-05,0.0052682947,-0.0025649621,-1.32742e-05,0.0058444898,1.31948e-05,0.0027991,-1.8786,-0.204356,2.433606,0.411348,0.549998,-0.598666,0.412192
1403715935.23399,-2.482994,-2.277814,1.585217,0.611249,-0.561326,0.421311,0.365767,0.0003883608,-1.08809e-05,-0.0001581657,7.493e-07,4.4377e-06,6.49153e-05,0.0050542033,-0.0024480638,-1.26583e-05,0.005871409,1.33184e-05,0.002804384,-1.874483,-0.107462,2.427913,0.395212,0.561028,-0.610832,0.394898
1403715935.434,-2.520768,-1.911259,1.533452,0.644306,-0.589518,0.364568,0.323154,0.0003285516,-5.2039e-06,-0.0002025363,5.457e-07,3.2138e-06,0.0001254699,0.0044163495,-0.0020592022,-8.7547e-06,0.0060101928,1.48745e-05,0.0028267904,-1.862116,0.25505,2.375851,0.348228,0.592254,-0.641316,0.341596
1403715935.484,-2.532538,-1.83465,1.519615,0.649368,-0.593804,0.354869,0.31589,0.0003173821,-4.2571e-06,-0.0002078679,5.228e-07,2.7958e-06,0.0001367791,0.0042834643,-0.0019837062,-7.521e-06,0.0060394893,1.30019e-05,0.0028228602,-1.859486,0.334768,2.356805,0.340217,0.597114,-0.645905,0.332437
1403715935.534,-2.541107,-1.762414,1.498189,0.653824,-0.596806,0.346484,0.310299,0.000308016,-2.955e-06,-0.0002117957,4.948e-07,2.0434e-06,0.0001462899,0.0041699087,-0.0019262447,-1.62457e-05,0.0060636554,3.9213e-06,0.0028175398,-1.857038,0.40787,2.335589,0.33399,0.60143,-0.649189,0.32448
1403715935.734,-2.557575,-1.54426,1.407544,0.667022,-0.606661,0.320246,0.290667,0.0002767674,-3.545e-07,-0.000221512,4.831e-07,2.92e-07,0.000178041,0.0038650665,-0.0016822259,-1.24953e-05,0.0061724821,-4.6732e-06,0.0028206097,-1.847742,0.625535,2.246255,0.312497,0.613934,-0.660007,0.299703
1403715935.784,-2.56042,-1.511608,1.387409,0.669645,-0.609654,0.313944,0.285195,0.0002685991,-3.271e-07,-0.0002232457,4.868e-07,2.81e-07,0.0001863324,0.0038350153,-0.0016539057,-1.34318e-05,0.006178975,-5.5212e-06,0.0028252489,-1.845257,0.657973,2.225435,0.30655,0.61636,-0.663159,0.29385
1403715935.834,-2.558535,-1.484217,1.369312,0.672443,-0.611386,0.307872,0.281499,0.0002617653,6.754e-07,-0.0002244514,4.9e-07,-5.714e-07,0.0001932655,0.0038092509,-0.0016300828,-1.36342e-05,0.006187333,-9.9535e-06,0.0028282358,-1.842665,0.680261,2.206549,0.302345,0.618998,-0.665206,0.287977
1403715935.88399,-2.562685,-1.473933,1.348799,0.674136,-0.613078,0.303255,0.278769,0.0002567056,1.3489e-06,-0.0002252135,4.988e-07,-1.1748e-06,0.0001984161,0.0037883511,-0.0016142864,-1.75486e-05,0.0061928684,-1.54821e-05,0.0028298082,-1.839984,0.692168,2.189786,0.299249,0.620715,-0.666894,0.283577
1403715935.93399,-2.560895,-1.469407,1.33465,0.673969,-0.613495,0.302307,0.279285,0.0002564154,1.8394e-06,-0.0002253131,5.099e-07,-1.6084e-06,0.0001988244,0.0037946835,-0.0016175771,-1.7643e-05,0.0062207608,-1.72094e-05,0.0028354745,-1.837456,0.6932,2.175415,0.29965,0.62054,-0.667325,0.282518
1403715936.184,-2.51574,-1.665778,1.305818,0.630655,-0.573873,0.379879,0.358658,0.0003620551,6.4399e-06,-0.0001834647,5.932e-07,-3.2656e-06,9.35729e-05,0.0039062662,-0.001708481,-7.5833e-06,0.0060114319,-1.9551e-06,0.0028146354,-1.824326,0.557371,2.146123,0.385224,0.579996,-0.624868,0.353206
1403715936.23401,-2.505441,-1.731295,1.314411,0.6171,-0.561393,0.39987,0.379643,0.0003857142,8.1095e-06,-0.0001636032,6.404e-07,-3.4422e-06,6.99625e-05,0.0040681589,-0.0018297756,-8.6523e-06,0.0059016146,2.00051e-05,0.0028069819,-1.820733,0.514407,2.144413,0.407864,0.567353,-0.611375,0.371466
1403715936.33402,-2.477858,-1.821368,1.319749,0.588901,-0.538883,0.436677,0.414867,0.0004213352,7.729e-06,-0.0001196836,6.163e-07,-2.1962e-06,3.45234e-05,0.0042172093,-0.0019351488,-1.18541e-05,0.005839198,2.96344e-05,0.0027995453,-1.810824,0.426089,2.140146,0.44596,0.540947,-0.586724,0.405286
1403715936.43402,-2.455031,-1.896174,1.305322,0.566382,-0.525985,0.462745,0.434071,0.000438542,2.0652e-06,-8.66784e-05,4.927e-07,-4.063e-07,1.76472e-05,0.0043463773,-0.0020049558,-1.29038e-05,0.0057776318,2.85017e-05,0.0028012857,-1.797846,0.345305,2.13019,0.467309,0.519252,-0.572266,0.429549
1403715936.58402,-2.420292,-1.972788,1.289258,0.54629,-0.519734,0.483438,0.444671,0.0004473629,-7.6398e-06,-6.14854e-05,6.265e-07,1.0549e-06,8.9688e-06,0.0044786834,-0.0020686072,-1.43526e-05,0.0057096037,2.64055e-05,0.0028041442,-1.774187,0.255742,2.108328,0.479456,0.499781,-0.564297,0.449345
1403715936.63401,-2.409636,-1.988029,1.285027,0.540614,-0.51921,0.489628,0.445446,0.0004488488,-1.22379e-05,-5.55347e-05,8.342e-07,1.52e-06,7.392e-06,0.0044994913,-0.0020727171,-1.46361e-05,0.0056872463,2.6294e-05,0.0028054259,-1.76605,0.236125,2.101178,0.480681,0.494184,-0.563282,0.455458
1403715936.68401,-2.39968,-1.9974,1.28139,0.535715,-0.519522,0.494791,0.445296,0.0004497213,-1.68653e-05,-5.11285e-05,1.1377e-06,1.9242e-06,6.3369e-06,0.0045161368,-0.0020751012,-1.49593e-05,0.0056684824,2.63096e-05,0.0028067154,-1.757819,0.222468,2.094483,0.480906,0.489312,-0.563144,0.460621
1403715936.78401,-2.383375,-2.000676,1.269984,0.539503,-0.524476,0.488881,0.441426,0.0004479144,-1.66057e-05,-5.94051e-05,1.13e-06,2.2102e-06,8.4145e-06,0.0045222301,-0.0020642062,-1.54855e-05,0.0056411108,2.72106e-05,0.0028105731,-1.741785,0.213647,2.079817,0.476613,0.492702,-0.568276,0.455135
1403715936.834,-2.376339,-1.994404,1.265315,0.545782,-0.528353,0.480384,0.438402,0.0004454199,-1.32216e-05,-6.90749e-05,9.107e-07,2.0587e-06,1.12558e-05,0.0045130754,-0.0020526957,-1.6115e-05,0.0056290346,2.74254e-05,0.0028116266,-1.734134,0.217396,2.072142,0.472884,0.498736,-0.572603,0.446957
1403715937.034,-2.352452,-1.935121,1.238818,0.565724,-0.540091,0.458865,0.421546,0.0004341825,-8.4588e-06,-9.91386e-05,6.997e-07,1.94e-06,2.32114e-05,0.0044158982,-0.00196853,-1.76938e-05,0.0055959777,3.0201e-05,0.0028174746,-1.703802,0.271956,2.041539,0.454474,0.517917,-0.585789,0.426694
1403715937.08401,-2.347798,-1.914304,1.229064,0.572841,-0.541331,0.454929,0.414551,0.0004303007,-7.895e-06,-0.0001070895,6.819e-07,1.9728e-06,2.72323e-05,0.0043837859,-0.0019422987,-2.02897e-05,0.005578233,2.90332e-05,0.002810568,-1.6959,0.293163,2.033195,0.44727,0.524931,-0.587553,0.423296
1403715937.13401,-2.343392,-1.890501,1.220206,0.581473,-0.542766,0.450993,0.404846,0.0004250668,-8.365e-06,-0.0001165971,7.055e-07,2.3043e-06,3.25755e-05,0.0043494954,-0.0019170694,-2.12721e-05,0.0055694761,2.9459e-05,0.0028114124,-1.688011,0.316537,2.024103,0.437338,0.533466,-0.589671,0.420046
1403715937.18399,-2.33551,-1.89761,1.207975,0.590792,-0.540936,0.449625,0.395208,0.0004192568,-8.3702e-06,-0.0001231362,6.813e-07,2.4634e-06,3.67273e-05,0.0042837171,-0.0018743413,-1.9637e-05,0.0054765334,2.23558e-05,0.0027808079,-1.679744,0.34145,2.015492,0.428665,0.54196,-0.589102,0.418911
1403715937.28399,-2.324377,-1.849131,1.187538,0.608344,-0.533673,0.44954,0.378185,0.000411717,-8.498e-06,-0.0001337942,6.932e-07,2.7666e-06,4.40556e-05,0.0042521751,-0.0018416242,-1.99974e-05,0.0054431523,2.24231e-05,0.002779754,-1.66249,0.394236,1.99495,0.412046,0.559885,-0.58348,0.41988
1403715937.48398,-2.304198,-1.741713,1.113937,0.641579,-0.504086,0.459159,0.35135,0.000405475,-5.251e-06,-0.0001420833,5.97e-07,1.8448e-06,5.03861e-05,0.0040930275,-0.0017150956,-2.05536e-05,0.0053954983,2.23947e-05,0.0027779367,-1.627263,0.506351,1.92424,0.386405,0.595702,-0.556441,0.431516
1403715937.53395,-2.300038,-1.715426,1.084755,0.651418,-0.50161,0.456831,0.339628,0.0003988095,-6.7665e-06,-0.0001496214,6.443e-07,2.5448e-06,5.67415e-05,0.0040543193,-0.0016833173,-2.06532e-05,0.0053822921,2.20694e-05,0.0027766423,-1.618836,0.535234,1.897644,0.374559,0.605806,-0.55474,0.430081
1403715937.83395,-2.268891,-1.59031,0.917396,0.709825,-0.479991,0.432636,0.280327,0.0003558512,-6.8731e-06,-0.0001882419,6.898e-07,3.6458e-06,0.000100286,0.0038812861,-0.0015320249,-2.12293e-05,0.0053136664,2.02766e-05,0.0027768878,-1.565753,0.671234,1.728423,0.313656,0.66666,-0.537298,0.410483
1403715937.93394,-2.251948,-1.57299,0.86616,0.722415,-0.467432,0.433921,0.267089,0.0003506592,-7.8337e-06,-0.0001917882,7.394e-07,4.2967e-06,0.0001056173,0.0038594702,-0.0015037077,-2.14087e-05,0.0052774625,1.92965e-05,0.002777331,-1.543886,0.692178,1.677511,0.300718,0.680339,-0.525769,0.412644
1403715938.13394,-2.198136,-1.583392,0.777005,0.748742,-0.435018,0.437961,0.241525,0.0003425452,-7.6028e-06,-0.0001971044,7.482e-07,4.39e-06,0.0001141613,0.0038735946,-0.0014792701,-2.18762e-05,0.0051688649,1.69068e-05,0.0027792373,-1.485865,0.685903,1.586731,0.275795,0.709428,-0.495633,0.418327
1403715938.23394,-2.157656,-1.614229,0.749882,0.76062,-0.414889,0.443344,0.229717,0.0003419215,-7.2177e-06,-0.000197646,7.325e-07,4.1909e-06,0.0001149937,0.0039149084,-0.0014827073,-2.21361e-05,0.0050888763,1.56853e-05,0.0027800535,-1.446467,0.654451,1.55984,0.264495,0.723022,-0.476663,0.424353
1403715938.28394,-2.133672,-1.636056,0.742898,0.764633,-0.399724,0.450558,0.229249,0.0003476476,-3.7442e-06,-0.0001943152,6.165e-07,2.1105e-06,0.0001093398,0.0039434292,-0.0014866893,-2.2275e-05,0.0050412974,1.51679e-05,0.002780136,-1.423544,0.631112,1.553998,0.264737,0.728201,-0.462237,0.431252
1403715938.38392,-2.076355,-1.686326,0.741086,0.767652,-0.363105,0.472179,0.236459,0.0003671423,8.1854e-06,-0.0001809071,7.445e-07,-4.0212e-06,8.98295e-05,0.0040179712,-0.0014990888,-2.23525e-05,0.0049355426,1.47058e-05,0.0027795419,-1.37134,0.573252,1.556307,0.273605,0.734379,-0.426445,0.451638
1403715938.43391,-2.04385,-1.711715,0.742242,0.767688,-0.347722,0.483899,0.235766,0.0003757084,1.05355e-05,-0.0001739187,8.457e-07,-4.8603e-06,8.11771e-05,0.0040518362,-0.0014982714,-2.24724e-05,0.0048749435,1.48974e-05,0.0027790961,-1.342154,0.541274,1.5611,0.273791,0.735796,-0.411361,0.463063
1403715938.48391,-2.0106,-1.737277,0.748452,0.766978,-0.332369,0.49658,0.233846,0.0003842334,1.19867e-05,-0.0001661163,9.192e-07,-5.1632e-06,7.24676e-05,0.0040879137,-0.0014964381,-2.26706e-05,0.0048125128,1.48151e-05,0.0027792427,-1.311291,0.508366,1.567331,0.273048,0.73632,-0.39637,0.475575
1403715938.58391,-1.938774,-1.789783,0.756625,0.7665,-0.310305,0.515699,0.224149,0.0003947953,9.972e-06,-0.0001557588,7.947e-07,-3.9088e-06,6.20817e-05,0.0041674458,-0.0014927561,-2.28369e-05,0.0046876424,1.5166e-05,0.0027792156,-1.245556,0.441368,1.576609,0.264596,0.738058,-0.374049,0.495326
1403715938.63391,-1.901712,-1.815103,0.757522,0.767395,-0.302386,0.5212,0.219131,0.000397166,8.9723e-06,-0.0001532511,7.411e-07,-3.4318e-06,5.97555e-05,0.004202141,-0.0014845371,-2.30853e-05,0.0046232867,1.5366e-05,0.002779361,-1.211891,0.407939,1.579388,0.259952,0.739664,-0.36638,0.501088
1403715938.7839,-1.790412,-1.893932,0.757489,0.780951,-0.293315,0.513393,0.201268,0.0003865927,5.4072e-06,-0.0001643362,6.024e-07,-2.2568e-06,7.04889e-05,0.004328299,-0.0014655589,-2.39019e-05,0.0044398934,1.59305e-05,0.002779508,-1.107839,0.306424,1.582246,0.240907,0.754237,-0.358087,0.494838
1403715938.83391,-1.751328,-1.921018,0.755973,0.788299,-0.293741,0.504383,0.194677,0.0003780764,4.4271e-06,-0.0001721792,5.685e-07,-1.9682e-06,7.90527e-05,0.0043660545,-0.0014523038,-2.4258e-05,0.0043765567,1.63787e-05,0.0027794747,-1.071427,0.271475,1.581696,0.233345,0.761678,-0.358952,0.486366
1403715938.8839,-1.707154,-1.949375,0.752793,0.795378,-0.29431,0.49528,0.18829,0.0003687353,3.1661e-06,-0.0001794375,5.111e-07,-1.4891e-06,8.79523e-05,0.0044098097,-0.0014405862,-2.47463e-05,0.0043129027,1.72299e-05,0.0027778121,-1.033769,0.235445,1.580491,0.226039,0.768634,-0.360339,0.47777
1403715938.9339,-1.664817,-1.978983,0.750993,0.801467,-0.294988,0.486914,0.18316,0.0003605139,2.631e-06,-0.0001855407,4.953e-07,-1.3004e-06,9.61312e-05,0.0044581603,-0.0014248035,-2.50455e-05,0.004243511,1.77323e-05,0.0027775674,-0.994539,0.198049,1.579032,0.219943,0.774801,-0.361316,0.46985
1403715938.98391,-1.619708,-2.0098,0.7486,0.806702,-0.296262,0.479355,0.177988,0.0003525694,1.2943e-06,-0.0001907218,4.678e-07,-6.466e-07,0.0001038131,0.0045102024,-0.0014103601,-2.52012e-05,0.0041778307,1.84771e-05,0.0027768694,-0.953236,0.158648,1.576782,0.213885,0.780032,-0.362624,0.462935
1403715939.03391,-1.572116,-2.043561,0.745568,0.811005,-0.297095,0.473131,0.173647,0.0003458754,2.781e-07,-0.0001948368,4.561e-07,-1.019e-07,0.0001104024,0.0045664966,-0.0013935959,-2.53459e-05,0.0041104882,1.89356e-05,0.0027766438,-0.90986,0.116862,1.57396,0.208788,0.784346,-0.363547,0.457212
1403715939.33391,-1.224665,-2.300795,0.743498,0.776064,-0.274313,0.534114,0.19287,0.0003990286,2.556e-06,-0.0001508584,4.745e-07,-9.194e-07,5.75954e-05,0.0050331762,-0.0012393673,-2.53759e-05,0.0036881202,1.97107e-05,0.002777188,-0.593134,-0.191774,1.57552,0.232363,0.751634,-0.338348,0.516311
1403715939.38391,-1.160612,-2.347952,0.746065,0.762659,-0.269156,0.553357,0.199254,0.0004129513,2.662e-06,-0.0001332286,4.703e-07,-8.092e-07,4.35225e-05,0.0051306977,-0.0011983552,-2.51054e-05,0.0036163419,1.97934e-05,0.0027766051,-0.53505,-0.247623,1.577117,0.240125,0.738755,-0.332091,0.535071
1403715940.0339,-0.704146,-2.595009,0.856754,0.66614,-0.242116,0.658695,0.252503,0.0004573722,8.0169e-06,-1.9659e-06,6.411e-07,1.2e-08,5.526e-07,0.0056818962,-0.0008400066,-2.80377e-05,0.0032715515,2.14015e-05,0.002786318,-0.099331,-0.568125,1.678726,0.301876,0.644979,-0.297889,0.63572
1403715940.0839,-0.715905,-2.568725,0.876727,0.683684,-0.249545,0.639803,0.246892,0.0004558888,8.4318e-06,-2.69477e-05,6.606e-07,-4.524e-07,2.1438e-06,0.0056330482,-0.0008453131,-2.82552e-05,0.0032813431,2.13484e-05,0.0027877927,-0.106603,-0.541767,1.698625,0.294743,0.661873,-0.306577,0.617307
1403715940.48393,-0.895759,-2.25249,1.030108,0.80948,-0.305331,0.468054,0.180113,0.0003457776,2.2805e-06,-0.0001973496,5.283e-07,-1.2525e-06,0.0001134098,0.0050319615,-0.0009431378,-2.65426e-05,0.0034480596,1.56626e-05,0.0028003132,-0.242687,-0.207914,1.865125,0.214266,0.782807,-0.371443,0.450931
1403715940.53393,-0.912509,-2.216155,1.048796,0.820887,-0.31247,0.44711,0.169113,0.0003238225,-5.95e-07,-0.0002088235,5.154e-07,4.366e-07,0.0001354982,0.0049833602,-0.0009433425,-2.77381e-05,0.0034597311,1.79547e-05,0.0028010118,-0.254882,-0.168389,1.883327,0.201664,0.793571,-0.379419,0.430839
1403715940.83393,-0.891519,-2.10689,1.155957,0.864534,-0.340896,0.348682,0.121625,0.0002167167,-8.5501e-06,-0.0002288551,8.816e-07,9.1182e-06,0.0002429881,0.0048716555,-0.0009078616,-2.66891e-05,0.0034939761,1.5954e-05,0.0028210553,-0.217359,-0.068353,1.99433,0.146303,0.834762,-0.411034,0.335886
1403715940.93393,-0.807083,-2.14329,1.206207,0.858796,-0.334325,0.363982,0.134954,0.0002358642,-3.7817e-06,-0.0002294341,5.856e-07,3.7164e-06,0.0002242583,0.0048575886,-0.0008291794,-2.94706e-05,0.0034207,2.75124e-05,0.0028211914,-0.144292,-0.115145,2.044392,0.160693,0.829744,-0.404155,0.349808
1403715941.03393,-0.687787,-2.218934,1.267458,0.832229,-0.322184,0.421017,0.162289,0.000298887,-3.727e-07,-0.0002191411,5.137e-07,2.903e-07,0.0001615292,0.0049891025,-0.0007304474,-3.29419e-05,0.0033292852,3.24368e-05,0.0028290805,-0.039844,-0.200279,2.105472,0.192615,0.804438,-0.390213,0.404384
1403715941.08393,-0.627242,-2.265586,1.298803,0.81223,-0.313288,0.458314,0.179115,0.0003381573,1.6587e-06,-0.0002027895,5.135e-07,-9.767e-07,0.0001223664,0.0050834629,-0.0006814832,-3.58323e-05,0.0032766245,3.38387e-05,0.0028324944,0.020172,-0.251947,2.138303,0.212517,0.785383,-0.379901,0.440115
1403715941.13394,-0.553988,-2.329406,1.337169,0.787762,-0.30453,0.498691,0.194938,0.0003768804,1.5119e-06,-0.0001769277,4.86e-07,-6.941e-07,8.3698e-05,0.0051201037,-0.0006227273,-4.62623e-05,0.0032003786,3.84393e-05,0.002823214,0.082684,-0.306198,2.172032,0.231739,0.761711,-0.369393,0.479232
1403715941.23393,-0.402142,-2.425827,1.395938,0.737425,-0.285027,0.570179,0.223292,0.0004317088,1.9152e-06,-0.0001108843,4.942e-07,-4.786e-07,2.90389e-05,0.0053314787,-0.0005050127,-4.57063e-05,0.0031419772,3.96615e-05,0.002819707,0.208956,-0.414664,2.23725,0.266261,0.712995,-0.346644,0.548262
1403715941.28393,-0.335249,-2.468655,1.424509,0.715465,-0.278844,0.597551,0.230845,0.0004457123,-1.2099e-06,-8.07387e-05,4.936e-07,2.331e-07,1.5171e-05,0.0054343215,-0.0004318472,-4.71219e-05,0.0031190038,4.13882e-05,0.0028232877,0.269891,-0.465533,2.266812,0.276088,0.691687,-0.33881,0.574943
1403715941.33395,-0.269844,-2.510195,1.447182,0.697901,-0.273736,0.618263,0.236123,0.0004534672,-3.9587e-06,-5.61999e-05,5.29e-07,5.046e-07,7.5058e-06,0.0055214118,-0.000371627,-4.76063e-05,0.0031046266,4.16108e-05,0.0028243465,0.327863,-0.512764,2.29429,0.283212,0.674542,-0.332396,0.595231
1403715941.38395,-0.212144,-2.545509,1.470931,0.682494,-0.269676,0.635389,0.240329,0.0004578263,-6.5938e-06,-3.49794e-05,5.938e-07,5.176e-07,3.2126e-06,0.0056062079,-0.0003116417,-4.86236e-05,0.0030949821,4.28767e-05,0.0028272147,0.382316,-0.555553,2.319729,0.288739,0.659623,-0.327183,0.611949
1403715941.43395,-0.157796,-2.578039,1.488877,0.669019,-0.266442,0.649984,0.242782,0.0004599004,-9.7693e-06,-1.6725e-05,7.109e-07,3.689e-07,1.1502e-06,0.0056783463,-0.0002585467,-4.99768e-05,0.0030897467,4.41012e-05,0.0028301243,0.432847,-0.593612,2.341545,0.29243,0.646449,-0.322907,0.626355
1403715941.68395,0.025045,-2.668891,1.509109,0.627527,-0.259004,0.693076,0.24243,0.0004570823,-2.4975e-05,3.61092e-05,1.8908e-06,-1.9642e-06,3.4169e-06,0.0059085289,-6.25195e-05,-5.17988e-05,0.0030955825,4.8712e-05,0.0028418265,0.608692,-0.710027,2.369672,0.29555,0.605823,-0.312312,0.669396
1403715941.73395,0.037704,-2.670622,1.50597,0.617163,-0.257003,0.703343,0.241597,0.0004543359,-2.87973e-05,4.87325e-05,2.3564e-06,-3.0822e-06,5.7966e-06,0.0059118031,-5.29274e-05,-5.21009e-05,0.0030994921,5.01606e-05,0.0028431406,0.623197,-0.714338,2.365346,0.295675,0.595695,-0.309612,0.679607
1403715941.78395,0.041981,-2.661227,1.507072,0.606872,-0.254285,0.713064,0.242044,0.0004509341,-3.12749e-05,6.12229e-05,2.7037e-06,-4.2404e-06,8.8851e-06,0.0059045646,-5.16882e-05,-5.25254e-05,0.0030984072,4.74181e-05,0.0028365677,0.629186,-0.711254,2.35966,0.296835,0.585739,-0.306135,0.689261
1403715942.03394,-0.098025,-2.527336,1.459052,0.629199,-0.256235,0.692078,0.243887,0.0004582312,-2.17124e-05,3.53074e-05,1.5793e-06,-1.6679e-06,3.3037e-06,0.0056323322,-0.0002068042,-4.81671e-05,0.0031061913,4.41101e-05,0.0028386089,0.518746,-0.573116,2.308106,0.296897,0.607735,-0.309616,0.668322
1403715942.08393,-0.130772,-2.491075,1.439588,0.652477,-0.262586,0.669218,0.239729,0.0004612929,-1.77762e-05,5.0894e-06,1.222e-06,-2.002e-07,6.273e-07,0.0054922893,-0.0002607287,-4.42507e-05,0.0031061449,4.0102e-05,0.0028222234,0.471146,-0.522503,2.290831,0.290772,0.630227,-0.317719,0.64601
1403715942.1339,-0.187615,-2.440448,1.431586,0.677123,-0.270238,0.643529,0.233122,0.0004598035,-1.45827e-05,-2.90931e-05,9.979e-07,9.197e-07,2.4095e-06,0.0054033572,-0.000296061,-4.5716e-05,0.0031009416,3.62813e-05,0.0028110454,0.417871,-0.466292,2.270345,0.281914,0.654222,-0.327115,0.620907
1403715942.18389,-0.261589,-2.381085,1.412998,0.700936,-0.277817,0.616994,0.225442,0.0004531639,-1.20248e-05,-6.27869e-05,8.388e-07,1.6535e-06,9.2709e-06,0.0052582885,-0.0003376145,-3.8e-05,0.0031022098,3.03642e-05,0.0028049331,0.36051,-0.406143,2.245603,0.271978,0.677459,-0.336492,0.594861
1403715942.28389,-0.391286,-2.275604,1.346908,0.746142,-0.294042,0.560675,0.206046,0.0004241532,-9.6594e-06,-0.0001266369,7.321e-07,2.8657e-06,3.84195e-05,0.0050040808,-0.0004560018,-3.55501e-05,0.0031331623,2.84553e-05,0.0028005423,0.237638,-0.278265,2.178526,0.247902,0.721097,-0.355937,0.540264
1403715942.33388,-0.464218,-2.218057,1.299906,0.765549,-0.301162,0.533685,0.196,0.0004044186,-9.1248e-06,-0.000152494,7.168e-07,3.42e-06,5.81431e-05,0.0049068754,-0.0005025003,-3.52852e-05,0.0031542702,2.85107e-05,0.00279866,0.17456,-0.212897,2.13659,0.235875,0.739566,-0.364832,0.514111
1403715942.38388,-0.532653,-2.16239,1.253082,0.781267,-0.30794,0.50995,0.186401,0.0003842379,-9.4606e-06,-0.000172671,7.462e-07,4.2307e-06,7.82757e-05,0.0048021712,-0.0005559982,-3.53434e-05,0.0031851887,2.86866e-05,0.0027980978,0.112347,-0.148309,2.090397,0.224256,0.754681,-0.372688,0.491197
1403715942.63387,-0.840962,-1.918927,0.9953,0.829185,-0.327652,0.427368,0.149845,0.0003015613,-1.16345e-05,-0.0002199092,9.827e-07,8.4675e-06,0.0001612679,0.0043897128,-0.0007437165,-3.50843e-05,0.0033767094,2.82292e-05,0.002799236,-0.163127,0.127209,1.833419,0.180817,0.800772,-0.395849,0.411551
1403715942.73387,-0.931807,-1.853725,0.89537,0.84098,-0.327095,0.406048,0.144523,0.0002801899,-7.9909e-06,-0.0002258971,7.71e-07,6.4214e-06,0.0001831133,0.004294044,-0.0007890902,-3.45856e-05,0.003449837,2.78759e-05,0.0028000903,-0.244074,0.199776,1.733754,0.173694,0.812599,-0.396147,0.390615
1403715942.78387,-0.966862,-1.830701,0.847599,0.844052,-0.3257,0.40098,0.143912,0.0002753703,-6.3962e-06,-0.0002269979,6.964e-07,5.249e-06,0.0001881376,0.0042603176,-0.0008063889,-3.42678e-05,0.0034809443,2.7695e-05,0.0028005891,-0.275265,0.224908,1.686034,0.17261,0.815779,-0.395033,0.385564
1403715942.93387,-1.02741,-1.802089,0.712268,0.846042,-0.319494,0.401053,0.145917,0.0002765259,-3.2273e-06,-0.0002270537,6e-07,2.6205e-06,0.0001874701,0.0042207359,-0.0008407299,-3.30152e-05,0.0035400623,2.70989e-05,0.0028024593,-0.329221,0.254621,1.549794,0.174509,0.818349,-0.389027,0.38537
1403715942.98387,-1.031406,-1.806385,0.671173,0.845198,-0.316219,0.404494,0.148425,0.0002807748,-1.6402e-06,-0.0002262628,5.759e-07,1.2898e-06,0.0001833642,0.0042271919,-0.0008464502,-3.25982e-05,0.003546015,2.70002e-05,0.0028031459,-0.333193,0.249499,1.507518,0.177241,0.81779,-0.385756,0.388584
1403715943.03387,-1.028356,-1.816318,0.634448,0.844358,-0.311372,0.408439,0.15259,0.0002860024,1.3335e-06,-0.0002251337,5.77e-07,-1.0872e-06,0.0001782384,0.0042443221,-0.0008497757,-3.21101e-05,0.0035449097,2.68211e-05,0.0028039672,-0.330663,0.237164,1.469779,0.181657,0.817369,-0.380948,0.392157
1403715943.08387,-1.015769,-1.834224,0.603839,0.843802,-0.304431,0.412283,0.159193,0.0002919217,6.6129e-06,-0.0002236074,7.234e-07,-5.111e-06,0.0001722865,0.0042702221,-0.0008495247,-3.18374e-05,0.0035364725,2.68615e-05,0.0028047583,-0.320938,0.217092,1.437223,0.188551,0.817365,-0.374118,0.395473
1403715943.23393,-0.916709,-1.94062,0.554372,0.82171,-0.28994,0.457791,0.176508,0.000339838,1.01813e-05,-0.000204879,8.646e-07,-6.1779e-06,0.0001243795,0.0043919345,-0.0008200525,-3.40777e-05,0.0034623795,3.12783e-05,0.0028040458,-0.249317,0.12078,1.368952,0.209783,0.796645,-0.357762,0.439728
1403715943.28393,-0.872877,-1.980868,0.544657,0.805789,-0.2844,0.485965,0.183463,0.0003659453,8.1386e-06,-0.0001890396,7.375e-07,-4.2364e-06,9.84573e-05,0.0044906571,-0.0007966112,-3.4661e-05,0.0034125109,3.24154e-05,0.0028034578,-0.213936,0.080157,1.356375,0.218905,0.781416,-0.350788,0.467361
1403715943.48389,-0.684893,-2.143219,0.518467,0.735806,-0.249041,0.595193,0.205701,0.0004440479,3.2813e-06,-9.32752e-05,5.84e-07,-7.092e-07,2.02616e-05,0.0047394966,-0.0006916161,-3.63676e-05,0.0032784923,3.22716e-05,0.002798796,-0.056207,-0.083689,1.332565,0.249651,0.715004,-0.30987,0.574829
1403715943.53389,-0.644931,-2.175068,0.512753,0.724998,-0.242688,0.610115,0.207942,0.0004505076,2.6617e-06,-7.67871e-05,5.781e-07,-4.731e-07,1.37513e-05,0.0048318151,-0.0006619555,-3.63701e-05,0.0032484407,3.25767e-05,0.0027983117,-0.019987,-0.119445,1.326587,0.252912,0.704858,-0.302649,0.58959
1403715943.58389,-0.605888,-2.204748,0.508386,0.716566,-0.237396,0.62127,0.210239,0.0004547674,3.0701e-06,-6.36386e-05,5.877e-07,-4.488e-07,9.5674e-06,0.0048851231,-0.0006372089,-3.65243e-05,0.0032289159,3.27327e-05,0.0027986465,0.012743,-0.151807,1.320236,0.25625,0.69679,-0.297053,0.600484
1403715943.93389,-0.492033,-2.292692,0.499562,0.66342,-0.232315,0.674408,0.226005,0.0004644053,-6.0715e-06,5.7788e-06,6.812e-07,-9.75e-08,7.543e-07,0.0050565812,-0.0005528494,-3.79225e-05,0.0031791607,3.38191e-05,0.0028041123,0.104386,-0.241251,1.309638,0.276178,0.644449,-0.288286,0.652152
1403715943.98389,-0.504719,-2.282619,0.509956,0.664239,-0.235115,0.67273,0.225702,0.0004645319,-7.4709e-06,3.529e-06,7.266e-07,-7.88e-08,7.133e-07,0.0050379965,-0.0005623662,-3.81338e-05,0.003185719,3.39248e-05,0.0028052252,0.091054,-0.227993,1.320776,0.275711,0.645045,-0.291195,0.650466
1403715944.0839,-0.552454,-2.240744,0.534966,0.694251,-0.250534,0.641659,0.20862,0.0004607536,-1.4629e-05,-4.12013e-05,1.0783e-06,1.2906e-06,4.3825e-06,0.004968745,-0.0005993942,-3.80454e-05,0.0032099721,3.38012e-05,0.0028066752,0.044449,-0.180598,1.347535,0.255946,0.673605,-0.308832,0.620788
1403715944.2839,-0.701074,-2.126233,0.591707,0.786147,-0.271517,0.534566,0.149972,0.0003958765,-2.31531e-05,-0.0001641562,1.9884e-06,9.5991e-06,6.89088e-05,0.004761065,-0.0007015123,-3.91617e-05,0.0033012668,3.42685e-05,0.0028136989,-0.095402,-0.041155,1.407031,0.188535,0.763206,-0.336621,0.51833
1403715944.33389,-0.74066,-2.098379,0.604829,0.804616,-0.269195,0.511086,0.137543,0.0003745084,-2.22451e-05,-0.0001831233,1.9599e-06,1.08792e-05,9.04352e-05,0.0047137095,-0.0007274639,-3.93868e-05,0.0033295294,3.45065e-05,0.0028155637,-0.132896,-0.006299,1.419856,0.174212,0.781703,-0.335794,0.495822
1403715944.38389,-0.778403,-2.072288,0.614495,0.82038,-0.263614,0.491272,0.12703,0.0003553142,-2.03431e-05,-0.000196771,1.8078e-06,1.12713e-05,0.000109921,0.004672429,-0.0007515073,-3.96915e-05,0.0033583119,3.46903e-05,0.0028179284,-0.16881,0.02617,1.430543,0.162074,0.797827,-0.331413,0.476839
1403715944.43389,-0.812748,-2.048909,0.622121,0.834262,-0.25655,0.474016,0.116178,0.0003373826,-1.93355e-05,-0.0002070235,1.7558e-06,1.18743e-05,0.0001280428,0.0046358865,-0.0007726559,-4.00015e-05,0.0033862004,3.48999e-05,0.0028204985,-0.201671,0.055526,1.439436,0.149805,0.812179,-0.325436,0.460456
1403715944.68389,-0.90661,-1.988613,0.651003,0.87693,-0.205145,0.42961,0.065917,0.0002847447,-2.18322e-05,-0.0002260877,2.347e-06,1.73783e-05,0.0001807552,0.0045575187,-0.0008302619,-4.1727e-05,0.0034788805,3.65966e-05,0.0028359368,-0.295619,0.134592,1.477974,0.095856,0.858677,-0.277561,0.420056
1403715944.73389,-0.903094,-1.990408,0.659604,0.881444,-0.193161,0.427226,0.056775,0.0002808788,-2.32385e-05,-0.0002268477,2.6017e-06,1.88193e-05,0.0001844703,0.0045656583,-0.0008310571,-4.34127e-05,0.0034791988,3.52619e-05,0.0028385997,-0.294484,0.132971,1.488327,0.086472,0.864105,-0.265977,0.418453
1403715944.7839,-0.895882,-1.997784,0.662821,0.885242,-0.177824,0.426778,0.050847,0.0002798611,-2.19971e-05,-0.0002272385,2.4061e-06,1.79081e-05,0.0001857728,0.0045731514,-0.0008273303,-4.44614e-05,0.0034727129,3.83887e-05,0.0028351949,-0.2859,0.125192,1.500033,0.080465,0.869162,-0.251055,0.418397
1403715944.8339,-0.877548,-2.00693,0.674929,0.886093,-0.161126,0.432073,0.046798,0.000285043,-2.02679e-05,-0.0002263171,2.1091e-06,1.61423e-05,0.0001809069,0.0045863502,-0.0008222888,-4.884e-05,0.0034488201,4.39235e-05,0.0028341751,-0.269756,0.111668,1.513764,0.07674,0.871387,-0.234579,0.423993
1403715944.98389,-0.786322,-2.05339,0.731136,0.859364,-0.095749,0.499,0.057659,0.0003526097,1.7023e-06,-0.0002005114,6.576e-07,-9.439e-07,0.000114987,0.0046576898,-0.0007546607,-4.99065e-05,0.0033501492,3.98395e-05,0.0028244076,-0.178374,0.044181,1.568802,0.092902,0.850396,-0.167957,0.489898
1403715945.03389,-0.748063,-2.069709,0.755129,0.841067,-0.074716,0.53206,0.062741,0.0003822256,1.13035e-05,-0.000179445,9.813e-07,-5.2878e-06,8.51366e-05,0.0046732523,-0.0007288944,-4.69948e-05,0.003325965,3.69678e-05,0.00282118,-0.139168,0.017973,1.588602,0.10074,0.834002,-0.14586,0.522523
1403715945.08389,-0.711643,-2.091741,0.773021,0.820565,-0.057261,0.564716,0.067014,0.0004080624,2.0267e-05,-0.0001537127,1.6548e-06,-7.616e-06,5.8734e-05,0.0046985782,-0.0007002422,-4.7602e-05,0.0032991525,3.75129e-05,0.0028212542,-0.098165,-0.0079,1.608581,0.107772,0.81515,-0.126787,0.554845
1403715945.43389,-0.490691,-2.168201,0.889991,0.722872,-0.015164,0.685967,0.081709,0.0004623147,4.55864e-05,-2.08542e-05,5.1654e-06,-2.0234e-06,1.6898e-06,0.0048509356,-0.0005253118,-4.74005e-05,0.003179234,3.30361e-05,0.0028199393,0.128588,-0.125902,1.729055,0.132454,0.72173,-0.077402,0.674962
1403715945.4839,-0.485179,-2.166437,0.90701,0.710806,-0.016279,0.698534,0.080873,0.0004637285,4.32427e-05,-4.8925e-06,4.703e-06,-4.186e-07,8.004e-07,0.004840418,-0.0005240021,-4.79742e-05,0.0031798432,3.27157e-05,0.0028209214,0.140008,-0.127625,1.74821,0.132524,0.709707,-0.077324,0.687587
1403715945.7839,-0.595247,-2.102081,0.96833,0.785517,-0.050466,0.614582,0.052001,0.0004416934,9.2025e-06,-0.0001085103,8.815e-07,-2.2274e-06,2.74824e-05,0.004740682,-0.0006123636,-5.35226e-05,0.0032441765,3.07545e-05,0.0028313106,0.056675,-0.057344,1.833054,0.096864,0.781122,-0.116876,0.605651
1403715945.83389,-0.631341,-2.084501,0.977474,0.805044,-0.053877,0.5886,0.050516,0.0004259311,8.1542e-06,-0.0001346129,8.481e-07,-2.5393e-06,4.33916e-05,0.0047143951,-0.0006405955,-5.35463e-05,0.0032666135,3.06256e-05,0.0028321648,0.025854,-0.037466,1.844694,0.093189,0.800256,-0.12187,0.57971
1403715945.88388,-0.66902,-2.066263,0.985088,0.823116,-0.057998,0.562851,0.048115,0.0004075522,6.2864e-06,-0.0001577645,7.92e-07,-2.393e-06,6.19599e-05,0.0046866921,-0.0006679689,-5.44464e-05,0.0032909807,3.02597e-05,0.0028343415,-0.005949,-0.016788,1.856353,0.088661,0.817909,-0.127376,0.554027
1403715945.93388,-0.704651,-2.050491,0.993295,0.839923,-0.06113,0.537262,0.04629,0.0003871058,5.3753e-06,-0.0001777455,7.557e-07,-2.4257e-06,8.25557e-05,0.0046586079,-0.0006930728,-5.60644e-05,0.0033148837,3.0793e-05,0.0028346938,-0.036771,0.0041,1.867288,0.084691,0.834317,-0.131639,0.528602
1403715946.08383,-0.790191,-1.998326,1.028218,0.873815,-0.060938,0.481093,0.03583,0.000335746,1.5049e-06,-0.0002115107,6.631e-07,-8.795e-07,0.0001342872,0.0045791567,-0.0007526445,-5.57836e-05,0.0033789148,3.36892e-05,0.0028321106,-0.109636,0.064717,1.900948,0.069451,0.867847,-0.134316,0.473265
1403715946.18382,-0.818444,-1.95847,1.051123,0.8898,-0.053207,0.452475,0.026282,0.000306993,-6.042e-07,-0.0002231131,6.601e-07,5.283e-07,0.0001632197,0.0045261743,-0.0007679923,-5.27452e-05,0.0034012242,3.54885e-05,0.0028302904,-0.131754,0.100209,1.922715,0.057324,0.884274,-0.128263,0.445335
1403715946.33381,-0.805458,-1.911302,1.088675,0.900449,-0.032458,0.43356,0.012765,0.0002878365,-1.7945e-06,-0.0002286316,6.832e-07,1.5195e-06,0.000182727,0.0044511534,-0.0007425459,-5.42327e-05,0.0033972864,3.74474e-05,0.0028344893,-0.107896,0.140931,1.960995,0.042063,0.896417,-0.108567,0.427646
1403715946.38381,-0.779977,-1.904866,1.113716,0.896458,-0.02089,0.442481,0.011758,0.0002970305,1.1687e-06,-0.0002263911,6.663e-07,-8.039e-07,0.000173618,0.0044338885,-0.000719107,-5.60655e-05,0.0033768105,4.01005e-05,0.0028328242,-0.081734,0.150545,1.977561,0.041686,0.893317,-0.096607,0.43694
1403715946.4338,-0.749744,-1.890902,1.132932,0.887266,-0.008783,0.461027,0.011641,0.0003153563,5.0686e-06,-0.0002206164,7.484e-07,-3.4654e-06,0.000155343,0.0044310038,-0.0006930113,-5.68719e-05,0.0033547124,4.11681e-05,0.0028344927,-0.046904,0.158559,1.996598,0.043099,0.885237,-0.083956,0.455472
1403715946.48382,-0.692017,-1.890017,1.153884,0.874301,0.002303,0.485235,0.011809,0.0003395191,9.1792e-06,-0.0002102392,8.73e-07,-5.631e-06,0.0001310954,0.0043996884,-0.0006548496,-5.69776e-05,0.0033270585,4.18892e-05,0.0028355832,-0.005534,0.165942,2.016651,0.045068,0.873026,-0.07198,0.480229
1403715946.53381,-0.627817,-1.889715,1.182359,0.859836,0.009908,0.510393,0.009163,0.0003630075,1.06692e-05,-0.00019684,8.93e-07,-5.7497e-06,0.000107548,0.0043823395,-0.0005990131,-5.54462e-05,0.003279569,4.18094e-05,0.0028301084,0.040976,0.173381,2.036257,0.044236,0.859012,-0.063333,0.506101
1403715946.63384,-0.504768,-1.860416,1.228613,0.824504,0.019993,0.565493,0.003195,0.0004093827,1.19846e-05,-0.000157367,9.064e-07,-4.5799e-06,6.1193e-05,0.0043453715,-0.000499278,-5.29803e-05,0.0032104422,3.96382e-05,0.002827444,0.142699,0.188835,2.077394,0.042031,0.824586,-0.05046,0.561919
1403715946.68386,-0.451441,-1.843365,1.256721,-0.806961,-0.023199,-0.590148,0.001488,0.0004265408,1.12072e-05,-0.0001354732,8.364e-07,-3.5332e-06,4.36967e-05,0.0043134676,-0.0004328673,-4.85918e-05,0.003171578,3.56091e-05,0.0028187829,0.194018,0.196943,2.09789,0.039389,0.807451,-0.046206,0.586807
1403715946.78387,-0.357302,-1.810229,1.294772,-0.780539,-0.028071,-0.624427,0.007918,0.0004472615,1.0524e-05,-0.0001005053,7.956e-07,-2.3367e-06,2.32298e-05,0.0042637301,-0.0003529242,-4.85066e-05,0.0031354333,3.53696e-05,0.0028195379,0.290546,0.215353,2.135403,0.035945,0.781569,-0.039733,0.621516
1403715946.83389,-0.314016,-1.793039,1.311598,-0.772227,-0.02976,-0.63456,0.01069,0.0004523355,9.9026e-06,-8.93223e-05,7.67e-07,-1.9265e-06,1.82798e-05,0.0042395319,-0.000319317,-4.83395e-05,0.0031228243,3.51843e-05,0.0028199612,0.334552,0.225159,2.151633,0.034158,0.773449,-0.037659,0.631817
1403715946.8839,-0.274232,-1.776383,1.326574,-0.764624,-0.031166,-0.643598,0.012672,0.0004564147,9.7225e-06,-7.9006e-05,7.595e-07,-1.6534e-06,1.43151e-05,0.0042153027,-0.0002880175,-4.82132e-05,0.0031124684,3.50216e-05,0.0028204536,0.374931,0.235341,2.166646,0.033061,0.766059,-0.035878,0.640917
1403715946.9339,-0.238635,-1.760997,1.34103,-0.757303,-0.032649,-0.652099,0.013894,0.0004598124,1.01419e-05,-6.90199e-05,7.78e-07,-1.4921e-06,1.09977e-05,0.0041923164,-0.0002607966,-4.80908e-05,0.0031045741,3.48215e-05,0.0028208935,0.410426,0.246064,2.180883,0.032711,0.7589,-0.034054,0.649493
1403715946.9839,-0.208948,-1.745078,1.354754,-0.750883,-0.034052,-0.659432,0.012857,0.0004623205,1.20546e-05,-6.03132e-05,8.704e-07,-1.5424e-06,8.5059e-06,0.00417205,-0.0002374135,-4.80292e-05,0.0030987614,3.46952e-05,0.0028215351,0.440651,0.257033,2.194061,0.034393,0.752692,-0.032233,0.656684
1403715947.23393,-0.156259,-1.668456,1.41737,-0.693522,-0.02447,-0.719804,0.01762,0.0004703395,5.2916e-06,1.73892e-05,6.303e-07,2.283e-07,1.286e-06,0.0040723524,-0.0001905067,-4.82434e-05,0.0030926737,3.43381e-05,0.0028250772,0.497939,0.319992,2.254886,0.034908,0.695048,-0.0374,0.717142
1403715947.28393,-0.168534,-1.654073,1.423148,-0.688267,-0.021299,-0.72492,0.018069,0.0004698765,2.9298e-06,2.43664e-05,5.916e-07,1.837e-07,1.9102e-06,0.0040569666,-0.0002010479,-4.80424e-05,0.0030961718,3.43682e-05,0.0028254649,0.485518,0.334104,2.262002,0.034995,0.689576,-0.040218,0.722248
1403715947.38393,-0.220721,-1.627806,1.429332,-0.704905,-0.015314,-0.708919,0.017562,0.0004713742,-1.2993e-06,2.7577e-06,5.838e-07,2.22e-08,6.663e-07,0.0040253922,-0.0002311505,-4.76662e-05,0.003107414,3.44859e-05,0.0028266564,0.434957,0.363709,2.264793,0.034096,0.705712,-0.04725,0.706101
1403715947.68398,-0.530415,-1.56447,1.348264,-0.821921,0.001806,-0.568748,0.031113,0.0004125939,-2.30395e-05,-0.0001548019,1.8714e-06,8.6841e-06,5.88297e-05,0.003941428,-0.0004025596,-4.72985e-05,0.0032137702,3.44274e-05,0.002826787,0.141589,0.459793,2.191448,0.008757,0.820664,-0.071976,0.566798
1403715947.73398,-0.586811,-1.557233,1.32625,-0.837556,0.003948,-0.545278,0.034009,0.0003938512,-2.62301e-05,-0.0001735109,2.3348e-06,1.16024e-05,7.72273e-05,0.0039425063,-0.0004454101,-4.7506e-05,0.0032511281,3.44606e-05,0.0028262159,0.086328,0.473942,2.169071,0.004002,0.835979,-0.075226,0.543571
1403715948.13399,-0.890799,-1.522885,1.111762,-0.903737,-0.020689,-0.427288,0.015995,0.000283019,-3.7769e-06,-0.0002316521,6.643e-07,3.1276e-06,0.0001907408,0.0039123476,-0.0006062345,-4.66626e-05,0.0034638242,3.50817e-05,0.0028317792,-0.205846,0.539247,1.944814,0.012399,0.903843,-0.054936,0.424142
1403715948.18399,-0.893811,-1.518015,1.087365,-0.907118,-0.02343,-0.419951,0.015145,0.0002756657,-2.6876e-06,-0.000233084,6.444e-07,2.3074e-06,0.0001982506,0.0039242088,-0.0006173647,-4.64308e-05,0.0034790702,3.51789e-05,0.0028331956,-0.208467,0.542604,1.919039,0.012632,0.907424,-0.052417,0.416744
1403715948.53399,-0.66378,-1.477108,0.987387,-0.840044,-0.025195,-0.541602,0.01896,0.0003937893,-1.7435e-06,-0.0001777405,6.552e-07,8.125e-07,8.10814e-05,0.0039108756,-0.0004616862,-4.5396e-05,0.0033277092,3.73181e-05,0.0028472026,0.024896,0.545973,1.805816,0.018886,0.841255,-0.045977,0.538354
1403715948.584,-0.606092,-1.471613,0.979925,-0.824452,-0.02514,-0.565138,0.016279,0.0004129092,8.401e-07,-0.0001590422,6.436e-07,-3.023e-07,6.208e-05,0.0039098636,-0.0004317412,-5.15374e-05,0.0032982723,3.76591e-05,0.002845064,0.07764,0.544317,1.793447,0.023486,0.825786,-0.044903,0.561706
1403715948.63399,-0.553209,-1.468742,0.966689,-0.811299,-0.024117,-0.583958,0.014342,0.0004268113,2.3774e-06,-0.0001423986,6.582e-07,-7.727e-07,4.83076e-05,0.0039109363,-0.0003959453,-5.29496e-05,0.0032678789,3.73936e-05,0.0028463847,0.1304,0.542446,1.779516,0.02699,0.812688,-0.044969,0.580338
1403715948.68399,-0.501802,-1.462927,0.954931,-0.798262,-0.023371,-0.601744,0.011662,0.0004386864,4.4749e-06,-0.0001252496,6.946e-07,-1.2588e-06,3.65425e-05,0.0039160669,-0.000365152,-5.38307e-05,0.0032458441,3.77831e-05,0.0028489269,0.18209,0.540555,1.765123,0.031143,0.799741,-0.044809,0.597863
1403715948.88399,-0.325677,-1.468395,0.893355,-0.758509,-0.019237,-0.651354,0.005599,0.0004641318,8.1115e-06,-7.06555e-05,7.892e-07,-1.2189e-06,1.1502e-05,0.0038906451,-0.0002511454,-7.05547e-05,0.0031592303,2.96919e-05,0.002848981,0.357594,0.536483,1.701547,0.041502,0.760038,-0.04605,0.646915
1403715948.93399,-0.293679,-1.464607,0.88036,-0.751794,-0.019182,-0.659065,0.008425,0.0004670064,6.0663e-06,-6.14359e-05,7.305e-07,-7.817e-07,8.828e-06,0.0039248232,-0.0002345954,-7.23709e-05,0.0031514456,2.93867e-05,0.0028510885,0.390579,0.536725,1.685942,0.039327,0.753379,-0.045651,0.654821
1403715948.98399,-0.267144,-1.460303,0.867487,-0.744558,-0.021011,-0.667128,0.011482,0.0004696007,5.2915e-06,-5.14871e-05,7.16e-07,-5.634e-07,6.3916e-06,0.0039283216,-0.0002173824,-7.44397e-05,0.0031468871,2.88532e-05,0.0028535894,0.417932,0.537729,1.671671,0.03691,0.746362,-0.043299,0.663104
1403715949.18399,-0.220491,-1.443761,0.824448,-0.739956,-0.038543,-0.670764,0.032491,0.0004713096,1.8392e-06,-4.6193e-05,6.836e-07,-1.594e-07,5.2872e-06,0.0039482372,-0.0001808349,-8.38524e-05,0.0031482607,2.67765e-05,0.0028614328,0.464001,0.549205,1.621313,0.01614,0.743147,-0.025618,0.668445
1403715949.23399,-0.229522,-1.440891,0.816051,-0.753625,-0.0465,-0.654614,0.036979,0.0004666628,2.5621e-06,-6.58637e-05,6.944e-07,-3.415e-07,1.00651e-05,0.0039512891,-0.0001826076,-8.48137e-05,0.0031515467,2.6468e-05,0.0028640297,0.45909,0.553277,1.608128,0.010234,0.757363,-0.018652,0.652651
1403715949.33401,-0.25996,-1.444359,0.765618,-0.786229,-0.06361,-0.612803,0.047643,0.000447639,1.652e-06,-0.0001127328,6.734e-07,-4.116e-07,2.91778e-05,0.0039020978,-0.0002170543,-7.93613e-05,0.0031479276,2.5886e-05,0.0028532369,0.435458,0.56096,1.582954,0.004011,-0.791178,0.003713,-0.611569
1403715949.43402,-0.291219,-1.435911,0.72351,-0.8219,-0.080519,-0.56131,0.054106,0.0004130169,6.725e-07,-0.0001610664,6.64e-07,-2.543e-07,6.36528e-05,0.0038801524,-0.0002353565,-7.80053e-05,0.0031421623,3.10651e-05,0.0028432052,0.401577,0.567632,1.559861,0.015014,-0.82788,-0.010668,-0.56061
1403715949.48402,-0.314614,-1.438292,0.711425,-0.835544,-0.088871,-0.539255,0.056323,0.0003950267,9.621e-07,-0.000178477,6.574e-07,-4.354e-07,8.15064e-05,0.0038364009,-0.000254947,-6.51364e-05,0.0031384322,3.5744e-05,0.0028372111,0.384565,0.570559,1.550543,0.01904,-0.842179,-0.018163,-0.53856
1403715949.53402,-0.328162,-1.436713,0.701069,-0.846574,-0.097046,-0.519971,0.059361,0.0003786958,3.252e-07,-0.000191563,6.579e-07,-1.637e-07,9.7813e-05,0.0038362309,-0.0002672347,-6.50584e-05,0.0031452314,3.58448e-05,0.0028374633,0.36968,0.573641,1.542218,0.023727,-0.85374,-0.025637,-0.51953
1403715949.78402,-0.337734,-1.414209,0.664209,-0.873186,-0.147273,-0.458128,0.077298,0.0003228947,1.31e-07,-0.0002223514,6.767e-07,-7.94e-08,0.0001542124,0.0038157978,-0.0002661892,-6.76906e-05,0.00314949,3.55247e-05,0.002841043,0.358972,0.596437,1.512268,0.04692,-0.883997,-0.074021,-0.459207
1403715949.83402,-0.324073,-1.405212,0.660067,-0.873391,-0.159483,-0.45328,0.079312,0.0003184718,2.4985e-06,-0.000224045,6.984e-07,-1.7474e-06,0.0001587299,0.0038049097,-0.0002554332,-6.80138e-05,0.0031444319,3.54616e-05,0.0028415999,0.374796,0.603897,1.509162,0.049385,-0.88518,-0.086217,-0.454518
1403715949.88402,-0.301391,-1.393053,0.656835,-0.872181,-0.172706,-0.450557,0.080446,0.0003160059,6.085e-06,-0.0002249248,7.995e-07,-4.3236e-06,0.0001612211,0.0037933972,-0.0002419528,-6.85582e-05,0.0031383831,3.52636e-05,0.0028422592,0.397464,0.612961,1.50725,0.050807,-0.885024,-0.099539,-0.451936
1403715950.13404,-0.105331,-1.282719,0.668914,-0.830619,-0.241239,-0.494462,0.085923,0.0003557172,3.96406e-05,-0.0002038203,5.1177e-06,-2.27327e-05,0.0001177811,0.0036824883,-0.0001242323,-7.14999e-05,0.003097288,3.43062e-05,0.002844712,0.609299,0.696946,1.520775,0.052951,-0.849411,-0.170684,-0.496559
1403715950.28405,0.050144,-1.172535,0.691932,-0.779548,-0.243583,-0.564032,0.121816,0.0004209717,3.82086e-05,-0.0001492357,4.1589e-06,-1.3534e-05,5.37454e-05,0.0035794056,-5.41297e-05,-7.12857e-05,0.0030918476,3.43686e-05,0.0028443447,0.78034,0.785514,1.540927,0.083062,-0.798956,-0.176399,-0.568911
1403715950.33405,0.100086,-1.134386,0.696891,-0.764015,-0.239287,-0.58375,0.135127,0.0004372718,3.35036e-05,-0.0001283364,3.2574e-06,-9.8132e-06,3.84774e-05,0.003548703,-3.55146e-05,-7.23532e-05,0.003094812,3.41658e-05,0.0028445846,0.835569,0.818319,1.546932,0.094637,-0.783168,-0.173146,-0.589677
1403715950.38405,0.147763,-1.094956,0.702229,-0.749715,-0.233921,-0.601282,0.147199,0.0004500143,2.82275e-05,-0.0001078701,2.4561e-06,-6.7388e-06,2.66462e-05,0.0035167278,-1.84014e-05,-7.20558e-05,0.0030998617,3.42196e-05,0.0028442956,0.88819,0.851221,1.551907,0.105246,-0.768548,-0.168751,-0.608098
1403715950.68407,0.330387,-0.901844,0.733034,-0.690023,-0.212205,-0.669325,0.175618,0.0004767489,2.01383e-05,-1.99532e-05,1.537e-06,-8.045e-07,1.5954e-06,0.0033897972,3.05356e-05,-7.67903e-05,0.0031441664,3.24821e-05,0.0028482221,1.099567,1.019672,1.581598,0.1278,-0.70789,-0.150758,-0.678109
1403715950.73407,0.333923,-0.882208,0.743425,-0.683304,-0.209459,-0.676403,0.178048,0.0004775577,1.93059e-05,-1.01437e-05,1.4646e-06,-3.704e-07,9.753e-07,0.0033790312,2.807e-05,-7.66593e-05,0.0031445966,3.23894e-05,0.0028481164,1.110739,1.039758,1.588515,0.129509,-0.701081,-0.148384,-0.685343
1403715950.78407,0.334371,-0.865241,0.752542,-0.677217,-0.207835,-0.6824,0.180312,0.0004779005,1.89966e-05,-1.4855e-06,1.4337e-06,-1.83e-08,7.642e-07,0.0033716095,2.52328e-05,-7.73654e-05,0.0031437769,3.21897e-05,0.0028485624,1.113738,1.057205,1.596042,0.131104,-0.69491,-0.146973,-0.6916
1403715951.03407,0.20981,-0.839803,0.796,-0.703205,-0.211791,-0.65274,0.185951,0.0004762348,7.3434e-06,-3.75513e-05,8.002e-07,-5.395e-07,3.736e-06,0.0033711126,-5.9095e-06,-8.18161e-05,0.0031207285,2.95215e-05,0.0028532056,0.997926,1.097075,1.635076,0.139238,-0.721143,-0.148938,-0.662111
1403715951.08407,0.160586,-0.850059,0.804403,-0.723012,-0.216454,-0.630059,0.182833,0.0004701093,4.2711e-06,-6.59752e-05,7.183e-07,-5.602e-07,1.00232e-05,0.0033750594,-1.92073e-05,-8.12702e-05,0.0031118898,3.03917e-05,0.0028526466,0.951941,1.095632,1.640917,0.137972,-0.741133,-0.152311,-0.639136
1403715951.13407,0.108275,-0.860831,0.812286,-0.741762,-0.222879,-0.60665,0.179138,0.0004603638,2.3484e-06,-9.37325e-05,6.822e-07,-4.4e-07,1.9863e-05,0.003381038,-3.29285e-05,-8.07661e-05,0.0031069388,3.03428e-05,0.0028525938,0.901054,1.092088,1.646818,0.136193,-0.760251,-0.157355,-0.615399
1403715951.18407,0.052058,-0.874096,0.819392,-0.760487,-0.231676,-0.581501,0.172749,0.0004461201,3.2505e-06,-0.0001219679,6.856e-07,-8.518e-07,3.41458e-05,0.0033863695,-4.77889e-05,-8.01935e-05,0.0031047859,3.01333e-05,0.0028525009,0.846887,1.086849,1.652537,0.131971,-0.779526,-0.164924,-0.589689
1403715951.28407,-0.058333,-0.901173,0.83057,-0.794404,-0.250307,-0.529122,0.162172,0.0004078797,3.4131e-06,-0.0001711094,6.909e-07,-1.3939e-06,7.26419e-05,0.0034036946,-8.25079e-05,-7.87513e-05,0.003107111,3.13752e-05,0.0028517574,0.735034,1.075077,1.663964,0.125873,-0.814544,-0.181377,-0.536455
1403715951.33407,-0.109038,-0.914618,0.835237,-0.807292,-0.258162,-0.506071,0.159761,0.0003885332,1.5985e-06,-0.0001882055,6.637e-07,-7.359e-07,9.20521e-05,0.003408972,-0.0001011696,-7.72624e-05,0.0031106636,3.25057e-05,0.0028507747,0.680246,1.069727,1.669615,0.125521,-0.827794,-0.188599,-0.513261
1403715951.38407,-0.167803,-0.933152,0.8415,-0.817281,-0.266669,-0.485823,0.157849,0.0003704183,8.375e-07,-0.0002011955,6.507e-07,-4.167e-07,0.0001101755,0.0034139805,-0.0001190738,-7.78772e-05,0.0031133606,3.36663e-05,0.0028502381,0.628151,1.065689,1.67599,0.125151,-0.838242,-0.196718,-0.492945
1403715951.58407,-0.334919,-0.949261,0.874582,-0.84117,-0.301736,-0.420548,0.15661,0.0003093666,-3.5539e-06,-0.0002297516,7.043e-07,2.6907e-06,0.0001716955,0.003439011,-0.000175383,-8.11386e-05,0.0031590137,3.30224e-05,0.0028530158,0.466732,1.0738,1.704881,0.129374,-0.864554,-0.230178,-0.427584
1403715951.63407,-0.362029,-0.943935,0.883952,-0.843672,-0.309855,-0.40874,0.158554,0.0002987378,-5.2554e-06,-0.0002327088,7.584e-07,4.1503e-06,0.0001823761,0.0034394879,-0.0001836847,-8.23165e-05,0.0031688202,3.28574e-05,0.0028537323,0.44149,1.083929,1.713554,0.132304,-0.86763,-0.238101,-0.41596
1403715951.73406,-0.394336,-0.916907,0.90535,-0.844577,-0.326577,-0.391866,0.162718,0.0002842072,-6.8427e-06,-0.0002359622,8.353e-07,5.7434e-06,0.000197064,0.0034287087,-0.0001880263,-8.46845e-05,0.0031823398,3.24173e-05,0.002855583,0.414175,1.1171,1.733051,0.137958,-0.869781,-0.254783,-0.399417
1403715951.78406,-0.400843,-0.895982,0.916788,-0.843231,-0.334872,-0.386619,0.165371,0.0002802612,-7.1881e-06,-0.0002366935,8.532e-07,6.1326e-06,0.000201066,0.0034183925,-0.0001851117,-8.54416e-05,0.0031840788,3.24383e-05,0.0028558895,0.412048,1.140326,1.743669,0.141065,-0.869098,-0.263107,-0.394391
1403715951.83405,-0.386987,-0.866986,0.923146,-0.840374,-0.341475,-0.384709,0.17078,0.0002809552,-8.8156e-06,-0.0002365637,9.148e-07,7.4795e-06,0.0002003439,0.0033936212,-0.0001806499,-8.29738e-05,0.0031830712,3.28693e-05,0.0028551715,0.418791,1.169045,1.755326,0.146777,-0.866665,-0.269777,-0.393152
1403715951.88402,-0.363732,-0.833326,0.926622,-0.83293,-0.347298,-0.391805,0.179167,0.0002911862,-9.7344e-06,-0.0002345573,9.246e-07,7.8938e-06,0.0001900527,0.0033587248,-0.000168675,-7.70238e-05,0.0031736621,3.30826e-05,0.0028513128,0.434378,1.203172,1.769162,0.154674,-0.859683,-0.275922,-0.401112
1403715951.934,-0.347656,-0.794243,0.942891,-0.819552,-0.350226,-0.409954,0.193943,0.000314321,-1.18073e-05,-0.0002282849,1.0381e-06,8.6276e-06,0.0001668264,0.003335784,-0.0001533623,-7.64227e-05,0.003162416,3.30384e-05,0.0028511922,0.457801,1.242399,1.786273,0.167757,-0.846799,-0.279265,-0.420485
1403715951.98399,-0.321206,-0.749741,0.959548,-0.802497,-0.352582,-0.433064,0.210095,0.0003424682,-1.2745e-05,-0.000217142,1.0581e-06,8.1303e-06,0.0001386143,0.0033120681,-0.0001406839,-7.58493e-05,0.0031544657,3.28947e-05,0.0028507507,0.487251,1.285467,1.804787,0.181936,-0.830096,-0.282616,-0.444948
1403715952.03398,-0.294886,-0.702712,0.977791,-0.783071,-0.35452,-0.457401,0.227815,0.0003711437,-1.35608e-05,-0.0002012147,1.0752e-06,7.3993e-06,0.000109949,0.003289551,-0.0001263867,-7.57854e-05,0.0031445576,3.2812e-05,0.0028507235,0.521295,1.331428,1.823289,0.197419,-0.811116,-0.285411,-0.470817
1403715952.08398,-0.265108,-0.653209,0.996018,-0.761659,-0.354095,-0.482865,0.247656,0.0003995602,-1.52894e-05,-0.0001795663,1.1626e-06,6.9182e-06,8.14979e-05,0.0032690922,-0.00011377,-7.5668e-05,0.0031362545,3.27529e-05,0.0028507547,0.557945,1.378557,1.841894,0.214957,-0.789906,-0.286196,-0.49794
1403715952.13398,-0.234054,-0.602966,1.014207,-0.739749,-0.354041,-0.5067,0.265861,0.0004235574,-1.54256e-05,-0.0001551803,1.1405e-06,5.6976e-06,5.7608e-05,0.0032514009,-0.0001017916,-7.57764e-05,0.0031284323,3.26814e-05,0.002851004,0.59569,1.425747,1.860325,0.231261,-0.768082,-0.287749,-0.523238
1403715952.48399,-0.055852,-0.338905,1.11505,-0.649054,-0.360963,-0.575975,0.341594,0.0004766054,-1.30098e-05,-4.90241e-05,9.561e-07,1.3835e-06,5.7247e-06,0.0032039702,-6.05487e-05,-7.89169e-05,0.0031035803,3.06455e-05,0.0028572525,0.821805,1.675983,1.965744,0.30104,-0.678758,-0.300485,-0.598642
1403715952.53399,-0.037276,-0.321223,1.127043,-0.640913,-0.364215,-0.580006,0.346658,0.0004783405,-1.02675e-05,-4.13177e-05,8.226e-07,9.324e-07,4.2503e-06,0.0032027509,-5.90297e-05,-7.91732e-05,0.0031034431,3.01736e-05,0.0028583425,0.843201,1.693052,1.979307,0.305826,-0.670914,-0.304291,-0.603119
1403715952.63399,-0.009223,-0.304993,1.152297,-0.624072,-0.367661,-0.587343,0.361092,0.0004811016,-8.795e-06,-2.33701e-05,7.651e-07,4.747e-07,1.8151e-06,0.003202604,-5.71147e-05,-7.96983e-05,0.0031046333,2.90278e-05,0.0028607831,0.874682,1.709652,2.007891,0.319623,-0.654373,-0.308819,-0.611775
1403715952.98399,-0.035254,-0.497809,1.238128,-0.619745,-0.389551,-0.573959,0.367065,0.0004808609,-3.5301e-06,-3.44283e-05,6.499e-07,3.005e-07,3.161e-06,0.0032407826,-5.99928e-05,-8.30193e-05,0.0031221328,2.34602e-05,0.002874274,0.838043,1.528291,2.101924,0.326703,-0.651975,-0.331046,-0.598843
1403715953.03399,-0.048096,-0.555628,1.240754,-0.640082,-0.405147,-0.5485,0.353975,0.000472968,-3.9284e-06,-7.03467e-05,6.293e-07,6.331e-07,1.11663e-05,0.0032497398,-6.40584e-05,-8.00291e-05,0.0031256345,2.40152e-05,0.0028730794,0.814888,1.474011,2.107207,0.31602,-0.673275,-0.34525,-0.572404
1403715953.08399,-0.065133,-0.618371,1.241128,-0.660568,-0.420549,-0.520845,0.339867,0.0004588392,-4.921e-06,-0.0001064155,6.335e-07,1.1938e-06,2.54012e-05,0.003265081,-6.83849e-05,-7.77431e-05,0.0031293403,2.41098e-05,0.0028725708,0.789142,1.415501,2.10908,0.304412,-0.694756,-0.359298,-0.54366
1403715953.18398,-0.101648,-0.745814,1.230797,-0.697561,-0.448097,-0.465986,0.30899,0.0004160232,-5.9374e-06,-0.0001677563,6.57e-07,2.4484e-06,6.84417e-05,0.0033175709,-8.3331e-05,-7.74095e-05,0.003140474,2.22477e-05,0.0028744869,0.734524,1.29196,2.101863,0.278477,-0.733587,-0.384263,-0.486469
1403715953.38396,-0.165326,-0.990502,1.193212,-0.736319,-0.480179,-0.394323,0.267903,0.0003404782,-6.21e-06,-0.0002210649,6.911e-07,4.0987e-06,0.0001445084,0.0034637643,-0.0001172207,-7.64235e-05,0.0031674722,1.79077e-05,0.002876716,0.639355,1.060226,2.06247,0.24352,-0.774486,-0.413948,-0.411727
1403715953.43396,-0.176314,-1.040609,1.178128,-0.741758,-0.486874,-0.379398,0.262309,0.0003246812,-7.6184e-06,-0.0002273968,7.527e-07,5.4024e-06,0.0001602813,0.0034991378,-0.000127172,-7.46416e-05,0.003173121,1.71645e-05,0.0028754009,0.621352,1.011709,2.047035,0.239234,-0.780323,-0.42043,-0.396363
1403715953.53396,-0.190397,-1.1222,1.145686,-0.74579,-0.503438,-0.35389,0.255163,0.0002988926,-9.0373e-06,-0.0002352338,8.526e-07,7.1903e-06,0.000186245,0.003566356,-0.0001389463,-7.42505e-05,0.0031884165,1.51039e-05,0.0028792004,0.597216,0.934035,2.016851,0.23417,-0.785572,-0.436838,-0.370426
1403715953.98397,-0.067933,-1.036305,1.107554,-0.674343,-0.588658,-0.365681,0.254991,0.000306343,3.36593e-05,-0.0002318352,4.299e-06,-2.54499e-05,0.0001764983,0.0035130922,-7.03943e-05,-7.77151e-05,0.0032381262,9.7776e-06,0.0028940276,0.720004,1.014626,1.970127,0.232943,-0.72151,-0.52751,-0.383281
1403715954.03396,-0.04831,-0.975598,1.107541,-0.651032,-0.594437,-0.39471,0.258856,0.0003282548,5.27853e-05,-0.0002209783,9.0276e-06,-3.55702e-05,0.0001496096,0.0034550938,-7.45179e-05,-7.8013e-05,0.0031475439,1.02864e-05,0.0028895192,0.749117,1.067669,1.970357,0.234618,-0.698776,-0.535356,-0.412396
1403715954.08396,-0.032352,-0.916361,1.108731,-0.631381,-0.593501,-0.420229,0.2693,0.0003515044,6.56562e-05,-0.0002069336,1.27993e-05,-3.86865e-05,0.0001225921,0.0034077612,-6.50614e-05,-8.04013e-05,0.003137225,1.23809e-05,0.0028877281,0.776372,1.126329,1.967638,0.242905,-0.679272,-0.535912,-0.438625
1403715954.13396,-0.013285,-0.849819,1.105116,-0.612455,-0.589227,-0.444939,0.282382,0.0003747629,7.61805e-05,-0.0001892051,1.60256e-05,-3.84919e-05,9.62417e-05,0.0033702633,-5.92047e-05,-8.07668e-05,0.0031390036,1.09184e-05,0.0028887142,0.800924,1.189265,1.963047,0.25394,-0.660174,-0.532942,-0.464401
1403715954.18396,0.000889,-0.78462,1.108462,-0.595702,-0.581014,-0.467365,0.298549,0.00039729,8.2412e-05,-0.0001686052,1.76361e-05,-3.49978e-05,7.22253e-05,0.0033328791,-5.26574e-05,-8.12148e-05,0.0031363932,1.29925e-05,0.0028851268,0.822123,1.255244,1.957474,0.268134,-0.64291,-0.525839,-0.488133
1403715954.43396,0.006704,-0.462042,1.085084,-0.558077,-0.510063,-0.520292,0.397092,0.0004728365,4.21144e-05,-6.84135e-05,4.2738e-06,-6.0787e-06,1.04796e-05,0.0032132833,-4.64777e-05,-8.08344e-05,0.003133297,1.58542e-05,0.0028773909,0.862648,1.581633,1.923463,0.361652,-0.599673,-0.457335,-0.548134
1403715954.48395,-0.005978,-0.406272,1.081201,-0.552162,-0.495478,-0.526067,0.415779,0.0004798323,2.99424e-05,-4.83437e-05,2.3872e-06,-2.9975e-06,5.4433e-06,0.0032041184,-4.484e-05,-8.16077e-05,0.0031325773,1.69255e-05,0.0028758071,0.858403,1.636768,1.917074,0.379499,-0.592845,-0.442783,-0.555394
1403715954.58396,-0.032694,-0.320558,1.074246,-0.535766,-0.472211,-0.542144,0.442777,0.0004859733,1.83151e-05,-9.4741e-06,1.2092e-06,-3.359e-07,7.557e-07,0.0031955155,-4.26302e-05,-8.26107e-05,0.0031377821,1.54484e-05,0.0028770746,0.840188,1.726136,1.907294,0.404748,-0.574737,-0.420545,-0.573586
1403715954.78396,-0.116274,-0.257196,1.059292,-0.523195,-0.45766,-0.55137,0.461309,0.0004865608,1.07345e-05,1.63405e-05,7.588e-07,3.812e-07,1.127e-06,0.0031949022,-3.73234e-05,-8.42667e-05,0.0031567316,1.12877e-05,0.0028804426,0.764079,1.797764,1.888453,0.421899,-0.561479,-0.406911,-0.584095
1403715954.88399,-0.181954,-0.285259,1.044936,-0.539325,-0.470467,-0.536616,0.447026,0.0004869049,1.12521e-05,-1.22196e-05,7.653e-07,-2.628e-07,8.83e-07,0.0031915966,-4.04454e-05,-8.38191e-05,0.0031703398,1.08902e-05,0.0028798485,0.707649,1.776282,1.877406,0.409187,-0.578442,-0.419463,-0.567473
1403715955.08399,-0.31106,-0.445084,1.035901,-0.594429,-0.513153,-0.4787,0.392651,0.0004609558,1.18342e-05,-0.0001107085,7.964e-07,-2.8363e-06,2.71983e-05,0.0032029541,-7.27157e-05,-8.1015e-05,0.0032050024,1.46459e-05,0.0028789926,0.566092,1.646294,1.859364,0.359655,-0.636679,-0.458577,-0.504976
1403715955.234,-0.411861,-0.589407,1.020434,-0.641355,-0.535217,-0.41924,0.355592,0.0004119928,-3.1339e-06,-0.000177105,5.186e-07,1.3567e-06,7.68113e-05,0.0032425515,-0.0001191103,-7.99191e-05,0.0032501072,1.56237e-05,0.0028786665,0.447015,1.515295,1.847725,0.327469,-0.68487,-0.477442,-0.442461
1403715955.484,-0.558412,-0.792127,1.016172,-0.688028,-0.557323,-0.349681,0.306155,0.0003310806,-1.25037e-05,-0.0002280926,9.811e-07,8.6363e-06,0.0001579981,0.0033299197,-0.0002019152,-7.93785e-05,0.0033416193,1.28073e-05,0.0028826347,0.273836,1.33737,1.841217,0.283562,-0.732817,-0.496474,-0.368902
1403715955.634,-0.621694,-0.844423,1.022162,-0.705242,-0.566061,-0.307492,0.29607,0.0002898149,-2.60178e-05,-0.000238842,2.857e-06,2.14919e-05,0.0001978148,0.0033627883,-0.0002351551,-7.92977e-05,0.0033889819,1.1619e-05,0.0028850408,0.202139,1.297014,1.846626,0.276811,-0.750341,-0.504155,-0.325874
1403715955.684,-0.635961,-0.845554,1.027154,-0.704982,-0.571868,-0.298774,0.294451,0.0002817889,-2.71312e-05,-0.0002401663,3.1376e-06,2.31793e-05,0.0002057011,0.0033649457,-0.0002388245,-7.9439e-05,0.0034001403,1.08105e-05,0.0028860232,0.187211,1.300096,1.851297,0.275887,-0.750475,-0.510029,-0.317087
1403715955.73399,-0.644691,-0.834609,1.02955,-0.698011,-0.579385,-0.299228,0.295899,0.0002838691,-2.46192e-05,-0.0002401874,2.6606e-06,2.08814e-05,0.0002042298,0.0033597196,-0.0002377656,-7.86561e-05,0.0034091134,1.03528e-05,0.0028845993,0.177511,1.313153,1.858779,0.277377,-0.744067,-0.518101,-0.317806
1403715955.78399,-0.652408,-0.816694,1.040529,-0.68465,-0.584823,-0.309763,0.305423,0.0002995366,-2.12566e-05,-0.0002375237,2.033e-06,1.68962e-05,0.000189299,0.0033485993,-0.000231336,-7.90467e-05,0.0034117135,9.4843e-06,0.0028854866,0.172253,1.335885,1.870064,0.285975,-0.731281,-0.524485,-0.329189
1403715956.03397,-0.673559,-0.63156,1.109726,-0.575305,-0.582813,-0.40033,0.411205,0.0004334873,-2.8531e-06,-0.0001569086,5.448e-07,1.0445e-06,5.74538e-05,0.003262494,-0.0001668924,-8.22541e-05,0.003413341,6.4127e-06,0.0028893815,0.180339,1.529778,1.947759,0.383708,-0.6229,-0.530149,-0.428621
1403715956.08397,-0.676142,-0.594081,1.122591,-0.549799,-0.58442,-0.415272,0.42863,0.0004499998,6.8091e-06,-0.0001347198,6.297e-07,-2.0293e-06,4.09672e-05,0.0032477583,-0.0001546102,-8.21504e-05,0.0034171173,5.8842e-06,0.002889507,0.183274,1.572861,1.964006,0.39975,-0.597786,-0.533654,-0.445054
1403715956.38397,-0.708851,-0.428286,1.18869,-0.438346,-0.611992,-0.425675,0.502116,0.0004794431,3.94458e-05,-6.44292e-05,3.7931e-06,-5.286e-06,9.2583e-06,0.003208454,-0.0001001824,-8.24327e-05,0.0034567035,-5.354e-07,0.0028974956,0.175202,1.76269,2.045101,0.47194,-0.489332,-0.569442,-0.462132
1403715956.43397,-0.717289,-0.419987,1.201099,-0.420246,-0.611259,-0.423437,0.520055,0.0004833648,3.94644e-05,-4.8731e-05,3.7733e-06,-3.961e-06,5.5089e-06,0.0032091394,-9.90214e-05,-8.25159e-05,0.0034657741,-2.0452e-06,0.0028996112,0.168435,1.775371,2.059914,0.489956,-0.471183,-0.570029,-0.461522
1403715956.48398,-0.729487,-0.414569,1.210927,-0.401527,-0.608909,-0.421503,0.538832,0.0004864459,3.95264e-05,-3.10909e-05,3.7662e-06,-2.5062e-06,2.5765e-06,0.0032092843,-9.76266e-05,-8.3566e-05,0.0034742609,-2.3016e-06,0.0029010262,0.160705,1.780735,2.075273,0.508746,-0.452404,-0.56901,-0.46124
1403715956.68397,-0.751153,-0.495279,1.262105,-0.35829,-0.611643,-0.400975,0.580294,0.0004894258,3.68535e-05,-2.3917e-06,3.3397e-06,-1.541e-07,5.98e-07,0.0032279008,-0.0001291022,-8.20185e-05,0.0035104797,-6.9204e-06,0.0029085972,0.133175,1.718543,2.133254,0.551343,-0.409487,-0.575157,-0.444451
1403715956.73397,-0.750411,-0.536704,1.272118,-0.360439,-0.619501,-0.389053,0.578741,0.0004898947,3.20395e-05,-1.34194e-05,2.6614e-06,-8.524e-07,9.547e-07,0.0032413083,-0.0001463234,-8.18114e-05,0.0035172297,-8.6537e-06,0.0029110831,0.128807,1.680291,2.1451,0.55073,-0.412206,-0.58294,-0.432396
1403715956.88397,-0.734572,-0.703623,1.297579,-0.381982,-0.651768,-0.349434,0.554242,0.0004824278,1.58462e-05,-6.89188e-05,1.09e-06,-2.2403e-06,1.04482e-05,0.0033098095,-0.0002073498,-8.09856e-05,0.0035250932,-1.40948e-05,0.0029202851,0.124171,1.520827,2.177445,0.52951,-0.436013,-0.613796,-0.390859
1403715956.93397,-0.723869,-0.769977,1.306874,-0.3916,-0.664269,-0.336703,0.540395,0.0004750064,1.18907e-05,-9.1497e-05,8.675e-07,-2.2667e-06,1.82378e-05,0.0033440113,-0.0002304154,-8.10863e-05,0.0035248609,-1.54239e-05,0.0029227894,0.125013,1.456586,2.186701,0.51675,-0.446473,-0.625709,-0.376995
1403715956.98397,-0.709636,-0.838427,1.317985,-0.402534,-0.677838,-0.323339,0.523407,0.0004638296,8.3695e-06,-0.0001160919,7.19e-07,-2.0694e-06,2.96853e-05,0.0033835207,-0.0002548328,-8.20781e-05,0.0035199497,-1.60543e-05,0.0029225532,0.126716,1.388745,2.194025,0.500972,-0.45821,-0.638658,-0.362207
1403715957.08397,-0.681945,-0.984413,1.331554,-0.422527,-0.702291,-0.300545,0.487782,0.0004350922,4.852e-06,-0.0001589697,6.137e-07,-1.74e-06,5.87397e-05,0.0034700212,-0.0003027723,-8.25118e-05,0.0035009882,-1.13722e-05,0.0029178114,0.131551,1.2468,2.200576,0.467407,-0.479745,-0.66193,-0.336493
1403715957.13395,-0.678898,-1.048753,1.339218,-0.43202,-0.712274,-0.289485,0.471406,0.0004192962,2.3284e-06,-0.0001761863,5.687e-07,-9.424e-07,7.47034e-05,0.0035202286,-0.0003221599,-8.00867e-05,0.0034944348,-1.61513e-05,0.0029149413,0.133604,1.175544,2.199589,0.452143,-0.489988,-0.671172,-0.324052
1403715957.18394,-0.665958,-1.0997,1.346369,-0.440851,-0.722107,-0.276927,0.455547,0.0004016764,-4.963e-07,-0.0001912963,5.182e-07,2.875e-07,9.17749e-05,0.003558,-0.0003496543,-7.67128e-05,0.0034540342,-2.8044e-06,0.0028960582,0.134893,1.105191,2.195088,0.437345,-0.500029,-0.679627,-0.311145
1403715957.43395,-0.631547,-1.404646,1.288311,-0.484056,-0.759776,-0.217963,0.375395,0.0003015617,-1.22318e-05,-0.0002399751,1.0079e-06,9.8121e-06,0.0001918665,0.0038335768,-0.0004304707,-7.48142e-05,0.0034438227,-4.5318e-06,0.0028968115,0.125665,0.806339,2.127262,0.362198,-0.545814,-0.714528,-0.245666
1403715957.48393,-0.633534,-1.440569,1.274749,-0.488542,-0.76618,-0.208574,0.361653,0.0002832521,-1.25746e-05,-0.0002430937,1.054e-06,1.08736e-05,0.0002095803,0.003890636,-0.0004452014,-7.44879e-05,0.0034300379,-1.4824e-06,0.0028949247,0.119181,0.7653,2.10828,0.348689,-0.552053,-0.719829,-0.235587
1403715957.58393,-0.645746,-1.496846,1.238888,-0.495164,-0.775443,-0.196332,0.339051,0.0002560557,-1.10825e-05,-0.0002457442,9.739e-07,1.07221e-05,0.0002369057,0.003950706,-0.0004712159,-7.4167e-05,0.0034451961,-2.4223e-06,0.0028955776,0.0993,0.710947,2.06832,0.326991,-0.559676,-0.72854,-0.22152
1403715958.03393,-0.916892,-1.256605,1.135002,-0.422412,-0.719488,-0.27969,0.475057,0.0004182574,4.871e-07,-0.0001776834,5.043e-07,-1.583e-07,7.61484e-05,0.003686539,-0.0005380841,-7.4352e-05,0.003714145,-1.2118e-05,0.0029028285,-0.135384,0.968802,1.941832,0.454903,-0.483223,-0.677848,-0.316374
1403715958.08393,-0.961201,-1.204744,1.129386,-0.403914,-0.707474,-0.292355,0.500862,0.0004413359,4.1836e-06,-0.0001522938,5.47e-07,-1.397e-06,5.31845e-05,0.0036384558,-0.0005370631,-7.43584e-05,0.003764447,-1.37843e-05,0.0029042773,-0.171866,1.023176,1.933337,0.479419,-0.463921,-0.667274,-0.331196
1403715958.48391,-1.246134,-0.940735,1.052607,-0.289164,-0.643746,-0.310348,0.636914,0.0004944884,1.55249e-05,2.0234e-06,9.913e-07,1.026e-07,5.67e-07,0.003420098,-0.0005077078,-7.24901e-05,0.004095069,-1.2489e-05,0.0029147497,-0.421251,1.312266,1.838978,0.612696,-0.34469,-0.612994,-0.360602
1403715958.53391,-1.265453,-0.934064,1.04272,-0.279339,-0.639736,-0.304958,0.647849,0.000494404,1.39054e-05,1.28325e-05,8.984e-07,4.011e-07,8.924e-07,0.0034321701,-0.0005224639,-7.17423e-05,0.0041169876,-1.36907e-05,0.0029173514,-0.439307,1.317134,1.82623,0.624008,-0.334612,-0.609764,-0.356144
1403715958.58391,-1.27932,-0.935395,1.031581,-0.272641,-0.641196,-0.29611,0.65334,0.0004945702,1.15542e-05,1.46169e-05,7.807e-07,3.825e-07,9.916e-07,0.0034364519,-0.0005309245,-7.09854e-05,0.004143664,-1.49562e-05,0.0029201269,-0.453013,1.313102,1.812188,0.630142,-0.328077,-0.611825,-0.34779
1403715958.68391,-1.287728,-0.962247,1.008181,-0.266247,-0.652473,-0.269409,0.656361,0.0004955304,9.873e-07,3.5422e-06,5.196e-07,4.91e-08,5.832e-07,0.0034622596,-0.0005565542,-6.93566e-05,0.0041747138,-1.74328e-05,0.0029261063,-0.464964,1.278651,1.783288,0.635321,-0.322635,-0.623684,-0.321393
1403715958.78391,-1.270126,-1.016084,0.982938,-0.26649,-0.677281,-0.232922,0.644997,0.0004936931,-1.39669e-05,-2.92597e-05,9.203e-07,8.716e-07,2.2896e-06,0.0035087062,-0.0005890174,-6.79752e-05,0.0041738214,-1.87589e-05,0.0029319601,-0.455776,1.214282,1.753288,0.627017,-0.324876,-0.648563,-0.284038
1403715958.83391,-1.241947,-1.058809,0.974144,-0.269647,-0.692636,-0.208714,0.635598,0.000489032,-2.62061e-05,-5.15558e-05,1.9324e-06,2.8068e-06,5.9839e-06,0.0035338286,-0.0006013471,-6.96825e-05,0.0041538952,-1.44359e-05,0.0029318062,-0.443627,1.172877,1.737745,0.619539,-0.329286,-0.663649,-0.259458
1403715958.98391,-1.162344,-1.181236,0.936006,-0.278059,-0.739503,-0.139119,0.597046,0.0004577839,-6.01376e-05,-0.0001182585,8.4399e-06,1.55974e-05,3.1126e-05,0.0036559693,-0.0006438842,-6.80544e-05,0.0040629589,-1.15904e-05,0.0029407591,-0.379056,1.030597,1.691309,0.58704,-0.341141,-0.710054,-0.18665
1403715959.03391,-1.140369,-1.229337,0.920775,-0.276273,-0.757294,-0.122983,0.578839,0.0004428117,-6.26773e-05,-0.0001403852,9.4099e-06,1.99479e-05,4.50809e-05,0.0036903282,-0.0006654968,-7.29157e-05,0.0040241261,-4.401e-06,0.0029331328,-0.349637,0.982133,1.67559,0.570344,-0.340468,-0.728271,-0.168576
1403715959.08391,-1.103597,-1.265792,0.90841,-0.271314,-0.773714,-0.110217,0.561789,0.0004286619,-6.17837e-05,-0.0001587026,9.4476e-06,2.29563e-05,5.93494e-05,0.0037416853,-0.0006841987,-7.24783e-05,0.0040100611,-3.7945e-06,0.002936536,-0.317174,0.935261,1.660484,0.5545,-0.336809,-0.745135,-0.154493
1403715959.13391,-1.066319,-1.306565,0.896018,-0.262053,-0.78879,-0.104186,0.546154,0.0004167944,-5.52708e-05,-0.0001734828,7.8601e-06,2.30917e-05,7.28172e-05,0.0037788999,-0.0006853379,-7.27126e-05,0.0039396216,1.8593e-06,0.0029355206,-0.282961,0.891314,1.646331,0.539434,-0.328645,-0.761151,-0.147163
1403715959.23391,-0.991893,-1.365819,0.875823,-0.235146,-0.816937,-0.102625,0.516516,0.0003955052,-3.31749e-05,-0.0001971842,3.311e-06,1.66206e-05,9.89501e-05,0.0038564246,-0.0006883298,-7.2167e-05,0.0038796107,4.4327e-06,0.0029402191,-0.213408,0.813047,1.620011,0.510106,-0.304144,-0.791693,-0.143229
1403715959.28391,-0.953291,-1.41154,0.866132,-0.222627,-0.829754,-0.100947,0.501753,0.0003825982,-2.41926e-05,-0.0002075152,2.045e-06,1.32005e-05,0.0001132143,0.0038904104,-0.0006838956,-7.15198e-05,0.0038334675,7.2635e-06,0.0029408881,-0.179844,0.778274,1.606756,0.495378,-0.292575,-0.805833,-0.140139
1403715959.33391,-0.903732,-1.503754,0.822584,-0.211482,-0.843801,-0.096932,0.483611,0.0003644787,-1.7334e-05,-0.000218754,1.3068e-06,1.04753e-05,0.0001319578,0.0039148077,-0.0006627617,-7.38406e-05,0.0037341711,1.829e-07,0.002922741,-0.148341,0.74659,1.592775,0.477012,-0.283087,-0.821115,-0.134526
1403715959.53391,-0.806148,-1.575618,0.770701,-0.18937,-0.885505,-0.07694,0.417253,0.0002935528,-8.1251e-06,-0.0002442095,7.059e-07,6.8333e-06,0.0002039846,0.0040905432,-0.0006649957,-7.29225e-05,0.0036499044,2.1264e-06,0.0029282392,-0.066863,0.661744,1.540964,0.412491,-0.264699,-0.864799,-0.109129
1403715959.58391,-0.799654,-1.589779,0.765289,-0.181507,-0.891206,-0.075431,0.408799,0.0002844949,-5.1085e-06,-0.0002458313,5.69e-07,4.4862e-06,0.0002132717,0.0041148331,-0.0006663657,-7.26358e-05,0.0036400476,2.7851e-06,0.0029291317,-0.06478,0.653568,1.533829,0.404064,-0.257675,-0.871133,-0.10707
1403715959.68391,-0.823612,-1.590081,0.766828,-0.164968,-0.892992,-0.07392,0.412173,0.0002881464,-1.3673e-06,-0.0002454718,4.83e-07,1.2315e-06,0.0002099548,0.0041317698,-0.0006916497,-7.17544e-05,0.0036655306,3.5596e-06,0.0029321983,-0.090672,0.655315,1.535944,0.407588,-0.241598,-0.874233,-0.105928
1403715959.98392,-1.063804,-1.558526,0.845744,-0.111903,-0.800937,-0.077083,0.583127,0.0004509231,-3.2819e-06,-0.0001461124,4.716e-07,1.1061e-06,4.78678e-05,0.0040348466,-0.0008052883,-6.34166e-05,0.003872766,-9.514e-07,0.0029360782,-0.341401,0.750277,1.62657,0.576894,-0.182596,-0.786414,-0.124158
1403715960.03392,-1.11964,-1.540481,0.855755,-0.104699,-0.781488,-0.079476,0.609916,0.0004689315,-1.6384e-06,-0.0001172981,4.408e-07,4.474e-07,2.98256e-05,0.0040551536,-0.0008226364,-6.31453e-05,0.0038859442,-2.4194e-06,0.0029349727,-0.388087,0.768313,1.639714,0.603346,-0.173786,-0.767625,-0.128579
1403715960.08393,-1.164333,-1.530114,0.866983,-0.09899,-0.763082,-0.080187,0.633623,0.0004815919,-1.3323e-06,-8.99964e-05,4.335e-07,2.861e-07,1.72899e-05,0.004032766,-0.0008445471,-6.11107e-05,0.0039416184,-4.3309e-06,0.0029338482,-0.431974,0.784774,1.651458,0.626754,-0.166671,-0.74978,-0.131286
1403715960.33393,-1.30406,-1.501204,0.900093,-0.079227,-0.705721,-0.090959,0.698146,0.0004989867,9.0367e-06,-4.1804e-06,5.986e-07,-4.07e-08,4.971e-07,0.0040126167,-0.0009202,-5.32355e-05,0.0041149782,-6.4687e-06,0.002943747,-0.570604,0.826779,1.700842,0.689807,-0.142711,-0.694276,-0.147589
1403715960.38393,-1.309191,-1.502754,0.90679,-0.077169,-0.696702,-0.092273,0.707203,0.0004989854,9.8608e-06,8.7359e-06,6.309e-07,2.075e-07,6.166e-07,0.004018909,-0.0009258011,-5.13104e-05,0.0041225005,-6.8259e-06,0.0029460805,-0.576649,0.82447,1.710754,0.698658,-0.139972,-0.68548,-0.149679
1403715960.43393,-1.305224,-1.507356,0.91376,-0.075703,-0.689564,-0.093519,0.71416,0.0004985471,1.0564e-05,1.87967e-05,6.61e-07,4.33e-07,1.1744e-06,0.0040290928,-0.0009273145,-4.92678e-05,0.0041177856,-7.142e-06,0.0029485455,-0.574018,0.817756,1.720884,0.705446,-0.137984,-0.678491,-0.151517
1403715960.48393,-1.291819,-1.515186,0.920081,-0.075541,-0.688208,-0.094036,0.715416,0.0004985354,1.08133e-05,2.0658e-05,6.728e-07,4.825e-07,1.3236e-06,0.0040437922,-0.0009249313,-4.71071e-05,0.0041009563,-7.4208e-06,0.0029511553,-0.562397,0.806385,1.730269,0.70655,-0.137755,-0.677248,-0.15214
1403715960.78393,-1.049621,-1.620005,0.948668,-0.09298,-0.788366,-0.090492,0.60137,0.0004661261,1.50201e-05,-0.0001256849,9.252e-07,-4.021e-06,3.44021e-05,0.0042203514,-0.00083203,-3.26017e-05,0.0038238116,-8.2669e-06,0.002969264,-0.337933,0.655011,1.772707,0.592972,-0.163426,-0.776244,-0.138319
1403715961.03392,-0.791797,-1.747939,0.976087,-0.112225,-0.875836,-0.083531,0.461886,0.0003436567,1.77754e-05,-0.0002319011,1.3651e-06,-1.19733e-05,0.0001571941,0.0044476963,-0.0007119139,-1.91631e-05,0.0036010881,-8.6626e-06,0.0029886949,-0.09892,0.478866,1.805674,0.454492,-0.189813,-0.86211,-0.119075
1403715961.18392,-0.704062,-1.820026,0.997964,-0.12434,-0.902598,-0.076735,0.404931,0.0002825394,1.43189e-05,-0.0002482254,1.1751e-06,-1.25589e-05,0.0002189479,0.0045923551,-0.0006768143,-1.04292e-05,0.0035488317,-9.5389e-06,0.0030021453,-0.020807,0.387117,1.8315,0.398207,-0.204094,-0.887857,-0.107185
1403715961.28392,-0.698589,-1.862968,1.011483,-0.137686,-0.90761,-0.065983,0.391067,0.0002663859,4.4905e-06,-0.0002502588,5.188e-07,-4.171e-06,0.0002360213,0.0046671753,-0.0006976255,-7.8578e-06,0.0035467038,-1.64358e-05,0.0030069744,-0.016923,0.342507,1.856061,0.385212,-0.217959,-0.891662,-0.095111
1403715961.33392,-0.71134,-1.878138,1.025477,-0.143092,-0.903565,-0.059869,0.399389,0.000274555,-2.1679e-06,-0.0002497391,4.634e-07,2.0292e-06,0.0002280584,0.0047140517,-0.0007212431,-3.973e-06,0.0035639352,-1.76585e-05,0.0030132436,-0.031576,0.326913,1.872623,0.394022,-0.22305,-0.8871,-0.089724
1403715961.53393,-0.864516,-1.917279,1.119029,-0.134314,-0.863208,-0.041443,0.484886,0.0003620116,-2.50595e-05,-0.0002241513,2.1686e-06,1.55685e-05,0.0001394436,0.0047578745,-0.0008417599,1.21245e-05,0.0036732384,-2.10697e-05,0.0030322928,-0.179098,0.309119,1.96131,0.480569,-0.211441,-0.847453,-0.078597
1403715961.58393,-0.917508,-1.921209,1.142642,-0.123188,-0.850318,-0.039248,0.510141,0.0003872997,-2.59068e-05,-0.0002098398,2.1633e-06,1.40801e-05,0.0001142936,0.0047606747,-0.0008919831,1.2996e-05,0.0037243876,-2.34929e-05,0.0030359182,-0.229809,0.313923,1.986845,0.505835,-0.199534,-0.835547,-0.078648
1403715961.63393,-0.971598,-1.920525,1.166631,-0.109928,-0.836961,-0.037122,0.534822,0.0004108666,-2.50674e-05,-0.0001928527,1.9629e-06,1.18065e-05,9.10911e-05,0.0047761397,-0.000941456,1.80482e-05,0.0037814944,-2.53364e-05,0.0030437061,-0.283112,0.320831,2.012726,0.530606,-0.185387,-0.823354,-0.078644
1403715961.68392,-1.02745,-1.921814,1.206951,-0.095746,-0.822659,-0.034584,0.559347,0.0004325023,-2.33524e-05,-0.0001730421,1.6941e-06,9.3863e-06,6.97646e-05,0.0047568786,-0.0010052613,3.4929e-06,0.0038305291,-3.49917e-05,0.0030094996,-0.337693,0.329044,2.038255,0.555236,-0.170348,-0.810294,-0.078263
1403715961.93393,-1.270382,-1.938411,1.307342,-0.024647,-0.752812,-0.032992,0.656946,0.0004944342,8.6787e-06,-6.70535e-05,5.896e-07,-1.1472e-06,9.5542e-06,0.0047310636,-0.0012184933,-1.19359e-05,0.0041113112,-3.55669e-05,0.0029928121,-0.585064,0.369603,2.125692,0.652441,-0.094816,-0.747034,-0.085297
1403715961.98393,-1.307731,-1.9395,1.316159,-0.015289,-0.737346,-0.0299,0.67468,0.000499727,1.19296e-05,-4.37459e-05,7.253e-07,-1.0146e-06,4.2866e-06,0.0047872279,-0.0012640819,-9.1829e-06,0.0041511682,-3.75325e-05,0.0029964081,-0.622838,0.374571,2.134081,0.670399,-0.084375,-0.732415,-0.083785
1403715962.03393,-1.339189,-1.941579,1.322699,-0.006846,-0.719773,-0.024512,0.693742,0.0005030144,1.31396e-05,-1.79662e-05,7.871e-07,-4.392e-07,1.0971e-06,0.004800851,-0.0012953182,-6.1617e-06,0.0041945517,-3.994e-05,0.003000304,-0.654512,0.377439,2.140352,0.689844,-0.074696,-0.715627,-0.080122
1403715962.43393,-1.250739,-1.982222,1.286643,0.033621,-0.703936,0.060779,0.706859,0.0005044604,-1.90008e-05,3.3725e-06,1.1858e-06,-9.92e-08,4.851e-07,0.0049693173,-0.0012744706,2.1666e-05,0.0041107938,-5.93017e-05,0.0030396542,-0.576804,0.329391,2.098039,0.709983,-0.033813,-0.703399,0.003862
1403715962.48393,-1.196553,-1.984822,1.272645,0.034099,-0.716646,0.076783,0.692358,0.000502943,-3.14609e-05,-1.48803e-05,2.4426e-06,9.592e-07,9.041e-07,0.0049899633,-0.0012327553,2.57189e-05,0.0040502523,-6.17949e-05,0.0030459372,-0.524236,0.319636,2.083009,0.696886,-0.03437,-0.716049,0.021146
1403715962.53393,-1.135326,-1.985194,1.255679,0.034218,-0.732606,0.093112,0.673386,0.000498515,-4.51181e-05,-3.80513e-05,4.5633e-06,3.4742e-06,3.3717e-06,0.0050073828,-0.0011836813,2.98839e-05,0.0039854846,-6.43244e-05,0.0030525788,-0.464401,0.311059,2.065045,0.679336,-0.03556,-0.731923,0.039165
1403715962.88395,-0.633716,-1.873831,1.030108,0.063801,-0.828365,0.156335,0.534135,0.000414499,-8.71233e-05,-0.0001742833,1.88035e-05,3.66982e-05,7.38248e-05,0.0047769174,-0.0006562215,-1.70883e-05,0.0034951634,-1.76308e-05,0.0030090846,0.049925,0.342053,1.873629,0.545957,-0.013166,-0.829829,0.11465
1403715962.93395,-0.562173,-1.843387,0.992683,0.079888,-0.839032,0.149483,0.517009,0.0004024326,-7.56332e-05,-0.0001898762,1.47038e-05,3.57515e-05,9.01548e-05,0.0047196412,-0.0005938927,-1.64197e-05,0.0034612004,-1.72818e-05,0.0030119537,0.124305,0.362916,1.837591,0.528324,0.0021,-0.841988,0.109235
1403715963.03395,-0.429228,-1.775806,0.907214,0.121546,-0.859022,0.124142,0.481556,0.0003725957,-4.15225e-05,-0.0002194794,5.1098e-06,2.4515e-05,0.0001299135,0.0046385538,-0.0004746024,-1.49328e-05,0.0034027183,-1.61365e-05,0.003018436,0.264027,0.412976,1.755592,0.490911,0.042081,-0.865829,0.087077
1403715963.08395,-0.370054,-1.741849,0.858247,0.140475,-0.867993,0.114491,0.462326,0.0003532069,-2.88691e-05,-0.0002309928,2.8413e-06,1.89307e-05,0.0001517334,0.0046005414,-0.0004238607,-1.41485e-05,0.0033830972,-1.56016e-05,0.0030219894,0.326682,0.439359,1.708777,0.470945,0.060251,-0.876538,0.079167
1403715963.13395,-0.311699,-1.710182,0.807513,0.15737,-0.876295,0.108079,0.442335,0.0003320128,-2.03436e-05,-0.0002399829,1.7268e-06,1.47514e-05,0.0001741747,0.0045608654,-0.0003775083,-1.42792e-05,0.0033678574,-1.49229e-05,0.0030253146,0.384092,0.465555,1.659025,0.45046,0.07636,-0.886406,0.074469
1403715963.18395,-0.268744,-1.677581,0.752478,0.171921,-0.883218,0.104485,0.423617,0.0003119795,-1.52491e-05,-0.0002460592,1.2248e-06,1.20717e-05,0.0001948276,0.0045250874,-0.0003336388,-1.41089e-05,0.0033562113,-1.42093e-05,0.0030290092,0.435474,0.491258,1.606556,0.431541,0.090476,-0.894603,0.072633
1403715963.38394,-0.18315,-1.570822,0.518083,0.220539,-0.887824,0.113143,0.387724,0.0002770849,-1.09333e-05,-0.000252203,9.015e-07,9.9985e-06,0.0002304066,0.0043934952,-0.0002325569,-1.48789e-05,0.0033382303,-1.30803e-05,0.0030415407,0.556934,0.572726,1.379489,0.396862,0.139389,-0.903286,0.084547
1403715963.43394,-0.181001,-1.557217,0.466701,0.23152,-0.873304,0.123316,0.410527,0.0003043982,-9.7254e-06,-0.0002483254,7.81e-07,7.9751e-06,0.0002033522,0.004367369,-0.0002448058,-1.50103e-05,0.0033419002,-1.54312e-05,0.0030436843,0.55992,0.584237,1.327358,0.420594,0.151367,-0.889745,0.092483
1403715963.73395,-0.290016,-1.534491,0.199411,0.274473,-0.756889,0.198121,0.559046,0.0004637241,3.8116e-06,-0.0001436298,4.967e-07,-1.1618e-06,4.49689e-05,0.0043609452,-0.0002864263,-2.33352e-05,0.0033487714,-3.02107e-05,0.0030566106,0.478772,0.600927,1.061376,0.574899,0.204081,-0.77736,0.153479
1403715963.78395,-0.30518,-1.536263,0.161993,0.279048,-0.747986,0.206729,0.565608,0.0004701255,3.2683e-06,-0.0001341215,4.897e-07,-9.14e-07,3.87399e-05,0.0043413411,-0.0003041208,-2.31408e-05,0.0033601098,-3.17189e-05,0.0030618318,0.465665,0.600925,1.026411,0.582114,0.209328,-0.768935,0.161449
1403715964.03395,-0.345134,-1.5297,0.024374,0.299365,-0.745995,0.224241,0.550988,0.0004658161,-2.1341e-06,-0.000142187,4.833e-07,6.694e-07,4.38876e-05,0.0044042948,-0.0003122341,-2.0716e-05,0.0033861861,-3.91532e-05,0.0030942881,0.439362,0.608999,0.901136,0.568833,0.229745,-0.768909,0.18007
1403715964.08395,-0.350901,-1.528405,0.00986,0.308091,-0.754959,0.217246,0.536583,0.0004540798,1.351e-06,-0.0001584292,4.654e-07,-4.52e-07,5.57732e-05,0.0043896106,-0.0003127986,-1.11367e-05,0.0033888911,-3.78519e-05,0.0030963637,0.439823,0.612312,0.885201,0.553796,0.237733,-0.778708,0.17439
1403715964.13395,-0.3312,-1.524736,0.004895,0.321678,-0.762653,0.202956,0.523156,0.0004392181,1.28646e-05,-0.0001751336,8.162e-07,-5.1112e-06,7.03453e-05,0.0043509996,-0.0003130407,-1.58749e-05,0.0033938533,-3.82495e-05,0.0030938026,0.44098,0.615229,0.874755,0.53907,0.250515,-0.787827,0.161178
1403715964.18395,-0.327588,-1.521774,-0.000411,0.330051,-0.770071,0.194888,0.509976,0.0004258803,1.70821e-05,-0.000187972,1.1214e-06,-7.524e-06,8.34949e-05,0.0043454207,-0.000296797,-1.49672e-05,0.0033908723,-3.89196e-05,0.0030987646,0.442736,0.61649,0.871061,0.525237,0.258195,-0.796018,0.154333
1403715964.23395,-0.336186,-1.524111,0.003051,0.334448,-0.773409,0.191061,0.503468,0.0004191425,1.91093e-05,-0.00019387,1.2989e-06,-8.8267e-06,9.02107e-05,0.0043250986,-0.0002967838,-8.1571e-06,0.0033921873,-3.73408e-05,0.0031011515,0.444096,0.615177,0.875324,0.518478,0.262271,-0.799711,0.151189
1403715964.33395,-0.339999,-1.533874,0.025518,0.327756,-0.771445,0.203371,0.506052,0.0004263528,8.4386e-06,-0.0001886862,5.966e-07,-3.7175e-06,8.40382e-05,0.0043597106,-0.0002976775,-4.6159e-06,0.0034061918,-3.97797e-05,0.0031163122,0.443031,0.604009,0.903886,0.522044,0.255686,-0.797155,0.163217
1403715964.43395,-0.326411,-1.552424,0.073289,0.320664,-0.766905,0.215048,0.512626,0.0004359563,-4.266e-07,-0.0001800948,4.183e-07,1.963e-07,7.49234e-05,0.0043613647,-0.0002980102,-1.19766e-05,0.0034197138,-3.86937e-05,0.0031047793,0.438072,0.58559,0.937179,0.529365,0.248821,-0.79219,0.174058
1403715964.48395,-0.335363,-1.572585,0.094598,0.320001,-0.765325,0.216996,0.514578,0.0004383023,-1.3682e-06,-0.0001777677,4.106e-07,5.794e-07,7.25805e-05,0.0043442639,-0.0003153147,-7.529e-07,0.0033862499,-2.55386e-05,0.0030817203,0.434879,0.574357,0.952205,0.531408,0.248211,-0.790612,0.175868
1403715964.53396,-0.320454,-1.589375,0.125711,0.320477,-0.763196,0.216473,0.517654,0.0004403419,7.035e-07,-0.0001756197,3.892e-07,-2.57e-07,7.05147e-05,0.0043364791,-0.0003311335,-6.135e-06,0.0033832446,-1.69307e-05,0.0030625199,0.431172,0.561826,0.966735,0.534093,0.249209,-0.788626,0.175238
1403715964.58396,-0.310818,-1.592337,0.149338,0.320792,-0.763421,0.216441,0.51714,0.0004402621,9.342e-07,-0.0001758844,3.907e-07,-3.474e-07,7.07228e-05,0.0043486429,-0.0003339609,-1.43349e-05,0.0033699222,-2.44929e-05,0.003054526,0.42727,0.548186,0.98051,0.533669,0.249385,-0.788915,0.174978
1403715964.63394,-0.286216,-1.609683,0.19009,0.317502,-0.76315,0.219659,0.518214,0.0004379221,-2.9483e-06,-0.0001722472,3.77e-07,1.1824e-06,6.81793e-05,0.0042883941,-0.0003376463,-2.30255e-05,0.0033509477,-2.15311e-05,0.0030168361,0.423179,0.53337,0.996028,0.534733,0.246832,-0.78814,0.178803
1403715964.68394,-0.284991,-1.625153,0.205258,0.312872,-0.76287,0.226172,0.518638,0.0004396902,-9.5744e-06,-0.0001692527,5.642e-07,3.7091e-06,6.55772e-05,0.0043109862,-0.0003227396,-2.26774e-05,0.0033438144,-2.11569e-05,0.0030162914,0.418637,0.517934,1.013415,0.535718,0.242169,-0.787417,0.185298
1403715964.73393,-0.278119,-1.639813,0.221086,0.309624,-0.761582,0.233804,0.519097,0.0004407493,-1.62651e-05,-0.0001653729,9.532e-07,6.1271e-06,6.24692e-05,0.0043285799,-0.0003237054,-2.20999e-05,0.0033430366,-2.09531e-05,0.0030154714,0.413699,0.502443,1.033161,0.537162,0.237394,-0.786294,0.191949
1403715965.33393,-0.306473,-1.699652,0.417051,0.329093,-0.75752,0.234895,0.512529,0.000437899,-8.5029e-06,-0.0001710975,5.407e-07,3.3432e-06,6.73019e-05,0.0043973357,-0.0003456603,-2.51557e-05,0.0033475979,-1.894e-05,0.0030136747,0.363175,0.429014,1.240437,0.530526,0.257092,-0.7842,0.193609
1403715965.43392,-0.301907,-1.687253,0.422531,0.343802,-0.789104,0.208107,0.46455,0.0003868258,-3.9322e-06,-0.0002123309,4.078e-07,2.1775e-06,0.0001170491,0.0043706884,-0.0003398405,-2.65873e-05,0.0033460228,-1.8398e-05,0.0030133672,0.36467,0.439283,1.24865,0.480353,0.269022,-0.816986,0.171543
1403715965.83392,-0.433227,-1.804141,0.545523,0.329472,-0.755497,0.219967,0.521811,0.0004393232,5.4673e-06,-0.00016833,4.545e-07,-2.0841e-06,6.49556e-05,0.0045347047,-0.0004529823,-2.74605e-05,0.0033908204,-1.95785e-05,0.0030151768,0.210287,0.341091,1.368557,0.538694,0.257135,-0.782183,0.178577
1403715965.88392,-0.459303,-1.834869,0.565943,0.320937,-0.736987,0.232618,0.547484,0.0004608063,4.2785e-06,-0.0001404308,4.282e-07,-1.2936e-06,4.32344e-05,0.0045881171,-0.0004792192,-2.73499e-05,0.0034007469,-1.98936e-05,0.0030151411,0.179693,0.316576,1.388716,0.565289,0.250369,-0.762897,0.189102
1403715965.98392,-0.505424,-1.889224,0.602774,0.30852,-0.704779,0.250577,0.587634,0.0004866898,4.8265e-06,-9.06505e-05,4.41e-07,-8.896e-07,1.73041e-05,0.0046757235,-0.0005272978,-2.74707e-05,0.003421317,-2.04114e-05,0.0030154989,0.125441,0.271039,1.424511,0.606751,0.240812,-0.729676,0.203565
1403715966.03392,-0.524458,-1.913301,0.619008,0.304674,-0.693662,0.256854,0.600027,0.0004925245,4.8062e-06,-7.33751e-05,4.42e-07,-7.072e-07,1.13479e-05,0.0047158046,-0.000548442,-2.76101e-05,0.0034303877,-2.06553e-05,0.0030155158,0.103181,0.250817,1.439737,0.619627,0.238008,-0.718189,0.208859
1403715966.23393,-0.546353,-1.961599,0.687074,0.292809,-0.654759,0.278603,0.638697,0.0005033403,4.8373e-06,-1.44117e-05,4.526e-07,-1.307e-07,8.316e-07,0.0048002176,-0.000577783,-2.85225e-05,0.0034436283,-2.13293e-05,0.0030174409,0.071287,0.204887,1.503785,0.660019,0.229203,-0.678523,0.226818
1403715966.28394,-0.537669,-1.959494,0.702304,0.296975,-0.663545,0.273432,0.62988,0.0005021237,5.8365e-06,-2.85073e-05,4.763e-07,-3.244e-07,2.0409e-06,0.0047947097,-0.000568499,-2.90231e-05,0.0034394878,-2.1392e-05,0.003017996,0.079806,0.204872,1.517954,0.650695,0.232764,-0.687666,0.222566
1403715966.33394,-0.52392,-1.95264,0.716625,0.303604,-0.681559,0.264804,0.610885,0.000497322,5.1611e-06,-5.66079e-05,4.644e-07,-5.814e-07,6.8726e-06,0.0047826859,-0.000554399,-2.95332e-05,0.0034332573,-2.14423e-05,0.0030186624,0.094184,0.208886,1.530893,0.630944,0.238044,-0.706171,0.21581
1403715966.68395,-0.368758,-1.861688,0.822211,0.337531,-0.809108,0.179951,0.446132,0.0003583405,4.4306e-06,-0.0002277514,4.871e-07,-2.8127e-06,0.0001453783,0.0046291732,-0.0003972027,-3.37434e-05,0.0033772204,-2.21069e-05,0.0030243352,0.26606,0.27569,1.622065,0.459525,0.260996,-0.836335,0.145824
1403715966.73395,-0.351909,-1.85691,0.838136,0.337235,-0.817578,0.173175,0.433415,0.0003433073,3.9536e-06,-0.0002342995,4.815e-07,-2.6953e-06,0.0001605627,0.0046300188,-0.0003886165,-3.40678e-05,0.0033763996,-2.24721e-05,0.0030252247,0.283852,0.277753,1.635842,0.446233,0.260021,-0.84475,0.140232
1403715966.78395,-0.339563,-1.856928,0.853777,0.337106,-0.825023,0.166981,0.42168,0.0003293407,3.7233e-06,-0.0002393742,4.818e-07,-2.7037e-06,0.0001746766,0.0046314109,-0.000377305,-3.46195e-05,0.0033749572,-2.28694e-05,0.0030265788,0.296927,0.275834,1.648843,0.433978,0.259317,-0.852148,0.135139
1403715966.83395,-0.33243,-1.862575,0.870314,0.33706,-0.829039,0.162273,0.415634,0.0003215061,4.6228e-06,-0.0002418393,5.101e-07,-3.4762e-06,0.0001826292,0.0046421935,-0.0003712286,-3.51146e-05,0.0033754803,-2.33113e-05,0.0030279995,0.304037,0.269182,1.662799,0.427564,0.258964,-0.856135,0.130998
1403715967.03394,-0.348855,-1.935775,0.948681,0.323507,-0.791726,0.181721,0.485274,0.0003959624,1.18413e-05,-0.0002065785,8.073e-07,-6.1821e-06,0.0001083737,0.0047781316,-0.0004017267,-3.26448e-05,0.0033862178,-2.04503e-05,0.0030304531,0.273389,0.19509,1.738015,0.498702,0.248286,-0.817876,0.144005
1403715967.08394,-0.358113,-1.962578,0.969577,0.316103,-0.774019,0.193605,0.513314,0.000424295,1.16025e-05,-0.0001838172,7.733e-07,-5.0287e-06,8.01982e-05,0.0048150902,-0.0004099481,-3.22486e-05,0.0033897789,-2.01579e-05,0.0030316065,0.257156,0.168128,1.759121,0.527664,0.242213,-0.799644,0.153244
1403715967.13394,-0.37187,-1.993456,0.992384,0.309139,-0.755222,0.204078,0.540763,0.0004487503,1.25693e-05,-0.0001575475,8.122e-07,-4.4141e-06,5.58487e-05,0.0048638945,-0.0004211662,-3.24242e-05,0.0033957733,-2.04745e-05,0.00303332,0.240659,0.140263,1.779938,0.555922,0.236807,-0.780328,0.161155
1403715967.48392,-0.353628,-2.151475,1.12681,0.266493,-0.663424,0.253812,0.651483,0.0005050281,5.3204e-06,-1.11032e-05,5.34e-07,-1.214e-07,7.425e-07,0.005148348,-0.0004299843,-2.86602e-05,0.0033987212,-2.03422e-05,0.0030349926,0.229477,-0.009489,1.909166,0.67034,0.201758,-0.685365,0.200534
1403715967.53392,-0.328284,-2.155878,1.144289,0.266799,-0.669622,0.257895,0.643362,0.0005046944,-8.96e-07,-1.9678e-05,4.839e-07,3.05e-08,1.2703e-06,0.0051677776,-0.0003980991,-2.86972e-05,0.0033922729,-2.05129e-05,0.0030371133,0.253682,-0.016858,1.923956,0.662562,0.201572,-0.691529,0.205351
1403715967.83392,-0.084215,-2.087099,1.234965,0.306703,-0.75268,0.285693,0.507726,0.0004470672,-5.62138e-05,-0.0001526617,7.585e-06,1.92136e-05,5.27217e-05,0.0050642957,-0.00015521,-2.92244e-05,0.0033840665,-2.1906e-05,0.0030550301,0.499485,0.018514,1.998862,0.529711,0.234885,-0.777216,0.245311
1403715967.98392,0.035435,-2.01607,1.264918,0.338715,-0.778043,0.285423,0.445482,0.0003984793,-6.3716e-05,-0.0001975742,1.07231e-05,3.16302e-05,9.86388e-05,0.0049550315,-4.24676e-05,-2.94905e-05,0.0034081911,-2.32609e-05,0.0030675646,0.626024,0.073947,2.020856,0.467821,0.265,-0.805079,0.250541
1403715968.08392,0.094214,-1.967917,1.272341,0.370846,-0.787398,0.261524,0.417232,0.0003674363,-4.39511e-05,-0.0002220285,5.7953e-06,2.65933e-05,0.0001349187,0.0048861893,1.05957e-05,-2.94283e-05,0.0034314021,-2.46003e-05,0.0030774987,0.690273,0.115365,2.022486,0.437731,0.296482,-0.817276,0.229245
1403715968.18393,0.129668,-1.924173,1.257886,0.395814,-0.78982,0.241104,0.401726,0.000345903,-2.60756e-05,-0.000234672,2.5047e-06,1.77099e-05,0.0001600233,0.0048347827,4.83052e-05,-2.68623e-05,0.0034523835,-2.59846e-05,0.0030693943,0.732666,0.150273,2.017767,0.420687,0.321227,-0.821975,0.210222
1403715968.28393,0.148787,-1.902036,1.256035,0.402264,-0.776118,0.243635,0.420078,0.0003653297,-1.70983e-05,-0.0002271837,1.3465e-06,1.06399e-05,0.0001420618,0.0048069651,6.62589e-05,-2.54011e-05,0.0034754007,-2.79832e-05,0.003078236,0.75335,0.17193,2.011029,0.439354,0.328763,-0.808923,0.211019
1403715968.33393,0.153616,-1.89587,1.252858,0.399797,-0.765045,0.251609,0.437677,0.000385321,-1.52655e-05,-0.0002165191,1.1553e-06,8.5814e-06,0.0001224173,0.0048068619,7.35088e-05,-2.4466e-05,0.0034873091,-2.9054e-05,0.0030831183,0.758018,0.178654,2.005422,0.457613,0.327174,-0.797704,0.2173
1403715968.38393,0.156268,-1.892328,1.247316,0.396516,-0.752889,0.25956,0.456685,0.0004056993,-1.27871e-05,-0.0002030985,9.579e-07,6.4011e-06,0.0001023934,0.0048117234,7.94663e-05,-2.33904e-05,0.0034994647,-3.01806e-05,0.0030883292,0.759967,0.183127,1.997502,0.477274,0.32488,-0.785336,0.223418
1403715968.43392,0.137818,-1.88762,1.226755,0.390424,-0.740481,0.270424,0.475529,0.0004258904,-1.31651e-05,-0.0001864575,9.609e-07,5.7602e-06,8.23043e-05,0.0047843017,8.73678e-05,-3.41027e-05,0.0034970819,-3.0245e-05,0.0030847923,0.76043,0.186554,1.986335,0.49705,0.319879,-0.772437,0.232301
1403715968.48392,0.133959,-1.88109,1.210677,0.384795,-0.727728,0.279673,0.494093,0.0004437453,-1.24578e-05,-0.0001684978,9.019e-07,4.7215e-06,6.46205e-05,0.0047727582,7.89783e-05,-3.27523e-05,0.0034860359,-2.86732e-05,0.0030865774,0.75952,0.189751,1.971627,0.516357,0.315295,-0.759291,0.239681
1403715968.53392,0.128158,-1.872791,1.192734,0.377881,-0.715606,0.289348,0.511265,0.0004592103,-1.3097e-05,-0.0001494671,9.241e-07,4.2568e-06,4.92651e-05,0.0047474552,6.83442e-05,-3.19755e-05,0.0034810115,-2.36926e-05,0.0030856401,0.757849,0.19314,1.954594,0.534249,0.309557,-0.746593,0.247699
1403715968.58393,0.123003,-1.862371,1.16212,0.372143,-0.702878,0.297265,0.528305,0.000472468,-1.18227e-05,-0.0001297513,8.477e-07,3.2355e-06,3.62309e-05,0.0047350191,7.29879e-05,-3.20247e-05,0.0034797433,-1.40997e-05,0.0030538198,0.755795,0.196871,1.934537,0.551901,0.304876,-0.733483,0.253895
1403715968.83392,0.121689,-1.819977,1.044245,0.349715,-0.65033,0.324014,0.591426,0.0005049378,-3.6525e-06,-4.56873e-05,5.812e-07,3.215e-07,4.7082e-06,0.0046226831,5.534e-05,-2.60327e-05,0.0034655984,-7.6129e-06,0.0030582138,0.773999,0.25472,1.819877,0.617164,0.287053,-0.679184,0.274626
1403715968.93392,0.146549,-1.764325,0.99893,0.346614,-0.642974,0.328387,0.598837,0.0005070782,-3.3885e-06,-3.40847e-05,5.869e-07,2.179e-07,2.8723e-06,0.0045708802,6.92441e-05,-2.56979e-05,0.0034847373,-7.062e-06,0.003063378,0.808253,0.308544,1.77503,0.624921,0.284641,-0.67161,0.278197
1403715968.98392,0.164533,-1.727913,0.974995,0.348895,-0.647263,0.326689,0.593799,0.0005061335,-4.0966e-06,-4.13007e-05,6.023e-07,3.242e-07,3.9571e-06,0.0045233636,8.28771e-05,-2.56947e-05,0.003497793,-6.6838e-06,0.0030662917,0.832351,0.343102,1.751471,0.619697,0.286617,-0.67613,0.276905
1403715969.03392,0.184345,-1.694425,0.93682,0.355719,-0.658978,0.320492,0.580083,0.0005018941,-4.7364e-06,-6.137e-05,6.068e-07,5.788e-07,8.0851e-06,0.0044215829,6.85833e-05,-2.81212e-05,0.0034838269,-9.0568e-06,0.0030630094,0.860725,0.382284,1.726327,0.605552,0.292263,-0.688493,0.271791
1403715969.13392,0.242272,-1.596331,0.878698,0.377629,-0.699351,0.293582,0.531144,0.0004741344,-4.5333e-06,-0.0001293862,6.048e-07,1.2372e-06,3.59268e-05,0.0042929271,7.73144e-05,-3.1213e-05,0.0034721168,-1.30961e-05,0.0030635973,0.92759,0.472261,1.673071,0.554319,0.310722,-0.73077,0.24934
1403715969.18392,0.269634,-1.543562,0.851494,0.390595,-0.724036,0.275017,0.497567,0.0004459456,-4.3398e-06,-0.0001683833,6.076e-07,1.6381e-06,6.42403e-05,0.0042252051,9.37631e-05,-3.21186e-05,0.0034831173,-1.41667e-05,0.0030635893,0.96395,0.5206,1.645384,0.519234,0.3216,-0.756505,0.233847
1403715969.23391,0.307103,-1.471977,0.825651,0.400978,-0.745184,0.257016,0.466755,0.0004142926,-3.7917e-06,-0.0001985578,5.931e-07,1.8172e-06,9.58714e-05,0.0041472438,8.56171e-05,-3.42386e-05,0.0034581078,-1.53001e-05,0.0030550708,0.999935,0.569207,1.619275,0.486752,0.330514,-0.778472,0.218689
1403715969.7339,0.380065,-1.286572,0.660499,0.468275,-0.762573,0.150724,0.4201,0.000312643,6.53504e-05,-0.0002399716,1.42926e-05,-5.02645e-05,0.0001851824,0.003939379,0.0001023153,-4.1068e-05,0.0035227349,-2.71922e-05,0.0030751345,1.112099,0.75334,1.454707,0.431277,0.396424,-0.802024,0.116659
1403715969.78391,0.369094,-1.319762,0.655685,0.469672,-0.749488,0.154047,0.440393,0.0003314275,7.52004e-05,-0.0002318581,1.77058e-05,-5.27123e-05,0.0001631373,0.0039712086,0.0001074489,-4.15238e-05,0.0035248036,-2.91138e-05,0.0030780217,1.09765,0.723659,1.449201,0.451844,0.398883,-0.789163,0.118143
1403715969.83391,0.353135,-1.362437,0.661355,0.466326,-0.736011,0.164085,0.462496,0.0003557824,8.10232e-05,-0.0002204709,1.90979e-05,-5.03016e-05,0.0001374889,0.004015718,0.0001127097,-3.92019e-05,0.0035211574,-2.76156e-05,0.0030747287,1.082375,0.68525,1.44549,0.474838,0.396747,-0.775382,0.126136
1403715970.1839,0.361376,-1.70863,0.655343,0.382304,-0.662032,0.303231,0.568866,0.0004964385,1.68837e-05,-8.50964e-05,1.2043e-06,-2.9048e-06,1.52555e-05,0.0044867372,0.0001739388,-3.1976e-05,0.0035021255,-2.06272e-05,0.0030671811,1.02039,0.321749,1.431709,0.592429,0.319166,-0.694377,0.254964
1403715970.2339,0.375268,-1.749764,0.654501,0.37191,-0.649333,0.318184,0.582073,0.0005042098,1.00934e-05,-6.0644e-05,8.32e-07,-1.222e-06,7.9572e-06,0.0045136988,0.000201164,-3.10819e-05,0.0035162737,-1.91741e-05,0.0030672168,1.023167,0.273961,1.431155,0.606737,0.310068,-0.68079,0.268807
1403715970.2839,0.389113,-1.789945,0.65662,0.362469,-0.637268,0.33192,0.593577,0.0005089972,3.7945e-06,-3.79834e-05,6.633e-07,-2.902e-07,3.497e-06,0.0045684854,0.0002241442,-3.11151e-05,0.0035281338,-2.00259e-05,0.0030692159,1.030348,0.230972,1.430857,0.619357,0.301639,-0.667995,0.281419
1403715970.33391,0.408638,-1.828618,0.659099,0.353862,-0.627472,0.343582,0.602505,0.0005112295,-2.408e-06,-1.92268e-05,6.415e-07,8.07e-08,1.3815e-06,0.0046190736,0.0002442482,-2.73854e-05,0.0035269238,-8.7735e-06,0.0030576854,1.042306,0.193763,1.430878,0.629098,0.294044,-0.657506,0.292338
1403715970.68391,0.638874,-1.84922,0.677517,0.3589,-0.684912,0.355815,0.524865,0.0004871016,-5.5119e-05,-9.77096e-05,6.912e-06,1.10612e-05,2.03198e-05,0.0046781279,0.0004433443,-2.80112e-05,0.0036929153,-6.9526e-06,0.0030682726,1.25835,0.131159,1.435258,0.55223,0.294454,-0.715178,0.311235
1403715970.73391,0.678647,-1.824324,0.679612,0.366474,-0.707145,0.345025,0.496588,0.0004683079,-6.05804e-05,-0.0001314843,8.5199e-06,1.70224e-05,3.76685e-05,0.0046433665,0.0004674795,-2.84482e-05,0.0037281294,-6.6196e-06,0.0030704645,1.299944,0.148617,1.435363,0.523008,0.300194,-0.737943,0.302981
1403715970.78391,0.715177,-1.797487,0.680431,0.373412,-0.730855,0.33238,0.464692,0.000441708,-6.58613e-05,-0.0001649914,1.05105e-05,2.46282e-05,6.24282e-05,0.0046024121,0.0004856017,-3.03974e-05,0.0037600728,-8.2072e-06,0.0030715032,1.340397,0.170288,1.435666,0.490027,0.305205,-0.76208,0.293207
1403715970.83392,0.74464,-1.770678,0.678426,0.379378,-0.753205,0.318625,0.432704,0.0004102289,-6.92959e-05,-0.0001935234,1.2401e-05,3.27327e-05,9.21522e-05,0.0045621323,0.0004984846,-3.38069e-05,0.003786454,-1.18131e-05,0.0030707688,1.377816,0.19418,1.437046,0.456976,0.309337,-0.78475,0.282247
1403715971.18393,0.801113,-1.647841,0.735389,0.439965,-0.801154,0.229399,0.334602,0.0002806087,-2.75756e-05,-0.000254212,3.4118e-06,2.50245e-05,0.0002316251,0.0044055868,0.00047826,-3.01331e-05,0.003828757,-4.6423e-06,0.003070288,1.437702,0.302513,1.504672,0.35152,0.366423,-0.837473,0.202019
1403715971.23393,0.776044,-1.658734,0.755854,0.455708,-0.787381,0.223556,0.349834,0.0002934887,-1.27072e-05,-0.0002539632,1.2528e-06,1.10024e-05,0.0002210455,0.0044292708,0.0004731045,-3.00772e-05,0.0038152159,-4.8572e-06,0.0030714615,1.409666,0.293772,1.525591,0.366279,0.383258,-0.825215,0.194879
1403715971.28393,0.74731,-1.679218,0.778009,0.469396,-0.769301,0.223956,0.371063,0.0003144574,1.6872e-06,-0.0002504948,7.113e-07,-1.3707e-06,0.0002007491,0.004462367,0.0004633626,-2.93802e-05,0.0037858832,-4.7709e-06,0.0030721784,1.374673,0.276511,1.549617,0.387515,0.398579,-0.808416,0.193488
1403715971.68392,0.481688,-2.059643,0.972961,0.533424,-0.588325,0.321857,0.515501,0.0004652648,8.43478e-05,-0.0001273096,1.60351e-05,-2.31166e-05,3.56377e-05,0.0049876446,0.0004056774,-1.58569e-05,0.0036227996,3.5789e-06,0.0030784147,1.083395,-0.053205,1.758625,0.540828,0.477253,-0.634456,0.277855
1403715971.73393,0.462461,-2.113815,0.994612,0.534899,-0.574362,0.342046,0.516716,0.0004747386,7.92864e-05,-0.0001143636,1.39841e-05,-1.91272e-05,2.83406e-05,0.0051235774,0.0003784598,-1.40461e-05,0.0035909574,4.7843e-06,0.0030790952,1.063838,-0.101799,1.781512,0.543872,0.47984,-0.620698,0.297816
1403715971.78393,0.454482,-2.160689,1.013851,0.535624,-0.56297,0.36193,0.514954,0.0004828514,7.20564e-05,-0.0001032804,1.14962e-05,-1.54333e-05,2.28774e-05,0.0052226256,0.0003800584,-1.30181e-05,0.0035860916,5.5714e-06,0.003081186,1.049155,-0.148666,1.803104,0.543847,0.481515,-0.609429,0.317763
1403715971.83392,0.446997,-2.204827,1.030452,0.535632,-0.555295,0.383043,0.50796,0.0004899267,5.98886e-05,-9.54589e-05,8.0627e-06,-1.16829e-05,1.93804e-05,0.0053012896,0.0003881477,-1.53265e-05,0.0035872819,6.0689e-06,0.0030818794,1.03891,-0.192944,1.823318,0.538722,0.482135,-0.601779,0.339396
1403715972.13392,0.4755,-2.38122,1.11575,0.551921,-0.522617,0.457348,0.461614,0.0005038083,1.62494e-05,-7.91499e-05,1.2799e-06,-2.5509e-06,1.3226e-05,0.0056762294,0.0004666257,-1.25331e-05,0.003625845,1.30832e-05,0.0030971455,1.042275,-0.379525,1.921227,0.498988,0.501211,-0.570467,0.417572
1403715972.18392,0.483443,-2.394286,1.130358,0.54991,-0.512869,0.46857,0.463687,0.0005076517,1.52376e-05,-6.69037e-05,1.2171e-06,-2.0055e-06,9.6068e-06,0.0057079206,0.0004837068,-1.22239e-05,0.0036384651,1.4818e-05,0.0031006654,1.049008,-0.394407,1.938093,0.502053,0.500031,-0.560591,0.428545
1403715972.28393,0.516764,-2.398652,1.170696,0.541866,-0.493756,0.489693,0.472003,0.0005138523,1.4458e-05,-3.85438e-05,1.162e-06,-1.0698e-06,3.6432e-06,0.0057050029,0.0005046564,-1.14062e-05,0.0036542047,1.53119e-05,0.0031009434,1.065649,-0.405833,1.972615,0.512084,0.493671,-0.540882,0.448895
1403715972.48393,0.556374,-2.322456,1.229245,0.538899,-0.48296,0.502692,0.472904,0.0005162466,1.2672e-05,-2.46372e-05,1.0684e-06,-5.854e-07,1.927e-06,0.0055497682,0.0005368426,-1.1342e-05,0.0037045045,1.62685e-05,0.0031064835,1.111976,-0.341786,2.034544,0.513982,0.49187,-0.530053,0.461445
1403715972.53393,0.564508,-2.287238,1.240318,0.54524,-0.489434,0.495915,0.466086,0.0005147528,1.19644e-05,-3.81192e-05,1.0333e-06,-8.676e-07,3.5803e-06,0.0054663969,0.0005357311,-1.17589e-05,0.003717419,1.76484e-05,0.0031096361,1.125961,-0.307063,2.04666,0.506496,0.497749,-0.537036,0.455304
1403715972.58393,0.57314,-2.24419,1.24922,0.554813,-0.501673,0.485516,0.452528,0.0005105209,7.9038e-06,-6.12821e-05,8.808e-07,-9.304e-07,8.1243e-06,0.0053868608,0.000531149,-1.19565e-05,0.0037311266,1.91761e-05,0.0031132948,1.140872,-0.265886,2.056889,0.491967,0.506325,-0.550073,0.446125
1403715972.63393,0.580401,-2.196005,1.261439,0.564563,-0.514932,0.473522,0.438053,0.0005034814,3.744e-06,-8.57309e-05,7.584e-07,-6.06e-07,1.53621e-05,0.0052772884,0.0005078979,-1.48787e-05,0.0037238727,1.73567e-05,0.0031103761,1.156284,-0.219077,2.066106,0.476437,0.515001,-0.564063,0.435451
1403715972.78393,0.611312,-2.03046,1.304283,0.591658,-0.559294,0.432968,0.386871,0.0004630165,-1.29031e-05,-0.0001594356,1.0372e-06,4.4943e-06,5.56942e-05,0.0049592217,0.000456251,-1.92432e-05,0.0037048153,1.33823e-05,0.0030910882,1.203682,-0.058817,2.079977,0.421493,0.538772,-0.610085,0.399836
1403715972.83394,0.62405,-1.979177,1.310981,0.597179,-0.570742,0.421765,0.373825,0.0004486879,-1.70074e-05,-0.0001755946,1.2742e-06,6.7161e-06,6.94958e-05,0.0048571664,0.000451324,-2.01898e-05,0.003682088,4.7428e-06,0.0030827216,1.218701,-0.003332,2.080219,0.407359,0.543416,-0.621709,0.390176
1403715973.23393,0.644013,-1.564606,1.286912,0.568037,-0.583175,0.437209,0.382216,0.000461081,-3.68901e-05,-0.0001587796,3.5763e-06,1.27783e-05,5.54454e-05,0.0042576737,0.0003174834,-2.51523e-05,0.0037083298,9.0066e-06,0.0030864089,1.289841,0.410371,2.054849,0.416858,0.51419,-0.630866,0.404779
1403715973.38393,0.624369,-1.413862,1.275486,0.569576,-0.591401,0.429064,0.376474,0.0004528472,-3.81006e-05,-0.000168575,3.8099e-06,1.4256e-05,6.35344e-05,0.0040835584,0.0002502392,-2.70127e-05,0.0036955296,9.4801e-06,0.0030854172,1.288634,0.564386,2.043562,0.41021,0.51554,-0.638855,0.397254
1403715973.48393,0.60273,-1.315576,1.267558,0.577666,-0.598872,0.414646,0.368406,0.0004398561,-3.39615e-05,-0.0001835631,3.2317e-06,1.42456e-05,7.74222e-05,0.0039825993,0.0002029668,-2.83012e-05,0.0036832384,1.01501e-05,0.003086568,1.278832,0.66608,2.036396,0.400894,0.523101,-0.646926,0.383584
1403715973.53393,0.589484,-1.268166,1.264779,0.581095,-0.603422,0.408071,0.36289,0.0004321709,-3.35168e-05,-0.000190846,3.1964e-06,1.48678e-05,8.51002e-05,0.0039377381,0.0001804003,-2.8767e-05,0.0036737336,1.00104e-05,0.0030854538,1.271451,0.715087,2.033494,0.394746,0.526356,-0.651556,0.377625
1403715973.68393,0.542295,-1.140729,1.260177,0.585727,-0.617863,0.398202,0.341474,0.0004102914,-4.24683e-05,-0.0002072664,5.0008e-06,2.1529e-05,0.0001055815,0.0038288914,0.000116805,-3.04625e-05,0.0036474819,1.07225e-05,0.0030863907,1.239499,0.84869,2.028623,0.372475,0.529998,-0.666122,0.369656
1403715973.73393,0.523211,-1.103726,1.259104,0.586318,-0.622316,0.39649,0.334289,0.0004035413,-4.64574e-05,-0.0002112532,5.9538e-06,2.4398e-05,0.0001114824,0.0038005634,9.72511e-05,-3.09407e-05,0.0036361597,1.07867e-05,0.0030863668,1.224759,0.887925,2.027131,0.365122,0.530368,-0.670471,0.368599
1403715973.93393,0.424851,-0.998148,1.256007,0.590582,-0.628963,0.391033,0.320486,0.0003895528,-5.09771e-05,-0.0002195787,7.2881e-06,2.88173e-05,0.0001247096,0.0037283579,3.05994e-05,-3.25696e-05,0.0035889389,1.08593e-05,0.0030876771,1.137314,1.008271,2.024789,0.350883,0.534338,-0.677176,0.364414
1403715973.98393,0.393899,-0.98308,1.25715,0.592821,-0.625696,0.389481,0.324611,0.0003923029,-4.62955e-05,-0.0002190771,6.0763e-06,2.59269e-05,0.0001232766,0.0037196061,1.60547e-05,-3.28171e-05,0.003572972,1.03714e-05,0.0030873291,1.108085,1.028626,2.025616,0.354901,0.537012,-0.673943,0.36258
1403715974.03393,0.360693,-0.9731,1.258616,0.594653,-0.619907,0.389433,0.332334,0.000398905,-3.99046e-05,-0.0002163444,4.6008e-06,2.17039e-05,0.0001182561,0.003713666,2.4076e-06,-3.30495e-05,0.0035574852,9.8317e-06,0.0030869609,1.076158,1.044976,2.027512,0.362673,0.539263,-0.668349,0.361904
1403715974.08393,0.326599,-0.966535,1.261231,0.595692,-0.613769,0.390337,0.3407,0.0004063794,-3.37029e-05,-0.0002125744,3.4021e-06,1.76812e-05,0.000112105,0.0037106834,-1.04138e-05,-3.32803e-05,0.0035427202,9.2661e-06,0.0030867028,1.042392,1.057812,2.029931,0.371094,0.5409,-0.662229,0.362173
1403715974.13393,0.288307,-0.965953,1.263922,0.595955,-0.606823,0.393066,0.349432,0.0004149369,-2.81774e-05,-0.0002070868,2.509e-06,1.40993e-05,0.00010424,0.0037086152,-2.30136e-05,-3.35351e-05,0.003524432,8.291e-06,0.0030861778,1.006804,1.067546,2.032604,0.380278,0.54136,-0.655569,0.364071
1403715974.18393,0.252026,-0.966631,1.266114,0.594921,-0.601241,0.39668,0.356685,0.0004226052,-2.46757e-05,-0.0002016093,2.0343e-06,1.18006e-05,9.70519e-05,0.0037109752,-3.53952e-05,-3.37093e-05,0.0035092289,7.6618e-06,0.003085831,0.969917,1.074519,2.035066,0.38782,0.540794,-0.649912,0.367086
1403715974.33394,0.139844,-0.977809,1.265825,0.596203,-0.590854,0.399904,0.368118,0.0004331212,-1.59821e-05,-0.0001938361,1.1866e-06,7.1678e-06,8.76086e-05,0.0037204421,-7.06993e-05,-3.43629e-05,0.0034789538,6.5282e-06,0.0030859819,0.85469,1.083374,2.034868,0.399525,0.542857,-0.639741,0.369347
1403715974.38394,0.1015,-0.984712,1.261022,0.597553,-0.589812,0.399361,0.368189,0.0004328604,-1.47552e-05,-0.0001941754,1.1003e-06,6.6318e-06,8.79651e-05,0.0037267734,-8.24207e-05,-3.458e-05,0.003470161,5.7024e-06,0.0030854645,0.815494,1.08329,2.030784,0.399531,0.5443,-0.638828,0.368797
1403715974.43394,0.062506,-0.992111,1.255111,0.599124,-0.589242,0.398165,0.367845,0.0004318925,-1.35023e-05,-0.0001951026,1.0192e-06,6.1092e-06,8.89972e-05,0.0037328791,-9.43368e-05,-3.47884e-05,0.0034624671,5.0427e-06,0.0030850579,0.775732,1.081731,2.025034,0.399089,0.545885,-0.638439,0.367605
1403715974.68394,-0.132678,-1.049409,1.223412,0.595949,-0.579541,0.408038,0.377468,0.0004447611,-1.10928e-05,-0.0001836285,8.877e-07,4.5827e-06,7.66682e-05,0.0037800603,-0.0001604997,-3.55292e-05,0.0034575672,2.6346e-06,0.0030846907,0.572521,1.049526,1.991404,0.409734,0.543064,-0.628921,0.376374
1403715974.73394,-0.177237,-1.053764,1.21517,0.595552,-0.577261,0.410031,0.379423,0.0004460391,-1.02755e-05,-0.0001806665,8.359e-07,4.1589e-06,7.40134e-05,0.0037841237,-0.0001698812,-3.47126e-05,0.0034450572,1.364e-07,0.0030819835,0.531529,1.039605,1.983398,0.412065,0.542543,-0.627023,0.377746
1403715974.83394,-0.25487,-1.085382,1.197096,0.59521,-0.575392,0.412246,0.380397,0.000447783,-1.0461e-05,-0.000178379,8.478e-07,4.162e-06,7.18896e-05,0.0038001654,-0.0002011825,-3.46889e-05,0.0034558867,-1.6206e-06,0.0030807653,0.450023,1.017746,1.965707,0.413259,0.542203,-0.625298,0.379783
1403715974.98394,-0.367559,-1.136436,1.168673,0.59549,-0.572243,0.41473,0.382007,0.0004497985,-9.5833e-06,-0.0001755071,8.153e-07,3.7299e-06,6.93111e-05,0.0038409845,-0.0002512143,-3.45135e-05,0.0034836351,-3.6707e-06,0.003079256,0.32869,0.980888,1.937761,0.41482,0.543068,-0.621936,0.382357
1403715975.03394,-0.404883,-1.153963,1.159705,0.596739,-0.57004,0.414753,0.383322,0.0004503393,-7.5069e-06,-0.0001744509,7.378e-07,2.8952e-06,6.8404e-05,0.0038544241,-0.0002681261,-3.43618e-05,0.0034947687,-4.5575e-06,0.0030784434,0.288564,0.96814,1.928652,0.416185,0.544397,-0.619941,0.382224
1403715975.08394,-0.44203,-1.172032,1.151248,0.598046,-0.567815,0.415386,0.383903,0.0004507661,-6.1475e-06,-0.0001735066,6.983e-07,2.3508e-06,6.76072e-05,0.0038690613,-0.0002858786,-3.40717e-05,0.0035073635,-5.5423e-06,0.0030776692,0.248884,0.954824,1.919849,0.41691,0.545767,-0.617932,0.382733
1403715975.48394,-0.710466,-1.326478,1.11031,0.606154,-0.544996,0.419055,0.399939,0.0004609344,1.3607e-05,-0.0001602279,1.0446e-06,-4.7597e-06,5.65149e-05,0.004015458,-0.0004485809,-3.31516e-05,0.0036508518,-1.04795e-05,0.003074328,-0.043876,0.834792,1.880879,0.433343,0.555702,-0.595965,0.385014
1403715975.53394,-0.739331,-1.342125,1.108736,0.606243,-0.543406,0.419958,0.401017,0.0004612756,1.44363e-05,-0.0001584755,1.092e-06,-4.992e-06,5.52463e-05,0.004030019,-0.0004662089,-3.24017e-05,0.0036673941,-1.12039e-05,0.0030730227,-0.075213,0.820124,1.881807,0.43434,0.556148,-0.59424,0.385911
1403715975.58394,-0.767244,-1.359571,1.109886,0.607812,-0.54321,0.419764,0.399106,0.0004595667,1.40671e-05,-0.0001596315,1.0702e-06,-4.9205e-06,5.62447e-05,0.0040441365,-0.0004846027,-3.20125e-05,0.0036860211,-1.18433e-05,0.0030721493,-0.104996,0.80617,1.883337,0.432698,0.557357,-0.594525,0.385573
1403715975.93394,-0.920692,-1.476042,1.136238,0.611846,-0.548957,0.416085,0.388796,0.0004480549,8.9777e-06,-0.0001676687,8.278e-07,-3.3939e-06,6.35573e-05,0.0041670452,-0.0006128838,-2.96702e-05,0.0038082421,-1.44174e-05,0.0030676953,-0.277503,0.71036,1.9183,0.42206,0.560851,-0.600706,0.382707
1403715975.98394,-0.938744,-1.492066,1.141109,0.612292,-0.549695,0.415075,0.388131,0.0004466208,9.0026e-06,-0.0001684739,8.285e-07,-3.4305e-06,6.43619e-05,0.0041885302,-0.000630299,-2.9427e-05,0.0038220708,-1.47652e-05,0.0030670713,-0.297537,0.69549,1.924479,0.421248,0.561296,-0.601463,0.381757
1403715976.03394,-0.955232,-1.508472,1.145193,0.613317,-0.550237,0.412937,0.388027,0.0004448095,1.01986e-05,-0.0001697801,8.814e-07,-3.9289e-06,6.56134e-05,0.0042070691,-0.0006473111,-2.92691e-05,0.0038373889,-1.51205e-05,0.0030665602,-0.316572,0.6804,1.93027,0.420901,0.562332,-0.602098,0.379609
1403715976.08394,-0.970807,-1.525297,1.149538,0.613356,-0.550776,0.412589,0.387569,0.0004439535,9.8966e-06,-0.0001700991,8.687e-07,-3.8288e-06,6.59808e-05,0.0042261357,-0.0006636182,-2.91138e-05,0.0038513099,-1.54361e-05,0.0030660988,-0.334393,0.665264,1.936076,0.420451,0.562193,-0.602809,0.379185
1403715976.93394,-0.995291,-1.828813,1.19771,0.643107,-0.5102,0.432149,0.373306,0.0004488903,1.85074e-05,-0.0001657156,1.4863e-06,-6.8732e-06,6.20479e-05,0.0046289225,-0.0008201585,-2.66613e-05,0.0038908429,-1.93778e-05,0.0030694841,-0.404332,0.357239,1.994281,0.407953,0.594859,-0.565713,0.399607
1403715976.98394,-0.982016,-1.848143,1.206184,0.645199,-0.507422,0.434471,0.370777,0.000447894,1.78505e-05,-0.0001652143,1.4116e-06,-6.6186e-06,6.1793e-05,0.0046587104,-0.0008190743,-2.61891e-05,0.003866901,-1.71521e-05,0.0030660615,-0.393812,0.337615,1.994148,0.405523,0.59734,-0.562979,0.402232
1403715977.03394,-0.967293,-1.866539,1.207055,0.64845,-0.503115,0.436652,0.368406,0.0004472272,1.8235e-05,-0.000164757,1.4374e-06,-6.7539e-06,6.15385e-05,0.0046868973,-0.0008164464,-2.59159e-05,0.0038515783,-1.7022e-05,0.003065401,-0.381924,0.317937,1.993661,0.403478,0.600761,-0.559214,0.404439
1403715977.58394,-0.714139,-2.02687,1.1988,0.719313,-0.395513,0.487467,0.297546,0.0004457645,2.04547e-05,-0.0001645436,1.6502e-06,-7.5747e-06,6.16143e-05,0.0049496014,-0.0006734488,-2.45361e-05,0.0036467567,-1.47404e-05,0.0030708664,-0.149918,0.114151,1.97688,0.337708,0.680509,-0.458844,0.460788
1403715977.68394,-0.650422,-2.049468,1.194998,0.734281,-0.365984,0.50092,0.27562,0.000445921,1.84043e-05,-0.0001636964,1.4675e-06,-6.7739e-06,6.09644e-05,0.0049803838,-0.0006296896,-2.45932e-05,0.0036081502,-1.3606e-05,0.0030721925,-0.088482,0.082083,1.972928,0.317298,0.697835,-0.431057,0.475964
1403715978.13394,-0.336277,-2.088495,1.177964,0.788666,-0.188584,0.551708,0.195093,0.0004521105,4.8172e-05,-0.0001503539,5.8441e-06,-1.60223e-05,5.08576e-05,0.0050556764,-0.0003694158,-2.80788e-05,0.0034733816,-8.3674e-06,0.0030837068,0.229341,-0.004565,1.953565,0.242023,0.767846,-0.259552,0.533361
1403715978.18394,-0.298076,-2.080594,1.17551,0.792728,-0.165583,0.555626,0.188266,0.0004515835,5.52296e-05,-0.0001486011,7.4574e-06,-1.81693e-05,4.9741e-05,0.005043115,-0.0003365051,-2.90186e-05,0.0034625898,-7.0867e-06,0.003085479,0.26883,-0.004375,1.951011,0.235456,0.774045,-0.236983,0.537827
1403715978.28394,-0.2205,-2.057844,1.170053,0.799326,-0.122336,0.56266,0.171828,0.0004499855,6.59127e-05,-0.0001465824,1.03507e-05,-2.14575e-05,4.85657e-05,0.0050059247,-0.000268453,-3.12865e-05,0.0034469305,-4.6956e-06,0.0030895071,0.350711,0.005244,1.944664,0.219632,0.784565,-0.194522,0.546246
1403715978.33394,-0.181554,-2.040284,1.167428,0.801313,-0.104507,0.567063,0.15942,0.0004505534,6.59447e-05,-0.0001459008,1.03376e-05,-2.1333e-05,4.80391e-05,0.004975678,-0.0002345141,-3.25834e-05,0.0034408298,-3.2231e-06,0.0030916278,0.392262,0.015649,1.941833,0.207558,0.788184,-0.176993,0.55169
1403715978.58394,0.011716,-1.91316,1.15098,0.805228,-0.039339,0.587795,0.067511,0.0004605402,3.08426e-05,-0.0001447013,2.7234e-06,-9.6443e-06,4.62053e-05,0.004775425,-7.71134e-05,-4.14911e-05,0.0034396714,1.969e-06,0.003103051,0.606726,0.118059,1.920783,0.117924,0.797896,-0.112441,0.58036
1403715978.63394,0.046799,-1.878876,1.147385,0.804476,-0.025535,0.591489,0.04803,0.000462721,2.34915e-05,-0.0001431453,1.8414e-06,-7.2228e-06,4.50111e-05,0.0047281244,-5.01504e-05,-4.36853e-05,0.0034446181,3.0245e-06,0.0031058793,0.648592,0.146737,1.915338,0.098925,0.798448,-0.098642,0.585635
1403715978.68394,0.084609,-1.845938,1.137099,0.804849,-0.011234,0.592646,0.029384,0.0004634137,1.70688e-05,-0.0001432408,1.2763e-06,-5.2244e-06,4.4986e-05,0.0046769136,-2.73789e-05,-4.48421e-05,0.0034497324,2.6925e-06,0.0031052485,0.689154,0.177157,1.909505,0.0804,0.800089,-0.084377,0.588454
1403715978.73394,0.117862,-1.810543,1.131889,0.805128,0.005427,0.592923,0.013495,0.0004634636,1.43039e-05,-0.0001436734,1.0924e-06,-4.3822e-06,4.52435e-05,0.0046312144,-4.075e-06,-4.75734e-05,0.0034581632,3.9829e-06,0.0031081651,0.728022,0.2089,1.903713,0.064643,0.801875,-0.067783,0.590108
1403715979.08394,0.30984,-1.542447,1.098864,-0.800156,-0.145973,-0.576828,0.075579,0.0004548331,2.33294e-05,-0.0001555093,1.7816e-06,-7.9362e-06,5.38116e-05,0.0043095908,9.00075e-05,-6.08551e-05,0.0035262358,1.7461e-06,0.0031109704,0.960824,0.461177,1.876919,0.025551,-0.809697,-0.072772,-0.581761
1403715979.13394,0.329451,-1.500171,1.099319,-0.794388,-0.164414,-0.577291,0.09301,0.0004574609,2.08568e-05,-0.0001526101,1.5279e-06,-6.9167e-06,5.15388e-05,0.004266405,9.59925e-05,-6.38835e-05,0.0035386315,1.6399e-06,0.0031133686,0.989322,0.501955,1.876689,0.042824,-0.805645,-0.09166,-0.5837
1403715979.18394,0.349745,-1.457637,1.101633,-0.786079,-0.183559,-0.579906,0.109972,0.0004617767,1.99118e-05,-0.0001470397,1.4389e-06,-6.2997e-06,4.74369e-05,0.0042273492,9.74309e-05,-6.78394e-05,0.00355191,2.0081e-06,0.0031163072,1.016227,0.5438,1.878849,0.059468,-0.799078,-0.111465,-0.587809
1403715979.23394,0.367985,-1.413503,1.106474,-0.775169,-0.201463,-0.584636,0.129332,0.0004681129,1.75766e-05,-0.000138221,1.2397e-06,-5.1492e-06,4.14116e-05,0.0041908742,9.86479e-05,-7.17411e-05,0.0035657977,2.1326e-06,0.0031191909,1.041155,0.586201,1.882692,0.078317,-0.789834,-0.130177,-0.594211
1403715979.53394,0.405955,-1.135962,1.1498,-0.716708,-0.328789,-0.582852,0.196243,0.0004743934,4.98365e-05,-0.0001202736,5.7078e-06,-1.25909e-05,3.09258e-05,0.0039868001,8.67896e-05,-7.64334e-05,0.0035984058,-1.24002e-05,0.0031110933,1.128971,0.841447,1.912247,0.144977,-0.743714,-0.261463,-0.597923
1403715979.58394,0.401231,-1.094162,1.156033,-0.710511,-0.346321,-0.576605,0.20679,0.0004726671,5.2067e-05,-0.0001226392,6.1955e-06,-1.34689e-05,3.22334e-05,0.0039369717,6.50658e-05,-7.82771e-05,0.0035917689,-1.42374e-05,0.0031123612,1.130877,0.884464,1.91726,0.156035,-0.739146,-0.279505,-0.592618
1403715979.63394,0.381677,-1.048547,1.166727,-0.703679,-0.363577,-0.570449,0.217338,0.0004709219,5.35129e-05,-0.0001252242,6.5057e-06,-1.41839e-05,3.36994e-05,0.0039046828,5.96005e-05,-7.73169e-05,0.0035925719,-1.73322e-05,0.0031129164,1.129003,0.927858,1.922671,0.166895,-0.734194,-0.297118,-0.587222
1403715980.13394,0.068685,-0.666636,1.244745,-0.587745,-0.512008,-0.515262,0.356242,0.0004815563,5.37625e-05,-0.0001072704,6.366e-06,-1.19522e-05,2.41923e-05,0.0037640965,-2.70851e-05,-9.35728e-05,0.0035919154,-3.63668e-05,0.0031265032,0.899258,1.353497,1.9913,0.309861,-0.632596,-0.455471,-0.544389
1403715980.18394,0.019911,-0.639146,1.251851,-0.575,-0.525757,-0.506219,0.369725,0.0004822031,5.31496e-05,-0.0001064914,6.222e-06,-1.17183e-05,2.38107e-05,0.0037658346,-3.44957e-05,-9.72303e-05,0.0035986109,-3.94297e-05,0.0031293965,0.855335,1.388771,1.997336,0.324079,-0.621179,-0.470347,-0.536551
1403715980.28394,-0.086866,-0.590568,1.261783,-0.553112,-0.551761,-0.481571,0.397135,0.0004824938,4.56406e-05,-0.0001098625,4.6831e-06,-1.03802e-05,2.53035e-05,0.0037825564,-3.40597e-05,-0.0001056174,0.0036346824,-4.53458e-05,0.0031351659,0.757336,1.451983,2.007387,0.353533,-0.601821,-0.498171,-0.514446
1403715980.38394,-0.204191,-0.562971,1.269081,-0.529917,-0.577723,-0.455275,0.422077,0.0004818991,3.9046e-05,-0.0001140621,3.5133e-06,-9.2399e-06,2.72778e-05,0.0037953463,-3.75537e-05,-0.0001103044,0.0036747947,-4.9359e-05,0.0031392872,0.647115,1.504342,2.015427,0.380687,-0.581044,-0.526265,-0.490422
1403715980.63394,-0.516632,-0.5364,1.289473,-0.459045,-0.630465,-0.384251,0.494108,0.0004881233,1.5287e-05,-0.0001083469,7.576e-07,-3.3974e-06,2.43096e-05,0.0038092946,-8.15012e-05,-0.0001168893,0.0038157878,-6.21618e-05,0.0031535526,0.338061,1.580395,2.03245,0.458745,-0.515247,-0.585239,-0.426115
1403715980.73394,-0.642799,-0.554139,1.29365,-0.427931,-0.652585,-0.353321,0.515919,0.0004882729,9.6278e-06,-0.000109243,4.656e-07,-2.1618e-06,2.47018e-05,0.0038444596,-8.59667e-05,-0.0001258162,0.003927296,-7.34186e-05,0.0031623695,0.210186,1.586618,2.035682,0.483199,-0.486245,-0.610183,-0.397197
1403715980.78394,-0.704385,-0.56617,1.295094,-0.412995,-0.663679,-0.33559,0.525685,0.0004876265,5.4221e-06,-0.0001111739,3.356e-07,-1.2448e-06,2.56091e-05,0.0038667524,-9.22799e-05,-0.0001307291,0.0039935981,-7.8576e-05,0.0031675007,0.146848,1.584368,2.036039,0.494497,-0.472363,-0.622614,-0.380397
1403715980.83394,-0.763317,-0.581011,1.294379,-0.397256,-0.675219,-0.318468,0.533708,0.000486545,2.8192e-06,-0.0001137545,2.891e-07,-6.689e-07,2.68599e-05,0.0038869782,-0.0001002094,-0.0001325725,0.0040600323,-8.28672e-05,0.0031688526,0.084454,1.579024,2.03606,0.504018,-0.457712,-0.635575,-0.364026
1403715981.13394,-1.065174,-0.704428,1.277075,-0.284898,-0.726055,-0.214185,0.588049,0.0004893803,-1.21026e-05,-0.0001085514,4.976e-07,2.6903e-06,2.42708e-05,0.0038401891,-0.0002897701,-7.30894e-05,0.0042513585,-6.6443e-05,0.0031303849,-0.257594,1.485753,2.038184,0.567419,-0.350232,-0.696512,-0.265045
1403715981.28394,-1.186199,-0.799439,1.279315,-0.217622,-0.745744,-0.162179,0.608444,0.0004918427,-1.16918e-05,-0.000104079,4.79e-07,2.4764e-06,2.22166e-05,0.0039083756,-0.0003572782,-7.53139e-05,0.0044150744,-7.70544e-05,0.0031368953,-0.394052,1.404281,2.041002,0.592353,-0.285019,-0.722257,-0.215018
1403715981.48394,-1.298339,-0.94372,1.288235,-0.12413,-0.761482,-0.081207,0.630986,0.0004954227,-1.68162e-05,-9.6187e-05,7.771e-07,3.2634e-06,1.88721e-05,0.0040527062,-0.0004821797,-7.94853e-05,0.0046384239,-9.37006e-05,0.0031479223,-0.527666,1.269267,2.050567,0.622032,-0.193306,-0.746411,-0.136332
1403715981.53394,-1.31612,-0.981494,1.292148,-0.099591,-0.761339,-0.061073,0.637742,0.0004976817,-1.73903e-05,-9.06387e-05,8.131e-07,3.1647e-06,1.67056e-05,0.0040935361,-0.0005115452,-8.03035e-05,0.0046824165,-9.83918e-05,0.0031510646,-0.550924,1.231899,2.054703,0.630554,-0.168851,-0.748485,-0.116902
1403715981.58394,-1.326948,-1.024536,1.295984,-0.074757,-0.760047,-0.041759,0.644202,0.000500066,-1.68422e-05,-8.45205e-05,7.667e-07,2.8426e-06,1.44826e-05,0.0041211554,-0.0005354088,-7.76186e-05,0.0047114659,-0.0001033243,0.0031534406,-0.56932,1.193553,2.059202,0.638679,-0.143985,-0.749481,-0.098195
1403715981.68394,-1.341763,-1.117551,1.309531,-0.023372,-0.758529,-0.005701,0.651195,0.000503001,-1.13682e-05,-7.73218e-05,4.388e-07,1.7458e-06,1.20753e-05,0.0041671748,-0.0005722862,-6.64774e-05,0.0047020305,-0.0001088996,0.0031557081,-0.5901,1.114631,2.068278,0.648819,-0.092717,-0.752663,-0.062787
1403715981.73394,-1.356654,-1.143412,1.317548,0.002998,-0.760086,0.010237,0.649735,0.0005027928,-6.065e-06,-7.89687e-05,2.521e-07,9.503e-07,1.25914e-05,0.0042102021,-0.0006047502,-6.05205e-05,0.0047154084,-0.0001151401,0.0031576546,-0.592325,1.074177,2.071732,0.648863,-0.066655,-0.756533,-0.046871
1403715981.88394,-1.303645,-1.289077,1.325735,0.077294,-0.77701,0.057801,0.622046,0.0004906986,2.88e-06,-0.000110556,1.868e-07,-6.483e-07,2.50802e-05,0.0043003686,-0.0006781414,-4.44086e-05,0.0046350398,-9.78574e-05,0.0031568707,-0.56821,0.950821,2.075874,0.625367,0.006013,-0.780304,0.003339
1403715981.93394,-1.279633,-1.32491,1.324597,0.10044,-0.780713,0.073271,0.612397,0.0004862101,4.2087e-06,-0.0001197776,2.067e-07,-1.0384e-06,2.9679e-05,0.0043766651,-0.0007149966,-4.0002e-05,0.0045969138,-9.84e-05,0.0031589058,-0.552066,0.909662,2.077053,0.617139,0.028764,-0.786086,0.019624
1403715982.03395,-1.224337,-1.394407,1.324515,0.14457,-0.780574,0.101266,0.599624,0.0004809111,7.4974e-06,-0.0001297035,2.803e-07,-2.029e-06,3.5152e-05,0.004436889,-0.0007493402,-2.2998e-05,0.0045413219,-0.0001007765,0.003162443,-0.510956,0.828164,2.080797,0.606902,0.072822,-0.789937,0.04869
1403715982.18395,-1.122391,-1.51789,1.33679,0.204094,-0.770163,0.141545,0.587503,0.0004786106,1.06233e-05,-0.000134039,3.891e-07,-2.984e-06,3.77017e-05,0.0045377026,-0.000768882,-3.5868e-06,0.0043955198,-9.10854e-05,0.0031644719,-0.4302,0.707903,2.088163,0.598336,0.133153,-0.784958,0.090047
1403715982.23395,-1.074398,-1.566541,1.340126,0.222592,-0.765281,0.154658,0.583849,0.0004784391,1.12666e-05,-0.000134428,4.01e-07,-3.1786e-06,3.79138e-05,0.004529359,-0.0007817677,1.02319e-05,0.0042460404,-7.307e-05,0.0031604705,-0.398897,0.66848,2.091051,0.59578,0.152005,-0.781795,0.103636
1403715982.38395,-0.951738,-1.67413,1.35184,0.274679,-0.749954,0.19483,0.569352,0.0004773714,1.00788e-05,-0.0001369399,3.474e-07,-2.9041e-06,3.94327e-05,0.0046936581,-0.0007621221,1.99787e-05,0.0041222927,-7.12679e-05,0.0031664915,-0.293073,0.551653,2.099709,0.584843,0.205329,-0.771218,0.144995
1403715982.43395,-0.904445,-1.711731,1.356098,0.292311,-0.743513,0.207422,0.564551,0.000477212,1.0666e-05,-0.0001373646,3.726e-07,-3.0839e-06,3.96859e-05,0.0047456246,-0.000735212,1.47578e-05,0.0040541735,-5.81928e-05,0.0031606431,-0.254019,0.513758,2.102489,0.581094,0.223638,-0.766387,0.158018
1403715982.48395,-0.86119,-1.740278,1.356321,0.310046,-0.736809,0.220504,0.558894,0.000476922,1.06854e-05,-0.0001380533,3.735e-07,-3.1073e-06,4.01092e-05,0.0048039547,-0.0007168078,1.69532e-05,0.0040128668,-5.6184e-05,0.0031618143,-0.213019,0.476425,2.104907,0.576595,0.241957,-0.761301,0.171521
1403715982.63395,-0.714273,-1.822778,1.359841,0.364557,-0.710345,0.259716,0.54319,0.000478013,1.33982e-05,-0.000136762,5.044e-07,-3.8479e-06,3.92766e-05,0.0049374833,-0.000642952,2.35292e-05,0.0038871062,-4.85714e-05,0.0031664558,-0.077556,0.369681,2.110362,0.564344,0.29871,-0.739846,0.211943
1403715982.68395,-0.661619,-1.847269,1.360625,0.382442,-0.701107,0.273954,0.53585,0.0004780067,1.27261e-05,-0.0001370689,4.673e-07,-3.6634e-06,3.94552e-05,0.0049820797,-0.0006131345,2.75734e-05,0.0038548343,-4.80134e-05,0.0031692175,-0.028625,0.335566,2.111506,0.55826,0.317393,-0.732259,0.226732
1403715982.73395,-0.568099,-1.879394,1.377224,0.400393,-0.691116,0.287688,0.52847,0.0004779669,1.24477e-05,-0.0001373573,4.451e-07,-3.5887e-06,3.96162e-05,0.0049745776,-0.0005658859,1.16847e-05,0.0038064324,-4.1765e-05,0.0031637247,0.021923,0.302267,2.112133,0.55186,0.336344,-0.723946,0.241308
1403715982.93395,-0.3312,-1.955394,1.382135,0.47299,-0.645846,0.339598,0.493798,0.0004767532,1.40854e-05,-0.000139994,5.331e-07,-4.1404e-06,4.12408e-05,0.0050737138,-0.0003493187,-1.8057e-06,0.0036776915,-2.88328e-05,0.0031617206,0.240049,0.183952,2.115831,0.521788,0.412795,-0.685351,0.296033
1403715982.98395,-0.269741,-1.971406,1.382857,0.48876,-0.633799,0.352995,0.484569,0.0004771078,1.29675e-05,-0.0001397743,4.7e-07,-3.8027e-06,4.10819e-05,0.0050861169,-0.0002988105,-2.0742e-06,0.0036628791,-2.71103e-05,0.0031626357,0.297911,0.158536,2.116781,0.513734,0.429617,-0.674749,0.3102
1403715983.03395,-0.208135,-1.984724,1.383514,0.504296,-0.621516,0.365812,0.474957,0.0004772641,1.20319e-05,-0.0001398405,4.212e-07,-3.5293e-06,4.11083e-05,0.0051139832,-0.0002485512,-3.9e-07,0.0036517215,-2.55114e-05,0.0031643533,0.356898,0.134835,2.117041,0.505238,0.446215,-0.663908,0.323817
1403715983.43395,0.30561,-2.032116,1.382119,0.621504,-0.500457,0.464483,0.384097,0.0004807389,6.2309e-06,-0.0001365825,2.104e-07,-1.7709e-06,3.89516e-05,0.0052441982,0.0001839841,1.08839e-05,0.0037368624,-8.6335e-06,0.003181801,0.854251,0.010577,2.117472,0.423271,0.573832,-0.553734,0.43005
1403715983.48395,0.373526,-2.026577,1.384208,0.632247,-0.481261,0.480234,0.371519,0.0004838991,3.7016e-06,-0.0001316787,1.594e-07,-1.0072e-06,3.598e-05,0.0052458258,0.0002331212,1.12764e-05,0.0037655795,-7.1305e-06,0.0031837591,0.917516,0.004446,2.118143,0.412072,0.586246,-0.535571,0.446857
1403715983.53395,0.440161,-2.021513,1.384588,0.641334,-0.461679,0.497101,0.358377,0.0004877364,2.473e-07,-0.0001252409,1.326e-07,-6.33e-08,3.23064e-05,0.0052375319,0.0002881501,1.12579e-05,0.0038030271,-4.5864e-06,0.0031859277,0.980336,0.000844,2.119256,0.400449,0.597003,-0.516885,0.464827
1403715983.58395,0.508851,-2.007812,1.393266,0.648881,-0.441798,0.514197,0.345498,0.0004919301,-3.0647e-06,-0.0001175247,1.505e-07,7.321e-07,2.82184e-05,0.005205605,0.000336236,1.4708e-06,0.0038371235,-7.811e-06,0.003181464,1.042419,-0.000124,2.120907,0.389057,0.606344,-0.497687,0.483007
1403715983.88395,0.832217,-1.89382,1.399712,0.689478,-0.332005,0.589592,0.258406,0.0005049387,-1.80392e-05,-8.77763e-05,7.824e-07,3.1373e-06,1.53994e-05,0.005050252,0.0005542068,-1.1935e-06,0.0041177162,3.4248e-06,0.0031942202,1.372638,0.06744,2.129541,0.30883,0.6566,-0.39189,0.56562
1403715983.93395,0.87496,-1.863254,1.401184,0.696662,-0.314983,0.596491,0.244225,0.0005054307,-1.82431e-05,-8.67473e-05,7.98e-07,3.1324e-06,1.50303e-05,0.0050147849,0.0005702708,-1.8018e-06,0.004162974,5.5038e-06,0.0031967433,1.416978,0.091436,2.131341,0.295287,0.665276,-0.375582,0.57372
1403715984.33395,1.059008,-1.544154,1.423519,0.751081,-0.198367,0.617438,0.123682,0.0004978546,-3.01673e-05,-0.0001055559,1.9802e-06,6.398e-06,2.25362e-05,0.0047006566,0.0005273842,-7.2367e-06,0.0044425011,1.69441e-05,0.003215967,1.630775,0.382114,2.152349,0.176895,0.729978,-0.264244,0.604994
1403715984.38395,1.063795,-1.500498,1.427617,0.755016,-0.183127,0.619755,0.110989,0.0004979352,-3.02875e-05,-0.0001056648,1.9962e-06,6.4289e-06,2.25805e-05,0.004661607,0.0005006298,-8.1244e-06,0.0044607411,1.86862e-05,0.003219522,1.639473,0.425848,2.156961,0.164443,0.73527,-0.249395,0.608393
1403715984.43395,1.064767,-1.456751,1.432293,0.758546,-0.166302,0.621934,0.100744,0.0004986145,-2.75694e-05,-0.0001052077,1.6798e-06,5.8186e-06,2.23583e-05,0.0046316124,0.0004757441,-9.1754e-06,0.0044773399,2.05506e-05,0.0032230777,1.644133,0.470474,2.162043,0.154419,0.740294,-0.23294,0.611441
1403715984.48395,1.061985,-1.412434,1.437071,0.762943,-0.149605,0.622431,0.090094,0.0004984108,-2.489e-05,-0.0001066504,1.3993e-06,5.3268e-06,2.29823e-05,0.0046003204,0.0004482913,-1.09077e-05,0.0044902893,2.22177e-05,0.0032268086,1.644737,0.51587,2.167112,0.143836,0.746177,-0.216686,0.612846
1403715984.78395,0.987829,-1.147903,1.45587,0.801614,-0.042052,0.596196,0.01404,0.000479267,-1.38663e-05,-0.0001445974,5.587e-07,4.1802e-06,4.37858e-05,0.0044163068,0.0002181969,-3.60052e-05,0.004434929,2.5951e-05,0.0032436795,1.583343,0.800549,2.189967,0.065656,0.794277,-0.112807,0.593373
1403715984.83395,0.950942,-1.123462,1.456429,-0.802543,0.025747,-0.596018,0.004944,0.0004787348,-1.9195e-05,-0.0001450141,9.243e-07,5.8075e-06,4.40777e-05,0.0043591383,0.0001535976,-4.91265e-05,0.0043946308,2.53335e-05,0.0032353574,1.566341,0.848899,2.193414,0.046816,0.7967,-0.096485,0.594786
1403715984.88395,0.930029,-1.082131,1.458904,-0.802687,0.00867,-0.595901,0.022811,0.0004787319,-2.3515e-05,-0.0001446118,1.3106e-06,7.096e-06,4.38373e-05,0.0043632411,0.0001225959,-5.2504e-05,0.0043693205,2.65199e-05,0.0032391487,1.547457,0.896438,2.196993,0.028995,0.798363,-0.079456,0.596211
1403715985.08395,0.802153,-0.957277,1.471334,-0.796628,-0.061286,-0.597486,0.068104,0.0004832246,-1.76112e-05,-0.0001394769,7.919e-07,5.067e-06,4.04047e-05,0.004277005,-6.23567e-05,-8.12165e-05,0.0042352646,3.35427e-05,0.0032246848,1.4549,1.072609,2.211181,0.015863,-0.798632,0.009009,-0.601545
1403715985.18395,0.729026,-0.876471,1.477637,-0.794609,-0.085692,-0.596132,0.076681,0.0004837338,-1.00571e-05,-0.0001398944,3.531e-07,2.8968e-06,4.06021e-05,0.0042319239,-7.19209e-05,-7.38649e-05,0.0041273796,2.37674e-05,0.0032230473,1.397226,1.151659,2.21822,0.024543,-0.798858,-0.015324,-0.600824
1403715985.23395,0.696487,-0.847166,1.480527,-0.793378,-0.095162,-0.596322,0.076789,0.0004842198,-4.2286e-06,-0.0001396612,1.819e-07,1.207e-06,4.04284e-05,0.0042240091,-0.0001119888,-7.82988e-05,0.0040971541,2.47083e-05,0.0032248479,1.365798,1.189506,2.222193,0.024616,-0.798478,-0.024872,-0.601006
1403715985.38395,0.594146,-0.757163,1.491366,-0.791108,-0.117135,-0.597315,0.060353,0.000483,2.22742e-05,-0.0001405916,1.1739e-06,-6.4984e-06,4.10708e-05,0.0042117298,-0.0001754557,-8.46996e-05,0.0040227715,2.47752e-05,0.0032283234,1.261802,1.300336,2.235451,0.008187,-0.798224,-0.046835,-0.600482
1403715985.43395,0.555305,-0.729976,1.494988,-0.791885,-0.114055,-0.596879,0.06037,0.0004829785,2.03879e-05,-0.0001411522,1.0091e-06,-5.9731e-06,4.14016e-05,0.004215476,-0.0002019511,-8.87944e-05,0.0040065175,2.52019e-05,0.0032300067,1.223671,1.33771,2.239315,0.00827,-0.79877,-0.043685,-0.599991
1403715985.48395,0.502028,-0.672534,1.498835,-0.794781,-0.107779,-0.594196,0.060312,0.0004814731,1.59294e-05,-0.0001441952,6.732e-07,-4.7832e-06,4.33279e-05,0.0041659771,-0.0001938526,-6.94162e-05,0.003951334,1.76302e-05,0.0032199115,1.183942,1.375241,2.242181,0.008407,-0.801191,-0.036706,-0.597224
1403715985.53395,0.448535,-0.634622,1.502674,-0.800043,-0.099253,-0.588659,0.059667,0.0004777952,1.06066e-05,-0.0001503024,3.82e-07,-3.3475e-06,4.7425e-05,0.0041476271,-0.0002141345,-6.82767e-05,0.0039172941,1.61074e-05,0.0032190066,1.142765,1.413175,2.244218,0.008247,-0.805755,-0.027611,-0.591548
1403715985.68395,0.322153,-0.539852,1.503279,-0.824919,-0.070223,-0.558514,0.051379,0.0004533565,-3.2124e-06,-0.0001810532,1.696e-07,1.2758e-06,7.24585e-05,0.0041059369,-0.0002358366,-6.27151e-05,0.0038448251,1.10846e-05,0.0032172214,1.015468,1.528493,2.246147,0.002663,-0.828065,0.003615,-0.560616
1403715985.73395,0.269563,-0.508891,1.503721,-0.83395,-0.060982,-0.54622,0.049508,0.0004421765,-7.7157e-06,-0.0001921386,2.826e-07,3.346e-06,8.36468e-05,0.004097553,-0.0002482936,-5.94684e-05,0.0038323193,9.7618e-06,0.0032152627,0.973764,1.567262,2.244037,0.001868,-0.836299,0.013656,-0.548102
1403715985.78395,0.154177,-0.434163,1.505325,-0.841162,-0.049997,-0.536001,0.051477,0.0004320899,-1.59907e-05,-0.0002006188,7.277e-07,7.4259e-06,9.32989e-05,0.0039588017,-0.0001732739,-3.71608e-05,0.0037450962,-2.3212e-06,0.0032071335,0.933918,1.606163,2.240437,0.004749,-0.842747,0.025678,-0.537678
1403715985.83395,0.113699,-0.401902,1.501019,-0.846324,-0.039169,-0.528508,0.053674,0.000424871,-2.33942e-05,-0.0002058889,1.4253e-06,1.13397e-05,9.99273e-05,0.003950929,-0.0001788527,-3.68098e-05,0.0037149602,-4.9721e-06,0.0032064506,0.896272,1.64433,2.234996,0.00753,-0.846933,0.036993,-0.530359
1403715985.98394,0.008662,-0.314371,1.467787,-0.845799,-0.014886,-0.530321,0.056226,0.0004251222,-3.75424e-05,-0.000203931,3.4585e-06,1.80152e-05,9.79862e-05,0.0039540717,-0.0001792711,-3.72256e-05,0.0037025004,-7.4541e-06,0.0032059866,0.798733,1.751596,2.202403,0.009781,-0.844296,0.061289,-0.532271
1403715986.03394,-0.029254,-0.281975,1.450874,-0.843213,-0.009555,-0.534517,0.056503,0.0004287175,-4.0439e-05,-0.0002005152,3.958e-06,1.89206e-05,9.39429e-05,0.003947175,-0.0001729024,-3.64201e-05,0.0036983754,-8.7188e-06,0.0032055156,0.77075,1.784693,2.185295,0.009631,-0.841293,0.066474,-0.53639
1403715986.08394,-0.065105,-0.251956,1.430909,-0.839806,-0.005276,-0.539946,0.056177,0.0004335389,-4.23821e-05,-0.0001961178,4.2876e-06,1.91795e-05,8.88763e-05,0.0039456091,-0.0001668177,-3.62643e-05,0.0036955607,-9.6008e-06,0.003205255,0.744915,1.816248,2.165404,0.008844,-0.83758,0.070425,-0.541685
1403715986.53394,-0.256622,-0.083499,1.219804,-0.822703,-0.016482,-0.567352,0.031629,0.0004607909,-1.63835e-05,-0.0001746299,7.444e-07,6.2123e-06,6.63533e-05,0.0039959071,-0.0001385527,-3.60442e-05,0.0037231187,-1.46439e-05,0.0032048763,0.576106,2.010938,1.957008,0.017986,0.821855,-0.057708,0.566482
1403715986.58394,-0.287062,-0.064923,1.193114,-0.828867,-0.019193,-0.558335,0.029563,0.0004530964,-1.33905e-05,-0.0001831993,5.542e-07,5.4156e-06,7.42475e-05,0.0039917937,-0.0001257522,-3.58159e-05,0.0037283112,-1.5458e-05,0.0032045158,0.55933,2.026759,1.93056,0.019398,0.828311,-0.055764,0.55715
1403715986.63394,-0.306149,-0.050995,1.164169,-0.83647,-0.021454,-0.54687,0.028131,0.0004429325,-1.13183e-05,-0.0001933658,4.488e-07,4.9417e-06,8.45961e-05,0.0039966355,-0.0001167206,-3.53646e-05,0.0037356743,-1.63017e-05,0.0032044234,0.543405,2.04216,1.903295,0.019705,0.8361,-0.054028,0.545556
1403715986.88394,-0.356078,0.007575,1.036591,-0.847733,-0.027549,-0.529011,0.027156,0.0004264594,-7.8357e-06,-0.0002080489,3.15e-07,3.8211e-06,0.0001016992,0.0040241079,-9.52426e-05,-3.24546e-05,0.0037527778,-1.9335e-05,0.0032045653,0.502666,2.112336,1.777979,0.019337,0.847823,-0.049118,0.527645
1403715987.03395,-0.347306,0.039334,0.977422,-0.831076,-0.015896,-0.555108,0.03026,0.0004510672,-1.58774e-05,-0.0001861417,7.38e-07,6.5512e-06,7.70136e-05,0.0040402414,-8.97705e-05,-3.05277e-05,0.0037521145,-2.05554e-05,0.0032046946,0.511024,2.147631,1.715725,0.018331,0.830227,-0.058846,0.554008
1403715987.13395,-0.33267,0.054312,0.943358,-0.818527,0.003562,-0.573391,0.034989,0.0004653977,-3.02544e-05,-0.000168241,2.149e-06,1.09372e-05,6.10118e-05,0.0040330408,-8.01968e-05,-3.07841e-05,0.0037406848,-1.97886e-05,0.0032035191,0.521809,2.167596,1.676003,0.015027,0.81606,-0.076653,0.572665
1403715987.23395,-0.327338,0.071001,0.907264,-0.808424,0.024458,-0.586864,0.038003,0.0004739296,-4.5052e-05,-0.0001539755,4.4707e-06,1.46384e-05,5.02175e-05,0.0040345306,-7.98695e-05,-3.04943e-05,0.0037353506,-1.97378e-05,0.0032027547,0.530989,2.182615,1.637192,0.013408,0.804143,-0.096792,0.58635
1403715987.28395,-0.323773,0.075656,0.891541,-0.804517,0.033908,-0.591774,0.037495,0.0004761728,-5.0268e-05,-0.0001484863,5.4962e-06,1.56764e-05,4.64934e-05,0.004028785,-7.64598e-05,-3.09053e-05,0.003732788,-1.91886e-05,0.0032014361,0.533768,2.187399,1.61828,0.014406,0.799404,-0.105858,0.59122
1403715987.78396,-0.372419,0.064055,0.738013,0.818595,-0.027597,0.573605,0.01086,0.0004668721,-6.7492e-06,-0.0001693423,3.154e-07,2.443e-06,6.16459e-05,0.0040165567,-5.94368e-05,-2.57821e-05,0.0037474084,-2.21999e-05,0.0032011976,0.49653,2.176508,1.453021,0.061054,0.813976,-0.100614,0.568852
1403715987.83396,-0.380645,0.06237,0.723675,0.823251,-0.025866,0.566975,0.011274,0.0004608717,-5.2227e-06,-0.0001757079,2.777e-07,1.9855e-06,6.7214e-05,0.0040118337,-5.72675e-05,-2.53863e-05,0.0037489044,-2.23439e-05,0.0032007125,0.490307,2.174481,1.437607,0.060877,0.818744,-0.099252,0.562229
1403715987.88396,-0.388844,0.059659,0.70967,0.828023,-0.023896,0.560063,0.011684,0.0004546515,-3.5376e-06,-0.0001821028,2.484e-07,1.4108e-06,7.31675e-05,0.0040083031,-5.4966e-05,-2.48055e-05,0.0037512576,-2.26263e-05,0.0032006083,0.48426,2.172612,1.422561,0.06084,0.823632,-0.097838,0.555299
1403715987.93396,-0.396243,0.057311,0.696154,0.832195,-0.022559,0.553922,0.010636,0.0004489341,-3.4699e-06,-0.0001875758,2.504e-07,1.4436e-06,7.8608e-05,0.0040046068,-5.31826e-05,-2.4259e-05,0.0037535888,-2.28856e-05,0.0032005582,0.479104,2.170783,1.40777,0.059363,0.82787,-0.097,0.549271
1403715988.28395,-0.402745,0.049001,0.625441,0.820168,-0.011056,0.571952,0.008564,0.0004648911,8.086e-07,-0.0001707579,2.478e-07,-3.055e-07,6.29682e-05,0.0039961284,-4.87255e-05,-2.19485e-05,0.0037554884,-2.39469e-05,0.0032005117,0.481141,2.158454,1.329219,0.059243,0.816847,-0.084629,0.56753
1403715988.33395,-0.403809,0.048451,0.617675,0.816954,-0.008642,0.576575,0.008514,0.0004678136,2.0546e-06,-0.000165887,2.565e-07,-7.371e-07,5.90693e-05,0.003992955,-4.85263e-05,-2.19653e-05,0.003754655,-2.41794e-05,0.0031999498,0.483868,2.157808,1.320701,0.060232,0.813759,-0.082716,0.572125
1403715988.38395,-0.401764,0.048831,0.610983,0.813717,-0.008564,0.581162,0.006544,0.0004706122,4.471e-07,-0.0001609648,2.49e-07,-1.603e-07,5.52991e-05,0.0039853914,-4.63288e-05,-2.24844e-05,0.0037537777,-2.41901e-05,0.0031994768,0.48675,2.157808,1.313092,0.058949,0.810491,-0.082617,0.576892
1403715988.63395,-0.396029,0.055682,0.579411,-0.81002,0.024242,-0.585741,0.013677,0.0004725238,-2.51488e-05,-0.0001557161,1.6027e-06,8.2844e-06,5.15704e-05,0.0039828405,-4.34009e-05,-2.22183e-05,0.0037525196,-2.46283e-05,0.0031989013,0.491997,2.162327,1.27946,0.038678,0.805455,-0.097108,0.583366
1403715988.68395,-0.39683,0.05606,0.573803,-0.811154,0.028953,-0.583791,0.019464,0.0004697531,-3.23977e-05,-0.0001572776,2.5005e-06,1.08454e-05,5.29147e-05,0.003981469,-4.30906e-05,-2.23061e-05,0.0037513212,-2.47517e-05,0.0031985455,0.490096,2.162618,1.273614,0.032711,0.806145,-0.101825,0.581973
1403715988.78395,-0.397979,0.054428,0.563077,-0.815809,0.033886,-0.576869,0.023017,0.0004628302,-3.76569e-05,-0.000163696,3.3335e-06,1.33185e-05,5.81604e-05,0.0039750081,-4.21904e-05,-2.22937e-05,0.003752778,-2.48839e-05,0.0031980713,0.483762,2.160006,1.263775,0.028078,0.810398,-0.106328,0.575466
1403715988.83395,-0.396422,0.053657,0.558483,-0.818964,0.034018,-0.572487,0.019969,0.0004579825,-3.50254e-05,-0.0001676251,2.9498e-06,1.28198e-05,6.16187e-05,0.0039648332,-4.3578e-05,-2.20414e-05,0.003751101,-2.46851e-05,0.0031977424,0.479671,2.156533,1.259651,0.029929,0.813644,-0.105559,0.570917
1403715989.13394,-0.410267,0.010323,0.547615,-0.825758,0.025295,-0.563456,0.000495,0.0004519546,-1.4271e-05,-0.0001767907,7.421e-07,5.5801e-06,6.94442e-05,0.0039425876,-4.81445e-05,-2.09353e-05,0.0037547594,-2.48589e-05,0.0031981173,0.457322,2.114577,1.24983,0.048467,0.82109,-0.097326,0.560348
1403715989.18394,-0.411533,0.001987,0.546744,0.825929,-0.025321,0.563206,0.000363,0.0004506499,-1.36057e-05,-0.000176598,7.014e-07,5.3304e-06,6.94922e-05,0.0039328034,-4.95565e-05,-2.10669e-05,0.0037541705,-2.46969e-05,0.0031976506,0.454995,2.105718,1.249465,0.049301,0.821247,-0.097479,0.560019
1403715989.23394,-0.411704,-0.007058,0.546459,0.826231,-0.025142,0.562767,0.00177,0.0004498463,-1.22966e-05,-0.0001767691,6.291e-07,4.8309e-06,6.9752e-05,0.0039266037,-5.09644e-05,-2.09028e-05,0.003754112,-2.4632e-05,0.0031975278,0.45336,2.096568,1.249219,0.050635,0.821568,-0.097272,0.559464
1403715989.28394,-0.411704,-0.016132,0.545939,0.825875,-0.025786,0.563259,0.00218,0.0004497597,-1.23421e-05,-0.0001761154,6.342e-07,4.8323e-06,6.92538e-05,0.0039204312,-5.26926e-05,-2.07481e-05,0.003753674,-2.45697e-05,0.0031974256,0.452297,2.087233,1.248923,0.051059,0.821151,-0.097874,0.559933
1403715989.53394,-0.401156,-0.062767,0.54333,0.825847,-0.027033,0.563229,0.004216,0.0004491559,-1.13554e-05,-0.0001758804,5.967e-07,4.4471e-06,6.91765e-05,0.0038994359,-6.22562e-05,-1.98439e-05,0.003749645,-2.42764e-05,0.0031970695,0.453803,2.038793,1.247283,0.052913,0.820993,-0.09881,0.559828
1403715989.58394,-0.397501,-0.072074,0.54317,0.824754,-0.026681,0.564839,0.005142,0.0004500041,-1.05003e-05,-0.0001741044,5.559e-07,4.0632e-06,6.76636e-05,0.0038933372,-6.46219e-05,-1.97225e-05,0.0037475485,-2.41845e-05,0.0031968117,0.455698,2.028676,1.24727,0.053928,0.819918,-0.098311,0.561392
1403715989.63394,-0.393073,-0.081544,0.543483,0.822236,-0.02616,0.568509,0.00638,0.0004526399,-9.3642e-06,-0.0001704538,5.071e-07,3.527e-06,6.4491e-05,0.0038877751,-6.70384e-05,-1.94926e-05,0.0037454211,-2.40889e-05,0.0031966311,0.45839,2.01816,1.24771,0.055429,0.817449,-0.097505,0.564975
1403715990.23394,-0.360137,-0.169333,0.49704,0.815379,-0.012344,0.578593,0.015351,0.0004616313,5.1044e-06,-0.0001608244,4.14e-07,-1.7816e-06,5.63626e-05,0.0038625462,-8.42413e-05,-1.77145e-05,0.0037314559,-2.37004e-05,0.0031972422,0.475708,1.925523,1.203291,0.06519,0.811714,-0.083087,0.574427
1403715990.28394,-0.361369,-0.171826,0.489171,0.815662,-0.011911,0.578194,0.015663,0.0004605506,5.6906e-06,-0.0001608426,4.2e-07,-1.9906e-06,5.65043e-05,0.0038588602,-8.37455e-05,-1.6743e-05,0.0037333872,-2.34269e-05,0.0031955614,0.474941,1.922132,1.195964,0.065176,0.812099,-0.082334,0.573994
1403715990.33394,-0.361716,-0.172652,0.478783,0.81586,-0.011997,0.577874,0.017011,0.0004592154,6.8373e-06,-0.0001608268,4.382e-07,-2.3999e-06,5.66553e-05,0.0038553087,-8.39075e-05,-1.61995e-05,0.0037335856,-2.28733e-05,0.0031938777,0.474092,1.919622,1.188555,0.065728,0.812492,-0.081371,0.573512
1403715990.63394,-0.363446,-0.171474,0.409531,0.820865,-0.007872,0.570745,0.019195,0.0004532194,1.08657e-05,-0.0001672675,6.221e-07,-4.0172e-06,6.20844e-05,0.0038546757,-8.07346e-05,-1.56842e-05,0.0037355769,-2.27089e-05,0.0031944987,0.470591,1.922602,1.110935,0.06751,0.817707,-0.077793,0.566345
1403715990.68394,-0.36324,-0.168152,0.393724,0.822635,-0.006893,0.568196,0.019438,0.000450669,1.16856e-05,-0.0001695116,6.682e-07,-4.4031e-06,6.41124e-05,0.003853458,-8.03155e-05,-1.55296e-05,0.0037351247,-2.26999e-05,0.0031947042,0.470871,1.926613,1.093639,0.06782,0.819471,-0.077367,0.56381
1403715990.73394,-0.364797,-0.163504,0.376844,0.824277,-0.006329,0.565844,0.018664,0.0004483732,1.14112e-05,-0.0001716204,6.596e-07,-4.3758e-06,6.60465e-05,0.003852354,-7.9704e-05,-1.54181e-05,0.0037347485,-2.26954e-05,0.0031949449,0.47172,1.931619,1.075856,0.067258,0.821067,-0.07748,0.561535
1403715990.78394,-0.36388,-0.158058,0.360332,0.82509,-0.005692,0.56466,0.01877,0.0004470284,1.18341e-05,-0.0001725866,6.864e-07,-4.5773e-06,6.6991e-05,0.0038513514,-7.88281e-05,-1.53576e-05,0.0037349211,-2.27274e-05,0.0031951978,0.473373,1.937409,1.058449,0.067546,0.821881,-0.077241,0.560342
1403715991.18394,-0.336219,-0.082057,0.28725,0.820065,-0.00359,0.572021,0.016514,0.0004531809,1.11695e-05,-0.0001658533,6.856e-07,-4.0986e-06,6.10876e-05,0.0038703788,-6.83371e-05,-1.52828e-05,0.0037260311,-2.29052e-05,0.0031986468,0.514789,2.011382,0.975315,0.06699,0.81693,-0.075459,0.567841
1403715991.23394,-0.33573,-0.079902,0.290151,0.820544,0.001347,0.571161,0.02191,0.0004522435,1.81258e-05,-0.0001663924,1.1415e-06,-6.6819e-06,6.16137e-05,0.0038704455,-6.76855e-05,-1.50273e-05,0.0037279273,-2.30058e-05,0.0031991393,0.515823,2.014276,0.978358,0.072374,0.817819,-0.070606,0.566524
1403715991.28394,-0.335805,-0.079675,0.290114,0.81941,0.003165,0.572665,0.024742,0.0004533439,2.13781e-05,-0.0001648079,1.4284e-06,-7.7852e-06,6.03105e-05,0.0038714253,-6.73131e-05,-1.46937e-05,0.0037283417,-2.30531e-05,0.0031996758,0.515852,2.015755,0.978649,0.075395,0.816819,-0.06875,0.567799
1403715991.88394,-0.345331,-0.090721,0.281529,0.818028,-0.006877,0.575023,0.011493,0.0004570246,5.3001e-06,-0.0001634798,5.473e-07,-1.9051e-06,5.89304e-05,0.0038942596,-6.51569e-05,-9.6365e-06,0.0037428998,-2.36761e-05,0.0032129756,0.513656,2.01215,0.971171,0.0628,0.814512,-0.078446,0.571378
1403715991.93394,-0.348949,-0.087991,0.280773,0.818282,-0.007346,0.574663,0.011106,0.0004567887,4.697e-06,-0.0001639061,5.386e-07,-1.6926e-06,5.92661e-05,0.0038970006,-6.34865e-05,-9.3645e-06,0.0037403345,-2.30682e-05,0.003209734,0.513668,2.012068,0.971184,0.062288,0.814753,-0.078849,0.571035
1403715991.98394,-0.350322,-0.088626,0.281212,0.818119,-0.007098,0.574893,0.01135,0.0004570918,5.0814e-06,-0.0001636735,5.526e-07,-1.827e-06,5.90636e-05,0.0039020066,-6.23351e-05,-8.812e-06,0.0037414813,-2.30101e-05,0.0032097135,0.51363,2.01205,0.971114,0.062575,0.814605,-0.078583,0.571251
1403715992.03394,-0.351646,-0.089185,0.281732,0.818185,-0.007358,0.574801,0.01107,0.0004571185,4.7151e-06,-0.000163801,5.507e-07,-1.6971e-06,5.91554e-05,0.0039064578,-6.21135e-05,-8.2169e-06,0.003741848,-2.29398e-05,0.0032098316,0.513709,2.0121,0.971174,0.062329,0.81465,-0.078828,0.57118
1403715992.08394,-0.353009,-0.089299,0.282075,0.818323,-0.007272,0.574605,0.011141,0.0004570585,4.813e-06,-0.000164021,5.586e-07,-1.7349e-06,5.9325e-05,0.0039113151,-6.18508e-05,-7.6065e-06,0.0037423674,-2.2876e-05,0.0032100336,0.513661,2.01204,0.971212,0.062392,0.814787,-0.078741,0.570989
1403715992.13394,-0.354532,-0.089478,0.282536,0.818102,-0.007288,0.574919,0.011165,0.0004574089,4.8222e-06,-0.0001637464,5.648e-07,-1.7341e-06,5.9087e-05,0.0039168446,-6.14229e-05,-6.9916e-06,0.00374295,-2.28186e-05,0.0032102863,0.513576,2.012104,0.971308,0.062469,0.814567,-0.078721,0.571298
1403715992.33394,-0.360948,-0.090862,0.283375,0.818325,-0.007362,0.574603,0.011035,0.0004575604,4.6783e-06,-0.0001641805,5.861e-07,-1.6867e-06,5.93985e-05,0.0039438926,-5.9197e-05,-4.2167e-06,0.0037486369,-2.27163e-05,0.0032143076,0.513698,2.01237,0.971268,0.06239,0.814781,-0.078771,0.570995
1403715992.38394,-0.362654,-0.091021,0.283919,0.818226,-0.007439,0.574744,0.011,0.0004577723,4.6073e-06,-0.0001640774,5.909e-07,-1.6595e-06,5.93004e-05,0.0039521719,-5.87557e-05,-3.5858e-06,0.0037487766,-2.2656e-05,0.0032137998,0.513692,2.012354,0.971273,0.062381,0.814674,-0.078826,0.57114
1403715992.43394,-0.364357,-0.09098,0.284571,0.818259,-0.007498,0.574697,0.010956,0.0004578353,4.5371e-06,-0.0001641557,5.957e-07,-1.635e-06,5.93521e-05,0.0039611136,-5.82599e-05,-2.9339e-06,0.00374912,-2.26078e-05,0.003213456,0.513716,2.012345,0.971275,0.062336,0.814704,-0.07888,0.571094
1403715992.53394,-0.340616,-0.078551,0.292764,0.818364,-0.008533,0.574516,0.011772,0.0004548007,4.5387e-06,-0.0001631155,5.381e-07,-1.636e-06,5.89796e-05,0.0038926996,-6.26883e-05,-1.87127e-05,0.0037392481,-2.11658e-05,0.0031968901,0.513696,2.012274,0.971226,0.062259,0.814675,-0.07894,0.571136
1403715992.58394,-0.339664,-0.078359,0.292989,0.818424,-0.008747,0.574424,0.011921,0.0004532289,4.6461e-06,-0.0001629136,5.4e-07,-1.6784e-06,5.90409e-05,0.0038632313,-7.04516e-05,-2.06336e-05,0.0037282656,-2.13152e-05,0.0031966636,0.51364,2.012208,0.971171,0.062264,0.814732,-0.078963,0.571051
1403715992.63394,-0.338727,-0.078213,0.29313,0.818404,-0.008925,0.574446,0.012127,0.0004529923,4.7078e-06,-0.000162797,5.45e-07,-1.6999e-06,5.89915e-05,0.0038599522,-7.10656e-05,-2.06265e-05,0.0037278156,-2.12768e-05,0.0031966841,0.513609,2.012154,0.971116,0.062346,0.814711,-0.078953,0.571074
1403715992.73394,-0.338134,-0.078063,0.293614,0.818423,-0.009214,0.574415,0.012098,0.0004528014,4.5228e-06,-0.0001627573,5.502e-07,-1.6335e-06,5.89959e-05,0.003858109,-7.14906e-05,-2.07295e-05,0.0037277146,-2.11763e-05,0.0031968255,0.513683,2.012054,0.971011,0.062164,0.814732,-0.079033,0.571053
1403715992.78394,-0.337191,-0.07794,0.293652,0.818442,-0.009434,0.574382,0.012218,0.0004525169,4.5038e-06,-0.0001626904,5.534e-07,-1.627e-06,5.89878e-05,0.003856102,-7.18658e-05,-2.05692e-05,0.0037271901,-2.11144e-05,0.0031968335,0.51367,2.012043,0.970954,0.062165,0.814752,-0.079104,0.571014
1403715992.98394,-0.337662,-0.07772,0.294765,0.818528,-0.009694,0.574253,0.012338,0.0004522604,4.4433e-06,-0.0001627222,5.7e-07,-1.6077e-06,5.90592e-05,0.0038546064,-7.22566e-05,-2.07678e-05,0.0037277304,-2.08956e-05,0.0031971492,0.513481,2.012183,0.971088,0.06212,0.814863,-0.079207,0.570846
1403715993.03394,-0.336197,-0.077551,0.294597,0.81855,-0.009918,0.574214,0.0125,0.0004518066,4.4789e-06,-0.0001626088,5.728e-07,-1.6212e-06,5.90389e-05,0.0038520747,-7.26425e-05,-2.044e-05,0.0037269766,-2.08362e-05,0.0031970679,0.513427,2.012285,0.971195,0.062109,0.814893,-0.07922,0.570803
