timestamp,p_x,p_y,p_z,q_x,q_y,q_z,q_w,Pr11,Pr12,Pr13,Pr22,Pr23,Pr33,Pt11,Pt12,Pt13,Pt22,Pt23,Pt33,gt_p_x,gt_p_y,gt_p_z,gt_q_w,gt_q_x,gt_q_y,gt_q_z
1413393890.05308,0.203512,0.074856,0.140404,0.831286,0.016892,0.553647,0.046412,0.0006315415,6.18514e-05,-0.0001788445,0.0001888959,3.5524e-06,0.0002576564,0.0034951833,0.0005003025,1.91326e-05,0.0028505909,-1.84086e-05,0.0028217013,-1.026738,0.483557,1.486336,0.5704,0.041016,-0.820189,-0.015894
1413393890.15559,0.072317,0.009964,0.2236,0.813763,0.013049,0.580385,0.02781,0.0003542825,2.63891e-05,-0.0001320834,2.5032e-05,-5.6376e-06,7.2264e-05,0.0026710865,5.70771e-05,-1.30772e-05,0.0025936194,-2.30986e-05,0.0027417907,-1.0453,0.467428,1.552524,0.578286,0.034429,-0.815071,-0.007881
1413393890.20585,0.086713,0.02282,0.246354,0.811663,0.008777,0.583601,0.023166,0.0003676083,1.55449e-05,-0.0001165904,2.35087e-05,-1.9796e-06,5.69072e-05,0.0026434359,5.70635e-05,-1.40419e-05,0.0025687359,-3.2479e-05,0.002756628,-1.054565,0.457527,1.578864,0.580742,0.030948,-0.813492,-0.003593
1413393890.50592,0.152868,0.09301,0.297667,0.801552,-0.003743,0.597889,0.005324,0.000376531,-7.106e-07,-0.000105622,2.0531e-05,3.4979e-06,4.26711e-05,0.0026469079,4.57928e-05,-2.80214e-05,0.0025849247,-5.20208e-05,0.0027417371,-1.11364,0.384285,1.634996,0.59372,0.016781,-0.804373,0.014305
1413393890.55594,0.163469,0.104552,0.294839,0.794906,-0.004964,0.606707,0.002681,0.0003792694,-1.5131e-06,-9.96568e-05,1.69831e-05,3.5852e-06,3.68622e-05,0.0026363562,4.13564e-05,-3.23442e-05,0.002580529,-4.31375e-05,0.002700748,-1.123187,0.37116,1.635326,0.602552,0.015229,-0.797758,0.017044
1413393890.60634,0.170737,0.116805,0.294261,0.789378,-0.005124,0.613878,0.003157,0.0003814504,-8.757e-07,-9.36233e-05,1.35992e-05,2.6319e-06,3.21951e-05,0.0026254284,3.1738e-05,-3.14104e-05,0.0025713689,-3.46068e-05,0.0026575888,-1.13151,0.358345,1.63624,0.609864,0.014788,-0.792186,0.017142
1413393890.70734,0.18296,0.139969,0.293515,0.791264,-0.0036,0.611439,0.005469,0.0003804517,1.504e-06,-9.56437e-05,1.25564e-05,1.4521e-06,3.22096e-05,0.0026288207,3.0546e-05,-2.96232e-05,0.0025752573,-3.3744e-05,0.0026590739,-1.14322,0.333349,1.637163,0.60785,0.016232,-0.79375,0.014782
1413393890.75769,0.1865,0.151339,0.294001,0.795196,-0.002434,0.606308,0.006875,0.0003774364,3.0231e-06,-0.0001006084,1.13105e-05,5.5e-07,3.42022e-05,0.0026252181,2.85858e-05,-2.93565e-05,0.0025746427,-3.12733e-05,0.0026508195,-1.146614,0.320932,1.638371,0.602997,0.017442,-0.797446,0.013146
1413393891.00746,0.190469,0.212471,0.313234,0.80775,0.00033,0.589421,0.011104,0.0003687584,6.844e-06,-0.0001142443,9.3421e-06,-1.6527e-06,4.17349e-05,0.0026184734,1.97093e-05,-2.16799e-05,0.0025780424,-2.47673e-05,0.0026336994,-1.152018,0.257818,1.660273,0.586118,0.019994,-0.809935,0.008501
1413393891.05737,0.191285,0.229317,0.331088,0.809092,0.0003,0.58755,0.0125,0.0003665353,8.0707e-06,-0.000115974,7.1344e-06,-2.2011e-06,4.25881e-05,0.0026004401,1.30379e-05,-1.45841e-05,0.0025690109,-1.31463e-05,0.0025916059,-1.152626,0.24431,1.667662,0.584922,0.02103,-0.810781,0.007665
1413393891.15735,0.192867,0.258574,0.350709,0.809253,-0.000404,0.587348,0.01147,0.000365184,7.1499e-06,-0.0001164265,5.9931e-06,-2.0828e-06,4.26055e-05,0.0025925266,5.1867e-06,-6.3905e-06,0.0025628728,-7.8171e-06,0.0025727913,-1.154051,0.216403,1.685444,0.584838,0.02056,-0.810841,0.008877
1413393891.20741,0.19304,0.27191,0.354348,0.808526,-0.00055,0.58836,0.010814,0.0003650304,6.9624e-06,-0.000116208,5.6255e-06,-2.0811e-06,4.23201e-05,0.0025914601,2.2219e-06,-3.7946e-06,0.0025611976,-5.8154e-06,0.0025675237,-1.154816,0.202118,1.69492,0.5855,0.020526,-0.810358,0.009401
1413393891.5077,0.166637,0.361044,0.335818,0.735284,-0.000643,0.677756,0.002059,0.0004003325,1.4665e-06,-3.15474e-05,5.216e-06,-9.72e-08,7.2055e-06,0.0026034873,3.607e-07,1.7045e-06,0.0025626607,-2.9226e-06,0.0025560428,-1.140747,0.113589,1.695982,0.674046,0.017775,-0.738229,0.019828
1413393891.55769,0.149268,0.3762,0.325072,-0.726326,0.000782,-0.68735,6.2e-05,0.0004014576,-6.54e-08,-2.1441e-05,5.0439e-06,1.78e-08,5.7504e-06,0.0026020785,9.804e-07,5.5712e-06,0.0025593783,-1.3043e-06,0.0025507481,-1.12566,0.099267,1.690782,0.684052,0.017421,-0.728893,0.022236
1413393892.05747,-0.393915,0.528214,0.290106,0.782595,0.000662,0.622486,0.007388,0.00038331,5.0302e-06,-8.73127e-05,5.613e-06,-1.1105e-06,2.49425e-05,0.0026750749,0.0001188689,1.68836e-05,0.0026543408,-3.0673e-06,0.0025628489,-0.618367,-0.017759,1.703967,0.618818,0.020214,-0.785188,0.012966
1413393892.20704,-0.652506,0.568152,0.307918,0.806081,0.00014,0.59172,0.010094,0.0003669409,6.8731e-06,-0.000115287,5.5459e-06,-2.1668e-06,4.1538e-05,0.002710353,0.0001844863,2.60372e-05,0.0027700381,-1.7126e-06,0.0025675546,-0.387047,-0.049913,1.732294,0.585295,0.020397,-0.81052,0.00874
1413393892.25704,-0.734579,0.584165,0.312277,0.809275,0.000357,0.587305,0.01212,0.0003655038,7.835e-06,-0.0001173996,5.6459e-06,-2.5241e-06,4.30758e-05,0.0027214823,0.0002104058,2.94979e-05,0.0028304398,-1.9269e-06,0.002569946,-0.310026,-0.061164,1.741568,0.580637,0.020734,-0.813874,0.006519
1413393892.90697,-1.689394,0.810587,0.191754,0.859477,-0.004846,0.510727,0.020836,0.0003137551,1.13511e-05,-0.0001678679,6.8941e-06,-6.1089e-06,9.66591e-05,0.0030900426,0.0006111227,0.0001076482,0.0039202728,-8.0497e-06,0.0026230091,0.539944,-0.242543,1.680988,0.501229,0.01662,-0.865144,-0.005162
1413393892.95697,-1.741932,0.831261,0.181309,0.864701,-0.004129,0.501846,0.020616,0.0003072872,1.13322e-05,-0.0001719775,6.9977e-06,-6.3818e-06,0.0001032945,0.0031355913,0.0006428218,0.0001171994,0.0040243801,-8.9042e-06,0.0026292175,0.582148,-0.260794,1.675321,0.492028,0.017485,-0.870392,-0.005225
1413393893.30701,-1.93331,1.012257,0.15568,0.860304,-0.001314,0.50952,0.016272,0.0003144398,9.4276e-06,-0.0001684245,7.3403e-06,-5.2233e-06,9.7246e-05,0.0035728305,0.0007980117,0.0001993869,0.0044440443,-2.09672e-05,0.0026781226,0.695893,-0.413085,1.681112,0.498314,0.019388,-0.866781,-0.000974
1413393893.35701,-1.928475,1.061941,0.166478,0.858527,-0.004304,0.512608,0.01213,0.0003167821,5.702e-06,-0.0001670486,7.08e-06,-3.3203e-06,9.47531e-05,0.0036367676,0.0007706901,0.00020455,0.0043774431,-3.64005e-05,0.002679842,0.688066,-0.437855,1.687163,0.501084,0.015578,-0.865252,0.003593
1413393893.40701,-1.924112,1.094601,0.172735,0.856165,-0.008318,0.516577,0.00777,0.0003201772,2.0173e-06,-0.0001649668,7.0566e-06,-1.3632e-06,9.15763e-05,0.0037430365,0.0007859293,0.0002146528,0.0043713209,-4.33581e-05,0.0026851947,0.674829,-0.462687,1.694299,0.504954,0.011291,-0.863036,0.008177
1413393893.45704,-1.919529,1.117568,0.178821,0.854533,-0.011939,0.519252,0.003006,0.000322287,-1.9793e-06,-0.0001636063,7.1173e-06,7.352e-07,8.96207e-05,0.0038404973,0.0008014071,0.0002275199,0.0043733682,-4.37091e-05,0.0026917118,0.656909,-0.48748,1.701688,0.507519,0.007433,-0.861515,0.012769
1413393893.55704,-1.903066,1.169186,0.185526,-0.852514,0.016743,-0.522408,0.005394,0.0003246591,-8.9418e-06,-0.0001619182,7.5582e-06,4.2379e-06,8.73619e-05,0.0040568705,0.0008038594,0.0002585558,0.0043885273,-4.92906e-05,0.0027094795,0.607941,-0.536006,1.717335,0.510163,0.002307,-0.859815,0.021156
1413393893.60704,-1.888686,1.193714,0.189397,-0.851106,0.018839,-0.524573,0.009298,0.0003262946,-1.21217e-05,-0.0001606376,7.8711e-06,5.7655e-06,8.57022e-05,0.0041770355,0.0008017624,0.0002751454,0.0043928617,-5.22062e-05,0.0027191779,0.576987,-0.559062,1.725587,0.51217,8.7e-05,-0.858521,0.025002
1413393893.75697,-1.802835,1.257827,0.220928,-0.84892,0.025935,-0.527491,0.020399,0.0003286814,-2.17916e-05,-0.0001581489,8.8403e-06,1.03187e-05,8.278e-05,0.0044388953,0.0007679167,0.0003024802,0.0043752774,-5.83662e-05,0.0027319658,0.45937,-0.620357,1.750961,0.51515,-0.007124,-0.856303,0.03629
1413393893.90695,-1.681953,1.290473,0.257238,-0.836612,0.025643,-0.546825,0.020122,0.0003430608,-2.17976e-05,-0.0001463939,8.8804e-06,9.1761e-06,6.89878e-05,0.0047901726,0.0007114339,0.0003367109,0.004285688,-5.44845e-05,0.0027505001,0.307187,-0.666171,1.783302,0.534799,-0.007125,-0.844172,0.036323
1413393893.95695,-1.643821,1.302588,0.266018,-0.829932,0.024451,-0.557016,0.018672,0.0003499079,-2.09341e-05,-0.0001400206,8.8498e-06,8.2314e-06,6.24701e-05,0.0049251753,0.0006526085,0.0003538352,0.0042360755,-5.63335e-05,0.0027600517,0.250618,-0.677869,1.794917,0.545051,-0.006044,-0.837649,0.035177
1413393894.00682,-1.452502,1.282792,0.366578,-0.8276,0.025275,-0.560497,0.016798,0.0003543145,-2.07369e-05,-0.0001351176,7.6231e-06,7.6551e-06,5.76251e-05,0.004624535,0.0005963749,0.0001798321,0.0040939441,-1.89349e-05,0.002639405,0.19228,-0.688039,1.806286,0.552338,-0.005643,-0.832903,0.034171
1413393894.05646,-1.130761,1.195929,0.439748,-0.828047,0.024921,-0.559834,0.017407,0.0003540406,-2.01453e-05,-0.0001345591,5.1728e-06,7.7604e-06,5.66247e-05,0.003325808,0.0008203622,-1.29129e-05,0.0034935871,1.2538e-06,0.0025830697,0.132551,-0.696999,1.817576,0.557256,-0.004186,-0.829653,0.033561
1413393894.40646,-0.684066,1.205224,0.518902,-0.823277,0.026791,-0.566642,0.020354,0.0003543164,-2.45246e-05,-0.0001332006,5.7627e-06,9.309e-06,5.555e-05,0.0032200214,0.0004005896,-1.17319e-05,0.0028437824,-4.3688e-06,0.0025859482,-0.308821,-0.719398,1.88588,0.564375,-0.005808,-0.824651,0.037408
1413393894.4565,-0.609217,1.202665,0.516562,-0.823022,0.025202,-0.567151,0.018424,0.0003545274,-2.25447e-05,-0.0001329959,5.4994e-06,8.5294e-06,5.53325e-05,0.0032234299,0.0003590326,-9.7029e-06,0.0027917175,-4.3894e-06,0.002586252,-0.374218,-0.717188,1.884107,0.565008,-0.004276,-0.824301,0.035715
1413393894.85654,-0.065457,1.117112,0.445497,-0.816214,0.015417,-0.57751,0.006195,0.0003620077,-1.14654e-05,-0.0001262261,4.4123e-06,4.1211e-06,4.92988e-05,0.0031684707,9.02795e-05,-7.7354e-06,0.0026308326,-7.9434e-06,0.0025883418,-0.910583,-0.663145,1.80618,0.57538,0.005435,-0.817491,0.024834
1413393894.90652,0.00539,1.109433,0.43394,-0.814224,0.014435,-0.580349,0.005022,0.0003636109,-1.00756e-05,-0.0001239424,4.2769e-06,3.5883e-06,4.7421e-05,0.0031521483,4.91235e-05,-8.929e-06,0.0026169347,-7.4597e-06,0.0025848007,-0.977643,-0.653268,1.798223,0.577939,0.006765,-0.815681,0.024624
1413393894.95651,0.0746,1.099364,0.425747,-0.811145,0.013422,-0.58468,0.003682,0.0003661877,-8.7559e-06,-0.0001205137,4.1868e-06,3.0542e-06,4.47559e-05,0.00314564,1.583e-05,-9.3921e-06,0.0026133714,-6.9192e-06,0.0025833596,-1.044406,-0.642867,1.791479,0.582169,0.007947,-0.812675,0.024024
1413393895.20654,0.398359,1.025341,0.404059,-0.805629,0.007722,-0.592369,0.001383,0.0003705305,-5.08e-06,-0.0001145465,4.0303e-06,1.7677e-06,4.03904e-05,0.0030906531,-0.0001225136,-1.36387e-05,0.0026630063,-7.6891e-06,0.0025832049,-1.367706,-0.585302,1.767208,0.589747,0.013127,-0.807165,0.022627
1413393895.25656,0.460997,1.012639,0.399008,-0.806666,0.007322,-0.590962,0.000464,0.0003697183,-3.9959e-06,-0.0001155504,3.9916e-06,1.4475e-06,4.10773e-05,0.0030807479,-0.0001482781,-1.57045e-05,0.0026786002,-8.2612e-06,0.0025821267,-1.429603,-0.572969,1.763928,0.588242,0.013695,-0.808267,0.022082
1413393895.35654,0.581707,0.984575,0.387157,0.80459,-0.00639,0.593796,0.000493,0.0003710525,-3.0486e-06,-0.0001133132,3.9563e-06,1.1385e-06,3.95084e-05,0.0030524878,-0.00019739,-1.74949e-05,0.0027204626,-7.493e-06,0.0025808001,-1.55059,-0.548465,1.754703,0.590829,0.014702,-0.806369,0.021794
1413393895.55654,0.812494,0.919198,0.350119,0.80145,-0.011784,0.597923,0.005287,0.0003736309,-2.4089e-06,-0.0001096359,3.9392e-06,9.016e-07,3.70424e-05,0.0030081382,-0.0002681217,-2.19913e-05,0.002839713,-8.7269e-06,0.002581437,-1.777031,-0.496186,1.713121,0.595186,0.009335,-0.803346,0.017379
1413393895.60655,0.87097,0.904017,0.339482,0.801624,-0.017174,0.59754,0.007031,0.0003733354,-3.8412e-06,-0.000109997,3.9515e-06,1.3193e-06,3.72791e-05,0.0029959065,-0.0002861808,-2.30901e-05,0.0028777481,-9.2763e-06,0.0025811997,-1.830476,-0.482175,1.701246,0.59495,0.004051,-0.803599,0.015778
1413393895.90647,1.166602,0.7971,0.296782,0.792288,-0.063638,0.604727,0.050353,0.0003784931,8.578e-07,-0.0001023999,3.9323e-06,-1.431e-07,3.25942e-05,0.0029392168,-0.0003467651,-2.55061e-05,0.0031097009,-9.1155e-06,0.002585445,-2.121101,-0.389787,1.655801,0.602844,-0.042702,-0.796257,-0.027334
1413393895.95644,1.211322,0.782045,0.290821,0.791119,-0.077762,0.603763,0.059608,0.0003785034,-5.72e-08,-0.0001024478,3.913e-06,8.26e-08,3.26267e-05,0.0029303888,-0.0003574842,-2.52435e-05,0.0031565954,-8.3188e-06,0.002584997,-2.162383,-0.373437,1.651493,0.60206,-0.056758,-0.795603,-0.036572
1413393896.25647,1.432495,0.692586,0.27494,0.77114,-0.17054,0.596215,0.144177,0.0003823184,7.2717e-06,-9.63212e-05,4.0442e-06,-1.9651e-06,2.91508e-05,0.0029005786,-0.0003787028,-2.54099e-05,0.0033788645,-7.2784e-06,0.0025877199,-2.374683,-0.282882,1.635774,0.596464,-0.149433,-0.779212,-0.121507
1413393896.3065,1.46476,0.682385,0.273871,0.764068,-0.185837,0.596866,0.159422,0.0003843326,8.2299e-06,-9.26365e-05,4.0477e-06,-2.1517e-06,2.71685e-05,0.0029006179,-0.0003908075,-2.57827e-05,0.0034309026,-6.1029e-06,0.0025877841,-2.404095,-0.270953,1.635593,0.597603,-0.164973,-0.772648,-0.136774
1413393896.60662,1.578989,0.65682,0.296391,0.720294,-0.313698,0.583221,0.206455,0.0003832776,-2.69439e-05,-9.22684e-05,5.8227e-06,6.1606e-06,2.68542e-05,0.0029299447,-0.0004168993,-2.74285e-05,0.0035831396,-7.4758e-06,0.0025950589,-2.525604,-0.233813,1.652664,0.584109,-0.293897,-0.733668,-0.184967
1413393896.70661,1.589829,0.654029,0.309877,0.708982,-0.357932,0.568295,0.215105,0.0003757808,-3.94947e-05,-0.0001017783,8.0858e-06,1.02775e-05,3.20685e-05,0.0029524955,-0.0004308857,-2.82567e-05,0.003616321,-8.4906e-06,0.0025987198,-2.54467,-0.227536,1.66351,0.568992,-0.338154,-0.72397,-0.194435
1413393896.75661,1.590489,0.651746,0.317534,0.702341,-0.380119,0.561093,0.217717,0.0003711436,-4.65706e-05,-0.0001065015,9.7585e-06,1.28775e-05,3.49163e-05,0.0029620584,-0.0004340598,-2.84273e-05,0.0036221084,-8.7535e-06,0.0026003922,-2.550399,-0.223583,1.669699,0.561617,-0.36041,-0.718125,-0.197552
1413393896.8066,1.588246,0.64841,0.326058,0.695021,-0.401085,0.554485,0.220505,0.0003666079,-5.29922e-05,-0.0001105535,1.15528e-05,1.54443e-05,3.75218e-05,0.0029715438,-0.0004365016,-2.87593e-05,0.0036246681,-8.9113e-06,0.0026021558,-2.553443,-0.218552,1.67653,0.554922,-0.381476,-0.71153,-0.20074
1413393896.90659,1.57894,0.634483,0.342899,0.683711,-0.443236,0.534907,0.223508,0.0003532827,-6.31266e-05,-0.0001234226,1.50767e-05,2.15165e-05,4.69864e-05,0.0029868736,-0.0004362198,-3.05046e-05,0.0036183231,-9.0336e-06,0.0026060231,-2.550137,-0.203823,1.689471,0.535368,-0.423561,-0.701359,-0.205205
1413393897.20661,1.522998,0.514808,0.374049,0.709412,-0.478984,0.428403,0.289447,0.0003218269,7.877e-07,-0.000166432,3.2234e-06,-9.721e-07,8.9447e-05,0.0029737904,-0.0003605443,-3.77146e-05,0.0035288136,-1.28527e-05,0.0026201906,-2.495962,-0.087139,1.711708,0.430955,-0.457912,-0.72714,-0.275502
1413393897.30664,1.527198,0.443999,0.390373,0.710232,-0.454021,0.420944,0.335026,0.0003338647,3.49724e-05,-0.0001536597,6.3356e-06,-1.67413e-05,7.31471e-05,0.0029254055,-0.0003242804,-5.19033e-05,0.0035525345,-7.881e-07,0.0026157301,-2.48766,-0.021448,1.716513,0.425404,-0.432546,-0.726779,-0.322146
1413393897.35665,1.526469,0.405727,0.397332,0.706935,-0.442823,0.423877,0.352817,0.0003401779,4.63756e-05,-0.0001451078,8.8819e-06,-2.04132e-05,6.41216e-05,0.0029130955,-0.0003071137,-5.84733e-05,0.0035851821,1.889e-06,0.002618046,-2.489234,0.013239,1.719506,0.428759,-0.421147,-0.723233,-0.34024
1413393897.60663,1.590253,0.217988,0.415797,0.681825,-0.445062,0.461988,0.35157,0.0003645731,2.70844e-05,-0.0001244391,3.9093e-06,-9.6359e-06,4.41995e-05,0.0028630091,-0.0002043125,-7.91466e-05,0.0036556826,1.82665e-05,0.0026237841,-2.555574,0.182582,1.728973,0.467229,-0.423582,-0.698009,-0.33921
1413393897.65663,1.606144,0.184624,0.418668,0.681109,-0.446884,0.464591,0.347189,0.0003642787,2.27135e-05,-0.0001258433,3.3048e-06,-8.2323e-06,4.5207e-05,0.0028654362,-0.0001827239,-8.44806e-05,0.0037251673,2.05287e-05,0.0026284781,-2.576724,0.213443,1.730765,0.469682,-0.425569,-0.69731,-0.334741
1413393897.70665,1.636456,0.14443,0.414,0.681712,-0.448442,0.465241,0.343102,0.0003637567,1.9987e-05,-0.00012711,2.7363e-06,-7.3214e-06,4.61498e-05,0.0028375332,-0.000149021,-6.94897e-05,0.0037505129,1.15019e-05,0.0026207181,-2.599615,0.243665,1.733015,0.470465,-0.426901,-0.697847,-0.330801
1413393897.90666,1.735521,0.019356,0.424417,0.684649,-0.447053,0.460687,0.345205,0.0003622304,2.35419e-05,-0.0001290164,2.9218e-06,-8.739e-06,4.7576e-05,0.0028375841,-7.50678e-05,-7.08968e-05,0.003930985,2.18312e-05,0.0026287784,-2.705213,0.361027,1.750589,0.466279,-0.425605,-0.700458,-0.332873
1413393898.05651,1.857357,-0.054013,0.435344,0.679753,-0.451498,0.444991,0.368874,0.0003620301,3.8317e-05,-0.0001259949,4.9982e-06,-1.36942e-05,4.50157e-05,0.0027859813,2.4665e-06,-4.87353e-05,0.0040094791,2.21739e-05,0.0026123843,-2.798028,0.445069,1.771382,0.45266,-0.430285,-0.694354,-0.357544
1413393898.15649,1.927252,-0.107001,0.451619,0.659378,-0.456021,0.447956,0.395729,0.0003716084,4.46156e-05,-0.0001110354,6.2546e-06,-1.36461e-05,3.4149e-05,0.0027832006,3.55159e-05,-4.46658e-05,0.0041645838,2.07321e-05,0.0026084507,-2.869555,0.495456,1.790765,0.456301,-0.435325,-0.67428,-0.384258
1413393898.35657,2.077353,-0.170381,0.4932,0.587305,-0.47312,0.492686,0.434154,0.0004017164,1.77984e-05,-5.56573e-05,1.5275e-06,-2.6294e-06,8.3998e-06,0.0027715337,0.0001210753,-3.73105e-05,0.0043940795,1.0665e-05,0.002598569,-3.035109,0.560342,1.837575,0.502189,-0.454651,-0.60299,-0.421357
1413393898.40655,2.120234,-0.176152,0.504498,0.568119,-0.475845,0.508393,0.438575,0.0004062638,6.2863e-06,-3.99845e-05,8.22e-07,-7.729e-07,4.5969e-06,0.0027701522,0.0001153041,-3.71943e-05,0.0044479533,1.08338e-05,0.0025987805,-3.078761,0.565355,1.85002,0.517973,-0.45809,-0.583937,-0.425343
1413393898.45664,2.160615,-0.17599,0.51227,0.549196,-0.477875,0.525396,0.44043,0.0004087294,-7.2949e-06,-2.43918e-05,8.277e-07,2.99e-07,2.0802e-06,0.0027657863,0.0001181328,-3.68186e-05,0.0045166547,1.10403e-05,0.0025984222,-3.121632,0.564461,1.862237,0.535119,-0.460839,-0.565073,-0.426627
1413393898.8066,2.394924,-0.043611,0.508871,0.592478,-0.582119,0.454545,0.321707,0.0003429885,-5.49746e-05,-0.0001422439,9.474e-06,2.27168e-05,5.97043e-05,0.0027617935,-7.622e-06,-3.69035e-05,0.0049652094,1.17528e-05,0.0026044111,-3.345001,0.419262,1.860574,0.46136,-0.563947,-0.610206,-0.311226
1413393898.85657,2.417902,-0.022633,0.502754,0.606654,-0.596996,0.429034,0.302484,0.0003198589,-5.21497e-05,-0.0001624131,9.1516e-06,2.64132e-05,8.32219e-05,0.002760082,-3.15057e-05,-3.7739e-05,0.0050060971,1.45618e-05,0.0026031832,-3.362626,0.392383,1.854376,0.435197,-0.578456,-0.62478,-0.292799
1413393898.90651,2.433722,-0.002545,0.50236,0.617392,-0.608932,0.406725,0.287408,0.0002989021,-4.87706e-05,-0.0001763121,8.5996e-06,2.87112e-05,0.0001048007,0.002760305,-4.81765e-05,-3.66296e-05,0.0050475313,1.53496e-05,0.0026013247,-3.377062,0.369786,1.851041,0.412272,-0.590224,-0.635804,-0.278354
1413393899.00652,2.458102,0.014211,0.505354,0.637667,-0.621724,0.364814,0.271572,0.0002655962,-3.49801e-05,-0.000193358,5.2335e-06,2.54153e-05,0.0001416691,0.002763616,-7.16785e-05,-3.75572e-05,0.0051015692,1.81418e-05,0.0026021476,-3.397448,0.343958,1.852393,0.369692,-0.602635,-0.656259,-0.263664
1413393899.05654,2.465659,0.010119,0.511541,0.646143,-0.619431,0.349216,0.277224,0.0002601787,-2.39261e-05,-0.0001966718,2.8139e-06,1.80252e-05,0.0001495897,0.0027653777,-6.55635e-05,-3.7789e-05,0.005123519,2.01849e-05,0.0026023114,-3.404716,0.344465,1.858182,0.353988,-0.600322,-0.664563,-0.2696
1413393899.30654,2.511076,-0.127196,0.606766,0.602353,-0.531299,0.427434,0.414961,0.000376182,1.83765e-05,-0.0001139307,1.4179e-06,-5.6177e-06,3.51155e-05,0.0027640257,7.74614e-05,-3.59378e-05,0.0052045721,2.42557e-05,0.0026005949,-3.452045,0.463328,1.950687,0.434924,-0.513611,-0.619178,-0.404775
1413393899.40657,2.537181,-0.187133,0.649974,0.560466,-0.49423,0.483818,0.45556,0.0004057244,1.36132e-05,-4.75449e-05,9.682e-07,-1.6367e-06,6.1407e-06,0.0027743211,0.000142479,-3.51254e-05,0.0052670661,2.6469e-05,0.0026012859,-3.480717,0.516048,1.996265,0.492552,-0.477546,-0.576398,-0.444083
1413393899.45661,2.550631,-0.205653,0.665978,0.542728,-0.480633,0.506028,0.467305,0.0004105631,8.8587e-06,-2.08876e-05,6.963e-07,-4.88e-07,1.6279e-06,0.002778678,0.0001654077,-3.45004e-05,0.0052983139,2.76347e-05,0.0026009249,-3.495188,0.534042,2.018103,0.515218,-0.464398,-0.55834,-0.455202
1413393900.05662,2.531092,0.131627,0.765439,0.616456,-0.607769,0.431672,0.25349,0.0002918982,-7.3218e-05,-0.0001730737,1.89457e-05,4.34699e-05,0.0001034528,0.0027968039,-0.0001773207,-3.23402e-05,0.0053960279,4.93505e-05,0.0026216065,-3.452048,0.158165,2.131349,0.435533,-0.590119,-0.634286,-0.244584
1413393900.10662,2.49683,0.177056,0.767476,0.624784,-0.617248,0.411521,0.243516,0.0002745777,-6.81808e-05,-0.0001825832,1.75113e-05,4.5404e-05,0.0001222976,0.0027893492,-0.0002101828,-2.89998e-05,0.0053157937,4.90848e-05,0.0026180325,-3.421065,0.116177,2.131506,0.41489,-0.599634,-0.642764,-0.234945
1413393900.35662,2.316192,0.243417,0.760422,0.660991,-0.598299,0.344506,0.294014,0.0002699019,-7.4538e-06,-0.0001967011,7.911e-07,5.4158e-06,0.0001443336,0.0028100591,-0.0002615818,-2.69457e-05,0.0050439111,6.49879e-05,0.0026285197,-3.231945,0.029848,2.125988,0.34863,-0.580014,-0.678282,-0.286382
1413393900.40663,2.275755,0.250727,0.756808,0.659783,-0.583895,0.348928,0.319378,0.0002875949,5.1205e-06,-0.0001903098,6.7e-07,-3.4098e-06,0.000126843,0.002800582,-0.0002439312,-2.8319e-05,0.0049359721,6.65294e-05,0.0026261419,-3.195032,0.03787,2.124142,0.353472,-0.565811,-0.67679,-0.311336
1413393900.85661,2.045521,0.106683,0.649403,0.543032,-0.47674,0.512672,0.463683,0.0004140744,6.5363e-06,-1.83932e-05,7.385e-07,-2.936e-07,1.5028e-06,0.002804228,-0.0001080542,-2.18472e-05,0.0046891151,0.0001088288,0.0026620022,-2.961193,0.154259,2.023665,0.5216,-0.461096,-0.55802,-0.451609
1413393900.9566,1.99101,0.164714,0.621141,0.547331,-0.498147,0.513227,0.434598,0.0004108199,-1.4279e-05,-3.954e-05,1.1341e-06,1.3815e-06,4.5022e-06,0.0028002177,-8.67801e-05,-1.58098e-05,0.0045487487,9.95936e-05,0.0026526572,-2.918082,0.127828,1.983856,0.521626,-0.482391,-0.562725,-0.42259
1413393901.1066,1.920791,0.237304,0.567682,0.579266,-0.545397,0.47768,0.372578,0.0003828832,-3.5128e-05,-0.0001059926,3.8902e-06,9.7491e-06,3.01081e-05,0.002835345,-0.0001558481,-1.19239e-05,0.0044773468,0.0001154001,0.0026685747,-2.842034,0.047489,1.929189,0.484677,-0.529081,-0.595455,-0.361484
1413393901.15661,1.89285,0.273115,0.555764,0.596549,-0.558808,0.453548,0.355187,0.0003658607,-3.18917e-05,-0.000130973,3.4545e-06,1.14474e-05,4.76958e-05,0.0028468715,-0.0001683107,-8.9701e-06,0.0044257716,0.0001026653,0.0026638042,-2.812184,0.015812,1.912581,0.460058,-0.542197,-0.612932,-0.344632
1413393901.45661,1.717275,0.396518,0.505315,0.659437,-0.582468,0.349306,0.322271,0.0002911682,6.7208e-06,-0.0001904892,8.634e-07,-4.3776e-06,0.0001256841,0.0029131473,-0.0002170423,-2.4206e-06,0.0042587066,0.0001076701,0.0026856666,-2.626086,-0.11171,1.853805,0.35415,-0.564624,-0.676219,-0.313867
1413393901.50661,1.692632,0.395858,0.501626,0.663617,-0.582513,0.341265,0.322225,0.0002859447,1.07763e-05,-0.0001925816,1.1233e-06,-7.2441e-06,0.0001307939,0.0029252604,-0.0002160568,-5.769e-07,0.0042477049,0.0001120892,0.0026923032,-2.599897,-0.113824,1.848928,0.346033,-0.564638,-0.68036,-0.313943
1413393901.55661,1.670004,0.388801,0.498616,0.667371,-0.581335,0.334619,0.323567,0.0002822406,1.50565e-05,-0.0001938168,1.5107e-06,-1.03223e-05,0.000134205,0.002925661,-0.0002179037,2.4838e-06,0.0042008602,0.000122109,0.0026978567,-2.576063,-0.109159,1.845068,0.339376,-0.56344,-0.684055,-0.315329
1413393901.60663,1.645378,0.378121,0.506513,0.669672,-0.577873,0.330902,0.328794,0.0002826052,2.02912e-05,-0.0001932765,2.1716e-06,-1.38663e-05,0.0001332972,0.0029265533,-0.0002023329,7.4985e-06,0.0041947359,0.0001242905,0.0026973038,-2.555098,-0.097257,1.842993,0.335751,-0.559789,-0.686466,-0.320432
1413393902.0566,1.595531,0.121382,0.529683,0.625517,-0.531837,0.407295,0.399986,0.000364841,2.67303e-05,-0.0001360453,2.6996e-06,-9.9389e-06,5.16321e-05,0.0028865402,5.2988e-06,8.9202e-06,0.0041772962,0.000143634,0.0027258303,-2.523863,0.186504,1.871124,0.413326,-0.515792,-0.641465,-0.389415
1413393902.10659,1.603929,0.083823,0.5327,0.62526,-0.533092,0.406794,0.399226,0.0003648241,2.58783e-05,-0.0001363978,2.5804e-06,-9.6449e-06,5.19049e-05,0.002895245,-1.33679e-05,1.25592e-05,0.0041498766,0.0001427968,0.0027263336,-2.533452,0.22213,1.874433,0.412813,-0.517159,-0.641196,-0.388588
1413393902.15659,1.615167,0.044974,0.537343,0.624773,-0.5325,0.407227,0.400335,0.0003656219,2.6295e-05,-0.0001355862,2.645e-06,-9.7202e-06,5.11974e-05,0.0029019103,1.16726e-05,1.51063e-05,0.0041843693,0.0001479752,0.0027339972,-2.54505,0.257897,1.87841,0.413243,-0.516657,-0.640704,-0.389609
1413393902.60661,1.781653,-0.285567,0.545737,0.620358,-0.527103,0.411588,0.409773,0.0003722543,2.98626e-05,-0.0001283193,3.1838e-06,-1.02522e-05,4.51419e-05,0.0028354728,0.0002184572,-2.75776e-05,0.0043643248,0.0001189801,0.0026873077,-2.733151,0.577177,1.890793,0.417683,-0.511889,-0.636204,-0.398441
1413393902.65662,1.813315,-0.316505,0.549562,0.620628,-0.528022,0.410708,0.409064,0.0003717872,2.94397e-05,-0.0001291956,3.1128e-06,-1.01848e-05,4.58125e-05,0.0028390768,0.0002227077,-2.85778e-05,0.0043544632,0.0001172456,0.002689888,-2.763575,0.610813,1.8935,0.416691,-0.512865,-0.636539,-0.39769
1413393902.70655,1.844941,-0.350771,0.546314,0.620786,-0.528665,0.410067,0.408635,0.0003712524,2.92986e-05,-0.0001296846,3.0814e-06,-1.01824e-05,4.62138e-05,0.0028392992,0.0002336339,-3.21034e-05,0.0043779651,0.000119927,0.002679576,-2.796156,0.644583,1.900243,0.416061,-0.513549,-0.63669,-0.397224
1413393902.80653,1.918023,-0.429927,0.562705,0.619438,-0.53579,0.410979,0.400401,0.0003690159,2.21442e-05,-0.0001339157,2.0888e-06,-7.981e-06,4.95195e-05,0.0028564156,0.0002836951,-3.21981e-05,0.0044191369,9.95891e-05,0.0026676379,-2.866927,0.709522,1.921994,0.41693,-0.52037,-0.635744,-0.388869
1413393903.00653,2.072054,-0.567822,0.626973,0.612565,-0.570445,0.417233,0.35394,0.000351444,-1.59054e-05,-0.0001536741,1.5052e-06,7.0511e-06,6.81938e-05,0.0029194286,0.0004293194,-3.09625e-05,0.0046706882,9.15625e-05,0.0026659295,-3.021953,0.844149,1.98069,0.421775,-0.55542,-0.629702,-0.342203
1413393903.05653,2.108431,-0.607281,0.643547,0.610136,-0.576372,0.418973,0.346397,0.000348195,-2.2719e-05,-0.000155778,2.26e-06,1.02759e-05,7.06922e-05,0.0029298585,0.0004550301,-3.07039e-05,0.0047173379,8.98989e-05,0.0026622457,-3.059744,0.881507,1.996531,0.423393,-0.561445,-0.627394,-0.334514
1413393903.10653,2.144443,-0.649383,0.66139,0.60907,-0.576904,0.419686,0.346523,0.0003486343,-2.34662e-05,-0.0001554165,2.3632e-06,1.0576e-05,7.02868e-05,0.0029506722,0.0004959737,-3.01487e-05,0.0047816752,8.96298e-05,0.0026627069,-3.096167,0.921218,2.013559,0.424071,-0.562124,-0.626354,-0.334457
1413393903.45655,2.361731,-0.977453,0.767613,0.582101,-0.575565,0.415117,0.396938,0.0003718873,-5.7425e-06,-0.000134038,8.971e-07,2.16e-06,4.92968e-05,0.0031725865,0.000846092,-2.65993e-05,0.0052030644,8.67822e-05,0.0026670651,-3.317045,1.237699,2.113415,0.420593,-0.561748,-0.59949,-0.384922
1413393903.65658,2.462969,-1.160439,0.754128,0.525767,-0.609864,0.414988,0.42358,0.000382322,-2.39068e-05,-0.0001186341,2.305e-06,7.5084e-06,3.77874e-05,0.0033355759,0.0010609397,-2.32855e-05,0.0053945623,8.15409e-05,0.0026684093,-3.422932,1.420173,2.09701,0.420569,-0.597809,-0.544224,-0.411814
1413393903.70659,2.482846,-1.19735,0.748092,0.511004,-0.617673,0.416011,0.42929,0.0003842517,-2.98297e-05,-0.0001143773,3.1209e-06,8.9661e-06,3.50038e-05,0.0033694789,0.0011088219,-2.25537e-05,0.0054186529,8.02406e-05,0.0026677548,-3.446784,1.463459,2.090639,0.421634,-0.606049,-0.529638,-0.41765
1413393903.75659,2.501776,-1.236064,0.742753,0.497345,-0.624876,0.416133,0.434754,0.0003857681,-3.49069e-05,-0.0001107393,3.9651e-06,1.01052e-05,3.27397e-05,0.0034043742,0.0011531859,-2.22995e-05,0.0054515931,8.06166e-05,0.0026681991,-3.468819,1.505643,2.08519,0.421763,-0.613669,-0.516157,-0.423232
1413393903.80659,2.520387,-1.276185,0.738434,0.486608,-0.633025,0.414766,0.436419,0.0003850093,-4.0043e-05,-0.0001103974,4.9753e-06,1.15666e-05,3.26053e-05,0.0034420105,0.0011988543,-2.22305e-05,0.0054853529,8.10879e-05,0.0026687696,-3.489127,1.546321,2.080382,0.420336,-0.622145,-0.505514,-0.425112
1413393904.25655,2.566124,-1.573242,0.710404,0.460435,-0.667761,0.389316,0.436496,0.0003743109,-4.61113e-05,-0.0001252675,6.5324e-06,1.55119e-05,4.28822e-05,0.0037809758,0.0015367192,-2.79206e-05,0.0056217875,9.06649e-05,0.002671866,-3.548745,1.837259,2.055102,0.394001,-0.658298,-0.479697,-0.425795
1413393904.35653,2.539925,-1.620712,0.71216,0.463957,-0.665134,0.383642,0.441768,0.0003761365,-3.93776e-05,-0.0001254336,4.9682e-06,1.31976e-05,4.27721e-05,0.0038319054,0.0015682451,-3.08584e-05,0.0055471354,9.49394e-05,0.0026700894,-3.530439,1.885615,2.055768,0.387943,-0.655805,-0.483164,-0.431245
1413393904.40654,2.522279,-1.642648,0.718348,0.463761,-0.665315,0.381786,0.443306,0.0003764025,-3.80155e-05,-0.0001254894,4.6761e-06,1.27325e-05,4.27689e-05,0.0038549351,0.0015793927,-3.17779e-05,0.0054952375,9.53242e-05,0.002668011,-3.517369,1.907664,2.062281,0.386003,-0.65595,-0.48312,-0.432812
1413393904.65655,2.411918,-1.739211,0.797228,0.464427,-0.67777,0.334578,0.461512,0.0003706409,-9.3176e-06,-0.0001383832,1.0692e-06,3.5142e-06,5.26329e-05,0.0039954428,0.0016116565,-3.18712e-05,0.005281674,9.62219e-05,0.0026681428,-3.415072,2.012189,2.139513,0.339173,-0.668255,-0.484222,-0.451617
1413393904.70654,2.388416,-1.757928,0.810243,0.466333,-0.685447,0.314852,0.46213,0.0003634739,1.758e-07,-0.0001464874,8.276e-07,-4.59e-08,6.00178e-05,0.0040060348,0.001603603,-3.13411e-05,0.0052230731,9.61515e-05,0.0026674967,-3.390507,2.031024,2.151904,0.31932,-0.675766,-0.486333,-0.452642
1413393904.95653,2.262984,-1.875176,0.847081,0.439569,-0.71364,0.24943,0.485059,0.0003518225,2.73771e-05,-0.0001558412,2.9615e-06,-1.21408e-05,7.00536e-05,0.0041744401,0.0016236603,-3.04935e-05,0.0049963419,9.49614e-05,0.0026686925,-3.270781,2.148217,2.186621,0.253525,-0.704763,-0.460431,-0.476505
1413393905.00652,2.237404,-1.905875,0.851832,0.425471,-0.713618,0.246693,0.498866,0.0003598994,2.85855e-05,-0.0001480053,3.0979e-06,-1.17712e-05,6.18666e-05,0.004223571,0.0016375014,-3.01234e-05,0.0049590324,9.47004e-05,0.0026685057,-3.248378,2.179672,2.189702,0.251031,-0.70509,-0.446514,-0.490391
1413393905.10648,2.190372,-1.967527,0.854549,0.396987,-0.714471,0.240234,0.52366,0.0003730502,2.90695e-05,-0.0001332406,3.0576e-06,-1.04048e-05,4.85358e-05,0.0043225501,0.0016669284,-2.6037e-05,0.0048657513,9.04398e-05,0.0026654189,-3.20738,2.247693,2.1881,0.244943,-0.706784,-0.418476,-0.51513
1413393905.45649,2.073648,-2.208916,0.773676,0.291209,-0.748641,0.215557,0.55522,0.000388524,4.476e-07,-0.0001172636,7.86e-07,-1.55e-07,3.6315e-05,0.0047252058,0.0017756335,-2.28621e-05,0.0046854617,8.88908e-05,0.0026712807,-3.112203,2.495001,2.108007,0.220241,-0.743715,-0.313794,-0.54766
1413393905.5565,2.050314,-2.276024,0.751829,0.26193,-0.761438,0.205445,0.556234,0.0003870438,-8.5177e-06,-0.0001196177,9.595e-07,2.6062e-06,3.78802e-05,0.004844766,0.0018099812,-2.14578e-05,0.0046527499,8.85259e-05,0.0026735931,-3.095509,2.562437,2.087562,0.209887,-0.757169,-0.28482,-0.549127
1413393905.6065,2.039593,-2.308487,0.741106,0.245219,-0.769573,0.202004,0.553913,0.0003846832,-1.56636e-05,-0.000122512,1.4006e-06,4.9595e-06,3.99205e-05,0.0049063712,0.0018276547,-2.05651e-05,0.0046378801,8.8343e-05,0.0026748654,-3.088071,2.594527,2.077779,0.206332,-0.765637,-0.268269,-0.547067
1413393905.9565,1.954521,-2.475485,0.696321,0.131032,-0.815577,0.181177,0.533703,0.0003589921,-6.0624e-05,-0.0001419065,1.10468e-05,2.39682e-05,5.70308e-05,0.005248738,0.0018902931,-1.40009e-05,0.0045260372,8.87681e-05,0.0026871237,-3.020679,2.766654,2.035515,0.183875,-0.814676,-0.154703,-0.527808
1413393906.00651,1.946073,-2.500718,0.702556,0.120241,-0.822109,0.173007,0.528911,0.0003538817,-6.12703e-05,-0.0001468931,1.13918e-05,2.54198e-05,6.18002e-05,0.0052700632,0.0018868826,-1.7108e-05,0.004496767,9.15706e-05,0.0026866938,-3.003976,2.780904,2.033827,0.176036,-0.821362,-0.143301,-0.523314
1413393906.0565,1.925536,-2.512774,0.704553,0.114927,-0.826753,0.158293,0.527461,0.0003518822,-5.41787e-05,-0.0001516864,9.119e-06,2.33358e-05,6.61974e-05,0.0053176307,0.0018958584,-1.68644e-05,0.0044827574,9.23582e-05,0.0026887624,-2.983397,2.792293,2.034539,0.16131,-0.826097,-0.137919,-0.522052
1413393906.1065,1.901703,-2.522025,0.707853,0.113134,-0.828315,0.139551,0.53068,0.0003536868,-4.29188e-05,-0.0001537917,5.9771e-06,1.86329e-05,6.76622e-05,0.0053382369,0.0018827714,-1.63775e-05,0.0044515703,9.33833e-05,0.0026911759,-2.959903,2.800968,2.03673,0.142627,-0.827665,-0.13606,-0.525492
1413393906.35648,1.747885,-2.548776,0.692945,0.104683,-0.806193,0.064079,0.578781,0.0003826048,7.3698e-06,-0.0001294337,8.571e-07,-2.5573e-06,4.45037e-05,0.0054137888,0.0017655132,-1.07417e-05,0.0042547469,9.7528e-05,0.0026997661,-2.817024,2.832306,2.028123,0.067751,-0.805575,-0.127667,-0.574605
1413393906.40648,1.716577,-2.554451,0.682034,0.10027,-0.803725,0.056627,0.583752,0.0003852074,1.07366e-05,-0.0001259538,1.0037e-06,-3.5792e-06,4.18919e-05,0.0054309719,0.0017385933,-8.7618e-06,0.0042137539,9.88914e-05,0.0027024,-2.78701,2.839434,2.018183,0.060266,-0.803183,-0.123241,-0.579726
1413393906.90647,1.472662,-2.621256,0.475424,0.011329,-0.794126,0.074446,0.60307,0.0003945401,-4.27385e-05,-0.0001070739,5.3156e-06,1.15398e-05,2.96619e-05,0.0056342653,0.001574569,9.7004e-06,0.0039623616,0.0001228757,0.0027172701,-2.550947,2.91401,1.803582,0.077449,-0.796435,-0.034205,-0.59877
1413393906.95646,1.453119,-2.620697,0.448755,0.009007,-0.791813,0.072927,0.606327,0.0003960163,-4.26579e-05,-0.0001042646,5.1417e-06,1.11655e-05,2.80515e-05,0.0056140196,0.0015296986,1.1859e-06,0.0038990232,0.0001114204,0.0027092606,-2.533314,2.913933,1.782726,0.076285,-0.794245,-0.03223,-0.60193
1413393907.10646,1.436744,-2.60286,0.388402,0.020491,-0.792121,0.050264,0.607945,0.0003990894,-2.26771e-05,-0.0001054254,1.7619e-06,5.933e-06,2.83858e-05,0.0055602797,0.0014561245,4.1383e-06,0.0038193348,0.0001101335,0.0027131515,-2.489363,2.900265,1.7225,0.054724,-0.794245,-0.044119,-0.603526
1413393907.15642,1.427248,-2.598879,0.375774,0.025521,-0.793944,0.041043,0.606067,0.0003973584,-1.37235e-05,-0.0001076441,8.864e-07,3.6842e-06,2.96615e-05,0.0054992276,0.0014401721,-8.4953e-06,0.0038040982,9.95146e-05,0.0026946194,-2.478191,2.892292,1.702923,0.045806,-0.795923,-0.049872,-0.601605
1413393907.2564,1.410824,-2.583004,0.339266,0.040948,-0.796336,0.01609,0.603252,0.0003951976,1.0079e-05,-0.0001111875,6.628e-07,-2.8736e-06,3.17753e-05,0.0054703181,0.001416086,-7.6279e-06,0.003784105,0.0001009942,0.0026944929,-2.46001,2.874339,1.666317,0.021284,-0.797744,-0.065969,-0.599017
1413393907.35637,1.396596,-2.570823,0.307821,0.061982,-0.797052,-0.015865,0.600513,0.0003892373,4.09352e-05,-0.0001130279,4.7099e-06,-1.19329e-05,3.33084e-05,0.0054455657,0.0013982127,-6.0827e-06,0.0037690854,0.0001033518,0.0026944066,-2.448015,2.859107,1.632533,0.010722,0.797701,0.087414,0.596606
1413393907.40634,1.386925,-2.569532,0.290271,0.065842,-0.798694,-0.024693,0.597615,0.0003852149,4.81164e-05,-0.0001148205,6.4068e-06,-1.43825e-05,3.46964e-05,0.0054367716,0.0013860642,-8.7134e-06,0.0037509058,0.0001009017,0.0026889527,-2.444558,2.854876,1.616733,0.019455,0.799069,0.092074,0.593834
1413393907.50636,1.383873,-2.566551,0.272394,0.057084,-0.802891,-0.014456,0.59321,0.0003844052,3.69818e-05,-0.0001192311,3.9469e-06,-1.1506e-05,3.74519e-05,0.0054483667,0.0013771403,-8.7599e-06,0.0037352564,0.0001008747,0.0026880776,-2.442267,2.857302,1.592719,0.009359,0.803685,0.084097,0.589013
1413393907.55637,1.382353,-2.570515,0.268765,0.04643,-0.804133,-0.000414,0.592633,0.0003857976,2.27593e-05,-0.0001201036,1.7252e-06,-7.1147e-06,3.78571e-05,0.0054486401,0.0013751017,-9.0884e-06,0.003730803,0.0001001601,0.0026874538,-2.442503,2.863223,1.58724,0.004623,-0.805395,-0.073728,-0.588137
1413393907.65636,1.38008,-2.587199,0.268029,0.033343,-0.804722,0.018035,0.59244,0.0003867348,4.4472e-06,-0.0001201366,4.288e-07,-1.4035e-06,3.77853e-05,0.0054775002,0.0013794012,-8.8234e-06,0.0037229562,9.86598e-05,0.0026874245,-2.444901,2.879171,1.585087,0.023201,-0.806642,-0.060679,-0.587464
1413393907.70629,1.369827,-2.606882,0.266705,0.02896,-0.806731,0.023692,0.589733,0.0003837069,-1.518e-06,-0.0001218602,3.735e-07,4.692e-07,3.91485e-05,0.005484163,0.0013781729,-1.34796e-05,0.0037081514,9.53249e-05,0.0026819595,-2.447322,2.88756,1.582215,0.028896,-0.808873,-0.056418,-0.58456
1413393907.75626,1.369373,-2.620792,0.259525,0.02616,-0.808042,0.02707,0.587921,0.0003821106,-5.1194e-06,-0.0001231205,4.343e-07,1.6381e-06,4.01152e-05,0.0055213117,0.0013758473,-1.51849e-05,0.0036920071,9.38023e-05,0.0026808975,-2.449643,2.895891,1.576485,0.032502,-0.81039,-0.053853,-0.582505
1413393907.80618,1.369644,-2.637425,0.250677,0.023449,-0.807336,0.028954,0.588915,0.000381095,-7.6421e-06,-0.0001216711,5.111e-07,2.4313e-06,3.92779e-05,0.0055414813,0.0013816354,-1.83989e-05,0.0036793418,9.20945e-05,0.0026774411,-2.452242,2.903759,1.566594,0.03511,-0.809854,-0.051944,-0.583272
1413393908.35615,1.434442,-2.693679,0.025195,0.028141,-0.798338,0.013297,0.601405,0.000387704,5.0487e-06,-0.0001111343,4.45e-07,-1.4552e-06,3.23039e-05,0.0056841224,0.0014842449,-1.96326e-05,0.003738661,9.2244e-05,0.0026816468,-2.529524,2.963342,1.343265,0.020102,-0.801072,-0.056545,-0.595557
1413393908.45613,1.464736,-2.707911,0.001079,0.025389,-0.796923,0.01415,0.603381,0.0003873624,3.1109e-06,-0.0001090303,4.05e-07,-8.8e-07,3.11345e-05,0.0057096591,0.0015248054,-2.12192e-05,0.003768232,9.24494e-05,0.0026806958,-2.556215,2.976353,1.322438,0.021648,-0.799705,-0.054236,-0.597547
1413393909.25609,1.790239,-2.684645,0.011087,0.017742,-0.804171,-0.006274,0.5941,0.000381164,1.21303e-05,-0.0001170868,8.091e-07,-3.727e-06,3.64596e-05,0.0056475883,0.0018566807,-2.79317e-05,0.0041808837,9.05121e-05,0.0026833476,-2.867084,2.94213,1.341647,0.001164,-0.80728,-0.046006,-0.588372
1413393909.45608,1.888225,-2.660186,0.039224,0.015393,-0.804113,-0.016258,0.594054,0.0003781966,1.73014e-05,-0.0001159423,1.2127e-06,-5.3062e-06,3.60405e-05,0.0056113217,0.0019620474,-2.60712e-05,0.0043351042,8.82708e-05,0.0026775456,-2.972829,2.911271,1.360734,0.008435,0.807155,0.044035,0.588635
1413393909.50609,1.91327,-2.656689,0.036821,0.01412,-0.804527,-0.016298,0.593525,0.0003763368,1.67102e-05,-0.0001160116,1.1547e-06,-5.1553e-06,3.62541e-05,0.0056055398,0.0019823801,-2.60029e-05,0.0043628602,8.76441e-05,0.0026741486,-3.000866,2.90625,1.358611,0.008663,0.807622,0.042545,0.5881
1413393909.60609,1.97076,-2.653809,0.023,0.011547,-0.810571,-0.017326,0.58527,0.0003706496,1.60086e-05,-0.0001225761,1.1051e-06,-5.2987e-06,4.10356e-05,0.0055980952,0.0020383539,-2.64735e-05,0.0044472325,8.748e-05,0.0026732937,-3.059149,2.899044,1.344092,0.010116,0.813669,0.039842,0.579876
1413393909.65608,1.999835,-2.654038,0.011104,0.010167,-0.816561,-0.018386,0.576876,0.0003647573,1.59277e-05,-0.0001290016,1.1072e-06,-5.6384e-06,4.61272e-05,0.0055984138,0.0020694432,-2.66598e-05,0.0044922845,8.75385e-05,0.0026725815,-3.088545,2.896814,1.331941,0.011635,0.819653,0.038331,0.571465
1413393910.15606,2.19605,-2.71113,-0.177984,-0.015805,-0.857047,-0.030311,0.514103,0.0003201188,1.27467e-05,-0.0001699624,9.423e-07,-6.7762e-06,9.08482e-05,0.0057461516,0.0023295357,-2.84654e-05,0.0048134196,8.70539e-05,0.0026700549,-3.278188,2.940369,1.136551,0.026015,0.860489,0.012701,0.508649
1413393910.20606,2.195673,-2.720357,-0.190605,-0.018118,-0.85841,-0.029814,0.511777,0.0003180356,1.15894e-05,-0.0001710911,8.582e-07,-6.2424e-06,9.26531e-05,0.0057608944,0.0023396913,-2.86578e-05,0.0048196996,8.74259e-05,0.0026699103,-3.277551,2.952517,1.12441,0.025971,0.861919,0.009916,0.506285
1413393910.25606,2.190233,-2.731605,-0.198165,-0.019781,-0.860216,-0.029948,0.508665,0.0003153666,1.10676e-05,-0.0001725941,8.26e-07,-6.0646e-06,9.50762e-05,0.0057828084,0.0023425698,-2.88638e-05,0.0048101409,8.76021e-05,0.002669861,-3.272007,2.965754,1.116606,0.026469,0.863748,0.00791,0.503167
1413393910.95604,1.60524,-2.857709,-0.210369,-0.018551,-0.840807,0.016408,0.540768,0.0003393163,-1.79289e-05,-0.0001542179,1.4327e-06,8.1712e-06,7.07185e-05,0.0061034993,0.0017956866,-3.0447e-05,0.0039413666,8.70002e-05,0.0026732589,-2.660343,3.125681,1.096322,0.020466,-0.845387,-0.008072,-0.533716
1413393911.05604,1.449505,-2.853646,-0.233687,-0.003957,-0.82808,0.019647,0.560251,0.0003533181,-1.43082e-05,-0.0001408867,1.0651e-06,5.7266e-06,5.67835e-05,0.0060758092,0.0016226745,-2.74489e-05,0.0037555132,8.6564e-05,0.002672687,-2.516639,3.132763,1.066172,0.024157,-0.832403,-0.022248,-0.553206
1413393911.10604,1.379102,-2.849022,-0.251139,0.002027,-0.823097,0.022827,0.567438,0.0003578406,-1.37346e-05,-0.0001355323,1.0056e-06,5.2189e-06,5.19275e-05,0.0060427275,0.0015191878,-2.23818e-05,0.0036535872,8.63888e-05,0.0026703609,-2.443867,3.135597,1.049064,0.027564,-0.827355,-0.028215,-0.5603
1413393911.20604,1.231587,-2.843508,-0.28208,0.01331,-0.817062,0.027296,0.57575,0.0003631792,-1.15562e-05,-0.0001289503,8.494e-07,4.12e-06,4.63757e-05,0.0060211569,0.0013565218,-2.16308e-05,0.0035064848,8.62001e-05,0.0026708826,-2.298024,3.139669,1.014524,0.032316,-0.821133,-0.039325,-0.568465
1413393911.55603,0.75689,-2.81796,-0.37846,0.032979,-0.787655,0.016417,0.615014,0.0003854373,5.6028e-06,-9.60739e-05,5.93e-07,-1.3825e-06,2.45322e-05,0.0059673499,0.0008150769,-2.23564e-05,0.0031353817,8.74302e-05,0.0026765534,-1.810092,3.141727,0.917496,0.021986,-0.791542,-0.058212,-0.607941
1413393911.60602,0.694697,-2.815269,-0.383007,0.032976,-0.785001,0.014189,0.618453,0.0003868948,7.1094e-06,-9.29621e-05,6.41e-07,-1.6935e-06,2.29174e-05,0.0059560313,0.0007380352,-2.2225e-05,0.0030956043,8.75955e-05,0.0026760401,-1.749728,3.142541,0.912159,0.019622,-0.788882,-0.058031,-0.611486
1413393911.65601,0.638245,-2.814353,-0.384303,0.032521,-0.781106,0.012447,0.623427,0.0003890942,8.1669e-06,-8.83814e-05,6.858e-07,-1.8397e-06,2.06544e-05,0.0059529994,0.0006715154,-2.24758e-05,0.0030644296,8.7863e-05,0.0026766972,-1.692161,3.144327,0.911488,0.017898,-0.785053,-0.057525,-0.616494
1413393912.456,-0.090728,-2.814631,-0.042825,-0.02931,-0.85344,0.034588,0.519216,0.000320721,-3.27856e-05,-0.0001655831,3.9576e-06,1.6982e-05,8.62915e-05,0.0060122436,-0.0001278059,-2.38352e-05,0.0029289275,9.05896e-05,0.0027056366,-0.86966,3.183691,1.264204,0.035754,-0.858416,0.004357,-0.511703
1413393912.506,-0.16778,-2.80209,-0.005117,-0.02841,-0.844417,0.032494,0.533945,0.0003321376,-3.16727e-05,-0.0001572338,3.6293e-06,1.50446e-05,7.52177e-05,0.0060035002,-0.0002230668,-2.3554e-05,0.0029417833,9.06333e-05,0.0027080342,-0.791887,3.175948,1.299056,0.034181,-0.849448,0.003514,-0.526572
1413393912.606,-0.316971,-2.776594,0.05705,-0.026966,-0.830298,0.030686,0.555821,0.0003480972,-3.08548e-05,-0.0001431482,3.3548e-06,1.27334e-05,5.96147e-05,0.0059552946,-0.0003936673,-2.39469e-05,0.0029762846,9.02373e-05,0.0027145982,-0.631032,3.156391,1.360758,0.033375,-0.835437,0.002082,-0.548576
1413393913.10601,-1.060566,-2.569619,0.199033,-0.055126,-0.799422,-0.001946,0.598232,0.0003753829,-2.48325e-05,-0.0001109484,2.2854e-06,7.3855e-06,3.35351e-05,0.0056265471,-0.0010930448,-2.43848e-05,0.0034045885,0.0001034138,0.0027442193,0.156163,2.998153,1.483639,0.002959,-0.805122,0.030539,-0.592327
1413393913.15601,-1.126256,-2.544728,0.199777,-0.070778,-0.794958,-0.003574,0.602511,0.0003766729,-3.14869e-05,-0.0001072808,3.281e-06,9.0161e-06,3.13015e-05,0.0055695229,-0.0011695031,-2.43158e-05,0.0034915493,0.0001047798,0.0027499015,0.22805,2.977301,1.482878,0.00148,-0.801065,0.046272,-0.5968
1413393913.60601,-1.655353,-2.250562,0.152165,-0.226785,-0.757302,-0.069188,0.608502,0.0003725549,-6.74935e-05,-9.73221e-05,1.29212e-05,1.76724e-05,2.61842e-05,0.0050347064,-0.0014711218,-6.0065e-05,0.0040391123,0.0001032493,0.0027511063,0.751767,2.696179,1.420513,0.063242,0.766454,-0.203429,0.605968
1413393913.65601,-1.694577,-2.20172,0.154096,-0.241353,-0.748706,-0.085105,0.61151,0.0003755949,-6.60362e-05,-9.30407e-05,1.23068e-05,1.63954e-05,2.3809e-05,0.0050083759,-0.0015401089,-6.26723e-05,0.0041755765,0.0001041642,0.0027554568,0.793984,2.65087,1.41818,0.078968,0.758134,-0.218141,0.609466
1413393913.70601,-1.729642,-2.150273,0.159115,-0.254919,-0.74088,-0.101776,0.612988,0.0003783187,-6.39113e-05,-8.95223e-05,1.14955e-05,1.51568e-05,2.19464e-05,0.0049398951,-0.001535572,-6.57023e-05,0.0042294352,0.0001048996,0.0027603486,0.831808,2.603079,1.41838,0.095501,0.750531,-0.231832,0.611448
1413393913.80601,-1.787129,-2.0436,0.179496,-0.283179,-0.724595,-0.132041,0.614277,0.000382153,-6.22226e-05,-8.31785e-05,1.08314e-05,1.35672e-05,1.8862e-05,0.0047527211,-0.0015114781,-4.93372e-05,0.0043177205,0.0001085651,0.0027600306,0.893414,2.502007,1.426358,0.125531,0.734768,-0.260399,0.613661
1413393913.85601,-1.810959,-1.992508,0.185105,-0.296971,-0.717467,-0.146287,0.612903,0.0003832587,-6.14361e-05,-8.14771e-05,1.05436e-05,1.30767e-05,1.80718e-05,0.0046540569,-0.0014915441,-4.81221e-05,0.0043523991,0.000108653,0.0027632764,0.916819,2.449967,1.431362,0.13965,0.727835,-0.27445,0.612748
1413393913.956,-1.813226,-1.88676,0.19394,-0.324432,-0.705213,-0.172155,0.606449,0.0003838355,-6.00949e-05,-8.14061e-05,1.01032e-05,1.27614e-05,1.80102e-05,0.0044874383,-0.0014364635,-2.61601e-05,0.0043905678,0.0001084809,0.0027472281,0.94802,2.344727,1.444224,0.165432,0.716112,-0.302321,0.606997
1413393914.006,-1.815698,-1.831578,0.208051,-0.334607,-0.698472,-0.190753,0.603148,0.0003864447,-5.48413e-05,-7.94228e-05,8.4719e-06,1.12789e-05,1.70653e-05,0.0044113609,-0.0013868222,-2.5859e-05,0.0043638048,0.0001090595,0.0027502692,0.955711,2.291702,1.452779,0.183979,0.709546,-0.312624,0.604147
1413393914.10601,-1.797798,-1.723176,0.237338,-0.352594,-0.686076,-0.231236,0.59288,0.0003915979,-4.06375e-05,-7.61858e-05,4.9028e-06,7.9015e-06,1.55568e-05,0.0042558375,-0.0013063328,-2.04527e-05,0.0043585632,0.0001097457,0.0027557373,0.956769,2.187893,1.47241,0.224447,0.69737,-0.330806,0.594901
1413393914.15601,-1.788926,-1.670959,0.253861,-0.361604,-0.683805,-0.251974,0.581517,0.0003924151,-3.07321e-05,-7.88864e-05,3.0937e-06,6.1694e-06,1.65962e-05,0.0042037277,-0.0012558645,-1.99662e-05,0.0043297705,0.0001104064,0.0027592232,0.950954,2.137761,1.482514,0.245413,0.695105,-0.339843,0.58408
1413393914.20601,-1.778654,-1.620307,0.269704,-0.37313,-0.685906,-0.269183,0.56378,0.0003898732,-2.08462e-05,-8.7699e-05,1.8016e-06,4.6767e-06,2.04732e-05,0.0041508432,-0.0012131878,-1.88722e-05,0.0043170367,0.0001110177,0.0027628104,0.941813,2.089355,1.49166,0.263068,0.697232,-0.351357,0.566797
1413393914.45607,-1.654393,-1.422556,0.331722,-0.443561,-0.671085,-0.320923,0.499906,0.0003750954,-5.3986e-06,-0.0001157266,7.591e-07,1.626e-06,3.64467e-05,0.0038315867,-0.0010040174,-5.0224e-06,0.0042224575,0.000109454,0.0027772804,0.871256,1.87773,1.549912,0.315974,0.683808,-0.422386,0.504167
1413393914.50607,-1.636096,-1.383863,0.350254,-0.458682,-0.664736,-0.325615,0.491642,0.0003727153,-7.3354e-06,-0.0001190915,8.28e-07,2.3051e-06,3.87978e-05,0.0038202574,-0.0009624315,-3.8187e-06,0.0041482679,0.0001098927,0.0027814458,0.855888,1.839849,1.563256,0.320849,0.677793,-0.437702,0.496078
1413393914.55605,-1.582484,-1.37969,0.324037,-0.473186,-0.654756,-0.331058,0.487637,0.0003719045,-1.13484e-05,-0.0001198743,9.787e-07,3.6069e-06,3.93075e-05,0.0036309953,-0.0009040084,2.7405e-06,0.0040967495,0.0001008267,0.0027742675,0.840397,1.802765,1.577538,0.325425,0.668829,-0.45243,0.492031
1413393914.90605,-1.445359,-1.133667,0.420904,-0.562131,-0.594264,-0.354565,0.452927,0.0003610414,-3.40183e-05,-0.0001301008,3.8332e-06,1.22329e-05,4.75031e-05,0.0034457469,-0.0006796962,1.22717e-05,0.0038672473,9.52178e-05,0.0027920788,0.710702,1.5526,1.679924,0.349876,0.610056,-0.543351,0.458478
1413393914.95605,-1.426004,-1.084104,0.43264,-0.567945,-0.593696,-0.360709,0.44142,0.0003588246,-2.80339e-05,-0.000134105,2.7669e-06,1.04604e-05,5.07261e-05,0.0034028952,-0.0006474615,1.17132e-05,0.0038619119,9.92284e-05,0.002794293,0.687225,1.516156,1.694458,0.356605,0.609348,-0.549118,0.447226
1413393915.45606,-1.163045,-0.655738,0.548085,-0.554724,-0.610257,-0.397721,0.402103,0.0003577165,1.4807e-05,-0.0001379584,1.186e-06,-5.7581e-06,5.38059e-05,0.0031455433,-0.0003046074,3.31359e-05,0.003656561,8.98354e-05,0.0028310471,0.459937,1.08349,1.807691,0.393962,0.625169,-0.536161,0.408051
1413393915.50606,-1.151727,-0.582675,0.545878,-0.542762,-0.614761,-0.404233,0.405061,0.0003614772,2.22117e-05,-0.0001326835,1.8275e-06,-8.1945e-06,4.92426e-05,0.0031048366,-0.0002624125,3.17708e-05,0.0036203594,9.9943e-05,0.0028300183,0.44315,1.03345,1.813401,0.400652,0.629336,-0.523851,0.411106
1413393915.60607,-1.123684,-0.473662,0.546224,-0.527366,-0.61994,-0.407269,0.414357,0.0003664011,2.62955e-05,-0.0001259581,2.2966e-06,-9.0918e-06,4.37917e-05,0.0030391186,-0.000190681,1.78813e-05,0.0035715668,0.0001031391,0.0028088614,0.415789,0.933037,1.825031,0.403357,0.634254,-0.508288,0.420326
1413393915.70607,-1.113784,-0.371525,0.545089,-0.520013,-0.62301,-0.402907,0.423215,0.0003689746,2.39073e-05,-0.0001232043,1.9053e-06,-8.0311e-06,4.16026e-05,0.0029898373,-0.000125451,5.6571e-06,0.0035372271,0.0001107259,0.0027984285,0.396375,0.835416,1.836903,0.398803,0.636923,-0.501082,0.429189
1413393915.75606,-1.108778,-0.327652,0.546791,-0.515749,-0.62509,-0.40241,0.42583,0.0003697206,2.47556e-05,-0.0001220984,2.0068e-06,-8.2257e-06,4.07696e-05,0.0029720451,-0.0001032589,2.1488e-06,0.0035394027,0.0001105675,0.0027939057,0.38928,0.787977,1.843249,0.398129,0.638849,-0.496847,0.431868
1413393915.85606,-1.101673,-0.253162,0.551797,-0.508235,-0.630839,-0.402727,0.426086,0.0003694249,2.90063e-05,-0.0001216797,2.6139e-06,-9.6073e-06,4.04991e-05,0.0029460829,-6.66697e-05,-1.9865e-06,0.0035137632,0.0001035667,0.0027923034,0.38047,0.696436,1.855538,0.398192,0.644355,-0.489278,0.43227
1413393915.95606,-1.091954,-0.165834,0.565367,-0.503061,-0.6352,-0.402192,0.426254,0.0003688059,3.18942e-05,-0.0001219108,3.0959e-06,-1.05965e-05,4.07197e-05,0.0029380188,-3.02697e-05,-1.5336e-06,0.0035202424,0.0001034185,0.0027938859,0.379436,0.609366,1.867857,0.397498,0.648636,-0.48411,0.432324
1413393916.00604,-1.099463,-0.130419,0.563629,-0.499118,-0.636632,-0.404316,0.426742,0.0003695341,3.4518e-05,-0.0001202332,3.5501e-06,-1.12836e-05,3.9529e-05,0.0029262703,-1.41046e-05,-8.6065e-06,0.0035045014,0.0001014947,0.00278612,0.382192,0.567598,1.874712,0.399625,0.649812,-0.480226,0.432932
1413393916.05604,-1.102636,-0.09079,0.567868,-0.495989,-0.637691,-0.405937,0.427271,0.0003700301,3.65817e-05,-0.0001189977,3.9382e-06,-1.18143e-05,3.86716e-05,0.0029227776,1.7992e-06,-1.0102e-05,0.003512318,0.0001012163,0.0027838105,0.387256,0.527148,1.881728,0.401213,0.650771,-0.477056,0.433524
1413393916.25602,-1.143694,0.055768,0.598914,-0.493207,-0.631304,-0.413512,0.432677,0.0003753399,3.71895e-05,-0.0001113464,4.005e-06,-1.10729e-05,3.34072e-05,0.0029190401,7.40911e-05,-1.24049e-05,0.003543252,0.0001020455,0.0027790277,0.431335,0.381636,1.912719,0.408391,0.644288,-0.474535,0.439242
1413393916.306,-1.166613,0.082157,0.602696,-0.500167,-0.625034,-0.411911,0.43531,0.0003767739,3.10127e-05,-0.0001108159,2.8599e-06,-9.1489e-06,3.29423e-05,0.0029102028,7.72432e-05,-1.41218e-05,0.0035447336,0.0001011665,0.0027743764,0.447552,0.349737,1.919336,0.406673,0.638003,-0.481922,0.441957
1413393916.35599,-1.187057,0.113134,0.610753,-0.509784,-0.618133,-0.409963,0.435847,0.0003771645,2.44397e-05,-0.0001118247,1.8892e-06,-7.2689e-06,3.3498e-05,0.0029099656,8.96431e-05,-1.43251e-05,0.0035676083,0.0001011313,0.0027743934,0.465334,0.318586,1.926666,0.404657,0.63129,-0.49186,0.442505
1413393916.40599,-1.212995,0.141683,0.620168,-0.520896,-0.611182,-0.408359,0.434012,0.0003763395,1.83497e-05,-0.0001140428,1.1964e-06,-5.5768e-06,3.48933e-05,0.0029091857,0.0001023839,-1.41754e-05,0.0035840865,0.0001013378,0.0027738773,0.484191,0.288377,1.934733,0.40316,0.624405,-0.503534,0.440507
1413393916.65599,-1.319164,0.27949,0.680343,-0.586214,-0.565358,-0.424448,0.395686,0.0003678652,6.0744e-06,-0.0001271305,4.083e-07,-2.1102e-06,4.42752e-05,0.0029320198,0.0001884239,-1.51592e-05,0.0036961529,0.0001015312,0.0027749775,0.583098,0.1576,1.985064,0.419728,0.580141,-0.569895,0.403132
1413393916.70599,-1.340753,0.3031,0.693266,-0.602469,-0.553906,-0.428411,0.382993,0.0003643832,4.9937e-06,-0.0001314671,3.752e-07,-1.8105e-06,4.77729e-05,0.0029324283,0.0001994818,-1.52369e-05,0.0037253562,0.0001014778,0.0027739849,0.603638,0.133378,1.997124,0.42386,0.569165,-0.586326,0.390706
1413393917.70598,-1.634745,0.627907,0.836605,-0.8135,-0.184709,-0.525147,0.16829,0.0003467271,-3.01937e-05,-0.0001482053,2.9578e-06,1.29221e-05,6.37259e-05,0.0030731056,0.0004595229,-2.08244e-05,0.0041226054,0.0001026979,0.0027965176,0.8683,-0.207453,2.180836,0.524185,0.203826,-0.806983,0.180316
1413393917.80598,-1.627488,0.629681,0.819606,-0.81549,-0.147327,-0.544289,0.130461,0.0003541453,-2.00931e-05,-0.0001427219,1.4663e-06,8.1098e-06,5.78894e-05,0.0030715194,0.0004486362,-2.19572e-05,0.004127223,0.0001021967,0.002801757,0.854636,-0.216012,2.172054,0.543886,0.16633,-0.810016,0.143002
1413393917.90598,-1.615416,0.628384,0.803217,-0.814398,-0.103151,-0.56182,0.102342,0.0003619349,-1.96869e-05,-0.000134383,1.3959e-06,7.3214e-06,5.02603e-05,0.0030771772,0.000442063,-2.31791e-05,0.0041241095,0.0001014979,0.0028079605,0.835279,-0.222408,2.16473,0.561799,0.122032,-0.810085,0.115328
1413393918.05598,-1.59153,0.613675,0.781512,-0.817349,-0.034395,-0.570985,0.068802,0.000363525,-2.83247e-05,-0.0001311196,2.5194e-06,1.02216e-05,4.76456e-05,0.0030840328,0.0004264181,-2.5628e-05,0.0041029494,0.0001010879,0.0028191115,0.800777,-0.225151,2.156686,0.571318,0.0533,-0.814899,0.082059
1413393918.10598,-1.584081,0.606979,0.77474,-0.818081,-0.012107,-0.572027,0.058164,0.0003629566,-3.15091e-05,-0.0001311348,3.0484e-06,1.13903e-05,4.77302e-05,0.0030834832,0.0004150391,-2.64823e-05,0.0040981141,0.0001006106,0.0028235189,0.788631,-0.223227,2.155278,0.572438,0.030954,-0.816266,0.071454
1413393918.15598,-1.576478,0.598582,0.7679,-0.819352,0.009432,-0.571272,0.047137,0.0003613873,-3.40286e-05,-0.0001324221,3.5176e-06,1.24762e-05,4.88753e-05,0.0030852933,0.0004062116,-2.73614e-05,0.0040968328,0.0001000929,0.0028282661,0.77603,-0.219715,2.154022,0.57178,0.009385,-0.818148,0.060428
1413393918.20598,-1.568757,0.588294,0.761315,-0.820646,0.032433,-0.569209,0.038599,0.0003587099,-3.86149e-05,-0.0001343125,4.4711e-06,1.44676e-05,5.06443e-05,0.003086914,0.0003961335,-2.82954e-05,0.0040962448,9.95404e-05,0.0028333841,0.762991,-0.214398,2.153267,0.569734,-0.013633,-0.820104,0.051824
1413393918.30598,-1.551896,0.560718,0.748625,-0.821085,0.073892,-0.565774,0.016079,0.0003549407,-4.21361e-05,-0.0001375475,5.317e-06,1.63395e-05,5.36579e-05,0.0030893383,0.0003711718,-3.03498e-05,0.0040959723,9.83373e-05,0.0028448285,0.734508,-0.197082,2.152944,0.566403,-0.055236,-0.821779,0.029214
1413393918.35598,-1.542741,0.543037,0.743008,-0.820136,0.09445,-0.5643,0.004561,0.0003534683,-4.35976e-05,-0.0001387239,5.6926e-06,1.71222e-05,5.47999e-05,0.0030902291,0.0003560972,-3.14806e-05,0.0040963985,9.76922e-05,0.0028512047,0.719007,-0.184669,2.153854,0.564976,-0.075894,-0.821442,0.01765
1413393918.40598,-1.533444,0.522656,0.737661,0.818864,-0.114481,0.562402,0.007783,0.0003520563,-4.425e-05,-0.0001400547,5.8771e-06,1.76158e-05,5.60727e-05,0.0030910856,0.0003393636,-3.26848e-05,0.0040977297,9.70226e-05,0.0028580499,0.703007,-0.169633,2.155269,0.563163,-0.096034,-0.820753,0.00525
1413393918.60595,-1.475907,0.413244,0.762994,0.806186,-0.198519,0.55382,0.06275,0.0003486036,-4.5009e-05,-0.0001435051,6.1207e-06,1.85484e-05,5.93801e-05,0.0030789179,0.0002854331,-4.75575e-05,0.004031775,0.0001063933,0.0028750546,0.63329,-0.080448,2.167151,0.555161,-0.180329,-0.810453,-0.04991
1413393918.65595,-1.465177,0.377797,0.762891,0.798731,-0.218963,0.554654,0.080263,0.000350988,-4.36675e-05,-0.0001415888,5.741e-06,1.76374e-05,5.74212e-05,0.0030818224,0.0002605071,-5.01247e-05,0.0040073934,0.0001063355,0.0028825065,0.614801,-0.050612,2.171727,0.556175,-0.201033,-0.803591,-0.067441
1413393918.90595,-1.423804,0.195242,0.778457,0.736252,-0.343712,0.561619,0.156141,0.0003611996,-6.05116e-05,-0.0001238081,1.04364e-05,2.07701e-05,4.27223e-05,0.0031060412,0.0001093413,-5.32858e-05,0.0039801421,0.0001131328,0.0029101661,0.53323,0.138429,2.196551,0.563827,-0.327602,-0.744566,-0.143103
1413393918.95595,-1.422525,0.145811,0.778768,0.719669,-0.365538,0.562535,0.178924,0.0003660925,-5.97771e-05,-0.0001179035,1.00572e-05,1.92814e-05,3.82552e-05,0.0031262956,0.0001000782,-5.54303e-05,0.0039882333,0.0001137366,0.0029189495,0.522638,0.183711,2.201984,0.565056,-0.349868,-0.72861,-0.165877
1413393919.25595,-1.485067,-0.156642,0.78116,0.619078,-0.481227,0.536398,0.312155,0.0003853462,-5.17719e-05,-9.1697e-05,7.2342e-06,1.23503e-05,2.21083e-05,0.003289614,-8.48698e-05,-7.02346e-05,0.0041670868,0.0001202531,0.0029828764,0.525829,0.465288,2.237606,0.540749,-0.467928,-0.631437,-0.299982
1413393919.30595,-1.507149,-0.202894,0.781391,0.59771,-0.497311,0.534394,0.331433,0.0003885092,-5.42123e-05,-8.38521e-05,7.8413e-06,1.17305e-05,1.83862e-05,0.0033306154,-0.0001158029,-7.27516e-05,0.0042157448,0.0001218238,0.0029955948,0.537476,0.508747,2.243599,0.538978,-0.484513,-0.610586,-0.319377
1413393919.35595,-1.532193,-0.246347,0.77961,0.576585,-0.512311,0.532661,0.348367,0.0003907374,-5.78789e-05,-7.63274e-05,8.8485e-06,1.13352e-05,1.51988e-05,0.0033750535,-0.0001461183,-7.52333e-05,0.00427027,0.0001235535,0.0030089777,0.552138,0.54951,2.247526,0.537454,-0.5,-0.589914,-0.336459
1413393919.50595,-1.593569,-0.349591,0.764192,0.524786,-0.557307,0.522659,0.375281,0.000387357,-7.57107e-05,-6.87542e-05,1.50681e-05,1.34609e-05,1.24784e-05,0.0034679324,-0.0002488707,-8.50256e-05,0.0044563316,0.0001343523,0.0030461566,0.614575,0.652162,2.241565,0.527776,-0.54631,-0.539079,-0.363898
1413393919.55594,-1.631538,-0.372681,0.767326,0.512422,-0.571939,0.516176,0.379305,0.0003842241,-8.04419e-05,-7.15721e-05,1.71094e-05,1.50064e-05,1.3599e-05,0.003484931,-0.0002736813,-7.17335e-05,0.0044805515,0.0001352192,0.0030407343,0.6426,0.680129,2.234514,0.52118,-0.561344,-0.527028,-0.368148
1413393919.80593,-1.831152,-0.467239,0.703364,0.479735,-0.597695,0.47817,0.428916,0.0003913466,-6.46087e-05,-7.02934e-05,1.09215e-05,1.16149e-05,1.28751e-05,0.0036002878,-0.0004030886,-6.82214e-05,0.0049691939,0.0001521632,0.0030942246,0.836945,0.772684,2.169856,0.483603,-0.588167,-0.494962,-0.418597
1413393919.85593,-1.888407,-0.473494,0.68675,0.480588,-0.592201,0.469129,0.445254,0.0003968953,-5.16992e-05,-6.62584e-05,6.9788e-06,8.6344e-06,1.13047e-05,0.003587059,-0.0003913772,-3.29755e-05,0.0050078923,0.0001334658,0.0030816982,0.884496,0.781474,2.15255,0.474743,-0.582695,-0.495787,-0.435092
1413393919.95594,-1.999382,-0.460391,0.66117,0.488556,-0.583363,0.449997,0.467443,0.0004024727,-2.79066e-05,-6.46291e-05,2.1613e-06,4.4787e-06,1.06094e-05,0.0035624089,-0.0003879613,2.83743e-05,0.0052124679,0.0001163396,0.0030229227,0.982837,0.78591,2.109554,0.455747,-0.573814,-0.503587,-0.457652
1413393920.00594,-2.048984,-0.445009,0.636703,0.494501,-0.582263,0.441073,0.471055,0.0004022885,-1.95229e-05,-6.82951e-05,1.1664e-06,3.3117e-06,1.18217e-05,0.0035594517,-0.0003700602,4.26063e-05,0.0053024219,0.0001186399,0.003017423,1.032223,0.782371,2.083417,0.44668,-0.572746,-0.509418,-0.461454
1413393920.05594,-2.046394,-0.437973,0.645012,0.499863,-0.582115,0.43433,0.471843,0.0004013615,-1.4081e-05,-7.22864e-05,6.789e-07,2.5301e-06,1.32193e-05,0.0033879347,-0.0003205934,3.74037e-05,0.0052767572,0.0001363253,0.002945861,1.081204,0.775304,2.05527,0.440004,-0.572652,-0.514533,-0.462304
1413393920.25594,-2.190615,-0.345046,0.515308,0.514972,-0.582123,0.421682,0.467035,0.0003970019,-4.3215e-06,-8.45624e-05,2.046e-07,9.179e-07,1.81874e-05,0.0032767584,-0.0002738446,3.16729e-05,0.0054400766,0.00014334,0.0029220821,1.270254,0.715337,1.924826,0.426778,-0.572841,-0.529467,-0.45758
1413393920.35594,-2.277358,-0.295616,0.442826,0.521158,-0.582199,0.418464,0.462954,0.0003948627,-1.8865e-06,-8.95011e-05,1.664e-07,4.279e-07,2.04599e-05,0.0032787776,-0.0002062695,4.06159e-05,0.0054982821,0.0001475359,0.0029283923,1.359414,0.66784,1.857217,0.423281,-0.572861,-0.535667,-0.453571
1413393920.40591,-2.250064,-0.268367,0.420738,0.526233,-0.584511,0.414217,0.458093,0.0003918035,-9.744e-07,-9.56755e-05,1.35e-07,2.378e-07,2.34887e-05,0.003021326,-0.0002041762,1.13019e-05,0.0054330177,0.0001380163,0.0028718715,1.40254,0.640144,1.824339,0.418843,-0.575274,-0.54061,-0.448751
1413393920.5059,-2.328557,-0.199426,0.354276,0.537748,-0.591298,0.403482,0.445417,0.0003832124,7.904e-07,-0.0001107886,1.305e-07,-2.293e-07,3.21549e-05,0.0030028359,-0.0001509609,9.9924e-06,0.0054362223,0.000136477,0.0028691666,1.486148,0.579235,1.761303,0.407622,-0.581842,-0.552307,-0.436197
1413393920.5559,-2.363762,-0.167339,0.326646,0.542127,-0.593562,0.399619,0.440554,0.0003797742,1.3259e-06,-0.0001161131,1.321e-07,-4.068e-07,3.5626e-05,0.0029935826,-0.0001138013,9.334e-06,0.0055017304,0.0001347952,0.0028675381,1.526621,0.547156,1.731778,0.403553,-0.584023,-0.556737,-0.431404
1413393920.6059,-2.403272,-0.127288,0.298384,0.54631,-0.594116,0.396467,0.437477,0.00037715,2.7919e-06,-0.0001199232,1.423e-07,-8.897e-07,3.82578e-05,0.0029848742,-8.52994e-05,7.1994e-06,0.0055526239,0.0001289385,0.0028636665,1.565991,0.514729,1.703508,0.400197,-0.584506,-0.561024,-0.42831
1413393921.0059,-2.667551,0.117408,0.092763,0.571245,-0.595854,0.37397,0.422828,0.000360239,1.44423e-05,-0.000140444,7.095e-07,-5.6341e-06,5.48973e-05,0.00298225,0.0001799106,7.1683e-06,0.0061187519,0.0001212733,0.0028628906,1.839068,0.261067,1.494875,0.376667,-0.585854,-0.585792,-0.414431
1413393921.25591,-2.792351,0.231778,-0.02321,0.591022,-0.606087,0.346557,0.404041,0.0003363973,2.14723e-05,-0.0001620101,1.5111e-06,-1.03469e-05,7.81905e-05,0.003006717,0.0003186668,1.13558e-05,0.0063839197,0.0001144632,0.002864678,1.963228,0.140132,1.378011,0.348496,-0.595593,-0.60563,-0.396272
1413393921.3059,-2.814865,0.246493,-0.044689,0.591897,-0.606583,0.34509,0.403271,0.0003351201,2.18926e-05,-0.0001629344,1.57e-06,-1.06499e-05,7.93839e-05,0.0030073744,0.0003343717,1.07359e-05,0.0064238845,0.0001122576,0.0028638444,1.98258,0.125142,1.358345,0.346829,-0.596237,-0.606387,-0.39561
1413393921.35589,-2.836655,0.257166,-0.065006,0.592129,-0.607632,0.345404,0.401078,0.0003341889,2.05639e-05,-0.0001638384,1.406e-06,-1.00868e-05,8.04901e-05,0.003008854,0.0003500126,1.0153e-05,0.0064709191,0.0001104691,0.0028631043,1.999827,0.113633,1.339675,0.34689,-0.597466,-0.606491,-0.393536
1413393921.40588,-2.855538,0.263358,-0.0832,0.59064,-0.607526,0.348099,0.401102,0.000335779,1.89544e-05,-0.0001628215,1.2119e-06,-9.1956e-06,7.91213e-05,0.0030101055,0.0003607617,1.00189e-05,0.0065182998,0.0001089059,0.0028626458,2.015315,0.105765,1.322782,0.349434,-0.59757,-0.60489,-0.393594
1413393921.45587,-2.872576,0.268157,-0.100196,0.586575,-0.605948,0.354042,0.404242,0.0003407958,1.69578e-05,-0.0001590023,9.862e-07,-7.9148e-06,7.43514e-05,0.0030100353,0.0003663636,9.6413e-06,0.0065587131,0.0001072905,0.0028616257,2.0291,0.101384,1.307745,0.355337,-0.59616,-0.600839,-0.396645
1413393921.50585,-2.886871,0.271368,-0.115966,0.582152,-0.602158,0.361543,0.409624,0.0003476262,1.57157e-05,-0.0001531997,8.531e-07,-6.9275e-06,6.76804e-05,0.0030083366,0.0003713764,8.6668e-06,0.0065946117,0.0001060292,0.002859614,2.041104,0.099999,1.293954,0.362885,-0.59255,-0.596409,-0.401875
1413393921.60586,-2.911311,0.270631,-0.143159,0.571837,-0.59404,0.376142,0.422654,0.0003616129,1.41e-05,-0.0001394468,6.967e-07,-5.4383e-06,5.39371e-05,0.0030076618,0.0003740898,9.4216e-06,0.0066508408,0.0001034288,0.0028584236,2.061303,0.103823,1.267712,0.377718,-0.584636,-0.586098,-0.414759
1413393921.75588,-2.937219,0.263526,-0.19572,0.563325,-0.58953,0.385861,0.431544,0.0003704794,1.22038e-05,-0.0001293862,5.557e-07,-4.2625e-06,4.53527e-05,0.0030052566,0.0003690359,1.03943e-05,0.0067140817,9.98036e-05,0.0028569408,2.082782,0.115861,1.214989,0.387557,-0.580236,-0.577601,-0.423679
1413393921.80589,-2.941624,0.265106,-0.218659,0.561047,-0.588233,0.387764,0.434566,0.0003726175,1.23136e-05,-0.0001265325,5.61e-07,-4.1821e-06,4.31332e-05,0.003001908,0.0003699388,8.4279e-06,0.006729193,9.96488e-05,0.0028533092,2.087845,0.119905,1.191521,0.389701,-0.57871,-0.575609,-0.426501
1413393922.10591,-2.947752,0.254099,-0.37498,0.548992,-0.581791,0.397911,0.449214,0.0003833777,1.20103e-05,-0.0001116217,5.463e-07,-3.4975e-06,3.26746e-05,0.003002161,0.0003673392,8.9446e-06,0.0067471056,9.50812e-05,0.0028533267,2.09606,0.135912,1.029275,0.400037,-0.572363,-0.563445,-0.441478
1413393922.15592,-2.944629,0.254631,-0.401298,0.552796,-0.586574,0.391569,0.44387,0.0003786325,1.23999e-05,-0.0001187111,5.777e-07,-3.8883e-06,3.73976e-05,0.0030009364,0.0003667274,8.1508e-06,0.0067338042,9.49842e-05,0.0028523577,2.093702,0.134981,1.000706,0.393553,-0.577049,-0.567176,-0.436406
1413393922.20592,-2.94198,0.255661,-0.430966,0.558985,-0.594869,0.381542,0.433696,0.0003697491,1.20901e-05,-0.0001303685,5.683e-07,-4.2633e-06,4.61505e-05,0.0029993706,0.0003677351,7.2665e-06,0.0067201311,9.58625e-05,0.0028509383,2.090372,0.133305,0.97106,0.383214,-0.585284,-0.573232,-0.426631
1413393922.25591,-2.925356,0.247932,-0.450908,0.565093,-0.601847,0.371749,0.424562,0.0003604627,1.24642e-05,-0.0001402978,6.037e-07,-4.8527e-06,5.47951e-05,0.0029893872,0.0003683725,7.917e-07,0.0067015312,9.728e-05,0.0028445473,2.086132,0.131655,0.941726,0.372983,-0.592501,-0.57881,-0.418117
1413393922.40592,-2.905632,0.243103,-0.53791,0.577435,-0.622828,0.347702,0.397187,0.0003339313,9.5442e-06,-0.00016473,4.539e-07,-4.7101e-06,8.14755e-05,0.0029845308,0.0003469263,8.915e-07,0.0066218081,9.63699e-05,0.0028446537,2.06759,0.136311,0.856657,0.348145,-0.61333,-0.591006,-0.391589
1413393922.50594,-2.890487,0.221651,-0.591236,0.571958,-0.633192,0.352486,0.384299,0.0003291155,-2.4657e-06,-0.0001684612,2.043e-07,1.2633e-06,8.64504e-05,0.0029771103,0.0003200113,7.55e-08,0.0065802357,9.53751e-05,0.002843017,2.051685,0.15562,0.806842,0.35241,-0.624047,-0.585352,-0.379134
1413393922.55595,-2.882611,0.205704,-0.613513,0.564315,-0.635656,0.36198,0.382702,0.000332844,-1.04909e-05,-0.0001652902,5.187e-07,5.213e-06,8.23043e-05,0.002971907,0.0002968708,-2.684e-07,0.0065607998,9.46261e-05,0.0028427492,2.043695,0.171446,0.784628,0.361856,-0.626655,-0.577803,-0.377516
1413393923.45595,-2.957188,-0.542889,-0.735576,0.55268,-0.630229,0.387959,0.383202,0.0003460714,-2.48498e-05,-0.0001536047,2.038e-06,1.10366e-05,6.84518e-05,0.0030470914,-0.0006133449,-2.4215e-06,0.0067453764,8.97805e-05,0.0028473688,2.085102,0.90779,0.664954,0.387744,-0.621285,-0.56569,-0.379045
1413393923.85595,-3.059121,-1.1008,-0.665307,0.640664,-0.519547,0.452241,0.339263,0.0003618141,-1.36816e-05,-0.0001398288,7.973e-07,5.2848e-06,5.43316e-05,0.0034060234,-0.0013456137,-7.946e-07,0.0070171418,9.22517e-05,0.00284921,2.166931,1.464048,0.724133,0.451656,-0.509824,-0.651887,-0.333428
1413393924.20596,-3.189565,-1.6039,-0.599597,0.735808,-0.396444,0.4673,0.288184,0.0003499448,2.05257e-05,-0.0001514468,1.5115e-06,-8.9051e-06,6.58864e-05,0.0039513722,-0.0020604911,-4.903e-07,0.0073743722,9.12369e-05,0.0028592355,2.274038,1.963594,0.775236,0.465976,-0.385746,-0.744958,-0.28133
1413393924.50596,-3.217731,-2.024418,-0.527883,0.780696,-0.276867,0.458563,0.321836,0.0003335865,9.27038e-05,-0.0001386201,2.61194e-05,-3.85782e-05,5.79793e-05,0.0045799173,-0.0026419754,-1.913e-07,0.0074954312,9.0054e-05,0.0028743232,2.280805,2.37835,0.836237,0.457946,-0.265264,-0.788053,-0.3145
1413393924.55596,-3.207141,-2.084762,-0.514268,0.782907,-0.264406,0.458257,0.327333,0.0003309254,0.0001003675,-0.0001356361,3.08063e-05,-4.11965e-05,5.59702e-05,0.0046799734,-0.0027138,-2.5077e-06,0.0074698648,8.86475e-05,0.0028752908,2.265233,2.436824,0.849819,0.457675,-0.252794,-0.790084,-0.320014
1413393924.60596,-3.189003,-2.140219,-0.498005,0.782138,-0.252647,0.461047,0.334463,0.0003306492,0.0001077373,-0.0001301767,3.54797e-05,-4.24774e-05,5.1629e-05,0.0047791286,-0.0027742092,-2.7531e-06,0.0074351021,8.82718e-05,0.0028786208,2.243492,2.490828,0.864679,0.460615,-0.241014,-0.789164,-0.327079
1413393924.95597,-2.877817,-2.313753,-0.314442,0.763245,-0.264269,0.491882,0.325071,0.0003552737,9.08002e-05,-0.0001173347,2.35778e-05,-3.00277e-05,3.91258e-05,0.0051412891,-0.0027495221,-1.47458e-05,0.0066878489,9.21447e-05,0.0028937763,1.911965,2.670035,1.0505,0.491594,-0.252874,-0.770387,-0.317718
1413393925.00597,-2.809708,-2.312961,-0.2715,0.762312,-0.281711,0.497016,0.304129,0.0003603677,7.11647e-05,-0.00012428,1.44156e-05,-2.45746e-05,4.32417e-05,0.0051096835,-0.0026634881,-1.63007e-05,0.0065276114,9.2113e-05,0.0028982414,1.841503,2.666177,1.092048,0.496459,-0.270425,-0.769633,-0.296839
1413393925.10597,-2.656253,-2.283559,-0.179086,0.761593,-0.307241,0.505371,0.264913,0.0003630669,3.60556e-05,-0.000135723,3.9317e-06,-1.34903e-05,5.11247e-05,0.005088845,-0.0025233292,-1.58149e-05,0.0062008875,9.8558e-05,0.0029050177,1.690974,2.646246,1.184784,0.504257,-0.296298,-0.769184,-0.257528
1413393925.15597,-2.575872,-2.271647,-0.129867,0.762553,-0.316423,0.508847,0.243853,0.0003614562,1.93358e-05,-0.0001409172,1.3871e-06,-7.5439e-06,5.53343e-05,0.0050496563,-0.0024221192,-1.49332e-05,0.006027738,9.91074e-05,0.0029074109,1.611535,2.633571,1.234397,0.50747,-0.305579,-0.770212,-0.236449
1413393925.55597,-1.915393,-2.209082,0.29589,0.782906,-0.288746,0.52849,0.156146,0.0003518771,-2.33913e-05,-0.0001504426,1.9213e-06,1.00304e-05,6.47284e-05,0.0050044041,-0.0018573107,4.8745e-06,0.0048235015,0.0001375435,0.0029052626,0.956666,2.58466,1.641062,0.526384,-0.278031,-0.78978,-0.147883
1413393925.60597,-1.834771,-2.214441,0.347827,0.782833,-0.284009,0.531793,0.153973,0.0003538461,-2.34093e-05,-0.0001486053,1.9199e-06,9.8606e-06,6.28203e-05,0.0049873356,-0.0017688896,4.8823e-06,0.0046884387,0.0001407595,0.0029098114,0.875685,2.590039,1.689861,0.52975,-0.273243,-0.789616,-0.145642
1413393925.85597,-1.429975,-2.264977,0.519505,0.781644,-0.264817,0.542523,0.156759,0.0003626312,-1.64179e-05,-0.0001408293,1.1369e-06,6.4023e-06,5.5118e-05,0.0051422229,-0.0014849111,5.0453e-06,0.0042120163,0.0001600562,0.0029375876,0.470707,2.640206,1.843374,0.541027,-0.253843,-0.78797,-0.148186
1413393925.90597,-1.340205,-2.298535,0.52863,0.779499,-0.261645,0.546283,0.159682,0.0003659381,-1.44173e-05,-0.0001374124,9.413e-07,5.438e-06,5.20268e-05,0.0051636283,-0.0013948704,1.23503e-05,0.0040663866,0.0001491632,0.0029405027,0.39077,2.653136,1.853439,0.545128,-0.250503,-0.78567,-0.151028
1413393925.95598,-1.256374,-2.322341,0.535911,0.775486,-0.259149,0.552547,0.161727,0.0003703052,-1.39654e-05,-0.0001323792,8.843e-07,5.0164e-06,4.77506e-05,0.0052300144,-0.0013144549,1.55424e-05,0.0039301088,0.0001462146,0.0029459729,0.311252,2.666624,1.858449,0.551624,-0.247945,-0.781556,-0.152999
1413393926.20597,-0.875513,-2.396208,0.547577,0.749631,-0.256571,0.587492,0.164552,0.0003899359,-2.20955e-05,-0.0001030628,1.6264e-06,5.8654e-06,2.76682e-05,0.0054675765,-0.0010162886,2.01882e-05,0.0036226606,0.00016104,0.0029844804,-0.066623,2.735191,1.850305,0.587456,-0.24541,-0.755315,-0.155466
1413393926.25598,-0.808922,-2.411737,0.548225,0.74902,-0.258433,0.587896,0.162969,0.0003897426,-2.40701e-05,-0.0001030555,1.8626e-06,6.3924e-06,2.76805e-05,0.0055111975,-0.0009627437,1.96696e-05,0.0035795443,0.0001626562,0.0029921321,-0.135027,2.748194,1.848699,0.588003,-0.247202,-0.754617,-0.153938
1413393926.35598,-0.679807,-2.440241,0.554725,0.753679,-0.263732,0.58093,0.157903,0.0003850349,-2.74242e-05,-0.0001102819,2.3305e-06,7.8857e-06,3.20319e-05,0.005604927,-0.0008552216,2.12969e-05,0.0035027092,0.0001681554,0.003011308,-0.263939,2.773735,1.847539,0.581247,-0.25233,-0.759128,-0.149031
1413393926.40597,-0.622276,-2.452976,0.546137,0.758029,-0.264087,0.575603,0.155986,0.0003819026,-2.69695e-05,-0.0001153059,2.2839e-06,8.1734e-06,3.52625e-05,0.0056438937,-0.0008028664,1.76459e-05,0.0034777168,0.0001726108,0.0030059436,-0.324901,2.786534,1.848352,0.575943,-0.25256,-0.76345,-0.147142
1413393926.45597,-0.562799,-2.474709,0.54129,0.760027,-0.262062,0.574165,0.154973,0.000381164,-2.60692e-05,-0.0001166834,2.1623e-06,8.0133e-06,3.61737e-05,0.0056930816,-0.0007585248,1.86301e-05,0.003448643,0.000168558,0.0030050262,-0.38395,2.79961,1.850537,0.574605,-0.25039,-0.76537,-0.146092
1413393926.60597,-0.40764,-2.530749,0.493853,0.758431,-0.243968,0.584146,0.155034,0.0003874752,-1.99616e-05,-0.0001083741,1.4025e-06,5.6162e-06,3.07349e-05,0.0057614239,-0.0005932756,-8.733e-07,0.0033503657,0.0001566366,0.0029700475,-0.549985,2.838843,1.844855,0.584856,-0.232211,-0.763353,-0.146009
1413393926.65597,-0.36163,-2.556465,0.467733,0.759014,-0.235829,0.587084,0.153671,0.000389095,-1.75035e-05,-0.0001061692,1.1489e-06,4.8036e-06,2.9379e-05,0.0057646859,-0.0005114299,2.3208e-06,0.0032771281,0.0001382517,0.0029462343,-0.602414,2.851838,1.83548,0.587909,-0.223869,-0.763767,-0.144602
1413393926.70597,-0.308244,-2.588565,0.418734,0.761192,-0.225905,0.588544,0.152215,0.000389788,-1.37507e-05,-0.0001051451,8.275e-07,3.73e-06,2.8725e-05,0.0056603648,-0.0003955668,-1.2322e-06,0.0031783315,0.0001133718,0.002894504,-0.65278,2.864465,1.825977,0.58954,-0.213955,-0.765604,-0.143263
1413393926.80597,-0.216758,-2.613624,0.405616,0.767585,-0.208122,0.589358,0.141972,0.0003890418,-1.10143e-05,-0.0001068134,6.591e-07,3.0425e-06,2.96898e-05,0.0057492115,-0.0002948716,-2.7897e-06,0.0031534097,0.0001128053,0.0028944569,-0.747194,2.887579,1.814419,0.59041,-0.19606,-0.771542,-0.133071
1413393926.85598,-0.176399,-2.624894,0.402867,0.772104,-0.19836,0.588524,0.134712,0.0003877137,-1.02431e-05,-0.0001090566,6.177e-07,2.898e-06,3.10394e-05,0.0057669924,-0.0002494418,-3.2146e-06,0.0031440709,0.0001121514,0.002893749,-0.7915,2.89822,1.81441,0.58952,-0.186506,-0.775762,-0.126036
1413393927.30599,0.164186,-2.742281,0.522087,0.818062,-0.165746,0.548658,0.047726,0.0003498596,-3.96293e-05,-0.0001504222,4.8757e-06,1.7071e-05,6.51082e-05,0.0060425732,0.0001137707,-9.4833e-06,0.0031408043,0.0001095371,0.0028973292,-1.13214,3.004641,1.947448,0.54941,-0.153054,-0.820451,-0.039881
1413393927.356,0.190176,-2.762582,0.545483,0.823694,-0.15987,0.542211,0.044455,0.0003452272,-3.78686e-05,-0.0001549779,4.5378e-06,1.70312e-05,7.0007e-05,0.0060846586,0.0001556372,-8.3089e-06,0.0031450715,0.0001091071,0.0028965458,-1.169965,3.024809,1.967587,0.543049,-0.147653,-0.825781,-0.037283
1413393927.456,0.260585,-2.813194,0.587556,0.830035,-0.137697,0.537761,0.053791,0.0003451709,-2.22454e-05,-0.0001580586,1.8106e-06,1.02086e-05,7.28183e-05,0.0061969398,0.0002375296,-6.3728e-06,0.0031562825,0.0001077057,0.002895211,-1.249436,3.073172,2.010885,0.53879,-0.125268,-0.831781,-0.046594
1413393927.80601,0.58869,-2.993593,0.754115,0.814613,-0.030763,0.568171,0.112429,0.0003647928,5.79469e-05,-0.0001286077,9.6014e-06,-2.04403e-05,4.577e-05,0.0066391793,0.0006464217,-6.4325e-06,0.0032687068,0.0001038361,0.0028959145,-1.578369,3.241703,2.188895,0.57068,-0.018496,-0.814243,-0.104933
1413393927.90601,0.688664,-3.019144,0.809893,0.806462,-0.015263,0.579449,0.116723,0.0003692347,6.71377e-05,-0.0001184463,1.26058e-05,-2.1548e-05,3.84198e-05,0.0066988673,0.0007768837,-5.1618e-06,0.0033214667,0.0001024993,0.0028956486,-1.680705,3.263363,2.246877,0.582181,-0.002996,-0.805691,-0.109188
1413393928.10601,0.878209,-3.012909,0.913882,0.798186,-0.004683,0.59036,0.119797,0.000373602,7.35157e-05,-0.0001085971,1.48689e-05,-2.13814e-05,3.19963e-05,0.0066974388,0.0010213604,-2.1734e-06,0.0034512364,9.89857e-05,0.0028954076,-1.878746,3.251809,2.354154,0.593332,0.007626,-0.797077,-0.112108
1413393928.15601,0.928806,-3.00351,0.931128,0.796834,-0.003937,0.592099,0.120243,0.0003745218,7.41114e-05,-0.0001068589,1.50611e-05,-2.11582e-05,3.09184e-05,0.0066570739,0.0010584858,-2.1398e-06,0.0034745946,9.79017e-05,0.0028940138,-1.925716,3.237481,2.376029,0.59513,0.00836,-0.79566,-0.11259
1413393928.20601,0.975502,-2.987596,0.949353,0.796643,-0.004211,0.592291,0.120554,0.0003746843,7.41704e-05,-0.0001066557,1.50778e-05,-2.11251e-05,3.07901e-05,0.0066260709,0.0011137621,-2.1586e-06,0.0035128138,9.7622e-05,0.0028939631,-1.971652,3.218602,2.395963,0.595372,0.008097,-0.795429,-0.112959
1413393928.40601,1.15293,-2.876826,0.994799,0.800149,-0.039426,0.593643,0.076131,0.0003838448,3.00696e-05,-0.0001137843,2.7424e-06,-8.9141e-06,3.41707e-05,0.0063812739,0.0012838246,-2.7568e-06,0.0036704809,9.59234e-05,0.0028947779,-2.147005,3.101592,2.453808,0.596097,-0.026856,-0.799535,-0.068654
1413393928.45602,1.194732,-2.840786,0.999568,0.798812,-0.049864,0.596188,0.063033,0.0003861377,1.65584e-05,-0.0001131057,1.0944e-06,-4.8474e-06,3.35704e-05,0.0062959557,0.0013113124,-3.6167e-06,0.0037065422,9.60289e-05,0.0028947946,-2.18785,3.065121,2.462597,0.598447,-0.037319,-0.798378,-0.055496
1413393928.50602,1.235828,-2.803583,1.002014,0.796384,-0.058765,0.599661,0.052203,0.0003881848,5.0558e-06,-0.0001110625,4.5e-07,-1.441e-06,3.22145e-05,0.0062118388,0.0013398972,-4.3679e-06,0.0037461589,9.59922e-05,0.0028949984,-2.227286,3.027536,2.469029,0.601756,-0.046268,-0.796101,-0.044549
1413393928.95602,1.494503,-2.490562,1.021309,0.778935,-0.06777,0.618783,0.075995,0.0003991681,1.41067e-05,-9.11784e-05,9.15e-07,-3.222e-06,2.12871e-05,0.0055626957,0.0014543059,-7.0496e-06,0.0040472622,9.18966e-05,0.0029048248,-2.480309,2.694357,2.512053,0.621158,-0.055185,-0.778805,-0.06774
1413393929.00601,1.514653,-2.460832,1.037809,0.779457,-0.069131,0.616453,0.087478,0.000398275,2.08177e-05,-9.18273e-05,1.5087e-06,-4.8006e-06,2.1625e-05,0.0054959674,0.0014406711,-6.9418e-06,0.0040534636,9.61573e-05,0.0029007335,-2.493958,2.656726,2.518844,0.619012,-0.056488,-0.779346,-0.079138
1413393929.306,1.559423,-2.211949,1.085158,0.781992,-0.128976,0.593792,0.138797,0.000391533,2.58214e-05,-0.0001039661,2.149e-06,-6.8641e-06,2.80953e-05,0.0050654718,0.001338404,-9.7432e-06,0.0041181357,9.65131e-05,0.0029065486,-2.526326,2.395387,2.570897,0.597095,-0.116239,-0.782876,-0.130743
1413393929.406,1.563085,-2.113684,1.102574,0.781076,-0.166346,0.58337,0.148082,0.0003884914,1.49952e-05,-0.0001112816,1.0338e-06,-4.3016e-06,3.23802e-05,0.0049078599,0.0012832478,-1.09382e-05,0.0041280705,9.64814e-05,0.0029099705,-2.523492,2.29347,2.592085,0.586825,-0.153616,-0.782574,-0.140158
1413393929.70599,1.54985,-1.797819,1.176643,0.764607,-0.269502,0.548947,0.203472,0.0003795273,6.0666e-06,-0.0001256842,5.825e-07,-2.0193e-06,4.21613e-05,0.0044177449,0.0010785488,-3.7722e-06,0.0041335162,9.99793e-05,0.0029093839,-2.497441,1.966863,2.669399,0.553094,-0.257098,-0.767883,-0.195889
1413393929.75599,1.547367,-1.743803,1.18947,0.759639,-0.286311,0.543705,0.212976,0.0003787143,4.846e-06,-0.0001269019,5.538e-07,-1.6339e-06,4.30695e-05,0.0043455871,0.0010401079,-3.235e-06,0.0041294035,0.0001003838,0.0029107429,-2.492338,1.910802,2.683874,0.547983,-0.27397,-0.763194,-0.205468
1413393929.85599,1.554587,-1.633731,1.216082,0.745981,-0.324849,0.536971,0.222816,0.0003771515,-6.6349e-06,-0.0001290122,6.212e-07,2.2639e-06,4.46896e-05,0.0042047404,0.0009705545,-4.3369e-06,0.0041331061,0.0001009012,0.0029137662,-2.482251,1.798484,2.712817,0.541347,-0.312818,-0.750133,-0.215453
1413393930.05599,1.546522,-1.425247,1.267193,0.709692,-0.402659,0.531509,0.227378,0.0003706924,-4.16055e-05,-0.0001309327,5.2064e-06,1.47082e-05,4.68324e-05,0.0039844199,0.0008460578,-4.3301e-06,0.0041586827,0.0001028589,0.0029209573,-2.456932,1.581737,2.769898,0.535889,-0.3912,-0.715119,-0.220032
1413393930.10599,1.541923,-1.377332,1.276724,0.701906,-0.417778,0.528936,0.230254,0.0003686629,-4.67655e-05,-0.0001316968,6.4759e-06,1.67203e-05,4.76354e-05,0.0039216352,0.0008133758,-7.9774e-06,0.0041602742,0.000103188,0.0029225387,-2.447774,1.531193,2.780704,0.533338,-0.406444,-0.707587,-0.222922
1413393930.25599,1.51493,-1.246189,1.293703,0.686686,-0.443244,0.521914,0.244138,0.0003674541,-5.00597e-05,-0.000132119,7.3818e-06,1.80133e-05,4.81036e-05,0.0037884577,0.000714885,-8.7788e-06,0.0041521632,0.0001061631,0.0029287141,-2.411978,1.391054,2.800492,0.526488,-0.432149,-0.692779,-0.236895
1413393930.30599,1.49543,-1.207091,1.292821,0.685147,-0.445627,0.518561,0.251167,0.0003684251,-4.64192e-05,-0.0001323345,6.4102e-06,1.6682e-05,4.8131e-05,0.0037335803,0.0006806233,-1.55398e-05,0.0041407744,0.0001061641,0.0029289907,-2.396992,1.348003,2.802141,0.523203,-0.434461,-0.691391,-0.243897
1413393930.606,1.40646,-0.986656,1.222846,0.696736,-0.426057,0.495651,0.295577,0.0003751005,-4.1404e-06,-0.0001327592,6.291e-07,1.4527e-06,4.76073e-05,0.0035775611,0.0005090142,-2.39289e-05,0.0040850657,0.0001112626,0.0029420366,-2.292882,1.112244,2.737776,0.500826,-0.414598,-0.702763,-0.288803
1413393930.65599,1.389363,-0.959854,1.194182,0.694025,-0.426729,0.500313,0.293118,0.0003767681,-7.8657e-06,-0.0001305466,7.295e-07,2.7002e-06,4.58065e-05,0.0034969698,0.0004625559,-2.57053e-05,0.0040484844,0.000111776,0.0029361967,-2.276221,1.07456,2.70844,0.505293,-0.415175,-0.70025,-0.286289
1413393930.70599,1.366684,-0.921544,1.166026,0.690869,-0.427281,0.505827,0.290292,0.0003787054,-1.23776e-05,-0.0001277713,9.644e-07,4.1516e-06,4.36755e-05,0.0034702296,0.0004414776,-2.29632e-05,0.0040300292,0.0001076284,0.0029333668,-2.259456,1.037069,2.674407,0.510659,-0.415702,-0.697262,-0.283281
1413393930.75599,1.346428,-0.884774,1.131797,0.68732,-0.42741,0.512103,0.287508,0.0003809381,-1.69771e-05,-0.0001243322,1.3103e-06,5.5165e-06,4.11379e-05,0.0034373699,0.0004075447,-2.29597e-05,0.004005649,0.0001074181,0.0029336389,-2.242605,1.00018,2.638355,0.516784,-0.41586,-0.693844,-0.28032
1413393931.05599,1.229091,-0.647492,0.965622,0.690409,-0.419417,0.518726,0.279907,0.0003820759,-1.97089e-05,-0.0001228477,1.5558e-06,6.32e-06,4.0045e-05,0.0033031715,0.0002679316,-9.1204e-06,0.0038652888,8.72593e-05,0.002918739,-2.121932,0.78846,2.461716,0.523166,-0.407718,-0.69719,-0.272014
1413393931.106,1.207375,-0.622716,0.945783,0.691141,-0.41862,0.519588,0.277687,0.0003820895,-2.04537e-05,-0.0001227703,1.616e-06,6.5457e-06,3.99709e-05,0.0032578714,0.0002143877,-7.1443e-06,0.0038214032,8.41672e-05,0.0029116301,-2.098063,0.754648,2.446338,0.523921,-0.406906,-0.697971,-0.269761
1413393931.156,1.183845,-0.586512,0.934902,0.693422,-0.418839,0.517615,0.275344,0.0003803746,-2.0714e-05,-0.0001251606,1.645e-06,6.79e-06,4.16957e-05,0.0032474917,0.0001966857,-6.8042e-06,0.0037944941,8.19687e-05,0.0029115367,-2.072944,0.721132,2.434412,0.521921,-0.407142,-0.70026,-0.26734
1413393931.65599,0.916057,-0.315731,0.791267,0.698322,-0.431995,0.518493,0.238519,0.0003661867,-4.5246e-05,-0.0001372628,6.0983e-06,1.69536e-05,5.199e-05,0.0031738814,3.55798e-05,2.5061e-06,0.0035827988,6.82121e-05,0.0029177876,-1.783112,0.44821,2.283576,0.521945,-0.420383,-0.705559,-0.230301
1413393931.70599,0.880866,-0.299366,0.759719,0.698508,-0.431571,0.518882,0.237895,0.0003663873,-4.53066e-05,-0.0001370935,6.1014e-06,1.69439e-05,5.18216e-05,0.0031674823,1.63668e-05,2.9654e-06,0.0035544699,6.84827e-05,0.0029161565,-1.74833,0.430103,2.2568,0.522204,-0.420006,-0.705815,-0.229617
1413393931.75599,0.845425,-0.278823,0.728298,0.699119,-0.430317,0.519246,0.23758,0.000366694,-4.50838e-05,-0.0001368966,6.0358e-06,1.68192e-05,5.16224e-05,0.003165897,7.0269e-06,3.7457e-06,0.0035273109,6.82534e-05,0.0029148334,-1.712584,0.414096,2.22812,0.522544,-0.418851,-0.70638,-0.229213
1413393931.80599,0.805713,-0.245227,0.691907,0.699693,-0.428963,0.519338,0.238135,0.0003669885,-4.42049e-05,-0.0001368842,5.7831e-06,1.64933e-05,5.15503e-05,0.0031617917,5.1642e-06,4.5933e-06,0.003467619,7.00066e-05,0.0029119121,-1.675743,0.400542,2.197972,0.522437,-0.41774,-0.707002,-0.229567
1413393932.30599,0.386513,-0.221551,0.439046,0.720065,-0.402562,0.497474,0.268273,0.000368685,-5.4966e-06,-0.0001426036,5.697e-07,2.1181e-06,5.57036e-05,0.0031725781,-4.60289e-05,1.53484e-05,0.003299905,5.81026e-05,0.0029217816,-1.249801,0.378576,1.945198,0.50105,-0.391013,-0.726969,-0.25996
1413393932.65599,0.124949,-0.275472,0.315731,0.722723,-0.391816,0.4887,0.292104,0.0003713457,1.56231e-05,-0.0001393822,1.1641e-06,-5.8685e-06,5.28762e-05,0.003201018,-7.01704e-05,2.29033e-05,0.0032550147,5.77762e-05,0.0029293265,-0.978802,0.436936,1.826615,0.492826,-0.380096,-0.729443,-0.283838
1413393932.70599,0.094102,-0.28343,0.300568,0.720895,-0.391641,0.490442,0.293928,0.0003730316,1.58912e-05,-0.0001374837,1.1861e-06,-5.8584e-06,5.12287e-05,0.0032055319,-7.44508e-05,2.37009e-05,0.0032502115,5.90795e-05,0.0029296385,-0.947342,0.446428,1.812915,0.494624,-0.379948,-0.727597,-0.285641
1413393933.20599,-0.125826,-0.334616,0.208644,0.688815,-0.375874,0.530372,0.32087,0.000401521,1.79713e-05,-9.54508e-05,1.3624e-06,-4.2682e-06,2.32578e-05,0.003292871,-0.0001413002,4.14545e-05,0.0033125333,5.24986e-05,0.0029582915,-0.712365,0.501829,1.728946,0.535285,-0.364776,-0.695051,-0.311953
1413393933.25599,-0.143463,-0.325855,0.203781,0.686336,-0.378999,0.534572,0.315493,0.0004024701,1.16241e-05,-9.4668e-05,8.929e-07,-2.7252e-06,2.28342e-05,0.0033006162,-0.000145886,4.04707e-05,0.0033113273,5.79486e-05,0.0029561796,-0.693103,0.49652,1.725228,0.539422,-0.367984,-0.692574,-0.306526
1413393933.30599,-0.169508,-0.309316,0.204796,0.682768,-0.384133,0.540045,0.307606,0.0004031614,2.2331e-06,-9.40054e-05,5.566e-07,-5.047e-07,2.24834e-05,0.0032877016,-0.0001319646,4.27796e-05,0.003294864,5.89129e-05,0.002948533,-0.673451,0.488729,1.722686,0.544677,-0.373347,-0.689036,-0.298627
1413393933.55599,-0.286149,-0.237205,0.20682,0.680016,-0.421157,0.5443,0.252869,0.0003866694,-4.62822e-05,-0.0001131488,6.0967e-06,1.35819e-05,3.37079e-05,0.0032931567,-0.0001245139,5.00954e-05,0.0033147538,6.22167e-05,0.0029487835,-0.553883,0.423578,1.716871,0.548201,-0.410546,-0.686614,-0.243929
1413393933.65599,-0.343966,-0.210138,0.204275,0.6844,-0.430674,0.536669,0.241046,0.0003778779,-5.28993e-05,-0.0001231312,7.9605e-06,1.72724e-05,4.0731e-05,0.0032687161,-0.0001082131,3.74574e-05,0.0033287259,7.11346e-05,0.0029433201,-0.491343,0.397447,1.708919,0.540472,-0.420045,-0.691058,-0.232149
1413393933.70599,-0.377145,-0.19842,0.199848,0.688529,-0.429543,0.531097,0.243633,0.0003766743,-4.81836e-05,-0.0001267091,6.7217e-06,1.62432e-05,4.32392e-05,0.0032746102,-0.0001106074,3.79545e-05,0.0033410621,7.16713e-05,0.0029445072,-0.456696,0.386588,1.703363,0.534994,-0.418876,-0.695133,-0.234777
1413393933.75599,-0.412927,-0.189611,0.194832,0.693569,-0.42541,0.524373,0.251039,0.0003769858,-3.90426e-05,-0.0001294934,4.6018e-06,1.3444e-05,4.51009e-05,0.0032810919,-0.0001133557,3.8631e-05,0.0033545595,7.2701e-05,0.0029456372,-0.419979,0.377003,1.696564,0.528433,-0.414709,-0.700043,-0.242332
1413393933.80599,-0.450174,-0.179375,0.186988,0.698566,-0.420304,0.517623,0.259646,0.000377399,-2.88573e-05,-0.000131707,2.767e-06,1.00996e-05,4.65903e-05,0.0032881289,-0.0001160167,3.90271e-05,0.0033718671,7.32389e-05,0.002946907,-0.381649,0.368318,1.687762,0.521844,-0.40955,-0.704934,-0.251052
1413393933.95599,-0.580793,-0.15012,0.148052,0.706153,-0.409475,0.507416,0.276055,0.000378454,-1.00731e-05,-0.0001333278,8.337e-07,3.5625e-06,4.7599e-05,0.0032640003,-0.0001080056,2.70797e-05,0.0034310195,7.46345e-05,0.0029331568,-0.264944,0.347034,1.651793,0.511763,-0.398849,-0.712231,-0.267859
1413393934.00598,-0.621818,-0.137621,0.139983,0.703583,-0.402086,0.511539,0.285702,0.0003840395,-3.737e-06,-0.0001265088,6.034e-07,1.2422e-06,4.22968e-05,0.0032654428,-0.0001049698,2.74863e-05,0.0034600612,7.83043e-05,0.0029295052,-0.226628,0.341439,1.642454,0.516047,-0.391607,-0.709524,-0.277357
1413393934.45598,-0.95031,-0.030862,0.122671,0.702266,-0.400899,0.519925,0.275282,0.0003855382,-1.19949e-05,-0.0001242755,9.488e-07,3.8915e-06,4.07051e-05,0.0032278577,-2.8361e-05,1.66148e-05,0.0036561217,8.11005e-05,0.0029069717,0.104872,0.230962,1.631603,0.524603,-0.39098,-0.707437,-0.267329
1413393934.50598,-0.984082,-0.014185,0.112429,0.703182,-0.405738,0.518908,0.267669,0.0003822218,-1.78891e-05,-0.0001281342,1.4171e-06,6.0276e-06,4.36094e-05,0.003231438,-2.92526e-05,1.70304e-05,0.0036968323,8.15176e-05,0.0029068425,0.14114,0.2143,1.620799,0.52353,-0.395789,-0.708403,-0.259689
1413393934.85598,-1.25378,0.083546,-0.028924,0.701172,-0.431929,0.528579,0.205913,0.0003605579,-6.54673e-05,-0.0001394064,1.25118e-05,2.53806e-05,5.46075e-05,0.0032603647,3.63752e-05,1.95601e-05,0.0039608978,8.19143e-05,0.0029085006,0.414296,0.121498,1.480373,0.532554,-0.422157,-0.706467,-0.197704
1413393934.90598,-1.298681,0.091247,-0.056651,0.707464,-0.42951,0.526595,0.194202,0.000354905,-6.88146e-05,-0.0001436394,1.39755e-05,2.79265e-05,5.88527e-05,0.0032643614,4.08417e-05,2.06771e-05,0.0040174797,8.1659e-05,0.0029090108,0.458123,0.114987,1.451735,0.530482,-0.419585,-0.712715,-0.185974
1413393935.25598,-1.624633,0.069917,-0.255073,0.795966,-0.295221,0.495763,0.183036,0.0003438554,-2.318e-07,-0.0001688303,6.385e-07,1.394e-07,8.36795e-05,0.0032585539,5.19484e-05,2.13374e-05,0.0044096693,7.94934e-05,0.0029111155,0.770064,0.153739,1.247316,0.500055,-0.284076,-0.799107,-0.175242
1413393935.30598,-1.666076,0.056839,-0.265323,0.803808,-0.276348,0.497177,0.174182,0.0003426226,2.247e-06,-0.0001697768,6.594e-07,-1.0892e-06,8.49151e-05,0.0032575444,5.50082e-05,2.15408e-05,0.0044877462,7.92957e-05,0.0029109813,0.805267,0.168308,1.22904,0.501574,-0.264437,-0.806801,-0.166142
1413393935.70598,-1.819339,-0.089738,-0.263024,0.836694,-0.113306,0.520521,0.12713,0.0003462489,3.66206e-05,-0.0001634202,4.576e-06,-1.72957e-05,7.79251e-05,0.0032886176,-6.18709e-05,2.78242e-05,0.0047560248,7.42484e-05,0.0029175698,0.962658,0.306402,1.214332,0.525183,-0.101085,-0.836547,-0.119079
1413393935.75598,-1.823864,-0.1074,-0.254302,0.838398,-0.094917,0.520792,0.129827,0.0003447809,4.57583e-05,-0.0001623508,6.7821e-06,-2.15642e-05,7.72391e-05,0.0032941878,-7.76928e-05,2.66655e-05,0.004757908,7.50398e-05,0.0029165705,0.967411,0.320923,1.220474,0.525635,-0.08262,-0.837892,-0.121829
1413393935.85598,-1.823295,-0.131732,-0.237429,0.838825,-0.056658,0.523471,0.138349,0.0003417658,6.61253e-05,-0.0001577926,1.35234e-05,-3.05633e-05,7.36376e-05,0.0033081249,-0.0001020021,2.54926e-05,0.0047598885,7.55113e-05,0.0029168805,0.966054,0.340886,1.234251,0.52867,-0.044439,-0.837579,-0.130458
1413393936.20598,-1.738081,-0.070426,-0.193568,0.832374,-0.00789,0.554155,0.001953,0.0003640964,-2.2584e-06,-0.000152385,7.159e-07,9.589e-07,6.45233e-05,0.0033214737,-7.63615e-05,1.6222e-05,0.0046203191,7.77362e-05,0.0029212908,0.869101,0.27869,1.288295,0.557848,0.004405,-0.829937,0.006353
1413393936.25598,-1.733743,-0.042243,-0.188747,-0.831108,-0.001942,-0.555642,0.022754,0.0003651793,-1.4029e-05,-0.0001507475,1.2115e-06,5.8234e-06,6.29639e-05,0.0032866701,-2.65253e-05,4.0821e-06,0.0045997545,8.35828e-05,0.0029200391,0.847609,0.260995,1.297769,0.558895,0.014139,-0.828562,0.03111
1413393936.30598,-1.710213,-0.02601,-0.18195,-0.830363,-0.013379,-0.555142,0.046214,0.0003649446,-2.43443e-05,-0.000149742,2.2498e-06,1.00543e-05,6.21298e-05,0.0032841824,-4.176e-07,1.6923e-06,0.0045801238,8.54566e-05,0.0029194179,0.824277,0.243576,1.307888,0.558121,0.025582,-0.827596,0.054566
1413393936.35597,-1.67976,-0.007071,-0.182637,-0.829443,-0.027395,-0.553815,0.06755,0.000364351,-3.22982e-05,-0.0001489097,3.4966e-06,1.32782e-05,6.1522e-05,0.0032894412,7.8284e-06,4.1491e-06,0.0045438048,8.76804e-05,0.0029130737,0.799884,0.22696,1.317803,0.556501,0.039551,-0.826432,0.076115
1413393936.75597,-1.462592,0.074353,-0.101668,-0.778543,-0.177071,-0.580544,0.159643,0.0003952485,-1.80264e-05,-0.0001132843,1.4056e-06,5.2033e-06,3.29884e-05,0.0032780302,4.19833e-05,-1.44255e-05,0.0041797195,8.79397e-05,0.0029019717,0.570215,0.15221,1.420075,0.582499,0.188095,-0.772681,0.168246
1413393936.80596,-1.438801,0.07699,-0.08696,-0.770776,-0.192427,-0.58351,0.168498,0.0003985369,-1.43851e-05,-0.000108503,1.0464e-06,3.9535e-06,3.0046e-05,0.0032770371,6.39e-05,-1.41139e-05,0.0041771216,8.64865e-05,0.0029022514,0.542059,0.149175,1.434421,0.585246,0.203335,-0.764758,0.17695
1413393936.85596,-1.410877,0.077356,-0.073228,-0.763579,-0.207934,-0.585087,0.177154,0.0004010656,-1.1135e-05,-0.0001046206,8.404e-07,2.9384e-06,2.77942e-05,0.0032808311,6.36377e-05,-1.59582e-05,0.0041517337,8.56649e-05,0.0029033617,0.515461,0.14738,1.449079,0.586808,0.218726,-0.757241,0.185542
1413393936.90596,-1.386805,0.077496,-0.058221,-0.755711,-0.223967,-0.586955,0.184995,0.0004034064,-6.8362e-06,-0.0001008426,6.365e-07,1.7451e-06,2.57019e-05,0.0032825045,6.22662e-05,-1.73071e-05,0.004120662,8.48229e-05,0.0029041747,0.490457,0.146888,1.464477,0.588587,0.234581,-0.749136,0.193282
1413393937.30597,-1.277522,0.034025,0.081048,-0.694218,-0.353146,-0.572772,0.255501,0.0004084868,2.08137e-05,-8.93394e-05,1.5276e-06,-4.5239e-06,1.99553e-05,0.0032990857,4.17536e-05,-2.76534e-05,0.00401034,7.73028e-05,0.0029101436,0.389616,0.183614,1.608432,0.574003,0.362983,-0.685393,0.26272
1413393937.35597,-1.277278,0.024659,0.100445,-0.688925,-0.365722,-0.567375,0.264037,0.0004078757,2.14332e-05,-9.06526e-05,1.591e-06,-4.7387e-06,2.05561e-05,0.0033028848,3.94717e-05,-2.9117e-05,0.0040185909,7.65439e-05,0.0029115259,0.391118,0.19387,1.629229,0.568544,0.375502,-0.679899,0.27113
1413393937.40597,-1.291874,0.021796,0.125936,-0.684438,-0.376095,-0.562609,0.271235,0.0004072471,2.14214e-05,-9.21301e-05,1.5525e-06,-4.8056e-06,2.12196e-05,0.0032980655,3.98172e-05,-2.82937e-05,0.004021489,7.22762e-05,0.0029123446,0.395223,0.205647,1.650494,0.563437,0.385673,-0.675541,0.278304
1413393937.45596,-1.306564,0.006133,0.148244,-0.682708,-0.386601,-0.555072,0.276307,0.000404844,2.1454e-05,-9.63982e-05,1.5617e-06,-5.0647e-06,2.33262e-05,0.0032994826,4.07311e-05,-2.77424e-05,0.0040469274,7.1033e-05,0.0029123442,0.401622,0.21912,1.670333,0.556092,0.395267,-0.674283,0.28263
1413393937.95597,-1.406632,-0.142364,0.17322,-0.719025,-0.41404,-0.478826,0.28688,0.0003677912,-6.4352e-06,-0.0001496138,4.463e-07,2.6878e-06,6.11993e-05,0.0033142652,-6.546e-06,-2.82902e-05,0.0042273359,5.30684e-05,0.0029097373,0.501066,0.36735,1.691371,0.48102,0.422465,-0.710711,0.291609
1413393938.00597,-1.417423,-0.155954,0.183548,-0.715585,-0.414657,-0.485122,0.283999,0.0003704716,-1.5262e-06,-0.0001466161,2.859e-07,6.538e-07,5.83069e-05,0.0032930265,-3.30292e-05,-2.15323e-05,0.0042136626,6.52583e-05,0.0028952572,0.507468,0.377542,1.694499,0.487107,0.423651,-0.706911,0.289012
1413393938.05597,-1.424709,-0.164946,0.188614,-0.710244,-0.417205,-0.49311,0.279885,0.0003738344,5.5638e-06,-0.0001427799,3.504e-07,-2.0797e-06,5.48048e-05,0.0032917845,-4.14087e-05,-2.15285e-05,0.0042264346,6.53907e-05,0.0028939643,0.513543,0.386522,1.698605,0.495159,0.426055,-0.701499,0.284961
1413393938.10599,-1.435881,-0.17381,0.197005,-0.702781,-0.421063,-0.503302,0.274759,0.0003770637,1.51015e-05,-0.0001375676,8.484e-07,-5.4747e-06,5.04319e-05,0.0032749284,-6.79135e-05,-1.38485e-05,0.0041997379,8.08726e-05,0.0028838437,0.519982,0.394147,1.703826,0.50525,0.429957,-0.693877,0.280013
1413393938.256,-1.473976,-0.189179,0.223416,-0.670416,-0.440494,-0.53666,0.261734,0.0003854447,4.94084e-05,-0.0001165846,6.5404e-06,-1.49325e-05,3.54776e-05,0.0032489782,-0.0001020972,-4.0909e-06,0.0042102608,9.18103e-05,0.0028752108,0.549825,0.409507,1.726223,0.538459,0.449506,-0.660608,0.267616
1413393938.30601,-1.4908,-0.192795,0.232073,-0.662242,-0.445876,-0.541128,0.264219,0.0003871427,5.38257e-05,-0.0001116294,7.6888e-06,-1.55096e-05,3.23975e-05,0.0032473959,-0.0001069068,-3.304e-06,0.0042414016,9.30085e-05,0.0028742837,0.566245,0.41256,1.734614,0.542995,0.454644,-0.652346,0.270013
1413393938.35601,-1.511342,-0.194599,0.241195,-0.656732,-0.449001,-0.541023,0.272755,0.0003895968,5.1953e-05,-0.0001082708,7.1324e-06,-1.44273e-05,3.02967e-05,0.0032467049,-0.0001096983,-3.2635e-06,0.0042683766,9.30154e-05,0.002873943,0.58679,0.414866,1.743476,0.542882,0.457712,-0.6467,0.278506
1413393938.70602,-1.72292,-0.199281,0.287666,-0.642961,-0.473781,-0.476777,0.367173,0.0003937279,-8.3704e-06,-0.000112846,3.788e-07,2.4097e-06,3.25468e-05,0.0032363227,-0.000141532,9.124e-07,0.0045667821,9.80717e-05,0.0028685136,0.804875,0.439799,1.797534,0.477955,0.483451,-0.631762,0.372461
1413393938.75602,-1.759895,-0.206234,0.289486,-0.638635,-0.480272,-0.468609,0.376682,0.0003927527,-1.25917e-05,-0.0001131227,5.999e-07,3.6366e-06,3.27817e-05,0.0032311768,-0.0001420263,1.6054e-06,0.0045976312,9.88409e-05,0.0028664826,0.839247,0.447678,1.797118,0.469853,0.489973,-0.627226,0.381792
1413393938.80602,-1.79372,-0.213833,0.287016,-0.631841,-0.486727,-0.464124,0.385308,0.0003934797,-1.43468e-05,-0.0001113177,7.202e-07,4.0685e-06,3.16913e-05,0.0032310273,-0.0001518281,1.1026e-06,0.0046520324,9.77897e-05,0.0028659846,0.873232,0.45748,1.79454,0.465169,0.496604,-0.620123,0.390465
1413393939.25602,-2.096529,-0.377558,0.283589,-0.554613,-0.548054,-0.446827,0.43862,0.0004061075,1.3879e-06,-8.97886e-05,2.163e-07,-3.025e-07,2.00556e-05,0.00325874,-0.0003078566,-1.0236e-06,0.0051756707,9.49285e-05,0.0028665612,1.16732,0.62302,1.79249,0.447274,0.557537,-0.541173,0.442991
1413393939.50603,-2.253458,-0.536977,0.266649,-0.608541,-0.605733,-0.343945,0.380088,0.0003294766,-1.71181e-05,-0.0001776347,1.1003e-06,9.2396e-06,9.60258e-05,0.0033090787,-0.000482205,-1.2219e-06,0.0054858722,9.64607e-05,0.0028626056,1.321653,0.781815,1.764998,0.34644,0.615928,-0.595112,0.382786
1413393939.80602,-2.406333,-0.596009,0.19154,-0.638834,-0.623376,-0.298924,0.337547,0.0002749854,-2.00389e-05,-0.0002030608,1.682e-06,1.4815e-05,0.0001502694,0.003341743,-0.000565806,-2.0183e-06,0.0058011712,9.24271e-05,0.0028641564,1.471531,0.839544,1.688756,0.302318,0.633919,-0.625727,0.339475
1413393939.85602,-2.425109,-0.576709,0.182634,-0.626643,-0.615036,-0.323481,0.352716,0.0003006105,-1.57792e-05,-0.0001938727,1.0504e-06,1.01896e-05,0.0001253308,0.0033358296,-0.0005503506,-1.6959e-06,0.0058471872,9.17447e-05,0.0028646129,1.490985,0.81987,1.679653,0.326532,0.625474,-0.61339,0.35495
1413393939.90602,-2.442495,-0.551085,0.17623,-0.611208,-0.599117,-0.353704,0.377329,0.0003338893,-1.40987e-05,-0.0001753339,8.19e-07,7.414e-06,9.23421e-05,0.0033287614,-0.0005259923,-1.8128e-06,0.0058887989,9.08143e-05,0.0028653929,1.509541,0.794155,1.67323,0.356205,0.609431,-0.597837,0.380048
1413393940.25601,-2.551032,-0.416492,0.148752,-0.518384,-0.480627,-0.476243,0.522942,0.0004239421,-3.59567e-05,2.98e-07,3.2815e-06,-2.15e-08,2.193e-07,0.0033012227,-0.0003954022,-1.0333e-06,0.0061259268,8.31189e-05,0.0028728823,1.618205,0.662661,1.651318,0.475719,0.489873,-0.504809,0.528099
1413393940.35601,-2.566349,-0.440351,0.136445,-0.535272,-0.498345,-0.45888,0.504544,0.0004221172,-3.50933e-05,-2.95199e-05,3.153e-06,2.4593e-06,2.289e-06,0.003313624,-0.0004155744,-1.3937e-06,0.0061933942,7.99235e-05,0.0028763726,1.634409,0.685306,1.641521,0.458974,0.507613,-0.521626,0.509537
1413393940.40601,-2.570821,-0.463881,0.130279,-0.550505,-0.51656,-0.443638,0.483006,0.0004165333,-3.09359e-05,-5.88723e-05,2.5352e-06,4.3787e-06,8.5513e-06,0.0033249993,-0.0004403851,-1.4066e-06,0.0062097237,7.82348e-05,0.002878508,1.63892,0.707959,1.636913,0.444296,0.525928,-0.536844,0.487738
1413393940.75601,-2.549824,-0.646398,0.105507,-0.668941,-0.57973,-0.287117,0.366054,0.0002796877,-5.41566e-05,-0.0001959243,1.07475e-05,3.79762e-05,0.0001376089,0.0034306057,-0.0006262257,-3.0612e-06,0.0062272716,6.30348e-05,0.0028963285,1.619279,0.884046,1.623627,0.290671,0.590652,-0.656462,0.368401
1413393940.90601,-2.496351,-0.634581,0.131991,-0.657544,-0.563861,-0.318189,0.385294,0.0003113304,-5.38955e-05,-0.0001824837,9.5963e-06,3.16225e-05,0.0001072968,0.0034395886,-0.0005945465,-3.8558e-06,0.0061359307,5.3859e-05,0.0029074387,1.564414,0.870425,1.655286,0.321004,0.574617,-0.645176,0.388037
1413393941.00601,-2.439206,-0.600094,0.15871,-0.62392,-0.549406,-0.373395,0.411648,0.0003608799,-4.05353e-05,-0.0001500025,4.8201e-06,1.68669e-05,6.2649e-05,0.0034419476,-0.0005393923,-4.3256e-06,0.0060554838,4.67683e-05,0.0029172546,1.510286,0.834057,1.686334,0.375441,0.559698,-0.611249,0.415034
1413393941.30601,-2.234463,-0.525805,0.240104,-0.547489,-0.506275,-0.464908,0.477286,0.000421676,-2.19547e-05,-4.75152e-05,1.425e-06,2.4809e-06,5.6296e-06,0.0034825586,-0.0004020865,-6.1705e-06,0.0057567244,2.05806e-05,0.0029567634,1.31356,0.753563,1.776781,0.465324,0.515486,-0.534307,0.481948
1413393941.406,-2.164184,-0.544881,0.259767,-0.566547,-0.53132,-0.437692,0.452934,0.0004090745,-2.00395e-05,-8.63386e-05,1.2683e-06,4.2372e-06,1.85124e-05,0.0035124441,-0.0004003434,-4.37e-08,0.0056488171,2.30768e-05,0.0029629921,1.241899,0.76458,1.793269,0.438726,0.540743,-0.553394,0.45709
1413393941.456,-2.127409,-0.557255,0.266588,-0.579326,-0.546142,-0.419152,0.436374,0.0003967296,-1.96035e-05,-0.0001102351,1.2585e-06,5.4558e-06,3.09321e-05,0.0035350764,-0.0004066883,1.807e-07,0.0056106603,1.86063e-05,0.0029714099,1.205475,0.775608,1.800304,0.420571,0.55569,-0.566234,0.440198
1413393941.70599,-1.949413,-0.597542,0.32781,-0.629201,-0.603844,-0.335832,0.355944,0.0003117086,-1.54473e-05,-0.0001901941,1.0596e-06,9.4373e-06,0.0001164401,0.0035118718,-0.0004134307,1.18387e-05,0.0052579878,1.39337e-05,0.0029357579,1.014661,0.823363,1.840266,0.33879,0.613816,-0.61656,0.358226
1413393941.80598,-1.869428,-0.590458,0.343912,-0.638289,-0.610639,-0.325222,0.337548,0.0002937188,-1.18766e-05,-0.0001986949,7.778e-07,8.0453e-06,0.000134836,0.0035182334,-0.0003878501,1.79477e-05,0.0051619191,1.54078e-05,0.0029397762,0.935089,0.813652,1.853551,0.328415,0.620666,-0.625805,0.339546
1413393941.85597,-1.828027,-0.576105,0.339839,-0.638603,-0.609349,-0.328563,0.336046,0.000295014,-1.01678e-05,-0.0001983102,6.491e-07,6.8443e-06,0.0001337309,0.0035213154,-0.0003766009,2.27263e-05,0.0050910002,1.51234e-05,0.0029349314,0.895101,0.79921,1.858514,0.33167,0.619366,-0.626202,0.338015
1413393942.05598,-1.662395,-0.472087,0.378237,-0.600724,-0.564328,-0.404467,0.396322,0.000373795,-7.7278e-06,-0.0001434207,4.622e-07,2.9695e-06,5.53748e-05,0.0034733287,-0.0002890223,3.02923e-05,0.0048062382,6.564e-06,0.0029335653,0.736673,0.68622,1.88282,0.406126,0.574096,-0.588398,0.399208
1413393942.15598,-1.584637,-0.409509,0.397048,-0.570908,-0.53309,-0.450278,0.432583,0.0004083206,-5.7147e-06,-9.20042e-05,3.879e-07,1.2907e-06,2.10539e-05,0.0034707138,-0.00024133,3.44761e-05,0.0047051703,-1.3758e-06,0.0029409652,0.659214,0.620792,1.898698,0.451065,0.542537,-0.558573,0.436185
1413393942.20598,-1.54646,-0.380638,0.406248,-0.557945,-0.520083,-0.468253,0.446038,0.0004177275,-4.4368e-06,-6.90795e-05,3.585e-07,7.363e-07,1.17432e-05,0.0034771902,-0.0002183592,3.70579e-05,0.0046738073,-6.6031e-06,0.0029457776,0.621432,0.592328,1.906359,0.468701,0.529367,-0.545623,0.449928
1413393942.50599,-1.336269,-0.367731,0.461066,-0.556673,-0.522254,-0.476149,0.436633,0.0004177478,4.8907e-06,-7.00145e-05,3.832e-07,-8.235e-07,1.20688e-05,0.0035301235,-0.000138984,5.78611e-05,0.004409247,-4.15458e-05,0.0029776273,0.413943,0.537249,1.947467,0.476776,0.531258,-0.544547,0.44039
1413393942.55599,-1.306417,-0.375629,0.468107,-0.568688,-0.534605,-0.461608,0.421556,0.0004090859,5.964e-06,-9.13966e-05,4.162e-07,-1.3368e-06,2.07645e-05,0.0035552677,-0.0001664087,6.09819e-05,0.0043802562,-4.36873e-05,0.0029812986,0.383567,0.546723,1.952653,0.462591,0.543667,-0.556595,0.425074
1413393942.606,-1.277473,-0.375653,0.466867,-0.583349,-0.548097,-0.443064,0.403719,0.0003956432,6.0964e-06,-0.0001158178,4.262e-07,-1.7898e-06,3.42643e-05,0.0035743576,-0.0001668587,6.50209e-05,0.0043429514,-3.66863e-05,0.0029797352,0.354144,0.559185,1.955855,0.444481,0.557225,-0.571309,0.406959
1413393942.80607,-1.169485,-0.425164,0.441226,-0.626322,-0.5892,-0.376953,0.344195,0.0003312255,5.0264e-06,-0.000180584,4.084e-07,-2.746e-06,9.88824e-05,0.0034008902,-0.000190814,1.41845e-05,0.0040761795,1.93171e-05,0.0029294057,0.246667,0.60695,1.9547,0.379625,0.598349,-0.615012,0.345905
1413393942.95607,-1.094698,-0.428594,0.427783,-0.637539,-0.602259,-0.353994,0.324832,0.0003055328,4.466e-06,-0.0001948759,4.083e-07,-2.855e-06,0.0001247762,0.003414414,-0.0001788152,1.61301e-05,0.0040180536,1.28152e-05,0.0029361203,0.173986,0.606436,1.934395,0.356921,0.611428,-0.626458,0.326061
1413393943.20607,-0.984641,-0.330929,0.404489,-0.587321,-0.563261,-0.425731,0.395656,0.0003850636,6.068e-06,-0.0001318306,4.576e-07,-2.0826e-06,4.55346e-05,0.0034072755,-0.0001179222,1.65803e-05,0.0039538626,-1.2635e-06,0.002946565,0.067248,0.502336,1.9051,0.427069,0.572233,-0.576326,0.397609
1413393943.25601,-0.979678,-0.33175,0.391954,-0.571787,-0.54987,-0.446304,0.414145,0.0004014965,7.1679e-06,-0.0001074125,4.857e-07,-1.9273e-06,2.91168e-05,0.003382729,-9.74479e-05,2.8994e-06,0.0038951339,2.3517e-06,0.0029370775,0.048615,0.47591,1.902972,0.447072,0.558894,-0.56075,0.416415
1413393943.556,-0.892121,-0.264092,0.370619,-0.547049,-0.522999,-0.477099,0.44675,0.0004216111,4.3699e-06,-6.18771e-05,4.236e-07,-6.526e-07,9.4635e-06,0.0033946476,-6.06841e-05,-4.4011e-06,0.003868878,-1.58875e-05,0.0029480814,-0.044328,0.400275,1.886489,0.477273,0.531611,-0.536159,0.449625
1413393943.606,-0.882141,-0.271574,0.364527,-0.557954,-0.53395,-0.465765,0.432028,0.0004147347,6.4779e-06,-8.13415e-05,4.819e-07,-1.2838e-06,1.63436e-05,0.0033939352,-5.857e-05,-7.2495e-06,0.0038720353,-1.92926e-05,0.0029490159,-0.057086,0.406025,1.881132,0.466212,0.542562,-0.547105,0.434731
1413393943.65597,-0.870691,-0.258432,0.3412,-0.572481,-0.547944,-0.448714,0.413132,0.0004025891,7.8249e-06,-0.0001063203,5.317e-07,-2.0799e-06,2.84762e-05,0.003376035,-7.15615e-05,-7.9167e-06,0.0038252896,3.0816e-06,0.0029323856,-0.06885,0.415319,1.874641,0.44968,0.556445,-0.561731,0.415558
1413393943.70597,-0.860677,-0.268233,0.334592,-0.586962,-0.56094,-0.431115,0.393653,0.0003871376,8.8186e-06,-0.0001298004,5.827e-07,-2.9713e-06,4.39356e-05,0.003372942,-6.62974e-05,-8.7387e-06,0.0038164058,3.2429e-06,0.0029319271,-0.079673,0.426457,1.868794,0.432438,0.56947,-0.576292,0.395799
1413393943.80596,-0.840903,-0.290766,0.324643,-0.613097,-0.58148,-0.396237,0.35915,0.0003520144,7.9734e-06,-0.0001664654,5.662e-07,-3.7856e-06,7.91813e-05,0.0033677433,-8.11928e-05,-7.2094e-06,0.0037876908,8.7071e-06,0.0029297467,-0.097792,0.448258,1.859642,0.398182,0.590041,-0.602704,0.360695
1413393943.90596,-0.825492,-0.302839,0.322447,-0.631713,-0.587412,-0.378595,0.335488,0.000328352,7.8922e-06,-0.0001834166,5.823e-07,-4.4257e-06,0.0001029579,0.0033713965,-8.28936e-05,-8.5274e-06,0.0037810763,6.1584e-06,0.002930378,-0.113672,0.459188,1.857236,0.380824,0.596064,-0.621547,0.336708
1413393944.15596,-0.79219,-0.248628,0.352501,-0.640905,-0.527156,-0.422572,0.364391,0.0003698838,-8.5964e-06,-0.0001504729,6.079e-07,3.4921e-06,6.16723e-05,0.0033539951,-7.11592e-05,-4.8079e-06,0.0037450901,9.9076e-06,0.0029295921,-0.146088,0.400766,1.890727,0.424285,0.535883,-0.631509,0.366147
1413393944.25595,-0.776005,-0.207638,0.371077,-0.636938,-0.483927,-0.452827,0.393792,0.0003960934,-2.61794e-05,-0.0001153908,2.1462e-06,7.6255e-06,3.40469e-05,0.0033484238,-5.55687e-05,-5.3872e-06,0.0037318231,1.00746e-05,0.0029300661,-0.159851,0.362289,1.912033,0.454053,0.492697,-0.627902,0.396086
1413393944.30595,-0.76666,-0.189861,0.382518,-0.633133,-0.463533,-0.469163,0.405172,0.0004058619,-3.26556e-05,-9.66146e-05,3.0449e-06,7.7735e-06,2.34172e-05,0.0033388595,-5.23552e-05,-3.4545e-06,0.0037074369,1.68996e-05,0.0029267578,-0.16821,0.345203,1.923458,0.470184,0.472299,-0.624221,0.407753
1413393944.40594,-0.741862,-0.156939,0.399771,-0.626538,-0.432347,-0.49884,0.414349,0.0004174172,-3.72149e-05,-6.71906e-05,3.7384e-06,5.9912e-06,1.12235e-05,0.0033276768,-4.75698e-05,-1.216e-06,0.0036765595,2.22133e-05,0.0029243536,-0.18778,0.320475,1.944539,0.499683,0.440997,-0.617769,0.417402
1413393944.55589,-0.704932,-0.152968,0.425745,-0.636564,-0.424396,-0.513267,0.388886,0.0004174985,-2.53694e-05,-7.22349e-05,1.9639e-06,4.391e-06,1.29067e-05,0.0033133933,-4.95446e-05,1.5387e-06,0.0036345513,2.85163e-05,0.0029197185,-0.218373,0.316764,1.969402,0.514155,0.433029,-0.627789,0.392481
1413393944.60587,-0.693621,-0.160415,0.432293,-0.647154,-0.433003,-0.507845,0.368502,0.000411491,-1.57047e-05,-8.93712e-05,1.0206e-06,3.4112e-06,1.98252e-05,0.0033117411,-5.21786e-05,1.2509e-06,0.0036214025,2.96001e-05,0.0029189696,-0.228136,0.324383,1.975185,0.509019,0.441635,-0.638355,0.37203
1413393945.05586,-0.6018,-0.204606,0.512212,-0.720884,-0.466642,-0.432701,0.274482,0.0003348227,2.8692e-06,-0.0001802665,4.736e-07,-1.5525e-06,9.75882e-05,0.0033092484,-6.60856e-05,1.1021e-06,0.0035618459,3.05496e-05,0.0029203064,-0.308685,0.370159,2.051449,0.435135,0.475612,-0.712488,0.277183
1413393945.10584,-0.587215,-0.189339,0.529382,-0.712004,-0.455979,-0.453007,0.282699,0.0003524015,3.9636e-06,-0.0001673615,4.886e-07,-1.8905e-06,7.99811e-05,0.0033064855,-6.02208e-05,7.164e-07,0.0035477775,3.16401e-05,0.002918209,-0.32236,0.356631,2.067933,0.455089,0.465141,-0.703421,0.285984
1413393945.35583,-0.517726,-0.119467,0.574927,-0.657439,-0.377941,-0.567275,0.321146,0.0004225971,2.7212e-06,-6.39364e-05,4.83e-07,-4.148e-07,1.01094e-05,0.0033024564,-4.29202e-05,1.9917e-06,0.0035120387,3.1896e-05,0.0029206568,-0.385801,0.286432,2.114338,0.568322,0.386559,-0.649051,0.326098
1413393945.40583,-0.509228,-0.113308,0.57117,-0.658006,-0.365998,-0.575969,0.318329,0.0004246433,1.0841e-06,-5.71697e-05,4.719e-07,-1.481e-07,8.1344e-06,0.0033023209,-4.13753e-05,2.1937e-06,0.0035080859,3.18655e-05,0.002921431,-0.393531,0.279964,2.111338,0.576987,0.37464,-0.64969,0.323492
1413393945.45583,-0.503429,-0.110888,0.563344,-0.663676,-0.356152,-0.578719,0.312689,0.0004246044,-1.2748e-06,-5.75132e-05,4.778e-07,1.717e-07,8.2318e-06,0.0033023983,-4.11941e-05,2.443e-06,0.003505775,3.17666e-05,0.0029223675,-0.398709,0.277109,2.104286,0.579773,0.364875,-0.655461,0.317982
1413393945.55584,-0.502253,-0.115643,0.538453,-0.691726,-0.342142,-0.563864,0.294127,0.0004163095,-9.0247e-06,-8.07849e-05,6.656e-07,1.7512e-06,1.61279e-05,0.0033012033,-4.21007e-05,2.2002e-06,0.0035016414,3.29396e-05,0.0029218759,-0.402393,0.281726,2.078934,0.565405,0.350682,-0.684019,0.299146
1413393945.75584,-0.513236,-0.162752,0.486989,-0.751251,-0.326088,-0.524946,0.231777,0.0003821155,-2.4843e-06,-0.0001385187,4.734e-07,8.988e-07,5.07142e-05,0.0033016633,-5.25124e-05,1.0654e-06,0.0035034737,3.51537e-05,0.0029231017,-0.390987,0.322503,2.026929,0.527156,0.33523,-0.744147,0.236674
1413393945.80584,-0.518372,-0.174825,0.477965,-0.765535,-0.322178,-0.513685,0.215139,0.0003702575,5.854e-07,-0.0001515832,4.534e-07,-2.457e-07,6.25767e-05,0.0033021132,-5.61368e-05,3.288e-07,0.0035047735,3.566e-05,0.002921849,-0.386889,0.33432,2.015356,0.516231,0.331042,-0.758733,0.219732
1413393945.90585,-0.525853,-0.194362,0.462051,-0.788787,-0.31052,-0.497156,0.185009,0.0003498081,6.4709e-06,-0.0001697224,5.657e-07,-3.1537e-06,8.28952e-05,0.0033027399,-6.03732e-05,2.062e-07,0.0035070013,3.67159e-05,0.0029192668,-0.381243,0.352682,1.995853,0.50001,0.319242,-0.782465,0.189334
1413393946.35585,-0.523802,-0.196811,0.441525,-0.745219,-0.184707,-0.621936,0.154037,0.0004190939,8.01e-08,-7.59038e-05,4.685e-07,-3.1e-08,1.42146e-05,0.0033097106,-5.89705e-05,-9.258e-07,0.0035110716,4.03672e-05,0.0029249028,-0.377375,0.355078,1.980213,0.624046,0.193373,-0.739955,0.160187
1413393946.55586,-0.581107,-0.213651,0.419537,-0.796454,-0.125248,-0.578995,0.121401,0.000393262,-1.99922e-05,-0.0001234494,1.4867e-06,6.256e-06,3.92387e-05,0.0033181504,-6.16643e-05,-1.6679e-06,0.0035429936,4.21297e-05,0.0029270165,-0.314632,0.378849,1.956219,0.58153,0.134447,-0.792204,0.127325
1413393946.90586,-0.653733,-0.265083,0.412438,-0.849224,-0.036694,-0.526749,0.002723,0.0003472739,1.30245e-05,-0.0001724103,9.82e-07,-6.4968e-06,8.6153e-05,0.0033545221,-6.78758e-05,-6.3187e-06,0.0035940555,4.63558e-05,0.0029379965,-0.232965,0.439892,1.943868,0.529997,0.046229,-0.846717,0.008356
1413393946.95586,-0.649818,-0.267065,0.419841,0.838442,0.022354,0.544475,0.007913,0.0003612824,1.47429e-05,-0.0001607892,1.0999e-06,-6.5896e-06,7.20969e-05,0.0033619193,-6.60112e-05,-7.1663e-06,0.0035972845,4.72203e-05,0.0029403225,-0.234452,0.443277,1.950319,0.547661,0.031749,-0.836126,-0.002068
1413393947.00586,-0.643552,-0.267352,0.428054,0.822344,0.008051,0.568674,0.01717,0.0003792121,1.50145e-05,-0.0001427364,1.0971e-06,-5.6762e-06,5.42408e-05,0.0033698133,-6.29466e-05,-8.0913e-06,0.0035973758,4.81075e-05,0.0029428392,-0.238142,0.444974,1.957522,0.571785,0.017245,-0.820194,-0.011036
1413393947.05585,-0.643241,-0.276858,0.420072,0.805236,-0.006457,0.59233,0.02642,0.0003946696,1.44097e-05,-0.0001230053,9.622e-07,-4.5467e-06,3.8784e-05,0.0033650849,-7.14895e-05,-1.47313e-05,0.0035735845,4.39664e-05,0.0029354314,-0.242239,0.445548,1.962529,0.594981,0.002912,-0.803533,-0.019929
1413393947.10585,-0.64511,-0.279183,0.419606,0.789839,-0.020421,0.611924,0.035875,0.0004063792,1.30861e-05,-0.0001043454,8.435e-07,-3.4108e-06,2.72154e-05,0.0033679754,-7.47088e-05,-1.75731e-05,0.003573946,4.38094e-05,0.0029365354,-0.245673,0.445136,1.963588,0.614364,-0.011183,-0.788445,-0.029023
1413393947.30585,-0.648835,-0.266082,0.380867,0.76902,-0.08013,0.629842,0.07407,0.0004171828,5.4066e-06,-8.31944e-05,4.944e-07,-1.1219e-06,1.698e-05,0.00338987,-6.81778e-05,-2.44001e-05,0.0035835067,4.48942e-05,0.0029418239,-0.235752,0.432892,1.92569,0.632153,-0.071151,-0.768667,-0.067022
1413393947.55585,-0.730491,-0.232521,0.266284,0.772571,-0.183927,0.60144,0.087037,0.0004008965,-3.62057e-05,-0.0001093658,3.6427e-06,9.8597e-06,3.01904e-05,0.0033726441,-6.68297e-05,-2.84389e-05,0.003623503,4.43876e-05,0.0029428514,-0.162727,0.396742,1.813843,0.603071,-0.174849,-0.774161,-0.080322
1413393947.60586,-0.753074,-0.227277,0.239613,0.773555,-0.207758,0.592519,0.085849,0.0003936718,-4.69032e-05,-0.000117042,5.9653e-06,1.39321e-05,3.51443e-05,0.0033770672,-6.78707e-05,-3.00681e-05,0.003648688,4.34596e-05,0.0029429936,-0.141421,0.390369,1.789462,0.593989,-0.198663,-0.775544,-0.079266
1413393947.90586,-0.903885,-0.25734,0.122759,0.793579,-0.28953,0.51127,0.158139,0.0003540794,-1.72738e-05,-0.0001675632,1.1728e-06,8.1538e-06,7.96477e-05,0.0033577709,-9.3566e-05,-2.36619e-05,0.003759738,4.63905e-05,0.0029412706,0.004812,0.410484,1.672956,0.512679,-0.279023,-0.797588,-0.152292
1413393947.95586,-0.925459,-0.270531,0.111803,0.789815,-0.294095,0.507798,0.178442,0.0003574103,-6.612e-06,-0.0001656277,4.555e-07,3.0408e-06,7.71019e-05,0.0033672323,-0.0001087912,-2.54274e-05,0.0037828304,4.69922e-05,0.0029433904,0.025607,0.424154,1.661767,0.509302,-0.283629,-0.793971,-0.17265
1413393948.00586,-0.944307,-0.2854,0.10376,0.782966,-0.29203,0.509643,0.204808,0.0003658608,9.19e-06,-0.0001580379,5.675e-07,-3.997e-06,6.86071e-05,0.0033751955,-0.0001172943,-2.72454e-05,0.0038003937,4.76434e-05,0.0029456191,0.043551,0.439504,1.653533,0.511339,-0.281639,-0.787189,-0.198997
1413393948.05586,-0.959735,-0.300431,0.096846,0.774902,-0.289148,0.513023,0.229625,0.0003740906,2.38567e-05,-0.0001483342,1.8618e-06,-9.4894e-06,5.91504e-05,0.0033836255,-0.0001260045,-2.90755e-05,0.0038159491,4.83628e-05,0.0029479885,0.058538,0.455032,1.646597,0.514902,-0.278827,-0.779162,-0.223792
1413393948.40586,-1.015258,-0.353832,0.062232,0.700413,-0.320952,0.567236,0.290955,0.0004188443,1.87142e-05,-7.98845e-05,1.1335e-06,-3.5845e-06,1.55093e-05,0.0034119722,-0.0001608331,-3.69634e-05,0.0038799945,5.61189e-05,0.0029612509,0.109915,0.504708,1.616111,0.569064,-0.311343,-0.705831,-0.284695
1413393948.50586,-1.030931,-0.338421,0.056622,0.68449,-0.334823,0.575655,0.296629,0.0004235525,8.8161e-06,-6.92219e-05,4.8e-07,-1.4526e-06,1.15818e-05,0.0034216002,-0.0001608891,-4.1188e-05,0.0038980841,5.8507e-05,0.002967238,0.124802,0.489925,1.611658,0.57742,-0.325412,-0.690251,-0.290264
1413393948.60586,-1.050639,-0.312349,0.049258,0.688677,-0.356737,0.559297,0.29266,0.0004172304,1.765e-06,-8.6508e-05,2.892e-07,-3.709e-07,1.81527e-05,0.0034233955,-0.0001442276,-4.96671e-05,0.0039054668,5.36291e-05,0.0029615498,0.146564,0.461494,1.604392,0.560855,-0.347258,-0.694801,-0.286577
1413393948.65586,-1.063153,-0.295571,0.043557,0.697876,-0.369658,0.540839,0.289508,0.0004085881,1.7784e-06,-0.0001043271,2.857e-07,-4.578e-07,2.68609e-05,0.0034241482,-0.0001388974,-5.05573e-05,0.0039166504,5.45283e-05,0.0029630073,0.159225,0.444315,1.599486,0.542241,-0.360087,-0.704188,-0.283673
1413393949.05586,-1.132965,-0.173304,0.032789,0.699255,-0.459464,0.458025,0.300248,0.0003661179,-3.688e-07,-0.000159629,2.23e-07,1.526e-07,6.98377e-05,0.0033428548,-8.01326e-05,-1.55176e-05,0.004008937,5.25707e-05,0.0029388594,0.245484,0.314079,1.594988,0.458596,-0.449969,-0.707063,-0.29547
1413393949.10586,-1.138335,-0.16684,0.040249,0.686189,-0.463355,0.463905,0.315022,0.0003757854,9.864e-07,-0.0001501474,2.251e-07,-4.034e-07,6.02225e-05,0.003343493,-7.99159e-05,-1.48188e-05,0.0039984556,5.2453e-05,0.0029381063,0.250143,0.3078,1.60176,0.464558,-0.454063,-0.694156,-0.310146
1413393949.20586,-1.146366,-0.153633,0.058324,0.658742,-0.468031,0.476445,0.346418,0.000395072,4.2798e-06,-0.0001269253,2.709e-07,-1.3852e-06,4.09927e-05,0.0033458625,-7.6051e-05,-1.52057e-05,0.0040108508,5.29788e-05,0.0029382217,0.257404,0.296809,1.618701,0.47733,-0.45921,-0.666933,-0.341346
1413393949.30586,-1.154914,-0.135487,0.077272,0.631053,-0.47219,0.487998,0.375056,0.0004103295,5.257e-06,-0.0001025472,2.849e-07,-1.3211e-06,2.5833e-05,0.0033460745,-6.77422e-05,-1.53377e-05,0.004019684,5.32598e-05,0.0029384929,0.262862,0.283409,1.635995,0.489086,-0.463786,-0.639557,-0.36972
1413393949.35586,-1.157439,-0.124837,0.081729,0.61776,-0.474642,0.493018,0.387325,0.0004160557,4.5251e-06,-9.10512e-05,2.578e-07,-9.989e-07,2.01209e-05,0.0033394577,-5.8637e-05,-1.14343e-05,0.0040217956,4.99118e-05,0.0029329596,0.265291,0.274221,1.644927,0.494117,-0.466519,-0.626346,-0.381997
1413393949.40586,-1.160649,-0.111472,0.089822,0.603745,-0.477157,0.498574,0.399047,0.0004212619,2.6173e-06,-7.90008e-05,2.246e-07,-4.989e-07,1.50076e-05,0.0033397334,-5.193e-05,-1.12285e-05,0.0040258907,4.98129e-05,0.002932798,0.267782,0.262047,1.653863,0.499743,-0.469259,-0.612473,-0.393645
1413393949.50586,-1.168837,-0.073802,0.106127,0.579788,-0.489836,0.507171,0.40827,0.0004258566,-1.00786e-05,-6.56124e-05,4.406e-07,1.5465e-06,1.0299e-05,0.0033379947,-3.1145e-05,-1.00102e-05,0.0040346574,4.95199e-05,0.0029321939,0.273412,0.227394,1.669143,0.508318,-0.482346,-0.588846,-0.402776
1413393949.55586,-1.173828,-0.048498,0.110096,0.575494,-0.503979,0.504792,0.399997,0.0004225741,-2.07566e-05,-7.3149e-05,1.2198e-06,3.5875e-06,1.28533e-05,0.0033386663,-1.75935e-05,-9.7375e-06,0.0040411966,4.93513e-05,0.0029320473,0.277096,0.204456,1.673494,0.505751,-0.496639,-0.584722,-0.394575
1413393949.60586,-1.180893,-0.023204,0.114849,0.574363,-0.519012,0.500055,0.388174,0.0004167246,-3.11629e-05,-8.46082e-05,2.5235e-06,6.3227e-06,1.73705e-05,0.0033382716,-2.68e-07,-9.4111e-06,0.0040464103,4.97669e-05,0.0029314958,0.282139,0.178004,1.676579,0.50069,-0.51193,-0.58359,-0.382997
1413393949.70586,-1.197922,0.039274,0.118404,0.573612,-0.547362,0.491102,0.360809,0.0004008194,-5.16811e-05,-0.0001075579,6.8602e-06,1.38673e-05,2.90626e-05,0.0033448397,3.24485e-05,-9.2523e-06,0.0040698604,5.01474e-05,0.0029318274,0.297699,0.118341,1.681571,0.491196,-0.5405,-0.583095,-0.355831
1413393949.75586,-1.210649,0.07191,0.120408,0.57038,-0.561325,0.488732,0.347449,0.0003918947,-6.29344e-05,-0.0001160998,1.03049e-05,1.86455e-05,3.4598e-05,0.0033496198,5.08304e-05,-9.1664e-06,0.0040855165,5.02826e-05,0.0029319288,0.309727,0.086785,1.684553,0.488567,-0.554634,-0.579959,-0.342571
1413393950.00587,-1.344358,0.233102,0.142921,0.541661,-0.617328,0.485702,0.299336,0.0003505159,-0.0001076488,-0.0001364456,3.32783e-05,4.19191e-05,5.3332e-05,0.0033889487,0.0001565638,-8.6732e-06,0.004252131,5.16633e-05,0.0029335996,0.437596,-0.063168,1.710148,0.484649,-0.61139,-0.551806,-0.294673
1413393950.05587,-1.388885,0.258308,0.152408,0.547085,-0.617816,0.475711,0.304466,0.0003513115,-9.96413e-05,-0.0001417282,2.84767e-05,4.02112e-05,5.73944e-05,0.003397083,0.0001778851,-8.5219e-06,0.0043085906,5.15785e-05,0.002933573,0.480931,-0.085888,1.719284,0.474679,-0.6118,-0.557201,-0.299871
1413393950.15586,-1.494293,0.306913,0.175349,0.573805,-0.606701,0.439769,0.330553,0.0003585292,-6.09566e-05,-0.0001561174,1.05724e-05,2.65498e-05,6.82001e-05,0.0034147884,0.0002257722,-8.1829e-06,0.0044483464,5.09252e-05,0.0029334266,0.583944,-0.12722,1.739659,0.438906,-0.60019,-0.583788,-0.326151
1413393950.25586,-1.610847,0.340691,0.198016,0.601837,-0.593353,0.401489,0.35289,0.0003556695,-2.02141e-05,-0.0001688503,1.355e-06,9.5955e-06,8.03884e-05,0.0034310373,0.0002749532,-7.7709e-06,0.0046155572,5.11414e-05,0.0029338985,0.698606,-0.158107,1.761996,0.400691,-0.58625,-0.611709,-0.348732
1413393950.45586,-1.839444,0.374282,0.239041,0.617714,-0.590357,0.372826,0.361813,0.0003447599,2.7138e-06,-0.0001784885,2.302e-07,-1.4109e-06,9.26483e-05,0.0034502855,0.0003473918,-8.3874e-06,0.0049867401,5.36176e-05,0.0029343963,0.924883,-0.182296,1.796063,0.371891,-0.582878,-0.627654,-0.357771
1413393950.55586,-1.943311,0.365722,0.249766,0.609028,-0.590207,0.381921,0.367256,0.0003533851,-1.2471e-06,-0.0001721911,2.134e-07,6.053e-07,8.414e-05,0.0034503729,0.0003627767,-9.1737e-06,0.0051657035,5.53838e-05,0.0029344285,1.030967,-0.174107,1.801911,0.381141,-0.582596,-0.619302,-0.36302
1413393950.60586,-1.994171,0.35396,0.250678,0.603263,-0.587437,0.389278,0.373435,0.0003610498,-2.5986e-06,-0.0001659485,2.255e-07,1.1941e-06,7.65087e-05,0.0034457474,0.0003610886,-9.3929e-06,0.005247102,5.57138e-05,0.0029340482,1.082533,-0.164859,1.802103,0.38861,-0.579831,-0.613634,-0.369108
1413393950.80586,-2.190721,0.293436,0.228427,0.58327,-0.573416,0.413266,0.400252,0.0003876857,-2.8208e-06,-0.0001390117,2.201e-07,1.015e-06,5.00681e-05,0.0034290006,0.0003614685,-9.0313e-06,0.005615141,5.69718e-05,0.0029347761,1.281507,-0.109073,1.779656,0.412971,-0.56602,-0.593797,-0.39558
1413393950.85586,-2.23971,0.277007,0.214504,0.581299,-0.571147,0.415206,0.404335,0.0003905162,-1.6862e-06,-0.0001355927,2.073e-07,5.892e-07,4.73024e-05,0.0034199117,0.0003374094,-9.2474e-06,0.0056924937,5.70211e-05,0.0029347344,1.329283,-0.093698,1.766382,0.414887,-0.563849,-0.591792,-0.399659
1413393950.90586,-2.284058,0.256205,0.198083,0.581747,-0.568901,0.413366,0.408718,0.0003917275,2.2183e-06,-0.0001340561,2.106e-07,-7.557e-07,4.60982e-05,0.0034140506,0.0003292734,-9.2182e-06,0.0057865795,5.62617e-05,0.0029338799,1.37638,-0.078147,1.750187,0.413138,-0.561495,-0.592278,-0.404041
1413393951.15586,-2.492,0.170656,0.1096,0.59064,-0.56425,0.39554,0.419899,0.0003879555,2.05166e-05,-0.0001376347,1.2865e-06,-7.279e-06,4.90588e-05,0.003398623,0.0002808893,-9.1011e-06,0.0062354354,5.55315e-05,0.002934514,1.586158,-0.000664,1.664928,0.395282,-0.556591,-0.601181,-0.415381
1413393951.20586,-2.527913,0.153822,0.094905,0.587853,-0.566573,0.39858,0.417802,0.0003887249,1.6339e-05,-0.0001373234,8.877e-07,-5.7721e-06,4.87423e-05,0.0033906992,0.0002484039,-8.9571e-06,0.0062967701,5.49197e-05,0.0029345307,1.621188,0.015636,1.650846,0.398254,-0.558978,-0.598449,-0.413279
1413393951.70586,-2.803217,-0.030927,-0.030028,0.584458,-0.58494,0.383624,0.411202,0.0003789855,1.28614e-05,-0.0001496064,6.521e-07,-5.0791e-06,5.93106e-05,0.0033645292,6.44993e-05,-7.8125e-06,0.0069593926,5.25759e-05,0.0029388218,1.888872,0.199561,1.533196,0.382887,-0.577649,-0.595047,-0.406988
1413393951.75586,-2.822903,-0.054376,-0.047347,0.583314,-0.583635,0.383074,0.415173,0.0003806289,1.51376e-05,-0.0001476613,8.182e-07,-5.8749e-06,5.75357e-05,0.0033609676,2.83962e-05,-7.5059e-06,0.0069939937,5.18145e-05,0.0029386511,1.908293,0.221761,1.515143,0.382381,-0.576381,-0.593863,-0.410972
1413393952.10587,-2.917753,-0.23497,-0.158022,0.563397,-0.588934,0.391393,0.427262,0.0003913985,8.2755e-06,-0.000136031,4.059e-07,-2.8765e-06,4.7537e-05,0.0033688252,-0.0002018832,-6.2809e-06,0.0072419276,4.97502e-05,0.0029415229,2.000116,0.401375,1.40468,0.390687,-0.582288,-0.573758,-0.423211
1413393952.20587,-2.931176,-0.293114,-0.165183,0.558981,-0.591383,0.392348,0.4288,0.0003926394,6.2818e-06,-0.0001344622,3.321e-07,-2.1501e-06,4.6306e-05,0.0033729754,-0.0002733559,-6.2648e-06,0.0072635703,4.90727e-05,0.0029401034,2.013703,0.456129,1.392812,0.391593,-0.58494,-0.569137,-0.424952
1413393952.50587,-2.94599,-0.454558,-0.142025,0.566407,-0.581432,0.403721,0.422053,0.0003947878,3.5454e-06,-0.0001321484,2.777e-07,-1.1851e-06,4.45043e-05,0.0034112209,-0.000482938,-6.1116e-06,0.0073035255,4.89705e-05,0.0029416686,2.027766,0.614343,1.415249,0.402671,-0.575353,-0.575994,-0.418403
1413393952.75587,-2.931843,-0.583271,-0.110945,0.600799,-0.548019,0.420158,0.40272,0.0003931449,9.7234e-06,-0.0001338606,4.994e-07,-3.3117e-06,4.58597e-05,0.0034574531,-0.0006506077,-6.0293e-06,0.0072674147,5.00613e-05,0.0029420284,2.013124,0.743635,1.443769,0.418936,-0.541676,-0.609996,-0.39874
1413393952.80587,-2.924131,-0.607723,-0.09893,0.606786,-0.541978,0.424264,0.397581,0.0003928206,9.3747e-06,-0.0001343013,4.837e-07,-3.2059e-06,4.61981e-05,0.0034660428,-0.0006799848,-6.7926e-06,0.0072442511,5.00908e-05,0.0029406158,2.007249,0.76863,1.448786,0.422982,-0.535626,-0.615884,-0.393554
1413393952.85587,-2.917325,-0.634499,-0.086263,0.612253,-0.536717,0.428416,0.391842,0.0003920072,8.2793e-06,-0.0001348924,4.336e-07,-2.8518e-06,4.66971e-05,0.0034751485,-0.0007103855,-7.1392e-06,0.007217868,5.07598e-05,0.0029392859,2.000891,0.793311,1.45374,0.426711,-0.530912,-0.620758,-0.388221
1413393952.90587,-2.910418,-0.658137,-0.079274,0.614286,-0.534663,0.434446,0.384765,0.0003919513,3.3806e-06,-0.000135148,2.893e-07,-1.1678e-06,4.68803e-05,0.0034867762,-0.0007420576,-7.346e-06,0.0071977606,5.06968e-05,0.0029389502,1.994077,0.81742,1.458876,0.432637,-0.528938,-0.622715,-0.381158
1413393952.95587,-2.903828,-0.683619,-0.072021,0.615565,-0.534064,0.440578,0.376493,0.00039132,-2.9334e-06,-0.000135756,2.835e-07,1.0168e-06,4.73769e-05,0.0034975125,-0.0007709958,-7.4059e-06,0.0071756549,5.06122e-05,0.0029386729,1.986831,0.841364,1.464211,0.438633,-0.528519,-0.623835,-0.37297
1413393953.00586,-2.896827,-0.706709,-0.064552,0.615656,-0.534751,0.445997,0.368912,0.0003904275,-9.3854e-06,-0.0001362647,4.883e-07,3.2766e-06,4.78395e-05,0.003509337,-0.0008032982,-7.6245e-06,0.0071544771,5.00429e-05,0.0029383083,1.979507,0.865348,1.470054,0.444084,-0.529087,-0.624039,-0.36529
1413393953.05586,-2.890997,-0.732285,-0.05806,0.615878,-0.535302,0.450661,0.362008,0.0003895394,-1.51085e-05,-0.0001368166,8.509e-07,5.3091e-06,4.83368e-05,0.0035215989,-0.0008313699,-7.672e-06,0.0071359988,4.98006e-05,0.0029382668,1.972523,0.889577,1.476017,0.448678,-0.529739,-0.624179,-0.358427
1413393953.30586,-2.872589,-0.8613,-0.071925,0.612511,-0.539863,0.466014,0.340896,0.0003863267,-3.52089e-05,-0.0001369765,3.486e-06,1.24926e-05,4.8861e-05,0.0035992378,-0.0009932584,-7.8186e-06,0.0070914298,4.87848e-05,0.0029384394,1.951821,1.014693,1.461369,0.463792,-0.534678,-0.620559,-0.337528
1413393953.70586,-2.939058,-1.082621,-0.035353,0.60761,-0.514629,0.466353,0.385333,0.0004070977,-4.9485e-06,-0.0001130535,3.606e-07,1.3767e-06,3.17043e-05,0.0037687663,-0.0013035055,-8.016e-06,0.0072599687,4.7378e-05,0.0029407243,2.014003,1.226326,1.481522,0.464988,-0.50891,-0.615507,-0.382041
1413393953.75585,-2.952158,-1.106744,-0.0258,0.607447,-0.510375,0.465006,0.392805,0.0004093224,1.1004e-06,-0.0001094778,3.056e-07,-2.925e-07,2.95908e-05,0.0037863964,-0.0013350661,-7.9834e-06,0.0072940719,4.7221e-05,0.0029410834,2.027235,1.249173,1.489633,0.463727,-0.504641,-0.615252,-0.38957
1413393954.20586,-3.04256,-1.240122,-0.038801,0.658331,-0.495712,0.445972,0.349254,0.0003827461,7.2417e-06,-0.0001467053,4.638e-07,-2.7777e-06,5.65935e-05,0.0039189771,-0.0015579059,-8.3005e-06,0.0075510477,4.45218e-05,0.0029438288,2.11736,1.369602,1.476939,0.444251,-0.490265,-0.664991,-0.346535
1413393954.25586,-3.047936,-1.242854,-0.047236,0.668802,-0.494209,0.441578,0.336853,0.000374705,5.8273e-06,-0.0001552595,4.154e-07,-2.4185e-06,6.46922e-05,0.0039230056,-0.0015660619,-8.3731e-06,0.0075567282,4.57161e-05,0.0029424854,2.122672,1.378566,1.476014,0.439542,-0.488915,-0.675314,-0.334267
1413393954.55585,-3.046178,-1.332428,-0.036877,0.722312,-0.450055,0.443189,0.281602,0.00035113,3.1897e-06,-0.0001760732,3.61e-07,-1.6031e-06,8.8686e-05,0.0040181887,-0.0016888914,-8.3769e-06,0.0075586724,4.57854e-05,0.0029410219,2.119527,1.472446,1.493398,0.440684,-0.444841,-0.728151,-0.278794
1413393954.60585,-3.040705,-1.355147,-0.033876,0.729659,-0.440022,0.446081,0.273842,0.0003499152,2.8077e-06,-0.000177015,3.527e-07,-1.4236e-06,8.99422e-05,0.0040312902,-0.0017023476,-8.2838e-06,0.0075342723,4.59796e-05,0.0029397984,2.112727,1.495966,1.498486,0.443552,-0.434814,-0.735386,-0.270962
1413393954.85585,-2.981603,-1.514879,-0.004713,0.754385,-0.402727,0.454448,0.249381,0.0003458793,4.0446e-06,-0.0001801376,3.835e-07,-2.1119e-06,9.42261e-05,0.0042148803,-0.001881527,-8.3554e-06,0.0073795033,4.62265e-05,0.0029392913,2.0491,1.656679,1.525204,0.45203,-0.3975,-0.759597,-0.24633
1413393954.90585,-2.962912,-1.553783,0.001843,0.757101,-0.398407,0.454884,0.247285,0.0003453429,4.7008e-06,-0.0001804491,3.973e-07,-2.4612e-06,9.46976e-05,0.0042622877,-0.0019216814,-8.4648e-06,0.0073290135,4.60258e-05,0.0029386798,2.030286,1.696845,1.530695,0.452585,-0.393026,-0.762294,-0.244145
1413393954.95585,-2.941788,-1.595455,0.008887,0.757956,-0.394052,0.457292,0.247206,0.0003470755,5.6185e-06,-0.0001792357,4.233e-07,-2.9069e-06,9.2967e-05,0.0043144009,-0.0019626947,-8.4485e-06,0.0072736989,4.60613e-05,0.0029383351,2.009252,1.739538,1.536654,0.455079,-0.388631,-0.763112,-0.243989
1413393955.20586,-2.805123,-1.83225,0.049147,0.745177,-0.363395,0.49685,0.256506,0.0003781898,8.6347e-06,-0.0001525252,5.358e-07,-3.4863e-06,6.18994e-05,0.0046452637,-0.0021704548,-8.5203e-06,0.006926165,4.56399e-05,0.0029377786,1.869031,1.978189,1.572694,0.495016,-0.358368,-0.749987,-0.253096
1413393955.25586,-2.771665,-1.882258,0.056695,0.743566,-0.359864,0.50442,0.251332,0.0003815755,4.4103e-06,-0.0001491614,3.895e-07,-1.7248e-06,5.86921e-05,0.0047179996,-0.0022033644,-8.506e-06,0.0068418555,4.55606e-05,0.0029378161,1.835744,2.027315,1.57889,0.502593,-0.355031,-0.748247,-0.247965
1413393955.35586,-2.701826,-1.977589,0.073114,0.742819,-0.352156,0.516925,0.238734,0.0003857171,-3.8884e-06,-0.0001444442,3.7e-07,1.4594e-06,5.44716e-05,0.0048742436,-0.0022691373,-8.5508e-06,0.0066744237,4.55046e-05,0.0029366857,1.766953,2.125746,1.591077,0.515235,-0.347525,-0.747243,-0.235357
1413393955.60586,-2.526688,-2.215308,0.111998,0.748962,-0.284676,0.557681,0.216811,0.0004047108,3.1317e-06,-0.0001194316,3.597e-07,-9.208e-07,3.56178e-05,0.0052816238,-0.0023889663,-8.5222e-06,0.0062638354,4.46066e-05,0.0029372979,1.589324,2.365536,1.626294,0.556436,-0.280347,-0.752511,-0.213414
1413393955.65586,-2.493149,-2.259422,0.115876,0.75142,-0.263491,0.56546,0.214933,0.0004082873,1.06888e-05,-0.0001133661,6.191e-07,-2.9659e-06,3.1851e-05,0.0053652546,-0.0024077258,-8.4453e-06,0.0061895348,4.42559e-05,0.0029377274,1.555096,2.410257,1.629236,0.564351,-0.259115,-0.754767,-0.211489
1413393955.75586,-2.428354,-2.345038,0.115547,0.762936,-0.22073,0.566312,0.220221,0.0004069312,3.65209e-05,-0.0001103112,3.6192e-06,-9.9006e-06,3.02751e-05,0.0055238543,-0.0024371759,-8.5294e-06,0.0060509773,4.41148e-05,0.0029382433,1.489402,2.494633,1.627309,0.565562,-0.216171,-0.765782,-0.21684
1413393955.80586,-2.396708,-2.385066,0.11145,0.769475,-0.201295,0.56302,0.224492,0.0004031388,5.01299e-05,-0.0001113802,6.5772e-06,-1.38526e-05,3.11435e-05,0.0056033651,-0.0024502316,-8.6044e-06,0.005985276,4.40887e-05,0.0029383818,1.45802,2.532852,1.622552,0.562415,-0.196736,-0.772051,-0.221244
1413393956.20586,-2.120999,-2.56911,0.057571,0.803617,-0.183291,0.551115,0.12991,0.0003841719,2.9746e-06,-0.0001472329,3.77e-07,-1.1288e-06,5.68452e-05,0.0059861128,-0.0023523622,-8.5648e-06,0.0054446466,4.05939e-05,0.0029434216,1.178906,2.718779,1.571089,0.550408,-0.178893,-0.805523,-0.127248
1413393956.40586,-1.959797,-2.63155,0.059442,0.793979,-0.136999,0.583654,0.100877,0.0004018337,3.323e-07,-0.0001251975,3.521e-07,-8.28e-08,3.94006e-05,0.0061277308,-0.0022391613,-9.6073e-06,0.005157242,3.97102e-05,0.0029448009,1.018533,2.776862,1.574494,0.583154,-0.132755,-0.795429,-0.098093
1413393956.45586,-1.915593,-2.657139,0.064015,0.791817,-0.122127,0.5911,0.093343,0.0004056112,1.6061e-06,-0.0001195232,3.308e-07,-4.57e-07,3.55931e-05,0.0061675498,-0.0022090476,-1.09129e-05,0.0050795153,4.22898e-05,0.0029390004,0.979803,2.789226,1.576818,0.590869,-0.117943,-0.792947,-0.090668
1413393956.50586,-1.876006,-2.671132,0.064963,0.791766,-0.10712,0.595497,0.083758,0.0004072426,2.2725e-06,-0.0001170072,3.354e-07,-6.343e-07,3.39829e-05,0.0062250763,-0.002182917,-1.10429e-05,0.0050048929,4.2758e-05,0.0029385193,0.942159,2.800444,1.578362,0.595319,-0.103019,-0.792729,-0.081146
1413393956.55586,-1.837801,-2.682599,0.065009,0.79393,-0.092495,0.596542,0.072514,0.0004069895,2.1405e-06,-0.0001174479,3.31e-07,-5.992e-07,3.42498e-05,0.0062541394,-0.0021498762,-1.1688e-05,0.0049387912,4.34285e-05,0.0029380788,0.905796,2.81046,1.579456,0.596383,-0.088481,-0.794749,-0.069962
1413393956.75586,-1.700753,-2.715568,0.062865,0.813211,-0.03321,0.580621,0.021575,0.000394645,-1.2105e-06,-0.0001353521,3.271e-07,4.332e-07,4.67832e-05,0.0063366683,-0.0020171282,-1.14794e-05,0.0047149429,4.31969e-05,0.0029380796,0.770746,2.841469,1.579396,0.580377,-0.029052,-0.813626,-0.019021
1413393956.80586,-1.670916,-2.721488,0.063249,0.817267,-0.018563,0.575897,0.008486,0.0003912386,-2.9417e-06,-0.0001396126,3.406e-07,1.0671e-06,5.01783e-05,0.0063510828,-0.0019910185,-1.14507e-05,0.0046741453,4.30481e-05,0.0029376861,0.739072,2.847428,1.579494,0.575614,-0.014326,-0.817591,-0.005949
1413393957.30586,-1.350964,-2.777494,0.075831,-0.811509,-0.138234,-0.556706,0.111456,0.0003853911,-1.08193e-05,-0.0001467912,6.171e-07,4.1378e-06,5.62559e-05,0.0065205888,-0.0016243807,-1.33017e-05,0.0041999388,4.39838e-05,0.0029383792,0.407862,2.912344,1.595944,0.556673,0.14176,-0.810668,0.113448
1413393957.40586,-1.274793,-2.789835,0.080653,-0.803477,-0.174597,-0.553094,0.134269,0.0003868534,-9.2615e-06,-0.0001454058,5.31e-07,3.4996e-06,5.49913e-05,0.0065272954,-0.0015838743,-1.47145e-05,0.0041604182,4.32557e-05,0.0029389846,0.335632,2.926472,1.60095,0.55322,0.17796,-0.802335,0.13626
1413393957.45586,-1.237449,-2.798911,0.08414,-0.797829,-0.191307,-0.55277,0.146002,0.0003887591,-8.6387e-06,-0.0001433305,4.955e-07,3.2053e-06,5.31621e-05,0.0065390439,-0.0015407541,-1.58826e-05,0.0041150262,4.34126e-05,0.0029391376,0.298795,2.933193,1.603062,0.553013,0.194716,-0.796503,0.1479
1413393957.70586,-1.041864,-2.831642,0.06383,-0.759839,-0.265503,-0.557004,0.204693,0.0004034643,-6.3102e-06,-0.0001247456,4.072e-07,1.9669e-06,3.88727e-05,0.006635798,-0.0013310408,-1.91752e-05,0.003921327,4.05867e-05,0.0029428063,0.11655,2.965963,1.580623,0.557723,0.268619,-0.757762,0.206442
1413393957.85586,-0.941798,-2.851265,0.02006,-0.731496,-0.315744,-0.558662,0.230468,0.0004100685,6.774e-06,-0.0001148075,4.087e-07,-1.8829e-06,3.2435e-05,0.0066948591,-0.0012067741,-2.0653e-05,0.003825658,3.97423e-05,0.0029432381,0.016363,2.989229,1.536002,0.559566,0.318724,-0.729019,0.232081
1413393957.90587,-0.92112,-2.860201,0.003053,-0.723792,-0.334146,-0.556782,0.233378,0.0004091947,1.48644e-05,-0.0001153937,8.191e-07,-4.1829e-06,3.27988e-05,0.0067061962,-0.0011803809,-2.15849e-05,0.0038026953,4.00695e-05,0.0029418262,-0.013406,2.998823,1.518815,0.55769,0.337228,-0.721248,0.234708
1413393957.95586,-0.893941,-2.870345,-0.010726,-0.717036,-0.353287,-0.553762,0.233231,0.0004067694,2.42347e-05,-0.0001177903,1.716e-06,-7.0115e-06,3.43631e-05,0.0067294792,-0.0011626,-2.23408e-05,0.0037888884,3.97334e-05,0.0029418443,-0.040756,3.009178,1.502071,0.554733,0.356491,-0.714274,0.234577
1413393958.00587,-0.872128,-2.883383,-0.02464,-0.712827,-0.370326,-0.548537,0.232041,0.0004025015,3.20727e-05,-0.0001225737,2.8228e-06,-9.7618e-06,3.75752e-05,0.006756223,-0.0011362093,-2.37283e-05,0.0037692745,3.94494e-05,0.0029424332,-0.065646,3.020079,1.487314,0.549587,0.373633,-0.709932,0.233172
1413393958.35587,-0.751066,-2.902159,-0.019341,-0.712879,-0.401048,-0.510996,0.264286,0.0003918131,1.38492e-05,-0.0001407409,7.625e-07,-4.9699e-06,5.08177e-05,0.006841896,-0.0009948854,-3.13539e-05,0.0036938584,3.39567e-05,0.0029504676,-0.173154,3.057463,1.49619,0.512559,0.404426,-0.709601,0.26495
1413393958.40587,-0.739115,-2.896977,-0.009856,-0.716569,-0.398023,-0.504865,0.270588,0.0003905614,5.9582e-06,-0.0001428851,3.652e-07,-2.1733e-06,5.25398e-05,0.0068351167,-0.0009784814,-3.29472e-05,0.0036891557,3.27596e-05,0.0029522876,-0.182083,3.056452,1.506714,0.50649,0.401434,-0.71328,0.271214
1413393958.45587,-0.727595,-2.891118,-0.002675,-0.719668,-0.396083,-0.4999,0.274401,0.000388927,5.28e-07,-0.0001450109,2.766e-07,-1.892e-07,5.43361e-05,0.0068277935,-0.0009608443,-3.46414e-05,0.003684312,3.14702e-05,0.002954271,-0.190496,3.054909,1.515066,0.501597,0.399517,-0.716358,0.274992
1413393958.50587,-0.728144,-2.891157,0.012747,-0.723728,-0.395192,-0.493917,0.275838,0.0003856418,-3.4775e-06,-0.000148765,2.995e-07,1.3474e-06,5.76547e-05,0.0068037212,-0.0009484773,-2.52928e-05,0.0036763539,3.55296e-05,0.0029470133,-0.199112,3.05252,1.521003,0.495671,0.398708,-0.720447,0.276226
1413393958.65586,-0.727913,-2.905979,0.012293,-0.736673,-0.397066,-0.475672,0.2709,0.0003714519,-7.958e-06,-0.0001628672,3.585e-07,3.5001e-06,7.16297e-05,0.0067113641,-0.0009236409,-1.55021e-05,0.0036441421,4.34215e-05,0.0029353761,-0.2269,3.041975,1.520099,0.477726,0.400878,-0.733576,0.270083
1413393958.75585,-0.710217,-2.899554,-0.002379,-0.739313,-0.396873,-0.473196,0.268318,0.0003690731,-8.4566e-06,-0.0001650395,3.77e-07,3.7902e-06,7.40182e-05,0.0067644115,-0.00094579,-1.50521e-05,0.0036503824,4.33382e-05,0.0029351763,-0.249388,3.029023,1.50675,0.475455,0.400394,-0.73642,0.267046
1413393958.80586,-0.698325,-2.893448,-0.010788,-0.736644,-0.394638,-0.478652,0.269276,0.0003732454,-7.6558e-06,-0.0001612535,3.378e-07,3.3157e-06,6.98769e-05,0.0067601468,-0.0009375477,-1.47119e-05,0.003645223,4.35094e-05,0.002934872,-0.262413,3.01989,1.49783,0.480936,0.398208,-0.733711,0.267959
1413393959.25585,-0.570993,-2.806894,-0.181259,-0.715114,-0.356242,-0.520986,0.300463,0.0004081731,-2.48848e-05,-0.000117604,1.7092e-06,7.1788e-06,3.40895e-05,0.006539122,-0.0007609113,-1.25486e-05,0.0035736136,4.3706e-05,0.0029351365,-0.398046,2.907306,1.337665,0.523473,0.360119,-0.711861,0.299244
1413393959.45585,-0.51231,-2.784951,-0.250514,-0.71976,-0.365473,-0.519311,0.28052,0.000402665,-1.03501e-05,-0.0001278362,4.615e-07,3.2918e-06,4.08001e-05,0.0065206983,-0.0006929598,-1.1946e-05,0.003547196,4.31777e-05,0.0029363102,-0.461233,2.88001,1.269082,0.522033,0.369406,-0.716174,0.279495
1413393959.50585,-0.499453,-2.784618,-0.261935,-0.719695,-0.365753,-0.521192,0.276809,0.0004023734,-7.1419e-06,-0.0001279833,3.205e-07,2.2762e-06,4.09221e-05,0.0064969801,-0.0006705145,-1.17289e-05,0.003538847,4.33673e-05,0.0029362441,-0.476194,2.87538,1.255385,0.523664,0.37065,-0.715563,0.276341
1413393959.55585,-0.486214,-2.78319,-0.274821,-0.718165,-0.365911,-0.523614,0.276,0.0004035414,-5.5912e-06,-0.0001264162,2.733e-07,1.7558e-06,3.98175e-05,0.0064979325,-0.0006559743,-1.16261e-05,0.0035337196,4.33882e-05,0.0029367275,-0.490492,2.871111,1.242788,0.526126,0.370767,-0.714022,0.275494
1413393959.60585,-0.47396,-2.78262,-0.284468,-0.71107,-0.363316,-0.533431,0.278985,0.0004097485,-3.8893e-06,-0.0001171345,2.35e-07,1.1158e-06,3.36994e-05,0.0064966201,-0.0006411162,-1.15484e-05,0.0035289519,4.34059e-05,0.0029372188,-0.504052,2.867488,1.233172,0.535919,0.368189,-0.706873,0.278519
1413393960.20585,-0.465918,-2.904575,-0.358838,-0.741374,-0.379045,-0.494634,0.249052,0.0003778124,2.2745e-06,-0.0001581945,2.426e-07,-9.489e-07,6.65036e-05,0.0068130821,-0.0006519202,-1.18003e-05,0.0035469497,4.3395e-05,0.002950308,-0.53199,2.946223,1.154944,0.497858,0.383663,-0.737192,0.24798
1413393960.25585,-0.453639,-2.880607,-0.357814,-0.747177,-0.384323,-0.483761,0.244945,0.0003687642,2.071e-06,-0.0001663073,2.394e-07,-9.311e-07,7.52698e-05,0.0068239696,-0.000664043,-1.25595e-05,0.0035390219,4.28348e-05,0.0029444035,-0.529213,2.952767,1.151399,0.487723,0.386779,-0.744007,0.242885
1413393960.55585,-0.460744,-2.880449,-0.359129,-0.72621,-0.394174,-0.497177,0.26469,0.0003849966,3.1153e-06,-0.0001509431,2.708e-07,-1.2192e-06,5.94555e-05,0.0067513929,-0.0006392597,-1.5001e-05,0.0035503348,4.24555e-05,0.0029538785,-0.529188,2.936904,1.141594,0.501123,0.396631,-0.722999,0.262375
1413393960.60585,-0.463985,-2.872571,-0.37031,-0.7184,-0.40106,-0.498623,0.272814,0.0003887383,3.2967e-06,-0.0001468654,2.758e-07,-1.2427e-06,5.57587e-05,0.0067330761,-0.0006372932,-1.4548e-05,0.0035528502,4.06392e-05,0.0029482224,-0.529532,2.927363,1.130496,0.502493,0.403591,-0.715161,0.270503
1413393960.95586,-0.491627,-2.801737,-0.560264,-0.686181,-0.474894,-0.451537,0.315824,0.0003762139,-1.9148e-06,-0.0001603149,2.728e-07,8.169e-07,6.86135e-05,0.0066108224,-0.0006496264,-1.92065e-05,0.0035820964,3.59683e-05,0.0029533375,-0.518245,2.843528,0.934537,0.455194,0.477765,-0.683011,0.31313
1413393961.05586,-0.498716,-2.774803,-0.612673,-0.685524,-0.485777,-0.436176,0.322224,0.0003693005,-7.2787e-06,-0.000166673,4.118e-07,3.2872e-06,7.5532e-05,0.0065173521,-0.0006447323,-1.88912e-05,0.0035938785,3.45826e-05,0.0029538964,-0.516757,2.80981,0.885065,0.439857,0.488587,-0.682515,0.31935
1413393961.10585,-0.500235,-2.757862,-0.632722,-0.680701,-0.488093,-0.438042,0.326389,0.0003725193,-6.7774e-06,-0.0001638791,3.94e-07,2.9831e-06,7.24022e-05,0.0064776813,-0.000640615,-1.8391e-05,0.0035985349,3.39544e-05,0.0029537216,-0.517625,2.790146,0.866961,0.441715,0.490889,-0.677708,0.323469
1413393961.15585,-0.490467,-2.703617,-0.646764,-0.675507,-0.487717,-0.443653,0.330143,0.0003775304,-5.4634e-06,-0.0001586097,3.432e-07,2.295e-06,6.69411e-05,0.0064300625,-0.0006434704,-1.96838e-05,0.0035717584,3.17242e-05,0.0029531002,-0.519414,2.768936,0.852687,0.447024,0.491338,-0.671704,0.327987
1413393961.30586,-0.459238,-2.617281,-0.669685,-0.64826,-0.46022,-0.476583,0.375267,0.000412619,-2.03255e-05,-0.0001126123,1.268e-06,5.5511e-06,3.10189e-05,0.0062020347,-0.0006211123,-1.42225e-05,0.0035581787,3.55511e-05,0.0029527311,-0.52734,2.702643,0.841724,0.480421,0.463378,-0.644617,0.372837
1413393961.50587,-0.442361,-2.56414,-0.644415,-0.619363,-0.432378,-0.510527,0.410853,0.0004338127,-2.94922e-05,-6.17556e-05,2.2823e-06,4.2017e-06,9.0713e-06,0.0060326211,-0.0005543029,-1.47183e-05,0.0035463726,3.36169e-05,0.0029565318,-0.543006,2.65114,0.877352,0.51436,0.435614,-0.615436,0.408561
1413393961.55587,-0.438564,-2.56511,-0.63176,-0.622833,-0.441463,-0.508541,0.398215,0.0004315273,-2.05412e-05,-7.24053e-05,1.2573e-06,3.4492e-06,1.24332e-05,0.0060262443,-0.000543526,-1.45974e-05,0.0035449736,3.3537e-05,0.0029571613,-0.547247,2.65196,0.892983,0.512458,0.444591,-0.61892,0.395831
1413393962.00587,-0.440091,-2.661259,-0.368176,-0.658128,-0.484471,-0.467756,0.33669,0.000395148,4.2411e-06,-0.0001406375,3.514e-07,-1.5091e-06,5.03961e-05,0.0062567655,-0.0005553356,-1.35694e-05,0.0035822319,2.55427e-05,0.0029785886,-0.540189,2.778055,1.210554,0.47219,0.487003,-0.654654,0.333612
1413393962.05587,-0.447181,-2.673561,-0.322142,-0.661474,-0.486378,-0.462767,0.334269,0.0003913994,3.3266e-06,-0.0001452153,3.352e-07,-1.2309e-06,5.42221e-05,0.0062802918,-0.0005654617,-1.39085e-05,0.0035902703,2.42768e-05,0.0029818611,-0.534517,2.794848,1.263231,0.467202,0.488888,-0.658062,0.331164
1413393962.10587,-0.452354,-2.68377,-0.271402,-0.663927,-0.488841,-0.458779,0.331296,0.0003879063,3.6176e-06,-0.0001492579,3.433e-07,-1.3881e-06,5.77826e-05,0.0063047085,-0.0005758812,-1.37043e-05,0.0035994993,2.30044e-05,0.0029855907,-0.528502,2.810026,1.320689,0.463233,0.491311,-0.660569,0.328146
1413393962.15587,-0.458277,-2.698999,-0.217311,-0.667236,-0.490509,-0.453926,0.328858,0.0003839915,2.7276e-06,-0.0001535452,3.281e-07,-1.09e-06,6.17493e-05,0.0063237204,-0.0005827146,-1.38604e-05,0.0035862248,2.31185e-05,0.0029892846,-0.522162,2.823491,1.381093,0.458418,0.492927,-0.663987,0.325577
1413393962.40586,-0.484978,-2.730535,0.110884,-0.680581,-0.501509,-0.431941,0.314205,0.0003635125,2.3339e-06,-0.0001727035,3.319e-07,-1.1061e-06,8.24351e-05,0.0063568916,-0.0006253916,-1.35402e-05,0.0035983864,2.05724e-05,0.0029993032,-0.488156,2.863959,1.708533,0.436596,0.503656,-0.677696,0.310563
1413393962.45586,-0.489394,-2.741702,0.192025,-0.686697,-0.505207,-0.42358,0.306257,0.0003540844,2.9946e-06,-0.0001800032,3.427e-07,-1.523e-06,9.19015e-05,0.0063947344,-0.0006373496,-1.35702e-05,0.0035849815,2.78504e-05,0.0029881184,-0.481879,2.866276,1.765572,0.428357,0.507093,-0.684072,0.302368
1413393962.50586,-0.49362,-2.741019,0.248914,-0.693693,-0.507195,-0.415936,0.297558,0.0003444798,3.5969e-06,-0.0001866633,3.581e-07,-1.9508e-06,0.0001015556,0.0064166355,-0.0006429155,-1.31934e-05,0.0035860012,2.81195e-05,0.002989102,-0.47643,2.865906,1.81675,0.420777,0.508925,-0.691212,0.293566
1413393962.55586,-0.495778,-2.73499,0.291902,-0.701143,-0.506928,-0.410186,0.288393,0.0003357625,4.4602e-06,-0.000192093,3.832e-07,-2.5543e-06,0.0001103213,0.0064101342,-0.0006452843,-1.30475e-05,0.0035892372,2.78463e-05,0.0029926441,-0.472,2.862681,1.862204,0.415076,0.508568,-0.698718,0.284386
1413393962.85586,-0.501832,-2.640031,0.482916,-0.71328,-0.460793,-0.47241,0.236074,0.0003544521,3.91649e-05,-0.0001757506,4.672e-06,-1.94364e-05,8.7566e-05,0.0061301617,-0.0006079339,-1.6391e-05,0.0035920356,2.30185e-05,0.0030143544,-0.466527,2.757785,2.066982,0.477475,0.461207,-0.711091,0.231719
1413393962.90586,-0.503843,-2.614214,0.525111,-0.712347,-0.447084,-0.491385,0.226316,0.0003634459,4.70278e-05,-0.0001666993,6.434e-06,-2.15894e-05,7.68724e-05,0.0061254328,-0.0006233886,-1.63609e-05,0.003595852,2.32799e-05,0.0030067068,-0.46589,2.726315,2.094248,0.496449,0.447361,-0.710059,0.22196
1413393962.95586,-0.504879,-2.579988,0.546981,-0.713106,-0.431737,-0.508444,0.215794,0.0003708401,5.33015e-05,-0.0001582893,8.0153e-06,-2.27717e-05,6.79727e-05,0.0060659197,-0.0006207221,-1.66437e-05,0.0035999463,2.27087e-05,0.0030116357,-0.463627,2.69256,2.118268,0.513513,0.431914,-0.710678,0.211503
1413393963.15586,-0.530154,-2.413922,0.60924,-0.726422,-0.358114,-0.559076,0.177483,0.0003940881,5.96441e-05,-0.0001305504,9.3985e-06,-1.97762e-05,4.36488e-05,0.0057236218,-0.0006053036,-1.85143e-05,0.0036249485,1.92122e-05,0.0030277363,-0.432495,2.532421,2.184744,0.564161,0.357958,-0.723534,0.173571
1413393963.20586,-0.543211,-2.366777,0.617325,-0.732042,-0.335834,-0.56686,0.173204,0.0003999438,5.35724e-05,-0.0001253999,7.5502e-06,-1.68123e-05,3.97201e-05,0.0056321165,-0.0006063673,-1.90143e-05,0.0036356283,1.84227e-05,0.0030338095,-0.417756,2.486973,2.193919,0.571961,0.33565,-0.729069,0.16941
1413393963.25586,-0.558813,-2.320189,0.629531,-0.737468,-0.312663,-0.573854,0.170514,0.000405724,4.55355e-05,-0.0001203123,5.4873e-06,-1.35149e-05,3.60797e-05,0.0055389458,-0.0006090044,-1.99506e-05,0.0036461264,2.36046e-05,0.0030238355,-0.399854,2.44033,2.200395,0.578979,0.312422,-0.734434,0.166802
1413393963.60586,-0.724652,-1.975499,0.635033,-0.773365,-0.182183,-0.595371,0.119368,0.0004157552,1.38124e-05,-0.0001130713,8.574e-07,-3.7635e-06,3.11667e-05,0.0049124259,-0.0006429088,-2.609e-05,0.0037390463,3.60187e-05,0.0029832866,-0.214589,2.097175,2.170262,0.600303,0.181887,-0.770082,0.116397
1413393963.65586,-0.756166,-1.925016,0.62361,-0.775632,-0.167875,-0.598291,0.110724,0.000416632,1.23503e-05,-0.000111862,7.686e-07,-3.3218e-06,3.04525e-05,0.0048581873,-0.0006537243,-2.69418e-05,0.0037621871,3.63181e-05,0.0029843263,-0.181173,2.047109,2.156623,0.603146,0.167542,-0.772358,0.107826
1413393963.90586,-0.926336,-1.661654,0.540263,-0.786076,-0.108251,-0.60574,0.058692,0.0004167482,1.65878e-05,-0.0001117548,1.0833e-06,-4.4523e-06,3.04091e-05,0.0044926487,-0.0006764284,-3.06258e-05,0.0039196455,3.96246e-05,0.002991246,0.011143,1.796366,2.056133,0.610222,0.107815,-0.78287,0.05601
1413393963.95586,-0.96506,-1.610159,0.516029,-0.789826,-0.09757,-0.603725,0.0466,0.0004148298,1.88427e-05,-0.00011476,1.2802e-06,-5.2166e-06,3.21942e-05,0.0044258276,-0.0006769862,-3.03319e-05,0.0039557072,4.02228e-05,0.0029919365,0.054831,1.746018,2.029485,0.608139,0.097147,-0.786647,0.043969
1413393964.00586,-1.000276,-1.556614,0.487523,-0.793697,-0.086818,-0.601045,0.035393,0.0004127535,2.05249e-05,-0.0001179754,1.445e-06,-5.8699e-06,3.41721e-05,0.0043612775,-0.000677922,-2.89062e-05,0.0039970402,4.09797e-05,0.0029921383,0.099796,1.69489,2.000341,0.605471,0.086339,-0.790504,0.032734
1413393964.20586,-1.17452,-1.365215,0.34707,-0.801232,-0.031951,-0.597484,0.004516,0.0004106341,1.31857e-05,-0.00012263,8.416e-07,-3.9479e-06,3.70786e-05,0.0041180783,-0.0006631873,-2.90837e-05,0.0041709288,3.73226e-05,0.0029922197,0.289093,1.48163,1.870389,0.601466,0.03191,-0.79827,0.002158
1413393964.25586,-1.2392,-1.350939,0.289696,-0.802214,-0.014717,-0.596855,0.001014,0.0004104721,6.6876e-06,-0.0001234759,5.173e-07,-2.0261e-06,3.75861e-05,0.0040883189,-0.0006803799,-3.05846e-05,0.0042113925,2.9142e-05,0.0029869932,0.338107,1.426708,1.835989,0.60047,0.015008,-0.799518,-0.001123
1413393964.30586,-1.292226,-1.308938,0.253086,0.803788,-0.002561,0.594908,0.001677,0.0004094538,-1.793e-07,-0.0001252125,3.862e-07,3.38e-08,3.87282e-05,0.004073351,-0.0007129087,-3.11218e-05,0.0042826811,2.60189e-05,0.0029863335,0.387851,1.371563,1.802197,0.598253,-0.001868,-0.801309,-0.003654
1413393964.35585,-1.346437,-1.265831,0.217106,0.804997,-0.017637,0.592986,0.006103,0.000408256,-4.793e-06,-0.0001269454,4.355e-07,1.4633e-06,3.98901e-05,0.0040308495,-0.0007143186,-3.02491e-05,0.004342787,2.2334e-05,0.0029855471,0.43791,1.316504,1.769715,0.59608,-0.016631,-0.802724,-0.007944
1413393964.50585,-1.496527,-1.108352,0.139708,0.806885,-0.061336,0.587218,0.018694,0.0004041339,-1.78419e-05,-0.0001316798,1.1376e-06,5.7746e-06,4.32946e-05,0.0038798936,-0.0007077069,-2.90433e-05,0.0045321618,1.81865e-05,0.002982555,0.59075,1.15531,1.680818,0.590103,-0.059752,-0.80487,-0.020149
1413393964.55585,-1.543178,-1.058455,0.115133,0.80598,-0.075401,0.586702,0.022186,0.0004035037,-2.24622e-05,-0.0001319074,1.602e-06,7.3034e-06,4.35027e-05,0.0038384589,-0.0006959916,-2.8044e-05,0.0046075125,1.73894e-05,0.0029824497,0.642067,1.103659,1.654319,0.589547,-0.073704,-0.804028,-0.023575
1413393964.60585,-1.589936,-1.009643,0.091465,0.805205,-0.08937,0.585691,0.024974,0.0004023527,-2.74229e-05,-0.0001326166,2.2228e-06,8.9999e-06,4.40836e-05,0.0038006788,-0.0006816746,-2.73623e-05,0.0046761304,1.66508e-05,0.0029824202,0.693696,1.053581,1.628619,0.588513,-0.087554,-0.803311,-0.026282
1413393964.70585,-1.683111,-0.917408,0.044415,0.801144,-0.115524,0.586374,0.031427,0.0004016635,-3.60787e-05,-0.0001314511,3.5744e-06,1.17723e-05,4.33775e-05,0.0037313884,-0.0006544698,-2.62716e-05,0.0048226506,1.42489e-05,0.0029793383,0.797874,0.95965,1.581432,0.589147,-0.113877,-0.799291,-0.032924
1413393964.75585,-1.732521,-0.874824,0.023916,0.799875,-0.128916,0.58516,0.03418,0.0004000491,-4.0725e-05,-0.0001323248,4.4757e-06,1.34361e-05,4.41232e-05,0.0037044242,-0.0006372602,-2.55914e-05,0.0048925888,1.33117e-05,0.002979251,0.850439,0.916268,1.559653,0.587898,-0.127194,-0.798086,-0.035604
1413393964.80585,-1.790203,-0.832634,0.002252,0.799641,-0.142504,0.58217,0.036666,0.0003970651,-4.52858e-05,-0.0001347413,5.4811e-06,1.53375e-05,4.60709e-05,0.0036759679,-0.0006223996,-2.57745e-05,0.0049739742,1.29986e-05,0.0029785011,0.90352,0.875443,1.538794,0.584764,-0.140687,-0.79802,-0.037889
1413393964.85585,-1.841972,-0.794977,-0.016587,0.800758,-0.154747,0.577271,0.039975,0.000393313,-4.80876e-05,-0.0001385551,6.1933e-06,1.69109e-05,4.9156e-05,0.0036548859,-0.00061002,-2.51702e-05,0.0050734074,1.20912e-05,0.0029784726,0.957223,0.837471,1.518875,0.579838,-0.152883,-0.799209,-0.04115
1413393965.00585,-2.013904,-0.691676,-0.074997,0.810682,-0.198932,0.549163,0.040512,0.0003680597,-6.20794e-05,-0.0001600153,1.07642e-05,2.69754e-05,6.98997e-05,0.0036019381,-0.0005722726,-2.44923e-05,0.005346908,1.12838e-05,0.0029771242,1.119796,0.743597,1.463312,0.551381,-0.197037,-0.809606,-0.041509
1413393965.05585,-2.075944,-0.662535,-0.088472,0.813156,-0.217029,0.538794,0.0371,0.0003566978,-6.94013e-05,-0.0001665553,1.37869e-05,3.23987e-05,7.8093e-05,0.0035801521,-0.0005532366,-2.36267e-05,0.0054693946,1.09675e-05,0.0029763147,1.172767,0.720302,1.446807,0.540922,-0.214515,-0.812413,-0.037449
1413393965.45585,-2.442889,-0.708774,-0.148008,0.842983,-0.259243,0.460469,0.100706,0.0003077454,-2.56131e-05,-0.000206415,2.4105e-06,1.71688e-05,0.0001388199,0.0036162667,-0.0007056707,-1.92895e-05,0.0062012679,8.7526e-06,0.0029764623,1.517891,0.775131,1.383218,0.462088,-0.25701,-0.84275,-0.101249
1413393965.55585,-2.492867,-0.780613,-0.1393,0.84794,-0.219538,0.456265,0.156917,0.0003186127,2.49197e-05,-0.0002018629,2.2278e-06,-1.58199e-05,0.0001282352,0.0036419658,-0.0007805409,-1.92428e-05,0.0063443716,9.6081e-06,0.0029766514,1.560615,0.85041,1.391075,0.457798,-0.217279,-0.847636,-0.157474
1413393965.60585,-2.507835,-0.819325,-0.133173,0.847481,-0.202337,0.45701,0.178825,0.0003219291,4.49768e-05,-0.0001968044,6.5685e-06,-2.7536e-05,0.0001206484,0.0036647973,-0.0008262658,-1.84444e-05,0.006384787,9.4716e-06,0.0029769672,1.572015,0.890099,1.396428,0.458477,-0.200137,-0.847109,-0.179437
1413393966.05585,-2.375063,-1.096437,-0.081241,0.799418,-0.176128,0.534767,0.209605,0.0003876715,6.1234e-05,-0.0001416575,9.9679e-06,-2.24074e-05,5.20573e-05,0.0039006759,-0.0011020302,-1.34889e-05,0.0061117515,1.36676e-05,0.0029800628,1.424177,1.170211,1.443408,0.535691,-0.173919,-0.79914,-0.210154
1413393966.10585,-2.34401,-1.115399,-0.077938,0.798368,-0.17723,0.53676,0.207572,0.0003891252,5.90743e-05,-0.0001409532,9.2636e-06,-2.14287e-05,5.13516e-05,0.0039143096,-0.0011009613,-1.36441e-05,0.0060393116,1.45126e-05,0.0029805308,1.391747,1.189037,1.445955,0.537607,-0.175061,-0.798132,-0.208133
1413393966.70585,-1.78005,-1.081832,0.161305,0.757083,-0.165838,0.596609,0.208281,0.0004258003,5.1434e-05,-8.74925e-05,6.4735e-06,-1.05881e-05,1.82856e-05,0.0038900807,-0.0008617111,-2.83903e-05,0.0051075916,2.81277e-05,0.0029944276,0.853234,1.148442,1.67712,0.597023,-0.163673,-0.757211,-0.208354
1413393966.75585,-1.733704,-1.054203,0.175267,0.753137,-0.167287,0.602022,0.205838,0.0004285021,4.76659e-05,-8.34735e-05,5.5654e-06,-9.3042e-06,1.65708e-05,0.0038770516,-0.0008076702,-2.91943e-05,0.0049604572,2.95724e-05,0.0029970049,0.806275,1.120909,1.691385,0.602366,-0.165151,-0.753325,-0.205876
1413393966.80585,-1.689232,-1.022975,0.186411,0.750508,-0.168105,0.605549,0.204425,0.0004303175,4.54032e-05,-8.04246e-05,5.0564e-06,-8.5039e-06,1.53435e-05,0.0038582545,-0.0007689484,-3.00632e-05,0.0048987265,3.08762e-05,0.0029999529,0.761094,1.089824,1.702693,0.60583,-0.165992,-0.750749,-0.204433
1413393967.10585,-1.463371,-0.780227,0.195232,0.768597,-0.223306,0.579011,0.155366,0.0004148338,-8.5679e-06,-0.0001214372,4.59e-07,2.4965e-06,3.58951e-05,0.0037409608,-0.000541598,-3.6341e-05,0.0046296186,3.89524e-05,0.0030222156,0.529784,0.849026,1.71012,0.578921,-0.221161,-0.769295,-0.155356
1413393967.20585,-1.40355,-0.688621,0.183496,0.76971,-0.239304,0.572608,0.149663,0.0004095047,-1.88014e-05,-0.0001285194,1.1513e-06,5.8928e-06,4.06887e-05,0.003709478,-0.000471359,-4.0596e-05,0.0045658917,4.47817e-05,0.003027,0.465058,0.762338,1.698442,0.572362,-0.237185,-0.770565,-0.149599
1413393967.55585,-1.239028,-0.392614,0.105254,0.738722,-0.297594,0.572647,0.194431,0.0004173358,-2.33327e-05,-0.0001164528,1.6077e-06,6.501e-06,3.28388e-05,0.0036466447,-0.0002813527,-7.11646e-05,0.0043955943,7.55189e-05,0.0030099785,0.291787,0.485951,1.614715,0.572285,-0.295307,-0.740006,-0.194137
1413393967.60585,-1.224773,-0.359001,0.088777,0.733931,-0.310703,0.569664,0.200727,0.0004166608,-2.5701e-05,-0.0001171759,1.8894e-06,7.2188e-06,3.32958e-05,0.0036338783,-0.0002510302,-7.28922e-05,0.0043786282,7.47749e-05,0.003010205,0.274773,0.448657,1.60007,0.569235,-0.308459,-0.735273,-0.200534
1413393967.90585,-1.150612,-0.172206,0.012268,0.714461,-0.383824,0.530612,0.246324,0.0004053821,-2.34803e-05,-0.0001347811,1.6647e-06,7.807e-06,4.5155e-05,0.0035699458,-7.82065e-05,-6.27017e-05,0.0042769168,4.96849e-05,0.0029989548,0.218642,0.230888,1.548516,0.530133,-0.381332,-0.716111,-0.246479
1413393968.00585,-1.14319,-0.101611,0.013931,0.72138,-0.406781,0.503428,0.246374,0.0003880123,-2.26592e-05,-0.0001555435,1.6336e-06,9.0851e-06,6.27177e-05,0.0035823882,-6.73112e-05,-6.67018e-05,0.0042607247,5.23572e-05,0.0030014023,0.211697,0.162028,1.553765,0.502834,-0.404294,-0.723119,-0.246628
1413393968.05585,-1.140279,-0.068663,0.022562,0.723271,-0.41302,0.493712,0.250085,0.0003830569,-1.91763e-05,-0.0001610873,1.2733e-06,8.0651e-06,6.81151e-05,0.0035921973,-5.2857e-05,-6.95997e-05,0.0042671746,5.43862e-05,0.0030032021,0.208605,0.130745,1.564017,0.493051,-0.410531,-0.72505,-0.250353
1413393968.25585,-1.12277,0.040837,0.090325,0.717354,-0.430665,0.485593,0.253237,0.0003783908,-2.27213e-05,-0.0001654018,1.6903e-06,9.9346e-06,7.26916e-05,0.0036419529,-5.5147e-06,-8.24957e-05,0.0042979037,6.34926e-05,0.003012031,0.190916,0.02855,1.637998,0.484716,-0.428194,-0.719322,-0.253534
1413393968.30585,-1.120674,0.053663,0.10902,0.717543,-0.433179,0.483869,0.251712,0.0003765333,-2.38362e-05,-0.0001670147,1.8312e-06,1.05749e-05,7.4468e-05,0.0036245976,4.4562e-06,-7.62204e-05,0.0042858954,6.51856e-05,0.0030113524,0.185517,0.008362,1.656392,0.482892,-0.43074,-0.719521,-0.25213
1413393968.35585,-1.120177,0.067171,0.129807,0.720911,-0.430938,0.478663,0.255856,0.0003750492,-1.78829e-05,-0.0001690939,1.1662e-06,8.0629e-06,7.66252e-05,0.003570243,4.25225e-05,-6.08754e-05,0.0042604603,6.26584e-05,0.0030069015,0.17995,-0.009061,1.673009,0.477578,-0.428541,-0.722874,-0.25638
1413393968.40585,-1.114089,0.072898,0.144224,0.725869,-0.425674,0.471996,0.262936,0.0003738184,-8.1761e-06,-0.0001709835,4.908e-07,3.7405e-06,7.85867e-05,0.0035711093,4.59536e-05,-6.17294e-05,0.0042269326,5.9323e-05,0.0030070483,0.173732,-0.024053,1.687747,0.47086,-0.423207,-0.72783,-0.263551
1413393968.55585,-1.08858,0.104024,0.178003,0.730865,-0.407357,0.467757,0.284781,0.0003794871,1.46382e-05,-0.0001657239,8.819e-07,-6.3998e-06,7.27493e-05,0.0035758825,5.38436e-05,-6.25966e-05,0.0042007256,6.4235e-05,0.0030104668,0.147016,-0.057923,1.7199,0.466434,-0.404792,-0.732903,-0.285378
1413393968.60585,-1.075844,0.103354,0.189406,0.731328,-0.404049,0.466998,0.289511,0.0003805312,1.9237e-05,-0.0001641936,1.2826e-06,-8.3046e-06,7.12044e-05,0.003560037,4.91099e-05,-6.11964e-05,0.0041348121,5.56147e-05,0.0030063597,0.134522,-0.066155,1.725107,0.465778,-0.401081,-0.733507,-0.290094
1413393968.95586,-0.943776,0.137478,0.1764,0.696844,-0.427894,0.483591,0.312178,0.0004010646,9.0414e-06,-0.0001437646,5.227e-07,-3.2371e-06,5.18906e-05,0.0035544256,5.66739e-05,-5.23029e-05,0.0039709892,4.66374e-05,0.0030016017,-0.001166,-0.098124,1.694335,0.481988,-0.42531,-0.699223,-0.312898
1413393969.00586,-0.910693,0.125058,0.150462,0.684386,-0.43824,0.490164,0.315121,0.0004060456,7.659e-07,-0.0001376546,3.121e-07,-2.579e-07,4.70153e-05,0.0035402307,6.58021e-05,-3.8792e-05,0.003943977,3.59569e-05,0.0029882731,-0.025239,-0.100269,1.6801,0.488505,-0.435527,-0.687077,-0.315632
1413393969.05586,-0.884989,0.123594,0.131928,0.672337,-0.448146,0.494908,0.319679,0.0004103365,-5.893e-06,-0.0001317023,3.969e-07,1.8941e-06,4.2617e-05,0.0035363693,5.68914e-05,-3.79969e-05,0.0039146031,3.56292e-05,0.0029876541,-0.048972,-0.102971,1.663734,0.493249,-0.445466,-0.675098,-0.320197
1413393969.10587,-0.872503,0.122637,0.114551,0.661361,-0.456633,0.498051,0.325627,0.0004131547,-1.03494e-05,-0.0001262958,5.563e-07,3.1693e-06,3.89356e-05,0.0035305484,5.29028e-05,-3.51854e-05,0.0038812456,3.26674e-05,0.0029836378,-0.071914,-0.106653,1.64645,0.495711,-0.454873,-0.663811,-0.326702
1413393969.15587,-0.850335,0.128915,0.096091,0.651946,-0.464438,0.496684,0.335512,0.000415979,-1.03732e-05,-0.0001219285,5.554e-07,3.0457e-06,3.60657e-05,0.0035300776,5.13715e-05,-3.4974e-05,0.0038713709,3.25251e-05,0.0029834005,-0.093853,-0.110956,1.628538,0.494344,-0.462696,-0.654385,-0.336649
1413393969.20586,-0.829105,0.134383,0.078374,0.644231,-0.472756,0.492139,0.34535,0.0004171295,-8.888e-06,-0.000120184,4.86e-07,2.5653e-06,3.49545e-05,0.0035315019,5.12838e-05,-3.48192e-05,0.0038535621,3.2392e-05,0.0029832218,-0.114937,-0.115648,1.610993,0.489741,-0.471139,-0.64657,-0.346621
1413393969.30586,-0.787499,0.147692,0.045169,0.629199,-0.492814,0.479519,0.36236,0.0004169617,-7.3052e-06,-0.0001203603,4.237e-07,2.1123e-06,3.50711e-05,0.0035343662,5.08991e-05,-3.46615e-05,0.0038210603,3.19715e-05,0.0029828351,-0.154585,-0.128285,1.578709,0.477188,-0.491066,-0.631649,-0.363571
1413393969.35586,-0.767683,0.154039,0.029923,0.621565,-0.504405,0.473353,0.367653,0.0004158269,-8.9738e-06,-0.000121948,4.887e-07,2.6349e-06,3.60917e-05,0.0035367213,5.16639e-05,-3.45572e-05,0.0038048889,3.17759e-05,0.0029826297,-0.173631,-0.13625,1.563472,0.470952,-0.502762,-0.62396,-0.368953
1413393969.45586,-0.7298,0.168706,0.002193,0.601706,-0.531213,0.467689,0.370175,0.0004129787,-2.23372e-05,-0.0001245531,1.504e-06,6.7417e-06,3.78957e-05,0.0035411338,5.25226e-05,-3.44031e-05,0.0037774426,3.15163e-05,0.0029822138,-0.210049,-0.155436,1.536026,0.465171,-0.529778,-0.604075,-0.371573
1413393970.40585,-0.850706,0.26621,0.127452,0.573782,-0.599249,0.367731,0.420058,0.0003877393,1.72826e-05,-0.0001578793,1.0915e-06,-7.0604e-06,6.46706e-05,0.0035819739,0.0001106892,-3.322e-05,0.003877372,2.96603e-05,0.0029868175,-0.080642,-0.307699,1.670648,0.363609,-0.598713,-0.577129,-0.419826
1413393970.50585,-0.875403,0.263244,0.147481,0.573107,-0.594089,0.370892,0.425494,0.0003922029,1.96418e-05,-0.0001528603,1.3025e-06,-7.6799e-06,5.99504e-05,0.0035794388,0.0001128811,-3.30797e-05,0.0039038763,3.01394e-05,0.0029855436,-0.053547,-0.301361,1.690355,0.366719,-0.593681,-0.576732,-0.424787
1413393971.10585,-0.852243,0.198431,0.160998,0.576037,-0.549438,0.368943,0.479771,0.0004110311,6.33772e-05,-0.0001154848,1.01074e-05,-1.78426e-05,3.2815e-05,0.0035574953,7.7138e-05,-3.33146e-05,0.0039140954,4.02609e-05,0.0029884741,-0.079922,-0.227921,1.712189,0.363758,-0.549929,-0.580492,-0.47781
1413393971.15585,-0.824579,0.200243,0.163004,0.567939,-0.54689,0.383311,0.481071,0.0004191342,5.52464e-05,-0.0001060007,7.6087e-06,-1.39999e-05,2.71675e-05,0.0035596136,7.90789e-05,-3.31665e-05,0.0038867691,4.05285e-05,0.0029876106,-0.10866,-0.224599,1.713906,0.378196,-0.547465,-0.572602,-0.478955
1413393971.25585,-0.754854,0.225017,0.184872,0.550137,-0.536903,0.413885,0.48763,0.0004343226,4.04891e-05,-8.06114e-05,4.0923e-06,-7.5297e-06,1.5298e-05,0.0035600585,6.98807e-05,-3.33505e-05,0.003813203,3.56969e-05,0.002985258,-0.176707,-0.224051,1.728591,0.408954,-0.537878,-0.554941,-0.485289
1413393971.35585,-0.67818,0.246299,0.205348,0.535285,-0.522066,0.437513,0.499499,0.0004440209,3.47873e-05,-5.29879e-05,3.0452e-06,-4.1636e-06,6.6573e-06,0.0035750719,6.98018e-05,-3.33226e-05,0.0037603589,3.64063e-05,0.0029851233,-0.254467,-0.237658,1.749617,0.432664,-0.523296,-0.540335,-0.497007
1413393971.50585,-0.55103,0.31056,0.209141,0.5315,-0.525947,0.448827,0.489328,0.0004458658,2.14325e-05,-5.31436e-05,1.3545e-06,-2.5648e-06,6.6752e-06,0.0036034204,6.40379e-05,-3.33013e-05,0.0036885454,3.74746e-05,0.0029853648,-0.382942,-0.292222,1.755051,0.443801,-0.5275,-0.536542,-0.486747
1413393971.80584,-0.297436,0.543642,0.176956,0.504286,-0.610793,0.482643,0.373742,0.0004036437,-9.10778e-05,-0.0001089936,2.0907e-05,2.46072e-05,2.98114e-05,0.0037350057,4.49498e-05,-3.39355e-05,0.0035990724,4.05899e-05,0.0029883242,-0.637356,-0.503079,1.727264,0.476574,-0.613429,-0.508696,-0.371272
1413393971.85584,-0.266871,0.590735,0.179112,0.49751,-0.619807,0.486804,0.362417,0.0003954428,-0.0001029227,-0.0001115279,2.71514e-05,2.90465e-05,3.18399e-05,0.0037673403,4.19309e-05,-3.40131e-05,0.0035926287,4.03591e-05,0.0029884965,-0.667219,-0.545393,1.728291,0.480623,-0.622607,-0.501816,-0.359943
1413393971.90584,-0.240987,0.631471,0.181588,0.495841,-0.624322,0.485164,0.359137,0.0003919139,-0.0001052733,-0.0001142572,2.86411e-05,3.07148e-05,3.36974e-05,0.0038022318,3.90138e-05,-3.39732e-05,0.0035805198,3.86627e-05,0.0029879196,-0.690567,-0.588721,1.731974,0.478986,-0.627122,-0.500068,-0.356686
1413393972.30584,-0.22797,1.001252,0.210951,0.535328,-0.633146,0.413853,0.375867,0.0003835906,-5.07746e-05,-0.0001563175,7.0909e-06,2.0707e-05,6.41453e-05,0.0041550713,8.09183e-05,-3.47143e-05,0.003606884,4.15544e-05,0.0029950158,-0.702045,-0.940195,1.751188,0.407592,-0.635348,-0.539192,-0.37349
1413393972.45583,-0.262322,1.114715,0.192536,0.554917,-0.607142,0.389345,0.414556,0.0003975927,-5.4801e-06,-0.0001498917,4.472e-07,2.0639e-06,5.69501e-05,0.0042899854,0.0001227964,-3.42329e-05,0.0036203858,4.02697e-05,0.0029946238,-0.660996,-1.055523,1.732222,0.38336,-0.609026,-0.558674,-0.412341
1413393972.65583,-0.30827,1.259895,0.176387,0.578154,-0.602803,0.356311,0.418818,0.0003821804,2.2718e-05,-0.0001645937,1.7376e-06,-9.7988e-06,7.13596e-05,0.0044698218,0.0001761298,-3.40396e-05,0.0036549392,4.19388e-05,0.0029989343,-0.610752,-1.189114,1.710619,0.35045,-0.604354,-0.581551,-0.416823
1413393972.70583,-0.318313,1.280982,0.169864,0.579123,-0.602751,0.353834,0.419653,0.0003812305,2.47271e-05,-0.0001652317,1.9917e-06,-1.07294e-05,7.20853e-05,0.004504606,0.0001802706,-3.48112e-05,0.0036485057,4.00312e-05,0.0029950564,-0.601924,-1.216555,1.706625,0.348082,-0.604153,-0.582519,-0.417744
1413393972.80583,-0.328238,1.335012,0.160947,0.577936,-0.601717,0.353005,0.423455,0.0003829078,2.68833e-05,-0.0001634689,2.2828e-06,-1.14904e-05,7.02643e-05,0.0045720017,0.0002007981,-3.46196e-05,0.0036636752,4.06229e-05,0.0029965794,-0.589646,-1.265167,1.696841,0.347326,-0.603123,-0.581159,-0.421737
1413393972.95583,-0.331835,1.397895,0.144505,0.57423,-0.598783,0.35183,0.433513,0.0003877759,3.20621e-05,-0.0001579786,3.0564e-06,-1.30751e-05,6.48389e-05,0.0046702284,0.0002151718,-3.37573e-05,0.0036795798,4.22443e-05,0.002999599,-0.584485,-1.321464,1.679217,0.346273,-0.600185,-0.577179,-0.432133
1413393973.00583,-0.327314,1.410311,0.128942,0.574214,-0.596789,0.34994,0.437795,0.0003888646,3.56646e-05,-0.0001561595,3.6797e-06,-1.4337e-05,6.31902e-05,0.0046913793,0.0002191566,-3.34319e-05,0.0036820038,4.11224e-05,0.0029970534,-0.586737,-1.33536,1.67352,0.344406,-0.598271,-0.576932,-0.436587
1413393973.05583,-0.327729,1.413113,0.122504,0.572654,-0.593763,0.351323,0.442815,0.0003921016,3.79462e-05,-0.0001522565,4.0806e-06,-1.47458e-05,5.95958e-05,0.0046977833,0.0002025929,-3.23361e-05,0.0036626881,4.28222e-05,0.002996529,-0.591595,-1.347596,1.668342,0.345807,-0.595236,-0.57526,-0.441803
1413393973.10583,-0.318177,1.425855,0.115795,0.569914,-0.590506,0.354626,0.448041,0.0003964593,3.88963e-05,-0.0001472357,4.227e-06,-1.44548e-05,5.51493e-05,0.0046993629,0.000199967,-3.22594e-05,0.0036601109,4.27692e-05,0.0029964955,-0.59896,-1.358397,1.66282,0.349152,-0.592025,-0.572421,-0.447143
1413393973.25584,-0.288303,1.411646,0.085543,0.557367,-0.576056,0.373319,0.467049,0.0004139577,3.91533e-05,-0.0001231655,4.1055e-06,-1.16482e-05,3.70801e-05,0.004731255,0.0001597522,-3.54186e-05,0.0035987679,3.72495e-05,0.0029859358,-0.636559,-1.386978,1.646998,0.368696,-0.576838,-0.560253,-0.466316
1413393973.30584,-0.270322,1.41677,0.07958,0.551533,-0.569207,0.382653,0.474754,0.0004208968,3.83507e-05,-0.0001119737,3.8957e-06,-1.02e-05,3.02164e-05,0.0046688336,0.0001483439,-3.52929e-05,0.0035888995,3.71014e-05,0.0029854264,-0.65429,-1.39738,1.641765,0.378191,-0.569931,-0.554434,-0.474098
1413393973.35584,-0.250024,1.425976,0.073725,0.54618,-0.56284,0.391336,0.481409,0.0004266918,3.74198e-05,-0.0001012589,3.6828e-06,-8.8764e-06,2.44518e-05,0.0046756068,0.0001341614,-3.52862e-05,0.0035772793,3.7175e-05,0.0029851957,-0.674262,-1.408719,1.636175,0.386995,-0.56351,-0.549134,-0.480788
1413393973.40584,-0.227479,1.433649,0.069812,0.540753,-0.556319,0.400475,0.48756,0.0004316399,3.59997e-05,-9.00729e-05,3.4019e-06,-7.5071e-06,1.92107e-05,0.0046845021,0.0001177683,-3.56249e-05,0.0035664733,3.74818e-05,0.0029845783,-0.696699,-1.421622,1.630935,0.396251,-0.556941,-0.543686,-0.487052
1413393974.10583,0.188206,1.953856,-0.004028,0.535343,-0.672285,0.423233,0.286906,0.0003194676,-9.97113e-05,-0.0001814258,3.16189e-05,5.67208e-05,0.0001036256,0.0055869923,-0.000216168,-4.07827e-05,0.0035577203,3.746e-05,0.0029905027,-1.081317,-1.951687,1.556766,0.419427,-0.673136,-0.537333,-0.286919
1413393974.15583,0.188524,1.997578,-0.003828,0.54882,-0.682547,0.400547,0.269237,0.0002957171,-9.2032e-05,-0.0001955165,2.91436e-05,6.09567e-05,0.000129919,0.0056454836,-0.0002255443,-4.13518e-05,0.0035605023,3.72367e-05,0.0029913303,-1.079126,-1.99531,1.557916,0.396668,-0.683405,-0.550659,-0.269188
1413393975.00583,0.093751,1.38153,0.26205,0.60022,-0.536844,0.383012,0.452587,0.0004070697,5.65841e-05,-0.0001276266,8.4114e-06,-1.77485e-05,4.05917e-05,0.0046631649,-0.0001072254,-4.58298e-05,0.0036349632,3.09583e-05,0.003037004,-0.930099,-1.364308,1.847702,0.379387,-0.53757,-0.60286,-0.451304
1413393975.05583,0.122015,1.308241,0.262854,0.589647,-0.539024,0.397858,0.451086,0.0004155601,4.45676e-05,-0.0001200686,5.3272e-06,-1.28785e-05,3.52668e-05,0.004569378,-0.0001234581,-4.60908e-05,0.003646841,3.08709e-05,0.0030424427,-0.954863,-1.289928,1.850194,0.39426,-0.539833,-0.592306,-0.449816
1413393975.10583,0.156046,1.240465,0.266394,0.580738,-0.541407,0.409929,0.448976,0.0004214957,3.3718e-05,-0.0001140947,3.2456e-06,-9.1227e-06,3.14588e-05,0.0044810042,-0.0001417649,-4.99307e-05,0.0036578274,2.72345e-05,0.0030428259,-0.981667,-1.21745,1.849258,0.406232,-0.542451,-0.583306,-0.447763
1413393975.35583,0.322341,0.917318,0.237906,0.565065,-0.556365,0.428522,0.433046,0.0004252169,5.3353e-06,-0.0001132323,6.363e-07,-1.4055e-06,3.07513e-05,0.0041621019,-0.0002090369,-5.39078e-05,0.0037519197,2.71117e-05,0.0030739935,-1.131072,-0.889089,1.82616,0.424777,-0.557684,-0.5676,-0.431723
1413393975.40583,0.357575,0.86009,0.235813,0.564786,-0.553269,0.428349,0.437524,0.0004268958,8.6919e-06,-0.0001101821,7.518e-07,-2.2291e-06,2.90395e-05,0.0041173848,-0.0002159707,-5.5074e-05,0.0037765404,2.67938e-05,0.003082099,-1.162207,-0.830499,1.825006,0.424602,-0.554639,-0.567336,-0.436143
1413393975.45583,0.384554,0.801367,0.247148,0.56583,-0.54803,0.427159,0.443886,0.0004287072,1.48879e-05,-0.0001062828,1.0912e-06,-3.6761e-06,2.69508e-05,0.0040689816,-0.0002287053,-4.59154e-05,0.0037998152,3.21e-05,0.0030733865,-1.193927,-0.774688,1.824952,0.423389,-0.549461,-0.568299,-0.442579
1413393975.50583,0.396614,0.738586,0.270029,0.565851,-0.543294,0.427417,0.449398,0.0004306539,1.94754e-05,-0.000101856,1.4427e-06,-4.5852e-06,2.46861e-05,0.0039992061,-0.0002468303,-2.34692e-05,0.0038111113,4.70814e-05,0.0030452991,-1.226523,-0.721466,1.825705,0.4236,-0.544717,-0.56819,-0.448343
1413393975.80584,0.59749,0.492016,0.275065,0.554104,-0.550325,0.442379,0.440921,0.0004341108,7.807e-07,-9.75322e-05,5.793e-07,-1.454e-07,2.25207e-05,0.0038311592,-0.000291378,-1.75126e-05,0.0039734565,5.69772e-05,0.0030320579,-1.445774,-0.475586,1.831632,0.438319,-0.552023,-0.556406,-0.439962
1413393975.85584,0.634439,0.457845,0.276291,0.548348,-0.555793,0.447962,0.43559,0.0004340607,-9.1852e-06,-9.7362e-05,7.703e-07,2.0949e-06,2.24501e-05,0.0038106151,-0.0002933989,-1.97474e-05,0.0039716723,5.51578e-05,0.0030322818,-1.484412,-0.446363,1.833298,0.443864,-0.557566,-0.550606,-0.434679
1413393976.10584,0.802514,0.334094,0.274259,0.545426,-0.578095,0.43407,0.424145,0.0004240771,-1.73583e-05,-0.0001155976,1.2896e-06,4.7682e-06,3.21404e-05,0.003727712,-0.0003281091,-2.12907e-05,0.0040770263,4.64754e-05,0.0030139241,-1.661756,-0.341434,1.835452,0.429941,-0.579883,-0.547664,-0.42303
1413393976.15584,0.826181,0.312264,0.265253,0.54581,-0.581311,0.429183,0.42423,0.0004220687,-1.58859e-05,-0.0001190687,1.1777e-06,4.5174e-06,3.42232e-05,0.0037032371,-0.0003229576,-2.43322e-05,0.0040817915,4.63716e-05,0.003011522,-1.693987,-0.326867,1.830653,0.425287,-0.582723,-0.548464,-0.422793
1413393976.40584,0.970477,0.250408,0.211495,0.53087,-0.592063,0.440655,0.416487,0.0004217391,-3.50137e-05,-0.0001159789,3.5082e-06,9.6688e-06,3.25392e-05,0.0036839992,-0.0003331812,-2.55808e-05,0.0042143854,4.21604e-05,0.0030057848,-1.842684,-0.275468,1.781575,0.436453,-0.593915,-0.533294,-0.415181
1413393976.45583,0.986229,0.26478,0.206771,0.528538,-0.591801,0.445559,0.414604,0.0004218787,-3.90899e-05,-0.0001136233,4.1903e-06,1.05632e-05,3.12168e-05,0.0036414166,-0.0002926649,-3.08343e-05,0.0040566645,4.29743e-05,0.0029986029,-1.868241,-0.269525,1.775254,0.441642,-0.593194,-0.531616,-0.412869
1413393976.50583,1.008235,0.264281,0.20283,0.530756,-0.591551,0.448043,0.409417,0.0004203264,-4.18851e-05,-0.0001151263,4.743e-06,1.15088e-05,3.21471e-05,0.0036455668,-0.0002990985,-3.12405e-05,0.0040605641,4.30801e-05,0.0029983274,-1.891916,-0.266163,1.771257,0.444138,-0.592939,-0.533889,-0.40759
1413393976.55583,1.030075,0.262843,0.201536,0.535632,-0.589842,0.448929,0.404534,0.0004186953,-4.21518e-05,-0.0001176779,4.8149e-06,1.18841e-05,3.36915e-05,0.003645678,-0.0003019462,-3.15687e-05,0.0040746708,4.35395e-05,0.0029983961,-1.913429,-0.263832,1.769822,0.445063,-0.591216,-0.538827,-0.402556
1413393976.85583,1.107882,0.269622,0.168162,0.56063,-0.585109,0.453737,0.370763,0.000405321,-4.96276e-05,-0.0001346247,6.6692e-06,1.65207e-05,4.53582e-05,0.0036450999,-0.0003121018,-3.26933e-05,0.0041405074,4.5313e-05,0.0029993424,-1.994302,-0.270669,1.733472,0.449696,-0.586784,-0.563714,-0.368363
1413393977.05583,1.10728,0.276016,0.13373,0.594279,-0.583474,0.418004,0.362855,0.0003865395,-2.38337e-05,-0.0001623833,2.0689e-06,1.00394e-05,6.89075e-05,0.00365054,-0.000315791,-3.37367e-05,0.0041376892,4.64972e-05,0.0029998479,-1.99604,-0.280749,1.695226,0.413803,-0.585243,-0.597098,-0.360199
1413393977.30583,1.088099,0.235004,0.15708,0.603373,-0.561302,0.407768,0.3932,0.0003979427,7.0659e-06,-0.0001524857,7.426e-07,-2.7031e-06,5.91259e-05,0.0036329453,-0.0002866268,-3.33449e-05,0.0041121485,4.60851e-05,0.0030010653,-1.976751,-0.252737,1.70701,0.403515,-0.563229,-0.606288,-0.390343
1413393977.40583,1.087778,0.206602,0.187976,0.601242,-0.556475,0.409044,0.401903,0.0004029422,1.18433e-05,-0.0001465987,9.722e-07,-4.3059e-06,5.40317e-05,0.0036252647,-0.0002737823,-3.37344e-05,0.0041097923,4.61749e-05,0.0030015725,-1.973866,-0.232524,1.735237,0.404743,-0.558697,-0.603984,-0.399057
1413393977.45582,1.093395,0.188652,0.199268,0.600464,-0.555556,0.409281,0.404092,0.0004041545,1.28481e-05,-0.0001451272,1.0311e-06,-4.6096e-06,5.28083e-05,0.0036189722,-0.0002665332,-3.35836e-05,0.0041115097,4.53925e-05,0.0030006231,-1.973977,-0.221752,1.752392,0.404917,-0.558147,-0.602885,-0.401303
1413393977.55582,1.101029,0.158343,0.23533,0.600577,-0.554678,0.4054,0.409011,0.0004043726,1.77009e-05,-0.0001445287,1.4052e-06,-6.3239e-06,5.236e-05,0.0036094327,-0.0002525,-3.36585e-05,0.0041226526,4.53162e-05,0.0030009403,-1.977533,-0.199751,1.787757,0.40093,-0.557522,-0.602866,-0.406175
1413393977.60582,1.107387,0.143452,0.250007,0.600278,-0.5553,0.403914,0.410075,0.0004041394,1.86477e-05,-0.0001447755,1.4934e-06,-6.6774e-06,5.25704e-05,0.0036051667,-0.0002463764,-3.35242e-05,0.0041297778,4.51224e-05,0.0030009049,-1.981155,-0.188797,1.803371,0.399343,-0.558314,-0.602484,-0.407216
1413393977.70582,1.121888,0.11415,0.271812,0.599157,-0.556664,0.401522,0.412208,0.0004039886,2.00458e-05,-0.0001449495,1.6347e-06,-7.1897e-06,5.27233e-05,0.0035978693,-0.0002341096,-3.34486e-05,0.0041459221,4.50454e-05,0.0030013139,-1.991997,-0.16677,1.825429,0.396802,-0.559882,-0.601311,-0.409274
1413393977.85582,1.152734,0.067475,0.285327,0.595566,-0.560289,0.399679,0.414287,0.0004043216,1.95799e-05,-0.000144849,1.598e-06,-7.0109e-06,5.26198e-05,0.0035878482,-0.0002143368,-3.3111e-05,0.0041792906,4.46375e-05,0.0030019017,-2.018092,-0.130408,1.842223,0.394804,-0.563637,-0.597798,-0.411195
1413393977.90582,1.16427,0.057253,0.288177,0.593953,-0.561324,0.399476,0.415398,0.0004047711,1.9303e-05,-0.0001442773,1.5706e-06,-6.8763e-06,5.21528e-05,0.0035827786,-0.0002076049,-3.20502e-05,0.0041920557,4.40248e-05,0.0030015043,-2.029582,-0.118029,1.846889,0.394472,-0.564705,-0.596311,-0.412206
1413393978.00582,1.193389,0.032736,0.296914,0.590416,-0.565363,0.39884,0.415572,0.0004048058,1.70043e-05,-0.0001446284,1.369e-06,-6.0703e-06,5.2407e-05,0.003578347,-0.000197499,-3.18884e-05,0.0042220788,4.38737e-05,0.0030018891,-2.056498,-0.092879,1.857588,0.393707,-0.568853,-0.592894,-0.412164
1413393978.05582,1.209766,0.019637,0.301825,0.587996,-0.568484,0.398993,0.414597,0.0004046651,1.44806e-05,-0.0001451197,1.174e-06,-5.1869e-06,5.27797e-05,0.003577426,-0.0001953274,-3.1626e-05,0.0042398803,4.36967e-05,0.0030018832,-2.071771,-0.080025,1.863623,0.393747,-0.57209,-0.590471,-0.411122
1413393978.15581,1.239977,0.001714,0.311764,0.582251,-0.574896,0.401492,0.411439,0.0004044414,7.5373e-06,-0.0001457882,7.906e-07,-2.71e-06,5.32845e-05,0.0035703779,-0.0001809112,-3.09678e-05,0.0042767557,4.32864e-05,0.003001209,-2.105686,-0.053463,1.87693,0.395782,-0.578883,-0.584687,-0.407914
1413393978.20581,1.253876,-0.004342,0.320582,0.578667,-0.577833,0.403636,0.410282,0.0004049991,3.5652e-06,-0.000145023,6.767e-07,-1.2721e-06,5.26568e-05,0.0035686593,-0.0001797051,-3.04295e-05,0.0042876522,4.27745e-05,0.003000577,-2.123649,-0.039661,1.883941,0.397666,-0.582107,-0.580931,-0.406859
1413393978.35581,1.307108,-0.041535,0.34206,0.560415,-0.589461,0.409639,0.413118,0.0004091614,-8.6631e-06,-0.0001395598,8.335e-07,2.9614e-06,4.83254e-05,0.0035646432,-0.0001626858,-2.99722e-05,0.0043438835,4.26479e-05,0.0030007057,-2.17708,0.002877,1.906949,0.403496,-0.594011,-0.562681,-0.40956
1413393978.65581,1.392756,-0.113101,0.391954,0.502725,-0.627473,0.400149,0.439803,0.000416353,-2.61777e-05,-0.0001275495,2.3185e-06,8.0317e-06,3.97998e-05,0.003561372,-0.0001271161,-2.86376e-05,0.0044446685,4.20758e-05,0.0030018283,-2.260694,0.076774,1.96112,0.393672,-0.632226,-0.505005,-0.436232
1413393978.75581,1.401875,-0.121723,0.411915,0.484675,-0.646432,0.384671,0.446368,0.0004122004,-2.79023e-05,-0.0001321374,2.5529e-06,8.9512e-06,4.307e-05,0.0035560807,-0.0001157427,-2.92059e-05,0.0044629191,4.32815e-05,0.0030003261,-2.278144,0.092388,1.978548,0.377455,-0.651652,-0.486052,-0.443452
1413393979.20581,1.407724,-0.144433,0.499641,0.374771,-0.720364,0.323343,0.485872,0.000405975,-4.3598e-05,-0.0001369748,5.3776e-06,1.47255e-05,4.69575e-05,0.0035592639,-0.0001030828,-2.76882e-05,0.0044683904,4.27601e-05,0.003002534,-2.284941,0.120152,2.070381,0.315017,-0.725381,-0.375434,-0.483382
1413393979.65581,1.290274,-0.051973,0.448924,0.241309,-0.774635,0.257559,0.524762,0.0004021084,-6.22705e-05,-0.0001353867,1.03732e-05,2.09936e-05,4.63434e-05,0.0035805245,-0.0001529036,-2.32092e-05,0.0043432036,4.22917e-05,0.0030105152,-2.159919,0.039041,2.028785,0.24842,-0.779126,-0.241411,-0.522487
1413393979.70581,1.268467,-0.030338,0.435895,0.228114,-0.778548,0.246172,0.530308,0.0004026532,-6.037e-05,-0.0001354347,9.7693e-06,2.03235e-05,4.63046e-05,0.0035850727,-0.0001615134,-2.28158e-05,0.0043197324,4.26757e-05,0.0030111617,-2.137246,0.019529,2.016655,0.237041,-0.7829,-0.228476,-0.527921
1413393980.1558,0.998787,0.244325,0.385721,0.143811,-0.818565,0.113521,0.54441,0.0003915939,-1.15396e-05,-0.000160616,1.026e-06,4.7498e-06,6.65759e-05,0.0036889735,-0.0002613156,-1.43824e-05,0.004101137,5.04875e-05,0.0030237586,-1.875183,-0.239481,1.958732,0.103469,-0.821597,-0.144481,-0.541686
1413393980.2058,0.963893,0.279942,0.381803,0.138741,-0.82411,0.096299,0.540666,0.0003861191,-3.4967e-06,-0.0001664107,7.129e-07,1.5253e-06,7.24205e-05,0.0037011949,-0.0002566938,-1.28541e-05,0.0040573169,5.20766e-05,0.0030254778,-1.840806,-0.27107,1.954839,0.08618,-0.827018,-0.139384,-0.537783
1413393980.2558,0.926453,0.312065,0.379218,0.134595,-0.828606,0.081548,0.537258,0.000381596,4.1459e-06,-0.000170624,7.135e-07,-1.8282e-06,7.69873e-05,0.0037194918,-0.0002620283,-1.08523e-05,0.0040323619,5.38211e-05,0.0030271985,-1.805171,-0.301157,1.951191,0.071343,-0.831357,-0.135225,-0.53431
1413393980.3058,0.888857,0.342623,0.376766,0.130952,-0.832183,0.069866,0.534267,0.0003776545,9.9448e-06,-0.0001739031,9.15e-07,-4.5455e-06,8.07696e-05,0.0037369603,-0.0002642474,-8.6078e-06,0.0040065263,5.57848e-05,0.0030289236,-1.768076,-0.329456,1.94776,0.059634,-0.834823,-0.131524,-0.53125
1413393980.5558,0.671732,0.456592,0.37163,0.120052,-0.824787,0.04876,0.550396,0.0003882527,2.19489e-05,-0.0001635036,1.8405e-06,-9.2023e-06,6.95082e-05,0.0038232629,-0.000249461,4.427e-06,0.0038852866,6.50219e-05,0.0030433929,-1.555177,-0.433264,1.936649,0.038506,-0.827285,-0.120615,-0.547337
1413393980.6058,0.625863,0.472468,0.37066,0.119228,-0.818323,0.048317,0.560176,0.0003954433,2.32178e-05,-0.0001561045,1.9602e-06,-9.1291e-06,6.22618e-05,0.0038335843,-0.0002326196,6.8438e-06,0.0038610494,6.67207e-05,0.0030455378,-1.508374,-0.446621,1.935424,0.038112,-0.820868,-0.119842,-0.557109
1413393980.6558,0.573374,0.468703,0.368108,0.118982,-0.813356,0.047642,0.567473,0.0004010075,2.46425e-05,-0.0001498052,2.054e-06,-9.1764e-06,5.65818e-05,0.003839512,-0.0002322936,2.5201e-06,0.0038217871,5.94924e-05,0.0030406807,-1.460899,-0.457707,1.934224,0.037691,-0.815618,-0.119771,-0.564808
1413393981.0558,0.205664,0.451949,0.371024,0.10128,-0.832712,0.072962,0.539453,0.0003838392,-5.7442e-06,-0.000169677,4.979e-07,2.5311e-06,7.55588e-05,0.0038778407,-0.0001261911,4.7202e-06,0.0036847898,5.91655e-05,0.0030444403,-1.082736,-0.47773,1.93603,0.064218,-0.83446,-0.101454,-0.537832
1413393981.1558,0.094469,0.439916,0.381408,0.092766,-0.830829,0.085403,0.542056,0.0003860079,-1.73828e-05,-0.0001670113,1.136e-06,7.4923e-06,7.27591e-05,0.0038302301,-9.01983e-05,1.9042e-06,0.0036502429,6.19408e-05,0.0030441191,-0.977871,-0.47146,1.949176,0.076512,-0.832584,-0.092754,-0.540694
1413393981.2058,0.035638,0.43476,0.38495,0.089202,-0.828067,0.090618,0.546019,0.0003892685,-2.23021e-05,-0.0001633665,1.6195e-06,9.3308e-06,6.90045e-05,0.0038052326,-7.78946e-05,-1.20621e-05,0.0036348816,4.7308e-05,0.0030243138,-0.922834,-0.468464,1.960573,0.081718,-0.829827,-0.089214,-0.544752
1413393981.3058,-0.086198,0.424498,0.413463,0.087274,-0.826473,0.096611,0.547715,0.0003908873,-2.71463e-05,-0.0001611697,2.223e-06,1.11682e-05,6.68842e-05,0.0038010217,-4.6431e-05,-1.3016e-05,0.0036359738,4.33998e-05,0.0030227326,-0.807161,-0.464114,1.993707,0.087599,-0.828207,-0.087077,-0.546641
1413393981.3558,-0.145801,0.423767,0.431601,0.087018,-0.827448,0.098684,0.545911,0.0003895089,-2.8957e-05,-0.0001623008,2.4917e-06,1.20406e-05,6.80539e-05,0.0037982302,-2.76957e-05,-1.37178e-05,0.0036457332,4.34305e-05,0.0030222245,-0.747302,-0.463186,2.01271,0.089691,-0.829192,-0.086735,-0.544862
1413393981.7558,-0.674625,0.440085,0.521035,0.123112,-0.825792,0.071462,0.545715,0.0003878969,6.8178e-06,-0.000166044,4.364e-07,-2.9527e-06,7.14606e-05,0.0037941661,0.0001177998,-1.98271e-05,0.0038366359,4.44703e-05,0.0030193582,-0.23094,-0.471775,2.094997,0.062084,-0.827596,-0.121142,-0.54457
1413393981.8058,-0.745073,0.437413,0.519685,0.126643,-0.823799,0.0693,0.548192,0.0003895516,1.03959e-05,-0.0001642782,5.922e-07,-4.4173e-06,6.96552e-05,0.0037974526,0.0001448861,-2.02066e-05,0.0038958658,4.46688e-05,0.0030191718,-0.161702,-0.469689,2.092586,0.059928,-0.825555,-0.124583,-0.547128
1413393981.9058,-0.88426,0.427609,0.510729,0.138855,-0.818442,0.067124,0.553504,0.0003928926,1.85644e-05,-0.0001602804,1.1931e-06,-7.607e-06,6.576e-05,0.0037955095,0.0001809647,-2.02812e-05,0.0040046205,4.47815e-05,0.0030195804,-0.021696,-0.460295,2.080871,0.058043,-0.820137,-0.136957,-0.552497
1413393981.9558,-0.954166,0.418875,0.50418,0.146845,-0.814632,0.068681,0.556861,0.0003952228,2.19585e-05,-0.0001574461,1.5348e-06,-8.7785e-06,6.30883e-05,0.0037896886,0.0001969369,-2.04239e-05,0.0040654585,4.48198e-05,0.0030195139,0.049085,-0.452105,2.073489,0.05968,-0.816339,-0.144977,-0.555894
1413393982.7558,-1.925116,-0.004617,0.4676,0.420152,-0.710014,0.252868,0.505382,0.0003983139,2.81313e-05,-0.0001543,2.3316e-06,-1.0912e-05,6.02117e-05,0.003707434,8.92427e-05,-2.2809e-05,0.005372208,4.49761e-05,0.0030326922,1.034818,-0.037483,2.022926,0.2464,-0.713242,-0.41854,-0.505435
1413393982.8058,-1.972113,-0.045466,0.466497,0.444674,-0.694403,0.26606,0.499281,0.0003982543,3.19747e-05,-0.000153704,2.916e-06,-1.23537e-05,5.97641e-05,0.0037087723,5.48126e-05,-2.31645e-05,0.005461816,4.49476e-05,0.0030343966,1.083571,0.002875,2.022492,0.25975,-0.697748,-0.443121,-0.499392
1413393983.4558,-2.296057,-0.64084,0.430025,0.694433,-0.44417,0.411932,0.388314,0.0003879129,7.34614e-05,-0.0001515774,1.43404e-05,-2.87147e-05,5.97127e-05,0.0039486738,-0.0005526449,-3.28595e-05,0.0061445372,4.24625e-05,0.0030788276,1.421166,0.592998,2.003517,0.407561,-0.448147,-0.693867,-0.389437
1413393983.5058,-2.290691,-0.685691,0.428632,0.705049,-0.422273,0.424616,0.379858,0.0003900652,7.52172e-05,-0.0001485304,1.49394e-05,-2.8651e-05,5.70402e-05,0.0039854018,-0.0005985555,-3.4042e-05,0.0061396531,4.20475e-05,0.0030846093,1.416342,0.637748,2.004096,0.420389,-0.426239,-0.704568,-0.381095
1413393983.6058,-2.264615,-0.76947,0.428027,0.724359,-0.378837,0.448773,0.361096,0.0003937177,7.81652e-05,-0.0001431377,1.5966e-05,-2.84272e-05,5.25186e-05,0.0040640909,-0.0006791663,-3.66508e-05,0.006099955,4.10911e-05,0.0030975682,1.391143,0.721407,2.00773,0.444836,-0.382748,-0.724033,-0.362562
1413393983.6558,-2.244581,-0.808185,0.429295,0.733153,-0.357951,0.459638,0.350843,0.0003949657,7.92572e-05,-0.0001411736,1.63549e-05,-2.83387e-05,5.09346e-05,0.0040943218,-0.0007141712,-3.82715e-05,0.006065529,4.12399e-05,0.0031037414,1.371352,0.759419,2.010613,0.455873,-0.361791,-0.732896,-0.352419
1413393983.7058,-2.214728,-0.847482,0.432947,0.740414,-0.337862,0.471507,0.339585,0.0003972145,7.88983e-05,-0.000138705,1.61023e-05,-2.75588e-05,4.88708e-05,0.0040618231,-0.000751776,-3.85019e-05,0.0060125816,4.58507e-05,0.0031028617,1.347035,0.794462,2.014404,0.468031,-0.341591,-0.740188,-0.341223
1413393984.1558,-1.840276,-0.994325,0.499726,0.787851,-0.177582,0.542029,0.232292,0.0004051146,7.50268e-05,-0.0001315302,1.42764e-05,-2.4389e-05,4.30786e-05,0.004080106,-0.0008107408,-5.25163e-05,0.0053212152,6.56382e-05,0.0030942276,0.974923,0.94464,2.076421,0.53963,-0.180691,-0.788005,-0.235015
1413393984.2058,-1.783494,-0.993848,0.508526,0.791021,-0.1586,0.547744,0.221605,0.000405463,7.64972e-05,-0.000130313,1.48115e-05,-2.46181e-05,4.22569e-05,0.0040706088,-0.0007831567,-5.41615e-05,0.0052329975,6.58684e-05,0.0030946749,0.920778,0.940482,2.08647,0.545498,-0.161566,-0.791205,-0.224404
1413393984.2558,-1.72764,-0.985793,0.516775,0.793777,-0.14012,0.553148,0.210504,0.0004057493,7.75466e-05,-0.000129417,1.52015e-05,-2.4768e-05,4.16569e-05,0.0040748276,-0.0007629467,-5.71612e-05,0.0051468324,6.75227e-05,0.0031002987,0.864964,0.931526,2.097225,0.550982,-0.143005,-0.794013,-0.213409
1413393984.6058,-1.316045,-0.808835,0.586778,0.798687,-0.049119,0.58476,0.133201,0.0004149408,6.79826e-05,-0.0001226909,1.15155e-05,-2.01324e-05,3.66626e-05,0.0040356836,-0.0005518085,-8.4131e-05,0.0046503834,8.25981e-05,0.0031474106,0.453491,0.743387,2.185082,0.582905,-0.05161,-0.799294,-0.13675
1413393984.6558,-1.258965,-0.763792,0.597226,0.800584,-0.045215,0.585626,0.118589,0.0004160605,5.99831e-05,-0.0001252597,9.01e-06,-1.80773e-05,3.8086e-05,0.0040256314,-0.0005140714,-8.84493e-05,0.004574619,8.44397e-05,0.0031506206,0.395109,0.699927,2.19588,0.583801,-0.047741,-0.801235,-0.12221
1413393984.7558,-1.145862,-0.672206,0.604686,0.803322,-0.04911,0.587459,0.08458,0.0004194798,3.4428e-05,-0.0001299595,3.1861e-06,-1.06792e-05,4.06443e-05,0.0040140009,-0.0004516425,-9.91472e-05,0.0044806004,8.88715e-05,0.0031689666,0.280457,0.604625,2.209558,0.585762,-0.051577,-0.804008,-0.088368
1413393984.8058,-1.088452,-0.625426,0.605652,0.804159,-0.052751,0.587831,0.070705,0.0004202108,2.27762e-05,-0.0001315672,1.5692e-06,-7.1378e-06,4.15686e-05,0.0039985368,-0.0004100109,-0.0001048236,0.0044207332,9.30811e-05,0.0031755478,0.223554,0.554543,2.212443,0.58622,-0.055198,-0.804831,-0.074573
1413393984.8558,-1.034266,-0.574908,0.605181,0.806505,-0.060018,0.585481,0.056209,0.000418714,8.9442e-06,-0.0001354258,5.152e-07,-2.8952e-06,4.41764e-05,0.003989679,-0.0003758219,-0.0001050416,0.0043714402,9.13059e-05,0.0031764717,0.167388,0.503821,2.212216,0.58393,-0.062491,-0.807169,-0.060153
1413393984.90579,-0.984138,-0.524098,0.614597,0.809465,-0.071115,0.581241,0.043219,0.0004152756,-5.5795e-06,-0.0001403219,3.741e-07,1.8884e-06,4.7774e-05,0.0039709409,-0.0003365456,-0.0001044263,0.0043156022,9.51274e-05,0.0031626268,0.112238,0.453471,2.208793,0.579763,-0.073689,-0.81008,-0.0473
1413393985.20579,-0.694579,-0.238077,0.582837,0.8043,-0.143654,0.573048,0.06388,0.0004093409,-2.71518e-05,-0.0001459041,2.0136e-06,9.6905e-06,5.22869e-05,0.0039025523,-0.0001584429,-9.7773e-05,0.0040174894,8.53551e-05,0.0031292907,-0.208577,0.188168,2.14774,0.571239,-0.146463,-0.804725,-0.06838
1413393985.25579,-0.646169,-0.201157,0.567223,0.799913,-0.153917,0.574435,0.080464,0.0004127186,-2.10901e-05,-0.0001428246,1.2902e-06,7.3084e-06,4.97076e-05,0.0039123934,-0.0001369266,-0.0001008204,0.0040074648,8.51982e-05,0.0031322353,-0.260405,0.15128,2.13186,0.572529,-0.156661,-0.80029,-0.085034
1413393985.30579,-0.597616,-0.166264,0.550146,0.795331,-0.164296,0.575153,0.098258,0.0004157643,-1.44147e-05,-0.0001398396,7.137e-07,4.8549e-06,4.73175e-05,0.0039273329,-0.0001291022,-0.0001059206,0.0039888608,8.71112e-05,0.0031373636,-0.311496,0.11549,2.115498,0.573151,-0.166964,-0.795654,-0.102887
1413393985.65579,-0.268092,0.084357,0.437234,0.768453,-0.267769,0.550302,0.186942,0.0004149013,-3.5166e-06,-0.0001422492,2.338e-07,1.2001e-06,4.9037e-05,0.0039939617,-6.79877e-05,-0.0001029863,0.0038593848,8.05319e-05,0.0031135147,-0.649389,-0.138929,2.010901,0.547747,-0.27002,-0.768366,-0.191596
1413393985.70579,-0.222998,0.121013,0.419725,0.766363,-0.287873,0.542063,0.189696,0.00040993,-9.443e-06,-0.0001482575,4.233e-07,3.4115e-06,5.38864e-05,0.0040142018,-7.14408e-05,-0.0001058653,0.0038529604,8.05742e-05,0.003113059,-0.695483,-0.17728,1.996827,0.539484,-0.290067,-0.766215,-0.194332
1413393985.80579,-0.123367,0.193457,0.392862,0.762088,-0.325454,0.524114,0.196484,0.0003984985,-1.81535e-05,-0.0001603717,1.0305e-06,7.2998e-06,6.47963e-05,0.0040265784,-7.17554e-05,-0.0001046468,0.0038426695,7.97151e-05,0.0031127872,-0.786704,-0.252462,1.969942,0.521454,-0.327802,-0.761723,-0.201093
1413393985.85579,-0.077726,0.232276,0.382582,0.758903,-0.343431,0.515997,0.199669,0.0003930194,-2.20819e-05,-0.0001654616,1.4429e-06,9.2964e-06,6.99107e-05,0.0040356595,-8.29104e-05,-0.0001036298,0.0038356344,7.67456e-05,0.0031093381,-0.832353,-0.288014,1.958249,0.51322,-0.345838,-0.758496,-0.204235
1413393985.95579,0.018855,0.29581,0.363478,0.748651,-0.378544,0.503552,0.206549,0.0003846576,-3.05768e-05,-0.0001720553,2.6354e-06,1.36799e-05,7.72114e-05,0.0040656274,-9.90331e-05,-0.0001040854,0.003842248,7.74332e-05,0.0031103012,-0.924384,-0.351251,1.939486,0.500574,-0.381046,-0.748134,-0.211068
1413393986.00579,0.069472,0.321729,0.356413,0.741582,-0.394752,0.49946,0.211582,0.0003825918,-3.40757e-05,-0.0001732848,3.2408e-06,1.54386e-05,7.87368e-05,0.0040812685,-0.0001109061,-0.0001042124,0.0038485447,7.74288e-05,0.0031103541,-0.970737,-0.37776,1.933264,0.496365,-0.39727,-0.741046,-0.216039
1413393986.15579,0.202531,0.400419,0.351627,0.716167,-0.440272,0.491118,0.228185,0.0003797008,-4.43951e-05,-0.0001735941,5.3779e-06,2.02997e-05,7.96029e-05,0.0040795416,-0.0001398708,-8.99342e-05,0.0038119567,6.6258e-05,0.0031036252,-1.105544,-0.440296,1.919761,0.487597,-0.442575,-0.715817,-0.232392
1413393986.30579,0.318783,0.441224,0.360712,0.681386,-0.488341,0.489717,0.239611,0.0003774654,-6.35849e-05,-0.0001696918,1.0908e-05,2.859e-05,7.65267e-05,0.0041130567,-0.0001692084,-9.0296e-05,0.0038405306,6.35886e-05,0.0031052455,-1.226722,-0.474379,1.913298,0.48573,-0.490697,-0.681077,-0.243811
1413393986.40579,0.390609,0.443978,0.368258,0.657198,-0.517921,0.486625,0.251085,0.000376178,-7.2846e-05,-0.0001672036,1.43083e-05,3.23858e-05,7.45625e-05,0.0041303175,-0.0001890709,-9.43166e-05,0.0038580869,6.38641e-05,0.0031087778,-1.294959,-0.478774,1.912247,0.482313,-0.520348,-0.656882,-0.255236
1413393986.80579,0.550621,0.336405,0.448734,0.591435,-0.552224,0.431359,0.398978,0.0004207083,-2.1469e-06,-0.0001368433,2.362e-07,6.888e-07,4.4756e-05,0.0041335727,-0.0001937911,-0.0001143699,0.00395663,6.71284e-05,0.0031282816,-1.444404,-0.389322,1.947573,0.424835,-0.554799,-0.591485,-0.402361
1413393986.85579,0.563897,0.318937,0.463305,0.582821,-0.55342,0.424601,0.416845,0.0004256364,6.9931e-06,-0.0001297586,3.441e-07,-2.1428e-06,3.9803e-05,0.0041372745,-0.000195468,-0.0001176519,0.0039774495,6.77028e-05,0.0031317769,-1.458119,-0.375278,1.954688,0.417787,-0.555998,-0.582955,-0.420134
1413393986.90579,0.578229,0.30269,0.477753,0.57521,-0.555252,0.418673,0.430746,0.0004289857,1.35703e-05,-0.0001242242,6.625e-07,-3.9414e-06,3.62182e-05,0.0041409543,-0.0001925124,-0.0001210326,0.0039914879,6.83035e-05,0.0031355096,-1.472932,-0.362536,1.961524,0.41159,-0.557847,-0.57542,-0.433947
1413393986.95579,0.594459,0.287988,0.491254,0.569192,-0.560012,0.41283,0.438153,0.0004296853,1.61715e-05,-0.000122931,8.456e-07,-4.6386e-06,3.54182e-05,0.0041456207,-0.0001901217,-0.0001243464,0.004006814,6.90242e-05,0.003139444,-1.489232,-0.351181,1.967456,0.405504,-0.562654,-0.569441,-0.441284
1413393987.20579,0.700597,0.229562,0.53092,0.556091,-0.59021,0.389173,0.436988,0.0004193093,1.16252e-05,-0.0001391894,5.762e-07,-3.8702e-06,4.64732e-05,0.0041786533,-0.0001833405,-0.0001389856,0.0041073432,7.38345e-05,0.0031619834,-1.592419,-0.309571,1.971691,0.380854,-0.593239,-0.556418,-0.439793
1413393987.30579,0.749057,0.205689,0.541775,0.555296,-0.596735,0.383762,0.433913,0.0004154193,1.03923e-05,-0.000144564,5.208e-07,-3.6277e-06,5.05868e-05,0.0042025013,-0.0001817468,-0.0001469526,0.0041636495,7.60296e-05,0.0031741684,-1.641828,-0.29375,1.96644,0.375111,-0.59991,-0.555677,-0.436605
1413393987.35579,0.77479,0.193185,0.548987,0.555241,-0.598727,0.382466,0.43238,0.0004140935,9.617e-06,-0.0001463824,4.876e-07,-3.4108e-06,5.20301e-05,0.0042153181,-0.0001795961,-0.0001511106,0.0041928533,7.72301e-05,0.0031808972,-1.668063,-0.285368,1.965544,0.373663,-0.601976,-0.555658,-0.435024
1413393987.60579,0.915438,0.124308,0.602717,0.553639,-0.599845,0.380567,0.434555,0.0004146595,1.06968e-05,-0.0001461546,5.579e-07,-3.782e-06,5.18175e-05,0.0042948576,-0.000162646,-0.0001737973,0.0043697641,8.43874e-05,0.003222028,-1.811469,-0.237431,1.978717,0.371042,-0.603418,-0.554326,-0.436965
1413393987.65579,0.945982,0.107961,0.61284,0.55122,-0.600485,0.379531,0.437642,0.0004158511,1.16199e-05,-0.0001446918,6.1e-07,-4.0552e-06,5.06495e-05,0.0043115959,-0.000155998,-0.0001771362,0.0044099513,8.4396e-05,0.0032299016,-1.84189,-0.226749,1.982969,0.369862,-0.604093,-0.551935,-0.44005
1413393987.90579,1.103171,0.033489,0.666773,0.531215,-0.617865,0.376294,0.440972,0.0004168085,1.4158e-06,-0.0001445024,3.089e-07,-5.003e-07,5.04211e-05,0.004430881,-0.0001237803,-0.0002031998,0.0046551504,9.3406e-05,0.0032886784,-2.003084,-0.173309,1.998337,0.366067,-0.62159,-0.531936,-0.443473
1413393987.95579,1.135887,0.018735,0.671147,0.528112,-0.620794,0.376157,0.440702,0.0004166728,-8.143e-07,-0.0001447916,3.095e-07,2.742e-07,5.06424e-05,0.0044598789,-0.0001161192,-0.0002088156,0.0047117077,9.54884e-05,0.0033026872,-2.036772,-0.162801,1.995276,0.365812,-0.624568,-0.528831,-0.443209
1413393988.00579,1.168687,0.003715,0.671926,0.525339,-0.622855,0.376111,0.441148,0.0004169512,-2.3447e-06,-0.0001445354,3.249e-07,8.044e-07,5.04347e-05,0.0044906326,-0.0001078067,-0.0002145661,0.0047706872,9.76754e-05,0.0033175322,-2.070577,-0.152073,1.988707,0.365658,-0.626664,-0.526068,-0.443666
1413393988.05579,1.20162,-0.011587,0.669859,0.523318,-0.624682,0.375347,0.441617,0.0004169133,-3.1002e-06,-0.0001446822,3.387e-07,1.0677e-06,5.05452e-05,0.0045232253,-9.88206e-05,-0.0002204535,0.0048322066,9.99691e-05,0.0033332524,-2.104541,-0.1411,1.979376,0.364795,-0.628517,-0.524048,-0.444146
1413393988.10579,1.243635,-0.046129,0.639855,0.521812,-0.625055,0.374557,0.443538,0.0004176871,-2.475e-06,-0.0001437739,3.318e-07,8.43e-07,4.98278e-05,0.0045453502,-7.62059e-05,-0.0002139735,0.0048769963,7.97586e-05,0.0033207398,-2.138485,-0.130029,1.967891,0.363793,-0.629043,-0.522308,-0.446267
1413393988.20579,1.32086,-0.066361,0.614393,0.519562,-0.622732,0.371995,0.451531,0.0004208711,2.4248e-06,-0.0001398416,3.357e-07,-8.129e-07,4.68065e-05,0.0046026091,-5.69361e-05,-0.0002173142,0.005004767,8.97329e-05,0.0033477175,-2.206729,-0.108238,1.936413,0.36108,-0.626736,-0.520157,-0.454161
1413393988.25579,1.359749,-0.078727,0.588843,0.519049,-0.620508,0.370596,0.456307,0.0004228109,5.9766e-06,-0.0001372184,4.087e-07,-1.9472e-06,4.4871e-05,0.0045973186,-6.60952e-05,-0.0002179156,0.0050807831,9.1788e-05,0.0033479037,-2.24145,-0.097954,1.917718,0.359572,-0.624539,-0.519702,-0.458881
1413393988.55579,1.591386,-0.139064,0.473427,0.533442,-0.604021,0.341573,0.48366,0.0004211221,4.56906e-05,-0.0001326648,5.2953e-06,-1.44134e-05,4.21366e-05,0.0046289848,2.1973e-06,-0.0002194537,0.0055474996,0.0001298112,0.0033601694,-2.472277,-0.042613,1.804717,0.329937,-0.608057,-0.534409,-0.485615
1413393988.60579,1.636235,-0.151085,0.461659,0.536395,-0.600825,0.33589,0.488331,0.0004199181,5.31442e-05,-0.0001317009,7.0694e-06,-1.66895e-05,4.16535e-05,0.0046679855,-1.8167e-06,-0.0002242459,0.0056586067,0.0001335214,0.0033755439,-2.51806,-0.034259,1.788972,0.324142,-0.604853,-0.537389,-0.490206
1413393988.80579,1.855422,-0.197406,0.35228,0.519815,-0.624729,0.351644,0.464598,0.0004191426,1.91906e-05,-0.0001421437,1.1967e-06,-6.5111e-06,4.85513e-05,0.0046150611,-1.72454e-05,-0.0002628997,0.0058343103,0.0001183909,0.0032999365,-2.729398,-0.002659,1.730259,0.339582,-0.629143,-0.520486,-0.466879
1413393988.85579,1.988691,-0.096644,0.259519,0.510316,-0.639431,0.35691,0.450911,0.0004142915,1.247e-06,-0.0001494723,3.044e-07,-4.443e-07,5.42723e-05,0.0044656801,-3.2059e-05,-0.000189593,0.0058277724,0.0001844725,0.0032445696,-2.786113,0.005271,1.718006,0.345233,-0.643821,-0.511472,-0.452486
1413393988.90579,2.055899,-0.082944,0.246831,0.499592,-0.655222,0.362375,0.435634,0.0004075821,-1.74335e-05,-0.0001562591,1.0343e-06,6.7009e-06,6.02418e-05,0.0042963915,-0.0002091025,-0.0002010622,0.0058889172,0.0001315517,0.0032103583,-2.842287,0.014156,1.70974,0.350692,-0.659761,-0.500528,-0.437314
1413393988.95579,2.109873,-0.083146,0.242589,0.488903,-0.670009,0.364939,0.422944,0.0003994669,-3.26767e-05,-0.0001624232,2.9592e-06,1.33074e-05,6.63775e-05,0.0042021594,-0.0002274582,-0.0001832894,0.0059729709,0.0001244185,0.0031997153,-2.896614,0.024104,1.705495,0.353194,-0.674601,-0.489621,-0.424822
1413393989.05579,2.205851,-0.10257,0.250265,0.467952,-0.696986,0.366134,0.401469,0.0003814085,-5.6892e-05,-0.0001728992,8.779e-06,2.58181e-05,7.87276e-05,0.0041762693,-0.000213965,-0.0001749117,0.006166676,0.0001201898,0.00319525,-2.996093,0.046151,1.708772,0.354408,-0.701442,-0.468465,-0.403658
1413393989.1058,2.253318,-0.113287,0.258164,0.458251,-0.709481,0.365697,0.391034,0.000371121,-6.69196e-05,-0.0001777337,1.23648e-05,3.20819e-05,8.54775e-05,0.0041721791,-0.0002093338,-0.000175891,0.0062410924,0.0001190708,0.0031943197,-3.039331,0.059016,1.716738,0.353915,-0.713947,-0.458565,-0.393405
1413393989.1558,2.287917,-0.126558,0.272421,0.449714,-0.720874,0.362834,0.382687,0.0003611845,-7.34665e-05,-0.0001822996,1.5244e-05,3.71185e-05,9.23745e-05,0.0041530859,-0.0001973194,-0.0001687865,0.0063199342,0.0001139234,0.0031878814,-3.076929,0.073287,1.728944,0.351233,-0.724931,-0.450467,-0.384978
1413393989.6058,2.427149,-0.339244,0.49681,0.443264,-0.6572,0.316056,0.521262,0.0004369019,2.11547e-05,-0.0001160658,1.3363e-06,-5.6174e-06,3.11534e-05,0.0041112786,4.19827e-05,-0.0001490253,0.0066297391,0.0001064913,0.0031773302,-3.215218,0.285427,1.952491,0.303791,-0.660132,-0.445485,-0.522957
1413393989.6558,2.440747,-0.362638,0.511225,0.442614,-0.655143,0.314741,0.525184,0.0004382573,2.37527e-05,-0.0001132769,1.6023e-06,-6.137e-06,2.95956e-05,0.0041091924,7.24687e-05,-0.0001463941,0.0066450662,0.0001068451,0.0031764148,-3.229574,0.30965,1.966595,0.302426,-0.658065,-0.444863,-0.526865
1413393990.1058,2.616422,-0.533729,0.508627,0.360036,-0.708708,0.313825,0.519251,0.0004345818,-3.20809e-05,-0.000118966,2.7129e-06,8.7986e-06,3.29046e-05,0.0041463731,0.0002803368,-0.0001409108,0.0070791643,0.0001121701,0.0031792951,-3.408678,0.477858,1.968125,0.301462,-0.711449,-0.361727,-0.521665
1413393990.1558,2.63365,-0.544401,0.498406,0.345273,-0.715431,0.306439,0.524442,0.0004346625,-3.45087e-05,-0.0001182556,3.0839e-06,9.4063e-06,3.25065e-05,0.0041451486,0.0002986486,-0.0001380445,0.0071186516,0.0001107679,0.0031771659,-3.428466,0.487581,1.957963,0.294071,-0.718005,-0.346946,-0.526918
1413393990.2058,2.652504,-0.553857,0.484726,0.329933,-0.722603,0.297618,0.52954,0.0004344206,-3.64973e-05,-0.0001181967,3.4101e-06,9.9497e-06,3.24936e-05,0.0041471349,0.0003111497,-0.0001369286,0.007160849,0.0001112419,0.0031769509,-3.447673,0.495157,1.945727,0.285242,-0.725008,-0.331565,-0.532063
1413393990.2558,2.671418,-0.557441,0.468357,0.314396,-0.730796,0.287387,0.533387,0.0004332009,-3.8212e-05,-0.0001198047,3.7138e-06,1.05885e-05,3.34705e-05,0.0041477524,0.0003222445,-0.0001355419,0.0072076432,0.0001117977,0.0031768294,-3.466406,0.500268,1.93129,0.274974,-0.733038,-0.316007,-0.535923
1413393990.6058,2.780176,-0.519392,0.354055,0.194133,-0.802126,0.219141,0.520465,0.0003980746,-6.46488e-05,-0.0001566216,1.08535e-05,2.54738e-05,6.20141e-05,0.0041394743,0.0002906068,-0.0001296072,0.0075008928,0.0001153372,0.0031813326,-3.574815,0.468427,1.829748,0.206523,-0.803396,-0.194573,-0.52353
1413393990.6558,2.790874,-0.509898,0.342207,0.183115,-0.816038,0.205097,0.508415,0.0003851491,-6.33178e-05,-0.0001695919,1.07643e-05,2.79202e-05,7.50805e-05,0.004133024,0.0002665367,-0.0001285586,0.0075288577,0.0001156503,0.0031817433,-3.58341,0.455218,1.818316,0.192563,-0.817198,-0.18314,-0.511481
1413393990.7058,2.798648,-0.493509,0.329905,0.17927,-0.831092,0.185143,0.492819,0.00036891,-5.4589e-05,-0.000185511,8.4284e-06,2.74903e-05,9.37106e-05,0.0041294877,0.0002516147,-0.000128442,0.0075502383,0.0001155621,0.0031820615,-3.588724,0.440524,1.807321,0.17253,-0.83219,-0.178813,-0.495761
1413393990.95579,2.758883,-0.429053,0.296234,0.201789,-0.856429,0.082005,0.468066,0.000328174,1.90701e-05,-0.0002152982,1.4458e-06,-1.2517e-05,0.0001417314,0.0041176732,0.0001671045,-0.0001256648,0.0074377918,0.0001170153,0.0031864053,-3.537612,0.381981,1.782573,0.069059,-0.857125,-0.200226,-0.469577
1413393991.05579,2.701642,-0.430728,0.301195,0.210458,-0.831698,0.067964,0.509281,0.0003612527,4.17933e-05,-0.0001944276,5.1808e-06,-2.25068e-05,0.0001050813,0.0041205935,0.000162603,-0.0001238531,0.0073216814,0.0001175013,0.0031893383,-3.479125,0.386149,1.790416,0.054852,-0.832352,-0.20946,-0.510257
1413393991.40581,2.512091,-0.552122,0.345061,0.17806,-0.714714,0.13931,0.66187,0.0004673626,1.73327e-05,-3.96659e-05,9.8e-07,-1.4697e-06,3.7131e-06,0.0041596543,0.0002806456,-0.0001171769,0.0068734871,0.0001158938,0.0031951192,-3.287115,0.506531,1.833855,0.12626,-0.715825,-0.17985,-0.662815
1413393991.50581,2.501296,-0.584837,0.344935,0.170592,-0.736776,0.160538,0.63426,0.0004616013,-9.463e-06,-6.70284e-05,5.371e-07,1.378e-06,1.00904e-05,0.004178103,0.0003229614,-0.0001143138,0.0068416686,0.0001153113,0.0031991645,-3.275298,0.539894,1.834343,0.147509,-0.738236,-0.171964,-0.635393
1413393991.55581,2.503359,-0.597565,0.344595,0.166398,-0.752607,0.171425,0.613603,0.0004535678,-2.49371e-05,-8.69399e-05,1.7182e-06,4.7867e-06,1.70306e-05,0.0041865222,0.000338971,-0.00011279,0.0068511317,0.0001150073,0.0032014618,-3.276792,0.553044,1.834306,0.158403,-0.754258,-0.167449,-0.614833
1413393991.65581,2.514643,-0.614423,0.344276,0.15886,-0.787417,0.189169,0.56476,0.0004253825,-5.30842e-05,-0.000130011,6.9825e-06,1.62411e-05,4.01282e-05,0.0042022804,0.0003625632,-0.0001095675,0.0068878623,0.0001143922,0.0032065818,-3.286907,0.570913,1.834874,0.176185,-0.789403,-0.159139,-0.566168
1413393991.85581,2.522246,-0.612088,0.366739,0.158494,-0.81941,0.186056,0.518488,0.000389914,-6.02828e-05,-0.000168479,9.6945e-06,2.6076e-05,7.32403e-05,0.0042286149,0.0003660365,-0.0001021413,0.0069312525,0.0001126235,0.0032199026,-3.292084,0.571091,1.859642,0.173087,-0.821624,-0.157957,-0.519647
1413393991.90581,2.512063,-0.609013,0.383336,0.165781,-0.811248,0.174137,0.532981,0.000401966,-4.60721e-05,-0.0001614889,5.6418e-06,1.85289e-05,6.5312e-05,0.0042326191,0.0003544632,-9.83253e-05,0.0069104751,0.0001129516,0.0032213562,-3.284272,0.565161,1.873766,0.161136,-0.81338,-0.165443,-0.533962
1413393991.95581,2.502089,-0.601246,0.399253,0.174118,-0.796722,0.160876,0.555911,0.0004189963,-2.79228e-05,-0.0001467072,2.2221e-06,9.788e-06,5.17915e-05,0.0042402028,0.0003486182,-9.59163e-05,0.0068870703,0.0001123575,0.0032253859,-3.273869,0.557967,1.89038,0.147827,-0.798795,-0.174097,-0.556623
1413393992.00581,2.489717,-0.592194,0.415084,0.179662,-0.780213,0.152511,0.579422,0.0004344068,-1.34708e-05,-0.0001276289,7.805e-07,3.9617e-06,3.78674e-05,0.0042148287,0.0003456927,-0.0001116321,0.0068679173,0.0001147558,0.003213177,-3.26316,0.550004,1.907757,0.139384,-0.78223,-0.180004,-0.579952
1413393992.25581,2.467718,-0.547056,0.483868,0.195401,-0.771809,0.127231,0.591559,0.0004383701,1.57924e-05,-0.0001216997,9.051e-07,-4.3921e-06,3.41474e-05,0.004202682,0.0002754212,-0.0001097453,0.0067941475,0.0001181569,0.0032053442,-3.243292,0.502087,1.967521,0.113944,-0.773677,-0.195792,-0.591725
1413393992.30581,2.471113,-0.5367,0.490263,0.196467,-0.785564,0.124325,0.57344,0.0004265744,1.34114e-05,-0.0001397492,7.608e-07,-4.4004e-06,4.61529e-05,0.004199599,0.0002712407,-0.0001118495,0.0067964567,0.0001172314,0.00320594,-3.247118,0.492181,1.974552,0.111005,-0.78744,-0.196555,-0.573598
1413393992.35581,2.478033,-0.527865,0.49802,0.191362,-0.800027,0.130089,0.553547,0.0004138495,1.5582e-06,-0.0001561771,3.446e-07,-5.893e-07,5.93181e-05,0.0041908221,0.0002587381,-0.0001140312,0.006808146,0.0001168343,0.0032049613,-3.251804,0.483504,1.981567,0.116701,-0.802002,-0.191011,-0.553838
1413393992.55581,2.484906,-0.494939,0.519282,0.162848,-0.822103,0.164852,0.52005,0.0003908284,-4.37187e-05,-0.0001739017,5.2468e-06,1.94686e-05,7.77915e-05,0.0042013496,0.0002309459,-0.0001139825,0.0068468587,0.0001165297,0.0032125274,-3.256419,0.453521,2.006394,0.151426,-0.82434,-0.161894,-0.520892
1413393992.60583,2.476532,-0.485248,0.522769,0.160171,-0.815616,0.167233,0.530235,0.0003983455,-4.45943e-05,-0.0001653432,5.3216e-06,1.8526e-05,6.90161e-05,0.0041517005,0.000201467,-0.0001140239,0.0067836711,0.000123678,0.0031883918,-3.250421,0.445091,2.009827,0.153985,-0.817772,-0.159739,-0.531068
1413393992.65584,2.465297,-0.477682,0.523958,0.1622,-0.803345,0.163571,0.549156,0.0004128721,-3.73533e-05,-0.0001513235,3.7081e-06,1.37031e-05,5.58362e-05,0.0041459409,0.0001872418,-0.0001153939,0.0067564574,0.0001235308,0.0031874541,-3.242054,0.43526,2.013125,0.150508,-0.805396,-0.162384,-0.549868
1413393992.75583,2.447479,-0.4616,0.527656,0.170221,-0.770123,0.151611,0.595776,0.0004428724,-1.40745e-05,-0.0001112634,7.759e-07,3.5417e-06,2.83056e-05,0.0041370407,0.000161358,-0.0001164836,0.0067024874,0.0001232582,0.003186311,-3.223691,0.4128,2.019071,0.139297,-0.771779,-0.172079,-0.596158
1413393992.80582,2.438054,-0.45018,0.526498,0.174561,-0.755601,0.145222,0.614415,0.0004516463,-2.3757e-06,-9.33465e-05,3.415e-07,4.952e-07,1.96397e-05,0.0041332435,0.0001546996,-0.0001173406,0.0066845007,0.0001234203,0.0031856104,-3.216773,0.400023,2.020978,0.133213,-0.757054,-0.177017,-0.614674
1413393992.90581,2.439562,-0.42578,0.529699,0.182926,-0.74477,0.133079,0.62781,0.0004557592,1.44993e-05,-8.14261e-05,7.941e-07,-2.5872e-06,1.4894e-05,0.0041263504,0.0001237331,-0.0001184735,0.0066691769,0.0001233556,0.0031848482,-3.213069,0.371985,2.022148,0.121621,-0.745841,-0.186245,-0.627891
1413393993.35581,2.535463,-0.316586,0.521084,0.19158,-0.849635,0.10895,0.47911,0.0003454501,-7.121e-07,-0.0002083863,3.641e-07,4.376e-07,0.0001262019,0.0041191599,5.781e-06,-0.0001187383,0.0069039117,0.0001229376,0.0031862962,-3.307603,0.264968,2.019253,0.097117,-0.850668,-0.192973,-0.479285
1413393993.40581,2.537503,-0.313575,0.525146,0.194129,-0.854863,0.103795,0.46984,0.0003355884,1.8444e-06,-0.0002132917,3.757e-07,-1.1654e-06,0.0001360778,0.0041198504,2.3981e-06,-0.0001186351,0.0069129184,0.0001227144,0.0031862796,-3.309118,0.262214,2.023524,0.092006,-0.855869,-0.195463,-0.469922
1413393994.35581,2.591973,-0.478506,0.606271,0.153021,-0.75221,0.176798,0.616042,0.0004548739,-3.60908e-05,-8.26603e-05,3.3073e-06,6.5782e-06,1.54724e-05,0.0041894543,0.0002080078,-0.00012224,0.0070798499,0.0001221425,0.0032112796,-3.383067,0.418883,2.100633,0.165815,-0.75362,-0.156825,-0.616459
1413393994.40581,2.648883,-0.469301,0.620725,0.156225,-0.772553,0.172816,0.590669,0.0004416366,-3.78819e-05,-0.000110681,3.6894e-06,9.5208e-06,2.82032e-05,0.004171473,0.0002000118,-0.0001194236,0.0072299063,0.0001304669,0.0032021214,-3.435887,0.406282,2.112428,0.161678,-0.774037,-0.159616,-0.591039
1413393994.7058,2.926107,-0.382258,0.590781,0.173639,-0.879649,0.125514,0.424633,0.0002959035,-2.75759e-05,-0.000227138,3.0308e-06,2.12247e-05,0.0001750903,0.0041711868,0.0001178603,-0.0001114315,0.0079985918,0.000141365,0.0032113626,-3.729237,0.306457,2.075816,0.113723,-0.880993,-0.174957,-0.424673
1413393994.8058,2.967773,-0.364249,0.564167,0.179928,-0.885714,0.106426,0.4145,0.0002827515,-1.45257e-05,-0.00023144,1.2124e-06,1.19345e-05,0.0001902298,0.0041786809,9.71903e-05,-0.0001095691,0.0081597052,0.0001448996,0.0032178637,-3.778762,0.282847,2.044859,0.09459,-0.886882,-0.181251,-0.41431
1413393994.8558,2.973586,-0.360874,0.556021,0.183685,-0.877597,0.099653,0.431453,0.0002986213,-6.3073e-06,-0.0002281433,6.016e-07,4.8501e-06,0.0001750538,0.0041833512,9.36485e-05,-0.0001089396,0.0081851071,0.0001455304,0.0032207694,-3.78828,0.276904,2.034608,0.087826,-0.878686,-0.1853,-0.431154
1413393995.1058,2.928283,-0.387461,0.523178,0.168466,-0.817891,0.117343,0.537497,0.0004000252,-4.8529e-06,-0.0001715232,5.479e-07,2.1027e-06,7.41327e-05,0.00421766,0.0001424263,-0.0001019814,0.0080971377,0.0001531728,0.0032418686,-3.752113,0.298368,1.991475,0.105767,-0.818853,-0.171832,-0.5374
1413393995.1558,2.915809,-0.387502,0.508812,0.162705,-0.810734,0.128259,0.547529,0.0004095025,-1.32069e-05,-0.0001616219,9.157e-07,5.2379e-06,6.43615e-05,0.0042188602,0.0001514115,-9.98964e-05,0.0080696327,0.0001606471,0.0032453727,-3.737548,0.308562,1.979153,0.116676,-0.811769,-0.166363,-0.547504
1413393995.2558,2.895207,-0.40581,0.474811,0.153068,-0.802003,0.159713,0.554845,0.0004177976,-3.85103e-05,-0.0001481179,4.0485e-06,1.3685e-05,5.30632e-05,0.0042279209,0.0001671863,-9.05966e-05,0.0079577292,0.0001622464,0.0032532449,-3.706282,0.329872,1.948377,0.148335,-0.803338,-0.157253,-0.554917
1413393995.55579,2.812688,-0.415879,0.365194,0.207204,-0.782025,0.226525,0.542392,0.0004210383,-5.78242e-05,-0.0001380093,8.4602e-06,1.89863e-05,4.57914e-05,0.0042340399,0.0001717193,-8.3033e-05,0.0076523267,0.0001469205,0.0032511632,-3.592498,0.357451,1.852327,0.215721,-0.784051,-0.212618,-0.5418
1413393995.60579,2.790157,-0.425522,0.347467,0.22501,-0.775203,0.233607,0.542087,0.0004242567,-5.312e-05,-0.0001356168,7.1676e-06,1.7008e-05,4.39042e-05,0.0042277597,0.0001379357,-7.90438e-05,0.0076453437,0.0001383885,0.0032502458,-3.569106,0.354507,1.840237,0.223018,-0.777244,-0.230608,-0.541298
1413393995.65579,2.778698,-0.409775,0.337754,0.245021,-0.766774,0.240438,0.542414,0.0004278861,-4.63378e-05,-0.0001331001,5.5343e-06,1.44376e-05,4.19571e-05,0.0042273536,0.0001416954,-7.52424e-05,0.0075785847,0.0001347476,0.0032522476,-3.545096,0.349579,1.828991,0.229954,-0.768884,-0.250903,-0.541315
1413393995.90579,2.659067,-0.367644,0.2815,0.347954,-0.707726,0.287193,0.543666,0.0004461278,-1.2952e-05,-0.0001117211,9.038e-07,3.257e-06,2.8515e-05,0.0041792641,6.19626e-05,-9.59086e-05,0.0073205372,0.0001405137,0.003224294,-3.429388,0.300963,1.785571,0.276957,-0.710233,-0.354032,-0.541819
1413393995.95579,2.641266,-0.351853,0.273181,0.365519,-0.695705,0.299468,0.541026,0.0004482336,-9.7578e-06,-0.0001082016,7.462e-07,2.367e-06,2.6659e-05,0.0041823448,6.06786e-05,-9.43799e-05,0.0072338336,0.0001412775,0.0032265911,-3.409346,0.286281,1.777952,0.28929,-0.698334,-0.371651,-0.539033
1413393996.00579,2.620649,-0.337092,0.263429,0.381181,-0.684647,0.311451,0.537548,0.0004499705,-7.6796e-06,-0.0001050656,6.676e-07,1.8023e-06,2.50701e-05,0.0041787226,3.42674e-05,-9.82964e-05,0.0071876165,0.0001359125,0.0032188728,-3.390579,0.269206,1.770062,0.301289,-0.687386,-0.387277,-0.535514
1413393996.10579,2.581573,-0.304638,0.253507,0.404499,-0.667707,0.331001,0.530081,0.0004517002,-5.9694e-06,-0.0001008216,6.136e-07,1.3433e-06,2.30379e-05,0.0041638977,-2.62997e-05,-0.0001024213,0.0070906554,0.0001357622,0.0032072778,-3.356621,0.227694,1.753816,0.321415,-0.670061,-0.411319,-0.527775
1413393996.45579,2.48325,-0.089382,0.175287,0.453763,-0.669855,0.344763,0.475955,0.0004292773,-1.34033e-05,-0.0001389882,9.742e-07,4.3597e-06,4.55824e-05,0.0041909554,-0.0002732784,-9.84598e-05,0.0068623914,0.000137005,0.0032106342,-3.255908,0.013643,1.680807,0.33494,-0.671959,-0.460337,-0.473689
1413393996.50579,2.465273,-0.058397,0.158658,0.458297,-0.672329,0.34077,0.470971,0.0004248127,-1.18786e-05,-0.0001450766,8.771e-07,4.0826e-06,5.01316e-05,0.0041980523,-0.0003077442,-9.71901e-05,0.0068101359,0.0001379616,0.0032109826,-3.241185,-0.021756,1.663469,0.331165,-0.674081,-0.465069,-0.46868
1413393996.60579,2.437556,0.023158,0.12468,0.466458,-0.677465,0.332221,0.461614,0.0004155528,-8.5522e-06,-0.0001563024,7.078e-07,3.2486e-06,5.93583e-05,0.0042114992,-0.0003836429,-9.91037e-05,0.0067287104,0.0001347545,0.0032082319,-3.211037,-0.091547,1.621825,0.322078,-0.679363,-0.47251,-0.459858
1413393996.9558,2.328643,0.220632,-0.008123,0.497444,-0.661935,0.331963,0.451877,0.0004097154,4.2632e-06,-0.0001632519,5.532e-07,-1.6538e-06,6.56131e-05,0.0042956811,-0.0006169751,-0.0001005467,0.0065145585,0.0001320716,0.0032087414,-3.105428,-0.289428,1.496977,0.322041,-0.663228,-0.504121,-0.449761
1413393997.0058,2.313315,0.237984,-0.022408,0.503378,-0.65755,0.333563,0.450527,0.0004094329,6.3913e-06,-0.000163469,5.998e-07,-2.5048e-06,6.5816e-05,0.0043012737,-0.0006242961,-0.0001000808,0.0064681824,0.0001313263,0.0032088849,-3.091436,-0.310761,1.484196,0.323919,-0.658699,-0.510206,-0.448204
1413393997.0558,2.29333,0.249362,-0.034651,0.508205,-0.654522,0.335475,0.44809,0.0004088351,7.0312e-06,-0.0001640233,5.919e-07,-2.7761e-06,6.63402e-05,0.0043058591,-0.0006407443,-0.0001012706,0.0064322658,0.0001305963,0.0032081881,-3.077747,-0.330453,1.472499,0.326212,-0.655351,-0.515251,-0.445667
1413393997.1058,2.279116,0.266099,-0.045551,0.51325,-0.651064,0.33647,0.446629,0.0004081927,8.8692e-06,-0.0001646208,6.596e-07,-3.532e-06,6.69213e-05,0.0043113072,-0.0006464398,-0.0001008629,0.0063906427,0.0001302354,0.003208641,-3.064413,-0.348316,1.461747,0.327274,-0.651816,-0.520361,-0.444133
1413393997.4058,2.208741,0.341468,-0.099037,0.521427,-0.630645,0.355801,0.451449,0.0004204354,9.6497e-06,-0.0001513388,6.865e-07,-3.4209e-06,5.49743e-05,0.0043632635,-0.000710706,-9.78444e-05,0.0062555934,0.0001278093,0.0032125243,-2.995667,-0.423879,1.409231,0.346667,-0.631332,-0.528951,-0.448836
1413393997.45581,2.200136,0.343088,-0.116136,0.521797,-0.629119,0.357043,0.45217,0.0004210243,9.9487e-06,-0.000150004,6.451e-07,-3.5129e-06,5.39005e-05,0.0043569076,-0.0007160539,-0.0001012864,0.0062184559,0.0001272033,0.0032090946,-2.986208,-0.433283,1.392735,0.348315,-0.629425,-0.529726,-0.449323
1413393997.50581,2.19287,0.351371,-0.136574,0.522217,-0.628,0.358442,0.452133,0.0004214945,9.7351e-06,-0.0001492973,6.234e-07,-3.4194e-06,5.33254e-05,0.0043561981,-0.0007136766,-0.000101814,0.0061986236,0.000127646,0.0032082934,-2.977219,-0.442445,1.372575,0.349725,-0.628292,-0.530204,-0.44925
1413393997.85581,2.161384,0.406218,-0.263821,0.521778,-0.625861,0.360055,0.454319,0.0004232547,1.04256e-05,-0.0001468585,6.317e-07,-3.6136e-06,5.13819e-05,0.0043903092,-0.0007585433,-0.0001037128,0.00611482,0.0001316973,0.0032089008,-2.940716,-0.502186,1.245914,0.351477,-0.625524,-0.530706,-0.451149
1413393997.90581,2.162017,0.41351,-0.273705,0.521983,-0.626912,0.358355,0.453979,0.0004221968,1.09478e-05,-0.0001478419,6.538e-07,-3.8294e-06,5.21856e-05,0.0043909738,-0.0007622659,-0.0001038513,0.0061251838,0.0001310084,0.0032085724,-2.939428,-0.509809,1.23388,0.349919,-0.626392,-0.531059,-0.450741
1413393998.2058,2.169943,0.446609,-0.332022,0.520349,-0.631162,0.350768,0.455887,0.000418412,1.37699e-05,-0.0001503697,8.166e-07,-4.9526e-06,5.445e-05,0.0044037392,-0.0007940904,-0.0001064312,0.0061403223,0.0001298505,0.0032067241,-2.952684,-0.543914,1.179653,0.34146,-0.631462,-0.528457,-0.453204
1413393998.2558,2.176322,0.449165,-0.338823,0.518778,-0.63228,0.349719,0.456934,0.0004183317,1.41854e-05,-0.0001499767,8.437e-07,-5.0914e-06,5.41752e-05,0.0044039842,-0.0007963189,-0.0001066188,0.0061437876,0.0001297313,0.0032066205,-2.958439,-0.547659,1.173006,0.340474,-0.632458,-0.527008,-0.454243
1413393999.1558,2.293782,0.431166,-0.400309,0.505528,-0.63766,0.353206,0.461604,0.0004226617,7.3462e-06,-0.0001446793,5.51e-07,-2.5219e-06,4.9975e-05,0.0043987547,-0.0008125312,-0.0001096457,0.0064064375,0.0001269951,0.0032153275,-3.086942,-0.530276,1.116295,0.34287,-0.638139,-0.513891,-0.4595
1413393999.2058,2.29811,0.434196,-0.409569,0.508916,-0.638159,0.348195,0.460996,0.0004192766,1.1138e-05,-0.0001476839,7.09e-07,-3.9352e-06,5.24597e-05,0.0043948037,-0.0008140318,-0.0001088111,0.0063915064,0.0001289631,0.0032097137,-3.089422,-0.529366,1.108838,0.337672,-0.638682,-0.517196,-0.458884
1413393999.6558,2.330481,0.40093,-0.482736,0.488261,-0.66076,0.373238,0.430919,0.0004117331,-3.17516e-05,-0.0001540036,2.896e-06,1.18784e-05,5.80806e-05,0.004383745,-0.0007960528,-0.000109987,0.0064768458,0.0001286888,0.0032125814,-3.121407,-0.485021,1.041269,0.36219,-0.661874,-0.496452,-0.429277
1413393999.7058,2.326851,0.395431,-0.489178,0.486365,-0.660768,0.376106,0.430556,0.0004123173,-3.43193e-05,-0.0001524899,3.3044e-06,1.26941e-05,5.68716e-05,0.0043771469,-0.000785482,-0.0001096481,0.0064643464,0.0001290395,0.0032119735,-3.120701,-0.476849,1.035068,0.364854,-0.662101,-0.494337,-0.429111
1413394000.2058,2.294981,0.355911,-0.546219,0.496116,-0.632522,0.358204,0.474843,0.0004318022,8.2545e-06,-0.0001318161,6.478e-07,-2.5343e-06,4.07413e-05,0.0043754941,-0.0007396291,-0.00011244,0.0064067194,0.0001279903,0.0032212928,-3.086766,-0.429707,0.980314,0.347073,-0.633422,-0.504573,-0.473006
1413394000.2558,2.297636,0.359153,-0.550216,0.500132,-0.629857,0.349426,0.480677,0.0004308795,1.84343e-05,-0.0001322631,1.2844e-06,-5.6764e-06,4.11066e-05,0.0043800137,-0.0007432931,-0.0001128225,0.0064145388,0.000127828,0.0032229377,-3.089235,-0.432171,0.976464,0.338301,-0.630616,-0.508593,-0.478768
1413394000.6558,2.293274,0.371206,-0.56958,0.484693,-0.641993,0.361455,0.471453,0.0004320333,-3.0682e-06,-0.0001327238,5.556e-07,9.319e-07,4.13204e-05,0.0044225065,-0.0007579874,-0.0001164561,0.0064415278,0.0001258328,0.0032429027,-3.083632,-0.438132,0.958113,0.350208,-0.643014,-0.49322,-0.469706
1413394000.7058,2.293609,0.371526,-0.569118,0.483004,-0.64372,0.36363,0.469154,0.0004316919,-6.6147e-06,-0.00013321,6.403e-07,2.0317e-06,4.16577e-05,0.0044287252,-0.0007587146,-0.000116989,0.0064487447,0.000125501,0.003246499,-3.083863,-0.43774,0.958564,0.352367,-0.644784,-0.491531,-0.467429
1413394000.8058,2.293794,0.373144,-0.569216,0.482552,-0.643095,0.36426,0.469986,0.0004325104,-6.6097e-06,-0.0001322347,6.501e-07,2.0113e-06,4.09909e-05,0.0044431325,-0.0007609777,-0.0001181153,0.0064637627,0.0001247727,0.0032546328,-3.08385,-0.438009,0.958375,0.353017,-0.644165,-0.4911,-0.468243
1413394001.0058,2.293797,0.375949,-0.568661,0.482793,-0.64318,0.363992,0.46983,0.0004325856,-6.4473e-06,-0.000132593,6.659e-07,1.9663e-06,4.12246e-05,0.0044780095,-0.0007645026,-0.0001206145,0.0065005082,0.0001230367,0.0032752451,-3.083649,-0.438145,0.958284,0.352776,-0.644251,-0.491334,-0.468061
1413394001.0558,2.29353,0.376625,-0.56837,0.483205,-0.643009,0.363409,0.470093,0.0004325718,-5.7617e-06,-0.0001327604,6.518e-07,1.7581e-06,4.13341e-05,0.0044882253,-0.0007651711,-0.0001212939,0.0065109026,0.0001225383,0.0032814382,-3.083386,-0.438129,0.95832,0.352197,-0.644075,-0.491741,-0.468311
1413394001.1058,2.293737,0.377264,-0.568258,0.48293,-0.643465,0.363774,0.469468,0.0004324368,-6.5121e-06,-0.0001330398,6.784e-07,1.9935e-06,4.15242e-05,0.0044990938,-0.0007659032,-0.0001219967,0.0065231118,0.0001220158,0.0032880991,-3.083611,-0.438067,0.958131,0.35256,-0.644547,-0.491457,-0.467686
1413394001.1558,2.293589,0.378126,-0.567834,0.483103,-0.642977,0.363607,0.470088,0.0004327756,-5.9119e-06,-0.0001326846,6.664e-07,1.8023e-06,4.12792e-05,0.0045108193,-0.0007667156,-0.0001227241,0.0065353952,0.0001214624,0.0032952532,-3.083504,-0.438205,0.958224,0.352401,-0.64406,-0.491631,-0.468294
1413394001.2058,2.293575,0.378869,-0.567545,0.482772,-0.643376,0.363899,0.469656,0.0004327156,-6.5415e-06,-0.0001328594,6.899e-07,1.9985e-06,4.13977e-05,0.0045232252,-0.000767393,-0.0001234754,0.0065488533,0.0001208815,0.0033029277,-3.08355,-0.438213,0.958146,0.35269,-0.644474,-0.491291,-0.467864
1413394001.2558,2.302947,0.353132,-0.571489,0.482387,-0.643816,0.363039,0.470113,0.0004317594,-6.2016e-06,-0.0001327394,6.474e-07,1.8749e-06,4.13877e-05,0.00446123,-0.000686931,-9.93529e-05,0.0064194738,0.0001321562,0.0032164053,-3.083617,-0.438114,0.958137,0.352419,-0.644293,-0.491644,-0.467946
1413394001.3058,2.302713,0.35304,-0.57126,0.482128,-0.643936,0.363337,0.469984,0.0004316008,-6.5216e-06,-0.0001327214,6.355e-07,1.9883e-06,4.13888e-05,0.0044062615,-0.0006858371,-9.16358e-05,0.0064243794,0.0001371516,0.0032155177,-3.083613,-0.438099,0.958175,0.35271,-0.644428,-0.491377,-0.467821
1413394001.4058,2.287881,0.34935,-0.575834,0.482914,-0.643187,0.363922,0.469749,0.0004315057,-6.5477e-06,-0.0001326621,6.266e-07,2.0133e-06,4.13369e-05,0.0043448947,-0.0007249786,-0.0001068857,0.0063967274,0.0001275762,0.0032092816,-3.083626,-0.438015,0.958145,0.352761,-0.644407,-0.49141,-0.467777
1413394001.4558,2.287594,0.349614,-0.575593,0.483044,-0.643127,0.363716,0.469858,0.0004316421,-6.1615e-06,-0.0001325539,6.167e-07,1.8928e-06,4.12582e-05,0.0043427686,-0.0007168455,-0.0001070194,0.0063647854,0.0001276906,0.0032087808,-3.083502,-0.437997,0.958042,0.352531,-0.644385,-0.491492,-0.467895
1413394001.5558,2.290131,0.348029,-0.574578,0.482649,-0.643554,0.363413,0.469915,0.0004310006,-6.2635e-06,-0.0001324292,6.181e-07,1.9251e-06,4.12468e-05,0.0043389864,-0.0007136783,-0.0001069903,0.0063611906,0.0001277446,0.0032084684,-3.083493,-0.437904,0.957932,0.352556,-0.644502,-0.491429,-0.46778
1413394001.6058,2.29043,0.347938,-0.574248,0.482503,-0.643662,0.363532,0.469823,0.0004308654,-6.4553e-06,-0.0001324478,6.254e-07,1.9847e-06,4.12741e-05,0.0043371637,-0.0007118393,-0.0001069423,0.006365813,0.0001277445,0.0032084309,-3.083504,-0.437944,0.957913,0.352704,-0.644586,-0.491299,-0.467691
1413394001.8558,2.29146,0.347591,-0.574177,0.48246,-0.643796,0.363646,0.469596,0.0004307779,-6.6745e-06,-0.0001324834,6.462e-07,2.0529e-06,4.13214e-05,0.0043359072,-0.0007112008,-0.0001068444,0.0063653802,0.0001277028,0.0032083955,-3.08369,-0.438561,0.957819,0.352849,-0.644643,-0.491366,-0.467431
1413394001.9058,2.291895,0.346957,-0.573989,0.482357,-0.643907,0.36364,0.469555,0.000430446,-6.7786e-06,-0.0001324981,6.496e-07,2.0868e-06,4.13645e-05,0.0043333858,-0.0007082903,-0.0001067839,0.0063653911,0.0001276671,0.0032083097,-3.083732,-0.438742,0.957772,0.352879,-0.644706,-0.491334,-0.467355
1413394002.0558,2.291997,0.345673,-0.573804,0.482153,-0.644053,0.363564,0.469622,0.000430227,-6.8424e-06,-0.0001324494,6.594e-07,2.1061e-06,4.1366e-05,0.0043306155,-0.0007047815,-0.00010671,0.0063636496,0.0001276182,0.0032082355,-3.083652,-0.438808,0.957523,0.352774,-0.644847,-0.491235,-0.467344
1413394002.1558,2.29163,0.345137,-0.573427,0.482092,-0.644125,0.363608,0.469552,0.000429982,-6.936e-06,-0.0001323837,6.663e-07,2.1336e-06,4.13563e-05,0.0043285255,-0.0007021346,-0.0001066257,0.0063621279,0.0001275629,0.0032081721,-3.083556,-0.439101,0.957517,0.352766,-0.644938,-0.491206,-0.467255
1413394002.3058,2.290344,0.344779,-0.572773,0.482187,-0.644073,0.363739,0.469424,0.0004298653,-7.0292e-06,-0.0001323351,6.78e-07,2.1613e-06,4.13498e-05,0.0043271328,-0.0006994806,-0.000106536,0.0063588019,0.0001274954,0.0032081416,-3.083391,-0.439397,0.957525,0.352766,-0.644988,-0.491237,-0.467154
1413394002.3558,2.290196,0.344842,-0.572873,0.48213,-0.644077,0.363811,0.469422,0.0004296771,-7.0992e-06,-0.0001322619,6.789e-07,2.1817e-06,4.13242e-05,0.0043263546,-0.000698468,-0.0001064454,0.0063559622,0.0001274352,0.0032080792,-3.083385,-0.439409,0.957507,0.352792,-0.645036,-0.491176,-0.467132
1413394002.4058,2.290362,0.344601,-0.57283,0.482135,-0.644068,0.36378,0.469454,0.0004295188,-7.0628e-06,-0.0001321994,6.77e-07,2.1699e-06,4.13029e-05,0.004325493,-0.0006974316,-0.0001063495,0.006354468,0.000127367,0.0032080301,-3.08342,-0.439282,0.957468,0.352755,-0.645033,-0.491219,-0.467119
1413394002.4558,2.290874,0.344096,-0.572766,0.482062,-0.644133,0.363758,0.469456,0.0004293455,-7.0982e-06,-0.0001321642,6.778e-07,2.1808e-06,4.13e-05,0.0043244225,-0.0006961852,-0.0001062539,0.0063536785,0.0001272994,0.0032079847,-3.083492,-0.438971,0.957423,0.352761,-0.645072,-0.491232,-0.467047
1413394002.5058,2.291651,0.343423,-0.572568,0.481958,-0.644224,0.363655,0.469518,0.0004291479,-7.0783e-06,-0.0001321071,6.763e-07,2.1746e-06,4.12856e-05,0.0043230231,-0.0006946498,-0.0001061551,0.0063535148,0.0001272301,0.0032079361,-3.083621,-0.438462,0.957407,0.352731,-0.645094,-0.491247,-0.467023
1413394002.6058,2.2928,0.342425,-0.572438,0.481769,-0.644358,0.363569,0.469595,0.0004289545,-7.1218e-06,-0.0001320761,6.812e-07,2.1882e-06,4.12905e-05,0.004321242,-0.0006925284,-0.0001060174,0.0063533661,0.0001271388,0.0032078925,-3.084124,-0.43648,0.95752,0.352711,-0.645165,-0.491228,-0.46696
1413394002.6558,2.293302,0.342372,-0.571095,0.481725,-0.644417,0.363447,0.469653,0.0004285982,-7.0293e-06,-0.000131994,6.771e-07,2.16e-06,4.12754e-05,0.0043185698,-0.0006901663,-0.0001058673,0.0063545973,0.0001270181,0.0032077852,-3.084528,-0.434876,0.95763,0.352634,-0.645187,-0.491272,-0.466941
