timestamp,p_x,p_y,p_z,q_x,q_y,q_z,q_w,Pr11,Pr12,Pr13,Pr22,Pr23,Pr33,Pt11,Pt12,Pt13,Pt22,Pt23,Pt33,gt_p_x,gt_p_y,gt_p_z,gt_q_w,gt_q_x,gt_q_y,gt_q_z
1413393217.15576,-0.045972,-0.0096,0.051683,0.800601,-0.002651,0.598899,0.018751,0.0009152617,-1.05e-08,6.58e-08,0.000915184,-9.9e-09,0.0009152254,0.0214101048,-1.065e-07,0.0001446188,0.0214110991,2.03021e-05,0.0027987566,-1.059458,0.490902,1.399091,0.597342,-0.00726,-0.801873,-0.011386
1413393217.20604,-0.02808,0.003426,0.070327,0.802464,-0.003436,0.596406,0.018422,0.0003969614,1.42881e-05,-9.76445e-05,3.63546e-05,-1.477e-06,4.82975e-05,0.0025905793,4.9208e-06,-8.48114e-05,0.0025760551,1.68756e-05,0.0027021485,-1.054326,0.487647,1.412909,0.596619,-0.007596,-0.802405,-0.011627
1413393217.30584,-0.036729,0.012478,0.087334,0.802831,-0.003412,0.595827,0.020989,0.0003912336,1.92655e-05,-0.0001018319,2.07948e-05,-1.113e-07,4.69678e-05,0.0025572359,1.0991e-05,-3.22697e-05,0.0025797115,2.18428e-05,0.0026386178,-1.043301,0.47935,1.436623,0.596269,-0.007153,-0.802627,-0.014199
1413393217.35581,-0.042135,0.018559,0.095045,0.803635,-0.003696,0.594747,0.020819,0.0003857361,1.79146e-05,-0.0001056393,1.66044e-05,-1.4851e-06,4.49621e-05,0.0025526092,9.3877e-06,-2.67894e-05,0.002577693,2.551e-05,0.0026283183,-1.037073,0.474074,1.446123,0.595467,-0.007107,-0.803227,-0.013981
1413393217.45566,-0.057054,0.033926,0.112343,0.805462,-0.004349,0.592217,0.022158,0.0003793744,1.56839e-05,-0.0001105141,1.21779e-05,-3.2442e-06,4.31395e-05,0.0025484545,1.23082e-05,-1.85791e-05,0.0025762661,1.90077e-05,0.0026025184,-1.022635,0.461513,1.462228,0.593595,-0.007268,-0.804593,-0.014901
1413393217.50583,-0.065383,0.042247,0.118444,0.805672,-0.004141,0.591935,0.022107,0.0003769159,1.54544e-05,-0.0001121891,1.04721e-05,-3.843e-06,4.2778e-05,0.002546558,1.31487e-05,-1.49143e-05,0.0025754891,1.79033e-05,0.0025910219,-1.014746,0.453847,1.46906,0.593357,-0.006786,-0.804769,-0.015139
1413393217.75597,-0.118665,0.105798,0.160261,0.806161,-0.004462,0.591185,0.024169,0.0003746483,1.35948e-05,-0.0001135125,7.9879e-06,-4.0876e-06,4.08583e-05,0.002548105,2.38916e-05,-9.7746e-06,0.0025862072,9.8452e-06,0.0025713284,-0.968197,0.402879,1.497798,0.593761,-0.006616,-0.804459,-0.015783
1413393217.8063,-0.130395,0.118706,0.168112,0.806286,-0.004475,0.591035,0.023674,0.0003729811,1.41991e-05,-0.0001145549,7.3114e-06,-4.3836e-06,4.15486e-05,0.0025503608,2.62959e-05,-9.2681e-06,0.0025851085,7.5895e-06,0.0025618836,-0.957922,0.389956,1.507634,0.59356,-0.006775,-0.804613,-0.015434
1413393217.85639,-0.1434,0.130405,0.179033,0.80636,-0.005534,0.590969,0.022548,0.0003722006,1.3318e-05,-0.000114365,6.7587e-06,-4.0858e-06,4.12412e-05,0.002550418,2.70342e-05,-8.0661e-06,0.0025836057,8.8474e-06,0.0025558811,-0.947267,0.37623,1.519075,0.59363,-0.007685,-0.804568,-0.014694
1413393217.95657,-0.166701,0.1589,0.209659,0.805546,-0.005575,0.592129,0.021135,0.000373222,1.24142e-05,-0.0001138098,6.8578e-06,-3.8577e-06,4.09038e-05,0.0025567973,3.30468e-05,-8.2949e-06,0.0025962769,1.08388e-05,0.0025562344,-0.92551,0.346539,1.546787,0.594655,-0.007967,-0.803821,-0.013901
1413393218.00703,-0.178065,0.173047,0.223176,0.805907,-0.006403,0.591664,0.020183,0.0003723034,1.07984e-05,-0.0001139618,6.1834e-06,-3.3146e-06,4.06548e-05,0.0025581998,3.33864e-05,-8.3276e-06,0.0025947626,1.17687e-05,0.0025528509,-0.914102,0.33091,1.560936,0.594382,-0.008933,-0.804031,-0.012828
1413393218.15737,-0.21342,0.221679,0.256982,0.806097,-0.014539,0.591539,0.008801,0.0003719404,-3.91e-08,-0.0001143778,5.6268e-06,1.74e-08,4.07372e-05,0.0025696235,3.95314e-05,-1.06314e-05,0.0026065297,1.48949e-05,0.002552924,-0.878406,0.281335,1.591823,0.594531,-0.017112,-0.803891,-0.001404
1413393218.20746,-0.224268,0.2386,0.266332,0.806006,-0.017965,0.591628,0.002744,0.0003707609,-5.5172e-06,-0.0001143326,5.4636e-06,1.6683e-06,4.06888e-05,0.0025716244,3.83065e-05,-1.27287e-05,0.0026021361,1.38344e-05,0.0025510296,-0.86596,0.264452,1.597916,0.594856,-0.020651,-0.803556,0.004644
1413393218.25827,-0.236237,0.263083,0.276122,-0.806517,0.022606,-0.590773,0.002602,0.0003673655,-1.1703e-05,-0.0001145829,5.3159e-06,3.5989e-06,4.09737e-05,0.0025671164,3.42375e-05,-1.26731e-05,0.0025848605,9.6265e-06,0.0025433194,-0.851555,0.246721,1.601665,0.593864,-0.025996,-0.80407,0.011203
1413393218.40878,-0.275221,0.312581,0.274447,-0.806949,0.023411,-0.590154,0.001643,0.0003668441,-1.14167e-05,-0.0001152873,5.271e-06,3.5558e-06,4.14668e-05,0.002582009,4.37506e-05,-1.30131e-05,0.0025977947,1.1142e-05,0.0025438585,-0.811114,0.204294,1.600137,0.593205,-0.026092,-0.804564,0.010317
1413393218.50793,-0.30548,0.342451,0.26916,0.80654,-0.016643,0.590871,0.009348,0.0003675728,-1.4706e-06,-0.0001143292,4.7752e-06,3.999e-07,4.06607e-05,0.002590262,5.10436e-05,-1.38367e-05,0.0026002335,9.2321e-06,0.0025427175,-0.784021,0.181791,1.593148,0.59415,-0.019443,-0.804121,0.000498
1413393218.55788,-0.320406,0.354963,0.267584,0.806452,-0.014093,0.590946,0.014813,0.0003673696,3.0465e-06,-0.0001141325,4.705e-06,-1.0201e-06,4.04961e-05,0.0025943314,5.40968e-05,-1.47338e-05,0.0026018269,8.8752e-06,0.0025420996,-0.769329,0.170615,1.589263,0.594564,-0.016624,-0.803862,-0.005057
1413393219.3078,-0.513309,0.554074,0.276655,0.824376,-0.019631,0.565687,0.004196,0.0003527026,-4.9842e-06,-0.0001338587,4.6845e-06,1.8963e-06,5.60545e-05,0.0027001894,0.0001206034,-2.47549e-05,0.0026904413,1.16324e-05,0.0025517155,-0.577112,-0.009487,1.598812,0.570055,-0.020625,-0.82133,0.005404
1413393219.40777,-0.511534,0.559113,0.282171,0.823809,-0.0198,0.56652,0.001359,0.0003527738,-6.9982e-06,-0.000133307,4.6555e-06,2.6742e-06,5.55776e-05,0.0026972105,0.0001243137,-2.44489e-05,0.0026853499,8.9764e-06,0.0025501755,-0.569627,-0.027059,1.610659,0.570968,-0.020335,-0.820684,0.007746
1413393219.95767,-0.496842,0.628606,0.366662,0.809502,-0.010414,0.586945,0.009653,0.0003654514,8.462e-07,-0.0001182222,4.4492e-06,-2.166e-07,4.32796e-05,0.0027095015,0.0001315652,-2.53363e-05,0.0026628219,3.7384e-06,0.0025556283,-0.591506,-0.084062,1.688207,0.59125,-0.011333,-0.806409,-0.000407
1413393220.00764,-0.496628,0.634107,0.380787,0.808618,-0.009767,0.58816,0.01045,0.0003649182,1.9594e-06,-0.0001166754,4.3771e-06,-5.439e-07,4.22617e-05,0.0027074253,0.0001287787,-2.12897e-05,0.0026514997,1.07601e-05,0.0025510301,-0.594705,-0.087373,1.703589,0.592345,-0.010897,-0.80561,-0.000999
1413393220.35726,-0.485664,0.66258,0.465097,0.805558,-0.008017,0.592279,0.014774,0.0003674746,5.1733e-06,-0.0001130271,4.4832e-06,-1.5059e-06,3.9714e-05,0.0027244161,0.0001367179,-2.04862e-05,0.0026538759,9.4364e-06,0.0025534556,-0.605353,-0.11473,1.783725,0.596821,-0.009349,-0.802305,-0.004997
1413393220.45735,-0.48675,0.672923,0.492815,0.806169,-0.008014,0.591439,0.015068,0.0003668842,5.6895e-06,-0.00011365,4.4899e-06,-1.6754e-06,4.0131e-05,0.0027290846,0.0001373042,-2.05486e-05,0.0026515548,1.02053e-05,0.0025538633,-0.604956,-0.124753,1.807589,0.596112,-0.009727,-0.802825,-0.005381
1413393220.85739,-0.499021,0.720971,0.529109,0.811552,-0.018056,0.583993,0.003175,0.0003625135,-5.8801e-06,-0.0001197662,4.5323e-06,2.0752e-06,4.45672e-05,0.0027590906,0.0001514106,-1.88446e-05,0.0026590536,1.0925e-05,0.0025529196,-0.592441,-0.171816,1.843085,0.588791,-0.019694,-0.808021,0.006396
1413393220.90725,-0.501629,0.724622,0.533345,0.812374,-0.019145,0.582822,0.000468,0.0003615628,-7.9791e-06,-0.000120633,4.5986e-06,2.7982e-06,4.52393e-05,0.0027580798,0.0001514398,-1.85635e-05,0.0026583437,1.10878e-05,0.0025517084,-0.590245,-0.17681,1.846334,0.587755,-0.021146,-0.808716,0.008739
1413393221.20773,-0.506153,0.739874,0.599895,0.815452,-0.020712,0.578428,0.005413,0.000358865,-5.5643e-06,-0.0001241631,4.5352e-06,2.0477e-06,4.80077e-05,0.0027681536,0.0001561238,-1.86941e-05,0.0026616726,1.21495e-05,0.0025547565,-0.580461,-0.190746,1.915161,0.583253,-0.022666,-0.811965,0.004032
1413393221.25782,-0.506232,0.738822,0.615168,0.816322,-0.020487,0.577204,0.005942,0.0003580193,-5.1013e-06,-0.0001249587,4.5094e-06,1.8985e-06,4.8657e-05,0.0027662488,0.0001554549,-1.8626e-05,0.0026603025,1.26881e-05,0.0025548928,-0.579656,-0.190903,1.92959,0.582012,-0.022574,-0.812859,0.003612
1413393221.50788,-0.494333,0.730567,0.682112,0.820644,-0.016239,0.571026,0.014444,0.0003541715,2.1106e-06,-0.0001295102,4.4717e-06,-6.909e-07,5.24714e-05,0.0027625855,0.0001509002,-1.82711e-05,0.0026546092,1.35843e-05,0.0025590322,-0.584439,-0.184181,2.001162,0.575845,-0.018387,-0.817337,-0.005101
1413393221.55791,-0.493529,0.726777,0.692986,0.821111,-0.014079,0.570338,0.017089,0.0003535131,4.6604e-06,-0.0001298248,4.51e-06,-1.6461e-06,5.27822e-05,0.0027565885,0.0001478176,-1.7623e-05,0.0026514224,1.41841e-05,0.0025590946,-0.587494,-0.182445,2.010918,0.575054,-0.016361,-0.817914,-0.007946
1413393221.65779,-0.487266,0.719335,0.708367,0.820408,-0.01096,0.571335,0.019674,0.0003536702,7.5442e-06,-0.0001289898,4.5975e-06,-2.7052e-06,5.21291e-05,0.0027504334,0.0001420596,-1.63681e-05,0.002644273,1.46255e-05,0.00255877,-0.596782,-0.179561,2.026257,0.575745,-0.013756,-0.817441,-0.010922
1413393221.75774,-0.475683,0.714993,0.723171,0.815554,-0.010013,0.578268,0.019411,0.0003578528,7.6778e-06,-0.000123749,4.5977e-06,-2.6077e-06,4.78108e-05,0.0027460588,0.0001379579,-1.58403e-05,0.0026392192,1.39243e-05,0.0025581047,-0.608682,-0.178043,2.04226,0.582563,-0.013054,-0.81261,-0.010774
1413393222.5583,-0.378267,0.720289,0.657965,0.821604,-0.004733,0.569987,0.007751,0.0003520706,3.2674e-06,-0.0001310085,4.5124e-06,-1.1702e-06,5.3903e-05,0.0027596366,0.0001075944,-1.04178e-05,0.0025991733,9.9865e-06,0.0025534239,-0.701053,-0.200915,1.995214,0.573095,-0.007494,-0.819455,0.000117
1413393222.65829,-0.366047,0.721597,0.643265,0.823171,-0.004922,0.567739,0.00614,0.0003511321,1.8406e-06,-0.0001318779,4.4697e-06,-6.387e-07,5.46792e-05,0.0027466801,0.0001083707,-1.04646e-05,0.0025980199,8.6824e-06,0.0025480858,-0.717405,-0.206039,1.987875,0.570538,-0.007588,-0.821234,0.001811
1413393223.10805,-0.238978,0.746081,0.716396,0.824702,0.001061,0.565566,7.2e-05,0.0003497412,9.066e-07,-0.000133388,4.4628e-06,-2.875e-07,5.60287e-05,0.0027586748,7.52261e-05,-8.0488e-06,0.0025656447,7.7252e-06,0.0025472504,-0.85147,-0.227665,2.053775,0.567906,-0.00135,-0.823061,0.007321
1413393223.15804,-0.216923,0.748409,0.729368,0.823872,0.002637,0.566769,0.001255,0.0003505981,1.9875e-06,-0.0001323225,4.4615e-06,-6.964e-07,5.50639e-05,0.0027590117,7.03897e-05,-7.4874e-06,0.0025612543,7.8118e-06,0.0025470042,-0.872703,-0.229632,2.065905,0.569326,0.000255,-0.822089,0.00618
1413393223.20799,-0.19393,0.751006,0.742218,0.822603,0.004873,0.568589,0.002668,0.000351661,3.8019e-06,-0.0001310064,4.4859e-06,-1.3701e-06,5.3897e-05,0.0027597316,6.36068e-05,-6.9203e-06,0.0025564518,7.8156e-06,0.0025467803,-0.894914,-0.231729,2.077923,0.571055,0.002577,-0.820896,0.004706
1413393223.60775,0.000353,0.775198,0.73621,0.811925,0.00812,0.58366,0.007293,0.0003610144,8.0209e-06,-0.0001194725,4.6537e-06,-2.6162e-06,4.45295e-05,0.0027786823,7.5508e-06,-5.1198e-06,0.0025424466,7.4941e-06,0.0025474644,-1.095949,-0.258442,2.067622,0.586553,0.005937,-0.809889,0.000325
1413393223.75766,0.081818,0.79165,0.684174,0.809486,0.004998,0.587006,0.011477,0.000362925,9.0692e-06,-0.000116778,4.6733e-06,-2.8931e-06,4.2523e-05,0.002784579,-1.61592e-05,-4.224e-06,0.0025435788,7.8701e-06,0.0025440379,-1.172138,-0.273428,2.012157,0.589989,0.002753,-0.8074,-0.003293
1413393224.10776,0.25163,0.847979,0.655629,0.809017,-0.005037,0.587464,0.018751,0.0003632733,8.9708e-06,-0.0001163381,4.6872e-06,-2.8568e-06,4.22022e-05,0.002820509,-7.35149e-05,-1.9231e-06,0.0025664749,8.9583e-06,0.002542148,-1.340806,-0.327978,1.9833,0.590504,-0.007134,-0.806939,-0.010244
1413393224.30781,0.343975,0.889936,0.630783,0.806496,-0.00722,0.590786,0.021999,0.000365107,1.02725e-05,-0.0001136769,4.7659e-06,-3.1916e-06,4.03046e-05,0.0028528253,-0.0001104119,-6.305e-07,0.0025897095,9.3573e-06,0.0025412628,-1.42901,-0.370633,1.95724,0.593777,-0.009263,-0.804466,-0.013321
1413393224.35781,0.366974,0.902175,0.618153,0.80611,-0.007453,0.59128,0.022759,0.0003653114,1.06171e-05,-0.0001133348,4.7839e-06,-3.2913e-06,4.00556e-05,0.002860472,-0.0001216442,-1.969e-07,0.0025973844,9.5257e-06,0.0025407025,-1.450107,-0.382407,1.943524,0.594238,-0.009389,-0.804113,-0.013949
1413393224.7578,0.523728,0.995705,0.453165,0.804285,-0.059285,0.590455,0.031196,0.0003653891,-7.3563e-06,-0.0001136035,4.6334e-06,2.3495e-06,4.02356e-05,0.0029330787,-0.0001916065,1.9015e-06,0.0026557456,1.00922e-05,0.0025365471,-1.604834,-0.478447,1.775581,0.593056,-0.060847,-0.802556,-0.022126
1413393224.90785,0.567988,1.023514,0.401699,0.805539,-0.081664,0.585415,0.041556,0.0003627291,-1.04858e-05,-0.0001170914,4.7525e-06,3.4531e-06,4.27191e-05,0.0029583034,-0.0002154932,2.8338e-06,0.002677138,1.02627e-05,0.0025344028,-1.647967,-0.508423,1.72015,0.587982,-0.082987,-0.803943,-0.032696
1413393224.95785,0.582429,1.032246,0.388684,0.806226,-0.087425,0.58339,0.044874,0.0003616527,-1.09832e-05,-0.0001184971,4.7563e-06,3.662e-06,4.37394e-05,0.0029640242,-0.0002240901,3.1885e-06,0.0026854386,1.03766e-05,0.0025334819,-1.660741,-0.517224,1.706713,0.585901,-0.08863,-0.80472,-0.035952
1413393225.25791,0.656466,1.081346,0.371941,0.808684,-0.097849,0.576917,0.060184,0.0003592522,-5.8564e-06,-0.0001221149,4.3479e-06,2.0353e-06,4.64182e-05,0.003003845,-0.0002629724,4.1204e-06,0.0027260218,9.7617e-06,0.0025329788,-1.742058,-0.558182,1.677588,0.579614,-0.099096,-0.807208,-0.051419
1413393225.30796,0.674184,1.094511,0.370433,0.809514,-0.099696,0.575353,0.060965,0.0003582133,-5.9425e-06,-0.000123423,4.211e-06,2.1001e-06,4.73561e-05,0.003016766,-0.0002757262,3.8609e-06,0.0027331805,9.2319e-06,0.0025318017,-1.755868,-0.563287,1.674298,0.578544,-0.101114,-0.807661,-0.052417
1413393225.35798,0.690356,1.100186,0.370172,0.809243,-0.102778,0.574952,0.063193,0.0003579744,-5.8296e-06,-0.000123745,4.1322e-06,2.0709e-06,4.75574e-05,0.0030283625,-0.0002869386,3.819e-06,0.002742788,9.3045e-06,0.0025315061,-1.769728,-0.567559,1.672317,0.578407,-0.104027,-0.807234,-0.05475
1413393225.65793,0.792012,1.104049,0.381088,0.80167,-0.159493,0.570206,0.082176,0.0003554273,-1.85441e-05,-0.0001257775,4.5861e-06,6.6507e-06,4.89117e-05,0.0030388562,-0.0003242,4.7832e-06,0.0027941213,1.08027e-05,0.0025313674,-1.853736,-0.571912,1.676347,0.572557,-0.161171,-0.800475,-0.073835
1413393225.70792,0.807581,1.100157,0.384083,0.799046,-0.171215,0.569247,0.090383,0.0003555311,-1.88621e-05,-0.0001256308,4.4642e-06,6.7482e-06,4.8639e-05,0.0030324398,-0.0003373553,5.4963e-06,0.0028156894,1.1501e-05,0.0025310904,-1.866903,-0.567934,1.680092,0.571152,-0.173128,-0.798191,-0.081946
1413393225.7579,0.82226,1.094379,0.389158,0.796239,-0.181406,0.568253,0.100921,0.000356212,-1.68626e-05,-0.0001251036,4.1501e-06,5.9799e-06,4.80452e-05,0.0030283009,-0.0003422408,6.1294e-06,0.0028258361,1.19703e-05,0.0025309573,-1.879956,-0.562659,1.684775,0.569845,-0.183491,-0.795642,-0.092603
1413393225.8079,0.836011,1.087399,0.394875,0.792854,-0.191825,0.567339,0.112747,0.0003572817,-1.44683e-05,-0.0001240877,3.8451e-06,5.0728e-06,4.70853e-05,0.0030227932,-0.0003457134,6.6176e-06,0.0028358346,1.23359e-05,0.0025308421,-1.892572,-0.556127,1.689942,0.56869,-0.193906,-0.792542,-0.104315
1413393226.35785,0.9663,1.02684,0.3461,0.754875,-0.295631,0.549226,0.202774,0.0003616678,-6.4442e-06,-0.0001193035,2.6356e-06,2.0656e-06,4.2858e-05,0.0029817147,-0.0003702646,1.00167e-05,0.0029314686,1.48684e-05,0.002535113,-2.024219,-0.48771,1.641319,0.548434,-0.298266,-0.756348,-0.195445
1413393226.40782,0.977819,1.021651,0.348522,0.755138,-0.301943,0.54512,0.203572,0.0003599268,-7.9978e-06,-0.0001215309,2.534e-06,2.6292e-06,4.45081e-05,0.002988836,-0.0003826067,1.02681e-05,0.0029525411,1.47914e-05,0.0025351914,-2.036522,-0.483452,1.642665,0.544269,-0.304437,-0.756625,-0.196498
1413393226.45778,1.005914,1.007138,0.353132,0.755678,-0.309463,0.541109,0.200962,0.0003570871,-9.9504e-06,-0.0001251259,2.1842e-06,3.2995e-06,4.64793e-05,0.0029816982,-0.0003849918,8.0948e-06,0.0029574772,1.44585e-05,0.0025311537,-2.04888,-0.47902,1.642491,0.539783,-0.310628,-0.757475,-0.195906
1413393226.95771,1.155281,0.906058,0.292163,0.758249,-0.306275,0.529922,0.22458,0.0003567348,5.6964e-06,-0.000126074,1.7727e-06,-2.3506e-06,4.69715e-05,0.0029406445,-0.0004065347,7.3602e-06,0.0031123911,1.711e-05,0.0025405104,-2.19328,-0.396611,1.586372,0.529232,-0.307452,-0.759643,-0.21984
1413393227.00758,1.184711,0.906865,0.28911,0.759351,-0.304863,0.528829,0.225353,0.0003562027,7.1794e-06,-0.0001267221,1.4997e-06,-2.8064e-06,4.71229e-05,0.0029256805,-0.0004190926,2.1106e-06,0.0031294568,1.81835e-05,0.0025364092,-2.211062,-0.386878,1.582052,0.529163,-0.305804,-0.760137,-0.220594
1413393227.15757,1.24535,0.875922,0.27855,0.757176,-0.304929,0.533184,0.222302,0.0003576413,4.0152e-06,-0.0001251896,1.2886e-06,-1.6137e-06,4.56636e-05,0.0029170002,-0.0004376999,-5.855e-07,0.0032002508,1.95024e-05,0.0025369999,-2.268407,-0.359285,1.571882,0.533781,-0.305794,-0.757763,-0.217636
1413393227.20754,1.265754,0.868577,0.276101,0.756425,-0.30548,0.534774,0.220274,0.0003580275,2.1868e-06,-0.0001247941,1.2038e-06,-9.512e-07,4.5212e-05,0.0029111822,-0.0004410384,-9.289e-07,0.0032188889,1.90845e-05,0.0025360035,-2.288515,-0.350619,1.569461,0.535583,-0.306415,-0.756862,-0.215456
1413393227.2575,1.286379,0.860717,0.274155,0.754827,-0.307569,0.53725,0.216793,0.0003586248,-1.4771e-06,-0.0001240891,1.1562e-06,3.43e-07,4.45638e-05,0.0029059557,-0.0004441515,-1.177e-06,0.0032382842,1.87876e-05,0.0025354018,-2.308787,-0.342162,1.567802,0.538275,-0.308661,-0.755105,-0.211674
1413393227.40743,1.34532,0.837352,0.271475,0.75417,-0.311227,0.537682,0.212754,0.000357965,-5.8107e-06,-0.0001248892,1.1579e-06,1.8981e-06,4.50251e-05,0.0028890645,-0.0004500555,-2.1969e-06,0.0033034972,1.91566e-05,0.0025359267,-2.369309,-0.316949,1.564702,0.539122,-0.312456,-0.754159,-0.207276
1413393227.45742,1.364363,0.829715,0.27038,0.754003,-0.312729,0.537593,0.211362,0.0003574581,-6.8782e-06,-0.0001255017,1.1545e-06,2.3057e-06,4.54359e-05,0.0028847547,-0.0004520994,-1.497e-06,0.0033183696,1.84989e-05,0.0025351358,-2.389255,-0.308285,1.564151,0.539193,-0.314013,-0.753874,-0.205768
1413393227.50744,1.3906,0.81891,0.271994,0.75371,-0.313467,0.537746,0.210922,0.0003573798,-7.4194e-06,-0.0001255967,1.1237e-06,2.5378e-06,4.54242e-05,0.0028663295,-0.0004483091,5.924e-07,0.003335235,1.71597e-05,0.0025332655,-2.40905,-0.299357,1.563955,0.539402,-0.314843,-0.753514,-0.205273
1413393227.55743,1.410141,0.809173,0.271467,0.752213,-0.315461,0.538579,0.211169,0.0003578828,-8.5495e-06,-0.0001249259,1.1549e-06,2.9226e-06,4.48539e-05,0.0028583784,-0.0004494101,1.0446e-06,0.0033630175,1.6783e-05,0.0025331535,-2.428485,-0.289913,1.564139,0.540303,-0.316799,-0.751991,-0.205478
1413393227.9074,1.541287,0.728954,0.269975,0.733892,-0.354573,0.530865,0.232084,0.0003581604,-1.37662e-05,-0.0001242885,1.3731e-06,4.7495e-06,4.41995e-05,0.0028007728,-0.0004313362,4.0059e-06,0.003500378,1.32873e-05,0.0025329903,-2.547317,-0.210152,1.563103,0.532479,-0.355821,-0.733937,-0.226275
1413393227.95741,1.559092,0.715487,0.267471,0.728951,-0.362936,0.529597,0.23756,0.0003587454,-1.44449e-05,-0.0001234909,1.4069e-06,4.9518e-06,4.35413e-05,0.0027963216,-0.0004325798,4.5208e-06,0.0035255896,1.2871e-05,0.0025327078,-2.561524,-0.196971,1.562431,0.531187,-0.364117,-0.729088,-0.231724
1413393228.00741,1.578892,0.7006,0.267016,0.724044,-0.372819,0.526964,0.243052,0.000358648,-1.5372e-05,-0.000123518,1.4723e-06,5.2775e-06,4.35411e-05,0.0027879325,-0.000427797,4.9729e-06,0.0035451487,1.22391e-05,0.0025324785,-2.574527,-0.183156,1.561212,0.528655,-0.373655,-0.724224,-0.237516
1413393228.90727,1.765716,0.394699,0.260457,0.664926,-0.48485,0.468301,0.321696,0.0003514958,-9.758e-06,-0.0001330856,1.0852e-06,3.6616e-06,5.13945e-05,0.0026984111,-0.0002817402,7.6756e-06,0.0038262791,1.00112e-05,0.0025450849,-2.742725,0.111788,1.550712,0.469668,-0.48547,-0.665696,-0.317147
1413393229.00723,1.781808,0.351708,0.258032,0.665214,-0.486635,0.46532,0.322729,0.0003504919,-8.7242e-06,-0.0001343338,1.0083e-06,3.3089e-06,5.24608e-05,0.0026851776,-0.0002539361,6.419e-06,0.0038482642,1.13085e-05,0.0025465655,-2.760181,0.150418,1.547184,0.466689,-0.487115,-0.66603,-0.318315
1413393229.1072,1.795796,0.307255,0.257353,0.66763,-0.480482,0.46177,0.331928,0.0003522576,-2.616e-07,-0.0001326883,7.769e-07,6.02e-08,5.09393e-05,0.002674051,-0.0002247497,6.3844e-06,0.0038741233,1.19235e-05,0.0025471172,-2.777971,0.193002,1.541668,0.463089,-0.481046,-0.668445,-0.327608
1413393229.55715,1.904249,0.100639,0.207884,0.663422,-0.47121,0.475057,0.334894,0.0003602211,-1.2704e-06,-0.0001232964,7.417e-07,4.166e-07,4.31132e-05,0.0026530914,-9.57729e-05,2.1377e-06,0.0040567307,1.56316e-05,0.0025527335,-2.892121,0.391507,1.482655,0.476239,-0.471596,-0.664252,-0.331007
1413393229.60715,1.918308,0.077387,0.203444,0.662252,-0.474228,0.477074,0.330046,0.0003595638,-5.89e-06,-0.0001240327,8.247e-07,2.0194e-06,4.36881e-05,0.0026497979,-7.68407e-05,1.3763e-06,0.004066484,1.5432e-05,0.0025507056,-2.907493,0.412998,1.475225,0.47822,-0.474581,-0.663128,-0.326102
1413393230.00717,2.027298,-0.13072,0.165018,0.675903,-0.481206,0.462579,0.312435,0.000345486,-8.5639e-06,-0.0001401639,9.335e-07,3.4799e-06,5.7806e-05,0.0026559733,7.16952e-05,1.0985e-06,0.0042443318,1.63942e-05,0.0025484667,-3.017035,0.603639,1.445032,0.463782,-0.481616,-0.676564,-0.308568
1413393230.05716,2.041189,-0.161521,0.166897,0.67732,-0.476356,0.461839,0.317848,0.0003473493,-3.6235e-06,-0.00013847,7.541e-07,1.4468e-06,5.6138e-05,0.0026595476,0.000102472,2.1004e-06,0.0042753439,1.73609e-05,0.0025482967,-3.029795,0.632775,1.445849,0.46314,-0.476782,-0.677905,-0.314053
1413393230.20708,2.090923,-0.265916,0.163584,0.679783,-0.465064,0.46165,0.329378,0.0003516052,6.8557e-06,-0.0001338025,8.44e-07,-2.6129e-06,5.18282e-05,0.0026717968,0.0001877901,3.0174e-06,0.0043336926,1.49336e-05,0.0025457943,-3.071297,0.724715,1.446619,0.463191,-0.465422,-0.680227,-0.325774
1413393230.25707,2.105527,-0.297917,0.162952,0.679603,-0.462405,0.463099,0.331451,0.0003530444,8.249e-06,-0.0001321176,9.045e-07,-3.093e-06,5.03462e-05,0.0026817247,0.0002229339,2.8498e-06,0.0043773458,1.44662e-05,0.0025453896,-3.086792,0.756116,1.44556,0.464624,-0.462782,-0.680029,-0.3279
1413393230.30707,2.121461,-0.331357,0.1623,0.6786,-0.460682,0.465762,0.332176,0.0003547182,8.1042e-06,-0.0001302028,8.986e-07,-2.9796e-06,4.8695e-05,0.0026900042,0.0002512566,2.861e-06,0.0044049623,1.43493e-05,0.0025457643,-3.103139,0.787623,1.443577,0.46718,-0.461128,-0.679087,-0.328551
1413393230.35706,2.138767,-0.365688,0.159524,0.678009,-0.46149,0.467557,0.329729,0.0003548685,5.7993e-06,-0.0001301779,8.112e-07,-2.1293e-06,4.86595e-05,0.0027007109,0.0002800325,2.6536e-06,0.0044361851,1.46897e-05,0.0025463702,-3.120101,0.818912,1.440079,0.469068,-0.461874,-0.678398,-0.326228
1413393230.40706,2.156541,-0.399763,0.156616,0.676425,-0.46221,0.470505,0.327774,0.0003557763,3.1212e-06,-0.0001292242,7.452e-07,-1.1316e-06,4.78427e-05,0.0027117934,0.0003114792,2.6658e-06,0.0044682596,1.48984e-05,0.0025466944,-3.137586,0.850212,1.436277,0.472088,-0.462558,-0.676752,-0.324316
1413393230.457,2.1672,-0.433481,0.148472,0.674865,-0.46404,0.472253,0.325886,0.0003558231,5.37e-07,-0.0001291062,6.976e-07,-1.893e-07,4.77166e-05,0.0027125758,0.000355657,2.9795e-06,0.0044717496,9.4438e-06,0.0025424501,-3.155319,0.881621,1.432083,0.473472,-0.464613,-0.675309,-0.322364
1413393230.50699,2.184917,-0.46735,0.145205,0.672425,-0.467821,0.473287,0.324018,0.0003557987,-2.763e-06,-0.0001291237,7.196e-07,1.0116e-06,4.77342e-05,0.0027254691,0.0003857895,3.0214e-06,0.0044908627,9.1709e-06,0.0025426347,-3.172967,0.913105,1.428034,0.474423,-0.468408,-0.672905,-0.320496
1413393230.65695,2.235461,-0.570694,0.138552,0.660562,-0.486741,0.470929,0.323986,0.000354266,-1.15495e-05,-0.0001305156,1.0821e-06,4.2713e-06,4.89671e-05,0.0027710502,0.000482902,2.9555e-06,0.0045838484,8.5179e-06,0.0025433874,-3.222782,1.008831,1.419475,0.472153,-0.487301,-0.661004,-0.320449
1413393230.70692,2.251822,-0.606225,0.138197,0.655113,-0.493932,0.469167,0.326713,0.0003541856,-1.34272e-05,-0.0001304334,1.2109e-06,4.9637e-06,4.89156e-05,0.0027881358,0.0005205501,3.082e-06,0.0046100827,7.924e-06,0.0025434157,-3.238338,1.04227,1.418608,0.470403,-0.494516,-0.655608,-0.323046
1413393230.75691,2.267567,-0.643055,0.14068,0.649225,-0.501825,0.466893,0.329679,0.000353939,-1.53525e-05,-0.000130525,1.3689e-06,5.6816e-06,4.90183e-05,0.0028070992,0.0005557735,3.1667e-06,0.0046386985,7.5802e-06,0.0025436124,-3.252774,1.076092,1.419855,0.468061,-0.502358,-0.649778,-0.326116
1413393230.80688,2.282817,-0.680135,0.143794,0.643244,-0.509458,0.464203,0.333475,0.0003538306,-1.66528e-05,-0.0001305062,1.4875e-06,6.1625e-06,4.90204e-05,0.0028276141,0.0005923823,3.276e-06,0.0046667334,7.2274e-06,0.0025437712,-3.266227,1.110174,1.421552,0.465248,-0.510019,-0.643879,-0.329927
1413393231.40682,2.445244,-1.158062,0.202737,0.603281,-0.55188,0.418777,0.395103,0.0003573167,5.3859e-06,-0.0001276315,8.058e-07,-1.9298e-06,4.64939e-05,0.0032051397,0.0010866753,5.6811e-06,0.0049925089,4.0783e-06,0.0025500071,-3.417921,1.554423,1.468865,0.419479,-0.553036,-0.603978,-0.391665
1413393231.45677,2.466453,-1.200042,0.197554,0.598379,-0.553961,0.42363,0.394472,0.0003593654,8.677e-07,-0.0001252126,7.232e-07,-3.05e-07,4.45214e-05,0.0032418158,0.0011336322,5.9098e-06,0.005040162,3.9827e-06,0.0025494028,-3.435243,1.592493,1.465997,0.424323,-0.555139,-0.599154,-0.390881
1413393231.55675,2.502313,-1.281647,0.187226,0.586122,-0.553364,0.43926,0.39661,0.0003669063,-8.2949e-06,-0.000114854,9.126e-07,2.6018e-06,3.68287e-05,0.0033260862,0.0012310099,5.6976e-06,0.0051247272,3.3579e-06,0.0025498573,-3.47044,1.668081,1.455668,0.439953,-0.554646,-0.586796,-0.393046
1413393231.60675,2.520392,-1.321987,0.179108,0.58007,-0.552129,0.447034,0.398538,0.0003706486,-1.22081e-05,-0.0001089389,1.1284e-06,3.5964e-06,3.28829e-05,0.0033676498,0.0012789099,5.0681e-06,0.0051612243,3.0826e-06,0.0025495956,-3.487597,1.704754,1.447843,0.447807,-0.553355,-0.580758,-0.394958
1413393232.40677,2.597761,-1.795908,0.09143,0.513251,-0.633748,0.387317,0.430026,0.0003586158,-1.89252e-05,-0.0001252784,1.7181e-06,6.6136e-06,4.46616e-05,0.0039800664,0.0018087065,1.6538e-06,0.0053678185,8.656e-06,0.0025559173,-3.567368,2.145555,1.361567,0.387674,-0.635271,-0.51422,-0.426291
1413393232.45678,2.588812,-1.823299,0.081505,0.506685,-0.639967,0.381574,0.433722,0.0003579976,-1.86598e-05,-0.0001260931,1.6885e-06,6.5738e-06,4.53036e-05,0.0040098405,0.001823009,1.2192e-06,0.0053362853,9.041e-06,0.0025546254,-3.560122,2.16955,1.353159,0.38191,-0.641512,-0.507649,-0.430007
1413393232.85675,2.491057,-2.033437,-0.020584,0.477371,-0.66415,0.358114,0.450306,0.0003567532,-1.73557e-05,-0.0001280481,1.5542e-06,6.2258e-06,4.68564e-05,0.0043400422,0.001965809,-1.9194e-06,0.0051601233,1.2532e-05,0.0025576662,-3.47116,2.365428,1.25851,0.357948,-0.665996,-0.478571,-0.446422
1413393232.90675,2.473732,-2.060003,-0.030661,0.477563,-0.665142,0.355835,0.450445,0.0003560869,-1.6412e-05,-0.0001289977,1.4594e-06,5.9425e-06,4.76215e-05,0.0043790554,0.0019749355,-2.7603e-06,0.0051160999,1.28841e-05,0.0025569424,-3.455831,2.39067,1.248111,0.355616,-0.667028,-0.478827,-0.446472
1413393233.30673,2.313373,-2.290838,-0.060829,0.483055,-0.658319,0.339639,0.466818,0.0003590549,1.4253e-06,-0.0001266879,7.155e-07,-5.104e-07,4.55928e-05,0.0047768238,0.0020565414,-5.4072e-06,0.0048354116,1.71698e-05,0.0025618711,-3.31172,2.607357,1.233634,0.339186,-0.660343,-0.484705,-0.462562
1413393233.3568,2.281225,-2.314792,-0.044493,0.478792,-0.657292,0.339746,0.472544,0.0003619729,2.4078e-06,-0.0001230102,7.104e-07,-8.242e-07,4.26686e-05,0.0048325575,0.0020614182,-5.3434e-06,0.0047820219,1.58699e-05,0.0025604547,-3.292619,2.636187,1.241239,0.33906,-0.659213,-0.48074,-0.468369
1413393233.65684,2.156479,-2.467604,0.041547,0.442787,-0.676079,0.318574,0.495345,0.0003663259,2.8744e-06,-0.0001173544,7.03e-07,-9.287e-07,3.84413e-05,0.0051494159,0.0020799644,-6.1589e-06,0.0045393746,1.5589e-05,0.0025622488,-3.182854,2.797007,1.321292,0.317819,-0.677948,-0.445034,-0.491253
1413393233.70683,2.134599,-2.489678,0.061456,0.437118,-0.683166,0.309723,0.496269,0.0003638468,3.9678e-06,-0.0001207403,7.143e-07,-1.3235e-06,4.09154e-05,0.0051610842,0.0020693354,-5.549e-06,0.0045053612,1.44016e-05,0.0025619981,-3.166093,2.821561,1.33966,0.308868,-0.685118,-0.43952,-0.49198
1413393233.80681,2.091065,-2.527745,0.109139,0.423133,-0.690339,0.297088,0.506092,0.0003649737,6.7255e-06,-0.0001191576,7.896e-07,-2.2072e-06,3.97436e-05,0.0052571363,0.0020737856,-4.7942e-06,0.0044379718,1.35849e-05,0.0025626114,-3.134248,2.870953,1.384074,0.296272,-0.692251,-0.425652,-0.501833
1413393233.85681,2.073672,-2.553046,0.132098,0.416242,-0.69166,0.293826,0.511874,0.0003669028,7.3874e-06,-0.0001164793,8.133e-07,-2.3606e-06,3.78141e-05,0.0052796902,0.0020599215,-4.8718e-06,0.0044010045,1.37328e-05,0.0025634252,-3.119788,2.895282,1.407253,0.292906,-0.693596,-0.41878,-0.5077
1413393234.35678,1.938848,-2.751763,0.324719,0.319051,-0.723858,0.297243,0.53468,0.0003755537,-3.52355e-05,-9.7731e-05,3.9768e-06,9.1597e-06,2.62228e-05,0.0057535501,0.0020955347,-3.8054e-06,0.0041946273,1.20909e-05,0.0025744332,-3.005272,3.096608,1.595878,0.295998,-0.726559,-0.321592,-0.530183
1413393234.55674,1.878231,-2.787994,0.358208,0.27375,-0.727303,0.302317,0.551993,0.0003793608,-5.38473e-05,-8.1253e-05,8.2943e-06,1.15109e-05,1.8152e-05,0.0057864586,0.0020526325,-1.1728e-06,0.0041235277,1.16447e-05,0.0025803995,-2.954484,3.124931,1.626494,0.300978,-0.730359,-0.276316,-0.547396
1413393234.60673,1.862391,-2.77516,0.370941,0.272058,-0.727679,0.288895,0.55947,0.0003816563,-4.5739e-05,-8.11988e-05,6.1081e-06,9.7073e-06,1.80132e-05,0.0057812161,0.002030223,-1.8491e-06,0.0040798416,6.2562e-06,0.0025772164,-2.940171,3.121173,1.633739,0.287489,-0.730823,-0.274419,-0.554938
1413393234.80669,1.800971,-2.733168,0.449152,0.283262,-0.740767,0.203329,0.574182,0.0003774875,9.2665e-06,-0.0001005411,8.488e-07,-2.5192e-06,2.75216e-05,0.0056656294,0.0019332513,-9.364e-07,0.0039999036,5.4929e-06,0.0025791981,-2.889607,3.07143,1.700615,0.201663,-0.743722,-0.285839,-0.569675
1413393234.85669,1.790477,-2.718766,0.469468,0.280344,-0.748575,0.189145,0.570321,0.0003728431,1.40466e-05,-0.0001077485,1.1543e-06,-4.1149e-06,3.189e-05,0.0056378086,0.0019104451,-4.638e-07,0.0039825969,5.1895e-06,0.0025807718,-2.881151,3.055127,1.718484,0.187348,-0.751497,-0.283046,-0.565731
1413393234.95674,1.77278,-2.687288,0.49514,0.262658,-0.762212,0.176589,0.564677,0.0003679337,1.04651e-05,-0.000115604,9.215e-07,-3.3426e-06,3.70778e-05,0.0055793523,0.0018737345,1.4936e-06,0.0039601925,6.0934e-06,0.0025828327,-2.867656,3.023513,1.741911,0.17453,-0.765187,-0.265506,-0.55995
1413393235.50677,1.701348,-2.518462,0.4221,0.182227,-0.804625,0.095697,0.556969,0.0003509687,1.81632e-05,-0.0001362601,1.5637e-06,-7.1091e-06,5.3668e-05,0.0052987112,0.0016953972,1.56243e-05,0.0038546517,1.35368e-05,0.0026079429,-2.809891,2.861623,1.654087,0.093333,-0.80812,-0.185169,-0.551314
1413393235.55677,1.694194,-2.510499,0.418268,0.183429,-0.803622,0.08524,0.559714,0.0003509966,2.5539e-05,-0.0001350772,2.4848e-06,-9.8913e-06,5.2742e-05,0.0052299757,0.0016873548,1.55657e-05,0.0038747717,1.40717e-05,0.0026095177,-2.803097,2.853061,1.648374,0.083042,-0.807103,-0.186335,-0.554053
1413393235.60677,1.684136,-2.50454,0.41519,0.185339,-0.801064,0.074022,0.564328,0.0003515366,3.3988e-05,-0.0001326358,3.9172e-06,-1.2892e-05,5.07995e-05,0.0052248616,0.0016801027,1.67898e-05,0.0038698587,1.49008e-05,0.0026134411,-2.796101,2.846829,1.643321,0.071742,-0.80454,-0.188407,-0.558639
1413393235.90674,1.635404,-2.526537,0.384747,0.155096,-0.794943,0.084653,0.580383,0.0003649908,1.72107e-05,-0.0001197055,1.4333e-06,-5.6962e-06,3.99909e-05,0.005326277,0.0016701277,2.59123e-05,0.0038348267,2.39243e-05,0.0026332,-2.76354,2.873436,1.61663,0.082292,-0.798787,-0.158146,-0.574604
1413393235.95674,1.629532,-2.538255,0.383056,0.144108,-0.795482,0.09503,0.580871,0.0003669038,6.1066e-06,-0.0001182172,7.227e-07,-2.0121e-06,3.88196e-05,0.005353708,0.0016769108,2.76922e-05,0.003838057,2.547e-05,0.0026385933,-2.760219,2.885578,1.612888,0.092585,-0.799447,-0.147102,-0.575055
1413393236.20666,1.663483,-2.557973,0.374386,0.097685,-0.799333,0.098122,0.584719,0.0003687129,-1.72508e-05,-0.0001147485,1.3525e-06,5.3369e-06,3.63088e-05,0.0053888212,0.0016649411,3.42765e-05,0.003789562,4.34436e-05,0.0026286171,-2.746395,2.937442,1.609183,0.096069,-0.803771,-0.099816,-0.578591
1413393236.25668,1.650644,-2.584997,0.349755,0.092863,-0.801944,0.086945,0.583697,0.0003678839,-1.21372e-05,-0.0001165863,9.061e-07,3.813e-06,3.75264e-05,0.0053179387,0.0016922746,1.406e-05,0.0038390539,2.03526e-05,0.0026002125,-2.745655,2.943643,1.613091,0.084857,-0.806054,-0.094891,-0.577998
1413393236.30668,1.657223,-2.582329,0.355368,0.08822,-0.803962,0.072841,0.583572,0.0003667175,-5.5442e-06,-0.000118711,5.611e-07,1.7592e-06,3.90083e-05,0.0053601952,0.0016852549,6.0984e-06,0.0038032594,1.36642e-05,0.0025940474,-2.745892,2.948707,1.616707,0.070839,-0.808068,-0.090533,-0.577774
1413393236.40668,1.659717,-2.590381,0.365042,0.072987,-0.807721,0.052709,0.582651,0.000365099,-1.107e-07,-0.000121122,4.762e-07,-2.9e-09,4.07522e-05,0.0053560702,0.0016951889,5.5502e-06,0.003816162,1.30539e-05,0.0025926772,-2.745307,2.958613,1.626099,0.050561,-0.811748,-0.075473,-0.576906
1413393236.50666,1.668041,-2.593205,0.373463,0.05282,-0.812296,0.040197,0.579456,0.0003626143,-1.6547e-06,-0.0001244406,4.787e-07,5.289e-07,4.32767e-05,0.0053709645,0.0017004788,5.3408e-06,0.0038147752,1.26963e-05,0.0025926172,-2.74445,2.969252,1.636696,0.03799,-0.816188,-0.055535,-0.573863
1413393236.55664,1.664627,-2.59762,0.378707,0.042642,-0.816104,0.034176,0.575316,0.000359868,-2.5765e-06,-0.0001279019,4.838e-07,8.77e-07,4.60276e-05,0.0053680752,0.0017046093,5.3598e-06,0.003820312,1.27793e-05,0.0025931669,-2.743515,2.97481,1.642087,0.031893,-0.819891,-0.045502,-0.569825
1413393236.60664,1.665767,-2.602279,0.383874,0.032433,-0.82128,0.028588,0.568885,0.0003555327,-3.9227e-06,-0.0001330465,5.078e-07,1.4289e-06,5.03638e-05,0.0053781585,0.0017036144,5.3858e-06,0.0038152244,1.29672e-05,0.0025939291,-2.742049,2.980514,1.64717,0.026178,-0.824991,-0.035358,-0.56344
1413393236.75649,1.625837,-2.59097,0.385788,0.001504,-0.828841,0.021222,0.559079,0.0003490831,-1.20575e-05,-0.0001395874,8.379e-07,4.7968e-06,5.63572e-05,0.005387132,0.0017109644,1.1701e-06,0.0038005481,9.8552e-06,0.0025864366,-2.73186,2.998587,1.651213,0.01824,-0.83179,-0.005499,-0.554768
1413393236.80654,1.619426,-2.590639,0.380968,-0.009375,-0.827969,0.02263,0.560239,0.0003487668,-1.80225e-05,-0.0001392855,1.3485e-06,7.1757e-06,5.61574e-05,0.0053465786,0.0016501755,1.2338e-06,0.0037367351,1.02854e-05,0.0025863587,-2.726108,3.004379,1.647613,0.01942,-0.830856,0.005356,-0.556129
1413393236.90658,1.607834,-2.594408,0.374711,-0.023433,-0.824524,0.019864,0.564992,0.0003514052,-2.23217e-05,-0.0001358769,1.8308e-06,8.6115e-06,5.30579e-05,0.0053511787,0.0016370978,1.3777e-06,0.0037170916,1.01527e-05,0.0025869031,-2.709905,3.013693,1.641121,0.01646,-0.82738,0.019329,-0.561071
1413393236.95662,1.600747,-2.590823,0.375586,-0.026473,-0.821613,0.016326,0.569197,0.0003541754,-2.14941e-05,-0.0001329163,1.7108e-06,8.0472e-06,5.03827e-05,0.0053447284,0.0016276967,1.6161e-06,0.0037040889,1.03823e-05,0.0025864454,-2.700043,3.016701,1.641436,0.012689,-0.824389,0.022215,-0.565448
1413393237.80661,1.453861,-2.669603,0.395599,-0.019562,-0.811367,0.022259,0.583785,0.0003637133,-2.25829e-05,-0.0001217036,1.8121e-06,7.5425e-06,4.12255e-05,0.0054964171,0.0015230186,-1.36e-06,0.0035333224,9.4684e-06,0.0025945468,-2.520128,3.104073,1.663472,0.018922,-0.813846,0.014757,-0.580586
1413393237.85661,1.443517,-2.675287,0.392956,-0.017925,-0.812936,0.022376,0.581647,0.0003624974,-2.19674e-05,-0.0001234004,1.7363e-06,7.467e-06,4.25053e-05,0.0055069863,0.0015130073,-1.7046e-06,0.003517845,9.3977e-06,0.0025927662,-2.511666,3.110402,1.660207,0.018952,-0.815308,0.013246,-0.578567
1413393238.55662,1.236638,-2.745817,0.401319,-0.016862,-0.821168,-0.000701,0.570437,0.0003567265,-6.9915e-06,-0.0001326916,5.725e-07,2.5917e-06,4.98922e-05,0.0056908812,0.0013274372,-8.6913e-06,0.0033074984,9.6334e-06,0.0025971894,-2.320673,3.186029,1.709652,0.003566,0.823006,-0.011793,0.567906
1413393238.70661,1.127354,-2.774633,0.431253,-0.036977,-0.816236,0.022369,0.5761,0.0003583172,-3.00031e-05,-0.0001274742,2.9445e-06,1.06819e-05,4.58722e-05,0.0057267629,0.0012526566,1.5881e-06,0.0032264231,7.5314e-06,0.0025917828,-2.255739,3.211984,1.723153,0.019217,-0.817994,0.032061,-0.574014
1413393238.75661,1.106507,-2.780657,0.430527,-0.041256,-0.815157,0.026691,0.577152,0.00035803,-3.48821e-05,-0.000126574,3.8301e-06,1.23449e-05,4.52683e-05,0.0057466846,0.0011898204,1.6361e-06,0.0031695898,7.4284e-06,0.0025919373,-2.233977,3.217944,1.722447,0.023696,-0.816957,0.036347,-0.575066
1413393238.8566,1.061607,-2.790143,0.424788,-0.042283,-0.813957,0.025284,0.578832,0.0003591378,-3.45339e-05,-0.000125328,3.7546e-06,1.20669e-05,4.42557e-05,0.0057603894,0.0011402296,1.8575e-06,0.0031283494,7.3116e-06,0.002592537,-2.189556,3.224052,1.718574,0.022557,-0.815754,0.037334,-0.576753
1413393238.90659,1.043323,-2.793629,0.424278,-0.039418,-0.814091,0.019954,0.579054,0.0003599557,-2.99738e-05,-0.0001254535,2.9271e-06,1.04615e-05,4.42415e-05,0.0057655708,0.0011225542,1.9318e-06,0.0031133347,7.399e-06,0.0025924972,-2.167199,3.224104,1.716935,0.017374,-0.81582,0.034574,-0.577014
1413393239.45654,0.782779,-2.785301,0.428454,-0.012528,-0.816635,-0.025816,0.576441,0.0003607262,1.06826e-05,-0.0001277655,7.735e-07,-3.7811e-06,4.5794e-05,0.0057472947,0.0008000921,4.3775e-06,0.0029106082,8.5371e-06,0.002597568,-1.912723,3.208445,1.724543,0.028579,0.8177,-0.007919,0.574881
1413393239.60653,0.719868,-2.801363,0.442288,-0.014252,-0.817249,-0.021614,0.575703,0.0003603028,7.147e-06,-0.0001284671,5.97e-07,-2.5423e-06,4.63482e-05,0.0057866497,0.0007570905,3.3185e-06,0.0028838792,9.5474e-06,0.0025966699,-1.837901,3.222511,1.734497,0.024487,0.818342,-0.009905,0.574125
1413393239.65651,0.697341,-2.808227,0.447556,-0.018954,-0.817033,-0.013985,0.57611,0.0003605978,2.943e-07,-0.0001282473,4.551e-07,-9.49e-08,4.61529e-05,0.0058039846,0.0007500878,2.7673e-06,0.0028787651,9.6164e-06,0.0025961789,-1.8122,3.229332,1.738603,0.016907,0.818191,-0.014688,0.574516
1413393240.1565,0.424701,-2.837712,0.507726,-0.016852,-0.814782,-0.012678,0.579383,0.0003627767,3.915e-07,-0.0001256902,4.76e-07,-1.225e-07,4.41056e-05,0.0058776644,0.000456097,1.5461e-06,0.0027616415,1.0633e-05,0.0025977968,-1.538538,3.257982,1.789557,0.01531,0.815624,-0.012879,0.578239
1413393240.2065,0.39692,-2.837684,0.512188,-0.013139,-0.81382,-0.016608,0.580731,0.0003634889,4.4478e-06,-0.0001245549,5.253e-07,-1.5132e-06,4.32346e-05,0.0058743498,0.0004252257,1.5052e-06,0.0027525386,1.03897e-05,0.0025973779,-1.509875,3.257985,1.79355,0.019223,0.814634,-0.009227,0.579585
1413393240.4065,0.283072,-2.843103,0.507096,-0.014778,-0.814413,-0.011734,0.579979,0.0003630152,6.661e-07,-0.000125171,4.801e-07,-2.156e-07,4.37226e-05,0.0058888853,0.0003046708,1.4231e-06,0.0027247848,1.04405e-05,0.002598321,-1.398345,3.264591,1.782287,0.014157,0.815115,-0.010898,0.579026
1413393240.4565,0.252651,-2.845292,0.49859,-0.017409,-0.813692,-0.007628,0.580985,0.0003634603,-3.0736e-06,-0.0001244395,5.038e-07,1.0687e-06,4.31651e-05,0.005893107,0.0002664572,1.3615e-06,0.0027176867,1.0584e-05,0.0025981919,-1.370454,3.267599,1.773402,0.009897,0.814419,-0.013494,0.580037
1413393240.5065,0.221175,-2.848044,0.487739,-0.021606,-0.813512,-0.001759,0.581144,0.0003632366,-8.5956e-06,-0.0001243116,6.786e-07,2.9629e-06,4.30987e-05,0.0058946074,0.0002321029,1.3114e-06,0.0027118018,1.05757e-05,0.0025979079,-1.342974,3.270656,1.762391,0.003845,0.814302,-0.017615,0.580164
1413393240.5565,0.191898,-2.849678,0.478601,-0.024906,-0.812944,0.002421,0.581804,0.0003633387,-1.26883e-05,-0.0001237324,9.186e-07,4.3449e-06,4.26901e-05,0.0058994132,0.0001966308,1.2899e-06,0.0027068986,1.06825e-05,0.0025979558,-1.315944,3.273425,1.752089,0.00048,-0.813739,0.020814,-0.580858
1413393240.70645,0.102358,-2.849567,0.469725,-0.029613,-0.812943,0.00536,0.581565,0.0003628098,-1.65656e-05,-0.0001238587,1.2364e-06,5.6838e-06,4.28401e-05,0.0059015549,9.63893e-05,1.3119e-06,0.0026976508,1.08738e-05,0.0025984003,-1.233414,3.277174,1.738243,0.003654,-0.813826,0.025485,-0.580539
1413393240.75643,0.0692,-2.846869,0.475426,-0.028251,-0.812056,0.001294,0.582894,0.0003638651,-1.34678e-05,-0.0001228026,9.783e-07,4.5729e-06,4.19994e-05,0.0058937847,5.72355e-05,1.2112e-06,0.0026956883,1.0938e-05,0.002598502,-1.203719,3.276673,1.743684,0.000513,0.812902,-0.024213,0.581898
1413393241.25645,-0.206699,-2.82908,0.453142,-0.043054,-0.799547,-0.001631,0.599057,0.000372888,-1.89739e-05,-0.0001095719,1.4793e-06,5.6092e-06,3.27722e-05,0.0058717062,-0.0002587749,-3.064e-07,0.0027187784,1.20034e-05,0.002603519,-0.958299,3.268967,1.709632,0.003435,0.800559,-0.039444,0.597947
1413393241.30647,-0.225279,-2.824201,0.431683,-0.046598,-0.801751,0.001378,0.595837,0.0003707515,-2.2311e-05,-0.0001121763,1.8557e-06,6.7878e-06,3.4514e-05,0.0058553107,-0.0002780473,-3.206e-07,0.0027209423,1.22797e-05,0.0026034961,-0.93989,3.267635,1.696653,0.000651,0.802821,-0.043116,0.59466
1413393241.70647,-0.379471,-2.779681,0.341724,-0.033814,-0.809788,-0.026158,0.585163,0.0003663146,1.2056e-06,-0.0001208655,5.399e-07,-3.65e-07,4.04839e-05,0.0057639267,-0.0004578106,7.565e-07,0.0027662016,1.49808e-05,0.0026069048,-0.800153,3.22737,1.62299,0.028744,0.810992,-0.0309,0.583534
1413393241.75648,-0.391591,-2.773681,0.328862,-0.032506,-0.809492,-0.028162,0.585554,0.0003666255,2.982e-06,-0.0001204186,5.57e-07,-9.465e-07,4.01513e-05,0.005744848,-0.0004612588,2.5585e-06,0.0027662864,1.54045e-05,0.0026056184,-0.782887,3.221808,1.615855,0.030845,0.810823,-0.029568,0.58373
1413393242.05648,-0.503648,-2.756166,0.288555,-0.023171,-0.803214,-0.031033,0.59443,0.0003718454,8.677e-06,-0.0001129318,7.607e-07,-2.6034e-06,3.49121e-05,0.0057212845,-0.0005785052,4.4737e-06,0.0028096974,1.77895e-05,0.0026102287,-0.681991,3.207298,1.584833,0.034038,0.804703,-0.020599,0.592345
1413393242.35646,-0.570199,-2.772418,0.2752,-0.026113,-0.790669,-0.015637,0.611486,0.000380819,-2.7135e-06,-9.88122e-05,5.93e-07,7.425e-07,2.62476e-05,0.0057573083,-0.0006717239,7.658e-06,0.0028455156,1.80617e-05,0.0026094973,-0.609494,3.227349,1.571063,0.018809,0.792584,-0.023507,0.609021
1413393242.45645,-0.576569,-2.779745,0.274801,-0.033345,-0.798885,-0.003415,0.600549,0.0003746511,-1.34675e-05,-0.000108413,1.0643e-06,3.9418e-06,3.19921e-05,0.0057715789,-0.000667037,7.7868e-06,0.0028411442,1.77027e-05,0.0026090397,-0.598398,3.23766,1.56776,0.006707,0.800944,-0.030823,0.597914
1413393242.50644,-0.576255,-2.782556,0.27515,-0.037927,-0.804837,0.003776,0.592271,0.0003694888,-1.97366e-05,-0.0001152854,1.6375e-06,6.2074e-06,3.65992e-05,0.0057737501,-0.0006649865,7.648e-06,0.0028386265,1.7285e-05,0.0026084949,-0.594812,3.242299,1.566194,0.000391,-0.80697,0.035485,-0.589535
1413393242.60645,-0.578745,-2.787326,0.272399,-0.043593,-0.814215,0.012984,0.578779,0.000360538,-2.73274e-05,-0.0001258508,2.6624e-06,9.5938e-06,4.45769e-05,0.0057820097,-0.0006686613,8.1552e-06,0.0028382488,1.66951e-05,0.0026080081,-0.588922,3.24867,1.56484,0.009516,-0.816476,0.041241,-0.575828
1413393242.65647,-0.579477,-2.786751,0.27415,-0.044397,-0.816906,0.014833,0.574869,0.0003579351,-2.86607e-05,-0.0001287618,2.8893e-06,1.03677e-05,4.6973e-05,0.0057804637,-0.0006682438,8.1105e-06,0.0028371905,1.63656e-05,0.0026077708,-0.585515,3.249836,1.565379,0.011235,-0.819235,0.042057,-0.571805
1413393242.9565,-0.608187,-2.758735,0.297138,-0.020877,-0.817027,0.012077,0.576094,0.0003603199,-1.67155e-05,-0.0001280916,1.3885e-06,5.9947e-06,4.62035e-05,0.0057173845,-0.0006937985,8.152e-06,0.0028505035,1.61647e-05,0.0026071544,-0.551372,3.225495,1.584492,0.00838,-0.819547,0.018647,-0.572652
1413393243.00649,-0.614392,-2.750816,0.305505,-0.010091,-0.818785,0.009947,0.573926,0.0003592544,-1.06316e-05,-0.0001298276,9.246e-07,3.8889e-06,4.75814e-05,0.0056934018,-0.0006965943,7.9092e-06,0.0028513372,1.58904e-05,0.0026061264,-0.5439,3.218039,1.589394,0.006153,-0.821255,0.007992,-0.570478
1413393243.30648,-0.668323,-2.713388,0.339136,0.052001,-0.80839,0.034281,0.585342,0.0003672213,2.1021e-06,-0.0001202837,6.618e-07,-6.55e-07,4.00666e-05,0.0056108882,-0.0007460827,8.019e-06,0.002879787,1.58412e-05,0.0026077272,-0.484361,3.181546,1.625807,0.03043,-0.811349,-0.053826,-0.58129
1413393243.40648,-0.689934,-2.702119,0.34401,0.06336,-0.800689,0.044069,0.594088,0.0003727027,1.903e-06,-0.000112535,6.689e-07,-5.39e-07,3.46423e-05,0.0055927439,-0.0007635521,7.5991e-06,0.0028901213,1.5774e-05,0.0026077742,-0.462965,3.171724,1.630259,0.040185,-0.803798,-0.06514,-0.589961
1413393243.45648,-0.702906,-2.698724,0.347096,0.068147,-0.798411,0.048028,0.596313,0.0003741405,1.7913e-06,-0.0001103015,6.57e-07,-4.923e-07,3.3173e-05,0.005577989,-0.0007730972,8.0949e-06,0.0028953225,1.64184e-05,0.0026056886,-0.453516,3.167059,1.629216,0.044156,-0.801487,-0.069831,-0.592279
1413393243.70648,-0.734877,-2.67535,0.314924,0.082154,-0.79645,0.058451,0.59624,0.0003746504,1.9503e-06,-0.0001097159,6.787e-07,-5.321e-07,3.27994e-05,0.0055361903,-0.0008046904,7.5408e-06,0.0029162414,1.65992e-05,0.0026061785,-0.421452,3.144654,1.596646,0.054188,-0.799821,-0.083516,-0.591926
1413393243.95648,-0.739774,-2.657826,0.296225,0.086877,-0.800373,0.059792,0.590153,0.0003714486,2.7202e-06,-0.0001147336,6.881e-07,-7.993e-07,3.61154e-05,0.0054992936,-0.000804746,7.6236e-06,0.002917973,1.62476e-05,0.0026057351,-0.417699,3.127929,1.577321,0.05509,-0.80384,-0.088078,-0.585703
1413393244.00649,-0.738454,-2.655853,0.295365,0.087312,-0.800631,0.059766,0.589742,0.0003712041,2.8956e-06,-0.0001151102,6.794e-07,-8.573e-07,3.63659e-05,0.0054914084,-0.0008033587,7.9591e-06,0.0029169065,1.6146e-05,0.0026049362,-0.419381,3.125605,1.576056,0.054977,-0.804105,-0.088436,-0.585297
1413393244.15649,-0.730633,-2.653837,0.297053,0.08971,-0.800761,0.056907,0.589488,0.0003707453,5.6987e-06,-0.0001155122,7.26e-07,-1.7437e-06,3.66474e-05,0.005478504,-0.0007937927,9.3776e-06,0.0029108095,1.62998e-05,0.0026038996,-0.428143,3.121465,1.576599,0.052212,-0.804137,-0.091262,-0.585072
1413393244.2565,-0.721347,-2.65475,0.298161,0.096572,-0.800521,0.061299,0.588287,0.0003702861,6.0394e-06,-0.0001161669,7.343e-07,-1.8635e-06,3.70991e-05,0.0054865684,-0.0007860962,9.3567e-06,0.0029053039,1.61701e-05,0.0026035483,-0.437307,3.123076,1.577659,0.056607,-0.803848,-0.098223,-0.583933
1413393244.4565,-0.695047,-2.667114,0.296468,0.118141,-0.796904,0.079515,0.587081,0.0003708809,4.6997e-06,-0.0001154298,6.995e-07,-1.4312e-06,3.65735e-05,0.0055120946,-0.0007626329,9.2088e-06,0.0028893634,1.61426e-05,0.0026027934,-0.461583,3.136823,1.577251,0.074907,-0.8002,-0.119916,-0.582831
1413393244.5565,-0.676042,-2.675654,0.283163,0.12343,-0.794603,0.090306,0.58755,0.0003720685,6.032e-07,-0.0001137475,6.373e-07,-1.515e-07,3.54136e-05,0.0055282487,-0.0007442954,9.1194e-06,0.0028774173,1.61588e-05,0.002601979,-0.477989,3.1453,1.564404,0.085846,-0.797934,-0.125297,-0.583295
1413393244.80653,-0.615309,-2.695778,0.244041,0.127445,-0.794688,0.11195,0.582835,0.0003711657,-1.15885e-05,-0.0001144823,9.954e-07,3.6133e-06,3.59502e-05,0.0055646168,-0.0006832953,7.6334e-06,0.0028417442,1.64076e-05,0.0025997829,-0.532139,3.163856,1.529771,0.107503,-0.797957,-0.128973,-0.578857
1413393244.85653,-0.601124,-2.698437,0.244568,0.126689,-0.795575,0.115528,0.581089,0.0003704012,-1.42096e-05,-0.000115264,1.1785e-06,4.4633e-06,3.65063e-05,0.0055740777,-0.0006680237,7.4973e-06,0.0028331941,1.60365e-05,0.0025994368,-0.545527,3.165746,1.530046,0.111124,-0.798854,-0.128158,-0.577114
1413393244.90655,-0.588393,-2.700911,0.252237,0.12538,-0.795705,0.117442,0.580811,0.0003701107,-1.62402e-05,-0.0001149569,1.3263e-06,5.0868e-06,3.63171e-05,0.0055776868,-0.0006544425,7.3758e-06,0.0028241648,1.54224e-05,0.0025978746,-0.557951,3.16722,1.535319,0.113637,-0.798837,-0.127045,-0.576894
1413393244.95658,-0.57724,-2.700471,0.26265,0.125423,-0.795464,0.117607,0.581098,0.0003702251,-1.6013e-05,-0.0001147528,1.3037e-06,5.0055e-06,3.61771e-05,0.0055817031,-0.0006426473,7.2662e-06,0.0028180866,1.51225e-05,0.0025974426,-0.569556,3.167768,1.544672,0.113913,-0.798544,-0.127196,-0.577211
1413393245.15654,-0.531073,-2.693892,0.292542,0.130129,-0.804972,0.107675,0.568764,0.0003624116,-9.6865e-06,-0.0001260102,8.678e-07,3.4087e-06,4.44412e-05,0.0055691122,-0.000588276,6.777e-06,0.0027941904,1.43886e-05,0.0025966354,-0.619577,3.161157,1.575032,0.103924,-0.807653,-0.131965,-0.565228
1413393245.20653,-0.520555,-2.691086,0.295064,0.130632,-0.808008,0.105682,0.564704,0.0003596154,-8.7879e-06,-0.00012945,8.121e-07,3.2037e-06,4.72242e-05,0.0055588515,-0.000579226,6.8816e-06,0.0027900639,1.40115e-05,0.0025961611,-0.631672,3.158131,1.5773,0.101841,-0.810606,-0.132471,-0.561248
1413393246.3565,-0.355912,-2.703572,0.154943,0.130201,-0.805956,0.106415,0.56759,0.0003618983,-8.9105e-06,-0.0001273074,9.24e-07,3.1854e-06,4.54903e-05,0.0056238579,-0.0004063805,3.108e-07,0.0027336266,1.18617e-05,0.0026025958,-0.830435,3.15961,1.41225,0.102001,-0.808172,-0.132682,-0.564674
1413393246.40648,-0.347063,-2.700269,0.144432,0.139,-0.801619,0.106061,0.571697,0.0003644032,-4.1258e-06,-0.0001243945,7.383e-07,1.4504e-06,4.31555e-05,0.0056037194,-0.0004054878,1.4914e-06,0.0027293531,1.26585e-05,0.0025993924,-0.833084,3.159146,1.408771,0.101559,-0.803959,-0.141711,-0.568559
1413393246.85648,-0.334339,-2.710174,0.143432,0.173901,-0.790471,0.113051,0.57631,0.0003680914,8.4743e-06,-0.0001195976,9.451e-07,-2.7227e-06,3.95895e-05,0.0056502058,-0.0003837665,-5.355e-06,0.0027289811,1.24544e-05,0.0026071769,-0.870361,3.1572,1.379089,0.108113,-0.793087,-0.176533,-0.572853
1413393246.90649,-0.323731,-2.711191,0.135016,0.175428,-0.789318,0.113815,0.577276,0.0003686597,8.9691e-06,-0.0001188096,9.662e-07,-2.864e-06,3.90211e-05,0.0056506481,-0.0003806814,-4.6105e-06,0.0027280034,1.2708e-05,0.0026069793,-0.876804,3.158475,1.373718,0.108647,-0.792081,-0.178046,-0.573675
1413393247.2566,-0.231012,-2.72625,0.016355,0.180925,-0.792202,0.127365,0.568736,0.0003649759,1.8148e-06,-0.0001240455,7.268e-07,-5.822e-07,4.2887e-05,0.0056763755,-0.0003277231,5.6154e-06,0.0027094254,1.46798e-05,0.0025934048,-0.93967,3.180215,1.30873,0.120824,-0.796093,-0.182984,-0.564054
1413393247.30661,-0.219998,-2.728913,0.002423,0.180845,-0.796882,0.129942,0.561596,0.0003616557,-1.4556e-06,-0.0001282513,7.246e-07,5.515e-07,4.62119e-05,0.005647899,-0.0002597499,5.5693e-06,0.0026947347,1.50813e-05,0.0025934414,-0.950157,3.184603,1.295384,0.123332,-0.800795,-0.182843,-0.556856
1413393247.75662,-0.186805,-2.771971,-0.10861,0.17725,-0.812381,0.156856,0.532931,0.0003462783,-2.46192e-05,-0.000143252,2.5087e-06,1.024e-05,6.00502e-05,0.0057456912,-0.000226575,4.3337e-06,0.0026893357,1.59755e-05,0.0025943892,-0.981214,3.228824,1.185367,0.14993,-0.816527,-0.178956,-0.527997
1413393247.85665,-0.202798,-2.778079,-0.130693,0.176337,-0.810696,0.164471,0.533504,0.0003474981,-2.94314e-05,-0.0001411426,3.2554e-06,1.2011e-05,5.8116e-05,0.0057561981,-0.000242777,4.1599e-06,0.0026910434,1.61075e-05,0.0025944938,-0.965247,3.23518,1.163782,0.157596,-0.814932,-0.178075,-0.528526
1413393248.15666,-0.285094,-2.773034,-0.174426,0.185539,-0.774739,0.165499,0.581348,0.0003776211,-1.59132e-05,-0.0001049838,1.4442e-06,4.4582e-06,2.99366e-05,0.0057409672,-0.0003324695,3.5459e-06,0.0027065761,1.62102e-05,0.0025950561,-0.879269,3.228824,1.134359,0.159098,-0.779061,-0.187713,-0.576642
1413393248.20663,-0.293194,-2.767504,-0.179744,0.188838,-0.773891,0.162122,0.582365,0.000377883,-1.2061e-05,-0.0001050859,1.1621e-06,3.3875e-06,2.99724e-05,0.005730827,-0.0003474084,3.3639e-06,0.0027090799,1.5855e-05,0.0025947712,-0.865574,3.222772,1.131242,0.15563,-0.778221,-0.190921,-0.577669
1413393248.25661,-0.306011,-2.759558,-0.182666,0.190345,-0.775936,0.159137,0.579972,0.0003764048,-1.01662e-05,-0.000107719,1.0514e-06,2.942e-06,3.15819e-05,0.0057140328,-0.0003532726,3.7516e-06,0.0027102905,1.57734e-05,0.0025943107,-0.853458,3.214949,1.129318,0.152718,-0.780204,-0.192376,-0.575284
1413393248.30656,-0.317515,-2.749745,-0.185416,0.193073,-0.778761,0.154567,0.57651,0.0003740392,-6.9669e-06,-0.0001116958,9.11e-07,2.112e-06,3.41181e-05,0.0056955431,-0.0003659946,3.6163e-06,0.0027134187,1.58008e-05,0.0025945348,-0.84144,3.206547,1.12947,0.147988,-0.782968,-0.19502,-0.571866
1413393248.45656,-0.339016,-2.716751,-0.202674,0.1916,-0.77657,0.150831,0.580928,0.0003760132,-4.4922e-06,-0.0001088968,8.528e-07,1.3323e-06,3.23153e-05,0.0056246321,-0.0003860006,2.9073e-06,0.0027204036,1.60657e-05,0.0025961175,-0.812542,3.176792,1.136078,0.144295,-0.780876,-0.193651,-0.576119
1413393248.50656,-0.344566,-2.706464,-0.205621,0.189116,-0.773298,0.152074,0.585764,0.000378701,-5.3393e-06,-0.0001045375,8.776e-07,1.5039e-06,2.9633e-05,0.0055985499,-0.0003890442,2.647e-06,0.002721446,1.62085e-05,0.0025967066,-0.805315,3.165925,1.140878,0.145611,-0.77761,-0.191158,-0.581017
1413393248.95656,-0.320753,-2.567052,-0.227061,0.181592,-0.795726,0.128961,0.563217,0.000363216,-2.142e-07,-0.0001272999,8.576e-07,1.089e-07,4.54855e-05,0.0053262057,-0.0003436111,-3.129e-07,0.0027226562,1.66779e-05,0.00260711,-0.79686,3.038071,1.213655,0.122379,-0.800146,-0.18343,-0.55781
1413393249.10657,-0.302323,-2.51952,-0.249699,0.177786,-0.806964,0.121075,0.550038,0.0003538541,1.149e-07,-0.0001382728,8.764e-07,-8.8e-09,5.49455e-05,0.0052403497,-0.0003166973,-1.4121e-06,0.0027226909,1.67257e-05,0.0026129241,-0.804661,2.993903,1.220359,0.114291,-0.811497,-0.179513,-0.544229
1413393249.15658,-0.297833,-2.505433,-0.260179,0.175698,-0.807439,0.119822,0.550287,0.0003538631,-1.3e-09,-0.0001382959,8.827e-07,3.73e-08,5.4969e-05,0.0052161826,-0.000310143,-1.7528e-06,0.0027235558,1.6721e-05,0.0026151036,-0.805826,2.980961,1.218613,0.112986,-0.812038,-0.177422,-0.544381
1413393249.35658,-0.28568,-2.458406,-0.310909,0.170758,-0.802203,0.11506,0.560422,0.0003598093,2.633e-06,-0.0001316956,9.282e-07,-9.27e-07,4.9137e-05,0.0051437083,-0.0002903796,-3.5048e-06,0.0027316283,1.67121e-05,0.0026267958,-0.802478,2.938053,1.207336,0.108041,-0.807081,-0.17247,-0.554258
1413393249.40657,-0.287052,-2.449087,-0.312724,0.171265,-0.800931,0.112878,0.562527,0.0003608575,4.6034e-06,-0.0001304293,9.721e-07,-1.6266e-06,4.80785e-05,0.0051288525,-0.000286042,-3.4546e-06,0.0027338899,1.67255e-05,0.0026285735,-0.800062,2.92949,1.205644,0.105879,-0.805839,-0.17303,-0.556304
1413393249.45656,-0.286466,-2.439843,-0.316381,0.173846,-0.799717,0.108812,0.564261,0.0003612925,8.5384e-06,-0.0001297424,1.1219e-06,-3.0316e-06,4.75297e-05,0.00511881,-0.0002852865,-3.8261e-06,0.0027368382,1.66733e-05,0.002630845,-0.797426,2.921798,1.20387,0.101766,-0.804673,-0.175641,-0.557939
1413393249.55656,-0.283927,-2.425901,-0.337362,0.183002,-0.796746,0.09786,0.567564,0.0003612662,1.98791e-05,-0.0001286014,2.0296e-06,-7.0512e-06,4.67287e-05,0.0051060765,-0.0002797173,-4.7482e-06,0.0027443486,1.6631e-05,0.0026385517,-0.79207,2.910176,1.199418,0.090782,-0.801834,-0.184875,-0.560932
1413393249.65656,-0.279955,-2.418601,-0.363424,0.191464,-0.792507,0.090741,0.571874,0.0003620412,2.88653e-05,-0.0001260006,3.2543e-06,-1.0028e-05,4.48107e-05,0.0051097887,-0.0002727035,-5.7079e-06,0.0027531213,1.65423e-05,0.0026477349,-0.78802,2.905189,1.190311,0.083691,-0.797737,-0.193396,-0.564988
1413393249.95656,-0.253568,-2.438917,-0.464609,0.184499,-0.788801,0.114188,0.575078,0.0003685123,1.24481e-05,-0.0001205571,1.4145e-06,-4.041e-06,4.0428e-05,0.0052208493,-0.0002401297,-8.9053e-06,0.0027880659,1.61328e-05,0.0026847589,-0.790335,2.931626,1.13799,0.107015,-0.794473,-0.186395,-0.567995
1413393250.00655,-0.246976,-2.446117,-0.475453,0.183262,-0.791017,0.115433,0.572173,0.000367093,1.05034e-05,-0.0001226835,1.3014e-06,-3.477e-06,4.19972e-05,0.0052481954,-0.0002309635,-9.453e-06,0.00279294,1.61205e-05,0.0026896362,-0.793044,2.939422,1.128661,0.10835,-0.796687,-0.185136,-0.565045
1413393250.05653,-0.240024,-2.446888,-0.470936,0.183112,-0.793774,0.115125,0.568453,0.0003648446,9.8883e-06,-0.00012569,1.2742e-06,-3.3743e-06,4.42932e-05,0.0052760039,-0.0002181046,-1.03099e-05,0.0027846941,1.48999e-05,0.0026881665,-0.796044,2.947863,1.119661,0.107902,-0.799461,-0.18502,-0.561238
1413393250.25653,-0.210025,-2.488685,-0.524974,0.17851,-0.798777,0.113931,0.563125,0.0003616836,7.3022e-06,-0.000129939,1.1824e-06,-2.5861e-06,4.77112e-05,0.0054101806,-0.0001794481,-1.42162e-05,0.0028134359,1.52477e-05,0.0027215254,-0.806909,2.990285,1.088876,0.106675,-0.804553,-0.180411,-0.555669
1413393250.30653,-0.203816,-2.500663,-0.537481,0.176695,-0.797875,0.113273,0.565104,0.0003628637,7.3134e-06,-0.0001285385,1.1897e-06,-2.5526e-06,4.65664e-05,0.00546146,-0.000168267,-1.50419e-05,0.0028225884,1.51017e-05,0.0027313733,-0.808806,3.002945,1.082154,0.105987,-0.80372,-0.178638,-0.557575
1413393250.40653,-0.19161,-2.526587,-0.56095,0.169598,-0.794458,0.116236,0.571456,0.0003672426,3.5667e-06,-0.0001232051,1.0916e-06,-1.1535e-06,4.23712e-05,0.005560093,-0.0001501391,-1.67289e-05,0.0028441228,1.4788e-05,0.0027529231,-0.812227,3.030206,1.069964,0.108935,-0.800382,-0.171646,-0.563969
1413393250.45653,-0.195539,-2.53757,-0.553301,0.165382,-0.791688,0.120288,0.575682,0.0003702997,6.43e-08,-0.0001191594,1.0586e-06,3.03e-08,3.93707e-05,0.0055897603,-0.0001316087,-1.50678e-05,0.0028473382,1.4654e-05,0.0027459301,-0.814219,3.04487,1.06478,0.112933,-0.797612,-0.167529,-0.568331
1413393250.50653,-0.210598,-2.547432,-0.52671,0.160187,-0.788966,0.125941,0.579665,0.0003732342,-4.9657e-06,-0.0001149037,1.1116e-06,1.5918e-06,3.63799e-05,0.0055670469,-0.0001207354,-1.82599e-05,0.0028402547,1.15188e-05,0.002714837,-0.816618,3.059671,1.0599,0.118608,-0.79484,-0.162417,-0.572526
1413393250.75651,-0.175685,-2.612306,-0.51316,0.150507,-0.787381,0.139984,0.581192,0.0003750983,-1.78357e-05,-0.0001110215,1.8871e-06,5.3341e-06,3.38588e-05,0.0056531967,-0.0001096102,-5.42673e-05,0.0028149341,5.3495e-06,0.0026814616,-0.837046,3.121571,1.038005,0.13301,-0.793213,-0.152808,-0.574257
1413393250.80649,-0.180041,-2.619143,-0.497058,0.150782,-0.79164,0.140351,0.575216,0.0003717899,-1.89241e-05,-0.0001157999,2.002e-06,5.9445e-06,3.70679e-05,0.0056877272,-0.0001042648,-4.34433e-05,0.0027893992,5.213e-07,0.0026616275,-0.842888,3.130396,1.033897,0.133512,-0.797316,-0.153103,-0.568354
1413393250.85651,-0.238819,-2.671234,-0.45518,0.151648,-0.795615,0.13976,0.56962,0.0003687128,-1.9351e-05,-0.0001200761,2.0142e-06,6.3428e-06,4.01065e-05,0.0055677303,-0.0001670809,-3.2557e-06,0.0027313552,2.05051e-05,0.0026271633,-0.848789,3.13819,1.030413,0.133356,-0.800858,-0.15403,-0.563134
1413393250.90652,-0.229777,-2.680957,-0.45665,0.15366,-0.798357,0.137283,0.565833,0.0003660702,-1.74947e-05,-0.0001239116,1.8294e-06,5.9639e-06,4.29547e-05,0.0056575538,-0.0002375486,3.5931e-06,0.0027385884,2.00905e-05,0.0026209094,-0.854224,3.144938,1.027977,0.131042,-0.8035,-0.156112,-0.559327
1413393251.15648,-0.206528,-2.699625,-0.447641,0.139873,-0.805958,0.114338,0.563732,0.0003623173,-1.02455e-05,-0.0001295704,1.2761e-06,3.7091e-06,4.73819e-05,0.0056489325,-0.0002316958,6.9619e-06,0.002728149,1.95813e-05,0.0026150027,-0.868448,3.165231,1.029543,0.108741,-0.810593,-0.142969,-0.557387
1413393251.20645,-0.2071,-2.697628,-0.443509,0.129889,-0.805757,0.107763,0.56769,0.0003640116,-1.01118e-05,-0.0001275304,1.2658e-06,3.5874e-06,4.57209e-05,0.0056409111,-0.0002264858,7.2189e-06,0.0027250643,1.95144e-05,0.0026147441,-0.868662,3.167189,1.032424,0.102293,-0.810279,-0.133145,-0.561484
1413393251.30635,-0.219128,-2.693394,-0.4257,0.106419,-0.80503,0.090215,0.576597,0.0003675596,-8.9868e-06,-0.0001230147,1.1932e-06,3.0514e-06,4.22024e-05,0.0056272295,-0.0002323584,5.7428e-06,0.0027109278,1.5916e-05,0.00261157,-0.868249,3.169284,1.039527,0.085423,-0.809426,-0.110293,-0.570422
1413393251.80627,-0.185183,-2.66829,-0.344407,-0.020673,-0.791962,-0.000728,0.61022,0.0003827375,-9.7111e-06,-9.99976e-05,1.1928e-06,2.5621e-06,2.71345e-05,0.0055739463,-0.0001938336,6.037e-06,0.0026991655,1.26259e-05,0.0026093473,-0.901899,3.156933,1.103192,0.005372,0.795325,-0.016236,0.605951
1413393251.85624,-0.180144,-2.660706,-0.331883,-0.031257,-0.79527,-0.008217,0.605393,0.0003800255,-9.8124e-06,-0.0001042849,1.1629e-06,2.7162e-06,2.9614e-05,0.00554201,-0.0001950496,6.0355e-06,0.0026953265,1.12276e-05,0.0026075297,-0.912653,3.154413,1.110268,0.013549,0.798296,-0.027628,0.601489
1413393252.20621,-0.090162,-2.646297,-0.256272,-0.100848,-0.811567,-0.066666,0.571616,0.0003629032,-3.2021e-06,-0.0001292308,8.904e-07,1.1187e-06,4.70388e-05,0.0054962434,-0.000103752,3.9992e-06,0.002685055,9.4135e-06,0.0026076533,-0.999865,3.140548,1.170269,0.071562,0.813889,-0.097259,0.568341
1413393252.25619,-0.076428,-2.643901,-0.243883,-0.110568,-0.809709,-0.073855,0.57157,0.0003631745,-3.0741e-06,-0.0001287852,8.392e-07,1.0541e-06,4.66304e-05,0.0054926186,-9.19294e-05,3.4263e-06,0.0026828291,9.5685e-06,0.0026065258,-1.01089,3.139447,1.180233,0.078547,0.811914,-0.107391,0.56842
1413393253.45618,0.012592,-2.645013,-0.117493,-0.220921,-0.800669,-0.142899,0.53824,0.0003507835,-3.7859e-06,-0.0001434511,9.618e-07,1.506e-06,5.97446e-05,0.0055716756,-7.1079e-06,1.5579e-05,0.0027352565,-6.426e-06,0.0026492446,-1.090695,3.124665,1.22711,0.14718,0.802725,-0.217666,0.535344
1413393253.50618,0.003652,-2.645299,-0.109234,-0.221622,-0.799257,-0.142448,0.540168,0.0003520626,-4.6811e-06,-0.0001421515,9.843e-07,1.8441e-06,5.84721e-05,0.0055933753,-1.11122e-05,1.71901e-05,0.0027421705,-7.4707e-06,0.0026534361,-1.081301,3.124758,1.231104,0.146693,0.801336,-0.218321,0.537287
1413393253.65618,-0.031737,-2.642693,-0.077002,-0.219862,-0.792534,-0.143578,0.550396,0.0003589509,-5.7678e-06,-0.0001347473,1.029e-06,2.1199e-06,5.16561e-05,0.0056336694,-5.25032e-05,2.28688e-05,0.0027719627,-1.17487e-05,0.0026693267,-1.04516,3.121361,1.248445,0.147759,0.794691,-0.216538,0.547491
1413393254.00618,-0.135231,-2.619208,0.013012,-0.227995,-0.783006,-0.151458,0.558552,0.0003653977,-6.9881e-06,-0.0001272561,1.1017e-06,2.3865e-06,4.53741e-05,0.0057493112,-0.0001702657,4.25409e-05,0.0028757885,-2.13148e-05,0.0027206483,-0.941394,3.101818,1.305538,0.155576,0.785269,-0.224642,0.555595
1413393254.05618,-0.158578,-2.612557,0.012895,-0.233313,-0.781511,-0.154646,0.557575,0.0003653605,-7.2462e-06,-0.0001273112,9.269e-07,2.4743e-06,4.52651e-05,0.0056567287,-0.0001888032,2.42249e-05,0.0028267551,-7.3761e-06,0.0027116361,-0.926185,3.098284,1.315711,0.158889,0.783752,-0.229917,0.554642
1413393254.10619,-0.184189,-2.599011,0.013766,-0.239945,-0.779347,-0.157738,0.556923,0.0003654299,-8.286e-06,-0.0001272128,9.689e-07,2.8305e-06,4.51014e-05,0.0056459151,-0.0001955095,1.56149e-05,0.0028095718,4.0401e-06,0.0027064317,-0.911182,3.094538,1.326371,0.162228,0.781568,-0.236444,0.554014
1413393254.15619,-0.201636,-2.588184,0.011495,-0.246936,-0.776264,-0.161846,0.556995,0.0003660433,-9.3874e-06,-0.0001264133,9.562e-07,3.1163e-06,4.42937e-05,0.0056147001,-0.0002163326,1.70745e-05,0.0027191676,1.7032e-05,0.002698311,-0.896072,3.09036,1.33737,0.166398,0.778542,-0.243409,0.554022
1413393254.45619,-0.284802,-2.576708,0.039866,-0.275012,-0.770137,-0.200993,0.539313,0.0003632901,4.3983e-06,-0.0001300263,6.082e-07,-1.6308e-06,4.71252e-05,0.0054142263,-0.0003175027,1.8539e-05,0.002731363,8.3026e-06,0.002666997,-0.807254,3.064754,1.410507,0.205164,0.772221,-0.271795,0.536389
1413393254.50617,-0.300375,-2.579538,0.011854,-0.276916,-0.771936,-0.20646,0.533673,0.0003610326,8.6221e-06,-0.0001323283,6.879e-07,-3.1906e-06,4.90606e-05,0.0053635099,-0.0003264448,7.6279e-06,0.0027213235,3.3752e-06,0.0026310731,-0.791058,3.061354,1.422882,0.210584,0.773797,-0.273814,0.530963
1413393254.55617,-0.325869,-2.567305,0.01583,-0.280171,-0.772364,-0.207558,0.530921,0.0003594746,8.7631e-06,-0.0001340888,6.912e-07,-3.2974e-06,5.0575e-05,0.0053671442,-0.0003408176,6.145e-06,0.0027211872,6.1955e-06,0.0026250207,-0.773675,3.058488,1.435181,0.211902,0.774114,-0.277385,0.528114
1413393254.60616,-0.338492,-2.566717,0.029634,-0.283557,-0.772822,-0.207892,0.52832,0.0003578495,8.122e-06,-0.0001358335,6.457e-07,-3.1046e-06,5.2115e-05,0.0053295489,-0.0003641562,2.8594e-06,0.0027260017,6.0018e-06,0.0026164242,-0.75505,3.056031,1.446821,0.212235,0.77457,-0.281054,0.525363
1413393254.65616,-0.357032,-2.566345,0.041446,-0.286968,-0.771933,-0.206647,0.528266,0.0003576289,5.8898e-06,-0.0001362063,5.529e-07,-2.2614e-06,5.24267e-05,0.0053272972,-0.0003773519,3.7169e-06,0.0027284823,6.1687e-06,0.0026148698,-0.734937,3.0537,1.458195,0.210933,0.773707,-0.284533,0.525287
1413393254.80611,-0.422393,-2.561896,0.081116,-0.290619,-0.761475,-0.205026,0.541904,0.0003655271,-1.2841e-06,-0.0001269492,4.622e-07,4.337e-07,4.46277e-05,0.0053135155,-0.000443112,2.4626e-06,0.0027477587,6.3604e-06,0.0026127618,-0.668158,3.047155,1.494159,0.209112,0.763379,-0.288294,0.5389
1413393254.8561,-0.446771,-2.559703,0.092441,-0.290423,-0.759486,-0.204031,0.545167,0.0003672393,-2.7145e-06,-0.0001247284,4.779e-07,9.106e-07,4.28972e-05,0.0053161497,-0.0004633484,2.198e-06,0.0027545055,6.3115e-06,0.0026126033,-0.644999,3.045338,1.505233,0.208102,0.761389,-0.288127,0.542184
1413393254.95609,-0.495366,-2.556312,0.11399,-0.2897,-0.755817,-0.202688,0.551119,0.0003702966,-5.1425e-06,-0.0001205578,5.32e-07,1.6646e-06,3.97812e-05,0.0053082231,-0.0005109202,1.8274e-06,0.0027722306,6.2523e-06,0.0026125614,-0.599049,3.042045,1.526078,0.206725,0.757729,-0.287396,0.548193
1413393255.8561,-0.768737,-2.484261,0.216629,-0.304332,-0.757003,-0.191994,0.545405,0.00036452,-1.60715e-05,-0.0001276572,1.2077e-06,5.6255e-06,4.52927e-05,0.0051667936,-0.0007672192,3.309e-07,0.0029118485,5.5767e-06,0.0026162918,-0.330213,2.972214,1.620745,0.195777,0.759134,-0.301591,0.542617
1413393255.95609,-0.782996,-2.464208,0.218471,-0.302356,-0.761815,-0.200878,0.536533,0.0003615908,-7.1483e-06,-0.0001318923,6.403e-07,2.602e-06,4.87017e-05,0.0051298703,-0.0007788144,6.502e-07,0.0029218902,5.7193e-06,0.0026153096,-0.317647,2.953283,1.623321,0.204633,0.763897,-0.299502,0.533748
1413393256.70609,-0.97021,-2.286035,0.235039,-0.301854,-0.765422,-0.203037,0.530838,0.0003590981,-3.7479e-06,-0.00013547,5.899e-07,1.4141e-06,5.17576e-05,0.0048040442,-0.0008990218,5.092e-07,0.0030593536,7.3204e-06,0.0026188614,-0.133701,2.780322,1.635141,0.206875,0.767481,-0.298708,0.528157
1413393256.95611,-1.083847,-2.200565,0.226599,-0.291258,-0.76691,-0.202963,0.534626,0.0003615319,-5.55e-08,-0.0001326187,5.497e-07,2e-08,4.93052e-05,0.0046561704,-0.000951238,1.0638e-06,0.0031354917,7.5516e-06,0.0026179683,-0.039106,2.704423,1.624477,0.207057,0.768722,-0.288187,0.532111
1413393257.0561,-1.119346,-2.169693,0.211783,-0.29131,-0.765986,-0.198358,0.537641,0.0003619818,-3.4801e-06,-0.0001318909,5.772e-07,1.2773e-06,4.87105e-05,0.0045864218,-0.0009882574,1.1146e-06,0.0031901133,7.7085e-06,0.0026174017,0.002491,2.674673,1.611386,0.202649,0.767869,-0.288214,0.535017
1413393257.35611,-1.248101,-2.07309,0.170438,-0.293688,-0.763427,-0.192546,0.542082,0.0003631192,-9.2863e-06,-0.0001302607,7.876e-07,3.3517e-06,4.73957e-05,0.0044243507,-0.0010510541,1.3807e-06,0.0033139362,8.1859e-06,0.002618115,0.13376,2.582483,1.573168,0.196982,0.765459,-0.290535,0.539314
1413393257.6061,-1.358685,-1.986014,0.137318,-0.297604,-0.760803,-0.193403,0.543329,0.0003639343,-1.12562e-05,-0.000129052,8.984e-07,4.0216e-06,4.64361e-05,0.0042823181,-0.001091348,1.9327e-06,0.003426975,8.3606e-06,0.0026187238,0.244817,2.498756,1.543512,0.197909,0.762825,-0.29457,0.540517
1413393257.7561,-1.424659,-1.930217,0.113606,-0.301258,-0.758994,-0.195633,0.543046,0.0003641586,-1.17167e-05,-0.0001286465,9.24e-07,4.1755e-06,4.61241e-05,0.0041968156,-0.0011114198,2.3856e-06,0.0035002495,8.4365e-06,0.0026190026,0.310648,2.444801,1.523302,0.200121,0.761022,-0.298293,0.540202
1413393257.8061,-1.445945,-1.911575,0.105218,-0.300856,-0.759128,-0.198517,0.542035,0.0003642515,-9.5963e-06,-0.0001285839,7.928e-07,3.4275e-06,4.60656e-05,0.0041688167,-0.0011170155,2.624e-06,0.003524547,8.4189e-06,0.0026188817,0.332194,2.426334,1.516596,0.202929,0.761128,-0.297999,0.539167
1413393258.20611,-1.628097,-1.761032,0.065354,-0.292098,-0.761248,-0.212471,0.538549,0.0003657454,3.4524e-06,-0.0001273077,5.992e-07,-1.163e-06,4.5019e-05,0.0039540632,-0.001160228,3.742e-06,0.0037574964,8.9216e-06,0.0026207552,0.516876,2.282849,1.484337,0.217062,0.762966,-0.289325,0.535778
1413393258.25612,-1.649512,-1.74767,0.062098,-0.288238,-0.760658,-0.210341,0.542287,0.0003674273,2.8959e-06,-0.0001251902,5.885e-07,-9.454e-07,4.33547e-05,0.0039343605,-0.0011669054,4.039e-06,0.0037878004,8.8936e-06,0.002620181,0.542746,2.267285,1.482712,0.21504,0.762357,-0.285639,0.539427
1413393258.35613,-1.701048,-1.718276,0.061073,-0.275415,-0.75659,-0.20699,0.555763,0.0003743102,2.7364e-06,-0.000115807,5.917e-07,-8.014e-07,3.65175e-05,0.0038991847,-0.0011815561,4.1868e-06,0.0038518881,8.9822e-06,0.0026200733,0.595345,2.238901,1.481693,0.211621,0.75828,-0.272821,0.552995
1413393258.40613,-1.727008,-1.705575,0.061245,-0.269029,-0.75573,-0.201911,0.561897,0.0003766206,1.0943e-06,-0.0001124246,5.771e-07,-2.775e-07,3.42423e-05,0.0038824421,-0.0011910753,4.2059e-06,0.0038889652,9.0395e-06,0.0026198211,0.621852,2.226388,1.481122,0.206465,0.757419,-0.26648,0.55918
1413393258.45613,-1.752212,-1.694242,0.060962,-0.262201,-0.756407,-0.195416,0.566491,0.0003778511,-5.751e-07,-0.0001105668,5.779e-07,2.213e-07,3.3033e-05,0.0038677928,-0.0012005817,4.2135e-06,0.003925036,9.0926e-06,0.0026196296,0.647774,2.215307,1.480048,0.199934,0.758122,-0.259678,0.563784
1413393258.50613,-1.775578,-1.685695,0.060648,-0.25584,-0.756873,-0.185764,0.571997,0.0003789815,-4.5509e-06,-0.0001087081,6.343e-07,1.3627e-06,3.18517e-05,0.0038540549,-0.0012097494,4.0745e-06,0.0039595253,9.0985e-06,0.0026193374,0.672649,2.205782,1.478565,0.190166,0.758608,-0.25342,0.569332
1413393258.55612,-1.799732,-1.678572,0.062924,-0.247193,-0.758295,-0.17628,0.576897,0.0003799093,-7.0802e-06,-0.0001070876,7.156e-07,2.0565e-06,3.08496e-05,0.0038429793,-0.0012190819,4.2719e-06,0.0039922327,9.1107e-06,0.0026190209,0.696838,2.197276,1.477336,0.180575,0.760036,-0.244796,0.574301
1413393259.25612,-2.077218,-1.589334,0.081839,-0.070663,-0.814931,-0.040173,0.57383,0.0003638437,-5.9427e-06,-0.000130242,8.006e-07,2.1859e-06,4.73244e-05,0.0037577611,-0.0013317246,5.2515e-06,0.0044183524,9.6606e-06,0.0026248266,0.96217,2.126657,1.484575,0.044456,0.816712,-0.069321,0.571151
1413393259.30611,-2.098827,-1.58229,0.085537,-0.05748,-0.816376,-0.029887,0.573876,0.0003634073,-6.4741e-06,-0.0001307795,8.273e-07,2.3862e-06,4.77687e-05,0.0037483685,-0.0013459298,5.5651e-06,0.0044774691,9.7017e-06,0.0026257466,0.980341,2.122222,1.486337,0.034113,0.818171,-0.056185,0.57122
1413393259.85611,-2.336643,-1.513413,0.131551,0.097846,-0.813482,0.078264,0.567933,0.0003626924,-6.0398e-06,-0.0001320715,8.534e-07,2.2438e-06,4.88027e-05,0.0037202239,-0.0014360526,7.0519e-06,0.0049450425,1.42911e-05,0.0026437023,1.202477,2.072493,1.52181,0.074176,-0.815773,-0.098431,-0.565101
1413393259.90611,-2.359166,-1.509073,0.135931,0.111082,-0.811413,0.08733,0.567136,0.0003630863,-5.8658e-06,-0.0001316479,8.421e-07,2.1759e-06,4.84364e-05,0.003723825,-0.0014438378,7.8495e-06,0.0049852643,1.52875e-05,0.0026448312,1.22454,2.06802,1.526822,0.083276,-0.813803,-0.111595,-0.564226
1413393259.95611,-2.381253,-1.506127,0.14152,0.124024,-0.809408,0.096348,0.565856,0.0003632059,-5.839e-06,-0.0001315428,8.336e-07,2.1697e-06,4.83379e-05,0.0037266247,-0.0014513043,7.7797e-06,0.0050293112,1.73434e-05,0.0026443498,1.246747,2.063598,1.531518,0.092298,-0.811911,-0.124388,-0.562869
1413393260.3061,-2.548491,-1.48115,0.164753,0.205209,-0.786976,0.155913,0.56058,0.0003681463,-5.9251e-06,-0.0001256711,7.917e-07,2.088e-06,4.34978e-05,0.0037371553,-0.0015072276,2.08928e-05,0.0053789774,2.6013e-05,0.0026515181,1.406771,2.033336,1.563942,0.152081,-0.790105,-0.205101,-0.557273
1413393260.3561,-2.574616,-1.477724,0.165334,0.216133,-0.778335,0.161681,0.566868,0.0003730083,-2.432e-06,-0.0001192897,6.73e-07,8.434e-07,3.87148e-05,0.0037426243,-0.0015259367,1.32786e-05,0.005403637,2.3077e-05,0.0026410854,1.430081,2.028633,1.567143,0.157925,-0.781547,-0.215989,-0.563566
1413393260.45611,-2.607422,-1.465226,0.166381,0.237353,-0.758521,0.164484,0.584171,0.0003823148,1.129e-05,-0.0001045412,9.125e-07,-3.0602e-06,2.90566e-05,0.0036932522,-0.0015519868,1.43524e-05,0.0055030645,2.07005e-05,0.0026387477,1.474152,2.01765,1.569128,0.160524,-0.762023,-0.237318,-0.580731
1413393260.60611,-2.643588,-1.447248,0.153088,0.261518,-0.731485,0.155492,0.610214,0.0003901545,3.68854e-05,-8.30271e-05,3.9629e-06,-7.8243e-06,1.80934e-05,0.003641322,-0.001544758,2.41136e-05,0.0055819628,2.31876e-05,0.0026350356,1.524079,1.998048,1.560642,0.151369,-0.735217,-0.261611,-0.606723
1413393260.6561,-2.65319,-1.440323,0.147837,0.269466,-0.72764,0.150265,0.612656,0.0003890933,4.46808e-05,-8.15962e-05,5.5977e-06,-9.3467e-06,1.75329e-05,0.0036374175,-0.0015339801,2.50181e-05,0.0055611847,2.34717e-05,0.0026347066,1.533636,1.991795,1.554958,0.146154,-0.731339,-0.269566,-0.609198
1413393260.7561,-2.660575,-1.428795,0.13733,0.281998,-0.729555,0.144511,0.606088,0.0003837896,5.20943e-05,-8.87514e-05,7.5332e-06,-1.20226e-05,2.09475e-05,0.0036312268,-0.0015250714,2.62906e-05,0.0055785573,2.40032e-05,0.0026338245,1.539527,1.982122,1.543314,0.140397,-0.733153,-0.282019,-0.602701
1413393260.80608,-2.660533,-1.425217,0.130825,0.284927,-0.737417,0.144091,0.595206,0.0003791377,5.00655e-05,-9.8619e-05,7.0406e-06,-1.29999e-05,2.60611e-05,0.0036139099,-0.0015186478,2.25783e-05,0.0055695665,2.21534e-05,0.0026285592,1.536066,1.979052,1.537142,0.13997,-0.740961,-0.284826,-0.591837
1413393261.05606,-2.595317,-1.433096,0.112762,0.267796,-0.774006,0.174932,0.546442,0.0003631094,8.5205e-06,-0.0001322831,5.359e-07,-3.0683e-06,4.85348e-05,0.0035841475,-0.0015047256,1.3025e-05,0.0054621946,1.42071e-05,0.0026172869,1.480377,1.98539,1.520903,0.170387,-0.777599,-0.267006,-0.543159
1413393261.10607,-2.582618,-1.437499,0.111804,0.264834,-0.778756,0.177563,0.540254,0.000360208,3.7612e-06,-0.0001358979,3.66e-07,-1.3839e-06,5.16098e-05,0.0035879796,-0.0014929735,1.2788e-05,0.0053944116,1.36949e-05,0.0026169769,1.467195,1.989611,1.519505,0.172967,-0.782323,-0.263937,-0.537023
1413393261.15608,-2.56735,-1.442856,0.111201,0.263574,-0.782289,0.17749,0.535771,0.0003572175,1.9746e-06,-0.0001392603,3.118e-07,-7.451e-07,5.46194e-05,0.0035878744,-0.0014926228,1.23897e-05,0.0053674983,1.30401e-05,0.0026160225,1.454704,1.994675,1.518404,0.172581,-0.785986,-0.262649,-0.532408
1413393261.70606,-2.489184,-1.572935,0.118334,0.294491,-0.769568,0.235071,0.51554,0.0003577656,-2.21142e-05,-0.0001372635,1.6707e-06,8.5074e-06,5.29851e-05,0.0037368794,-0.0015775194,1.02352e-05,0.005189628,1.24627e-05,0.0026151648,1.369468,2.118143,1.52434,0.230202,-0.773137,-0.293377,-0.513037
1413393261.75606,-2.487538,-1.587429,0.11977,0.302614,-0.767584,0.244919,0.50917,0.0003562158,-2.58796e-05,-0.0001383304,2.178e-06,1.00696e-05,5.40348e-05,0.0037511884,-0.0015897464,9.9166e-06,0.0051890548,1.25059e-05,0.0026148175,1.366833,2.132538,1.525654,0.240056,-0.771188,-0.30146,-0.506731
1413393261.80606,-2.487588,-1.602378,0.121131,0.312684,-0.76444,0.253754,0.503457,0.0003551071,-2.78721e-05,-0.0001391692,2.4827e-06,1.09406e-05,5.48563e-05,0.0037685406,-0.0016041505,9.6522e-06,0.0051887467,1.25159e-05,0.0026146464,1.365977,2.146822,1.527037,0.248897,-0.768086,-0.311483,-0.501082
1413393262.50607,-2.59839,-1.763461,0.178838,0.384183,-0.719554,0.278685,0.506932,0.0003672085,-4.2596e-06,-0.0001285342,3.462e-07,1.5011e-06,4.5314e-05,0.0039908704,-0.0018486696,7.6773e-06,0.005422596,1.29076e-05,0.0026159758,1.475858,2.306754,1.587406,0.274063,-0.7232,-0.383296,-0.504931
1413393262.55607,-2.609246,-1.772496,0.182113,0.384891,-0.719445,0.278261,0.506783,0.0003670151,-3.8706e-06,-0.0001288146,3.276e-07,1.3648e-06,4.55287e-05,0.003997714,-0.0018615705,7.6811e-06,0.0054431196,1.31292e-05,0.0026155735,1.486072,2.317467,1.589909,0.273573,-0.72308,-0.384043,-0.504801
1413393262.60609,-2.624571,-1.790442,0.180852,0.385484,-0.719437,0.277146,0.506954,0.0003668253,-3.0148e-06,-0.0001290785,3.045e-07,1.0615e-06,4.57334e-05,0.0040100555,-0.00187974,7.6161e-06,0.0054644537,1.30969e-05,0.0026154054,1.496375,2.328348,1.589322,0.272698,-0.722873,-0.384934,-0.504892
1413393263.15608,-2.741003,-1.925548,0.090771,0.382343,-0.723392,0.287237,0.498008,0.0003648247,-1.33907e-05,-0.0001313158,7.886e-07,4.8216e-06,4.75973e-05,0.0042219615,-0.0021200584,7.6425e-06,0.0057267122,1.37309e-05,0.0026173976,1.606351,2.461994,1.498794,0.282647,-0.727013,-0.381844,-0.495741
1413393263.20607,-2.753756,-1.938989,0.085681,0.381814,-0.724087,0.288932,0.496421,0.000364338,-1.5169e-05,-0.000131722,9.277e-07,5.4849e-06,4.7952e-05,0.0042439354,-0.0021476283,7.5735e-06,0.0057587285,1.36161e-05,0.0026169675,1.617625,2.475434,1.492707,0.284332,-0.72773,-0.381324,-0.494123
1413393263.50607,-2.836436,-2.014546,0.060756,0.380678,-0.722961,0.289931,0.498349,0.0003658553,-1.53906e-05,-0.0001300841,9.568e-07,5.4718e-06,4.65919e-05,0.0043650129,-0.0022989139,7.6927e-06,0.0059532978,1.40236e-05,0.0026180116,1.697763,2.552016,1.467055,0.285257,-0.72675,-0.38023,-0.495871
1413393263.55608,-2.851465,-2.026955,0.053247,0.380341,-0.720767,0.289067,0.50227,0.0003679048,-1.34401e-05,-0.0001277749,7.999e-07,4.6652e-06,4.47122e-05,0.0043857002,-0.0023263046,7.6404e-06,0.0059879267,1.39364e-05,0.0026176246,1.713231,2.564455,1.459285,0.28445,-0.724551,-0.379938,-0.499762
1413393263.60608,-2.866886,-2.039464,0.043989,0.380395,-0.717723,0.288605,0.506834,0.0003703789,-1.11128e-05,-0.000124832,6.427e-07,3.7412e-06,4.24058e-05,0.0044057933,-0.0023527652,7.617e-06,0.0060226491,1.39746e-05,0.0026174619,1.728643,2.576702,1.44946,0.283962,-0.721545,-0.380036,-0.504295
1413393263.65608,-2.881886,-2.051269,0.032704,0.379709,-0.713516,0.289061,0.512992,0.0003739006,-8.915e-06,-0.0001202842,5.235e-07,2.8627e-06,3.90253e-05,0.0044260287,-0.0023796521,7.6737e-06,0.0060588015,1.40482e-05,0.0026174987,1.74401,2.588716,1.437816,0.284425,-0.717351,-0.379417,-0.510447
1413393263.80608,-2.924434,-2.083672,-0.011202,0.383495,-0.700908,0.294071,0.524578,0.0003813393,-3.8488e-06,-0.0001096222,3.573e-07,1.0991e-06,3.18412e-05,0.0044808656,-0.0024518869,7.9396e-06,0.0061577366,1.43689e-05,0.0026179272,1.785334,2.621859,1.394233,0.289492,-0.704796,-0.383358,-0.522011
1413393263.85608,-2.936179,-2.093362,-0.02659,0.387559,-0.697184,0.297285,0.524742,0.0003823132,-3.0066e-06,-0.000108121,3.439e-07,8.42e-07,3.09053e-05,0.004496289,-0.0024727969,8.0823e-06,0.0061868642,1.45342e-05,0.0026179495,1.796737,2.63147,1.379079,0.292759,-0.701122,-0.387391,-0.52216
1413393263.90608,-2.94648,-2.102926,-0.042078,0.392844,-0.693222,0.300021,0.524504,0.0003829761,-1.4849e-06,-0.0001071056,3.266e-07,4.058e-07,3.02807e-05,0.0045104828,-0.0024918718,8.2901e-06,0.0062117435,1.47277e-05,0.0026178297,1.806813,2.64001,1.364518,0.295595,-0.697183,-0.392671,-0.521892
1413393263.95608,-2.95546,-2.111025,-0.056338,0.398042,-0.689034,0.304265,0.523657,0.0003837308,-8.767e-07,-0.0001058841,3.227e-07,2.319e-07,2.95421e-05,0.0045242092,-0.0025102055,8.47e-06,0.0062327234,1.49519e-05,0.0026175988,1.815569,2.647572,1.350701,0.299863,-0.693054,-0.397828,-0.521052
1413393264.50608,-3.007491,-2.151342,-0.170523,0.429953,-0.703568,0.297343,0.481373,0.0003599205,-1.6569e-06,-0.0001385287,3.544e-07,6.28e-07,5.36934e-05,0.0045879785,-0.0025977434,9.6144e-06,0.0063631539,1.66596e-05,0.0026187134,1.865646,2.688503,1.238366,0.293124,-0.707493,-0.429578,-0.478534
1413393264.55608,-3.01166,-2.157894,-0.176335,0.42889,-0.703885,0.296633,0.482295,0.0003601963,-1.4263e-06,-0.000138243,3.535e-07,5.375e-07,5.34331e-05,0.0046053673,-0.0026137511,9.5579e-06,0.0063709161,1.66897e-05,0.0026184601,1.869611,2.694505,1.231808,0.292421,-0.707816,-0.428492,-0.479459
1413393264.80608,-3.031675,-2.200988,-0.204682,0.421481,-0.702309,0.305706,0.485447,0.0003650846,-7.7855e-06,-0.0001325428,5.23e-07,2.8176e-06,4.84998e-05,0.0046777708,-0.0026827023,9.4946e-06,0.0064181472,1.65164e-05,0.0026184574,1.888485,2.736914,1.203391,0.301607,-0.706212,-0.421089,-0.482682
1413393264.85608,-3.035799,-2.210721,-0.210389,0.423148,-0.701305,0.305356,0.48567,0.0003651186,-6.6245e-06,-0.0001325744,4.782e-07,2.3957e-06,4.85183e-05,0.0046992833,-0.002701693,9.4398e-06,0.0064282583,1.64764e-05,0.0026184163,1.892418,2.746821,1.197548,0.301299,-0.705191,-0.42278,-0.482889
1413393264.90608,-3.040331,-2.22108,-0.216424,0.424571,-0.700123,0.304475,0.486685,0.0003654296,-4.9951e-06,-0.0001322781,4.276e-07,1.7973e-06,4.82622e-05,0.0047169307,-0.0027180597,9.4125e-06,0.0064389747,1.64493e-05,0.0026183991,1.896621,2.756921,1.19169,0.300492,-0.703983,-0.424253,-0.483862
1413393265.40607,-3.069032,-2.329244,-0.265046,0.406346,-0.68195,0.325949,0.513404,0.0003854148,-1.07877e-05,-0.0001037727,6.859e-07,2.8938e-06,2.83229e-05,0.0049142674,-0.0028771436,9.575e-06,0.0065095678,1.66417e-05,0.0026192133,1.923317,2.863398,1.144139,0.322216,-0.685643,-0.40637,-0.51082
1413393265.45607,-3.067831,-2.334773,-0.26904,0.404775,-0.685973,0.327546,0.508245,0.0003832715,-1.49757e-05,-0.0001068508,9.698e-07,4.1649e-06,3.01709e-05,0.0049268666,-0.0028855596,9.5795e-06,0.0065089141,1.66312e-05,0.0026191485,1.92221,2.869212,1.140297,0.323865,-0.689567,-0.404907,-0.50563
1413393265.50607,-3.066574,-2.338484,-0.272237,0.403763,-0.690722,0.328864,0.501725,0.0003802763,-1.93632e-05,-0.0001109549,1.3726e-06,5.6407e-06,3.27586e-05,0.0049340247,-0.0028889057,9.5778e-06,0.0065050762,1.66001e-05,0.002619166,1.920844,2.873356,1.137123,0.325319,-0.694221,-0.403982,-0.499026
1413393266.00607,-3.043387,-2.354142,-0.251749,0.47614,-0.660963,0.335436,0.473182,0.0003697187,3.0878e-06,-0.0001277547,4.35e-07,-1.0873e-06,4.45708e-05,0.0049604783,-0.0028788148,9.2516e-06,0.0064315788,1.71542e-05,0.0026188852,1.894914,2.887374,1.156101,0.332302,-0.664106,-0.476538,-0.470593
1413393266.05607,-3.0382,-2.356321,-0.24531,0.483868,-0.656429,0.342812,0.466319,0.0003689349,6.502e-07,-0.0001287623,4.1e-07,-2.473e-07,4.53654e-05,0.0049654451,-0.0028827972,9.1272e-06,0.0064317556,1.71537e-05,0.0026185324,1.889238,2.889717,1.16189,0.339796,-0.659463,-0.484413,-0.463684
1413393266.10606,-3.032053,-2.359045,-0.237887,0.493214,-0.649201,0.349765,0.461456,0.0003690908,5.909e-07,-0.0001285529,4.1e-07,-2.273e-07,4.52004e-05,0.0049701314,-0.0028807532,9.0233e-06,0.0064172777,1.71214e-05,0.0026183174,1.883177,2.892527,1.16893,0.346859,-0.652109,-0.49392,-0.458802
1413393266.50606,-2.963011,-2.383391,-0.149622,0.601422,-0.55149,0.429858,0.386486,0.0003685717,-3.4545e-06,-0.000129466,4.445e-07,1.1908e-06,4.59416e-05,0.0050165681,-0.0028452283,8.0578e-06,0.0062479158,1.70553e-05,0.0026179261,1.815814,2.9182,1.25217,0.427579,-0.554567,-0.601978,-0.383793
1413393266.55606,-2.952888,-2.38505,-0.136618,0.615211,-0.534223,0.442765,0.374273,0.0003696249,-4.7594e-06,-0.0001281002,4.683e-07,1.6313e-06,4.48588e-05,0.0050195114,-0.0028381197,7.7334e-06,0.0062234711,1.73019e-05,0.0026175872,1.806303,2.920834,1.265546,0.440563,-0.537318,-0.615802,-0.371516
1413393266.60606,-2.942894,-2.387028,-0.124666,0.626559,-0.515755,0.457488,0.36349,0.000372435,-6.2793e-06,-0.0001244163,5.116e-07,2.0822e-06,4.20244e-05,0.0050220666,-0.0028302516,7.4961e-06,0.00619927,1.74534e-05,0.0026174851,1.796948,2.923345,1.277666,0.455384,-0.518892,-0.6271,-0.360777
1413393266.65606,-2.933641,-2.388499,-0.115787,0.637204,-0.49917,0.469937,0.352079,0.0003741422,-7.8787e-06,-0.0001220555,5.705e-07,2.5574e-06,4.02783e-05,0.0050247755,-0.0028231384,7.2709e-06,0.0061770057,1.76369e-05,0.0026174229,1.788278,2.925428,1.286677,0.467898,-0.502332,-0.63773,-0.349384
1413393267.35607,-2.920084,-2.354257,0.040245,0.693017,-0.428388,0.50625,0.282705,0.0003694771,-1.61619e-05,-0.0001280785,1.1338e-06,5.597e-06,4.48989e-05,0.004966748,-0.0027694451,2.9289e-06,0.0061609928,2.21961e-05,0.0026249559,1.789543,2.888035,1.420056,0.504404,-0.431429,-0.693617,-0.279897
1413393267.40608,-2.928665,-2.351982,0.044396,0.69223,-0.429667,0.505418,0.284178,0.0003695791,-1.57596e-05,-0.0001280155,1.0503e-06,5.4611e-06,4.48385e-05,0.0049591964,-0.0027751497,2.1378e-06,0.0061772296,2.31329e-05,0.0026256389,1.796761,2.884778,1.42403,0.503619,-0.432519,-0.69288,-0.281446
1413393267.55608,-2.951604,-2.344166,0.051613,0.690988,-0.43154,0.499462,0.294697,0.0003701227,-9.1809e-06,-0.0001281132,6.127e-07,3.1753e-06,4.48482e-05,0.0049524342,-0.00279352,3.087e-07,0.006247756,2.53624e-05,0.002630442,1.821858,2.877034,1.42334,0.49764,-0.434327,-0.691719,-0.291958
1413393267.60608,-2.960629,-2.340508,0.049392,0.691074,-0.431692,0.496892,0.298592,0.0003701417,-6.2123e-06,-0.0001283146,4.88e-07,2.1482e-06,4.49853e-05,0.0049495978,-0.0027990689,-5.151e-07,0.0062711791,2.61805e-05,0.0026322879,1.830815,2.874508,1.418898,0.495047,-0.434445,-0.691846,-0.295867
1413393267.95608,-3.022599,-2.302327,-0.014993,0.692535,-0.428107,0.489079,0.312924,0.0003709411,6.0763e-06,-0.0001276479,4.793e-07,-2.0857e-06,4.43994e-05,0.004901727,-0.002818252,-2.6428e-06,0.0064437376,3.3187e-05,0.0026442355,1.888796,2.85021,1.347592,0.487216,-0.430508,-0.693526,-0.310332
1413393268.00608,-3.02852,-2.296118,-0.021959,0.691442,-0.430324,0.491066,0.309167,0.0003708498,2.0571e-06,-0.0001279421,3.937e-07,-7.03e-07,4.46162e-05,0.0048853938,-0.0028164651,-3.3955e-06,0.0064783209,3.46158e-05,0.0026473933,1.894346,2.846154,1.338387,0.489208,-0.432721,-0.692423,-0.306561
1413393268.25608,-3.05673,-2.278842,-0.069072,0.691241,-0.437291,0.493026,0.296459,0.0003677467,-8.2488e-06,-0.000131772,5.101e-07,2.9526e-06,4.76188e-05,0.004816723,-0.0027938168,5.4562e-06,0.0065071053,2.60562e-05,0.0026310261,1.918946,2.827074,1.305457,0.491469,-0.439377,-0.692148,-0.293835
1413393268.30607,-3.060458,-2.275187,-0.074204,0.693234,-0.435039,0.490327,0.299579,0.0003673292,-4.3288e-06,-0.0001325118,3.782e-07,1.5591e-06,4.81988e-05,0.004831698,-0.0028111967,5.8058e-06,0.0065286289,2.61023e-05,0.0026305476,1.923961,2.824208,1.30073,0.488815,-0.437127,-0.694131,-0.296925
1413393268.50614,-3.078752,-2.265153,-0.107055,0.702051,-0.42751,0.476492,0.311953,0.0003638236,1.17697e-05,-0.0001362289,6.777e-07,-4.4158e-06,5.13739e-05,0.0047827555,-0.0027976179,5.9217e-06,0.0065257151,1.85437e-05,0.0026159781,1.938587,2.815603,1.292046,0.475575,-0.429008,-0.703123,-0.308869
1413393268.55614,-3.079574,-2.265464,-0.108357,0.701358,-0.429918,0.476931,0.309522,0.0003632043,9.4316e-06,-0.0001370923,5.422e-07,-3.5698e-06,5.21103e-05,0.0047886154,-0.0028055902,6.0721e-06,0.0065356109,1.83282e-05,0.0026156843,1.939637,2.813974,1.292645,0.475947,-0.431557,-0.702341,-0.306516
1413393268.60615,-3.078521,-2.264876,-0.106483,0.698981,-0.432885,0.478961,0.307624,0.0003638063,6.0439e-06,-0.0001366152,3.989e-07,-2.2795e-06,5.16651e-05,0.0047899436,-0.0028064222,6.1985e-06,0.0065349718,1.81994e-05,0.0026155719,1.939698,2.812652,1.295165,0.478079,-0.43444,-0.699964,-0.304555
1413393269.15614,-3.054337,-2.278019,-0.067482,0.692838,-0.428076,0.481794,0.323421,0.0003707554,1.40169e-05,-0.0001280196,8.537e-07,-4.859e-06,4.45832e-05,0.0048200849,-0.0028083907,5.9219e-06,0.0064822497,1.83002e-05,0.0026158683,1.920103,2.821677,1.336629,0.481228,-0.429555,-0.693689,-0.320466
1413393269.20614,-3.05065,-2.277833,-0.067925,0.693192,-0.423827,0.484114,0.32479,0.0003720995,1.57557e-05,-0.0001258137,9.851e-07,-5.3506e-06,4.29133e-05,0.0048174024,-0.0027989953,5.9898e-06,0.0064589446,1.79366e-05,0.0026153138,1.915731,2.822654,1.337364,0.483698,-0.425028,-0.694247,-0.321574
1413393269.30614,-3.037683,-2.277524,-0.064055,0.69296,-0.417388,0.496436,0.314872,0.000375594,8.7929e-06,-0.0001218109,5.256e-07,-2.8738e-06,3.98799e-05,0.0048145155,-0.0027858346,5.9427e-06,0.0064282355,1.787e-05,0.0026153328,1.903335,2.82159,1.340328,0.496068,-0.418567,-0.693983,-0.311629
1413393269.95614,-2.994556,-2.231947,-0.167526,0.714352,-0.398449,0.505947,0.273783,0.0003682577,-4.5753e-06,-0.000132144,4.122e-07,1.622e-06,4.78469e-05,0.0047371923,-0.002691322,5.8791e-06,0.0063267185,1.76215e-05,0.0026195751,1.87403,2.756057,1.209581,0.506043,-0.399208,-0.715072,-0.270605
1413393270.00614,-2.995657,-2.22951,-0.179806,0.717489,-0.396109,0.501898,0.276415,0.0003668771,-2.441e-07,-0.0001339251,3.589e-07,6.74e-08,4.93223e-05,0.0047306372,-0.002688587,5.8705e-06,0.0063340724,1.76308e-05,0.0026203778,1.876885,2.751285,1.194305,0.502034,-0.396822,-0.718202,-0.273281
1413393270.05614,-2.99522,-2.221993,-0.196583,0.718734,-0.394569,0.501196,0.276659,0.0003665064,8.876e-07,-0.0001343046,3.611e-07,-3.463e-07,4.96506e-05,0.0047277017,-0.0026868322,5.9594e-06,0.0063353297,1.75858e-05,0.0026204277,1.879328,2.746784,1.179816,0.501276,-0.395609,-0.719265,-0.273632
1413393270.50614,-2.992228,-2.215248,-0.283975,0.715634,-0.405552,0.500481,0.270028,0.0003641248,-7.4211e-06,-0.0001372761,5.413e-07,2.7775e-06,5.22241e-05,0.0047236394,-0.0026694802,5.5902e-06,0.006337095,1.73656e-05,0.0026327043,1.88641,2.730199,1.07013,0.500654,-0.406533,-0.716058,-0.267092
1413393270.65614,-2.997327,-2.21578,-0.303811,0.709214,-0.418635,0.492377,0.281648,0.0003633643,-4.8338e-06,-0.0001383877,4.675e-07,1.818e-06,5.31869e-05,0.0047332887,-0.0026775247,5.3883e-06,0.0063670682,1.73053e-05,0.0026401649,1.892124,2.733634,1.041949,0.492562,-0.41961,-0.709684,-0.278678
1413393270.70614,-2.999757,-2.216285,-0.308387,0.707127,-0.421365,0.488309,0.289789,0.000363855,-5.322e-07,-0.0001379658,4.087e-07,1.764e-07,5.27981e-05,0.0047382298,-0.0026808575,5.3105e-06,0.0063774133,1.72808e-05,0.0026431456,1.894434,2.735835,1.034689,0.488517,-0.422294,-0.707604,-0.286916
1413393270.75614,-3.000866,-2.218039,-0.30873,0.703967,-0.424637,0.48691,0.295013,0.0003648807,8.343e-07,-0.0001368463,4.145e-07,-3.394e-07,5.18101e-05,0.0047458046,-0.0026845914,5.2233e-06,0.0063848736,1.72493e-05,0.0026464008,1.895312,2.739552,1.031729,0.487168,-0.425614,-0.704411,-0.29211
1413393271.00614,-3.009792,-2.24139,-0.289155,0.6982,-0.431238,0.474164,0.318935,0.0003658724,1.44749e-05,-0.0001351522,1.0006e-06,-5.3787e-06,5.04005e-05,0.0047576937,-0.002712161,5.129e-07,0.0063797147,2.54071e-05,0.0026340517,1.888526,2.764359,1.065698,0.474276,-0.432292,-0.698701,-0.316234
1413393271.10614,-2.998221,-2.25598,-0.273025,0.695223,-0.43385,0.473585,0.322732,0.0003670212,1.48904e-05,-0.0001338515,1.0361e-06,-5.4624e-06,4.92934e-05,0.0047872809,-0.0027412306,-4.822e-07,0.0063962161,2.7355e-05,0.0026310782,1.878754,2.775104,1.080038,0.473793,-0.4349,-0.695648,-0.320087
1413393271.15613,-2.989788,-2.264316,-0.269053,0.692762,-0.435394,0.475257,0.323487,0.0003683165,1.35564e-05,-0.0001324938,9.319e-07,-4.9079e-06,4.81407e-05,0.0048062516,-0.0027461877,-5.375e-07,0.0063713061,2.75486e-05,0.0026298115,1.872328,2.780423,1.083443,0.475518,-0.436462,-0.693138,-0.320849
1413393271.20613,-2.981157,-2.271352,-0.267568,0.691707,-0.435288,0.475179,0.325993,0.000369123,1.47264e-05,-0.0001314381,1.0221e-06,-5.2755e-06,4.72833e-05,0.0048206563,-0.0027476447,-4.851e-07,0.0063468145,2.75474e-05,0.0026290727,1.865085,2.785629,1.084414,0.475462,-0.436368,-0.692065,-0.323366
1413393271.55613,-2.908446,-2.288146,-0.295,0.666965,-0.455734,0.474251,0.350073,0.0003776533,1.38321e-05,-0.0001207576,9.597e-07,-4.4553e-06,3.90994e-05,0.0048480298,-0.0027032782,4.2e-09,0.0061772217,2.75079e-05,0.0026284089,1.79565,2.801059,1.060875,0.474639,-0.456989,-0.667214,-0.347434
1413393271.60613,-2.89468,-2.287348,-0.297126,0.661647,-0.461512,0.475023,0.351543,0.0003787603,1.07182e-05,-0.0001195682,7.569e-07,-3.415e-06,3.82323e-05,0.004847881,-0.0026840117,1.0454e-06,0.0061252862,2.58854e-05,0.0026274467,1.782659,2.799206,1.059279,0.475394,-0.46282,-0.66187,-0.348899
1413393271.85612,-2.818651,-2.281335,-0.304915,0.648136,-0.497913,0.451805,0.357595,0.0003700282,5.4274e-06,-0.0001316863,5.487e-07,-1.9659e-06,4.73713e-05,0.0048107857,-0.0025947154,4.1193e-06,0.0059542001,2.08821e-05,0.0026245568,1.717257,2.77836,1.061032,0.452098,-0.499402,-0.648254,-0.354932
1413393271.90612,-2.801884,-2.280318,-0.30327,0.644605,-0.502662,0.448487,0.361488,0.0003698316,6.0154e-06,-0.0001319011,5.638e-07,-2.1814e-06,4.7546e-05,0.0048229878,-0.002579432,4.8856e-06,0.0058930687,2.07828e-05,0.0026235377,1.703545,2.773484,1.06356,0.448713,-0.504286,-0.644672,-0.358822
1413393272.00612,-2.771919,-2.27208,-0.297264,0.637938,-0.508885,0.444404,0.369563,0.0003710833,7.6285e-06,-0.0001303619,6.275e-07,-2.7179e-06,4.62991e-05,0.004816747,-0.0025452476,4.9285e-06,0.0058169462,2.07093e-05,0.0026235122,1.674384,2.764508,1.070304,0.444532,-0.510662,-0.638017,-0.366814
1413393272.15613,-2.722991,-2.259614,-0.285711,0.630524,-0.516441,0.439513,0.377565,0.0003720084,8.7535e-06,-0.0001292705,6.813e-07,-3.0823e-06,4.54234e-05,0.0047964352,-0.0024884923,5.0023e-06,0.0057073716,2.06601e-05,0.002623552,1.627432,2.750549,1.083212,0.439538,-0.518405,-0.63064,-0.374641
1413393272.20613,-2.706387,-2.253938,-0.280812,0.625207,-0.519854,0.440775,0.380245,0.000373833,6.8218e-06,-0.0001270707,5.977e-07,-2.3589e-06,4.36904e-05,0.0047833275,-0.0024658102,5.1032e-06,0.0056710033,2.06092e-05,0.0026234739,1.611336,2.745607,1.088651,0.440814,-0.521864,-0.625337,-0.377223
1413393272.30613,-2.672941,-2.243883,-0.270793,0.613074,-0.531644,0.442806,0.381336,0.0003754014,-1.2326e-06,-0.000125281,4.784e-07,3.737e-07,4.23045e-05,0.0047658134,-0.0024248084,5.1658e-06,0.0055969007,2.06121e-05,0.0026235309,1.579214,2.735083,1.099678,0.442714,-0.533803,-0.613204,-0.378211
1413393272.65613,-2.573683,-2.200492,-0.229242,0.581827,-0.565246,0.412077,0.41493,0.0003755363,6.6712e-06,-0.0001252685,5.933e-07,-2.2639e-06,4.2268e-05,0.0047053497,-0.0022958754,5.6654e-06,0.0053754163,2.03346e-05,0.0026236227,1.483198,2.691972,1.144226,0.411641,-0.567912,-0.582099,-0.411333
1413393272.70613,-2.560262,-2.191443,-0.222673,0.577573,-0.570356,0.405184,0.420629,0.0003751455,9.3745e-06,-0.000125626,7.039e-07,-3.1763e-06,4.25441e-05,0.0046726664,-0.002268999,5.7855e-06,0.005357008,2.0409e-05,0.0026234289,1.470195,2.68484,1.151224,0.404672,-0.573124,-0.577887,-0.41692
1413393273.10613,-2.431636,-2.13572,-0.166796,0.523236,-0.624088,0.363573,0.452274,0.0003731242,7.7416e-06,-0.0001287288,6.359e-07,-2.7021e-06,4.48785e-05,0.0045735203,-0.0020986413,6.3839e-06,0.0050961316,2.05789e-05,0.002624109,1.346092,2.623092,1.209528,0.362583,-0.627254,-0.523344,-0.44856
1413393273.20613,-2.39767,-2.118796,-0.149515,0.505811,-0.640982,0.352816,0.456966,0.0003713565,3.8567e-06,-0.0001311747,4.944e-07,-1.3854e-06,4.67903e-05,0.0045486693,-0.0020536479,7.1444e-06,0.0050241766,1.90161e-05,0.0026226084,1.310521,2.608065,1.223734,0.351627,-0.644407,-0.505786,-0.453088
1413393273.50613,-2.293508,-2.089439,-0.108318,0.45051,-0.684699,0.310892,0.481221,0.0003687302,3.1092e-06,-0.0001346033,4.697e-07,-1.1535e-06,4.95931e-05,0.0044938889,-0.0019352529,8.1144e-06,0.0048288927,1.78589e-05,0.002622292,1.207683,2.574132,1.265795,0.309304,-0.688261,-0.450423,-0.477239
1413393273.55613,-2.277241,-2.086982,-0.098706,0.440305,-0.688567,0.305729,0.488403,0.0003708802,3.5581e-06,-0.0001320055,4.607e-07,-1.2857e-06,4.74265e-05,0.0044879147,-0.0019190799,8.1598e-06,0.0047984035,1.80458e-05,0.0026218358,1.191231,2.570663,1.273914,0.303956,-0.692299,-0.440033,-0.484475
1413393273.80613,-2.194288,-2.077323,-0.057064,0.390817,-0.708024,0.281458,0.516473,0.0003785072,2.2344e-06,-0.00012236,4.104e-07,-7.407e-07,3.99692e-05,0.0044704763,-0.0018379264,8.4241e-06,0.0046422707,1.6483e-05,0.0026208782,1.107865,2.556911,1.318081,0.279069,-0.711946,-0.390493,-0.512617
1413393273.85612,-2.177713,-2.075743,-0.048681,0.380928,-0.714104,0.276896,0.517955,0.0003780332,-2.991e-07,-0.000123055,3.854e-07,8.16e-08,4.04597e-05,0.0044677924,-0.0018253805,8.5266e-06,0.0046173986,1.64742e-05,0.0026206701,1.090841,2.553708,1.326296,0.274285,-0.718098,-0.380481,-0.514147
1413393274.40612,-2.011326,-2.030173,0.06331,0.280601,-0.765817,0.215622,0.53693,0.0003724333,-1.15542e-05,-0.000130426,7.125e-07,4.0364e-06,4.60533e-05,0.0044131462,-0.0016633953,1.01312e-05,0.0043480648,1.66426e-05,0.002622196,0.934055,2.514293,1.435104,0.212415,-0.770078,-0.280118,-0.532354
1413393274.55612,-1.981189,-2.016826,0.085597,0.252927,-0.77482,0.197854,0.544551,0.0003731626,-1.22996e-05,-0.0001295903,7.47e-07,4.2611e-06,4.53657e-05,0.0043704857,-0.0016119957,1.08543e-05,0.0042900729,1.7503e-05,0.0026228177,0.906215,2.499811,1.456926,0.194337,-0.779063,-0.252414,-0.539989
1413393274.90612,-1.930589,-1.970516,0.067285,0.194119,-0.783959,0.146246,0.57126,0.0003801247,-2.9315e-06,-0.000121283,3.705e-07,9.227e-07,3.90493e-05,0.0043050453,-0.0015323444,1.36472e-05,0.0042136584,1.9722e-05,0.0026260505,0.862913,2.457475,1.439728,0.142172,-0.788139,-0.193793,-0.566637
1413393274.95612,-1.92697,-1.965082,0.065705,0.186637,-0.784023,0.139268,0.575395,0.0003815908,-1.4012e-06,-0.0001192801,3.406e-07,4.258e-07,3.76244e-05,0.0042939494,-0.0015241078,1.36058e-05,0.004207218,2.01323e-05,0.0026256003,0.857782,2.450724,1.437138,0.135042,-0.78813,-0.186384,-0.570861
1413393275.20612,-1.887269,-1.923391,0.058762,0.142817,-0.789151,0.109576,0.587229,0.0003847848,-2.0469e-06,-0.0001148582,3.504e-07,6.015e-07,3.46145e-05,0.0042409139,-0.0014617681,1.61455e-05,0.0041545039,2.31178e-05,0.002628342,0.823822,2.415322,1.429143,0.104908,-0.79319,-0.142694,-0.582656
1413393275.25612,-1.879454,-1.914528,0.056712,0.132956,-0.79145,0.10406,0.587453,0.0003843933,-3.4047e-06,-0.0001154843,3.648e-07,1.0145e-06,3.50169e-05,0.0042236356,-0.0014462359,1.64827e-05,0.0041423367,2.37276e-05,0.0026283788,0.815051,2.407564,1.428107,0.099249,-0.795438,-0.132914,-0.582897
1413393275.35612,-1.86169,-1.904923,0.053553,0.112385,-0.796921,0.092328,0.586313,0.0003827211,-6.1651e-06,-0.0001179804,4.183e-07,1.8934e-06,3.66799e-05,0.0041955355,-0.0014166842,1.76128e-05,0.004111456,2.48151e-05,0.002629432,0.795948,2.391145,1.426542,0.087291,-0.80067,-0.112304,-0.581982
1413393275.40612,-1.852402,-1.896096,0.051282,0.101199,-0.799239,0.086475,0.586087,0.0003819238,-7.8417e-06,-0.0001190842,4.498e-07,2.4414e-06,3.74343e-05,0.0041891822,-0.0014186673,1.20573e-05,0.0040902417,1.76441e-05,0.0026238998,0.78596,2.382511,1.426223,0.081355,-0.802927,-0.101242,-0.581763
1413393275.50612,-1.832193,-1.878143,0.052107,0.079859,-0.802144,0.074975,0.586997,0.0003813442,-1.06714e-05,-0.0001196071,5.779e-07,3.3466e-06,3.78103e-05,0.0041598317,-0.0013900596,1.12376e-05,0.0040572308,1.636e-05,0.0026230584,0.765186,2.364466,1.427868,0.069583,-0.805727,-0.079772,-0.582757
1413393275.75612,-1.771713,-1.823677,0.06926,0.028867,-0.807465,0.042428,0.587679,0.0003797651,-1.39514e-05,-0.0001217894,7.895e-07,4.475e-06,3.93499e-05,0.0040791463,-0.0013063865,1.13291e-05,0.0039744467,1.5889e-05,0.0026235342,0.709884,2.310627,1.442539,0.036752,-0.810715,-0.028714,-0.583587
1413393275.80612,-1.760717,-1.813174,0.073364,0.020766,-0.811782,0.036544,0.582446,0.000376307,-1.40818e-05,-0.0001264967,7.968e-07,4.7331e-06,4.28123e-05,0.0040643533,-0.0012903297,1.11572e-05,0.0039553644,1.57296e-05,0.0026232234,0.698494,2.298539,1.446244,0.030792,-0.814946,-0.020486,-0.578363
1413393276.35612,-1.700965,-1.661059,0.145844,0.017563,-0.808984,-0.009204,0.587497,0.0003791674,1.41512e-05,-0.0001232613,8.07e-07,-4.6123e-06,4.03599e-05,0.0038648702,-0.0011341765,1.35478e-05,0.0038703979,1.63348e-05,0.0026257194,0.651715,2.148252,1.516804,0.015152,0.81198,0.017192,0.583235
1413393276.40613,-1.718044,-1.659181,0.146177,0.01922,-0.808682,-0.007517,0.587884,0.0003793422,1.39256e-05,-0.0001228847,7.602e-07,-4.5161e-06,4.00809e-05,0.0038437585,-0.001137579,1.14261e-05,0.0038698389,1.53264e-05,0.0026229869,0.651376,2.137542,1.520412,0.013993,0.811599,0.018449,0.583756
1413393276.65615,-1.716239,-1.619217,0.126406,0.013911,-0.816764,0.014493,0.576622,0.0003729028,-2.9542e-06,-0.0001322295,2.732e-07,1.0471e-06,4.717e-05,0.0038042311,-0.0011245475,1.16125e-05,0.003887199,1.5466e-05,0.0026230914,0.652302,2.097138,1.500594,0.007905,-0.8198,-0.012878,-0.572452
1413393276.70616,-1.724088,-1.614948,0.117295,0.013023,-0.81785,0.018042,0.575,0.0003718641,-5.6344e-06,-0.0001332821,3.288e-07,2.0231e-06,4.8047e-05,0.0037923282,-0.0011249126,1.07396e-05,0.003893457,1.51056e-05,0.0026225339,0.653881,2.090118,1.494629,0.011207,-0.820813,-0.011931,-0.570963
1413393277.25617,-1.790507,-1.53101,0.091589,0.016023,-0.814371,0.018285,0.579835,0.0003753389,-4.3849e-06,-0.0001295443,3.133e-07,1.5204e-06,4.5002e-05,0.0036969516,-0.001110427,1.10685e-05,0.0039888957,1.53877e-05,0.0026232779,0.722351,2.008792,1.469511,0.011602,-0.817527,-0.014853,-0.575583
1413393277.30617,-1.801276,-1.523701,0.092524,0.016165,-0.813371,0.017285,0.581263,0.0003761454,-3.7865e-06,-0.0001284177,2.989e-07,1.3016e-06,4.41308e-05,0.0036841154,-0.0011140728,1.07728e-05,0.0040122719,1.53621e-05,0.0026230548,0.732212,2.001426,1.470822,0.010651,-0.816546,-0.015018,-0.576986
1413393277.85616,-1.913751,-1.44869,0.102767,-0.00957,-0.803072,0.01364,0.595649,0.0003847099,-1.34735e-05,-0.0001163839,7.564e-07,4.0918e-06,3.55147e-05,0.003599686,-0.0011225097,1.10051e-05,0.0041790587,1.52459e-05,0.0026243522,0.845937,1.927985,1.479839,0.007374,-0.806457,0.010646,-0.591154
1413393277.90616,-1.923436,-1.440342,0.095085,-0.016274,-0.801379,0.009783,0.597856,0.0003858767,-1.424e-05,-0.0001145474,8.105e-07,4.2437e-06,3.43084e-05,0.0035904073,-0.0011235563,1.09357e-05,0.004197237,1.51857e-05,0.0026243223,0.854701,1.919778,1.471773,0.003538,-0.804742,0.017278,-0.593366
1413393277.95616,-1.932035,-1.431351,0.08679,-0.024078,-0.799469,0.005695,0.600198,0.0003871012,-1.54294e-05,-0.0001125235,9.009e-07,4.5026e-06,3.30129e-05,0.0035798707,-0.0011215141,1.0904e-05,0.0042106655,1.51218e-05,0.0026243889,0.862374,1.910853,1.463199,0.00054,0.802806,-0.025039,0.595718
1413393278.45616,-1.960971,-1.299216,0.043863,-0.128697,-0.807621,-0.034525,0.574451,0.0003690609,-3.63789e-05,-0.0001327936,3.8902e-06,1.31224e-05,4.81175e-05,0.0034404741,-0.0010322681,1.09553e-05,0.0042560474,1.45606e-05,0.0026266184,0.887859,1.776621,1.420057,0.041072,0.810384,-0.130099,0.5698
1413393278.50616,-1.961977,-1.280144,0.043,-0.136108,-0.808864,-0.03405,0.571012,0.0003661479,-3.94637e-05,-0.0001353827,4.5595e-06,1.46261e-05,5.03983e-05,0.003423127,-0.0010193337,1.10711e-05,0.0042590784,1.45654e-05,0.0026266468,0.888928,1.757496,1.419769,0.040638,0.811583,-0.137609,0.566346
1413393278.55616,-1.963189,-1.259181,0.04281,-0.142514,-0.81004,-0.033548,0.567802,0.0003633919,-4.21025e-05,-0.0001377597,5.1862e-06,1.59967e-05,5.25692e-05,0.0034027122,-0.0010032417,1.11848e-05,0.0042612846,1.45326e-05,0.0026267922,0.890457,1.736346,1.419979,0.040111,0.812739,-0.144054,0.563114
1413393278.90616,-1.984065,-1.059787,0.058188,-0.119362,-0.803669,-0.081566,0.577248,0.0003777823,-2.7494e-06,-0.0001274428,3.415e-07,9.525e-07,4.33483e-05,0.0032344924,-0.0008513684,1.29879e-05,0.0042921644,1.41708e-05,0.0026296441,0.910678,1.532321,1.44447,0.08787,0.80638,-0.120726,0.572241
1413393278.95616,-1.988659,-1.028608,0.062667,-0.115351,-0.803189,-0.086363,0.578034,0.0003787286,2.0451e-06,-0.0001262648,3.345e-07,-6.58e-07,4.24533e-05,0.0032109927,-0.0008289206,1.35553e-05,0.0043033614,1.42492e-05,0.0026299968,0.914429,1.500329,1.450143,0.092602,0.805903,-0.116699,0.573
1413393279.65617,-2.074568,-0.680186,0.055897,-0.090735,-0.813833,-0.082841,0.567962,0.0003720741,1.25763e-05,-0.0001348967,7.892e-07,-4.5408e-06,4.93108e-05,0.0030222936,-0.0005746302,1.51071e-05,0.0044763493,1.30777e-05,0.002639496,1.007911,1.145089,1.448105,0.08882,0.816579,-0.092559,0.562801
1413393279.70618,-2.086485,-0.660812,0.062494,-0.088685,-0.812238,-0.082395,0.570627,0.0003738391,1.28562e-05,-0.0001327918,8.08e-07,-4.5486e-06,4.7572e-05,0.0030113661,-0.0005557722,1.38575e-05,0.0044870431,1.29717e-05,0.0026368612,1.02088,1.126434,1.447255,0.0884,0.815014,-0.090501,0.565462
1413393279.80618,-2.117357,-0.62337,0.063419,-0.086763,-0.808245,-0.080797,0.576788,0.0003777422,1.2102e-05,-0.0001280482,7.457e-07,-4.0856e-06,4.38069e-05,0.0029767593,-0.0005371275,1.86065e-05,0.0045300219,1.49915e-05,0.0026354067,1.048499,1.091797,1.44505,0.086847,0.811025,-0.08859,0.571707
1413393279.85618,-2.131322,-0.605482,0.063995,-0.085936,-0.806219,-0.078777,0.580017,0.000379667,1.08322e-05,-0.0001256797,6.681e-07,-3.5693e-06,4.20026e-05,0.0029657545,-0.0005257361,1.78934e-05,0.0045602778,1.51641e-05,0.0026341607,1.062678,1.076048,1.442564,0.084872,0.809017,-0.08779,0.574962
1413393279.90618,-2.145729,-0.587983,0.061459,-0.086067,-0.804666,-0.077266,0.582354,0.000381068,9.5614e-06,-0.0001239368,6.004e-07,-3.0932e-06,4.07078e-05,0.0029566807,-0.0005142448,1.81733e-05,0.0045840888,1.58187e-05,0.0026337424,1.076752,1.061046,1.439632,0.083354,0.807482,-0.087903,0.57732
1413393279.95618,-2.158841,-0.573537,0.060001,-0.086205,-0.802772,-0.074995,0.585236,0.0003827559,7.7101e-06,-0.0001217831,5.185e-07,-2.4362e-06,3.91478e-05,0.0029502449,-0.0005030455,1.8026e-05,0.0046093835,1.58002e-05,0.0026337714,1.090582,1.047052,1.43739,0.081126,0.805586,-0.088088,0.580251
1413393280.15618,-2.207971,-0.523685,0.058482,-0.08792,-0.801552,-0.060568,0.588316,0.0003838895,-2.6662e-06,-0.0001206549,3.953e-07,8.585e-07,3.83299e-05,0.0029354916,-0.0004699642,1.80479e-05,0.0047001453,1.58512e-05,0.0026347949,1.14153,1.000428,1.432894,0.066698,0.804373,-0.090013,0.583468
1413393280.20618,-2.21788,-0.511506,0.058575,-0.08895,-0.800459,-0.054963,0.590198,0.0003841634,-6.9522e-06,-0.0001194215,4.881e-07,2.1885e-06,3.75033e-05,0.0029162578,-0.000460673,1.40517e-05,0.0046965303,1.59528e-05,0.0026294691,1.152764,0.990381,1.433927,0.061269,0.803347,-0.091345,0.585267
1413393280.25617,-2.228222,-0.501391,0.059568,-0.090066,-0.800972,-0.049931,0.589778,0.0003835252,-1.06824e-05,-0.0001200577,6.62e-07,3.3732e-06,3.79637e-05,0.0029121372,-0.0004516808,1.39916e-05,0.0047131139,1.59497e-05,0.0026294683,1.163368,0.980351,1.435031,0.056184,0.803842,-0.092526,0.584912
1413393280.30617,-2.237806,-0.491073,0.061759,-0.09035,-0.800399,-0.046769,0.590772,0.0003838197,-1.29468e-05,-0.0001194028,8.033e-07,4.0583e-06,3.7527e-05,0.0029086388,-0.0004440476,1.39328e-05,0.004730534,1.59426e-05,0.0026294796,1.173293,0.970068,1.437286,0.052982,0.803247,-0.092872,0.585971
1413393281.30615,-2.289465,-0.031858,0.039682,-0.070503,-0.813062,-0.052815,0.575475,0.0003758283,1.7717e-06,-0.000131904,4.331e-07,-5.909e-07,4.67408e-05,0.0028556586,-2.93816e-05,1.6291e-05,0.00484007,1.57612e-05,0.0026326378,1.237163,0.5114,1.414639,0.058311,0.815346,-0.073596,0.571311
1413393281.35615,-2.293108,0.000994,0.045254,-0.069464,-0.812823,-0.055736,0.575662,0.0003760397,4.1449e-06,-0.0001315728,4.714e-07,-1.4197e-06,4.64831e-05,0.0028565203,9.23e-07,1.64534e-05,0.0048380037,1.57945e-05,0.0026326076,1.241186,0.478309,1.419202,0.06122,0.815083,-0.07257,0.571512
1413393282.10615,-2.391418,0.384486,0.180884,-0.098227,-0.80179,-0.058765,0.586541,0.0003834593,-8.5766e-06,-0.0001224532,6.799e-07,2.7785e-06,3.96086e-05,0.0029688338,0.0003736609,1.75472e-05,0.0050290672,1.60088e-05,0.0026417831,1.331449,0.097437,1.513183,0.063982,0.803736,-0.101408,0.582782
1413393282.15615,-2.395167,0.403747,0.191586,-0.102917,-0.803619,-0.054046,0.583681,0.0003811816,-1.34529e-05,-0.0001252253,9.68e-07,4.4617e-06,4.16508e-05,0.0029789485,0.000392997,1.75711e-05,0.0050469084,1.60237e-05,0.0026431289,1.334992,0.078303,1.521404,0.059232,0.805523,-0.106153,0.579964
1413393282.65615,-2.442609,0.613148,0.303629,-0.085403,-0.801218,-0.076126,0.587334,0.0003855661,8.6334e-06,-0.0001202158,7.335e-07,-2.6561e-06,3.80355e-05,0.0031287725,0.000606736,1.76157e-05,0.0051766652,1.59508e-05,0.0026673487,1.378052,-0.13079,1.608404,0.080995,0.80318,-0.088609,0.583516
1413393282.70615,-2.447514,0.632371,0.304524,-0.08331,-0.800025,-0.077027,0.589141,0.0003866663,1.00385e-05,-0.0001185718,8.048e-07,-3.0423e-06,3.69148e-05,0.0031459668,0.0006268261,1.80818e-05,0.0051907282,1.59042e-05,0.0026698568,1.382957,-0.149428,1.608472,0.081887,0.80201,-0.086523,0.58531
1413393282.85615,-2.451993,0.683111,0.288545,-0.075942,-0.796387,-0.062293,0.596758,0.0003903331,3.4662e-06,-0.0001135923,5.771e-07,-9.709e-07,3.35977e-05,0.0031789116,0.0006761811,2.50228e-05,0.0052072176,1.656e-05,0.0026645707,1.395721,-0.196303,1.606921,0.067293,0.798542,-0.079279,0.592892
1413393282.90616,-2.452655,0.695757,0.280366,-0.071404,-0.798684,-0.055715,0.594895,0.0003890122,1.5384e-06,-0.0001157533,5.522e-07,-4.191e-07,3.49831e-05,0.0031897074,0.0006922699,2.68173e-05,0.005185978,1.55768e-05,0.0026592463,1.398728,-0.209448,1.60643,0.060667,0.800875,-0.074831,0.591037
1413393282.95616,-2.453755,0.708632,0.276748,-0.064766,-0.802083,-0.049389,0.591632,0.0003868421,9.574e-07,-0.0001190819,5.5e-07,-2.559e-07,3.71993e-05,0.0031978676,0.0007052417,2.83966e-05,0.0051813099,1.5096e-05,0.0026562397,1.401127,-0.221643,1.60634,0.054335,0.804325,-0.068265,0.587753
1413393283.00615,-2.429739,0.721326,0.271405,-0.057909,-0.806266,-0.042999,0.587139,0.0003838069,5.393e-07,-0.0001234596,5.426e-07,-1.415e-07,4.02539e-05,0.0031719891,0.00071285,3.08913e-05,0.0051764087,1.42098e-05,0.0026531428,1.40327,-0.233111,1.606301,0.047741,0.80867,-0.061144,0.583132
1413393283.25616,-2.443179,0.773913,0.280963,-0.003661,-0.81803,-0.015844,0.574945,0.0003753729,8.6035e-06,-0.000134444,7.571e-07,-3.0584e-06,4.87144e-05,0.0032050971,0.0007544613,2.99378e-05,0.0051299204,1.52854e-05,0.0026490655,1.416161,-0.278661,1.616085,0.020201,0.820685,-0.007031,0.570989
1413393283.30616,-2.449986,0.781856,0.282764,0.007575,-0.818672,-0.009319,0.574135,0.0003746955,9.4542e-06,-0.0001352584,7.987e-07,-3.3925e-06,4.93887e-05,0.0032100616,0.0007731952,2.7746e-05,0.0051509114,1.60487e-05,0.0026457861,1.420233,-0.285223,1.618811,0.013527,0.821367,0.004227,0.570233
1413393283.45616,-2.492324,0.79878,0.269229,0.042833,-0.819039,0.012491,0.572,0.0003734007,1.10819e-05,-0.0001367961,8.887e-07,-4.0466e-06,5.06691e-05,0.003205773,0.0007940542,2.02869e-05,0.0051741704,1.80124e-05,0.002638178,1.436772,-0.297559,1.625751,0.008665,-0.821844,-0.039163,-0.568309
1413393283.50616,-2.499284,0.800417,0.268567,0.054399,-0.818653,0.02098,0.571321,0.0003730245,1.10288e-05,-0.0001372778,8.861e-07,-4.0464e-06,5.10729e-05,0.003208915,0.0008135863,2.04216e-05,0.0052468655,1.81661e-05,0.0026378605,1.443513,-0.299531,1.625768,0.017104,-0.821523,-0.050606,-0.567677
1413393283.55616,-2.503324,0.794282,0.267105,0.065418,-0.817817,0.031253,0.570893,0.0003730528,9.4744e-06,-0.0001371754,7.912e-07,-3.4722e-06,5.09773e-05,0.0032049239,0.0008178484,1.97047e-05,0.0052586846,1.82381e-05,0.0026363236,1.450939,-0.300177,1.624057,0.027094,-0.82073,-0.06141,-0.567371
1413393283.60616,-2.510737,0.794224,0.261314,0.075282,-0.817103,0.040464,0.570121,0.0003729694,7.8227e-06,-0.0001373912,7.137e-07,-2.8704e-06,5.11454e-05,0.0031995543,0.0008126826,1.96059e-05,0.0052670183,1.83148e-05,0.0026360274,1.458552,-0.300277,1.61933,0.03629,-0.820085,-0.071217,-0.566641
1413393283.90616,-2.56294,0.78091,0.195096,0.141301,-0.800467,0.090029,0.575484,0.000380459,7.4477e-06,-0.0001284081,6.809e-07,-2.5007e-06,4.38599e-05,0.0031871034,0.0008141155,1.91562e-05,0.0053709372,1.86076e-05,0.002634757,1.509463,-0.283977,1.554119,0.0864,-0.803654,-0.137369,-0.572552
1413393283.95615,-2.570944,0.776968,0.18492,0.153821,-0.798432,0.09743,0.573892,0.0003800342,8.4861e-06,-0.0001289049,7.122e-07,-2.8656e-06,4.42337e-05,0.0031853418,0.0008152861,1.91471e-05,0.0053913089,1.85954e-05,0.0026342721,1.517698,-0.278658,1.543001,0.09385,-0.801614,-0.149954,-0.57108
1413393285.35615,-2.733375,0.337234,0.043625,0.489395,-0.655585,0.364628,0.444688,0.0003759196,-1.68461e-05,-0.0001349835,1.3563e-06,6.0173e-06,4.91354e-05,0.0030240374,0.0003885848,3.6116e-06,0.0057953331,2.09494e-05,0.0026572007,1.648681,0.120343,1.446168,0.363406,-0.660042,-0.485636,-0.443231
1413393285.40615,-2.74497,0.317168,0.040992,0.500587,-0.646881,0.371887,0.438928,0.0003761388,-1.64375e-05,-0.0001348336,1.3209e-06,5.86e-06,4.90059e-05,0.00302893,0.0003728252,2.5655e-06,0.005832369,2.11671e-05,0.0026604274,1.658242,0.136431,1.446721,0.370752,-0.651366,-0.496827,-0.437542
1413393285.95615,-2.901123,0.08616,0.029228,0.606022,-0.542063,0.430207,0.392209,0.0003817047,3.8853e-06,-0.0001295556,6.532e-07,-1.3592e-06,4.46998e-05,0.0031862756,0.0001433925,-1.08889e-05,0.0063669395,2.511e-05,0.0027217598,1.789671,0.301451,1.472089,0.430028,-0.54669,-0.602406,-0.391559
1413393286.00615,-2.915015,0.06581,0.029184,0.609013,-0.539632,0.434225,0.386457,0.0003812307,1.1068e-06,-0.0001302931,6.185e-07,-4.168e-07,4.52621e-05,0.0032145372,0.0001225321,-1.23096e-05,0.006426104,2.56249e-05,0.0027303756,1.801226,0.313566,1.475455,0.434099,-0.544227,-0.605395,-0.385844
1413393286.05615,-2.925765,0.078003,0.037929,0.611013,-0.538719,0.437761,0.380539,0.0003801547,-2.0752e-06,-0.0001317381,5.042e-07,7.601e-07,4.60422e-05,0.0030030637,0.0001593589,3.3153e-06,0.0063741787,4.36543e-05,0.0027061333,1.812793,0.325477,1.478582,0.43711,-0.54346,-0.607541,-0.380109
1413393286.10615,-2.939562,0.058982,0.038285,0.612071,-0.538501,0.440493,0.375967,0.0003797591,-5.4301e-06,-0.0001322115,5.73e-07,1.9318e-06,4.64209e-05,0.0030162353,0.0001837805,2.0989e-06,0.0064194962,4.63807e-05,0.0027130059,1.82439,0.337348,1.482022,0.439908,-0.543203,-0.608566,-0.37558
1413393286.15615,-2.94889,0.03766,0.042955,0.612216,-0.537958,0.442971,0.37359,0.00037994,-7.5033e-06,-0.0001319471,6.349e-07,2.6471e-06,4.62094e-05,0.0030170833,0.000166678,-2.053e-07,0.0064639159,5.75466e-05,0.0027126238,1.836203,0.349291,1.486056,0.442446,-0.542695,-0.608667,-0.373161
1413393286.35615,-3.010178,-0.034898,0.045,0.610693,-0.538241,0.444004,0.374448,0.0003809621,-7.9625e-06,-0.0001308976,6.616e-07,2.777e-06,4.53649e-05,0.0030618246,0.0001106539,-6.368e-06,0.0066895829,7.01986e-05,0.0027378931,1.887796,0.395951,1.494473,0.443513,-0.542873,-0.607091,-0.374201
1413393286.40615,-3.023181,-0.047702,0.037317,0.610162,-0.538219,0.442645,0.376947,0.0003814081,-6.3552e-06,-0.0001304817,5.822e-07,2.2126e-06,4.50048e-05,0.0030552786,0.0001032815,-5.0602e-06,0.0067295937,8.62454e-05,0.0027421241,1.901837,0.406961,1.491659,0.442102,-0.542855,-0.606569,-0.376735
1413393286.45615,-3.041637,-0.056371,0.02559,0.609207,-0.538597,0.44104,0.379821,0.0003819317,-4.6105e-06,-0.0001299493,5.22e-07,1.6074e-06,4.45648e-05,0.0030539102,9.93587e-05,-8.182e-07,0.0067707129,9.89827e-05,0.0027456412,1.916161,0.417294,1.485309,0.440433,-0.543163,-0.605667,-0.379686
1413393286.50615,-3.021032,-0.017549,0.024155,0.607692,-0.539391,0.440631,0.381591,0.0003821059,-4.3361e-06,-0.0001297537,4.166e-07,1.4892e-06,4.44093e-05,0.0030105163,1.8166e-05,-1.62359e-05,0.0067203106,8.38317e-05,0.0027339205,1.930487,0.426677,1.475843,0.439306,-0.544415,-0.604299,-0.381374
1413393286.55615,-3.041564,-0.030225,0.014981,0.60593,-0.541192,0.439733,0.382878,0.0003826821,-4.5802e-06,-0.0001290644,4.154e-07,1.572e-06,4.38581e-05,0.0029971819,7.67906e-05,3.4956e-06,0.0066797188,8.91406e-05,0.0027209322,1.944694,0.435973,1.465643,0.438421,-0.546138,-0.602539,-0.38271
1413393286.70615,-3.065387,0.05111,0.056169,0.603291,-0.546181,0.435291,0.38503,0.0003808042,-3.7905e-06,-0.0001315253,2.687e-07,1.3181e-06,4.56835e-05,0.0028878525,-4.26823e-05,1.96285e-05,0.0066132583,2.92983e-05,0.0026403563,1.987319,0.462691,1.442467,0.432845,-0.55156,-0.600245,-0.38488
1413393286.75616,-3.080167,0.042029,0.054437,0.604355,-0.546145,0.431402,0.387779,0.000380823,-9.311e-07,-0.0001316096,2.292e-07,3.301e-07,4.57383e-05,0.0028973991,9.72717e-05,1.94826e-05,0.0065916976,2.8351e-05,0.0026396099,2.001544,0.471388,1.438775,0.429004,-0.551573,-0.601236,-0.387608
1413393286.80616,-3.090769,0.04703,0.060729,0.606897,-0.544662,0.426181,0.391649,0.0003796115,4.3873e-06,-0.0001323453,2.603e-07,-1.5266e-06,4.63778e-05,0.0028847413,7.84267e-05,1.78367e-05,0.0066133496,2.38018e-05,0.0026351775,2.015591,0.479932,1.437125,0.423902,-0.550376,-0.603313,-0.391676
1413393287.30615,-3.142055,-0.044798,0.08579,0.644215,-0.505252,0.442402,0.366044,0.0003763788,1.00428e-05,-0.0001362694,4.861e-07,-3.6344e-06,4.95888e-05,0.0028758111,-2.30313e-05,1.63772e-05,0.0067254987,2.36703e-05,0.0026341799,2.061935,0.565133,1.458984,0.440902,-0.510649,-0.640739,-0.36648
1413393288.10615,-3.048215,-0.222858,0.204456,0.734978,-0.350342,0.533004,0.230161,0.0003809406,-1.40138e-05,-0.0001312223,7.713e-07,4.8343e-06,4.5485e-05,0.0028882983,-0.0002469098,1.15058e-05,0.0065008104,2.32337e-05,0.0026388775,1.964346,0.703614,1.540551,0.533346,-0.355321,-0.731825,-0.231791
1413393288.20615,-3.044729,-0.253323,0.212905,0.743636,-0.33923,0.531758,0.221728,0.0003782322,-1.2304e-05,-0.0001349091,6.602e-07,4.3953e-06,4.84093e-05,0.0028952178,-0.0002884336,1.04941e-05,0.006494619,2.33748e-05,0.002641157,1.96131,0.726241,1.542792,0.532295,-0.344112,-0.740487,-0.223456
1413393288.70615,-3.021109,-0.455343,0.244383,0.741694,-0.324291,0.543218,0.2228,0.0003859438,-8.7036e-06,-0.0001259505,4.779e-07,2.846e-06,4.14112e-05,0.0029722715,-0.000544759,3.4395e-06,0.0064701586,2.52941e-05,0.0026652226,1.946225,0.883109,1.539485,0.543974,-0.328783,-0.738502,-0.22497
1413393288.75615,-3.018543,-0.476659,0.246692,0.742336,-0.320498,0.545042,0.221691,0.0003868036,-8.0671e-06,-0.0001248854,4.522e-07,2.61e-06,4.0631e-05,0.0029846101,-0.0005718501,2.5274e-06,0.0064696441,2.56321e-05,0.0026692147,1.944786,0.899611,1.537732,0.545813,-0.32494,-0.739159,-0.223934
1413393289.00615,-3.010058,-0.580994,0.248303,0.7504,-0.310535,0.542162,0.215702,0.0003840519,-5.1078e-06,-0.0001291297,3.639e-07,1.7221e-06,4.37427e-05,0.0030604587,-0.0007056077,-2.688e-06,0.0064873202,2.78494e-05,0.0026952046,1.943026,0.978442,1.516582,0.543072,-0.314833,-0.747243,-0.218131
1413393289.10616,-3.01361,-0.620883,0.230017,0.751575,-0.308416,0.542406,0.214033,0.0003838893,-4.99e-06,-0.0001294908,3.653e-07,1.6887e-06,4.40026e-05,0.0030862594,-0.0007605107,-1.08859e-05,0.0065012855,2.93448e-05,0.0027025259,1.944035,1.008235,1.495938,0.543414,-0.312543,-0.748411,-0.216563
1413393289.15615,-3.009787,-0.641392,0.219508,0.751139,-0.307142,0.54432,0.212532,0.000384701,-5.9805e-06,-0.0001284497,3.954e-07,2.0028e-06,4.32137e-05,0.0031033075,-0.0007871707,-1.08293e-05,0.0065233854,2.93467e-05,0.0027064573,1.944415,1.022706,1.484253,0.545366,-0.311243,-0.747952,-0.215111
1413393289.40615,-3.006175,-0.740097,0.200712,0.753987,-0.299829,0.545469,0.209928,0.000385057,-4.1144e-06,-0.0001284232,3.593e-07,1.3776e-06,4.31703e-05,0.0032154188,-0.0009194207,-2.13354e-05,0.006579319,3.29451e-05,0.0027478237,1.950521,1.091405,1.441103,0.546694,-0.303766,-0.750744,-0.212686
1413393289.45615,-3.006046,-0.759364,0.201522,0.755134,-0.29941,0.544179,0.209749,0.0003843093,-3.5267e-06,-0.0001295041,3.504e-07,1.1936e-06,4.39827e-05,0.0032414959,-0.0009458311,-2.3771e-05,0.0065966202,3.37907e-05,0.0027579279,1.952637,1.104271,1.436904,0.545447,-0.303312,-0.751877,-0.212535
1413393289.50615,-3.00594,-0.778451,0.204554,0.756359,-0.299855,0.542551,0.208916,0.000383188,-3.6246e-06,-0.0001310348,3.55e-07,1.2447e-06,4.51552e-05,0.0032689006,-0.0009721733,-2.63291e-05,0.006615224,3.46806e-05,0.0027687159,1.954875,1.116802,1.434854,0.543837,-0.303755,-0.753097,-0.211707
1413393289.55615,-3.005569,-0.797456,0.209556,0.757461,-0.299327,0.541143,0.209335,0.000382499,-2.606e-06,-0.0001320155,3.412e-07,9.044e-07,4.59141e-05,0.0032977351,-0.0009984932,-2.90149e-05,0.0066344907,3.56168e-05,0.0027802212,1.956944,1.129085,1.434694,0.542465,-0.303204,-0.754179,-0.212162
1413393289.60615,-3.005152,-0.816416,0.215291,0.758183,-0.299406,0.539862,0.209914,0.0003819139,-1.852e-06,-0.0001328429,3.351e-07,6.49e-07,4.65614e-05,0.0033280664,-0.0010248959,-3.18319e-05,0.00665501,3.66016e-05,0.0027924783,1.959053,1.14113,1.435197,0.541241,-0.303248,-0.754874,-0.212754
1413393289.70615,-3.003172,-0.854009,0.227072,0.759211,-0.300039,0.538228,0.209489,0.0003809091,-1.8167e-06,-0.0001342449,3.404e-07,6.451e-07,4.76736e-05,0.0033933194,-0.0010774255,-3.78808e-05,0.0066975977,3.87253e-05,0.0028193922,1.962388,1.164352,1.436236,0.53966,-0.303846,-0.755873,-0.212368
1413393289.75615,-3.001614,-0.872893,0.233644,0.758772,-0.300608,0.538269,0.210158,0.0003811413,-1.7395e-06,-0.000134029,3.425e-07,6.165e-07,4.74959e-05,0.0034285172,-0.0011038558,-4.11226e-05,0.0067198146,3.98676e-05,0.0028341234,1.963597,1.175755,1.437248,0.539737,-0.304372,-0.755411,-0.213065
1413393290.00615,-2.988165,-0.967156,0.276335,0.753184,-0.30341,0.542502,0.215285,0.0003851384,-1.8368e-06,-0.0001292735,3.581e-07,6.215e-07,4.37686e-05,0.00363229,-0.0012362859,-5.97013e-05,0.0068432348,4.64418e-05,0.0029221108,1.964987,1.229832,1.449679,0.544067,-0.307073,-0.749691,-0.218314
1413393290.05615,-2.985129,-0.985224,0.284282,0.752587,-0.305007,0.54241,0.215347,0.0003851374,-2.5837e-06,-0.0001293381,3.697e-07,8.729e-07,4.38155e-05,0.003678525,-0.0012621705,-6.39217e-05,0.0068728308,4.79377e-05,0.0029428708,1.965027,1.239394,1.451059,0.543985,-0.308643,-0.749084,-0.218387
1413393290.10615,-2.982106,-1.003167,0.290148,0.751718,-0.306612,0.54261,0.215601,0.0003853509,-3.3387e-06,-0.0001291148,3.844e-07,1.1241e-06,4.3645e-05,0.0037268126,-0.0012880773,-6.83207e-05,0.0069045567,4.94994e-05,0.0029647889,1.965091,1.248717,1.450232,0.5442,-0.310223,-0.748192,-0.218669
1413393290.15615,-2.979054,-1.020618,0.293305,0.750963,-0.308148,0.542771,0.215637,0.0003854859,-4.1683e-06,-0.0001289884,4.038e-07,1.4005e-06,4.35487e-05,0.0037769401,-0.0013135508,-7.29037e-05,0.0069383843,5.11277e-05,0.002987913,1.965124,1.257444,1.446552,0.544368,-0.311732,-0.747425,-0.218729
1413393290.20615,-2.976296,-1.037602,0.293711,0.750472,-0.310424,0.542316,0.215227,0.0003851373,-5.3906e-06,-0.0001294801,4.374e-07,1.8185e-06,4.39217e-05,0.0038289812,-0.001338752,-7.76744e-05,0.0069751838,5.2823e-05,0.0030122913,1.965449,1.265613,1.440014,0.543937,-0.314007,-0.746914,-0.218295
1413393290.45617,-3.037031,-1.126592,0.267843,0.755854,-0.31351,0.533671,0.213523,0.0003797511,-4.3396e-06,-0.0001366729,4.279e-07,1.5693e-06,4.95812e-05,0.0038835376,-0.0014886301,-0.0001143203,0.0071904566,6.19439e-05,0.0031537557,1.965816,1.303018,1.382871,0.53528,-0.316778,-0.752407,-0.216821
1413393290.50617,-3.035556,-1.143219,0.262518,0.758326,-0.311366,0.532247,0.21144,0.0003783859,-4.1829e-06,-0.0001383806,4.281e-07,1.537e-06,5.10052e-05,0.0039398891,-0.0015574156,-0.0001208397,0.007431126,6.3696e-05,0.0031865657,1.96488,1.310024,1.370482,0.53386,-0.314648,-0.754903,-0.214738
1413393290.55617,-3.033657,-1.160209,0.257842,0.760246,-0.309225,0.53137,0.209887,0.0003775035,-3.6662e-06,-0.000139502,4.209e-07,1.3618e-06,5.19537e-05,0.0039933199,-0.0015873131,-0.0001280491,0.0074880525,6.58146e-05,0.003221092,1.963485,1.317305,1.358702,0.532969,-0.312533,-0.756848,-0.213187
1413393290.60617,-3.031267,-1.177629,0.253787,0.761581,-0.307055,0.531315,0.208363,0.0003771401,-3.4316e-06,-0.0001400005,4.201e-07,1.2807e-06,5.2377e-05,0.0040493085,-0.00161793,-0.0001355542,0.0075467939,6.80105e-05,0.0032573033,1.961551,1.324912,1.347477,0.532915,-0.310364,-0.7582,-0.211683
1413393290.65617,-3.028118,-1.195094,0.245159,0.762911,-0.3059,0.530934,0.206157,0.0003763832,-3.9703e-06,-0.0001409285,4.341e-07,1.4932e-06,5.31783e-05,0.0041008889,-0.0016474456,-0.0001410121,0.007606814,7.03749e-05,0.0032875612,1.959045,1.33288,1.336258,0.532531,-0.309239,-0.759541,-0.209477
1413393290.80617,-3.016299,-1.25095,0.232556,0.765035,-0.300583,0.531696,0.204133,0.0003765356,-2.7788e-06,-0.0001409903,4.235e-07,1.0464e-06,5.32149e-05,0.0042914813,-0.0017444103,-0.0001659184,0.0078001692,7.77515e-05,0.0034109663,1.94823,1.358581,1.302126,0.53321,-0.303969,-0.76173,-0.207502
1413393290.95617,-3.00125,-1.308095,0.218191,0.762065,-0.301333,0.537661,0.198432,0.0003789379,-8.5493e-06,-0.0001381657,6.07e-07,3.1251e-06,5.08088e-05,0.0045070546,-0.0018458956,-0.0001938118,0.0080185532,8.58907e-05,0.0035521747,1.933905,1.38488,1.265871,0.539157,-0.304772,-0.758742,-0.201831
1413393291.10617,-2.983679,-1.370849,0.201944,0.754072,-0.306587,0.549026,0.189607,0.0003833055,-2.03958e-05,-0.0001317416,1.5118e-06,7.022e-06,4.57177e-05,0.0047542235,-0.0019570872,-0.0002249384,0.0082664828,9.48821e-05,0.0037130185,1.916981,1.416039,1.227594,0.550488,-0.310067,-0.750713,-0.193011
1413393291.20617,-2.974946,-1.415996,0.19132,0.748526,-0.307959,0.556075,0.188816,0.0003870568,-2.42182e-05,-0.0001262924,1.95e-06,7.9152e-06,4.16498e-05,0.0049384667,-0.0020392831,-0.0002475931,0.0084606293,0.0001013511,0.0038321053,1.908603,1.439747,1.2022,0.557515,-0.311463,-0.745122,-0.192253
1413393291.25617,-2.972283,-1.439396,0.186355,0.746731,-0.308269,0.558159,0.189268,0.0003883384,-2.4925e-05,-0.0001244717,2.0385e-06,8.0023e-06,4.03409e-05,0.0050366551,-0.0020831354,-0.0002595155,0.0085687138,0.0001047252,0.0038954294,1.906044,1.452334,1.189784,0.559606,-0.311788,-0.743299,-0.192709
1413393291.30617,-2.971124,-1.463248,0.181229,0.74695,-0.307734,0.557286,0.191829,0.0003886428,-2.28757e-05,-0.000124524,1.7888e-06,7.3423e-06,4.03473e-05,0.0051389494,-0.0021289744,-0.0002718437,0.0086852069,0.0001081903,0.0039613774,1.904932,1.465338,1.177128,0.558695,-0.311291,-0.743528,-0.195258
1413393291.35617,-2.970854,-1.487501,0.176151,0.748753,-0.30678,0.554427,0.19459,0.0003879215,-1.97365e-05,-0.0001261363,1.45e-06,6.4295e-06,4.14688e-05,0.0052454251,-0.0021764476,-0.0002845918,0.0088087537,0.0001117518,0.0040300314,1.904638,1.478725,1.164428,0.55581,-0.310418,-0.745325,-0.19801
1413393291.40617,-2.971364,-1.511824,0.171629,0.751062,-0.304444,0.551539,0.197544,0.0003872447,-1.57723e-05,-0.0001276913,1.0919e-06,5.2116e-06,4.25653e-05,0.0053558356,-0.0022251378,-0.0002977702,0.008939251,0.0001154071,0.0041014751,1.905018,1.492162,1.152163,0.552888,-0.30815,-0.747653,-0.200934
1413393291.45617,-2.972864,-1.535659,0.167538,0.754179,-0.301519,0.548177,0.199504,0.0003859836,-1.19029e-05,-0.0001298653,8.202e-07,4.0143e-06,4.41598e-05,0.005469633,-0.0022745341,-0.0003113863,0.0090773548,0.0001191481,0.0041757952,1.906282,1.505105,1.140167,0.549465,-0.305298,-0.750814,-0.202882
1413393291.50617,-2.974901,-1.559267,0.164636,0.756894,-0.298092,0.545911,0.200584,0.0003850731,-8.7069e-06,-0.000131383,6.54e-07,2.979e-06,4.52985e-05,0.0055872282,-0.0023247338,-0.0003254527,0.0092221411,0.0001229803,0.0042530785,1.907967,1.517796,1.129214,0.547181,-0.301922,-0.753552,-0.203953
1413393291.60617,-2.979558,-1.606857,0.16322,0.760569,-0.292192,0.543379,0.202229,0.0003841582,-3.8648e-06,-0.0001329408,5.04e-07,1.3438e-06,4.64874e-05,0.0058355538,-0.002428334,-0.0003549787,0.0095299218,0.0001309392,0.0044168886,1.911655,1.543457,1.111199,0.544652,-0.296135,-0.757219,-0.205615
1413393291.65617,-2.981691,-1.630887,0.16455,0.762037,-0.289411,0.542544,0.202944,0.0003838904,-1.7567e-06,-0.0001334017,4.773e-07,6.159e-07,4.68442e-05,0.0059666001,-0.0024815416,-0.0003704617,0.0096920594,0.0001350728,0.0045035972,1.913173,1.556438,1.103979,0.543791,-0.293392,-0.758713,-0.20632
1413393291.70617,-2.983698,-1.654892,0.167055,0.763484,-0.287495,0.541551,0.202883,0.0003833226,-4.799e-07,-0.000134203,4.741e-07,1.728e-07,4.74777e-05,0.006102175,-0.0025354883,-0.0003864379,0.0098599187,0.0001393078,0.0045936325,1.914506,1.569347,1.0978,0.542749,-0.29155,-0.760191,-0.206234
1413393291.80617,-2.986901,-1.702202,0.177159,0.765686,-0.283018,0.540824,0.202816,0.0003829475,1.9747e-06,-0.0001348101,4.922e-07,-6.916e-07,4.79599e-05,0.006386632,-0.0026446394,-0.0004199201,0.0102124873,0.0001480786,0.0047840684,1.916199,1.594253,1.090252,0.541989,-0.287181,-0.762412,-0.206165
1413393291.85617,-2.987542,-1.725221,0.186081,0.76737,-0.279609,0.540788,0.201271,0.0003826064,2.7936e-06,-0.0001352944,5.067e-07,-9.849e-07,4.83493e-05,0.0065354011,-0.0026991578,-0.0004374569,0.0103962267,0.0001526157,0.004884667,1.916032,1.605975,1.090264,0.541916,-0.283824,-0.764135,-0.204623
1413393292.10617,-2.984643,-1.833656,0.276561,0.766945,-0.262883,0.550387,0.199405,0.000388175,6.9039e-06,-0.0001283648,6.311e-07,-2.2828e-06,4.29724e-05,0.0073491888,-0.0029736652,-0.0005335235,0.0114057728,0.0001767562,0.0054455179,1.908829,1.656799,1.137029,0.551438,-0.267304,-0.763769,-0.202787
1413393292.15617,-2.983362,-1.853706,0.296752,0.765467,-0.259977,0.553586,0.200037,0.0003902189,7.7064e-06,-0.0001256087,6.65e-07,-2.4808e-06,4.09583e-05,0.0075261762,-0.0030289984,-0.0005544811,0.0116282606,0.0001818719,0.005569996,1.906644,1.665076,1.148897,0.554626,-0.264427,-0.762289,-0.203434
1413393292.30617,-2.922598,-1.906691,0.353189,0.763095,-0.250573,0.561521,0.198982,0.0003946431,9.228e-06,-0.0001193755,7.315e-07,-2.8141e-06,3.65996e-05,0.0059595679,-0.0031400857,-0.000626291,0.0123378763,0.00019773,0.0059659723,1.900878,1.68191,1.182886,0.562623,-0.25517,-0.75988,-0.202305
1413393292.35617,-2.921034,-1.921383,0.370303,0.762896,-0.248806,0.563219,0.197154,0.000395281,8.6283e-06,-0.0001185504,7.083e-07,-2.6108e-06,3.60488e-05,0.0060516801,-0.0031504457,-0.0006515491,0.0124529111,0.0002040777,0.0061085211,1.899821,1.684502,1.192545,0.564338,-0.253436,-0.759665,-0.200507
1413393292.55617,-2.91664,-1.970239,0.437137,0.764363,-0.243782,0.565915,0.189892,0.0003956954,6.0843e-06,-0.0001184475,6.309e-07,-1.8451e-06,3.59689e-05,0.0064298808,-0.0033674716,-0.0007586586,0.0135633441,0.0002265664,0.0067274363,1.898173,1.683451,1.231743,0.567111,-0.248577,-0.761095,-0.193211
1413393292.60617,-2.908873,-1.961663,0.405723,0.766556,-0.242068,0.564102,0.188638,0.0003944399,6.7345e-06,-0.0001203506,6.281e-07,-2.0681e-06,3.72358e-05,0.0064939886,-0.0031890545,-0.0006095236,0.0118385433,-0.0009852215,0.0059371767,1.899005,1.680115,1.24077,0.565296,-0.246967,-0.763292,-0.19192
1413393292.65616,-2.910782,-1.938624,0.427176,0.768969,-0.239451,0.561908,0.188706,0.0003931491,8.7931e-06,-0.0001221975,7.101e-07,-2.7453e-06,3.85012e-05,0.0065573743,-0.0031842062,-0.0006102287,0.0117050754,-0.0011362751,0.0059431919,1.90045,1.675336,1.249963,0.563055,-0.244445,-0.765743,-0.191974
1413393292.85616,-2.855594,-1.924421,0.44106,0.772929,-0.229484,0.56158,0.185865,0.0003924626,1.21733e-05,-0.0001232544,9.05e-07,-3.838e-06,3.9229e-05,0.0061440663,-0.0037641228,-0.0001405895,0.0120833124,-0.000638387,0.0055316662,1.904416,1.645832,1.288254,0.562812,-0.234728,-0.769689,-0.189009
1413393293.00616,-2.848032,-1.628354,0.430982,0.772969,-0.224999,0.565894,0.177927,0.0003936322,8.2535e-06,-0.0001221497,6.702e-07,-2.5655e-06,3.84181e-05,0.0053728011,-0.0034558305,-0.0002806303,0.0089212153,0.0001941723,0.0040492356,1.906881,1.609739,1.322368,0.56699,-0.230612,-0.769848,-0.180764
1413393293.05616,-2.928214,-1.391603,0.427405,0.773403,-0.224035,0.566594,0.175007,0.0003935044,6.8476e-06,-0.0001221778,5.854e-07,-2.1301e-06,3.84463e-05,0.0043561397,-0.0021069863,-4.78707e-05,0.0066991122,3.94443e-05,0.0030303338,1.908051,1.595288,1.333665,0.567598,-0.229842,-0.770372,-0.177575
1413393293.15616,-2.929851,-1.356603,0.455375,0.774997,-0.223287,0.566843,0.167964,0.0003926882,3.0337e-06,-0.0001236139,4.929e-07,-9.6e-07,3.94323e-05,0.0040201941,-0.0018042422,-4.68497e-05,0.0068299525,5.80404e-05,0.0029894076,1.910978,1.563613,1.355971,0.567915,-0.229305,-0.771889,-0.170531
1413393293.20617,-2.946941,-1.297861,0.462669,0.775496,-0.223515,0.56658,0.166233,0.000391994,1.8557e-06,-0.0001242357,4.737e-07,-5.956e-07,3.98951e-05,0.0039385066,-0.0017133106,-5.31454e-05,0.0067175315,6.30602e-05,0.0029526397,1.912849,1.546619,1.367411,0.567875,-0.228802,-0.772613,-0.168041
1413393293.25617,-2.963565,-1.262353,0.471771,0.775709,-0.224228,0.567145,0.162308,0.0003916505,-1.0377e-06,-0.000124727,4.69e-07,3.233e-07,4.02438e-05,0.0038548676,-0.001618838,-4.65293e-05,0.0067140227,5.40862e-05,0.0029433461,1.914874,1.528925,1.378469,0.568482,-0.229686,-0.772782,-0.163955
1413393293.75617,-2.983978,-1.09125,0.504226,0.784233,-0.216653,0.55859,0.161298,0.0003867681,4.5652e-06,-0.0001320309,5.625e-07,-1.5703e-06,4.56388e-05,0.0036655371,-0.0013981124,-4.35154e-05,0.006790001,6.2217e-05,0.0029226503,1.958439,1.346326,1.381038,0.559989,-0.222921,-0.781132,-0.16295
1413393293.80617,-2.984402,-1.083164,0.509204,0.785471,-0.214315,0.557106,0.163517,0.0003861977,7.4618e-06,-0.0001326859,6.549e-07,-2.578e-06,4.61474e-05,0.0036572271,-0.0013898539,-4.24203e-05,0.0067818253,6.35285e-05,0.0029173613,1.964156,1.327491,1.379707,0.558565,-0.220971,-0.782204,-0.165332
1413393294.20617,-2.986674,-0.901024,0.552804,0.780236,-0.208531,0.566475,0.163869,0.0003922506,8.0984e-06,-0.0001251662,7.118e-07,-2.5971e-06,4.05216e-05,0.0035297457,-0.0011769509,-3.65278e-05,0.0067601038,6.39931e-05,0.0029018562,1.991301,1.148571,1.398807,0.567717,-0.215777,-0.776988,-0.165615
1413393294.25617,-2.984623,-0.87418,0.564288,0.779453,-0.209076,0.567327,0.163953,0.0003928771,7.7099e-06,-0.0001243582,6.965e-07,-2.4509e-06,3.99357e-05,0.0035103638,-0.0011417399,-3.49173e-05,0.0067618811,6.31169e-05,0.0028978328,1.993234,1.122877,1.403458,0.568556,-0.216421,-0.776163,-0.165762
1413393294.30616,-2.982651,-0.847296,0.572192,0.780055,-0.209226,0.566232,0.164681,0.0003923498,8.3741e-06,-0.0001251315,7.272e-07,-2.6815e-06,4.04818e-05,0.0034941348,-0.0011071346,-3.42559e-05,0.0067568178,6.30575e-05,0.0028960326,1.995533,1.096408,1.40766,0.567402,-0.2167,-0.776766,-0.166525
1413393294.55616,-2.971254,-0.699172,0.597935,0.786329,-0.213626,0.554444,0.169241,0.0003860066,1.21295e-05,-0.0001336961,9.524e-07,-4.2145e-06,4.69077e-05,0.0034228133,-0.0009234181,-3.00685e-05,0.0067287788,6.151e-05,0.0028912864,2.006473,0.953431,1.423674,0.555345,-0.221534,-0.783126,-0.170962
1413393294.60616,-2.967975,-0.667069,0.603037,0.786536,-0.216264,0.553548,0.167857,0.0003853115,1.02342e-05,-0.0001347935,8.454e-07,-3.5931e-06,4.77573e-05,0.003410435,-0.0008842107,-2.91551e-05,0.006721726,6.10222e-05,0.002890454,2.007335,0.922981,1.426299,0.554373,-0.224273,-0.783327,-0.169623
1413393294.95616,-2.938774,-0.437025,0.625131,0.784696,-0.23195,0.553304,0.155907,0.0003834285,-4.5674e-06,-0.0001379124,6.565e-07,1.6394e-06,5.02318e-05,0.0033559679,-0.0006049719,-2.02864e-05,0.0066408196,5.69281e-05,0.0028891573,2.005876,0.706585,1.44239,0.553734,-0.240355,-0.781505,-0.157669
1413393295.00615,-2.985979,-0.381304,0.619286,0.785472,-0.229595,0.552377,0.158743,0.0003830457,-1.3841e-06,-0.0001384486,5.782e-07,5.03e-07,5.06582e-05,0.0033262549,-0.0005485382,-2.17095e-05,0.0066326707,5.68363e-05,0.0028873806,2.004654,0.677019,1.44564,0.552154,-0.238135,-0.782712,-0.160561
1413393295.05615,-3.024253,-0.34539,0.610372,0.786197,-0.226817,0.551443,0.162355,0.0003831901,2.3621e-06,-0.0001381261,5.636e-07,-8.528e-07,5.04055e-05,0.003290633,-0.0004780572,-2.86542e-05,0.0067492697,5.63325e-05,0.002883858,2.003386,0.647911,1.449462,0.550638,-0.236213,-0.783504,-0.164693
1413393295.25615,-3.02548,-0.211277,0.624433,0.785939,-0.227429,0.551534,0.162438,0.0003835577,2.1121e-06,-0.0001377874,5.673e-07,-7.607e-07,5.01263e-05,0.0032694694,-0.0003061104,-2.73116e-05,0.0068274113,5.44922e-05,0.0028829099,1.992429,0.531119,1.465913,0.550431,-0.237067,-0.783352,-0.164881
1413393295.30615,-3.023975,-0.177935,0.62925,0.785341,-0.229652,0.552398,0.159234,0.0003835709,-1.2297e-06,-0.000137825,5.607e-07,4.426e-07,5.01526e-05,0.0032677843,-0.0002605466,-2.68376e-05,0.0068445293,5.38232e-05,0.0028826264,1.988418,0.502052,1.469913,0.55128,-0.239326,-0.782726,-0.161722
1413393295.85615,-2.984812,0.113962,0.627035,0.783423,-0.237478,0.555718,0.145015,0.0003830514,-1.43797e-05,-0.0001381913,1.1318e-06,5.1954e-06,5.05197e-05,0.0033050861,0.0001192978,-2.50669e-05,0.0067624576,5.29545e-05,0.0028835753,1.940559,0.237566,1.470259,0.554118,-0.247509,-0.780953,-0.14768
1413393295.90615,-2.98318,0.128133,0.621756,0.785136,-0.232448,0.553584,0.151902,0.0003831716,-7.3139e-06,-0.0001385328,7.278e-07,2.6505e-06,5.0747e-05,0.0033068088,0.0001297264,-2.50493e-05,0.0067559696,5.28038e-05,0.0028830331,1.937685,0.220536,1.464628,0.551906,-0.242502,-0.782725,-0.154721
1413393295.95614,-2.975096,0.138008,0.616462,0.786832,-0.228038,0.550927,0.159294,0.0003826808,3.476e-07,-0.0001387758,5.832e-07,-1.186e-07,5.09725e-05,0.0033082364,0.0001445232,-2.49574e-05,0.0067427557,5.13786e-05,0.0028823487,1.934394,0.204172,1.460146,0.549371,-0.236921,-0.784781,-0.161811
1413393296.15615,-2.952478,0.204419,0.605611,0.790126,-0.218043,0.546493,0.171768,0.0003816729,1.37366e-05,-0.0001393223,1.0873e-06,-5.0123e-06,5.15122e-05,0.0033279532,0.0002185144,-2.49983e-05,0.0066771709,5.08997e-05,0.0028825031,1.913879,0.137582,1.451672,0.544605,-0.227066,-0.788352,-0.174205
1413393296.20615,-2.943503,0.221784,0.604485,0.790935,-0.217725,0.545128,0.17278,0.0003808197,1.48315e-05,-0.0001400653,1.1691e-06,-5.4518e-06,5.21689e-05,0.0033315773,0.0002327725,-2.49798e-05,0.0066535033,5.07038e-05,0.0028823709,1.906183,0.119752,1.451632,0.543184,-0.226645,-0.789241,-0.175162
1413393296.60615,-2.841154,0.382495,0.593761,0.785604,-0.245114,0.545416,0.158958,0.000378787,-6.8151e-06,-0.0001430858,7.375e-07,2.5909e-06,5.47317e-05,0.0034020823,0.0004111696,-2.55482e-05,0.006413412,5.08074e-05,0.0028834126,1.806958,-0.036172,1.445825,0.543363,-0.254042,-0.783695,-0.161381
1413393296.65615,-2.824318,0.400832,0.582576,0.783556,-0.251578,0.545073,0.160136,0.0003785566,-9.1727e-06,-0.0001430031,8.358e-07,3.485e-06,5.46987e-05,0.0034067074,0.0004215983,-2.54378e-05,0.0063755889,5.08241e-05,0.0028831601,1.792445,-0.054579,1.435968,0.543063,-0.260198,-0.781657,-0.162463
1413393296.70615,-2.809662,0.41467,0.569046,0.781072,-0.257916,0.545405,0.161054,0.0003785358,-1.17846e-05,-0.0001424363,9.766e-07,4.457e-06,5.42703e-05,0.0034125558,0.0004365887,-2.55562e-05,0.0063305551,5.02915e-05,0.0028827758,1.777558,-0.072307,1.424962,0.543364,-0.266392,-0.779167,-0.163376
1413393296.90616,-2.747397,0.480311,0.526147,0.774964,-0.274091,0.543997,0.168439,0.0003788749,-1.47148e-05,-0.0001416175,1.19e-06,5.5254e-06,5.36172e-05,0.0034449008,0.0004919112,-2.51189e-05,0.0061890643,4.97873e-05,0.0028827172,1.714677,-0.134071,1.38518,0.542079,-0.282175,-0.772894,-0.170773
1413393296.95617,-2.729283,0.493699,0.518288,0.773732,-0.276252,0.543665,0.171612,0.000379204,-1.38374e-05,-0.0001410832,1.1211e-06,5.1745e-06,5.31694e-05,0.0034499268,0.0005003326,-2.49479e-05,0.0061511235,4.95638e-05,0.0028824956,1.69855,-0.146897,1.377308,0.541827,-0.284043,-0.771691,-0.173889
1413393297.00617,-2.712278,0.505344,0.510902,0.773013,-0.278286,0.542707,0.174577,0.0003791342,-1.27655e-05,-0.0001410596,1.0451e-06,4.7763e-06,5.31604e-05,0.003455507,0.0005082695,-2.48104e-05,0.0061093581,4.94191e-05,0.0028823658,1.68229,-0.15858,1.370143,0.540926,-0.285941,-0.770933,-0.176919
1413393297.80617,-2.446188,0.593346,0.422386,0.758565,-0.299841,0.54915,0.181957,0.0003845585,-2.14076e-05,-0.0001343411,1.8515e-06,7.5028e-06,4.76673e-05,0.0035214266,0.0005266291,-2.34377e-05,0.0055431572,4.82531e-05,0.0028848864,1.417644,-0.236861,1.2877,0.547708,-0.307853,-0.755668,-0.184956
1413393297.85616,-2.425206,0.57516,0.421295,0.756782,-0.300806,0.551695,0.18008,0.0003849585,-2.3685e-05,-0.000132482,2.0969e-06,8.1863e-06,4.62867e-05,0.0035047035,0.0005148257,-2.45904e-05,0.005513471,4.80845e-05,0.0028821103,1.40222,-0.235346,1.283412,0.550311,-0.308358,-0.753956,-0.18337
1413393298.35617,-2.299278,0.505291,0.372747,0.772347,-0.284801,0.535422,0.188926,0.0003776786,-5.2876e-06,-0.0001430211,7.273e-07,2.0293e-06,5.48837e-05,0.0034457587,0.0003890355,-2.43231e-05,0.0052507322,4.72001e-05,0.0028814877,1.283284,-0.17057,1.240853,0.534354,-0.292272,-0.769601,-0.191731
1413393298.40617,-2.288201,0.493469,0.367291,0.7745,-0.280228,0.532811,0.194252,0.0003771038,9.9e-07,-0.0001433298,6.463e-07,-3.493e-07,5.5193e-05,0.0034366716,0.0003779876,-2.39231e-05,0.0052339134,4.70209e-05,0.0028809595,1.271822,-0.159762,1.236779,0.531762,-0.287618,-0.771817,-0.196991
1413393299.00617,-2.069595,0.378625,0.336253,0.764965,-0.286183,0.548566,0.178894,0.0003829047,-1.63161e-05,-0.0001352913,1.3687e-06,5.8098e-06,4.85372e-05,0.0033731507,0.0002211242,-2.34418e-05,0.0048427413,4.61229e-05,0.0028806415,1.065303,-0.054153,1.210504,0.548038,-0.293126,-0.76217,-0.181187
1413393299.05617,-2.051409,0.368207,0.336571,0.764953,-0.28725,0.547767,0.179681,0.0003823122,-1.60565e-05,-0.0001354481,1.3379e-06,5.7378e-06,4.87171e-05,0.0033656768,0.0002098143,-2.32224e-05,0.0048127686,4.5991e-05,0.0028802938,1.047156,-0.045048,1.210514,0.547312,-0.294188,-0.762098,-0.181961
1413393299.10617,-2.03131,0.356307,0.335704,0.764354,-0.287407,0.547659,0.182292,0.0003824608,-1.46158e-05,-0.0001347763,1.2109e-06,5.2039e-06,4.82125e-05,0.0033565634,0.0001965648,-2.26096e-05,0.0047819742,4.58414e-05,0.0028797633,1.029158,-0.035325,1.211251,0.547243,-0.294172,-0.761593,-0.184295
1413393299.55617,-1.872574,0.283999,0.348138,0.745172,-0.283236,0.567614,0.205698,0.0003991142,-6.1609e-06,-0.0001117391,7.652e-07,1.7782e-06,3.1998e-05,0.0033246307,0.0001052931,-2.24729e-05,0.0045204171,4.54487e-05,0.002879833,0.877972,0.03113,1.227238,0.56723,-0.290361,-0.742094,-0.207938
1413393300.05618,-1.772035,0.293943,0.37865,0.761754,-0.276974,0.546734,0.209996,0.0003882706,7.1291e-06,-0.0001278262,8.24e-07,-2.2934e-06,4.2848e-05,0.003326501,9.26789e-05,-2.26662e-05,0.0043640473,4.56534e-05,0.0028804754,0.781853,0.020324,1.262256,0.5467,-0.284261,-0.758502,-0.21211
1413393300.10618,-1.764822,0.298011,0.383046,0.763174,-0.275641,0.544772,0.211687,0.0003872477,9.4062e-06,-0.0001286533,9.116e-07,-3.0693e-06,4.35022e-05,0.003326649,9.8479e-05,-2.23767e-05,0.0043683596,4.56206e-05,0.0028802079,0.773978,0.016301,1.266996,0.544755,-0.2828,-0.759996,-0.213712
1413393300.50617,-1.678886,0.351903,0.422788,0.769415,-0.266095,0.561178,0.149239,0.0003830226,-2.77294e-05,-0.0001315901,2.7303e-06,9.6102e-06,4.59868e-05,0.0033491403,0.0001189036,-2.27581e-05,0.0042460404,4.55852e-05,0.0028808683,0.691464,-0.038293,1.30739,0.562008,-0.273091,-0.765954,-0.15129
1413393300.55617,-1.669349,0.356992,0.428883,0.771808,-0.25823,0.563803,0.140552,0.0003828244,-2.98665e-05,-0.0001310825,3.051e-06,1.03143e-05,4.5655e-05,0.0033492603,0.0001207876,-2.28201e-05,0.0042376585,4.54644e-05,0.0028806673,0.681393,-0.043746,1.313349,0.564753,-0.265223,-0.768348,-0.142687
1413393300.85618,-1.62512,0.369173,0.464649,0.791709,-0.185208,0.570455,0.116086,0.0003851761,-1.07019e-05,-0.0001305069,1.0326e-06,3.6982e-06,4.49729e-05,0.00335115,0.0001192576,-2.28323e-05,0.004171573,4.55404e-05,0.0028806644,0.634908,-0.057745,1.348458,0.572075,-0.191845,-0.788606,-0.118461
1413393300.95618,-1.613553,0.369078,0.463144,0.7923,-0.166536,0.575714,0.114369,0.0003882912,-3.9121e-06,-0.0001263728,7.731e-07,1.3435e-06,4.18694e-05,0.0033478381,0.0001165585,-2.29183e-05,0.0041629863,4.56352e-05,0.0028804804,0.623264,-0.058259,1.348187,0.577461,-0.172994,-0.789271,-0.116905
1413393301.00618,-1.609079,0.368973,0.458942,0.791046,-0.159805,0.579658,0.112717,0.0003903302,-2.4212e-06,-0.0001232412,7.43e-07,8.346e-07,3.96375e-05,0.00334557,0.0001153978,-2.27293e-05,0.0041562992,4.5577e-05,0.0028801385,0.617935,-0.058689,1.342982,0.58148,-0.166182,-0.787995,-0.115464
1413393301.40618,-1.571329,0.389964,0.363409,0.791431,-0.1085,0.596621,0.076865,0.0003968368,-2.7141e-06,-0.0001136243,7.585e-07,8.488e-07,3.32403e-05,0.0033574367,0.0001199132,-2.38189e-05,0.0041065285,4.56215e-05,0.0028800786,0.588976,-0.088036,1.249927,0.599195,-0.114416,-0.788331,-0.080094
1413393301.50618,-1.575782,0.40432,0.34157,0.795686,-0.090708,0.595636,0.062232,0.0003952531,-3.2283e-06,-0.0001160649,7.574e-07,1.019e-06,3.47766e-05,0.0033631893,0.0001284929,-2.38178e-05,0.0041096749,4.557e-05,0.002879615,0.591555,-0.10428,1.228234,0.598398,-0.096512,-0.792643,-0.065807
1413393301.75618,-1.599106,0.453015,0.300254,0.813078,-0.040658,0.579761,0.033586,0.0003839968,3.6209e-06,-0.0001320371,7.504e-07,-1.1839e-06,4.60765e-05,0.0033865348,0.0001607034,-2.39657e-05,0.0041322095,4.54043e-05,0.0028791006,0.60868,-0.154797,1.188557,0.582966,-0.046263,-0.810302,-0.037775
1413393301.85618,-1.608244,0.476511,0.287045,0.81484,-0.02715,0.578398,0.027485,0.0003829791,5.7304e-06,-0.0001332203,7.825e-07,-1.9365e-06,4.69953e-05,0.0033992442,0.0001818991,-2.38715e-05,0.0041561738,4.53444e-05,0.0028786106,0.616017,-0.178234,1.177628,0.581761,-0.032568,-0.812091,-0.031692
1413393301.90619,-1.613741,0.49377,0.27923,0.814992,-0.022338,0.57848,0.025488,0.000382607,6.5419e-06,-0.0001333825,7.65e-07,-2.229e-06,4.71279e-05,0.003402201,0.0001925217,-2.39032e-05,0.0041614963,4.53609e-05,0.0028779499,0.619265,-0.190846,1.172815,0.58161,-0.027531,-0.812467,-0.029487
1413393302.1562,-1.633677,0.567278,0.257084,0.813529,-0.011886,0.5811,0.018769,0.0003843826,6.9602e-06,-0.0001311843,7.791e-07,-2.3206e-06,4.53854e-05,0.0034506365,0.0002485078,-2.47915e-05,0.0041879753,4.5292e-05,0.0028779049,0.630495,-0.266024,1.15803,0.584647,-0.016779,-0.810794,-0.022802
1413393302.2562,-1.6364,0.603027,0.25053,0.81344,-0.014115,0.581249,0.016309,0.0003845672,4.2315e-06,-0.0001310601,6.973e-07,-1.3887e-06,4.52797e-05,0.0034737175,0.0002732602,-2.5416e-05,0.0041997102,4.51558e-05,0.0028782857,0.632717,-0.301909,1.156684,0.585046,-0.018971,-0.810526,-0.020263
1413393302.60619,-1.659719,0.747082,0.249788,0.812273,-0.038796,0.581949,0.006585,0.0003843514,-1.38735e-05,-0.0001308775,1.1379e-06,4.7856e-06,4.52057e-05,0.0035814507,0.0003694529,-2.78905e-05,0.0042258799,4.4094e-05,0.0028809642,0.637321,-0.44011,1.170959,0.585835,-0.043956,-0.809167,-0.010814
1413393302.65618,-1.660712,0.766686,0.252834,0.812854,-0.04237,0.580889,0.006363,0.0003837843,-1.56365e-05,-0.0001314648,1.2757e-06,5.4197e-06,4.56737e-05,0.0036016841,0.0003872621,-2.83538e-05,0.0042371114,4.40712e-05,0.002881517,0.637633,-0.459315,1.175873,0.584905,-0.04753,-0.80964,-0.010515
1413393302.70619,-1.658944,0.785015,0.257583,0.813357,-0.044757,0.579998,0.006997,0.0003832221,-1.63776e-05,-0.0001321486,1.3359e-06,5.713e-06,4.62032e-05,0.0036184383,0.0003995966,-2.86441e-05,0.0042392192,4.44221e-05,0.0028817668,0.637878,-0.478009,1.181665,0.584136,-0.04995,-0.810043,-0.011002
1413393302.75619,-1.654449,0.801585,0.264406,0.813843,-0.047133,0.579127,0.007028,0.0003826296,-1.74778e-05,-0.0001328144,1.4284e-06,6.1341e-06,4.67216e-05,0.0036335147,0.0004095245,-2.87988e-05,0.0042367507,4.51905e-05,0.0028816849,0.637858,-0.496053,1.18808,0.58347,-0.052401,-0.81037,-0.01082
1413393302.80619,-1.648833,0.816662,0.273403,0.813808,-0.049084,0.579012,0.007228,0.0003825262,-1.82507e-05,-0.0001328967,1.4931e-06,6.4093e-06,4.67767e-05,0.0036466535,0.0004167967,-2.89168e-05,0.0042301139,4.62121e-05,0.0028813803,0.637571,-0.513229,1.195382,0.583609,-0.0544,-0.810138,-0.01082
1413393303.05618,-1.619637,0.88836,0.327204,0.814459,-0.050143,0.577949,0.010823,0.0003822057,-1.66899e-05,-0.0001336971,1.2697e-06,5.8765e-06,4.73254e-05,0.0036948448,0.0004717002,-2.38926e-05,0.0042151975,4.56182e-05,0.0028777974,0.631108,-0.586543,1.237854,0.583001,-0.055279,-0.810474,-0.013656
1413393303.10618,-1.617804,0.901354,0.335472,0.813989,-0.049338,0.578653,0.012204,0.0003826311,-1.49409e-05,-0.0001333984,1.1176e-06,5.2425e-06,4.70592e-05,0.0036974953,0.0004611063,-2.33299e-05,0.0041726573,4.59649e-05,0.0028774294,0.62902,-0.598572,1.2469,0.583689,-0.054512,-0.810006,-0.015071
1413393303.20618,-1.611695,0.925048,0.352584,0.813471,-0.047965,0.57948,0.012954,0.0003831973,-1.38178e-05,-0.0001327304,1.0177e-06,4.8112e-06,4.65248e-05,0.0037151753,0.0004758844,-2.22283e-05,0.0041662882,4.59547e-05,0.002877035,0.624432,-0.621065,1.264818,0.584501,-0.053098,-0.809498,-0.015883
1413393303.70618,-1.577262,1.029343,0.466335,0.811654,-0.038453,0.581818,0.035035,0.0003859719,5.0135e-06,-0.0001301346,6.068e-07,-1.6757e-06,4.44536e-05,0.0038126117,0.0005241336,-2.21711e-05,0.0041213589,4.69057e-05,0.0028781651,0.588758,-0.720941,1.377405,0.586711,-0.043952,-0.807695,-0.038312
1413393303.95619,-1.554501,1.094182,0.538994,0.810581,-0.048214,0.583081,0.025516,0.0003865182,-5.9188e-06,-0.0001294329,6.43e-07,2e-06,4.39345e-05,0.0038793389,0.0005550935,-2.17602e-05,0.0040960779,4.73028e-05,0.0028785515,0.566327,-0.784385,1.451423,0.588206,-0.05358,-0.806422,-0.028784
1413393304.00619,-1.549308,1.106874,0.550106,0.810964,-0.051076,0.582431,0.022421,0.0003858024,-9.2268e-06,-0.0001300558,7.725e-07,3.129e-06,4.44357e-05,0.0038926644,0.0005610347,-2.13433e-05,0.0040889586,4.7212e-05,0.0028783529,0.562018,-0.79691,1.463666,0.587624,-0.056389,-0.80676,-0.025656
1413393304.40618,-1.510633,1.183796,0.544565,0.823426,-0.043937,0.564995,0.028638,0.0003747196,-7.794e-07,-0.000143995,5.779e-07,3.131e-07,5.59769e-05,0.0039764761,0.0005865664,-2.13491e-05,0.0040452759,4.82796e-05,0.002880071,0.522887,-0.872335,1.467057,0.570506,-0.04892,-0.819218,-0.031805
1413393304.45619,-1.497745,1.195119,0.545752,0.823564,-0.041449,0.56486,0.030945,0.0003746299,1.8885e-06,-0.0001438957,5.779e-07,-7.157e-07,5.59112e-05,0.0039849006,0.0005872005,-2.07402e-05,0.0040333595,4.77773e-05,0.0028789099,0.515357,-0.87942,1.46265,0.570431,-0.046177,-0.819342,-0.034005
1413393304.7062,-1.448184,1.232184,0.526321,0.817596,-0.030566,0.573888,0.035424,0.0003807336,9.5129e-06,-0.0001365834,8.157e-07,-3.4093e-06,4.9642e-05,0.0040323069,0.0005797885,-2.05517e-05,0.0039695393,4.80083e-05,0.0028793807,0.46662,-0.915587,1.445671,0.579506,-0.035123,-0.813291,-0.038716
1413393304.7562,-1.435393,1.241565,0.525626,0.817488,-0.030295,0.57416,0.033693,0.0003808694,8.4331e-06,-0.0001363723,7.608e-07,-3.0173e-06,4.94712e-05,0.0040406137,0.0005783197,-2.01578e-05,0.0039559531,4.75853e-05,0.0028788888,0.45526,-0.923928,1.443195,0.579807,-0.034701,-0.813178,-0.036902
1413393305.30619,-1.283359,1.350355,0.532766,0.819754,-0.026018,0.571192,0.03266,0.0003790136,9.832e-06,-0.000138776,8.557e-07,-3.6008e-06,5.1491e-05,0.004174471,0.0005460243,-2.01368e-05,0.0037963013,4.78869e-05,0.0028803132,0.30562,-1.031979,1.453312,0.577144,-0.029964,-0.815302,-0.035922
1413393305.60619,-1.182202,1.426701,0.564522,0.819184,-0.043513,0.570714,0.036464,0.0003791129,4.2902e-06,-0.0001390093,6.605e-07,-1.5741e-06,5.16691e-05,0.004272635,0.0005174659,-1.93894e-05,0.0036987855,4.81838e-05,0.0028809169,0.20516,-1.107291,1.483225,0.576688,-0.047484,-0.814612,-0.039789
1413393305.70619,-1.140979,1.457501,0.579337,0.818771,-0.049218,0.57046,0.042042,0.0003789396,5.3597e-06,-0.0001388501,6.827e-07,-1.9667e-06,5.15688e-05,0.0043107198,0.0005060561,-1.89561e-05,0.003661895,4.74703e-05,0.0028805346,0.168595,-1.135541,1.495544,0.576438,-0.053005,-0.814166,-0.045221
1413393306.05619,-1.000566,1.583192,0.647318,0.812516,-0.063581,0.574798,0.073365,0.0003832455,1.88732e-05,-0.0001325606,1.5606e-06,-6.5415e-06,4.65615e-05,0.0044919853,0.0004551562,-1.84524e-05,0.0035412415,4.75082e-05,0.002882516,0.029693,-1.256771,1.550835,0.580506,-0.068053,-0.807751,-0.076958
1413393306.10618,-0.979419,1.607543,0.656601,0.812231,-0.067097,0.57503,0.071551,0.0003834345,1.60524e-05,-0.0001326532,1.3043e-06,-5.5672e-06,4.66041e-05,0.0045299628,0.0004517614,-1.84716e-05,0.0035274893,4.76043e-05,0.002882993,0.008592,-1.27962,1.559015,0.580702,-0.071799,-0.807445,-0.075254
1413393306.20618,-0.938071,1.659281,0.674512,0.811794,-0.071893,0.575584,0.067266,0.000383783,1.10139e-05,-0.0001327433,9.526e-07,-3.8211e-06,4.6627e-05,0.0046083798,0.0004384646,-1.86253e-05,0.0034956704,4.77043e-05,0.002883879,-0.034095,-1.328692,1.575161,0.581144,-0.076793,-0.807038,-0.071163
1413393306.25619,-0.916197,1.686157,0.682319,0.812106,-0.0736,0.575103,0.065756,0.0003834236,9.2067e-06,-0.0001332912,8.568e-07,-3.2109e-06,4.70509e-05,0.0046513535,0.0004342886,-1.87479e-05,0.0034827607,4.79274e-05,0.0028841792,-0.055524,-1.354275,1.583243,0.580621,-0.078583,-0.807374,-0.069652
1413393306.40619,-0.851823,1.766798,0.708599,0.815324,-0.084719,0.569472,0.06141,0.0003796235,1.7195e-06,-0.0001382136,6.492e-07,-6.344e-07,5.1052e-05,0.0047820439,0.0004086514,-1.80593e-05,0.0034393112,4.83898e-05,0.002884735,-0.120009,-1.43254,1.605057,0.574783,-0.09021,-0.810673,-0.065561
1413393306.45619,-0.827834,1.793752,0.709446,0.815983,-0.092135,0.567295,0.062131,0.0003781462,-9.661e-07,-0.0001398973,6.439e-07,3.506e-07,5.24862e-05,0.0048255253,0.0004018503,-1.79335e-05,0.0034276469,4.85885e-05,0.0028847956,-0.141883,-1.458182,1.609737,0.572472,-0.097642,-0.811392,-0.066236
1413393306.70619,-0.717012,1.911111,0.69707,0.805286,-0.144335,0.569204,0.081784,0.0003805628,-1.29656e-05,-0.0001365558,1.0953e-06,4.652e-06,4.97394e-05,0.0050396838,0.0003356715,-1.85417e-05,0.0033614787,4.8709e-05,0.0028862322,-0.254443,-1.577276,1.600547,0.573416,-0.14957,-0.800987,-0.08517
1413393306.80619,-0.66834,1.955121,0.687848,0.798886,-0.167185,0.571766,0.083149,0.0003816061,-2.33979e-05,-0.0001339296,2.0944e-06,8.2157e-06,4.77455e-05,0.0051111874,0.0003123487,-1.81825e-05,0.0033436965,4.89795e-05,0.0028869,-0.30031,-1.620617,1.591114,0.575718,-0.172407,-0.794586,-0.086395
1413393307.00619,-0.578878,2.025094,0.679267,0.791252,-0.201308,0.569796,0.093419,0.000380037,-3.27721e-05,-0.0001340407,3.5007e-06,1.1566e-05,4.80285e-05,0.0052476735,0.0002473755,-1.75995e-05,0.0033066069,4.94457e-05,0.0028888962,-0.386643,-1.690361,1.581188,0.573091,-0.206712,-0.787106,-0.096467
1413393307.10619,-0.537208,2.049701,0.676125,0.788327,-0.214643,0.566289,0.108563,0.000380199,-2.8925e-05,-0.0001348022,2.8789e-06,1.02588e-05,4.85549e-05,0.0052919064,0.0002142709,-1.72704e-05,0.0032926055,4.9508e-05,0.0028891856,-0.42537,-1.714088,1.579939,0.569188,-0.220177,-0.784304,-0.111445
1413393307.15619,-0.516204,2.05925,0.668905,0.787074,-0.220305,0.56382,0.118686,0.0003804363,-2.4817e-05,-0.0001353203,2.2886e-06,8.8257e-06,4.88827e-05,0.0053070063,0.0001950539,-1.7745e-05,0.0032839927,4.90062e-05,0.0028875197,-0.443883,-1.723304,1.579472,0.566455,-0.225824,-0.783213,-0.121315
1413393307.30619,-0.465089,2.078654,0.669921,0.781136,-0.239897,0.557224,0.14757,0.0003816838,-1.48007e-05,-0.0001353823,1.2462e-06,5.2407e-06,4.87693e-05,0.0053527473,0.0001442632,-1.79771e-05,0.0032670342,4.9072e-05,0.0028880638,-0.497075,-1.743051,1.58077,0.559041,-0.245811,-0.777511,-0.15012
1413393307.40618,-0.4342,2.088694,0.668776,0.776594,-0.2576,0.55087,0.164578,0.0003808701,-1.13315e-05,-0.0001367462,9.931e-07,4.0617e-06,4.98331e-05,0.00536263,0.0001148538,-1.90502e-05,0.0032573905,4.93193e-05,0.002887339,-0.530902,-1.751666,1.583005,0.552077,-0.263689,-0.773187,-0.166948
1413393307.80618,-0.294261,2.102333,0.704779,0.749544,-0.345042,0.516634,0.228515,0.0003745675,-5.6472e-06,-0.0001446938,7.464e-07,2.1714e-06,5.66408e-05,0.0054012079,-1.5072e-05,-1.89845e-05,0.0032337838,5.11724e-05,0.002891381,-0.66848,-1.75856,1.615008,0.516139,-0.351545,-0.74634,-0.23023
1413393307.85618,-0.277566,2.099717,0.709397,0.743679,-0.352723,0.515115,0.239133,0.0003767222,-3.1409e-06,-0.0001423947,6.691e-07,1.1748e-06,5.45467e-05,0.0053942308,-3.32762e-05,-1.89546e-05,0.0032295741,5.12516e-05,0.0028901952,-0.687664,-1.756129,1.620964,0.514284,-0.359303,-0.740575,-0.240777
1413393308.15618,-0.15291,2.084496,0.745467,0.710049,-0.401525,0.498648,0.293186,0.0003838986,6.5054e-06,-0.000133988,7.42e-07,-2.2934e-06,4.74525e-05,0.0053805193,-0.0001564801,-1.88499e-05,0.0032200386,5.19167e-05,0.0028904092,-0.813499,-1.73895,1.659517,0.496402,-0.408281,-0.70714,-0.29471
1413393308.20618,-0.130383,2.082664,0.752359,0.704852,-0.410228,0.494628,0.3004,0.0003841184,7.0405e-06,-0.0001337275,7.473e-07,-2.4775e-06,4.72393e-05,0.0053674776,-0.0001774879,-1.89985e-05,0.0032205042,5.26085e-05,0.0028903653,-0.836604,-1.73664,1.666145,0.492177,-0.417036,-0.701933,-0.301898
1413393308.25618,-0.101464,2.078289,0.758284,0.699231,-0.419179,0.490737,0.307476,0.0003845224,7.4811e-06,-0.0001332161,7.272e-07,-2.6114e-06,4.68162e-05,0.005360078,-0.0001979955,-1.6636e-05,0.0032194342,5.19426e-05,0.0028879493,-0.86036,-1.734621,1.672924,0.488226,-0.425937,-0.696138,-0.309214
1413393308.40617,-0.025919,2.073521,0.780356,0.677623,-0.449344,0.483141,0.324795,0.0003865531,2.4164e-06,-0.0001309302,5.717e-07,-8.463e-07,4.49869e-05,0.0053534316,-0.0002768487,-1.59449e-05,0.0032257193,5.38214e-05,0.0028884137,-0.934757,-1.730466,1.69299,0.480005,-0.45621,-0.674384,-0.326625
1413393308.45617,-0.000981,2.07381,0.786461,0.670817,-0.460635,0.479545,0.328415,0.0003859474,-6.848e-07,-0.0001317736,5.379e-07,2.027e-07,4.55971e-05,0.0053474035,-0.0003012871,-1.58538e-05,0.0032272351,5.43445e-05,0.0028883413,-0.96023,-1.729715,1.698466,0.476247,-0.467514,-0.667546,-0.330169
1413393308.50617,0.026046,2.069838,0.790459,0.66434,-0.472585,0.47555,0.330405,0.0003845956,-4.3643e-06,-0.0001334395,5.498e-07,1.4876e-06,4.68736e-05,0.0053471175,-0.000324634,-1.48829e-05,0.0032281718,5.43748e-05,0.0028872203,-0.985819,-1.728903,1.702358,0.472148,-0.47947,-0.660875,-0.332325
1413393308.75617,0.149077,2.062137,0.778249,0.625262,-0.53051,0.456477,0.345305,0.0003790326,-2.1278e-05,-0.000138834,1.651e-06,7.7744e-06,5.13709e-05,0.0053413841,-0.000443301,-1.34322e-05,0.0032525782,5.60103e-05,0.002887724,-1.108348,-1.723512,1.687174,0.452321,-0.537376,-0.621333,-0.347259
1413393308.80617,0.171006,2.057814,0.770988,0.615521,-0.539745,0.454307,0.351304,0.0003800369,-2.35174e-05,-0.0001372969,1.8813e-06,8.4785e-06,5.00814e-05,0.0053258279,-0.0004631036,-1.34134e-05,0.003256367,5.58818e-05,0.0028868306,-1.130858,-1.721089,1.678558,0.449964,-0.546546,-0.611505,-0.353403
1413393309.20617,0.307395,2.040092,0.698765,0.551797,-0.590991,0.421582,0.41051,0.0003898983,-1.89313e-05,-0.000125763,1.3529e-06,6.0929e-06,4.10177e-05,0.0052969031,-0.0005899466,-1.1494e-05,0.003308143,5.91092e-05,0.002891513,-1.272965,-1.697733,1.580278,0.416171,-0.597595,-0.547515,-0.412207
1413393309.25617,0.319686,2.041336,0.686898,0.547182,-0.595228,0.416597,0.415622,0.0003900221,-1.73613e-05,-0.0001258126,1.1662e-06,5.5843e-06,4.10128e-05,0.0052959253,-0.0006008832,-1.23725e-05,0.0033123852,6.03336e-05,0.0028909911,-1.286891,-1.695956,1.570017,0.411448,-0.601771,-0.542993,-0.416827
1413393309.35617,0.348348,2.012205,0.656153,0.543392,-0.598468,0.407634,0.42473,0.0003909674,-1.07654e-05,-0.0001253173,6.678e-07,3.4303e-06,4.0572e-05,0.0052994951,-0.0006222685,-1.22702e-05,0.0033132484,5.3782e-05,0.0028867001,-1.313417,-1.693136,1.552354,0.402265,-0.604875,-0.538909,-0.426483
1413393309.65618,0.426215,2.011673,0.632551,0.555897,-0.60261,0.386044,0.422859,0.0003807087,1.6225e-06,-0.00013922,3.784e-07,-6.208e-07,5.13248e-05,0.0052487999,-0.0006893782,-1.13235e-05,0.0033557791,5.36027e-05,0.0028895953,-1.394839,-1.690704,1.516517,0.3806,-0.609314,-0.551238,-0.424288
1413393309.70618,0.443172,2.009172,0.610412,0.558692,-0.603544,0.384614,0.419131,0.0003781827,1.2672e-06,-0.0001421447,3.199e-07,-4.919e-07,5.3789e-05,0.0052416288,-0.0007037238,-1.36465e-05,0.0033524673,5.36246e-05,0.0028851063,-1.409385,-1.689504,1.513007,0.379302,-0.610506,-0.553682,-0.420535
1413393310.25618,0.557631,1.937487,0.593656,0.556896,-0.59928,0.403114,0.410158,0.0003824209,-1.07767e-05,-0.0001371583,5.983e-07,3.8543e-06,4.95256e-05,0.0051208098,-0.0007864565,-1.29861e-05,0.0034103869,5.39045e-05,0.0028858123,-1.523791,-1.619592,1.500977,0.397465,-0.606569,-0.551675,-0.412012
1413393310.30618,0.561976,1.926673,0.59302,0.559457,-0.595544,0.399928,0.415202,0.0003835064,-4.8746e-06,-0.0001361691,3.513e-07,1.7205e-06,4.86724e-05,0.0050941831,-0.0007926508,-1.32055e-05,0.0034141255,5.33127e-05,0.0028846959,-1.527706,-1.609532,1.501199,0.394231,-0.602831,-0.554241,-0.417128
1413393310.70619,0.595434,1.838408,0.583452,0.55371,-0.598322,0.407425,0.411607,0.0003850622,-1.30251e-05,-0.0001339043,7.372e-07,4.5236e-06,4.68894e-05,0.0049420674,-0.0007965956,-1.28703e-05,0.0034328735,5.32537e-05,0.0028849381,-1.562761,-1.524178,1.49622,0.401594,-0.605609,-0.548459,-0.413708
1413393310.75619,0.598548,1.828615,0.582698,0.551734,-0.601183,0.409901,0.407614,0.0003838506,-1.76189e-05,-0.0001347829,1.1043e-06,6.183e-06,4.76471e-05,0.0049196353,-0.0007960608,-1.28508e-05,0.003433304,5.27734e-05,0.0028841008,-1.566505,-1.513617,1.494771,0.404096,-0.608451,-0.546465,-0.40972
1413393311.15618,0.588023,1.732469,0.554675,0.557414,-0.604563,0.387067,0.417102,0.0003787202,-1.3561e-06,-0.0001422278,3.147e-07,5.036e-07,5.37537e-05,0.0047643541,-0.000759272,-1.24798e-05,0.0034277471,5.34755e-05,0.0028858352,-1.557696,-1.419134,1.476974,0.381148,-0.611783,-0.552177,-0.418986
1413393311.20616,0.59331,1.71887,0.554583,0.555371,-0.606704,0.387052,0.41673,0.0003781598,-2.8779e-06,-0.0001423272,3.21e-07,1.081e-06,5.38927e-05,0.0047350131,-0.0007504811,-1.24926e-05,0.0034221018,5.23415e-05,0.0028834293,-1.554547,-1.405337,1.468321,0.381428,-0.613608,-0.550356,-0.418457
1413393311.30616,0.588744,1.687571,0.530792,0.552857,-0.609368,0.38803,0.415275,0.0003775957,-5.5719e-06,-0.0001426134,3.836e-07,2.1044e-06,5.41875e-05,0.0046853355,-0.0007420039,-1.25456e-05,0.0034216702,5.20503e-05,0.0028833485,-1.548077,-1.37556,1.444663,0.38239,-0.616148,-0.547954,-0.416995
1413393311.35615,0.58518,1.672378,0.518319,0.553679,-0.609103,0.386414,0.416073,0.0003769704,-4.1207e-06,-0.0001429629,3.427e-07,1.5664e-06,5.45342e-05,0.0046550345,-0.0007336876,-1.26488e-05,0.0034187213,5.1861e-05,0.0028831724,-1.544384,-1.359707,1.432373,0.380557,-0.616122,-0.548581,-0.417888
1413393311.80616,0.558953,1.48092,0.440024,0.55598,-0.598781,0.383943,0.430042,0.0003825747,7.4354e-06,-0.0001358566,4.597e-07,-2.6401e-06,4.85711e-05,0.0043754655,-0.000654454,-1.33784e-05,0.0033995695,5.20934e-05,0.0028842235,-1.512019,-1.175892,1.358984,0.378081,-0.605517,-0.551294,-0.431833
1413393311.85615,0.562208,1.452753,0.43931,0.555259,-0.596898,0.386741,0.431081,0.0003840143,6.8813e-06,-0.0001335372,4.33e-07,-2.3937e-06,4.67562e-05,0.0043311279,-0.0006461083,-1.32484e-05,0.0033988503,5.18379e-05,0.0028835883,-1.510627,-1.151849,1.356175,0.3811,-0.603287,-0.550931,-0.432763
1413393312.55614,0.605097,1.14677,0.418216,0.555201,-0.593173,0.422682,0.401544,0.0003849459,-2.25872e-05,-0.0001301086,1.6662e-06,7.6376e-06,4.43196e-05,0.0039420766,-0.0005781329,-1.33561e-05,0.0034236093,5.26143e-05,0.0028855189,-1.55061,-0.861917,1.336446,0.417639,-0.599154,-0.551118,-0.403562
1413393312.65614,0.61135,1.112118,0.421317,0.558128,-0.58884,0.41788,0.408824,0.0003864187,-1.46129e-05,-0.0001287011,8.891e-07,4.8649e-06,4.32032e-05,0.0039013122,-0.0005703805,-1.37793e-05,0.0034262662,5.25121e-05,0.0028846367,-1.553595,-0.827955,1.33795,0.412974,-0.594542,-0.554415,-0.410608
1413393312.90613,0.610353,1.029966,0.423191,0.563985,-0.58057,0.413441,0.417044,0.0003886573,-3.9731e-06,-0.0001265339,3.863e-07,1.2853e-06,4.15423e-05,0.0038141949,-0.0005458203,-1.35678e-05,0.0034295974,5.24267e-05,0.0028847736,-1.554686,-0.74656,1.341953,0.4086,-0.586142,-0.560402,-0.418849
1413393313.25613,0.611939,0.933747,0.441889,0.584061,-0.568111,0.411526,0.408373,0.0003838886,3.7709e-06,-0.000132893,3.932e-07,-1.3165e-06,4.63688e-05,0.003725784,-0.0005160209,-1.3431e-05,0.0034316824,5.25952e-05,0.0028856959,-1.556425,-0.654732,1.361844,0.406874,-0.573697,-0.580568,-0.410205
1413393313.30613,0.612728,0.920738,0.448484,0.585846,-0.567525,0.413375,0.404748,0.0003831303,2.0036e-06,-0.0001337923,3.612e-07,-7.106e-07,4.70823e-05,0.0037147917,-0.000513244,-1.31404e-05,0.0034307325,5.22682e-05,0.0028850187,-1.557275,-0.643485,1.36646,0.408811,-0.573126,-0.582284,-0.406628
1413393313.45613,0.615748,0.886003,0.464933,0.586362,-0.566551,0.420523,0.397945,0.0003833483,-4.0167e-06,-0.0001334719,3.957e-07,1.3889e-06,4.68357e-05,0.0036812831,-0.000502375,-1.30671e-05,0.0034323578,5.21372e-05,0.0028852244,-1.559557,-0.612052,1.379178,0.416088,-0.572076,-0.582829,-0.399889
1413393313.55612,0.615396,0.862306,0.473572,0.57895,-0.566071,0.431073,0.398193,0.0003881038,-1.10527e-05,-0.0001267928,6.682e-07,3.6035e-06,4.17825e-05,0.0036593666,-0.0004948145,-1.30878e-05,0.003432191,5.18533e-05,0.0028852062,-1.559253,-0.589238,1.385361,0.426704,-0.571515,-0.575433,-0.400217
1413393313.60612,0.613854,0.852677,0.474497,0.573448,-0.566949,0.436838,0.398621,0.0003905482,-1.56391e-05,-0.0001227992,9.78e-07,4.9114e-06,3.89665e-05,0.0036512214,-0.0004910956,-1.31201e-05,0.003430522,5.17543e-05,0.0028851325,-1.557683,-0.579073,1.385525,0.432411,-0.572392,-0.569895,-0.400765
1413393313.80612,0.591453,0.814325,0.47955,0.554284,-0.567351,0.442898,0.418001,0.0004007646,-1.63304e-05,-0.0001067299,1.027e-06,4.3436e-06,2.87764e-05,0.0036221087,-0.0004708534,-1.28209e-05,0.0034197687,5.16604e-05,0.002886069,-1.536584,-0.547172,1.380726,0.438574,-0.572593,-0.550482,-0.420431
1413393313.85613,0.582796,0.809493,0.480174,0.553313,-0.568622,0.437941,0.422755,0.00040086,-1.26173e-05,-0.000107058,7.594e-07,3.3644e-06,2.89431e-05,0.0036193245,-0.000465878,-1.28087e-05,0.0034144844,5.15948e-05,0.0028862742,-1.528064,-0.543563,1.37982,0.433679,-0.573787,-0.549459,-0.425191
1413393313.90614,0.572389,0.807599,0.478649,0.554997,-0.573051,0.4291,0.423631,0.0003978806,-8.9691e-06,-0.0001124133,5.657e-07,2.5294e-06,3.21126e-05,0.0036176604,-0.0004615059,-1.28689e-05,0.0034090959,5.13823e-05,0.0028863348,-1.518634,-0.542317,1.377918,0.424894,-0.578196,-0.551061,-0.426021
1413393314.00616,0.551198,0.808525,0.478497,0.5568,-0.586581,0.411399,0.420294,0.0003892085,-6.0135e-06,-0.0001256431,4.61e-07,1.9378e-06,4.09224e-05,0.0036174824,-0.000452336,-1.29848e-05,0.0033978676,5.13581e-05,0.002886699,-1.497688,-0.543267,1.374454,0.407362,-0.591556,-0.552736,-0.422618
1413393314.20616,0.501255,0.814735,0.47967,0.555668,-0.5999,0.396685,0.417126,0.0003811906,-4.9968e-06,-0.0001362118,4.446e-07,1.7834e-06,4.90531e-05,0.0036206135,-0.0004344388,-1.30654e-05,0.003376297,5.15878e-05,0.0028876919,-1.453757,-0.547031,1.374651,0.392761,-0.604761,-0.55135,-0.419543
1413393314.25615,0.488898,0.816417,0.473069,0.558048,-0.597641,0.395824,0.418007,0.0003812169,-2.6611e-06,-0.0001361975,3.984e-07,9.473e-07,4.90363e-05,0.0036239543,-0.0004281723,-1.33874e-05,0.0033673606,5.18549e-05,0.0028867614,-1.443083,-0.546382,1.376093,0.391789,-0.602533,-0.553755,-0.420489
1413393314.30614,0.478164,0.817051,0.472291,0.560561,-0.594863,0.397263,0.417244,0.0003815496,-2.005e-06,-0.000135804,3.919e-07,7.098e-07,4.87136e-05,0.0036249576,-0.000423478,-1.3426e-05,0.0033615076,5.20445e-05,0.002886647,-1.432709,-0.545109,1.377927,0.393288,-0.59976,-0.556309,-0.419684
1413393314.35616,0.469386,0.835871,0.467726,0.564842,-0.590787,0.398417,0.416158,0.0003813144,-2.559e-07,-0.0001359588,3.76e-07,8.49e-08,4.88528e-05,0.0036229001,-0.0004190442,-1.32419e-05,0.0033498931,5.28817e-05,0.0028861287,-1.422906,-0.543637,1.379456,0.394463,-0.59561,-0.560909,-0.418368
1413393314.75617,0.415657,0.807695,0.466744,0.630013,-0.531892,0.424163,0.374514,0.0003743862,8.3006e-06,-0.0001439267,5.766e-07,-3.2105e-06,5.57423e-05,0.0036153766,-0.0003951486,-1.33037e-05,0.0033255661,5.40388e-05,0.002886589,-1.37371,-0.514722,1.380633,0.421011,-0.53673,-0.626394,-0.377241
1413393314.80617,0.422411,0.803148,0.461165,0.636444,-0.525596,0.427354,0.368858,0.0003731598,8.1912e-06,-0.0001450611,5.633e-07,-3.2059e-06,5.6805e-05,0.0036069918,-0.0003927731,-1.35356e-05,0.0033214266,5.34453e-05,0.0028854461,-1.371631,-0.508116,1.379432,0.424404,-0.529982,-0.633438,-0.371166
1413393314.85616,0.423561,0.794471,0.45959,0.642216,-0.519872,0.431328,0.362282,0.0003724571,6.8065e-06,-0.0001457989,5.064e-07,-2.6856e-06,5.74918e-05,0.0036018479,-0.000394787,-1.37687e-05,0.0033243583,5.3348e-05,0.0028853504,-1.370572,-0.500883,1.377534,0.428672,-0.523932,-0.639472,-0.364443
1413393315.50617,0.477497,0.604478,0.396104,0.670888,-0.462752,0.456226,0.357251,0.0003824235,2.31871e-05,-0.0001327641,1.8218e-06,-8.0732e-06,4.6537e-05,0.0034650831,-0.0003685531,-1.51962e-05,0.0033519,5.4029e-05,0.0028871994,-1.424827,-0.312804,1.324895,0.454418,-0.465976,-0.668302,-0.3602
1413393315.55616,0.490218,0.584839,0.391798,0.668647,-0.462058,0.457358,0.360883,0.0003842843,2.43779e-05,-0.0001301077,1.9566e-06,-8.2765e-06,4.44897e-05,0.0034560965,-0.0003700627,-1.55062e-05,0.0033573702,5.38134e-05,0.0028864195,-1.436529,-0.295197,1.320671,0.455782,-0.464936,-0.66621,-0.363679
1413393315.60616,0.504287,0.568417,0.387993,0.665792,-0.463188,0.459818,0.361587,0.0003860027,2.26645e-05,-0.0001281581,1.7404e-06,-7.547e-06,4.29863e-05,0.0034445719,-0.0003698792,-1.56592e-05,0.0033644818,5.36867e-05,0.0028862742,-1.450098,-0.278318,1.317582,0.458295,-0.465941,-0.663416,-0.364342
1413393316.30616,0.753269,0.431164,0.518685,0.654028,-0.472155,0.475613,0.350869,0.0003914177,4.029e-06,-0.0001231942,4.975e-07,-1.2862e-06,3.92591e-05,0.0033849459,-0.0004005938,-1.88825e-05,0.0035342203,5.4718e-05,0.0028948266,-1.7055,-0.115345,1.496668,0.474052,-0.474856,-0.651605,-0.353833
1413393316.55616,0.847548,0.415208,0.590389,0.657317,-0.472894,0.477101,0.341585,0.000388925,-7.809e-07,-0.0001269531,4.779e-07,2.376e-07,4.1951e-05,0.0033892754,-0.0004202801,-2.07098e-05,0.0036269182,5.59969e-05,0.0029034586,-1.803554,-0.083724,1.590426,0.475466,-0.475741,-0.654871,-0.344598
1413393316.95616,1.005422,0.400764,0.636124,0.66928,-0.468225,0.473342,0.329813,0.0003828061,-6.09e-07,-0.0001352272,5.073e-07,1.957e-07,4.83273e-05,0.003423621,-0.000461926,-2.45889e-05,0.0038138478,6.01229e-05,0.0029291894,-1.969296,-0.043331,1.673565,0.471576,-0.471297,-0.666866,-0.332845
1413393317.05616,1.045095,0.39648,0.623014,0.669133,-0.464243,0.476369,0.331381,0.0003850597,6.187e-07,-0.0001324708,5.152e-07,-2.328e-07,4.61366e-05,0.003433338,-0.000470396,-2.56992e-05,0.0038703492,6.20098e-05,0.0029383589,-2.012867,-0.031671,1.669647,0.474524,-0.467339,-0.66675,-0.334465
1413393317.20616,1.10866,0.394259,0.592401,0.664762,-0.456931,0.485028,0.337719,0.0003918829,2.4913e-06,-0.000123355,5.435e-07,-8.053e-07,3.93972e-05,0.0034577791,-0.0004877463,-2.77077e-05,0.0039650011,6.46605e-05,0.0029557407,-2.080006,-0.015762,1.655013,0.483065,-0.460064,-0.662422,-0.340864
1413393317.30616,1.151806,0.396289,0.572421,0.661936,-0.454734,0.488926,0.340602,0.0003948543,2.7059e-06,-0.0001190856,5.555e-07,-8.375e-07,3.64891e-05,0.0034795131,-0.00050237,-2.91884e-05,0.0040362552,6.66969e-05,0.0029696643,-2.125705,-0.007762,1.646486,0.486859,-0.457894,-0.659615,-0.343816
1413393317.35616,1.176218,0.392737,0.566073,0.660477,-0.454596,0.490381,0.341525,0.0003959263,2.2717e-06,-0.0001175116,5.522e-07,-6.956e-07,3.54527e-05,0.003489749,-0.0005103198,-3.10791e-05,0.0040698191,6.93234e-05,0.0029764396,-2.148772,-0.004823,1.643132,0.488356,-0.457729,-0.658169,-0.344685
1413393317.50616,1.241595,0.406374,0.53756,0.658822,-0.454692,0.49054,0.344352,0.0003969894,3.2892e-06,-0.000115986,5.807e-07,-9.832e-07,3.44751e-05,0.0035325959,-0.0005369719,-3.39913e-05,0.0041938936,7.34814e-05,0.0030027735,-2.2181,-0.002321,1.634007,0.488414,-0.457864,-0.656534,-0.347529
1413393317.55616,1.263321,0.413602,0.525028,0.657719,-0.455105,0.491158,0.345034,0.000397541,2.9488e-06,-0.0001151778,5.801e-07,-8.765e-07,3.39622e-05,0.0035509563,-0.0005486697,-3.5037e-05,0.0042371521,7.5016e-05,0.0030127938,-2.241224,-0.003816,1.628601,0.489014,-0.458285,-0.655429,-0.348216
1413393317.60616,1.285211,0.422275,0.509625,0.657909,-0.455949,0.490507,0.344484,0.0003970828,2.6053e-06,-0.0001159549,5.802e-07,-7.83e-07,3.44588e-05,0.0035710601,-0.0005615158,-3.61247e-05,0.0042821701,7.66318e-05,0.0030234858,-2.264573,-0.006579,1.62065,0.488291,-0.459169,-0.655642,-0.347663
1413393317.65616,1.307403,0.431072,0.492465,0.657154,-0.457133,0.490538,0.344311,0.00039708,1.7997e-06,-0.0001160232,5.757e-07,-5.476e-07,3.45032e-05,0.0035913098,-0.0005753869,-3.73447e-05,0.0043282601,7.8781e-05,0.0030343881,-2.287893,-0.010261,1.610189,0.488302,-0.460347,-0.654907,-0.347474
1413393317.80616,1.37192,0.466691,0.430212,0.655164,-0.461625,0.490167,0.342634,0.0003964257,-1.3475e-06,-0.0001171907,5.87e-07,3.775e-07,3.52621e-05,0.0036663415,-0.0006218434,-4.10441e-05,0.0044774997,8.45286e-05,0.0030729975,-2.357134,-0.02696,1.57292,0.487867,-0.464843,-0.65293,-0.345816
1413393317.90616,1.413411,0.495647,0.390666,0.656096,-0.463074,0.486168,0.344589,0.0003952206,9.165e-07,-0.0001191264,5.947e-07,-2.983e-07,3.65373e-05,0.0037264702,-0.0006578687,-4.3757e-05,0.0045839157,8.88154e-05,0.0031028961,-2.401922,-0.042716,1.551285,0.483751,-0.46632,-0.653903,-0.347768
1413393318.30616,1.580758,0.639441,0.219803,0.64907,-0.488391,0.478213,0.333908,0.000387156,-1.36081e-05,-0.0001300913,1.1136e-06,4.5573e-06,4.43985e-05,0.0040540755,-0.0008389406,-5.69234e-05,0.0050960274,0.0001101878,0.0032628002,-2.582515,-0.130078,1.459752,0.475576,-0.491661,-0.646878,-0.337116
1413393318.40616,1.621347,0.67723,0.172001,0.645223,-0.493206,0.480588,0.330862,0.0003868865,-1.90886e-05,-0.0001298428,1.5884e-06,6.3939e-06,4.42729e-05,0.0041581227,-0.0008899885,-6.08582e-05,0.0052463549,0.0001167463,0.0033146579,-2.626337,-0.153047,1.433455,0.47788,-0.496472,-0.643039,-0.334138
1413393318.70616,1.722181,0.785998,0.017535,0.640443,-0.497877,0.483122,0.329462,0.0003873399,-2.39829e-05,-0.0001286891,2.1652e-06,7.9582e-06,4.34849e-05,0.0045272848,-0.0010433025,-7.42869e-05,0.0057323981,0.000139834,0.0035052155,-2.736914,-0.216401,1.34781,0.480222,-0.50112,-0.63834,-0.332848
1413393318.75616,1.735552,0.803548,-0.006398,0.63998,-0.497853,0.483947,0.329185,0.0003876274,-2.45863e-05,-0.0001282358,2.2454e-06,8.1241e-06,4.3158e-05,0.0045980914,-0.0010685739,-7.6774e-05,0.0058185547,0.0001442122,0.0035426688,-2.751982,-0.226255,1.335955,0.481028,-0.501107,-0.637893,-0.332561
1413393318.80616,1.747762,0.82102,-0.029055,0.640092,-0.496743,0.484106,0.330409,0.0003883051,-2.3561e-05,-0.000127563,2.1209e-06,7.7298e-06,4.26457e-05,0.0046718788,-0.0010937065,-7.93347e-05,0.0059060783,0.0001487489,0.0035819084,-2.765902,-0.236003,1.325539,0.481153,-0.499982,-0.638024,-0.333818
1413393318.85616,1.758834,0.838373,-0.050219,0.639435,-0.494918,0.485249,0.332734,0.0003899011,-2.23081e-05,-0.0001256553,1.973e-06,7.178e-06,4.12385e-05,0.0047487126,-0.00111865,-8.19695e-05,0.0059950836,0.0001534478,0.0036229974,-2.778748,-0.245585,1.316772,0.482251,-0.498121,-0.63741,-0.336182
1413393319.00616,1.786003,0.892638,-0.106641,0.634263,-0.486417,0.49372,0.342563,0.0003978923,-1.87919e-05,-0.0001145829,1.6005e-06,5.3969e-06,3.37436e-05,0.0050011156,-0.0011948546,-9.03376e-05,0.0062730747,0.0001685327,0.0037580144,-2.811493,-0.276259,1.298462,0.490586,-0.489572,-0.632347,-0.346097
1413393319.05616,1.792952,0.912421,-0.124495,0.634898,-0.485306,0.493726,0.342954,0.0003981294,-1.79584e-05,-0.000114392,1.5285e-06,5.1447e-06,3.362e-05,0.0050938367,-0.0012214089,-9.32824e-05,0.0063695343,0.0001738927,0.0038071609,-2.8204,-0.288064,1.293641,0.490568,-0.488448,-0.632977,-0.346558
1413393319.10616,1.810349,0.950439,-0.127924,0.636322,-0.486483,0.492501,0.340398,0.0003966006,-1.88909e-05,-0.0001166892,1.6169e-06,5.5472e-06,3.50921e-05,0.0051648823,-0.0012886814,-0.0001283792,0.0064072536,0.0001305517,0.0038193454,-2.828489,-0.300739,1.289553,0.489279,-0.489729,-0.634431,-0.343904
1413393319.45616,1.858861,1.184442,-0.166481,0.65195,-0.497025,0.474867,0.320045,0.0003798211,-2.20594e-05,-0.0001390393,2.0068e-06,8.0783e-06,5.17322e-05,0.0059160356,-0.0016983098,-0.0002698146,0.0067311024,-0.0001067164,0.0040108078,-2.8618,-0.398846,1.274023,0.471205,-0.500697,-0.650132,-0.323415
1413393319.50616,1.859957,1.207516,-0.185799,0.654385,-0.498812,0.472034,0.316467,0.000376958,-2.2712e-05,-0.0001422722,2.1e-06,8.5763e-06,5.45443e-05,0.0061338141,-0.001819845,-0.0002828656,0.0068782851,-0.0001181407,0.0040681838,-2.864236,-0.410992,1.267023,0.46833,-0.502516,-0.652569,-0.319845
1413393319.70616,1.858182,1.288132,-0.275398,0.659594,-0.509217,0.465813,0.297745,0.000364507,-3.21885e-05,-0.0001536437,3.6003e-06,1.35835e-05,6.56642e-05,0.0066912662,-0.0019826101,-0.0003357264,0.0072970348,-0.0001656883,0.004317817,-2.868534,-0.446615,1.226109,0.462047,-0.513047,-0.657764,-0.301069
1413393319.75616,1.855659,1.304072,-0.298176,0.660665,-0.506123,0.465374,0.301311,0.0003662638,-2.88191e-05,-0.0001526421,3.0303e-06,1.2023e-05,6.45201e-05,0.0068379576,-0.0020204698,-0.0003501508,0.0074087171,-0.0001788974,0.0043863946,-2.867715,-0.450901,1.215159,0.46158,-0.50995,-0.658848,-0.304659
1413393320.00616,1.840907,1.360961,-0.427591,0.665163,-0.481387,0.464639,0.331566,0.0003803357,-2.3667e-06,-0.0001406034,8.033e-07,8.642e-07,5.28906e-05,0.0076219817,-0.0022020952,-0.0004302611,0.0080330002,-0.0002534854,0.0047701533,-2.8627,-0.446112,1.142988,0.46047,-0.485204,-0.663617,-0.334901
1413393320.30616,1.821507,1.421822,-0.562984,0.654522,-0.473117,0.477779,0.345671,0.0003928591,3.775e-07,-0.0001248563,8.25e-07,-1.267e-07,4.05715e-05,0.0080559309,-0.0024838177,-0.0004213701,0.0089689802,-0.0003400187,0.0052033783,-2.871387,-0.430473,1.042645,0.473378,-0.476965,-0.653057,-0.349191
1413393320.35617,1.88844,1.356697,-0.601667,0.654667,-0.47543,0.476199,0.344402,0.0003915898,-7.807e-07,-0.0001265962,8.184e-07,2.364e-07,4.16657e-05,0.0047371537,-0.0016576497,0.0001809703,0.0085516614,-0.0005513619,0.0051883093,-2.874868,-0.429577,1.03283,0.472101,-0.479181,-0.653116,-0.347774
1413393320.45617,1.893704,1.382684,-0.632939,0.657918,-0.482353,0.469553,0.337639,0.0003855023,-3.3897e-06,-0.0001346576,8.594e-07,1.1699e-06,4.77984e-05,0.004684961,-0.0016719987,0.000201809,0.0090002781,-0.0006072607,0.0053874718,-2.883484,-0.429708,1.024766,0.465418,-0.486169,-0.656316,-0.340994
1413393320.80616,1.92876,1.465142,-0.773702,0.659072,-0.486262,0.461852,0.34039,0.0003826645,-4.14e-08,-0.0001384682,8.728e-07,1.1e-09,5.09138e-05,0.0048582639,-0.0018496845,0.0002512712,0.0103113264,-0.0008617624,0.006066389,-2.930121,-0.425405,0.958024,0.457527,-0.490081,-0.65746,-0.343856
1413393320.85616,1.935468,1.411244,-0.750386,0.649298,-0.481602,0.473131,0.350169,0.0003924563,-2.836e-07,-0.0001258583,7.903e-07,7.44e-08,4.11553e-05,0.0048550471,-0.0016743133,5.64617e-05,0.0074468823,0.0007760883,0.0045931523,-2.932466,-0.427558,0.949975,0.468954,-0.48528,-0.647609,-0.353858
1413393320.90616,1.928751,1.426425,-0.743757,0.648505,-0.478156,0.473108,0.356339,0.0003946125,4.1573e-06,-0.0001227738,8.401e-07,-1.3125e-06,3.89928e-05,0.0047903395,-0.001627642,6.04289e-05,0.0075348418,0.000807533,0.0046560816,-2.927472,-0.430896,0.968164,0.468841,-0.481714,-0.646894,-0.3601
1413393320.95616,1.922307,1.441474,-0.746684,0.659092,-0.482532,0.45734,0.351568,0.00038462,9.1263e-06,-0.0001359141,1.0194e-06,-3.248e-06,4.88497e-05,0.0048216567,-0.001637745,6.4538e-05,0.007614755,0.0008394557,0.0047207881,-2.922662,-0.434241,0.976749,0.452964,-0.486302,-0.657462,-0.355103
1413393321.55616,1.889337,1.595456,-0.905792,0.643781,-0.485884,0.472838,0.354806,0.0003943597,-9.53e-07,-0.0001238669,8.795e-07,2.826e-07,3.97835e-05,0.005215371,-0.0017628477,0.0001273246,0.008899133,0.0013130565,0.0056739076,-2.907675,-0.449166,0.956117,0.468405,-0.489471,-0.642085,-0.358806
1413393321.60616,1.887944,1.607206,-0.917854,0.643852,-0.485138,0.472833,0.355704,0.0003947209,-1.614e-07,-0.0001234035,8.837e-07,3.31e-08,3.94634e-05,0.0052523932,-0.0017732694,0.0001337589,0.0090323153,0.0013609234,0.0057699792,-2.907838,-0.44926,0.95547,0.468385,-0.488676,-0.642165,-0.359771
1413393321.65616,1.886772,1.619652,-0.928913,0.643131,-0.484335,0.473706,0.356938,0.0003956299,2.471e-07,-0.0001221368,8.903e-07,-9.4e-08,3.85931e-05,0.0052915821,-0.0017844695,0.0001403924,0.0091700555,0.0014102096,0.005868931,-2.908243,-0.449988,0.955844,0.46925,-0.487856,-0.641446,-0.361037
1413393321.70616,1.884628,1.63124,-0.940208,0.64279,-0.484215,0.47422,0.357033,0.0003959445,3.88e-08,-0.0001217287,8.967e-07,-2.96e-08,3.83178e-05,0.0053306115,-0.0017941849,0.0001472348,0.0093103813,0.0014609543,0.0059708444,-2.90767,-0.449805,0.955959,0.469764,-0.487703,-0.641103,-0.361185
1413393322.45616,1.860541,1.815922,-1.110243,0.642765,-0.484754,0.474283,0.356262,0.0003961678,-6.055e-07,-0.0001221991,9.996e-07,1.675e-07,3.86897e-05,0.0061146231,-0.0019562554,0.0002771036,0.0120284416,0.0024178811,0.007910088,-2.907803,-0.45006,0.955381,0.469847,-0.488024,-0.64097,-0.360879
1413393322.50616,1.858886,1.82878,-1.121379,0.642781,-0.484697,0.47437,0.356194,0.0003962174,-6.488e-07,-0.0001221803,1.0068e-06,1.807e-07,3.86805e-05,0.0061832294,-0.0019675851,0.0002877625,0.012255905,0.0024962223,0.0080707773,-2.907814,-0.450139,0.955364,0.469937,-0.487968,-0.640963,-0.360849
1413393322.55616,1.857132,1.841597,-1.132488,0.642825,-0.484613,0.474394,0.356197,0.000396262,-6.105e-07,-0.0001221692,1.0138e-06,1.687e-07,3.86766e-05,0.00625417,-0.0019788125,0.0002986962,0.0124898676,0.0025765797,0.0082359409,-2.907744,-0.450136,0.955337,0.469973,-0.487869,-0.640994,-0.360882
1413393322.60616,1.85543,1.85447,-1.143573,0.642814,-0.48471,0.474324,0.356179,0.0003962538,-6.326e-07,-0.0001222352,1.021e-06,1.755e-07,3.87254e-05,0.0063277033,-0.0019901506,0.0003099078,0.0127307576,0.0026589889,0.0084056835,-2.907736,-0.450142,0.955293,0.469914,-0.487945,-0.640974,-0.360891
1413393322.85616,1.846769,1.919295,-1.198139,0.642852,-0.484775,0.474348,0.35599,0.0003963581,-7.533e-07,-0.0001223537,1.0577e-06,2.123e-07,3.88255e-05,0.0067371182,-0.0020474406,0.0003702959,0.0140436895,0.0031031065,0.0093268536,-2.907661,-0.450068,0.955353,0.469969,-0.487922,-0.640966,-0.360867
1413393322.90616,1.845078,1.932357,-1.208983,0.642854,-0.484817,0.474349,0.355927,0.0003963679,-8.028e-07,-0.0001223936,1.0653e-06,2.275e-07,3.88567e-05,0.0068280898,-0.0020590944,0.0003832702,0.0143293667,0.003198609,0.0095263629,-2.907705,-0.450038,0.955336,0.469972,-0.487942,-0.640968,-0.360831
1413393323.30616,1.831063,2.038372,-1.294962,0.642839,-0.484899,0.474517,0.355619,0.0003965983,-1.066e-06,-0.0001224946,1.1269e-06,3.08e-07,3.89583e-05,0.0076849521,-0.0021543619,0.0004985987,0.0169231522,0.0040493489,0.011325737,-2.907581,-0.450203,0.955596,0.470185,-0.487838,-0.640923,-0.360774
1413393323.35616,1.829357,2.051696,-1.305725,0.642857,-0.484909,0.474494,0.355603,0.0003966145,-1.0631e-06,-0.0001225264,1.1346e-06,3.07e-07,3.89843e-05,0.0078098632,-0.0021665497,0.0005145252,0.0172892456,0.0041671452,0.0115779703,-2.907584,-0.450205,0.955666,0.470164,-0.48782,-0.640945,-0.360786
1413393323.45616,1.826065,2.078274,-1.327536,0.642843,-0.485011,0.474502,0.355477,0.0003966384,-1.1766e-06,-0.0001226015,1.1508e-06,3.421e-07,3.90443e-05,0.0080727937,-0.0021911191,0.0005474358,0.0180519071,0.0044108349,0.0121021012,-2.907667,-0.450111,0.955606,0.470183,-0.487865,-0.640937,-0.360717
1413393323.50616,1.824445,2.091659,-1.338666,0.64281,-0.48502,0.474577,0.355426,0.0003966891,-1.2467e-06,-0.0001225823,1.159e-06,3.635e-07,3.90355e-05,0.0082113501,-0.0022035829,0.0005644302,0.0184488804,0.0045368091,0.0123742752,-2.907712,-0.450152,0.955393,0.470261,-0.487844,-0.640905,-0.360699
1413393323.80616,1.814732,2.171735,-1.404663,0.642834,-0.485234,0.474515,0.355174,0.0003967659,-1.4287e-06,-0.0001228036,1.208e-06,4.198e-07,3.92138e-05,0.0091485982,-0.0022793764,0.0006742513,0.0210647552,0.0053533243,0.0141579416,-2.907744,-0.450162,0.954851,0.470208,-0.487893,-0.640949,-0.360624
1413393323.95616,1.80991,2.211706,-1.436922,0.642869,-0.48526,0.474479,0.355123,0.0003968308,-1.4397e-06,-0.0001228777,1.2325e-06,4.23e-07,3.92784e-05,0.0096927532,-0.0023181326,0.0007344348,0.0225347754,0.0058026177,0.0151533777,-2.907745,-0.450162,0.954899,0.470183,-0.487842,-0.640982,-0.360666
1413393324.00616,1.80826,2.225017,-1.447543,0.642841,-0.48532,0.474506,0.355055,0.0003968527,-1.5186e-06,-0.0001229013,1.2413e-06,4.474e-07,3.92993e-05,0.0098864667,-0.0023311441,0.0007553121,0.0230505089,0.0059587698,0.015501582,-2.907725,-0.450159,0.954945,0.470215,-0.48788,-0.640952,-0.360625
1413393324.10616,1.804892,2.251643,-1.468677,0.642862,-0.485367,0.474475,0.354994,0.0003968826,-1.5491e-06,-0.0001229703,1.2581e-06,4.568e-07,3.93561e-05,0.0102935201,-0.0023573343,0.0007983221,0.024122255,0.0062809399,0.0162235616,-2.907675,-0.450172,0.954992,0.47018,-0.487872,-0.640987,-0.360621
1413393324.15616,1.803209,2.264977,-1.479193,0.642871,-0.485372,0.474446,0.355011,0.0003969088,-1.5269e-06,-0.0001229892,1.2662e-06,4.498e-07,3.93737e-05,0.010507278,-0.0023705691,0.0008204646,0.024678902,0.0064470527,0.0165976697,-2.907682,-0.450209,0.954997,0.470145,-0.487845,-0.641006,-0.360668
1413393324.45616,1.792516,2.344532,-1.541607,0.642832,-0.485548,0.474496,0.354774,0.0003970502,-1.7506e-06,-0.0001231223,1.3189e-06,5.189e-07,3.94946e-05,0.0119439897,-0.0024508465,0.0009625943,0.0283277142,0.0075172582,0.0190369231,-2.907802,-0.450217,0.954993,0.470176,-0.487854,-0.641021,-0.36059
1413393324.50616,1.790592,2.357754,-1.551988,0.64288,-0.485539,0.474466,0.354737,0.0003970566,-1.7393e-06,-0.0001231705,1.3274e-06,5.154e-07,3.95327e-05,0.0122111499,-0.0024643779,0.0009878803,0.0289901943,0.0077083459,0.0194775713,-2.907813,-0.450236,0.954935,0.470138,-0.487819,-0.641084,-0.360576
1413393324.55616,1.788614,2.370957,-1.562356,0.642893,-0.485571,0.474455,0.354685,0.0003970665,-1.7709e-06,-0.0001232129,1.3363e-06,5.253e-07,3.9567e-05,0.012486786,-0.0024779353,0.0010136379,0.0296690472,0.0079032049,0.019928457,-2.907807,-0.450257,0.954883,0.470121,-0.487822,-0.64111,-0.360546
1413393324.70616,1.782459,2.41034,-1.593265,0.642933,-0.485587,0.474442,0.354607,0.0003971353,-1.7996e-06,-0.000123285,1.3627e-06,5.34e-07,3.96319e-05,0.0133666002,-0.0025188254,0.0010937928,0.0318074514,0.0085109443,0.0213444601,-2.907812,-0.45023,0.954892,0.470095,-0.487761,-0.641177,-0.360545
1413393324.75616,1.780301,2.423433,-1.603558,0.64294,-0.485588,0.474451,0.354583,0.000397165,-1.814e-06,-0.0001232994,1.3717e-06,5.384e-07,3.96469e-05,0.0136783743,-0.0025325336,0.001121492,0.0325552977,0.008721417,0.0218382246,-2.907793,-0.450237,0.954909,0.4701,-0.48774,-0.64119,-0.360544
1413393324.95616,1.7711,2.475494,-1.644852,0.642954,-0.485683,0.474451,0.354427,0.0003972467,-1.9278e-06,-0.0001234105,1.4084e-06,5.736e-07,3.97446e-05,0.0150241594,-0.0025876538,0.0012373488,0.0357314209,0.0096042212,0.0239274695,-2.907616,-0.450236,0.955041,0.470086,-0.487753,-0.641228,-0.360476
1413393325.15616,1.761178,2.52704,-1.686912,0.642974,-0.485756,0.4745,0.354224,0.0003973353,-2.076e-06,-0.0001235126,1.4461e-06,6.196e-07,3.98367e-05,0.0165401106,-0.0026435732,0.0013615741,0.0392214076,0.0105551293,0.0262094306,-2.907648,-0.450272,0.954906,0.470108,-0.487752,-0.641287,-0.360344
1413393325.30616,1.75307,2.565289,-1.718871,0.643003,-0.485737,0.474586,0.354084,0.0003974312,-2.1672e-06,-0.0001235478,1.4748e-06,6.476e-07,3.98776e-05,0.0177990075,-0.0026858667,0.0014604707,0.0420596867,0.0113151829,0.0280557119,-2.907872,-0.450384,0.954811,0.470185,-0.487694,-0.641324,-0.360257
1413393325.35616,1.75018,2.577927,-1.729572,0.642998,-0.485779,0.474585,0.354036,0.0003974484,-2.2101e-06,-0.0001235807,1.4845e-06,6.61e-07,3.99059e-05,0.0182433108,-0.0026999487,0.0014945626,0.0430499346,0.0115777748,0.0286980199,-2.907974,-0.450422,0.954816,0.470181,-0.487725,-0.641321,-0.360224
1413393325.40616,1.747189,2.5905,-1.74027,0.642976,-0.485789,0.474634,0.353996,0.0003974927,-2.2611e-06,-0.0001235745,1.4944e-06,6.766e-07,3.99073e-05,0.0187004178,-0.002714011,0.0015292283,0.044062953,0.0118450846,0.0293541487,-2.908097,-0.450453,0.954863,0.470215,-0.48773,-0.641305,-0.360201
1413393325.45616,1.74406,2.603004,-1.750966,0.642878,-0.48592,0.474554,0.354101,0.0003975274,-2.2527e-06,-0.0001235832,1.5037e-06,6.739e-07,3.99189e-05,0.0191706259,-0.0027280087,0.001564476,0.0450991186,0.012117173,0.0300243363,-2.908216,-0.450481,0.954953,0.470125,-0.487849,-0.641215,-0.360319
