timestamp,p_x,p_y,p_z,q_x,q_y,q_z,q_w,Pr11,Pr12,Pr13,Pr22,Pr23,Pr33,Pt11,Pt12,Pt13,Pt22,Pt23,Pt33,gt_p_x,gt_p_y,gt_p_z,gt_q_w,gt_q_x,gt_q_y,gt_q_z
1413394887.50576,-0.011654,-0.004671,0.070796,0.810631,-0.002221,0.585348,0.015482,0.001009949,6.94e-08,4.75e-08,0.0010100294,6.22e-08,0.0010099356,0.0296719187,-2.75e-08,5.10746e-05,0.0296716243,1.59934e-05,0.0028890356,-1.03806,0.434017,1.423739,0.587299,0.027582,-0.808767,0.014676
1413394887.60581,0.025698,-0.012405,0.016394,0.804219,-0.000927,0.593999,0.019906,0.0003674135,6.1352e-06,-0.0001194142,2.39066e-05,-3.5829e-06,5.4455e-05,0.0025852625,-1.00454e-05,-6.34869e-05,0.0025529067,4.2864e-06,0.0027498907,-1.033105,0.431655,1.471207,0.582411,0.02744,-0.812342,0.012012
1413394887.70537,0.01451,-0.007953,0.05645,0.810879,-0.000805,0.584843,0.020812,0.0003704388,1.03925e-05,-0.0001141661,1.86208e-05,-5.88e-06,5.07899e-05,0.0025893442,-1.22608e-05,-5.3759e-05,0.0025523719,9.2941e-06,0.0027083494,-1.029878,0.426305,1.518478,0.572565,0.026905,-0.819349,0.010714
1413394887.9062,-0.00349,0.012651,0.118066,0.821233,-0.000615,0.57014,0.022707,0.0003641857,1.05535e-05,-0.0001248615,2.18764e-05,-7.8435e-06,5.72587e-05,0.0026003338,-1.4034e-05,-2.73849e-05,0.0025626829,1.068e-07,0.0027467305,-1.034773,0.406795,1.592248,0.556656,0.025929,-0.830285,0.00944
1413394888.0076,-0.00205,0.025609,0.146103,0.822254,-0.001747,0.56874,0.020743,0.0003631948,1.11403e-05,-0.0001270868,2.13202e-05,-8.2061e-06,5.69979e-05,0.0026075708,-1.40786e-05,-1.27479e-05,0.0025708984,-4.996e-07,0.0027514627,-1.046317,0.392377,1.617133,0.55576,0.025253,-0.830892,0.01054
1413394888.05863,-0.001631,0.03524,0.144198,0.819225,-0.001804,0.573082,0.021067,0.0003615258,1.3364e-05,-0.000127118,1.22337e-05,-6.1794e-06,5.46093e-05,0.0025933773,-1.35096e-05,-2.8762e-05,0.0025679909,1.81495e-05,0.0026491985,-1.055772,0.383185,1.630761,0.559482,0.025374,-0.828384,0.010794
1413394888.20783,0.009237,0.06107,0.191061,0.811765,-0.000342,0.583677,0.018952,0.0003676508,1.519e-05,-0.0001163499,9.6872e-06,-5.7784e-06,4.4749e-05,0.0025709776,-6.4914e-06,-1.81529e-05,0.0025606115,1.98903e-05,0.0026224593,-1.089391,0.355245,1.671722,0.57151,0.027335,-0.820067,0.010873
1413394888.25776,0.016267,0.07063,0.210042,0.810649,-0.000164,0.58525,0.018159,0.0003671836,1.3021e-05,-0.000117333,9.0653e-06,-5.057e-06,4.50297e-05,0.0025698577,-5.5673e-06,-1.54047e-05,0.002561871,2.01172e-05,0.0026203854,-1.103003,0.344365,1.686818,0.5741,0.027467,-0.818246,0.011343
1413394888.50641,0.054827,0.128437,0.275057,0.814876,0.001359,0.579412,0.01605,0.0003651537,1.26756e-05,-0.000121351,9.0196e-06,-5.1512e-06,4.77275e-05,0.0025835857,-1.6763e-06,-4.225e-07,0.0025769696,2.22387e-05,0.0026369535,-1.179903,0.27908,1.764687,0.567781,0.030017,-0.822533,0.012777
1413394888.60576,0.081007,0.151531,0.300984,0.817844,-0.002086,0.575333,0.010844,0.0003623699,7.8858e-06,-0.000125585,8.2171e-06,-3.5201e-06,5.02721e-05,0.0025895627,-5.998e-07,4.2252e-06,0.0025772089,2.2405e-05,0.0026379723,-1.215948,0.248385,1.786267,0.56469,0.027389,-0.824673,0.017036
1413394888.65566,0.098731,0.160177,0.309012,0.818254,-0.003379,0.574791,0.00807,0.0003614299,5.3e-06,-0.0001268832,7.7311e-06,-2.525e-06,5.09757e-05,0.0025900602,-1.72e-07,5.4509e-06,0.0025755756,2.23329e-05,0.0026365974,-1.235342,0.232464,1.79044,0.565183,0.026569,-0.824315,0.019147
1413394888.70613,0.120208,0.172693,0.315202,0.816841,-0.004346,0.576803,0.007085,0.0003626241,3.7537e-06,-0.000125437,7.3405e-06,-1.8723e-06,4.96167e-05,0.0025893581,-2.053e-07,5.8013e-06,0.0025759186,2.21747e-05,0.0026349871,-1.255923,0.216441,1.791915,0.56831,0.025894,-0.822159,0.020218
1413394888.80698,0.159516,0.201108,0.325809,0.811381,-0.009566,0.584439,0.000616,0.0003673422,-2.7596e-06,-0.0001188949,6.912e-06,4.669e-07,4.444e-05,0.0025932158,-2.3363e-06,9.4671e-06,0.0025806623,2.32278e-05,0.0026310232,-1.299006,0.184552,1.79246,0.577132,0.02126,-0.815912,0.027503
1413394888.85693,0.199695,0.22266,0.352467,-0.810587,0.013037,-0.585471,0.001656,0.0003663306,-6.0981e-06,-0.0001167609,6.1248e-06,1.7512e-06,4.28628e-05,0.002579952,-8.8924e-06,5.6174e-06,0.0025749502,2.20599e-05,0.0026186333,-1.3214,0.168774,1.793255,0.580287,0.019664,-0.8136,0.030586
1413394888.90654,0.222362,0.236489,0.356758,-0.808554,0.0153,-0.588205,0.004702,0.0003663823,-9.1704e-06,-0.0001159999,6.1668e-06,2.7641e-06,4.2316e-05,0.002582803,-1.39773e-05,8.7131e-06,0.0025802647,2.16165e-05,0.0026163268,-1.344074,0.153614,1.794894,0.583514,0.017901,-0.811191,0.034084
1413394889.2065,0.32261,0.289161,0.385121,-0.799889,0.017446,-0.599847,0.007557,0.0003734624,-1.19759e-05,-0.0001061938,6.4722e-06,3.4382e-06,3.58336e-05,0.0026071963,-1.9984e-05,2.71655e-05,0.0026180357,2.63785e-05,0.0026201287,-1.473618,0.08088,1.820889,0.595666,0.016992,-0.802197,0.037119
1413394889.25689,0.341346,0.297724,0.397892,-0.79252,0.016418,-0.609604,0.00511,0.0003781662,-1.0554e-05,-9.85323e-05,6.2532e-06,2.8164e-06,3.11548e-05,0.0026113715,-2.4147e-05,2.78496e-05,0.0026246426,2.63659e-05,0.0026166227,-1.493433,0.072089,1.829528,0.605983,0.017717,-0.794491,0.035536
1413394889.9068,0.154962,0.341285,0.51374,0.851987,-0.015754,0.523273,0.007421,0.0003250174,-1.3722e-06,-0.0001613822,7.3149e-06,6.498e-07,8.73765e-05,0.0027944413,4.96033e-05,0.0001249992,0.0027145676,4.38081e-05,0.00268334,-1.416142,-0.002955,1.965189,0.517442,0.021971,-0.855216,0.019891
1413394889.95681,0.145863,0.358481,0.52884,0.862431,-0.018025,0.505819,0.005925,0.0003116769,-2.663e-06,-0.0001705445,7.2854e-06,1.3469e-06,0.0001008457,0.0028098182,4.32961e-05,0.0001259987,0.0027161154,3.94816e-05,0.0026832659,-1.403406,-0.008826,1.9736,0.50043,0.020476,-0.865279,0.021354
1413394890.00594,0.204963,0.376401,0.588832,0.873348,-0.020205,0.486633,0.006593,0.0002985813,-2.401e-06,-0.0001779895,5.9191e-06,1.7277e-06,0.0001133366,0.0027247951,4.83876e-05,6.35581e-05,0.0026934603,5.55248e-05,0.0026136923,-1.395279,-0.014505,1.979463,0.484985,0.019991,-0.874072,0.019996
1413394890.05607,0.2567,0.445232,0.623659,0.881772,-0.021223,0.471122,0.008496,0.0002843163,-3.2758e-06,-0.0001847743,5.4218e-06,1.9779e-06,0.0001271602,0.0026704895,-3.3661e-05,2.45034e-05,0.0026202323,1.27455e-05,0.0025830808,-1.392651,-0.020631,1.982656,0.471717,0.019287,-0.881316,0.01998
1413394890.1058,0.250473,0.454717,0.614948,0.8859,-0.024487,0.463188,0.006167,0.0002750302,-4.029e-06,-0.0001884092,5.1854e-06,2.7341e-06,0.000136297,0.0026787296,-4.04219e-05,1.80245e-05,0.0026262604,1.79782e-05,0.0025731745,-1.39559,-0.026816,1.983746,0.463369,0.016334,-0.885733,0.022386
1413394890.15569,0.260147,0.461709,0.616076,0.884251,-0.027657,0.466179,0.003517,0.000278223,-6.6153e-06,-0.0001872232,5.2779e-06,4.4516e-06,0.0001331184,0.0026848043,-4.17417e-05,1.88922e-05,0.0026286272,1.92921e-05,0.0025722669,-1.405284,-0.032978,1.984744,0.46735,0.012998,-0.883618,0.02524
1413394890.35576,0.350738,0.477853,0.620178,-0.832461,0.040941,-0.552482,0.009827,0.000344679,-2.27125e-05,-0.000143792,6.7911e-06,9.5471e-06,6.58328e-05,0.0027129961,-5.94939e-05,2.40798e-05,0.0026617441,2.13821e-05,0.0025770298,-1.503423,-0.054055,1.9773,0.554058,-0.002908,-0.831361,0.043434
1413394890.40571,0.384927,0.47768,0.616143,-0.814646,0.044025,-0.57812,0.013816,0.0003609457,-2.76419e-05,-0.0001252648,7.3559e-06,9.7304e-06,4.88766e-05,0.0027140375,-6.70863e-05,2.06884e-05,0.0026649594,2.23255e-05,0.0025732349,-1.535681,-0.05678,1.971147,0.579137,-0.0068,-0.813776,0.048502
1413394890.45569,0.417174,0.476818,0.611335,-0.797376,0.044358,-0.601654,0.015384,0.0003743119,-2.99064e-05,-0.0001062135,7.6095e-06,8.6134e-06,3.53061e-05,0.0027147899,-7.4307e-05,1.91118e-05,0.0026763985,2.3347e-05,0.0025724372,-1.56815,-0.057833,1.963688,0.602482,-0.008055,-0.796456,0.051336
1413394890.5057,0.44746,0.473583,0.60653,-0.779356,0.043911,-0.62483,0.01625,0.0003855993,-3.12158e-05,-8.55421e-05,7.7305e-06,7.0245e-06,2.39685e-05,0.0027156485,-8.12303e-05,1.77257e-05,0.0026879844,2.38113e-05,0.0025721726,-1.598698,-0.056977,1.955329,0.625477,-0.008382,-0.778373,0.053566
1413394890.55576,0.473825,0.469294,0.601224,-0.763088,0.042266,-0.644744,0.014664,0.0003937447,-3.03095e-05,-6.65147e-05,7.5117e-06,5.186e-06,1.61106e-05,0.0027155574,-8.73877e-05,1.63944e-05,0.0026991322,2.39108e-05,0.0025721147,-1.62593,-0.053561,1.947091,0.64538,-0.007671,-0.762053,0.052199
1413394890.65591,0.51005,0.454116,0.59436,-0.740722,0.033112,-0.670957,0.007135,0.0004025163,-2.18363e-05,-3.99055e-05,6.3284e-06,2.1666e-06,8.7403e-06,0.0027150784,-9.58067e-05,1.61042e-05,0.0027186934,2.37797e-05,0.0025710143,-1.666216,-0.042037,1.930624,0.670952,0.000484,-0.740065,0.046187
1413394890.70605,0.519776,0.444856,0.589919,-0.733449,0.0289,-0.679123,0.003006,0.0004046424,-1.73688e-05,-3.11954e-05,5.8851e-06,1.3281e-06,7.1668e-06,0.002716151,-9.62476e-05,1.59184e-05,0.002724301,2.37166e-05,0.0025717806,-1.677894,-0.033342,1.923605,0.679138,0.003762,-0.73276,0.042708
1413394890.75628,0.522632,0.43401,0.584715,0.732668,-0.024445,0.680146,0.000755,0.000405273,-1.27519e-05,-3.01578e-05,5.5318e-06,9.294e-07,7.0016e-06,0.002716513,-9.56943e-05,1.56198e-05,0.0027277509,2.35738e-05,0.0025727034,-1.68328,-0.023567,1.916654,0.679645,0.008477,-0.732462,0.038895
1413394890.80646,0.521071,0.422698,0.578981,0.742449,-0.019671,0.669584,0.006256,0.0004036671,-6.6934e-06,-4.14192e-05,5.232e-06,6.64e-07,9.0345e-06,0.0027152803,-9.27049e-05,1.56431e-05,0.0027284445,2.35181e-05,0.0025739174,-1.68224,-0.012403,1.908371,0.668687,0.013749,-0.742683,0.033232
1413394891.00685,0.475757,0.391533,0.558587,0.821795,-0.015243,0.56948,0.01062,0.0003590139,-7.53e-08,-0.0001327093,5.1902e-06,-4.4e-09,5.45141e-05,0.0027262821,-7.34153e-05,1.96899e-05,0.0027231455,2.57007e-05,0.0025815093,-1.638096,0.036683,1.874582,0.568553,0.023213,-0.821958,0.025145
1413394891.05687,0.458507,0.376162,0.547487,0.839189,-0.014882,0.543526,0.010898,0.0003410873,9.533e-07,-0.000150976,5.1613e-06,-4.556e-07,7.25774e-05,0.0027283667,-7.02328e-05,1.98537e-05,0.0027196996,2.44023e-05,0.0025810353,-1.624982,0.049017,1.867623,0.542618,0.024196,-0.839305,0.024048
1413394891.10684,0.446471,0.363816,0.541477,0.853096,-0.013934,0.521419,0.012494,0.0003249216,2.6497e-06,-0.000164088,5.1925e-06,-1.3756e-06,8.89277e-05,0.0027317313,-6.33925e-05,2.11353e-05,0.002718978,2.4353e-05,0.0025816942,-1.614695,0.061243,1.862252,0.520942,0.026262,-0.852938,0.02111
1413394891.40661,0.474289,0.31059,0.521735,0.872286,-0.009369,0.488473,0.020559,0.0002989609,9.2669e-06,-0.0001803771,5.2898e-06,-5.7884e-06,0.0001153967,0.0027135392,-7.23653e-05,7.7896e-06,0.0027294309,1.82256e-05,0.0025748612,-1.667803,0.121032,1.846913,0.488981,0.03246,-0.871607,0.012276
1413394891.45643,0.498047,0.303266,0.513997,0.863754,-0.00827,0.503391,0.021376,0.0003112271,1.0178e-05,-0.0001736552,5.247e-06,-5.8351e-06,0.0001031304,0.0027076381,-7.8423e-05,2.7613e-06,0.0027346375,1.85038e-05,0.0025681917,-1.699104,0.127603,1.849557,0.503896,0.03233,-0.863078,0.012457
1413394891.75633,0.747739,0.26236,0.517558,0.817249,0.00138,0.575547,0.02913,0.0003638591,1.88087e-05,-0.0001280105,5.6639e-06,-6.7533e-06,5.03743e-05,0.0026607445,-0.0001025478,-3.1161e-06,0.0028454479,1.68102e-05,0.0025622947,-1.949946,0.143808,1.869307,0.575243,0.038889,-0.817011,0.008826
1413394891.85629,0.836557,0.255684,0.526332,0.809673,0.004123,0.586094,0.030109,0.0003702595,2.09149e-05,-0.0001196727,5.8618e-06,-6.9017e-06,4.39077e-05,0.002656783,-0.000109447,-1.3503e-06,0.0029033788,1.54694e-05,0.0025614578,-2.039005,0.139868,1.883871,0.58618,0.04117,-0.809094,0.008357
1413394892.2062,1.083312,0.302703,0.63661,0.767877,0.029843,0.6396,0.019638,0.0003965479,2.73124e-05,-7.17809e-05,6.5907e-06,-5.0495e-06,1.78991e-05,0.002678022,-0.0001455259,1.7138e-06,0.0030897617,1.06573e-05,0.0025645793,-2.297761,0.07926,2.000854,0.638876,0.064608,-0.766259,0.022682
1413394892.25618,1.10564,0.315413,0.653227,0.767082,0.039037,0.64023,0.012886,0.0003965975,2.80949e-05,-7.17454e-05,6.6961e-06,-5.185e-06,1.78621e-05,0.0026784937,-0.0001536459,3.7007e-06,0.0031093664,1.04361e-05,0.0025650827,-2.322123,0.06443,2.017325,0.639188,0.074095,-0.764901,0.029654
1413394892.35616,1.149486,0.345589,0.675982,-0.767343,-0.059653,-0.638444,0.003961,0.0003962863,2.81784e-05,-7.356e-05,6.7093e-06,-5.3266e-06,1.85327e-05,0.0026910855,-0.0001676147,5.868e-06,0.0031441571,9.1028e-06,0.0025671643,-2.360451,0.031491,2.041175,0.636867,0.094752,-0.763711,0.046642
1413394892.65611,1.195981,0.460886,0.676569,-0.772182,-0.138458,-0.615794,0.073225,0.0003903034,2.30299e-05,-9.13004e-05,6.092e-06,-5.4627e-06,2.63764e-05,0.0027619249,-0.0002185977,1.19024e-05,0.0031967082,7.6052e-06,0.0025769709,-2.395279,-0.081401,2.043224,0.611274,0.173963,-0.763346,0.115761
1413394892.70611,1.191717,0.483764,0.676765,-0.774525,-0.154153,-0.607284,0.086914,0.0003872484,2.09755e-05,-9.80038e-05,5.8868e-06,-5.3828e-06,2.98856e-05,0.0027772836,-0.0002264505,1.33696e-05,0.0032075203,7.256e-06,0.0025793161,-2.389797,-0.101366,2.044747,0.602207,0.190041,-0.764616,0.128879
1413394893.20604,1.107299,0.745168,0.731827,-0.764713,-0.319455,-0.529253,0.181807,0.0003569419,2.25697e-05,-0.0001420305,6.1971e-06,-9.1827e-06,6.20067e-05,0.0030210995,-0.0003002437,1.98556e-05,0.0031869657,5.9573e-06,0.0026079742,-2.268312,-0.311068,2.106065,0.520938,0.354933,-0.74422,0.220892
1413394893.25604,1.098305,0.777158,0.738976,-0.760262,-0.332488,-0.525343,0.188329,0.0003555387,2.38663e-05,-0.0001435329,6.3883e-06,-9.8495e-06,6.34802e-05,0.0030623047,-0.0003147215,2.08733e-05,0.0032054859,6.1526e-06,0.0026125001,-2.255035,-0.336165,2.114693,0.517291,0.367772,-0.738686,0.226946
1413394893.35605,1.081637,0.846086,0.755519,-0.747727,-0.349218,-0.526724,0.203746,0.0003605031,2.41046e-05,-0.0001388793,6.4261e-06,-9.4991e-06,5.90066e-05,0.0031551293,-0.0003335364,2.34103e-05,0.0032196718,6.6804e-06,0.0026223329,-2.228518,-0.390314,2.134118,0.517967,0.383379,-0.725191,0.242555
1413394893.40604,1.073866,0.882665,0.764989,-0.739037,-0.356853,-0.532696,0.206676,0.0003644637,2.86701e-05,-0.0001338909,7.0938e-06,-1.0763e-05,5.46451e-05,0.0032080644,-0.0003434159,2.4677e-05,0.0032296592,7.0708e-06,0.0026277671,-2.215336,-0.419104,2.145155,0.524274,0.390436,-0.715827,0.245547
1413394893.80606,0.987633,1.222846,0.775768,-0.694415,-0.390441,-0.57613,0.182808,0.000372565,7.60734e-05,-0.0001050915,1.94731e-05,-2.18218e-05,3.40867e-05,0.0035821571,-0.0004295722,3.6165e-06,0.003290118,9.997e-07,0.0026757653,-2.048569,-0.674533,2.170634,0.569537,0.420731,-0.669505,0.22445
1413394893.85606,0.963763,1.272037,0.770273,-0.694495,-0.387138,-0.578465,0.182151,0.0003738155,7.5672e-05,-0.0001038704,1.92706e-05,-2.13896e-05,3.33053e-05,0.0036677955,-0.0004451726,1.9895e-06,0.0033190713,1.3609e-06,0.002684674,-2.01436,-0.710094,2.166564,0.571389,0.4172,-0.670188,0.224293
1413394894.40613,0.413266,1.795134,0.644537,-0.68566,-0.400479,-0.526474,0.30383,0.0003918825,2.7366e-06,-0.0001065232,2.7872e-06,-1.0129e-06,3.26949e-05,0.0045979373,-0.0003324384,-0.0001126514,0.0034778567,-4.56871e-05,0.0027594471,-1.385155,-1.103307,2.074415,0.511987,0.433027,-0.658195,0.342268
1413394894.45613,0.353941,1.842295,0.629578,-0.684133,-0.40932,-0.515863,0.313536,0.0003904643,-3.8147e-06,-0.0001093139,2.7944e-06,8.343e-07,3.43829e-05,0.004593826,-0.0002491384,-0.0001215033,0.0035178761,-5.09462e-05,0.0027700242,-1.315949,-1.130946,2.061174,0.500966,0.442105,-0.656001,0.351068
1413394894.55613,0.237057,1.931321,0.597226,-0.677137,-0.430895,-0.500127,0.325097,0.0003869219,-4.8351e-06,-0.000115723,2.8036e-06,1.2545e-06,3.84738e-05,0.0048310313,-0.0001801636,-0.0001450644,0.0036487574,-6.12945e-05,0.0027966667,-1.179093,-1.180452,2.032268,0.485086,0.463382,-0.647458,0.361625
1413394894.60613,0.166978,1.980604,0.579621,-0.673726,-0.439862,-0.492133,0.332296,0.0003853769,-7.207e-06,-0.000118334,2.7238e-06,2.1559e-06,4.01562e-05,0.0048880387,-0.0001210683,-0.0001382964,0.0037177307,-7.23932e-05,0.0028026929,-1.111613,-1.202518,2.016062,0.476437,0.472197,-0.643676,0.368409
1413394894.65613,0.115127,2.000834,0.559372,-0.668694,-0.448592,-0.486578,0.338903,0.0003852699,-7.2531e-06,-0.0001189195,2.7085e-06,2.2017e-06,4.02866e-05,0.0050036911,-5.26791e-05,-0.0001406133,0.003746521,-8.93496e-05,0.0028117473,-1.044907,-1.223271,1.999802,0.470852,0.481201,-0.637694,0.374294
1413394894.70612,0.058033,2.04234,0.538961,-0.66167,-0.457513,-0.485012,0.342986,0.0003862116,-5.1281e-06,-0.0001180886,2.6335e-06,1.5685e-06,3.9347e-05,0.005070001,2.23405e-05,-0.0001488965,0.0037379268,-0.0001007714,0.002824101,-0.979539,-1.242592,1.983434,0.469499,0.489784,-0.629852,0.378121
1413394894.85611,-0.088161,2.12383,0.476945,-0.647689,-0.480628,-0.479711,0.345505,0.0003853442,5.0849e-06,-0.0001206327,2.5725e-06,-1.4636e-06,4.04133e-05,0.0053382706,0.0002694891,-0.0001340243,0.0038394805,-0.0001527758,0.0028388803,-0.788035,-1.292539,1.933067,0.464526,0.512528,-0.614126,0.379977
1413394894.90611,-0.136902,2.136614,0.460233,-0.647916,-0.484488,-0.473545,0.348182,0.0003835437,2.3751e-06,-0.0001236645,2.5226e-06,-6.135e-07,4.23942e-05,0.0053900939,0.0003274005,-0.000140037,0.0038735078,-0.0001639611,0.002850566,-0.724961,-1.306799,1.916828,0.458381,0.516533,-0.614015,0.382188
1413394894.95611,-0.184563,2.13825,0.437346,-0.649058,-0.486405,-0.467863,0.351052,0.0003819659,-7.284e-07,-0.0001262751,2.5043e-06,3.668e-07,4.40366e-05,0.0054716889,0.0003970156,-0.0001478981,0.0038591502,-0.0001913205,0.0028639784,-0.662534,-1.320916,1.900657,0.452755,0.518953,-0.614813,0.384327
1413394895.05611,-0.295537,2.189056,0.406997,-0.655673,-0.484208,-0.454682,0.359026,0.0003784334,-1.3073e-05,-0.0001310064,2.9218e-06,4.6654e-06,4.76155e-05,0.005639833,0.0005023084,-0.0001521084,0.0040253258,-0.0002159395,0.0028861511,-0.540032,-1.345774,1.869655,0.439039,0.517448,-0.621426,0.391566
1413394895.10612,-0.345007,2.218357,0.38995,-0.657972,-0.484627,-0.450726,0.359243,0.0003767153,-1.53184e-05,-0.0001333009,3.0975e-06,5.5645e-06,4.94471e-05,0.0057492881,0.0005681827,-0.0001624639,0.0041377205,-0.0002324867,0.0029034679,-0.480497,-1.356705,1.855368,0.434767,0.518247,-0.623785,0.391524
1413394895.15613,-0.402885,2.18318,0.375402,-0.661508,-0.483088,-0.446946,0.359544,0.0003745996,-1.74913e-05,-0.0001358273,3.2103e-06,6.3189e-06,5.11553e-05,0.0058782505,0.0005926327,-0.0001751054,0.0039711898,-0.0002400604,0.0029188033,-0.422623,-1.367514,1.842594,0.431214,0.518037,-0.626536,0.391338
1413394895.20616,-0.701624,2.051642,0.39018,-0.662255,-0.479356,-0.447754,0.36215,0.0003733916,-1.95868e-05,-0.0001370546,2.0548e-06,7.308e-06,5.14143e-05,0.0048649489,0.0005169911,2.32547e-05,0.0031866892,-3.75701e-05,0.0026586327,-0.366202,-1.377524,1.831636,0.429504,0.517096,-0.628739,0.390928
1413394895.25613,-0.767544,2.055537,0.383135,-0.662914,-0.476968,-0.449055,0.362488,0.0003766001,-2.1203e-05,-0.0001332263,2.1634e-06,7.6026e-06,4.8195e-05,0.0045881874,0.000719898,2.555e-05,0.0033631951,-2.25773e-05,0.0026453506,-0.311652,-1.386491,1.823313,0.431107,0.514954,-0.629303,0.391087
1413394895.30612,-0.823539,2.072099,0.374853,-0.663643,-0.475678,-0.451605,0.359669,0.0003768712,-1.94863e-05,-0.0001329351,1.9545e-06,6.9662e-06,4.79402e-05,0.0045846873,0.0007728476,2.32419e-05,0.003409152,-2.03752e-05,0.0026401695,-0.258892,-1.395309,1.816281,0.433638,0.513988,-0.629907,0.388577
1413394895.55611,-1.081696,2.128693,0.364809,-0.653433,-0.48928,-0.481942,0.318375,0.0003777778,2.18694e-05,-0.000133036,2.1729e-06,-7.6545e-06,4.78864e-05,0.0047268384,0.0010246183,2.29594e-05,0.0036549162,-1.94407e-05,0.002641508,-0.006589,-1.441592,1.810334,0.466434,0.526903,-0.619227,0.348386
1413394895.70614,-1.2418,2.172203,0.393159,-0.662725,-0.480556,-0.476005,0.321373,0.0003770328,1.19752e-05,-0.0001359416,1.264e-06,-4.258e-06,5.00382e-05,0.0047767346,0.0011782859,2.46536e-05,0.003838592,-2.02883e-05,0.0026445145,0.153646,-1.470465,1.845744,0.460196,0.518414,-0.628955,0.35197
1413394896.00615,-1.562972,2.27951,0.473727,-0.668764,-0.47164,-0.468179,0.333345,0.0003789245,-2.3576e-06,-0.0001359959,8.784e-07,9.046e-07,4.98264e-05,0.0049666861,0.0015381424,2.82329e-05,0.0042861631,-2.56397e-05,0.0026544324,0.480629,-1.538485,1.944951,0.451616,0.510489,-0.634732,0.364087
1413394896.05615,-1.615887,2.296972,0.478328,-0.668467,-0.471949,-0.467747,0.334109,0.0003791544,-2.5122e-06,-0.0001361177,8.839e-07,9.592e-07,4.98893e-05,0.0050210916,0.0015969032,2.87394e-05,0.0043547196,-2.71528e-05,0.0026565939,0.533056,-1.55093,1.952863,0.451077,0.510683,-0.634482,0.364918
1413394896.15614,-1.716239,2.328793,0.479414,-0.667462,-0.473454,-0.466733,0.335405,0.0003796547,-2.748e-06,-0.0001362998,8.856e-07,1.0452e-06,4.99647e-05,0.0050969426,0.0017226247,2.90176e-05,0.0045280321,-2.98284e-05,0.0026611752,0.636593,-1.576572,1.959419,0.450104,0.512247,-0.633228,0.366104
1413394896.20613,-1.76282,2.344127,0.476872,-0.667671,-0.473873,-0.465556,0.336032,0.0003795105,-3.427e-06,-0.0001368447,8.943e-07,1.296e-06,5.03804e-05,0.0051289301,0.001779358,2.85894e-05,0.0046087194,-3.09268e-05,0.0026633917,0.687096,-1.590098,1.958431,0.449172,0.512194,-0.633547,0.366769
1413394896.25611,-1.806225,2.362269,0.47214,-0.670123,-0.470505,-0.460595,0.342655,0.0003794013,-1.08057e-05,-0.0001369592,1.1701e-06,3.9675e-06,5.04791e-05,0.0051597309,0.0018355785,2.75167e-05,0.004689803,-3.18724e-05,0.0026653461,0.737219,-1.603727,1.954543,0.443499,0.508865,-0.636333,0.37343
1413394896.35611,-1.903469,2.400154,0.45272,-0.67967,-0.456771,-0.444857,0.362644,0.0003768308,-3.51479e-05,-0.0001367456,4.1585e-06,1.28412e-05,5.06747e-05,0.0052442482,0.0019540315,2.74072e-05,0.0048576591,-3.51478e-05,0.0026710824,0.83338,-1.630876,1.942586,0.426433,0.495576,-0.646754,0.392783
1413394896.40611,-1.948341,2.418875,0.443205,-0.684014,-0.451087,-0.436975,0.371077,0.0003743259,-4.57642e-05,-0.0001369381,6.4859e-06,1.68374e-05,5.11542e-05,0.0052871419,0.0020150045,2.68019e-05,0.0049455079,-3.69053e-05,0.0026740138,0.878302,-1.6444,1.936956,0.418089,0.490701,-0.651114,0.400586
1413394896.4561,-1.989433,2.437371,0.434306,-0.688005,-0.445084,-0.429631,0.379429,0.0003716595,-5.60762e-05,-0.0001365623,9.3637e-06,2.07095e-05,5.12427e-05,0.0053291206,0.0020726126,2.57729e-05,0.0050282083,-3.86124e-05,0.0026769131,0.919705,-1.657679,1.931744,0.41006,0.484847,-0.655419,0.408909
1413394896.5061,-2.025727,2.455265,0.424809,-0.691807,-0.439945,-0.422747,0.386182,0.0003685532,-6.48564e-05,-0.0001365701,1.23283e-05,2.41475e-05,5.16779e-05,0.0053707578,0.0021270622,2.42853e-05,0.0051046168,-4.01333e-05,0.0026798624,0.957276,-1.67058,1.925344,0.402989,0.479831,-0.659615,0.415061
1413394896.85606,-2.133469,2.557579,0.309299,-0.715163,-0.388946,-0.375277,0.443205,0.0003367058,-0.0001301269,-0.0001234918,5.13506e-05,4.79134e-05,4.63891e-05,0.0056245717,0.0023569526,5.9121e-06,0.0053958366,-5.16286e-05,0.002699137,1.071029,-1.74959,1.824417,0.352526,0.430369,-0.685292,0.469985
1413394896.90606,-2.121433,2.564202,0.290334,-0.714539,-0.383803,-0.377195,0.447049,0.000337263,-0.0001330615,-0.0001200385,5.35692e-05,4.75474e-05,4.38096e-05,0.0056554726,0.0023442148,-5.74e-07,0.0053384813,-5.07251e-05,0.0026981156,1.05681,-1.756806,1.806447,0.354684,0.425052,-0.685074,0.473503
1413394897.00605,-2.071971,2.566082,0.255922,-0.715447,-0.376857,-0.374001,0.454134,0.0003341819,-0.0001394422,-0.0001165376,5.92889e-05,4.88229e-05,4.17298e-05,0.0056878842,0.0023069573,-7.6132e-06,0.0052566863,-5.33442e-05,0.0027039016,1.002343,-1.764826,1.773973,0.350617,0.418417,-0.686463,0.480379
1413394897.20604,-1.863087,2.541214,0.196423,-0.715631,-0.382492,-0.378611,0.445225,0.0003390082,-0.0001327056,-0.0001210184,5.30661e-05,4.75658e-05,4.43335e-05,0.0056885932,0.0020712587,-2.05757e-05,0.0049062181,-6.55812e-05,0.0027247123,0.776264,-1.756836,1.730521,0.356157,0.42402,-0.686045,0.471915
1413394897.30605,-1.697347,2.519846,0.178975,-0.705002,-0.408699,-0.404558,0.415055,0.0003606789,-0.0001000889,-0.0001292873,2.88225e-05,3.60321e-05,4.74951e-05,0.0056528425,0.0018797821,-3.04507e-05,0.0046492918,-7.46899e-05,0.0027368632,0.610035,-1.743902,1.720402,0.384795,0.450046,-0.673505,0.442513
1413394897.65605,-1.045816,2.394582,0.153516,-0.663015,-0.467769,-0.473813,0.342206,0.0003936835,-3.6917e-06,-0.0001307785,1.0627e-06,1.272e-06,4.46483e-05,0.0055894678,0.0011783807,-6.62833e-05,0.0038627495,-0.0001089129,0.0027960074,-0.06913,-1.675209,1.723019,0.457491,0.505114,-0.628572,0.374781
1413394897.7061,-0.925793,2.384655,0.167355,-0.660462,-0.467531,-0.477074,0.342936,0.0003960076,-2.004e-06,-0.000127985,1.0252e-06,7.011e-07,4.25544e-05,0.0054682729,0.0010541307,-6.21214e-05,0.00376271,-0.0001191404,0.0027828137,-0.165523,-1.66406,1.727811,0.460946,0.504429,-0.625771,0.376154
1413394897.7561,-0.833203,2.365935,0.169296,-0.658293,-0.467811,-0.479561,0.343257,0.0003975773,-6.725e-07,-0.0001263264,1.0255e-06,2.647e-07,4.13372e-05,0.0054743961,0.0009393787,-6.81614e-05,0.0036683357,-0.0001259145,0.0027919918,-0.260773,-1.652109,1.732688,0.46299,0.504881,-0.623806,0.3763
1413394898.00608,-0.331211,2.249585,0.205776,-0.646978,-0.466604,-0.492153,0.348548,0.0004069965,4.5176e-06,-0.0001145512,1.1147e-06,-1.2317e-06,3.34483e-05,0.0052941702,0.0005059013,-6.89771e-05,0.0034425367,-0.0001420312,0.0028138496,-0.716139,-1.579128,1.777466,0.475813,0.502867,-0.612215,0.381994
1413394898.10608,-0.174117,2.188201,0.239762,-0.647451,-0.470448,-0.491343,0.343611,0.0004053591,8.1601e-06,-0.0001181335,1.2472e-06,-2.3498e-06,3.5648e-05,0.0052111209,0.0002642537,-4.68436e-05,0.0033450173,-0.0001060536,0.002784584,-0.886919,-1.541761,1.800028,0.475318,0.506787,-0.612428,0.377057
1413394898.65607,0.523998,1.936448,0.377383,-0.589579,-0.558319,-0.494554,0.309988,0.0003831151,7.73228e-05,-0.0001308491,1.68419e-05,-2.64573e-05,4.60695e-05,0.0051809734,-0.0002476875,-0.000107254,0.0036160331,-0.0001908856,0.0029014339,-1.594949,-1.30015,1.958069,0.480969,0.591527,-0.548497,0.343394
1413394898.70607,0.558644,1.920305,0.391938,-0.586903,-0.566353,-0.48819,0.310581,0.0003798062,7.76912e-05,-0.0001350936,1.71407e-05,-2.76878e-05,4.94543e-05,0.0051783647,-0.0002659581,-0.00011324,0.0036688976,-0.0001991777,0.0029163033,-1.630212,-1.278296,1.973852,0.474386,0.599395,-0.545495,0.343691
1413394898.75608,0.569254,1.89508,0.425683,-0.58773,-0.572169,-0.479185,0.312374,0.0003766515,7.44618e-05,-0.0001408196,1.5971e-05,-2.78983e-05,5.40769e-05,0.0051218784,-0.0003261738,-3.11438e-05,0.0036953877,-0.0001589975,0.0028404038,-1.660279,-1.257099,1.989665,0.465059,0.60543,-0.545943,0.345145
1413394899.05609,0.619313,1.830806,0.541098,-0.577175,-0.603715,-0.466843,0.290611,0.0003533876,9.06518e-05,-0.0001562636,2.45886e-05,-4.01964e-05,7.06624e-05,0.0052196841,-0.0004104004,5.09452e-05,0.0039606158,-0.0001539127,0.0028225885,-1.733035,-1.156981,2.094349,0.454657,0.63616,-0.533623,0.322233
1413394899.10609,0.612878,1.831829,0.553987,-0.581924,-0.605118,-0.4603,0.288653,0.000350043,8.74552e-05,-0.0001611452,2.31912e-05,-4.03758e-05,7.57847e-05,0.0052482853,-0.0003843357,5.66448e-05,0.0040125021,-0.0001593388,0.0028316321,-1.726305,-1.146252,2.106751,0.448044,0.638006,-0.538391,0.319909
1413394899.15609,0.601483,1.835983,0.564378,-0.586795,-0.605518,-0.454092,0.287786,0.000347514,8.36301e-05,-0.0001654606,2.14726e-05,-3.99348e-05,8.04145e-05,0.0053137162,-0.0003737055,6.24343e-05,0.0040716599,-0.0001653893,0.002840824,-1.714368,-1.137887,2.116671,0.441941,0.638823,-0.543114,0.318784
1413394899.30609,0.53938,1.868925,0.581163,-0.588774,-0.607131,-0.45032,0.286268,0.0003456565,8.24501e-05,-0.0001685198,2.10478e-05,-4.03219e-05,8.38539e-05,0.0055575046,-0.0003221023,8.24958e-05,0.0042631573,-0.0001854986,0.0028716133,-1.648795,-1.128628,2.131201,0.438476,0.640563,-0.544658,0.317437
1413394899.35609,0.509535,1.886481,0.582483,-0.590005,-0.604318,-0.449382,0.291117,0.0003493145,7.89097e-05,-0.0001679199,1.92112e-05,-3.80491e-05,8.24222e-05,0.0056549498,-0.0002978049,9.01564e-05,0.0043331442,-0.0001928984,0.0028830507,-1.617348,-1.130557,2.131379,0.437075,0.637823,-0.54611,0.322355
1413394899.55608,0.31003,1.96992,0.547579,-0.602662,-0.586728,-0.419087,0.341928,0.0003697071,3.23153e-05,-0.0001681915,4.199e-06,-1.47259e-05,7.82178e-05,0.0058872241,-0.0001849273,4.9238e-05,0.0046183383,-0.0002370619,0.0029082705,-1.450565,-1.159966,2.104336,0.403312,0.621347,-0.559819,0.371316
1413394899.60608,0.262775,2.001259,0.537758,-0.599501,-0.589514,-0.412208,0.350938,0.0003714017,2.66701e-05,-0.0001681293,3.2997e-06,-1.20878e-05,7.78234e-05,0.0059857817,-0.000111991,5.46265e-05,0.0047146222,-0.0002470491,0.0029215669,-1.401987,-1.172827,2.093041,0.395971,0.624142,-0.55626,0.379781
1413394899.65609,0.213921,2.030744,0.521531,-0.593225,-0.59543,-0.406105,0.358644,0.0003723164,2.38229e-05,-0.0001680282,2.9185e-06,-1.07637e-05,7.75524e-05,0.0061070181,-6.49933e-05,5.95106e-05,0.0048112378,-0.0002642123,0.002924917,-1.351436,-1.187547,2.081478,0.389706,0.629607,-0.549631,0.386828
1413394899.8061,-0.008954,2.085011,0.476028,-0.564512,-0.621724,-0.385871,0.381955,0.0003734736,1.96008e-05,-0.0001673091,2.4196e-06,-8.8065e-06,7.64855e-05,0.0050746979,-0.0002662676,1.4573e-06,0.0048161584,-0.0002958786,0.0028169145,-1.188785,-1.243785,2.052409,0.368418,0.653507,-0.520481,0.407809
1413394899.9061,-0.124903,2.170269,0.464606,-0.538923,-0.636991,-0.376263,0.402779,0.0003809341,1.86738e-05,-0.0001613883,2.3266e-06,-7.9444e-06,6.99019e-05,0.0051323324,-0.0001414888,3.2929e-06,0.0050743949,-0.0003246848,0.0028287641,-1.072359,-1.288964,2.038091,0.357847,0.667262,-0.493772,0.427678
1413394899.9561,-0.185189,2.215474,0.461174,-0.527603,-0.641669,-0.368531,0.417231,0.0003859179,1.36138e-05,-0.0001574266,1.899e-06,-5.5832e-06,6.5739e-05,0.0052200314,-9.63853e-05,3.9521e-06,0.0052056946,-0.0003402665,0.0028346558,-1.011733,-1.313219,2.033161,0.348966,0.67133,-0.482132,0.441703
1413394900.0061,-0.246473,2.262172,0.460773,-0.516827,-0.646779,-0.360128,0.42997,0.0003896676,8.995e-06,-0.0001543401,1.6339e-06,-3.5906e-06,6.26489e-05,0.0053126369,-4.83057e-05,4.6841e-06,0.0053454755,-0.0003565934,0.0028408684,-0.950127,-1.338305,2.031336,0.339533,0.675855,-0.471114,0.453874
1413394900.3561,-0.66057,2.503531,0.520327,-0.434339,-0.673089,-0.318787,0.506632,0.0004174097,-4.6664e-06,-0.0001227556,1.4735e-06,1.345e-06,3.75631e-05,0.0060412108,0.0003777885,9.6469e-06,0.0061867361,-0.0004504903,0.0028873622,-0.521743,-1.511873,2.072837,0.293961,0.697635,-0.387319,0.526198
1413394900.4561,-0.775716,2.588874,0.525682,-0.405913,-0.686722,-0.317972,0.512388,0.0004209615,9.2594e-06,-0.0001181871,1.6345e-06,-2.6457e-06,3.46466e-05,0.006054754,0.0004237588,1.41153e-05,0.0065459584,-0.0004886243,0.0029053107,-0.407943,-1.553295,2.073111,0.292926,0.709699,-0.357993,0.531387
1413394900.7061,-1.065676,2.774732,0.513551,-0.332379,-0.728028,-0.324677,0.504067,0.0004121777,5.97515e-05,-0.000120829,1.01405e-05,-1.76269e-05,3.69254e-05,0.006549112,0.0006919996,2.49573e-05,0.0076230021,-0.0006032772,0.0029592158,-0.12662,-1.621987,2.048321,0.300188,0.746291,-0.281688,0.523065
1413394900.8061,-1.193448,2.829042,0.513555,-0.305484,-0.740725,-0.319327,0.506001,0.0004084932,7.08255e-05,-0.000121698,1.37753e-05,-2.12302e-05,3.77768e-05,0.0067188953,0.0008008113,3.09291e-05,0.0081312722,-0.0006549895,0.00298498,-0.006033,-1.624767,2.04384,0.294273,0.757396,-0.254121,0.524583
1413394900.9061,-1.33361,2.867828,0.528201,-0.283815,-0.75162,-0.302315,0.512954,0.0004074619,7.05092e-05,-0.0001246792,1.36968e-05,-2.17129e-05,3.96902e-05,0.006862313,0.0009105182,3.81988e-05,0.0086992092,-0.000710343,0.0030135395,0.123744,-1.608962,2.054781,0.277022,0.766977,-0.231841,0.530342
1413394901.0061,-1.486783,2.890624,0.561218,-0.257222,-0.760408,-0.285393,0.52361,0.0004085348,7.12449e-05,-0.0001240261,1.39178e-05,-2.17721e-05,3.92026e-05,0.0069778547,0.0010182514,4.69655e-05,0.0093343687,-0.000769499,0.003045167,0.263286,-1.573729,2.084492,0.259142,0.774266,-0.204462,0.539966
1413394901.0561,-1.567264,2.896231,0.58148,-0.243924,-0.764094,-0.275897,0.529663,0.0004096505,7.07472e-05,-0.0001233586,1.37081e-05,-2.14482e-05,3.87007e-05,0.0070256294,0.0010693409,5.19316e-05,0.0096772998,-0.000800523,0.0030622061,0.335537,-1.549441,2.102667,0.249376,0.777199,-0.190957,0.545269
1413394901.1061,-1.64942,2.897872,0.601679,-0.230087,-0.766364,-0.265251,0.537947,0.0004122237,6.91652e-05,-0.0001211379,1.30888e-05,-2.04671e-05,3.71512e-05,0.0070665562,0.001116795,5.72937e-05,0.0100361607,-0.0008324955,0.0030800998,0.40874,-1.520621,2.121019,0.238234,0.778486,-0.17686,0.553118
1413394901.1561,-1.731151,2.889796,0.619845,-0.217557,-0.767542,-0.25209,0.547721,0.0004159329,6.49795e-05,-0.0001184685,1.16209e-05,-1.86411e-05,3.5289e-05,0.0070994749,0.0011635237,6.2656e-05,0.010363328,-0.000859023,0.0030970617,0.482096,-1.487704,2.137458,0.224193,0.779061,-0.164242,0.561999
1413394901.30609,-1.971606,2.824966,0.662287,-0.195618,-0.763048,-0.1947,0.584451,0.0004324524,3.05822e-05,-0.0001069754,3.5669e-06,-7.6498e-06,2.79782e-05,0.0071507338,0.0012681088,8.3827e-05,0.0113673376,-0.000955261,0.0031567971,0.696926,-1.367858,2.174806,0.164505,0.773645,-0.142956,0.594976
1413394901.35609,-2.052371,2.809841,0.672199,-0.191712,-0.760882,-0.172312,0.595494,0.0004366354,1.53495e-05,-0.000103066,1.9326e-06,-3.6943e-06,2.58387e-05,0.0070842532,0.0012299708,9.24061e-05,0.0117577174,-0.0009897823,0.0031790658,0.765292,-1.322748,2.182992,0.141047,0.771486,-0.139152,0.604628
1413394901.40609,-2.131575,2.793373,0.680994,-0.187512,-0.756899,-0.150981,0.607575,0.0004406891,5.157e-07,-9.6748e-05,1.386e-06,-1.722e-07,2.27414e-05,0.0071011067,0.0012369729,0.000100464,0.0121765225,-0.0010268269,0.0032024726,0.831584,-1.276253,2.190306,0.119175,0.767316,-0.135222,0.615435
1413394901.45609,-2.206534,2.76057,0.688122,-0.181308,-0.751886,-0.133296,0.6197,0.0004444969,-1.08071e-05,-8.84047e-05,1.6379e-06,2.1007e-06,1.90624e-05,0.0071139759,0.0012396147,0.0001106257,0.0125465126,-0.0010647839,0.0032263849,0.89475,-1.228887,2.195986,0.100973,0.76217,-0.129043,0.626311
1413394901.85609,-2.673506,2.549683,0.66519,-0.072888,-0.78465,-0.069142,0.611744,0.0004382837,8.9123e-06,-0.0001090386,1.489e-06,-2.2601e-06,2.8603e-05,0.0073187235,0.0009959172,0.0001994551,0.0155893504,-0.0013870483,0.0034639564,1.262551,-0.853868,2.160155,0.038001,0.78891,-0.018011,0.613082
1413394901.95609,-2.764189,2.50542,0.663468,-0.030493,-0.786341,-0.057436,0.61436,0.0004387758,2.42127e-05,-0.0001074929,2.6326e-06,-5.9813e-06,2.78023e-05,0.0072963002,0.0007395909,0.0002282755,0.0163884812,-0.0014747336,0.0035376281,1.323054,-0.756148,2.154432,0.025806,0.78811,0.02447,0.614519
1413394902.40608,-3.047806,2.245712,0.672411,0.09667,-0.765127,0.032806,0.635736,0.0004509267,3.37134e-05,-8.73069e-05,3.7382e-06,-6.5556e-06,1.82914e-05,0.0079408137,-0.0003224405,0.0003897274,0.020296302,-0.001891172,0.0039021222,1.459392,-0.255032,2.145494,0.066593,-0.75993,-0.149871,-0.628982
1413394902.45608,-3.064835,2.211114,0.669735,0.1034,-0.761508,0.046258,0.63818,0.0004535335,2.86333e-05,-8.37233e-05,3.0149e-06,-5.3077e-06,1.68311e-05,0.0080546051,-0.0004667474,0.0004086261,0.0207181485,-0.0019433998,0.003955478,1.458375,-0.195872,2.139026,0.080965,-0.756283,-0.15591,-0.630227
1413394902.80608,-3.084442,2.01308,0.661893,0.075443,-0.776319,0.16482,0.603715,0.0004387937,-7.46163e-05,-9.90545e-05,1.38684e-05,1.68922e-05,2.37045e-05,0.0090954176,-0.0016350824,0.0005528832,0.0237326078,-0.0023253333,0.0043927688,1.355033,0.162795,2.106844,0.196114,-0.774261,-0.128282,-0.587883
1413394902.85608,-3.079214,2.000995,0.663287,0.073887,-0.781008,0.167895,0.596975,0.0004347256,-7.84437e-05,-0.0001050667,1.53314e-05,1.90118e-05,2.67386e-05,0.0093046398,-0.0017922194,0.0005738067,0.0241797599,-0.0023832196,0.0044653142,1.333942,0.197488,2.104828,0.198542,-0.779154,-0.127102,-0.580817
1413394902.90608,-3.073158,1.994012,0.664265,0.075444,-0.786185,0.164297,0.590955,0.0004321273,-7.60017e-05,-0.0001123613,1.45346e-05,1.98154e-05,3.05656e-05,0.0095312899,-0.001942781,0.000594629,0.0246378059,-0.0024424094,0.0045406934,1.312731,0.227187,2.102832,0.194151,-0.784165,-0.128928,-0.575128
1413394903.05608,-3.05343,2.000417,0.655741,0.076015,-0.797575,0.146259,0.580263,0.0004277657,-6.47558e-05,-0.0001282974,1.0941e-05,1.94666e-05,3.98344e-05,0.0103088137,-0.0023663939,0.000656849,0.0260820286,-0.0026271375,0.0047844773,1.251219,0.291076,2.084868,0.175469,-0.795237,-0.130066,-0.565592
1413394903.25608,-3.026072,2.060555,0.597703,0.04684,-0.828554,0.127634,0.543151,0.000397645,-6.91274e-05,-0.0001645745,1.31421e-05,2.86697e-05,6.95369e-05,0.011571345,-0.002884916,0.0007395276,0.0281895626,-0.0028912233,0.0051541546,1.176335,0.328874,2.016867,0.154224,-0.827865,-0.102261,-0.529534
1413394903.45608,-3.028825,2.172892,0.525291,0.023984,-0.82918,0.079615,0.552763,0.0004066894,-4.55886e-05,-0.0001661203,6.2065e-06,1.86333e-05,6.92439e-05,0.0131153829,-0.0033464558,0.0008240339,0.0306402515,-0.0031820542,0.0055808577,1.139905,0.323632,1.940219,0.106686,-0.828872,-0.080178,-0.543295
1413394903.70608,-3.072361,2.358787,0.499394,0.014226,-0.811463,0.037993,0.582993,0.0004327151,-1.94649e-05,-0.00014488,1.9564e-06,6.4819e-06,4.98069e-05,0.0154712328,-0.0038964661,0.0009353447,0.0342354602,-0.0035859639,0.0062041737,1.1397,0.284635,1.915159,0.067372,-0.811577,-0.070048,-0.576108
1413394903.75608,-2.983791,2.373153,0.473893,0.01516,-0.810826,0.031631,0.584235,0.0004336791,-1.41336e-05,-0.0001446025,1.4013e-06,4.5381e-06,4.93794e-05,0.0126909927,-0.0030956727,0.001629256,0.0347614347,-0.0038311487,0.0059412569,1.141398,0.274674,1.921754,0.060883,-0.811335,-0.071005,-0.577052
1413394903.90608,-3.002845,2.496172,0.503571,0.025401,-0.81123,0.007689,0.584124,0.0004348045,8.8372e-06,-0.0001456779,1.1307e-06,-3.1562e-06,4.99608e-05,0.0138199562,-0.0035229668,0.0018201745,0.0368341674,-0.0040984642,0.0063157447,1.143651,0.245246,1.955572,0.037001,-0.810715,-0.081559,-0.578553
1413394903.95608,-3.007568,2.536521,0.511546,0.025811,-0.812418,-0.000598,0.582503,0.0004336884,1.51631e-05,-0.0001473339,1.4876e-06,-5.3534e-06,5.12024e-05,0.0142373943,-0.0036337274,0.0018881801,0.0376778163,-0.004196574,0.0064493149,1.142947,0.236162,1.964685,0.02883,-0.81175,-0.081843,-0.577524
1413394904.00608,-3.011642,2.576131,0.516526,0.020194,-0.813703,-0.004192,0.580915,0.0004330065,1.48156e-05,-0.0001489555,1.47e-06,-5.3001e-06,5.23863e-05,0.0146659652,-0.0037514083,0.0019583181,0.0385401971,-0.00429614,0.0065870907,1.141706,0.227934,1.970816,0.025361,-0.813453,-0.076143,-0.576068
1413394904.05608,-3.015989,2.615177,0.518613,0.009405,-0.81645,-0.005175,0.577317,0.0004310784,9.7863e-06,-0.0001524827,1.1913e-06,-3.6632e-06,5.50794e-05,0.0151073678,-0.0038737609,0.0020305861,0.0394249308,-0.0043974161,0.0067292015,1.14073,0.220401,1.974201,0.024202,-0.81696,-0.065457,-0.572461
1413394904.10608,-3.019962,2.653828,0.518154,-0.005953,-0.819868,-0.003529,0.572511,0.0004280982,5.109e-07,-0.0001570594,9.768e-07,-3.832e-07,5.87627e-05,0.0155621944,-0.0040011343,0.0021049941,0.0403302439,-0.0045003248,0.0068757474,1.139524,0.213379,1.975066,0.025464,-0.821325,-0.050154,-0.567689
1413394904.25608,-3.034973,2.771845,0.502301,-0.056967,-0.831612,-0.01002,0.552336,0.000412363,-1.96786e-05,-0.0001745135,1.953e-06,8.149e-06,7.49988e-05,0.0170181767,-0.0044014941,0.0023413774,0.0431929362,-0.0048204541,0.0073433001,1.13966,0.191865,1.963482,0.017571,-0.836301,3.3e-05,-0.548001
1413394904.40608,-3.062828,2.90005,0.467929,-0.108548,-0.838779,-0.039976,0.532043,0.0003972489,-2.02376e-05,-0.0001894132,2.101e-06,9.4832e-06,9.14567e-05,0.0186329273,-0.004809158,0.0025983409,0.0463150867,-0.0051606706,0.0078555435,1.153821,0.163119,1.933916,0.014292,0.846194,-0.050754,0.530275
1413394904.50608,-3.092604,2.993506,0.438853,-0.141926,-0.835246,-0.070218,0.526583,0.0003967227,-1.3058e-05,-0.0001914914,1.5423e-06,6.1468e-06,9.35474e-05,0.0198073846,-0.0050774352,0.0027819064,0.0485629879,-0.0054002852,0.0082237103,1.175063,0.138576,1.908287,0.044862,0.844327,-0.083784,0.527349
1413394904.65608,-3.152905,3.141604,0.404585,-0.192709,-0.809038,-0.118741,0.542421,0.0004193919,-6.522e-06,-0.0001733323,1.2763e-06,2.5758e-06,7.26685e-05,0.0217226619,-0.0054800979,0.0030771866,0.0521931479,-0.005779259,0.0088184671,1.222447,0.096493,1.878523,0.09197,0.82099,-0.135561,0.546958
1413394904.70608,-3.176089,3.192895,0.394883,-0.210701,-0.799324,-0.132894,0.546832,0.0004260059,-7.0613e-06,-0.0001670777,1.3108e-06,2.6668e-06,6.65379e-05,0.022399098,-0.005619054,0.003181352,0.0534719751,-0.0059107426,0.0090285509,1.241446,0.081675,1.870143,0.105876,0.812413,-0.153809,0.552394
1413394904.75608,-3.200208,3.244585,0.387016,-0.226899,-0.790557,-0.148337,0.549119,0.0004313679,-5.5808e-06,-0.0001618506,1.2839e-06,2.0073e-06,6.17232e-05,0.0230984862,-0.0057584611,0.0032882088,0.0547826618,-0.0060448471,0.0092447182,1.261176,0.066753,1.863412,0.120962,0.804683,-0.170521,0.555694
1413394904.90608,-3.351304,3.360028,0.37236,-0.273859,-0.760174,-0.194944,0.555998,0.0004477457,-2.8307e-06,-0.000143011,1.2573e-06,9.037e-07,4.65829e-05,0.0231145491,-0.0068756509,0.0031539719,0.0582855147,-0.0061730008,0.0093471365,1.319785,0.022856,1.848532,0.166401,0.777066,-0.218552,0.566336
1413394905.05608,-3.422253,3.505437,0.367167,-0.316809,-0.715878,-0.239707,0.574187,0.0004700449,-8.7447e-06,-0.000107975,1.4298e-06,2.0699e-06,2.57021e-05,0.0251181398,-0.0074886138,0.0034804774,0.0629005299,-0.0066052531,0.0100279131,1.370502,-0.013448,1.844751,0.209404,0.735245,-0.263408,0.588392
1413394905.20608,-3.473922,3.631702,0.366095,-0.365357,-0.682981,-0.264007,0.574763,0.0004754763,-2.76209e-05,-9.6201e-05,2.8965e-06,5.7071e-06,2.04026e-05,0.0273299825,-0.0082374962,0.0038224629,0.0674003056,-0.0070391131,0.0107628862,1.399368,-0.033217,1.844065,0.233005,0.706388,-0.313644,0.590228
1413394905.25608,-3.485216,3.668374,0.363571,-0.385563,-0.683443,-0.26267,0.561472,0.0004683225,-3.44316e-05,-0.0001107391,3.8332e-06,8.2815e-06,2.71569e-05,0.0280885109,-0.0085201519,0.0039423042,0.0689362892,-0.0071867161,0.0110208229,1.402549,-0.035267,1.841678,0.232134,0.708212,-0.333833,0.577172
1413394905.85608,-3.63694,4.346541,0.403814,-0.414469,-0.695614,-0.306288,0.500524,0.000455374,6.6685e-06,-0.0001473979,1.5312e-06,-1.9723e-06,4.89367e-05,0.039369841,-0.0119873966,0.0056001179,0.0899544407,-0.0091999699,0.0147044374,1.494206,-0.291655,1.889049,0.280397,0.72104,-0.359113,0.522096
1413394905.95608,-3.647834,4.496919,0.436466,-0.384883,-0.658487,-0.335755,0.552746,0.0004906996,9.7939e-06,-8.00466e-05,1.642e-06,-1.353e-06,1.40325e-05,0.0214586395,-0.0107098435,0.0047363778,0.0938397524,-0.0094501821,0.0153315881,1.535358,-0.371494,1.917488,0.305338,0.682061,-0.331417,0.575988
1413394906.00608,-3.66848,4.568794,0.449888,-0.375228,-0.64216,-0.342045,0.574316,0.0004989677,5.6232e-06,-5.22076e-05,1.5296e-06,-3.461e-07,6.4314e-06,0.021957541,-0.0110983382,0.0048738752,0.095769841,-0.0096334522,0.0157071807,1.552877,-0.404819,1.931193,0.309589,0.665256,-0.322818,0.597833
1413394906.30609,-3.608977,4.525028,0.517507,-0.408735,-0.630501,-0.291393,0.592026,0.0004915784,-5.65131e-05,-6.45082e-05,7.9074e-06,7.5771e-06,9.4575e-06,0.0218392927,-0.0057722989,0.0032815141,0.086637863,-0.0058945853,0.0137026763,1.554704,-0.48032,2.015235,0.257204,0.658312,-0.358272,0.610038
1413394906.45609,-3.558277,4.607408,0.549058,-0.458063,-0.675167,-0.269087,0.511782,0.0004473606,-4.88687e-05,-0.0001573225,6.7835e-06,1.74106e-05,5.64924e-05,0.0215164284,-0.0076929918,0.0035926794,0.0913075044,-0.0060607495,0.0146311328,1.482414,-0.469318,2.041825,0.241417,0.7064,-0.404941,0.528008
1413394906.90609,-3.396158,4.988116,0.580839,-0.497819,-0.625156,-0.392988,0.454881,0.0004734295,2.01486e-05,-0.0001353584,2.312e-06,-5.5079e-06,4.00965e-05,0.0251952297,-0.0108516515,0.0045359272,0.1082704442,-0.00685906,0.0178445338,1.275433,-0.556798,2.047445,0.368615,0.656809,-0.447231,0.48246
1413394907.05609,-3.37351,5.125883,0.587721,-0.467339,-0.558246,-0.455391,0.51242,0.0005124782,1.62884e-05,-2.98417e-05,2.0045e-06,-6.834e-07,3.104e-06,0.0265981864,-0.0119564908,0.0048875312,0.1146497601,-0.0071507258,0.0190689834,1.237347,-0.587661,2.042536,0.425621,0.587989,-0.420799,0.544133
1413394907.25609,-3.348104,5.206623,0.593674,-0.488418,-0.548423,-0.440205,0.516623,0.0005135963,-1.00027e-05,-3.97748e-05,1.7492e-06,1.0486e-06,4.5182e-06,0.0281671981,-0.0137341202,0.0053990563,0.1236634543,-0.0075427756,0.0208288259,1.175704,-0.526384,2.031342,0.408715,0.581579,-0.443684,0.545796
1413394907.35609,-3.331206,5.203741,0.591651,-0.530045,-0.581656,-0.392668,0.475964,0.0004877886,-2.26903e-05,-0.0001190488,2.653e-06,5.8362e-06,3.06077e-05,0.0288247775,-0.0147645305,0.0056735442,0.1283692692,-0.0077382216,0.0217660343,1.134589,-0.454753,2.02045,0.363986,0.618003,-0.483732,0.501654
1413394907.40609,-3.321264,5.197396,0.589359,-0.55629,-0.593697,-0.359794,0.456742,0.0004614565,-3.82128e-05,-0.0001574803,4.7936e-06,1.3375e-05,5.54033e-05,0.029147076,-0.0153042643,0.0058149429,0.1307716609,-0.0078363132,0.0222498089,1.111866,-0.414409,2.01357,0.331954,0.631651,-0.509865,0.480574
1413394907.55609,-3.279318,5.186302,0.572297,-0.635645,-0.593498,-0.261466,0.418749,0.0003595177,-9.43936e-05,-0.0002204285,2.66023e-05,5.84736e-05,0.0001373219,0.0302033658,-0.016977955,0.0062532717,0.1381549688,-0.0081341347,0.0237642879,1.032555,-0.304021,1.982858,0.237471,0.636966,-0.589484,0.436388
1413394907.60609,-3.257218,5.19235,0.565519,-0.652011,-0.590366,-0.2474,0.406378,0.0003371578,-9.79955e-05,-0.0002279869,3.03478e-05,6.69416e-05,0.0001565165,0.0306151205,-0.0175488624,0.0064033623,0.1406613586,-0.0082346781,0.0242906656,0.999342,-0.278023,1.971691,0.225157,0.634985,-0.605737,0.423316
1413394907.75609,-3.1597,5.259085,0.549963,-0.650349,-0.589162,-0.293207,0.379426,0.0003604535,-6.25486e-05,-0.0002327436,1.26251e-05,4.0932e-05,0.0001526833,0.0321144611,-0.0192818818,0.0068636285,0.1483012501,-0.0085415476,0.0259365188,0.875818,-0.251795,1.943368,0.274137,0.633365,-0.603134,0.399961
1413394907.80609,-3.120218,5.29643,0.547504,-0.631476,-0.58556,-0.334116,0.383046,0.0003980113,-4.0512e-05,-0.0002187867,5.8534e-06,2.27049e-05,0.0001224996,0.0326979097,-0.0198649532,0.0070206652,0.1509056371,-0.0086464182,0.0265081557,0.829908,-0.25827,1.93695,0.314851,0.628128,-0.583888,0.406784
1413394907.90609,-3.041018,5.378553,0.535991,-0.585784,-0.569788,-0.413229,0.401796,0.0004660771,1.7128e-06,-0.0001641664,1.7246e-06,-2.886e-07,5.97972e-05,0.0339384588,-0.0210442074,0.007341832,0.1562386886,-0.0088607109,0.0276876002,0.739003,-0.278256,1.917549,0.391594,0.608541,-0.539037,0.431086
1413394907.95609,-3.003802,5.419774,0.526465,-0.566302,-0.560129,-0.441225,0.413375,0.0004871058,1.47889e-05,-0.0001342912,2.1831e-06,-3.7807e-06,3.89329e-05,0.0345784997,-0.0216442337,0.0075064547,0.1589775867,-0.0089702306,0.0282958941,0.695813,-0.287708,1.904665,0.418211,0.597517,-0.520131,0.4445
1413394908.00609,-2.968546,5.458841,0.514923,-0.549605,-0.551361,-0.463055,0.423692,0.0005010403,2.45932e-05,-0.0001072678,2.9612e-06,-4.976e-06,2.48416e-05,0.0352245007,-0.0222536355,0.0076739673,0.1617670885,-0.0090811818,0.0289167926,0.654128,-0.294823,1.889921,0.438708,0.587706,-0.50407,0.456151
1413394908.05609,-2.93546,5.494868,0.501357,-0.539456,-0.545079,-0.47492,0.431657,0.0005084162,2.84383e-05,-8.96569e-05,3.3665e-06,-4.7261e-06,1.76793e-05,0.0358720313,-0.0228741397,0.0078444919,0.1646081994,-0.009193429,0.0295504538,0.614083,-0.298601,1.87344,0.449416,0.580831,-0.494669,0.464723
1413394908.15608,-2.928639,5.357572,0.335022,-0.546701,-0.556277,-0.464943,0.418929,0.0005006801,3.18582e-05,-0.0001100112,3.8307e-06,-6.708e-06,2.61025e-05,0.0367210523,-0.024703908,0.006830031,0.1630358995,-0.0094648395,0.0262259905,0.538925,-0.295135,1.832354,0.439327,0.593613,-0.50169,0.450492
1413394908.45621,-2.350405,5.242599,0.345521,-0.616042,-0.624086,-0.348286,0.331219,0.0003738953,1.32508e-05,-0.0002388768,1.5791e-06,-8.8805e-06,0.0001545243,0.0244992209,0.0056271305,-0.0005693443,0.0461237909,-0.006634644,0.009170878,0.365065,-0.267747,1.719993,0.331322,0.664439,-0.56965,0.352509
1413394908.50624,-2.338132,5.259518,0.318226,-0.623931,-0.626175,-0.333145,0.328069,0.0003612299,3.5252e-06,-0.000244989,1.1419e-06,-2.7923e-06,0.0001681632,0.023555165,0.0043816063,-0.0006336285,0.0452150611,-0.0067505439,0.0092320592,0.34508,-0.278397,1.712788,0.316786,0.666911,-0.577525,0.348351
1413394908.55624,-2.317691,5.30594,0.317167,-0.624513,-0.625486,-0.329545,0.33189,0.0003618942,-8.497e-07,-0.0002451659,1.1162e-06,1.828e-07,0.0001681236,0.0237417914,0.0045308335,-0.0006965016,0.0456074148,-0.0068827625,0.0093064037,0.327405,-0.2969,1.712688,0.313493,0.666046,-0.577806,0.352488
1413394908.60624,-2.299142,5.356873,0.326912,-0.612973,-0.623079,-0.344242,0.342832,0.000382195,4.0535e-06,-0.0002365523,1.1698e-06,-2.9051e-06,0.0001483647,0.0240483503,0.0046416352,-0.0007360633,0.0458264538,-0.0069401294,0.0093419796,0.311312,-0.324973,1.720718,0.327923,0.662923,-0.565891,0.364405
1413394909.05618,-2.225573,5.724563,0.558611,-0.49729,-0.533057,-0.465973,0.50142,0.0005322691,-9.875e-07,-3.35835e-05,1.2094e-06,-2.968e-07,3.6869e-06,0.026518939,0.0053039522,-0.000926511,0.0468079181,-0.0070772866,0.0094824506,0.232333,-0.548607,1.93102,0.436147,0.566217,-0.455813,0.530491
1413394909.15613,-2.220992,5.685184,0.616217,-0.530307,-0.551592,-0.425347,0.483322,0.0005187469,-2.26637e-05,-9.0382e-05,2.2097e-06,3.5825e-06,1.73759e-05,0.0261907922,0.0051035656,-0.0007990336,0.0462967678,-0.0067873219,0.0093232493,0.216416,-0.542779,1.98152,0.396543,0.587489,-0.487818,0.509595
1413394909.20613,-2.211973,5.698344,0.641709,-0.549238,-0.565007,-0.406233,0.462688,0.0005034132,-2.52916e-05,-0.000125624,2.5097e-06,5.9391e-06,3.3039e-05,0.0259320498,0.0051723682,-0.0008532081,0.046633516,-0.0069107408,0.0093850478,0.205467,-0.533027,2.003279,0.379305,0.602147,-0.50595,0.487453
1413394909.70613,-2.05147,5.835482,0.836607,-0.643105,-0.489015,-0.420332,0.413039,0.0004836278,-6.10639e-05,-0.000156441,9.291e-06,1.93211e-05,5.22171e-05,0.0270223273,0.0050787176,-0.0008824989,0.0463371956,-0.0067207225,0.0093901582,0.021819,-0.503949,2.143786,0.397821,0.531326,-0.60419,0.440915
1413394909.75613,-2.02275,5.861096,0.858623,-0.633692,-0.475893,-0.442196,0.420027,0.0005004997,-5.74261e-05,-0.0001333177,8.2029e-06,1.48548e-05,3.70794e-05,0.0269683904,0.0051483896,-0.0009337362,0.0465803264,-0.0068243654,0.0094458793,-0.00622,-0.510287,2.160038,0.419174,0.517589,-0.595299,0.449494
1413394909.80613,-1.992625,5.884309,0.881845,-0.620886,-0.466243,-0.466083,0.424128,0.0005157946,-4.80335e-05,-0.0001088741,6.1168e-06,9.6849e-06,2.4516e-05,0.0271582625,0.0052302797,-0.0009903083,0.0467929396,-0.0069266506,0.0095029396,-0.035848,-0.514364,2.177031,0.442471,0.507167,-0.582946,0.455195
1413394909.90613,-1.931207,5.919361,0.929547,-0.596971,-0.450825,-0.504592,0.431009,0.0005348769,-3.1439e-05,-6.45151e-05,3.5436e-06,3.3203e-06,9.2891e-06,0.0274938763,0.0053872825,-0.0011070878,0.047226572,-0.0071368172,0.0096202591,-0.09759,-0.511113,2.211649,0.479915,0.490285,-0.56021,0.464193
1413394909.95613,-1.900959,5.929527,0.950833,-0.59312,-0.452932,-0.512267,0.425022,0.0005371723,-2.09872e-05,-6.18544e-05,2.5379e-06,1.9379e-06,8.6381e-06,0.0276312318,0.0054639844,-0.0011671601,0.0474505648,-0.0072448648,0.009680565,-0.128765,-0.502068,2.226118,0.48768,0.492398,-0.556236,0.458604
1413394910.05613,-1.843439,5.935859,0.98602,-0.60899,-0.477006,-0.498474,0.391306,0.0005250595,6.11e-08,-0.0001055949,1.7638e-06,-5.126e-07,2.28162e-05,0.0278488457,0.0056210447,-0.0012908124,0.0479182321,-0.0074667707,0.0098046409,-0.18998,-0.46971,2.247264,0.47566,0.517866,-0.571271,0.423377
1413394910.40627,-1.757505,5.837189,1.043506,-0.686394,-0.543064,-0.376675,0.303416,0.0003937465,-4.0064e-06,-0.0002478907,1.6802e-06,1.872e-06,0.0001579467,0.0259853569,0.0016816282,0.0005099244,0.0401748444,-0.0039005243,0.0081398658,-0.376021,-0.345655,2.25563,0.360269,0.587244,-0.646742,0.327235
1413394910.55627,-1.688208,5.890679,1.038952,-0.674329,-0.542087,-0.39049,0.314547,0.00041592,-2.697e-07,-0.0002377113,1.664e-06,-5.027e-07,0.0001377155,0.0256602219,0.0017075169,0.000540493,0.0403713223,-0.0038924464,0.0081627337,-0.452644,-0.354604,2.239434,0.373958,0.584986,-0.634375,0.339909
1413394910.85627,-1.542309,6.061609,1.039548,-0.576137,-0.469578,-0.508581,0.434635,0.0005496164,-1.22777e-05,-5.80952e-05,1.9932e-06,6.825e-07,7.687e-06,0.0264648917,0.0015860589,0.0005944949,0.0406022278,-0.0038183436,0.0082078835,-0.59522,-0.434585,2.214225,0.482797,0.506227,-0.54024,0.467757
1413394910.90627,-1.521785,6.078246,1.03711,-0.570474,-0.462006,-0.511884,0.446189,0.0005525641,-1.94359e-05,-4.33912e-05,2.4121e-06,9.054e-07,4.9695e-06,0.0265391744,0.0015608653,0.000606128,0.0406605357,-0.0038027521,0.008216334,-0.617092,-0.435045,2.20826,0.485027,0.498468,-0.535165,0.479462
1413394910.95627,-1.502189,6.087286,1.034854,-0.567291,-0.455848,-0.511901,0.456444,0.0005538785,-2.78072e-05,-3.3297e-05,3.134e-06,1.0441e-06,3.5846e-06,0.0265850776,0.0015341521,0.000618706,0.0407268526,-0.0037866542,0.0082253923,-0.638865,-0.429147,2.20229,0.484481,0.492122,-0.532433,0.489501
1413394911.00627,-1.486991,6.088535,1.02988,-0.569127,-0.453942,-0.50571,0.462913,0.0005533256,-3.70932e-05,-3.38624e-05,4.2209e-06,1.6493e-06,3.6648e-06,0.0265810148,0.0014995886,0.0006288208,0.040790895,-0.0037702549,0.0082336976,-0.660943,-0.416814,2.195396,0.477584,0.490539,-0.534546,0.49553
1413394911.05627,-1.46773,6.083998,1.023527,-0.580283,-0.460939,-0.490416,0.458584,0.0005495146,-4.37172e-05,-5.50214e-05,5.2211e-06,3.7533e-06,7.1341e-06,0.0265462342,0.0014718628,0.0006432482,0.0408758853,-0.0037532792,0.0082438559,-0.684186,-0.398294,2.185782,0.462383,0.498581,-0.545548,0.489916
1413394911.10626,-1.476696,6.017989,1.017212,-0.590941,-0.476553,-0.479665,0.440008,0.0005433586,-3.40665e-05,-8.53744e-05,3.6348e-06,4.7923e-06,1.49831e-05,0.0263737208,0.0012144756,0.0006679224,0.0402982131,-0.0036775525,0.0082459715,-0.708875,-0.373485,2.175138,0.452635,0.515447,-0.555199,0.470346
1413394911.40626,-1.47186,5.717737,0.905563,-0.661467,-0.557072,-0.391661,0.314218,0.0004212543,9.1048e-06,-0.0002429349,1.1964e-06,-5.5456e-06,0.0001415541,0.0250935183,0.0004145495,0.0006164495,0.0387725379,-0.0035565436,0.0082055573,-0.865158,-0.200627,2.091648,0.371477,0.599842,-0.622314,0.339011
1413394911.45626,-1.453217,5.691448,0.888648,-0.665735,-0.559697,-0.386914,0.306323,0.0004139715,1.27635e-05,-0.0002473442,1.4009e-06,-7.9311e-06,0.0001492776,0.0241097364,0.0005156702,0.0006283215,0.0388731442,-0.003564854,0.0082093235,-0.889866,-0.18327,2.074585,0.36736,0.602709,-0.626339,0.330896
1413394911.55626,-1.413436,5.663899,0.851846,-0.668005,-0.557727,-0.389469,0.301702,0.0004139132,1.57029e-05,-0.0002482765,1.6306e-06,-9.7351e-06,0.0001504385,0.0239399607,0.0003946914,0.0006365479,0.0387761404,-0.0035395149,0.0082127535,-0.93717,-0.165078,2.036458,0.370415,0.600582,-0.628641,0.326969
1413394911.65624,-1.377635,5.629828,0.817613,-0.65323,-0.538116,-0.422937,0.3238,0.0004585627,1.70708e-05,-0.0002197765,1.6098e-06,-8.419e-06,0.0001066331,0.023822401,0.0002726095,0.0006136688,0.0382469651,-0.0034800967,0.0081911364,-0.981007,-0.169276,1.999463,0.402547,0.580095,-0.614606,0.351771
1413394911.70621,-1.372811,5.603649,0.800478,-0.639173,-0.522476,-0.448684,0.342285,0.0004898812,1.71286e-05,-0.0001908285,1.5418e-06,-6.8814e-06,7.55349e-05,0.0236505487,0.0001936859,0.0006018838,0.0380512238,-0.0034588569,0.0081795449,-1.001549,-0.17715,1.983676,0.427039,0.563575,-0.60156,0.371754
1413394911.80614,-1.34813,5.546131,0.775212,-0.605784,-0.493103,-0.496094,0.379164,0.0005342332,1.72714e-05,-0.0001201825,1.436e-06,-4.0455e-06,2.80504e-05,0.0234065883,1.57603e-05,0.0005851221,0.0370394819,-0.0034303553,0.008140192,-1.037568,-0.192901,1.958099,0.472711,0.531161,-0.570772,0.410703
1413394911.85613,-1.342026,5.516372,0.767885,-0.592129,-0.479793,-0.51438,0.393186,0.0005472656,1.62128e-05,-8.94756e-05,1.3605e-06,-2.8076e-06,1.56203e-05,0.0230929104,-5.90113e-05,0.0005895121,0.0368974492,-0.0034201811,0.0081359747,-1.053265,-0.195041,1.948251,0.490187,0.51659,-0.558587,0.425272
1413394911.90613,-1.330902,5.505962,0.760086,-0.583341,-0.471139,-0.526128,0.401162,0.0005538655,1.60703e-05,-6.93668e-05,1.3555e-06,-2.1693e-06,9.6765e-06,0.022925397,-9.6104e-05,0.000591296,0.0368610674,-0.0034167755,0.0081322931,-1.06675,-0.191938,1.940379,0.501244,0.507588,-0.550428,0.433757
1413394911.95613,-1.323155,5.496041,0.75285,-0.58399,-0.470954,-0.52754,0.398573,0.0005541226,1.80852e-05,-7.01487e-05,1.4896e-06,-2.4481e-06,9.8766e-06,0.0228479873,-0.0001304734,0.0005922143,0.0367992454,-0.0034117862,0.0081277098,-1.078436,-0.184134,1.933103,0.50234,0.507938,-0.551428,0.4308
1413394912.05612,-1.311526,5.457142,0.737952,-0.608866,-0.485966,-0.503039,0.374261,0.0005383216,1.87837e-05,-0.0001177549,1.574e-06,-4.2769e-06,2.67993e-05,0.0226558969,-0.0001912148,0.0005912723,0.0366767981,-0.0034023671,0.0081097221,-1.096765,-0.15701,1.922603,0.479622,0.524316,-0.575423,0.404939
1413394912.15591,-1.343564,5.185373,0.712371,-0.647868,-0.503525,-0.463306,0.334779,0.0004950104,1.86511e-05,-0.000181937,1.6205e-06,-7.0117e-06,6.79647e-05,0.022382984,-0.0003290285,0.0005804028,0.0359418238,-0.0033933585,0.0080499665,-1.10859,-0.119993,1.919315,0.441712,0.547041,-0.610403,0.364802
1413394912.20591,-1.343433,5.159919,0.713119,-0.662968,-0.508769,-0.447718,0.318081,0.0004742114,1.78505e-05,-0.0002046126,1.6044e-06,-7.8664e-06,8.94347e-05,0.0213434074,-0.0004338817,0.0005917583,0.0359451259,-0.0034012673,0.0080497725,-1.112926,-0.10163,1.920235,0.427445,0.553214,-0.625125,0.347112
1413394912.25591,-1.343954,5.135216,0.715771,-0.675002,-0.510924,-0.437686,0.30292,0.0004574888,1.98025e-05,-0.0002195929,1.8038e-06,-9.6783e-06,0.0001066002,0.0212391583,-0.0004550938,0.000592991,0.0358909621,-0.0033981287,0.0080465742,-1.116695,-0.085972,1.923028,0.418581,0.556113,-0.636868,0.331574
1413394912.6059,-1.339931,5.0673,0.763786,-0.72154,-0.436981,-0.457631,0.281072,0.0004669016,-2.5858e-06,-0.0002170222,1.0476e-06,1.0518e-06,0.0001020651,0.0209543986,-0.0005214658,0.000595959,0.0353110495,-0.0033634133,0.0080147866,-1.134868,-0.101666,1.974994,0.440714,0.484923,-0.687903,0.312138
1413394912.70591,-1.325708,4.991607,0.786832,-0.724422,-0.398607,-0.481334,0.290935,0.000490666,-1.96713e-05,-0.0001922956,1.8129e-06,7.5951e-06,7.64157e-05,0.0208022351,-0.0006616267,0.0006053618,0.0344555084,-0.0033257942,0.0079983656,-1.144029,-0.1382,1.999369,0.463004,0.448618,-0.692013,0.324805
1413394912.75589,-1.321303,4.951421,0.799312,-0.726722,-0.381927,-0.490502,0.292259,0.0004976209,-2.6435e-05,-0.0001834816,2.4298e-06,9.6519e-06,6.86812e-05,0.0204731208,-0.0007613476,0.0006092826,0.0341152809,-0.0033120281,0.0079930039,-1.149976,-0.157917,2.011395,0.471642,0.433233,-0.694696,0.327521
1413394912.80589,-1.308817,4.948184,0.810035,-0.729194,-0.368575,-0.496222,0.293587,0.0005022247,-3.32793e-05,-0.0001777029,3.241e-06,1.16843e-05,6.38937e-05,0.0202984172,-0.0007953258,0.0006111937,0.0339976725,-0.0033106115,0.0079889598,-1.156709,-0.178239,2.023337,0.477399,0.419922,-0.698108,0.329253
1413394912.85588,-1.298796,4.939505,0.820947,-0.731342,-0.358906,-0.500321,0.293265,0.0005051471,-3.73202e-05,-0.0001741335,3.8014e-06,1.27789e-05,6.10407e-05,0.0202778338,-0.0008222624,0.000611081,0.0338482051,-0.00330608,0.0079844405,-1.163911,-0.199021,2.035095,0.481467,0.410715,-0.700737,0.329354
1413394913.30585,-1.19752,4.909247,0.938991,-0.715121,-0.377596,-0.527693,0.259928,0.0005155671,1.46776e-05,-0.0001654784,1.3865e-06,-4.801e-06,5.41272e-05,0.020333747,-0.0007242424,0.0005901317,0.0313231865,-0.0032207729,0.0079327877,-1.23506,-0.389677,2.142319,0.511297,0.427836,-0.683174,0.298012
1413394913.35585,-1.195406,4.920703,0.952935,-0.706578,-0.385548,-0.52926,0.268299,0.0005198922,1.59063e-05,-0.0001601963,1.4585e-06,-4.9931e-06,5.03816e-05,0.019969052,-0.000850713,0.0005927649,0.0312182764,-0.0032116539,0.0079291761,-1.237221,-0.413493,2.155654,0.512326,0.435364,-0.673907,0.306331
1413394913.40585,-1.194918,4.931087,0.966142,-0.697959,-0.396708,-0.528228,0.276497,0.0005225462,1.82398e-05,-0.0001570202,1.6114e-06,-5.5752e-06,4.82117e-05,0.0200063949,-0.0008492241,0.0005902717,0.0311492721,-0.0032031451,0.0079236715,-1.237441,-0.437682,2.16784,0.510681,0.445739,-0.664596,0.314393
1413394913.50585,-1.194042,4.912987,0.985483,-0.676544,-0.426833,-0.523865,0.29269,0.0005257391,2.83256e-05,-0.0001524688,2.499e-06,-8.3145e-06,4.52676e-05,0.0200666344,-0.0008221925,0.0005824401,0.0309422783,-0.0031841196,0.0079107627,-1.231771,-0.485929,2.184786,0.505405,0.474104,-0.641174,0.3297
1413394913.95585,-1.287054,4.792828,0.931035,-0.584642,-0.579987,-0.428718,0.371496,0.0004953085,3.48753e-05,-0.0001881694,3.3178e-06,-1.32805e-05,7.26636e-05,0.0200474151,-0.0003170735,0.0005334219,0.0293971657,-0.0031111574,0.0078491296,-1.080451,-0.686014,2.113404,0.408095,0.617443,-0.541889,0.398246
1413394914.00585,-1.314968,4.800011,0.909946,-0.576317,-0.588973,-0.414784,0.385907,0.0004957268,2.37622e-05,-0.0001900767,2.0053e-06,-9.122e-06,7.40673e-05,0.019312665,-0.0005158087,0.0005407068,0.0292488165,-0.0031011411,0.007849988,-1.051978,-0.708678,2.092946,0.393138,0.626166,-0.532773,0.411741
1413394914.05585,-1.344942,4.81444,0.887709,-0.566114,-0.598481,-0.403454,0.398196,0.0004970668,1.75342e-05,-0.0001900786,1.4932e-06,-6.7035e-06,7.38809e-05,0.019340275,-0.0004673339,0.0005401676,0.0292422955,-0.003094634,0.0078478609,-1.022536,-0.731956,2.071373,0.381039,0.63503,-0.522004,0.42317
1413394914.15585,-1.407074,4.839944,0.846272,-0.538919,-0.620463,-0.388143,0.417057,0.0005007528,1.76324e-05,-0.000187529,1.5156e-06,-6.587e-06,7.14314e-05,0.0194494271,-0.000349017,0.0005381666,0.0292234292,-0.0030814805,0.0078437453,-0.960588,-0.77889,2.031519,0.364389,0.655546,-0.493244,0.440689
1413394914.40585,-1.589892,4.914791,0.807143,-0.455493,-0.678839,-0.363348,0.446858,0.0005053706,4.67159e-05,-0.0001813292,5.2789e-06,-1.67347e-05,6.62843e-05,0.0197253143,2.5911e-06,0.0005316946,0.0292650745,-0.0030444805,0.0078371601,-0.780488,-0.892636,1.996574,0.33725,0.708573,-0.405995,0.468371
1413394914.45585,-1.632752,4.928496,0.810733,-0.44074,-0.68831,-0.356662,0.452515,0.0005055308,4.98751e-05,-0.0001811732,5.8952e-06,-1.78444e-05,6.61566e-05,0.0197821114,8.72376e-05,0.0005300739,0.0292884691,-0.0030366577,0.0078366595,-0.738694,-0.912924,2.000622,0.329922,0.717129,-0.390728,0.473519
1413394914.50585,-1.678234,4.942148,0.818492,-0.425803,-0.696387,-0.351954,0.458112,0.0005065585,5.42034e-05,-0.0001795692,6.789e-06,-1.91831e-05,6.48847e-05,0.0198394554,0.0001775906,0.0005283341,0.0293186266,-0.0030287061,0.0078364928,-0.694318,-0.932717,2.008851,0.325115,0.72419,-0.375242,0.478595
1413394914.65585,-1.818581,4.947486,0.846685,-0.407004,-0.708243,-0.319091,0.480543,0.0005111516,3.32224e-05,-0.0001816558,3.1778e-06,-1.17499e-05,6.57936e-05,0.0199843276,0.0004920961,0.0005211338,0.0293652361,-0.0029985638,0.007837478,-0.551162,-0.98197,2.032239,0.29017,0.735226,-0.355364,0.498966
1413394914.70585,-1.870296,4.957212,0.850463,-0.401867,-0.710605,-0.30918,0.487803,0.000513115,2.58596e-05,-0.0001813444,2.3328e-06,-9.0748e-06,6.53311e-05,0.0199225356,0.0005518578,0.0005203963,0.0294061071,-0.0029901617,0.0078395386,-0.501497,-0.995993,2.035535,0.279789,0.737234,-0.350029,0.505659
1413394915.15585,-2.36043,5.000203,0.78347,-0.304421,-0.747196,-0.279714,0.520371,0.0005249263,5.59037e-05,-0.0001671917,7.101e-06,-1.775e-05,5.4508e-05,0.0202383064,0.0015289921,0.000500017,0.0301543378,-0.002915915,0.0078757627,-0.03132,-1.079838,1.959373,0.247242,0.767784,-0.249309,0.535946
1413394915.20585,-2.420657,4.997568,0.771468,-0.286194,-0.754174,-0.278873,0.521099,0.0005229366,6.73745e-05,-0.0001667016,9.8426e-06,-2.14302e-05,5.44011e-05,0.0202296811,0.0016223913,0.0004977188,0.0302631036,-0.0029092537,0.0078780332,0.024951,-1.079523,1.947047,0.246165,0.773585,-0.230634,0.536461
1413394915.35585,-2.611281,4.962808,0.740783,-0.232786,-0.772492,-0.26672,0.527188,0.0005170675,9.12593e-05,-0.0001663222,1.73271e-05,-2.93269e-05,5.47687e-05,0.02018584,0.0019377338,0.0004908176,0.0307001914,-0.0028828503,0.0079042707,0.202506,-1.055976,1.915629,0.233389,0.788257,-0.176139,0.541449
1413394915.45585,-2.746755,4.917969,0.725039,-0.198734,-0.779916,-0.253943,0.536422,0.0005171576,0.0001001775,-0.000163034,2.06617e-05,-3.15616e-05,5.26642e-05,0.0200838046,0.0021259297,0.0004867034,0.0310512993,-0.0028645509,0.0079266351,0.3271,-1.018437,1.899828,0.219636,0.793356,-0.141557,0.549837
1413394915.80585,-3.244847,4.612363,0.688774,-0.111254,-0.773101,-0.115068,0.613757,0.0005629352,2.29142e-05,-0.0001272094,2.2462e-06,-5.1362e-06,2.99628e-05,0.0193238327,0.0025082263,0.0004756107,0.0326317483,-0.0027935629,0.0080419435,0.770457,-0.742286,1.866583,0.075322,0.781052,-0.054743,0.617505
1413394915.90585,-3.369374,4.497065,0.685391,-0.075597,-0.76508,-0.081936,0.634211,0.0005737492,1.61861e-05,-0.0001064289,1.7888e-06,-2.9718e-06,2.09423e-05,0.0190686463,0.0025040545,0.0004720841,0.0331039138,-0.0027697243,0.0080870078,0.876328,-0.639326,1.864735,0.040584,0.770744,-0.019691,0.635564
1413394916.00585,-3.477894,4.376921,0.683395,-0.042041,-0.761961,-0.053308,0.644054,0.0005786922,1.48129e-05,-9.68227e-05,1.7259e-06,-2.4615e-06,1.73971e-05,0.0188319649,0.0024491561,0.0004676319,0.0335503854,-0.0027437884,0.0081381794,0.96577,-0.534145,1.864149,0.011072,0.765397,0.013567,0.643333
1413394916.35584,-3.622443,4.015563,0.748922,0.036202,-0.797006,0.030801,0.602098,0.0005550692,-2.3443e-06,-0.0001568111,1.2001e-06,6.267e-07,4.51621e-05,0.0175298814,0.0018836219,0.0005121248,0.0345773408,-0.0028487066,0.0080858462,1.138651,-0.167978,1.867706,0.070192,-0.794224,-0.096986,-0.595726
1413394916.40584,-3.647762,3.961142,0.746791,0.041607,-0.802725,0.049579,0.592826,0.0005483864,-1.85084e-05,-0.0001672827,1.8046e-06,5.6086e-06,5.19058e-05,0.0176575335,0.0018235314,0.0005144167,0.0343010994,-0.00284192,0.0080924562,1.151607,-0.116909,1.867221,0.088248,-0.799543,-0.102713,-0.585159
1413394916.45584,-3.667779,3.904998,0.74528,0.043728,-0.807168,0.073446,0.584101,0.0005414369,-3.95751e-05,-0.000174708,4.0753e-06,1.2732e-05,5.72654e-05,0.0176074266,0.0017267721,0.0005202353,0.0344479046,-0.0028371469,0.0081126703,1.16342,-0.066743,1.864156,0.111502,-0.803866,-0.105157,-0.574748
1413394916.50584,-3.691034,3.861432,0.742365,0.046428,-0.809981,0.096972,0.576516,0.0005347999,-5.96599e-05,-0.0001789823,7.7805e-06,1.99559e-05,6.07764e-05,0.0175195884,0.0016615601,0.0005321684,0.0344769259,-0.0028446325,0.0081245561,1.175023,-0.018317,1.859137,0.134301,-0.8064,-0.108197,-0.565681
1413394916.55584,-3.728069,3.825442,0.727632,0.047583,-0.808695,0.123034,0.573246,0.000530822,-8.25323e-05,-0.0001759645,1.38618e-05,2.7417e-05,5.90972e-05,0.0174292537,0.0016304902,0.0004965137,0.0343365698,-0.0028657626,0.0080946061,1.187208,0.027857,1.852174,0.160144,-0.804923,-0.109208,-0.560851
1413394916.75583,-3.77426,3.723542,0.652786,0.079604,-0.795411,0.211709,0.562285,0.0005211764,-0.0001385196,-0.0001556271,3.74085e-05,4.14289e-05,4.70311e-05,0.0164434023,0.0017394007,0.0005958126,0.0343155064,-0.0029416032,0.0079717786,1.246117,0.17479,1.799172,0.247778,-0.789532,-0.141789,-0.543286
1413394916.85583,-3.822954,3.662627,0.60237,0.126379,-0.796157,0.224393,0.54755,0.0005223821,-0.000123649,-0.0001680178,2.97891e-05,3.97902e-05,5.45443e-05,0.0163315542,0.0017461532,0.0005703907,0.0342879469,-0.0029444192,0.0079250408,1.284403,0.217659,1.75843,0.259577,-0.786715,-0.188493,-0.527438
1413394917.25582,-4.065968,3.650154,0.380021,0.345094,-0.766215,0.219067,0.495817,0.000507266,3.9364e-06,-0.0002289273,4.18e-07,-1.7656e-06,0.0001038168,0.0160156288,0.0020036399,0.0005729409,0.0353580013,-0.0029249859,0.0079105081,1.510194,0.286515,1.553438,0.251604,-0.738987,-0.40671,-0.474557
1413394917.45582,-4.218221,3.613929,0.277432,0.404161,-0.744863,0.235964,0.475557,0.0004966375,1.82394e-05,-0.0002400765,1.0621e-06,-8.8088e-06,0.0001165691,0.0160908386,0.002194977,0.0005968957,0.0361223847,-0.0029106371,0.0079301777,1.6445,0.343325,1.468062,0.267013,-0.713049,-0.46416,-0.452577
1413394917.95582,-4.602348,3.298971,0.124881,0.460905,-0.684163,0.213762,0.523253,0.0005179805,0.000107335,-0.0002037056,2.26561e-05,-4.22304e-05,8.06002e-05,0.0157213666,0.0017999652,0.0006969668,0.0383886522,-0.0028462079,0.0080052307,1.914063,0.696876,1.370114,0.24937,-0.647436,-0.516766,-0.501594
1413394918.05583,-4.657528,3.169678,0.10079,0.468988,-0.67994,0.220106,0.518927,0.0005172627,0.0001056016,-0.0002057364,2.19193e-05,-4.19841e-05,8.22177e-05,0.015545602,0.001642462,0.0007308641,0.0383496882,-0.0028942303,0.0080123033,1.925587,0.800153,1.36255,0.256176,-0.642081,-0.525009,-0.496463
1413394918.15583,-4.674169,3.012742,0.07633,0.465369,-0.684963,0.251137,0.501186,0.0005269765,6.93089e-05,-0.0002121251,9.4409e-06,-2.78516e-05,8.57051e-05,0.0152896385,0.0013904406,0.0007403014,0.0384316822,-0.0028626097,0.0080280766,1.91987,0.912803,1.345922,0.286258,-0.647037,-0.522395,-0.47594
1413394918.35583,-4.682101,2.729977,0.033839,0.45785,-0.696057,0.323196,0.4488,0.000529555,-2.29202e-05,-0.0002227091,1.3236e-06,9.6997e-06,9.39684e-05,0.0149845346,0.0006687329,0.000792587,0.0385925321,-0.0028214534,0.0080685194,1.881061,1.15628,1.311,0.354009,-0.658902,-0.5157,-0.417855
1413394918.45583,-4.700653,2.594391,0.01192,0.456441,-0.697195,0.354275,0.424346,0.0005244507,-6.13692e-05,-0.0002219967,7.5213e-06,2.60424e-05,9.42754e-05,0.0148801411,0.0002711857,0.0008267427,0.0386315195,-0.0027931688,0.0080955717,1.863785,1.284213,1.296643,0.383096,-0.660075,-0.514447,-0.391014
1413394918.55583,-4.732867,2.457497,-0.007835,0.466545,-0.686534,0.373537,0.414097,0.0005279724,-7.29654e-05,-0.000216705,1.04281e-05,3.00118e-05,8.92474e-05,0.0148232902,-5.09405e-05,0.0008635632,0.0388955257,-0.0027653241,0.0081250747,1.857842,1.415769,1.286773,0.401595,-0.648641,-0.523687,-0.379136
1413394919.35582,-5.074662,1.468323,0.123373,0.584022,-0.500425,0.470943,0.432095,0.0006166034,2.07055e-05,-0.0001143206,1.0184e-06,-3.8123e-06,2.14459e-05,0.0147506028,-0.0024989842,0.0010130169,0.0424371289,-0.0024490991,0.0084012615,1.939555,2.389785,1.483955,0.501386,-0.453367,-0.626341,-0.388306
1413394919.45582,-5.092712,1.404884,0.192827,0.604622,-0.467214,0.475566,0.435868,0.0006176843,5.19077e-05,-0.0001049444,4.6914e-06,-8.7987e-06,1.80771e-05,0.0148232885,-0.0026974398,0.0010341101,0.0425611044,-0.0024078412,0.0084288323,1.9395,2.457935,1.556298,0.506742,-0.418398,-0.644185,-0.391404
1413394919.75582,-5.134255,1.309654,0.335036,0.685525,-0.441366,0.464145,0.346151,0.0005718537,3.91823e-05,-0.0001996445,3.0254e-06,-1.36795e-05,6.99725e-05,0.01503882,-0.0028677726,0.0011365185,0.0436127403,-0.0022397388,0.0086198853,1.904696,2.555957,1.732104,0.488127,-0.385274,-0.722193,-0.302917
1413394919.85582,-5.132255,1.292621,0.363103,0.703024,-0.442303,0.469038,0.300214,0.0005528801,4.1147e-06,-0.0002265168,3.724e-07,-1.6872e-06,9.30921e-05,0.0151148112,-0.0028807155,0.0011722483,0.0439435037,-0.0021760758,0.0086948116,1.878727,2.57165,1.770044,0.48919,-0.384755,-0.73942,-0.256773
1413394919.95582,-5.125397,1.271952,0.382837,0.721707,-0.429251,0.47369,0.26552,0.0005383088,-1.39711e-05,-0.0002417034,7.059e-07,6.2682e-06,0.0001088261,0.0152024223,-0.0029065806,0.0012094094,0.0442718016,-0.0021080457,0.0087762702,1.84684,2.589934,1.798804,0.49106,-0.370205,-0.756746,-0.221716
1413394920.55583,-4.900988,1.12087,0.398561,0.804352,-0.221681,0.518266,0.18782,0.0005523699,4.32306e-05,-0.0002355056,3.6785e-06,-1.84445e-05,0.0001007041,0.015608189,-0.0043880784,0.0010834912,0.0441565504,-0.0020937585,0.0090409087,1.524981,2.824089,1.783397,0.530681,-0.156165,-0.82116,-0.140357
1413394920.65583,-4.826101,1.128567,0.407181,0.80765,-0.191065,0.521647,0.197685,0.0005541096,7.22901e-05,-0.000227168,9.7176e-06,-2.96396e-05,9.33748e-05,0.0150376153,-0.0048922822,0.0006990855,0.0423841526,-0.0026570982,0.0088186647,1.442066,2.866762,1.77715,0.535142,-0.125376,-0.821838,-0.149985
1413394920.75583,-4.765916,1.093561,0.398351,0.811048,-0.173213,0.520316,0.203642,0.0005511297,9.03416e-05,-0.0002254636,1.5101e-05,-3.69662e-05,9.24816e-05,0.0150876931,-0.0049251606,0.0006808652,0.0421661877,-0.0026444131,0.0089048414,1.350231,2.898385,1.774136,0.534577,-0.10706,-0.823647,-0.156118
1413394920.95583,-4.608268,1.024973,0.38197,0.814461,-0.180252,0.518463,0.18804,0.0005506989,7.16372e-05,-0.0002353042,9.5543e-06,-3.06117e-05,0.0001007971,0.0151269761,-0.0046183603,0.0005763476,0.0397177602,-0.0024188174,0.0089581969,1.141551,2.922461,1.761776,0.531899,-0.112879,-0.827372,-0.140704
1413394921.05583,-4.517588,1.021018,0.365708,0.813293,-0.196301,0.519079,0.174865,0.0005522361,4.82373e-05,-0.0002408657,4.4465e-06,-2.10371e-05,0.0001053185,0.0152525815,-0.0047582749,0.0005442028,0.039219056,-0.0023942542,0.0089911093,1.022576,2.919817,1.74512,0.531549,-0.128741,-0.82738,-0.127797
1413394921.55583,-4.035763,0.965471,0.259865,0.777148,-0.31412,0.538623,0.085172,0.0005294321,-0.0001226905,-0.0002394966,2.86641e-05,5.55429e-05,0.0001086147,0.0155424259,-0.0047043053,0.0005587051,0.0360977772,-0.0025310281,0.0085373604,0.379804,2.921348,1.527688,0.543973,-0.248924,-0.80048,-0.036981
1413394921.65582,-3.956669,0.920446,0.212827,0.78143,-0.293192,0.535891,0.127386,0.0005564368,-7.05499e-05,-0.0002384651,9.1703e-06,3.0265e-05,0.0001024711,0.0157278664,-0.0048733351,0.000564236,0.0357420738,-0.0025618481,0.0085231695,0.256021,2.966167,1.467856,0.54482,-0.228196,-0.803039,-0.079075
1413394921.75582,-3.874999,0.856265,0.15966,0.781463,-0.266251,0.537282,0.172493,0.0005816551,-1.06926e-05,-0.0002253124,4.216e-07,4.1609e-06,8.75512e-05,0.0159311294,-0.0050423472,0.0005422984,0.0354460369,-0.0025475961,0.0085537306,0.133145,3.021706,1.410084,0.550166,-0.201439,-0.800871,-0.12396
1413394922.15583,-3.460163,0.572816,0.018128,0.756295,-0.191908,0.61,0.138163,0.0006415784,-1.69964e-05,-0.000141675,6.952e-07,3.7701e-06,3.15361e-05,0.0165827206,-0.0054318692,0.0004491398,0.0340661252,-0.0024884719,0.0086045658,-0.337266,3.199795,1.254488,0.620039,-0.129852,-0.769118,-0.084619
1413394922.25583,-3.396322,0.536098,0.029633,0.776826,-0.161892,0.59642,0.120893,0.0006290174,-3.518e-06,-0.0001678567,2.687e-07,9.504e-07,4.50323e-05,0.0166516661,-0.0054184095,0.0004622358,0.0333420596,-0.0024905982,0.0086002646,-0.424772,3.232273,1.247241,0.605405,-0.098968,-0.786733,-0.069012
1413394922.35583,-3.346692,0.500018,0.049685,0.799327,-0.12699,0.575122,0.119098,0.0006096912,2.83235e-05,-0.0001981006,1.5714e-06,-9.1966e-06,6.46171e-05,0.016849188,-0.0055277373,0.0004335806,0.0331854329,-0.0024738106,0.0086335884,-0.502091,3.263203,1.256848,0.584055,-0.062321,-0.806407,-0.068697
1413394922.85584,-3.116727,0.427325,0.386899,0.827677,-0.100598,0.549261,0.056069,0.0005784405,-1.11665e-05,-0.0002443388,4.937e-07,4.7256e-06,0.0001035005,0.0176046398,-0.0057577549,0.0003826576,0.0323184092,-0.0024684341,0.0087712461,-0.890953,3.329689,1.49715,0.552759,-0.033827,-0.832614,-0.008349
1413394923.25584,-2.827486,0.34472,0.640168,0.828748,-0.087629,0.547016,0.07919,0.0005841271,2.22763e-05,-0.0002455088,1.1511e-06,-9.3601e-06,0.0001035044,0.018561669,-0.0060410235,0.0002471718,0.0317273406,-0.0024129224,0.008975733,-1.28376,3.374699,1.679165,0.552261,-0.021043,-0.832835,-0.030913
1413394923.35584,-2.738359,0.324139,0.698874,0.822698,-0.083219,0.555563,0.087136,0.0005957548,3.24214e-05,-0.0002344154,2.0726e-06,-1.27561e-05,9.25554e-05,0.0188535682,-0.0060963992,0.0002084102,0.0315104464,-0.0023965419,0.0090378549,-1.399184,3.383158,1.719236,0.561613,-0.017011,-0.826339,-0.038276
1413394924.05584,-1.952753,0.278659,0.990901,-0.817802,-0.060349,-0.572323,0.001962,0.0006156134,4.33759e-05,-0.0002249362,3.4072e-06,-1.5857e-05,8.2545e-05,0.0209449603,-0.0060073123,-9.07237e-05,0.0298683824,-0.0023155478,0.0096297013,-2.322495,3.291499,1.877667,0.572268,0.125681,-0.808733,0.051722
1413394924.15584,-1.838304,0.298424,1.005081,-0.813918,-0.083099,-0.57425,0.029474,0.000621387,3.14109e-05,-0.0002222721,1.944e-06,-1.12442e-05,7.98692e-05,0.0213757009,-0.0059875252,-0.0001461529,0.0296495265,-0.0022978999,0.0097446764,-2.457727,3.254123,1.872304,0.572242,0.148266,-0.802694,0.079069
1413394924.25584,-1.72702,0.324353,1.021974,-0.812108,-0.102159,-0.570797,0.065071,0.0006237724,7.3915e-06,-0.0002237383,4.483e-07,-2.6579e-06,8.06208e-05,0.0217370305,-0.0059711247,-0.0002063461,0.0295272779,-0.0022834056,0.0098686444,-2.589294,3.210998,1.870038,0.56608,0.167276,-0.799092,0.114189
1413394924.75584,-1.246133,0.458151,1.10553,-0.774966,-0.250783,-0.555497,0.167209,0.0006354602,1.3893e-05,-0.0002186468,6.742e-07,-4.7866e-06,7.55821e-05,0.0219943355,-0.004533893,-0.0006631495,0.0278748875,-0.002108572,0.0104841667,-3.219061,2.999777,1.900184,0.543016,0.312958,-0.748948,0.215135
1413394924.90584,-1.1072,0.497903,1.155883,-0.743885,-0.303574,-0.56814,0.178029,0.000649002,5.53253e-05,-0.0001969269,5.0948e-06,-1.68055e-05,6.01041e-05,0.0225769898,-0.004462816,-0.0008001114,0.0277783119,-0.0020780569,0.0107502524,-3.391078,2.936193,1.924464,0.554674,0.36305,-0.713522,0.226787
1413394924.95584,-1.065761,0.512281,1.173931,-0.733502,-0.319352,-0.573028,0.177841,0.0006508511,7.2475e-05,-0.0001898411,8.4525e-06,-2.11615e-05,5.57239e-05,0.0227847195,-0.0044268877,-0.0008479739,0.0277396815,-0.0020669821,0.0108452528,-3.443293,2.914565,1.93375,0.559639,0.377885,-0.701764,0.22704
1413394925.45585,-0.870848,0.74392,1.355052,-0.708139,-0.404705,-0.549823,0.180131,0.0006172259,0.0001270135,-0.0002197765,2.65397e-05,-4.52653e-05,7.86374e-05,0.0237986326,-0.0039295657,-0.0010407825,0.0275794167,-0.0020708051,0.011789053,-3.72235,2.64574,2.023207,0.537061,0.461364,-0.668735,0.226945
1413394925.55585,-0.823357,0.812079,1.364739,-0.711123,-0.401564,-0.543843,0.193095,0.0006231287,0.000109212,-0.0002232788,1.94856e-05,-3.91298e-05,8.03636e-05,0.0176572463,-0.0029704379,8.51049e-05,0.0274737984,-0.0022245893,0.0118093634,-3.727518,2.569509,2.023094,0.530231,0.458255,-0.672082,0.239091
1413394925.80585,-0.889961,1.041565,1.376199,-0.726158,-0.377678,-0.522034,0.239863,0.0006414254,3.1538e-05,-0.0002313853,1.8981e-06,-1.13601e-05,8.38392e-05,0.0175906414,-0.0027718884,2.76604e-05,0.0275798137,-0.00219821,0.0124890954,-3.686006,2.353226,1.991781,0.504816,0.436137,-0.688683,0.284019
1413394925.85585,-0.903078,1.095427,1.395614,-0.729671,-0.371929,-0.517913,0.247014,0.0006423387,1.70413e-05,-0.000232718,7.942e-07,-6.156e-06,8.46861e-05,0.0175282505,-0.0027733596,-0.000151219,0.0275890963,-0.0023228165,0.0120967825,-3.672054,2.307126,1.985595,0.500099,0.430759,-0.692567,0.291035
1413394925.90585,-0.921968,1.146041,1.398895,-0.731941,-0.368783,-0.514122,0.252865,0.0006424653,6.2934e-06,-0.000234263,4.06e-07,-2.2747e-06,8.57956e-05,0.0175120229,-0.0027301534,-0.0001733517,0.0276260806,-0.0023257551,0.0122262739,-3.657294,2.260518,1.979893,0.495816,0.427808,-0.695086,0.296656
1413394926.65585,-1.219981,2.005415,1.450631,-0.723015,-0.410377,-0.476413,0.28613,0.0006326459,-1.55245e-05,-0.0002607897,7.597e-07,6.4225e-06,0.0001079297,0.0177201595,-0.0017999963,-0.0008646552,0.0285904691,-0.0027544665,0.0132562746,-3.38817,1.473327,1.939287,0.456125,0.469003,-0.682092,0.326723
1413394926.80585,-1.281517,2.210705,1.508514,-0.709677,-0.422663,-0.446849,0.34357,0.0006360866,-7.53706e-05,-0.0002497466,9.3267e-06,2.9628e-05,9.84837e-05,0.0179279444,-0.0014941265,-0.0009815489,0.0288704505,-0.0028298634,0.0134089001,-3.330601,1.284842,1.939079,0.422256,0.480503,-0.667494,0.38117
1413394926.85585,-1.297519,2.278368,1.518679,-0.705002,-0.426292,-0.43395,0.364602,0.0006341583,-9.87219e-05,-0.000244675,1.57724e-05,3.81292e-05,9.48273e-05,0.0180126508,-0.0013851915,-0.0010260419,0.0289789626,-0.0028562822,0.0135602177,-3.315442,1.222111,1.939905,0.40772,0.483982,-0.662416,0.400939
1413394927.10585,-1.256976,2.654107,1.535869,-0.667214,-0.472106,-0.412546,0.402178,0.0006449178,-0.0001014548,-0.0002316911,1.63485e-05,3.64829e-05,8.3659e-05,0.0181021382,-0.0013005824,-0.0014365409,0.0289707067,-0.0033301935,0.0134321427,-3.29997,0.917861,1.921513,0.38149,0.527641,-0.619525,0.438484
1413394927.15585,-1.246745,2.716312,1.535449,-0.656796,-0.486963,-0.418961,0.394915,0.0006519521,-7.66467e-05,-0.0002340307,9.3974e-06,2.7543e-05,8.44342e-05,0.0182583095,-0.0012140366,-0.0015045892,0.0289641586,-0.0033616851,0.0135735867,-3.309188,0.858543,1.911301,0.388631,0.54147,-0.607718,0.43182
1413394927.20585,-1.233676,2.777766,1.535969,-0.645621,-0.499871,-0.42781,0.387661,0.0006596627,-5.05551e-05,-0.0002330005,4.2601e-06,1.78802e-05,8.27233e-05,0.0183665629,-0.0011382549,-0.0015636456,0.0290395567,-0.003404356,0.0137180334,-3.321095,0.799755,1.902097,0.397924,0.553377,-0.595437,0.42532
1413394927.30585,-1.200276,2.895169,1.529351,-0.629348,-0.519914,-0.44057,0.373507,0.0006651912,-7.8511e-06,-0.0002337917,4.79e-07,2.7737e-06,8.25954e-05,0.0185792188,-0.0010118678,-0.0016589104,0.0291606022,-0.0034993379,0.0139025034,-3.349046,0.683181,1.891394,0.412103,0.57203,-0.577047,0.41228
1413394927.60585,-1.10562,3.256598,1.593982,-0.632301,-0.532779,-0.42873,0.36405,0.0006513686,-1.9194e-06,-0.0002562206,4.025e-07,7.674e-07,0.0001012302,0.0192574122,-0.0007275026,-0.0016532832,0.0295976871,-0.0035074138,0.0136819716,-3.422793,0.339635,1.940135,0.401182,0.585847,-0.578088,0.402058
1413394927.70585,-1.080252,3.379207,1.647604,-0.632247,-0.533523,-0.426297,0.365907,0.0006520601,-4.9292e-06,-0.0002576446,4.393e-07,1.9608e-06,0.0001022518,0.0195770914,-0.000608799,-0.0017697453,0.0298219041,-0.0035955463,0.0139532282,-3.442091,0.22505,1.978441,0.398573,0.586527,-0.577946,0.403862
1413394928.15584,-0.96576,3.968716,1.776978,-0.608267,-0.541463,-0.449689,0.366892,0.0006796925,2.97314e-05,-0.000233666,1.7271e-06,-1.02178e-05,8.07848e-05,0.021368878,-0.000189631,-0.002118909,0.0309353016,-0.0036471157,0.0146035754,-3.508461,-0.306487,2.07343,0.421012,0.592355,-0.553227,0.407196
1413394928.20584,-0.957625,4.033915,1.785615,-0.60131,-0.540384,-0.459088,0.368307,0.0006887434,3.90716e-05,-0.0002215085,2.6466e-06,-1.25641e-05,7.16917e-05,0.02166623,-0.0001429185,-0.0021934371,0.0310974657,-0.0036877102,0.0147533114,-3.512267,-0.365058,2.073698,0.430181,0.590731,-0.546315,0.409301
1413394928.30584,-0.947275,4.162468,1.802187,-0.588566,-0.537672,-0.476425,0.370833,0.0007039766,5.60239e-05,-0.0001977158,4.8959e-06,-1.57347e-05,5.59778e-05,0.0221959614,-1.60244e-05,-0.0023403728,0.0314762677,-0.0037796643,0.0150631678,-3.51423,-0.478996,2.074073,0.447112,0.586902,-0.533648,0.413352
1413394928.35584,-0.945669,4.224577,1.811424,-0.585082,-0.535907,-0.481527,0.37231,0.000709046,5.96361e-05,-0.0001897573,5.4566e-06,-1.59602e-05,5.12319e-05,0.0224662464,5.17941e-05,-0.0024156711,0.0316797389,-0.0038282321,0.0152235958,-3.511991,-0.532889,2.075195,0.452085,0.584836,-0.530154,0.41536
1413394928.40584,-0.946784,4.284785,1.821205,-0.584698,-0.533308,-0.482667,0.375157,0.0007128864,5.65975e-05,-0.0001856476,4.937e-06,-1.47385e-05,4.87959e-05,0.0227388195,0.0001234558,-0.0024921473,0.0318931248,-0.0038786573,0.0153877779,-3.507335,-0.584277,2.076914,0.453063,0.582336,-0.52978,0.418273
1413394928.85585,-0.958086,4.803725,1.752786,-0.616917,-0.518181,-0.45284,0.381887,0.0007050912,-1.1375e-06,-0.0002193708,4.672e-07,3.704e-07,6.8728e-05,0.0250235387,0.0007552028,-0.0028573471,0.0337843384,-0.0037964013,0.0155857138,-3.417073,-0.951451,2.1069,0.421691,0.571231,-0.562412,0.423753
1413394928.95585,-0.976581,4.898102,1.760325,-0.614587,-0.521486,-0.458543,0.374264,0.0007058469,1.37679e-05,-0.0002207168,7.413e-07,-4.2913e-06,6.95031e-05,0.0258492464,0.000834346,-0.003043964,0.034303632,-0.0038692133,0.0159068858,-3.395192,-1.020393,2.103438,0.428027,0.574446,-0.559649,0.416651
1413394929.00585,-0.98689,4.943942,1.760129,-0.614922,-0.521556,-0.459222,0.372779,0.0007061309,1.55038e-05,-0.0002216215,8.17e-07,-4.8523e-06,7.00466e-05,0.0261513802,0.0009251286,-0.0031337057,0.0346098086,-0.003913765,0.016072293,-3.383545,-1.053105,2.097612,0.428858,0.574573,-0.559954,0.415208
1413394929.35585,-1.013676,5.213617,1.591171,-0.611605,-0.497458,-0.466768,0.400753,0.0007345207,-1.90211e-05,-0.0001834618,9.813e-07,4.7652e-06,4.62863e-05,0.0277731065,0.0017181814,-0.0028945991,0.0345838708,-0.0045110826,0.0141143098,-3.283279,-1.237605,2.049284,0.432944,0.551852,-0.55722,0.444439
1413394929.40585,-1.027873,5.24605,1.590166,-0.613715,-0.495246,-0.464149,0.403301,0.0007345488,-2.63947e-05,-0.0001842902,1.4418e-06,6.6378e-06,4.6704e-05,0.0279726847,0.0016586588,-0.0029691142,0.0347949595,-0.0045617188,0.0142051591,-3.268795,-1.255259,2.045248,0.430091,0.549836,-0.559476,0.446865
1413394929.50585,-1.055075,5.30412,1.589804,-0.622093,-0.497025,-0.453031,0.400911,0.0007256467,-3.61687e-05,-0.0002017215,2.3057e-06,1.00727e-05,5.65594e-05,0.0284971357,0.0018965487,-0.0031257187,0.0354076623,-0.004696179,0.0143923072,-3.242168,-1.283467,2.038863,0.419424,0.552368,-0.567392,0.443897
1413394929.60585,-1.079058,5.355623,1.590402,-0.634415,-0.504326,-0.437014,0.390118,0.0007060547,-3.99391e-05,-0.0002331726,2.7717e-06,1.32109e-05,7.75119e-05,0.0290113576,0.0021303396,-0.0032879267,0.0360542281,-0.0048359122,0.0145866532,-3.219889,-1.304813,2.033418,0.404555,0.560861,-0.578989,0.431912
1413394929.65585,-1.127525,5.315927,1.59542,-0.63786,-0.508242,-0.433476,0.383306,0.0006986922,-3.54555e-05,-0.0002446747,2.2822e-06,1.24419e-05,8.62005e-05,0.028388921,0.0012646765,-0.0026134052,0.0352457552,-0.004139656,0.013933723,-3.210685,-1.314183,2.032053,0.401304,0.565285,-0.582145,0.424874
1413394929.85585,-1.099539,5.466463,1.51913,-0.636636,-0.517041,-0.438303,0.367769,0.0006959472,-1.06506e-05,-0.0002553566,6.519e-07,3.9311e-06,9.42396e-05,0.0284621506,0.0011640675,-0.0022032725,0.0361302542,-0.0037864083,0.0134801897,-3.18056,-1.354736,2.023749,0.407323,0.57424,-0.580098,0.409662
1413394929.95584,-1.175077,5.378916,1.47466,-0.631248,-0.511994,-0.448151,0.37222,0.0007092401,-7.7996e-06,-0.0002405362,5.365e-07,2.6725e-06,8.21175e-05,0.0279307565,-0.000269111,-0.0015742284,0.0345419093,-0.0033107147,0.0128090402,-3.166815,-1.377144,2.008832,0.415851,0.5697,-0.574651,0.415077
1413394930.00584,-1.184162,5.401763,1.464513,-0.627031,-0.509069,-0.454625,0.375497,0.0007185767,-5.6204e-06,-0.0002293487,4.992e-07,1.8204e-06,7.37412e-05,0.0273830957,-0.0001993079,-0.0015694082,0.0348652379,-0.0033372959,0.0128440885,-3.159899,-1.387972,1.998045,0.421858,0.566397,-0.570726,0.418934
1413394930.15584,-1.206788,5.436152,1.41932,-0.615043,-0.502571,-0.472067,0.382489,0.0007402661,3.5543e-06,-0.0002003646,4.857e-07,-9.383e-07,5.47696e-05,0.0277890898,-0.0001433599,-0.0015885796,0.0353660378,-0.0034502285,0.012936058,-3.139416,-1.411766,1.955784,0.438351,0.558839,-0.559297,0.427477
1413394930.25583,-1.242777,5.42693,1.388218,-0.60618,-0.495717,-0.484155,0.390391,0.0007552691,5.692e-06,-0.0001752438,5.138e-07,-1.3104e-06,4.11626e-05,0.0277232779,0.0004139398,-0.0015990363,0.0319738445,-0.0036999435,0.0129940248,-3.123877,-1.418924,1.931064,0.449174,0.551672,-0.550847,0.43643
1413394930.35583,-1.284251,5.352281,1.339323,-0.606657,-0.486146,-0.481275,0.404974,0.0007619034,-1.77691e-05,-0.0001626172,8.733e-07,3.8113e-06,3.52102e-05,0.0269392263,-0.0002065551,-0.0011044308,0.0311773485,-0.0032768934,0.0123537485,-3.106627,-1.415241,1.910444,0.445868,0.541692,-0.552481,0.450043
1413394930.40583,-1.298188,5.355438,1.326619,-0.61658,-0.487545,-0.468318,0.403494,0.0007523848,-3.12702e-05,-0.0001824573,1.7645e-06,7.6047e-06,4.47604e-05,0.0265034364,-0.0002357308,-0.0010838215,0.0313124139,-0.0032984744,0.0123665837,-3.098407,-1.409263,1.899161,0.433562,0.543817,-0.561912,0.447835
1413394930.50583,-1.289236,5.163742,1.27127,-0.645765,-0.500331,-0.428644,0.385903,0.0007041998,-5.11311e-05,-0.0002507023,4.1818e-06,1.82248e-05,8.9783e-05,0.02630966,9.89731e-05,-0.0010318165,0.0294714974,-0.0030458672,0.0121055976,-3.084938,-1.391542,1.874836,0.396589,0.559022,-0.590146,0.426587
1413394930.60583,-1.309398,5.151533,1.233738,-0.677148,-0.515058,-0.382998,0.359859,0.0006318785,-6.53418e-05,-0.0003175949,7.2391e-06,3.28777e-05,0.0001602306,0.0253520203,-0.0001308313,-0.0009758767,0.0294671254,-0.0030454605,0.0120932476,-3.076675,-1.372201,1.842775,0.353841,0.576817,-0.620454,0.396419
1413394930.65583,-1.315164,5.148628,1.210361,-0.689469,-0.520524,-0.364623,0.347473,0.0005978565,-6.82176e-05,-0.0003401169,8.2727e-06,3.88512e-05,0.0001941327,0.0253221548,-0.0001352763,-0.000965768,0.0295074381,-0.0030564072,0.0120939863,-3.075113,-1.364635,1.822708,0.336629,0.583542,-0.63248,0.382296
1413394930.85584,-1.292027,5.129073,1.148492,-0.670732,-0.534787,-0.396812,0.32659,0.0006244311,-8.8779e-06,-0.0003333357,6.291e-07,4.7523e-06,0.0001785869,0.0254610861,-9.49662e-05,-0.0009804276,0.0292438787,-0.0029231098,0.0120120032,-3.087055,-1.387471,1.749086,0.368837,0.596113,-0.613691,0.363337
1413394931.00583,-1.235467,5.109844,1.11631,-0.630828,-0.511313,-0.460771,0.358197,0.0007194896,1.56869e-05,-0.0002415345,8.525e-07,-5.2606e-06,8.16452e-05,0.0253870914,-7.4127e-05,-0.0009751489,0.0286768008,-0.0027060347,0.0118785028,-3.098261,-1.4446,1.709862,0.428315,0.570834,-0.57423,0.401222
1413394931.15583,-1.222111,5.170609,1.086874,-0.610034,-0.495927,-0.490503,0.375928,0.0007584813,2.25317e-05,-0.0001837805,1.1969e-06,-5.454e-06,4.50822e-05,0.0252439318,-0.0002298066,-0.0009541353,0.0286080884,-0.0026911539,0.0118506106,-3.100195,-1.495604,1.693203,0.456696,0.553036,-0.554018,0.422664
1413394931.30583,-1.223266,5.209736,1.091038,-0.601949,-0.48714,-0.503077,0.383752,0.0007738946,2.29822e-05,-0.0001569926,1.2276e-06,-4.6562e-06,3.24084e-05,0.025396769,-0.0002230523,-0.0009409475,0.0286112323,-0.0026836456,0.0118190559,-3.090408,-1.518566,1.709978,0.468406,0.543501,-0.546461,0.431955
1413394931.35582,-1.211558,5.212329,1.084486,-0.598488,-0.48335,-0.506901,0.388891,0.0007781017,2.0223e-05,-0.0001448152,1.0617e-06,-3.7653e-06,2.75109e-05,0.0253738052,-0.0001718269,-0.0009073891,0.028555814,-0.0026852686,0.0117662602,-3.084507,-1.52028,1.726642,0.472443,0.538646,-0.543949,0.436785
1413394931.65582,-1.26081,5.204528,1.1482,-0.634305,-0.509702,-0.464988,0.34878,0.0007250626,2.49751e-05,-0.0002483946,1.4329e-06,-8.5622e-06,8.57397e-05,0.0252490298,-0.0001402263,-0.0008664626,0.0285811684,-0.0026689449,0.0117048815,-3.030366,-1.46325,1.8063,0.43565,0.567887,-0.576627,0.393979
1413394931.75582,-1.285968,5.195569,1.154063,-0.628959,-0.529671,-0.459853,0.335252,0.0007086077,5.03683e-05,-0.0002670752,4.1676e-06,-1.89989e-05,0.0001013333,0.0251876715,-0.0001025472,-0.0008507976,0.0286093142,-0.0026642784,0.0116821878,-3.003868,-1.43582,1.816847,0.4317,0.587113,-0.569752,0.379898
1413394931.80582,-1.301278,5.192714,1.154815,-0.621472,-0.541841,-0.45897,0.330948,0.000702591,6.57191e-05,-0.000271645,6.7431e-06,-2.54299e-05,0.0001057108,0.0251647219,-7.647e-05,-0.0008429937,0.0286279281,-0.0026621182,0.0116704947,-2.987451,-1.423151,1.819858,0.43134,0.598393,-0.561249,0.37534
1413394931.90582,-1.33968,5.191646,1.150343,-0.606123,-0.563673,-0.448776,0.336878,0.0006961599,7.40806e-05,-0.0002786659,8.4854e-06,-2.9676e-05,0.000112251,0.0251390491,-2.8225e-06,-0.0008290148,0.0286764831,-0.0026558237,0.0116430419,-2.945982,-1.400554,1.819988,0.421252,0.618914,-0.543548,0.379548
1413394932.20583,-1.477837,5.232992,1.132429,-0.537721,-0.60079,-0.392509,0.442541,0.0007467455,-3.4585e-06,-0.0002350205,6.359e-07,1.0905e-06,7.46244e-05,0.0251945126,0.0003459766,-0.0007381588,0.0289185324,-0.002622501,0.0115014749,-2.760712,-1.350917,1.851318,0.355089,0.650206,-0.471866,0.47803
1413394932.25583,-1.510358,5.237572,1.147899,-0.526503,-0.605368,-0.37747,0.46243,0.0007531975,-2.29878e-05,-0.000225927,1.3275e-06,6.9009e-06,6.84258e-05,0.0252654572,0.0003642482,-0.0007354577,0.0289220302,-0.0026188738,0.0114931248,-2.726169,-1.341771,1.867759,0.338493,0.653933,-0.459872,0.496326
1413394932.30583,-1.541818,5.241393,1.166692,-0.511758,-0.610148,-0.36662,0.481054,0.0007617957,-3.50277e-05,-0.0002123664,2.2425e-06,9.7715e-06,5.98569e-05,0.0252797381,0.0004346559,-0.0007303953,0.0289786084,-0.0026197562,0.011484908,-2.692647,-1.331728,1.887356,0.32538,0.657508,-0.44485,0.513757
1413394932.35583,-1.571672,5.244076,1.186157,-0.496869,-0.61658,-0.35538,0.496644,0.0007679229,-4.33682e-05,-0.0002020727,3.0868e-06,1.1419e-05,5.38292e-05,0.0252897494,0.0005004119,-0.000725182,0.0290341419,-0.0026203203,0.0114766135,-2.660779,-1.320699,1.907603,0.312705,0.662444,-0.429204,0.528384
1413394932.60582,-1.683759,5.222212,1.251265,-0.407733,-0.652688,-0.326629,0.548695,0.0007990534,-1.69144e-05,-0.0001505491,1.0097e-06,3.1838e-06,2.90154e-05,0.0252157294,0.0007274812,-0.0006909884,0.0292677443,-0.0026204685,0.0114222684,-2.536387,-1.241861,1.987365,0.278973,0.689466,-0.337607,0.576929
1413394932.65582,-1.701349,5.210838,1.25724,-0.393292,-0.661583,-0.31848,0.553353,0.0008000991,-1.06898e-05,-0.0001509153,7.98e-07,2.0114e-06,2.91209e-05,0.0251291203,0.0007293903,-0.0006831309,0.0292955932,-0.0026184147,0.011414558,-2.519112,-1.219521,1.994317,0.270533,0.696927,-0.322068,0.580853
1413394932.70582,-1.712896,5.190258,1.258764,-0.379665,-0.671521,-0.308861,0.556345,0.0007983653,-5.8526e-06,-0.0001553531,6.899e-07,1.14e-06,3.08791e-05,0.0250629858,0.000747589,-0.0006727588,0.0293222622,-0.0026187326,0.0113968608,-2.50425,-1.194771,1.999057,0.261283,0.705219,-0.30824,0.582579
1413394932.90581,-1.757794,5.108436,1.263613,-0.345871,-0.722559,-0.257305,0.540441,0.0007647674,-1.4621e-06,-0.0002266728,6.602e-07,4.315e-07,6.78747e-05,0.0246822118,0.0007156263,-0.0006407126,0.0294193875,-0.0026128685,0.0113635306,-2.46494,-1.075522,2.01664,0.212246,0.752643,-0.269694,0.561927
1413394933.00581,-1.773817,5.059993,1.270283,-0.333618,-0.743317,-0.232151,0.531305,0.0007437491,-7.07e-06,-0.0002586302,7.296e-07,2.4566e-06,9.06532e-05,0.0244849661,0.0006841921,-0.0006247869,0.02946568,-0.002608993,0.0113501818,-2.452171,-1.010071,2.023949,0.188074,0.772512,-0.255503,0.550075
1413394933.05581,-1.782252,5.036802,1.271084,-0.32638,-0.750973,-0.221077,0.529755,0.0007370716,-1.05048e-05,-0.0002680356,8.15e-07,3.8187e-06,9.81991e-05,0.0243895491,0.0006662003,-0.0006171769,0.0294894802,-0.002607661,0.011344876,-2.445327,-0.977803,2.025306,0.177181,0.779636,-0.247586,0.547251
1413394933.10581,-1.795823,5.016365,1.269006,-0.317438,-0.757754,-0.212111,0.529198,0.0007327919,-1.11771e-05,-0.0002742961,8.222e-07,4.1697e-06,0.0001034006,0.0242826955,0.0006595182,-0.0006136876,0.0295125849,-0.0026048548,0.011339002,-2.438023,-0.945926,2.024736,0.168169,0.785584,-0.238155,0.54577
1413394933.40581,-1.857595,4.883205,1.208532,-0.249427,-0.77591,-0.169735,0.554021,0.0007454827,-1.05841e-05,-0.0002596474,8.033e-07,3.6719e-06,9.1133e-05,0.0238392608,0.0005998406,-0.0005761862,0.0296620537,-0.00262156,0.0113023148,-2.385608,-0.76697,1.973187,0.123789,0.797794,-0.169527,0.565214
1413394933.50581,-1.875906,4.844924,1.168177,-0.228602,-0.779403,-0.157992,0.561525,0.0007521318,-8.2534e-06,-0.0002539424,7.461e-07,2.77e-06,8.64392e-05,0.0236603244,0.0005683154,-0.0005614814,0.0297424136,-0.0026261217,0.0112995389,-2.367958,-0.710485,1.934308,0.111339,0.799448,-0.148241,0.571416
1413394933.60581,-1.893681,4.807646,1.1207,-0.208592,-0.782151,-0.145014,0.568947,0.0007585428,-8.3697e-06,-0.000248218,7.502e-07,2.721e-06,8.19261e-05,0.0235432041,0.0005382094,-0.0005487142,0.0298134418,-0.0026305656,0.0112976931,-2.350141,-0.654527,1.888669,0.097604,0.800567,-0.127837,0.577261
1413394933.70581,-1.909619,4.771467,1.076984,-0.187478,-0.779653,-0.13325,0.582441,0.0007725702,-8.5642e-06,-0.0002310564,7.546e-07,2.5424e-06,6.97989e-05,0.0234378918,0.000503327,-0.0005356506,0.0298863864,-0.0026356811,0.0112970163,-2.333431,-0.599087,1.847031,0.084398,0.796503,-0.10691,0.589099
1413394933.75581,-1.916254,4.753608,1.057099,-0.178404,-0.777391,-0.127405,0.589579,0.0007798447,-9.9713e-06,-0.0002212155,7.88e-07,2.8094e-06,6.34436e-05,0.0233891134,0.000482661,-0.0005289674,0.0299221087,-0.0026384006,0.0112971772,-2.326176,-0.571483,1.8283,0.077832,0.793563,-0.097831,0.595512
1413394933.80581,-1.921259,4.735704,1.03801,-0.170449,-0.775838,-0.12289,0.594912,0.0007853959,-9.8921e-06,-0.0002137201,7.86e-07,2.6722e-06,5.88474e-05,0.0233422442,0.0004582415,-0.000522151,0.0299555197,-0.002641109,0.0112977048,-2.320445,-0.543915,1.810421,0.072639,0.791322,-0.089864,0.600385
1413394933.85581,-1.924214,4.717524,1.0194,-0.163605,-0.776143,-0.118294,0.597363,0.0007878657,-9.6931e-06,-0.0002112537,7.816e-07,2.5791e-06,5.73354e-05,0.023296496,0.0004290459,-0.0005151619,0.0299855866,-0.0026437387,0.0112986256,-2.316736,-0.516224,1.793086,0.067776,0.790913,-0.082923,0.602485
1413394934.00581,-1.926474,4.644133,0.964214,-0.140057,-0.793205,-0.099,0.584302,0.0007712236,-5.7834e-06,-0.0002409309,6.947e-07,1.7769e-06,7.59401e-05,0.0231051443,0.0003148274,-0.0004964505,0.0300326599,-0.0026525773,0.0113036576,-2.315849,-0.431501,1.741894,0.050643,0.805399,-0.059039,0.587614
1413394934.05581,-1.924912,4.624036,0.94772,-0.131339,-0.79914,-0.090734,0.579562,0.0007648026,-5.9161e-06,-0.0002513934,6.969e-07,1.9138e-06,8.33162e-05,0.0229977196,0.0002571686,-0.0004857235,0.0300653338,-0.0026556662,0.0113064918,-2.317464,-0.402592,1.726315,0.042879,0.810591,-0.049828,0.581918
1413394934.10581,-1.923738,4.604102,0.93376,-0.121589,-0.800684,-0.082624,0.58077,0.0007656329,-7.3079e-06,-0.0002516848,7.207e-07,2.371e-06,8.34206e-05,0.0229531363,0.0002151159,-0.0004776945,0.0300931959,-0.00265868,0.0113097939,-2.318759,-0.373524,1.713074,0.03469,0.811634,-0.040053,0.581764
1413394934.20581,-1.898113,4.530239,0.91235,-0.097794,-0.795897,-0.066822,0.593733,0.0007800608,-8.4602e-06,-0.0002338569,7.071e-07,2.5254e-06,7.0774e-05,0.0228215326,0.0002068508,-0.0004693214,0.030047768,-0.0026537304,0.0113167089,-2.320794,-0.315425,1.689328,0.017774,0.805258,-0.017217,0.592417
1413394934.50582,-1.866293,4.383315,0.778625,-0.029393,-0.808592,-0.001226,0.587634,0.0007721208,-2.71019e-05,-0.000251861,1.5654e-06,8.8384e-06,8.28189e-05,0.0224926367,-0.0001650453,-0.0004187342,0.0300789189,-0.0026541501,0.0113523897,-2.348675,-0.141726,1.553238,0.046609,-0.811433,-0.051125,-0.580342
1413394934.55583,-1.842488,4.252099,0.764375,-0.016719,-0.810571,0.005976,0.585371,0.0007687332,-2.56641e-05,-0.0002557131,1.4068e-06,8.5569e-06,8.56443e-05,0.0221812718,-7.69356e-05,-0.0004421739,0.0297709475,-0.0025960627,0.0113442925,-2.354539,-0.115041,1.521789,0.052547,-0.81277,-0.060433,-0.577058
1413394934.60583,-1.835619,4.230335,0.733423,-0.007386,-0.812138,0.009598,0.58334,0.000767796,-1.99993e-05,-0.0002588908,1.0714e-06,6.7615e-06,8.78792e-05,0.0218082089,-0.000280489,-0.0004174155,0.0297363862,-0.0025872602,0.01135149,-2.360294,-0.089246,1.489931,0.056229,-0.813561,-0.069958,-0.574514
1413394934.95583,-1.773536,4.055867,0.600011,0.020704,-0.809086,0.026721,0.586717,0.0007770173,-1.6579e-05,-0.0002535621,8.976e-07,5.4242e-06,8.32932e-05,0.0216940406,-0.0006092235,-0.0003767629,0.0296996972,-0.0025434876,0.0114094814,-2.404967,0.070232,1.359764,0.072123,-0.808415,-0.095569,-0.576308
1413394935.00583,-1.763338,4.03892,0.597462,0.020604,-0.807137,0.026926,0.58939,0.0007812996,-1.61077e-05,-0.0002491482,8.763e-07,5.1501e-06,7.99977e-05,0.0215756297,-0.000697392,-0.0003629694,0.0297225745,-0.0025359969,0.0114211701,-2.410618,0.090834,1.357578,0.072477,-0.806614,-0.095435,-0.578803
1413394935.05583,-1.75238,4.022515,0.597968,0.019189,-0.805032,0.028341,0.592244,0.0007856014,-1.92187e-05,-0.0002443136,1.0148e-06,5.9909e-06,7.65241e-05,0.0215836499,-0.0007433314,-0.0003573489,0.029732083,-0.0025270015,0.0114333575,-2.416674,0.110916,1.358449,0.074036,-0.804659,-0.094118,-0.581537
1413394935.30583,-1.714517,3.95579,0.621876,-0.004587,-0.792843,0.018436,0.60913,0.0008063894,-3.00206e-05,-0.0002145244,1.6027e-06,8.0286e-06,5.75783e-05,0.0215227485,-0.0008082196,-0.0003440902,0.0295199871,-0.00249319,0.0114509116,-2.454416,0.195289,1.364097,0.066301,-0.794481,-0.070333,-0.599549
1413394935.45583,-1.643826,3.913364,0.596819,-0.012115,-0.787225,0.003676,0.616535,0.0008168653,-1.80656e-05,-0.0002021566,8.219e-07,4.5129e-06,5.05378e-05,0.0214160655,-0.0007274831,-0.0003043653,0.0294208102,-0.0025062347,0.0114503805,-2.491891,0.233122,1.341624,0.052349,-0.78935,-0.062561,-0.608501
1413394935.50583,-1.611407,3.890468,0.594934,-0.013631,-0.789437,-0.000538,0.61368,0.0008132597,-1.42235e-05,-0.0002073527,6.381e-07,3.6853e-06,5.33621e-05,0.0212728898,-0.0006956731,-0.0003892284,0.0292002084,-0.0024779506,0.011359004,-2.507234,0.244408,1.328364,0.047674,-0.791529,-0.060979,-0.606211
1413394935.70584,-1.636723,3.806032,0.534159,-0.022859,-0.801701,-0.015452,0.597088,0.0007927128,-4.4166e-06,-0.000236861,3.632e-07,1.3547e-06,7.12008e-05,0.0207462678,-0.0008547796,-0.0003751338,0.0288441033,-0.0025156743,0.0113132048,-2.583397,0.287249,1.26918,0.033591,-0.80403,-0.055186,-0.591069
1413394935.75584,-1.611081,3.793226,0.526233,-0.024124,-0.801801,-0.018239,0.596826,0.0007931352,-5.207e-07,-0.0002376295,3.381e-07,1.905e-07,7.16253e-05,0.0206341405,-0.0007859709,-0.0003664677,0.0290247268,-0.0025311821,0.0113131266,-2.606082,0.297681,1.260287,0.030762,-0.804269,-0.053875,-0.591018
1413394935.95585,-1.544118,3.743394,0.520702,-0.031524,-0.802864,-0.023501,0.594864,0.0007932415,-1.0376e-06,-0.0002414807,3.392e-07,3.462e-07,7.39459e-05,0.0205479293,-0.0009183348,-0.0003733533,0.0288657302,-0.0025049963,0.0113142285,-2.694619,0.34162,1.257036,0.026448,-0.805617,-0.048305,-0.589872
1413394936.00591,-1.66551,3.70614,0.53138,-0.043234,-0.805959,-0.033745,0.589426,0.0007320166,3.958e-07,-0.0002324715,2.965e-07,-1.153e-07,7.41898e-05,0.0200509995,-0.0009547609,-0.0003743756,0.0287491678,-0.0025483277,0.0112658609,-2.718357,0.35304,1.253525,0.025507,-0.809026,-0.048652,-0.585201
1413394936.2559,-1.562141,3.60354,0.465282,-0.006921,-0.829593,-0.007457,0.558276,0.0006755171,2.6096e-06,-0.000273878,3.13e-07,-1.0494e-06,0.0001114249,0.0197817424,-0.0010007192,-0.0003623079,0.02880926,-0.0025554719,0.0112528845,-2.833151,0.420703,1.193342,0.048314,-0.828665,-0.087191,-0.550808
1413394936.30589,-1.545506,3.585522,0.446718,0.01087,-0.826441,0.002669,0.562912,0.0006789588,5.0971e-06,-0.0002663375,3.415e-07,-1.9914e-06,0.0001048594,0.0197177182,-0.0010390191,-0.0003605711,0.0287772758,-0.0025506584,0.011250206,-2.852616,0.43715,1.177838,0.058852,-0.823791,-0.104225,-0.554131
1413394937.25589,-1.193492,2.971743,0.295464,0.363435,-0.751676,0.215665,0.506346,0.0006669219,3.15135e-05,-0.0002849229,1.8353e-06,-1.3461e-05,0.0001221218,0.0187991533,-0.0016993426,-0.0002750723,0.028321073,-0.0024857505,0.0112651127,-3.262209,0.919634,1.021909,0.267037,-0.709551,-0.447056,-0.474742
1413394937.30589,-1.174215,2.925769,0.290084,0.370878,-0.750431,0.226791,0.497863,0.0006638709,2.07544e-05,-0.0002896603,9.958e-07,-9.0515e-06,0.0001267848,0.0187523546,-0.0017348687,-0.0002673034,0.0283036316,-0.0024815091,0.0112681328,-3.286352,0.957554,1.017402,0.277252,-0.707306,-0.454415,-0.46515
1413394937.35589,-1.15607,2.877841,0.285693,0.376445,-0.748501,0.236823,0.491885,0.0006633902,1.12756e-05,-0.0002915019,5.395e-07,-4.949e-06,0.0001284914,0.0187113862,-0.00176649,-0.000259734,0.0282904798,-0.00247765,0.0112714209,-3.309602,0.997559,1.013916,0.286543,-0.704841,-0.459808,-0.457903
1413394937.45589,-1.123518,2.779201,0.276133,0.383581,-0.743749,0.250957,0.486543,0.0006670389,-1.997e-07,-0.0002901111,3.492e-07,9.48e-08,0.000126578,0.0186387952,-0.0018248065,-0.0002437271,0.0282707442,-0.002470376,0.0112789029,-3.35275,1.08112,1.007664,0.300265,-0.699439,-0.46637,-0.450696
1413394938.25591,-1.121687,1.932673,0.27685,0.304968,-0.778986,0.260415,0.482037,0.0006683561,-8.2181e-05,-0.0002911329,1.04567e-05,3.58235e-05,0.0001272425,0.0186651711,-0.0021637825,-8.7791e-05,0.02842132,-0.0024225352,0.0113860387,-3.504366,1.85958,1.054496,0.309684,-0.742549,-0.393103,-0.445186
1413394938.45591,-1.221129,1.730921,0.383619,0.282703,-0.776851,0.228338,0.51424,0.0006975926,-4.84399e-05,-0.0002738384,3.7191e-06,1.903e-05,0.00010792,0.0188676241,-0.0022990728,-4.79742e-05,0.0286601665,-0.0024314804,0.0114352719,-3.439884,2.060514,1.171777,0.281379,-0.743505,-0.370974,-0.48001
1413394938.55591,-1.292663,1.636934,0.439647,0.271786,-0.776621,0.206611,0.529437,0.0007088524,-2.54918e-05,-0.0002664672,1.2643e-06,9.5936e-06,0.0001005953,0.0189594236,-0.0023624631,-4.24996e-05,0.0287807937,-0.0024275811,0.0114585232,-3.395187,2.159092,1.236071,0.26183,-0.744462,-0.359916,-0.497683
1413394938.65591,-1.360871,1.544118,0.488595,0.256452,-0.784256,0.18104,0.535163,0.0007065409,-7.664e-06,-0.0002721549,4.327e-07,2.9584e-06,0.0001052681,0.0190875681,-0.0024456511,-2.59627e-05,0.0289297688,-0.0024304285,0.0114880241,-3.347425,2.25579,1.287707,0.237061,-0.753308,-0.345785,-0.506728
1413394938.75592,-1.466005,1.475766,0.542324,0.235806,-0.795441,0.160068,0.534834,0.0006975412,-2.1657e-06,-0.0002811704,3.329e-07,8.832e-07,0.0001137635,0.0191802824,-0.0025148534,7.1576e-06,0.0289836773,-0.0024506307,0.0114903261,-3.297505,2.352361,1.326689,0.214267,-0.767396,-0.324671,-0.5097
1413394938.85592,-1.542068,1.391568,0.571226,0.202657,-0.808106,0.145464,0.533606,0.0006906328,-1.45191e-05,-0.000289185,6.327e-07,6.0905e-06,0.0001215234,0.019286286,-0.0026229592,2.07573e-05,0.0291717913,-0.0024612975,0.0115093492,-3.245419,2.449803,1.354907,0.198416,-0.783656,-0.29354,-0.510263
1413394939.45594,-2.068792,1.097304,0.61823,-0.011042,-0.820458,0.038347,0.570312,0.0007186106,-5.81921e-05,-0.0002643085,5.0787e-06,2.14128e-05,9.76562e-05,0.0200669162,-0.0034042294,7.11097e-05,0.0301837444,-0.0026582824,0.0114605465,-2.802771,2.905594,1.344303,0.095693,-0.820007,-0.081446,-0.558403
1413394939.55594,-2.159003,1.071261,0.633952,-0.004897,-0.818017,0.006199,0.575139,0.0007278451,-1.2921e-05,-0.0002602464,6.029e-07,4.6203e-06,9.34998e-05,0.0198780921,-0.0033846979,3.57906e-05,0.0303976999,-0.0026916631,0.0114612877,-2.710799,2.949404,1.349874,0.062881,-0.817074,-0.086921,-0.566466
1413394939.65593,-2.272359,1.032454,0.639923,-0.01809,-0.81474,0.004122,0.579529,0.0007339574,-2.24094e-05,-0.0002537121,1.0673e-06,7.7451e-06,8.81465e-05,0.0199081857,-0.0035187675,-2.5781e-06,0.0306058078,-0.0027142618,0.0113774355,-2.618257,2.993328,1.369441,0.060238,-0.815115,-0.07476,-0.571291
1413394940.45593,-3.05144,1.07994,0.705288,-0.180038,-0.799679,-0.092329,0.565309,0.0007341789,-4.45177e-05,-0.0002678435,3.1789e-06,1.62404e-05,9.82352e-05,0.020050731,-0.0040841318,-7.8682e-06,0.0333242697,-0.0028473903,0.0114929602,-1.816316,3.116084,1.446001,0.03752,0.818001,-0.086307,0.567479
1413394940.55593,-3.149803,1.111511,0.6785,-0.204932,-0.79008,-0.120796,0.564964,0.0007430747,-3.3013e-05,-0.0002609286,1.9592e-06,1.15912e-05,9.21492e-05,0.020029287,-0.0040867467,-1.58764e-05,0.0337707417,-0.0028654453,0.0115155943,-1.70714,3.108115,1.425559,0.065386,0.811103,-0.112235,0.570313
1413394940.65594,-3.236588,1.155756,0.662746,-0.219864,-0.785169,-0.160267,0.556313,0.0007471719,4.6987e-06,-0.0002597452,5.323e-07,-1.6472e-06,9.08169e-05,0.0199840274,-0.0041055391,-4.7544e-05,0.0341678715,-0.0029073104,0.0115085622,-1.598722,3.09717,1.409826,0.105025,0.807438,-0.127344,0.566404
1413394940.75594,-3.330695,1.188384,0.649241,-0.230636,-0.782112,-0.192208,0.546044,0.0007465601,3.74878e-05,-0.0002600048,2.3989e-06,-1.30745e-05,9.1076e-05,0.0199526647,-0.0040659256,-5.9271e-05,0.0345619214,-0.0029220446,0.0115196116,-1.489978,3.088929,1.401997,0.13852,0.805435,-0.13841,0.559408
1413394940.85593,-3.456501,1.165373,0.679811,-0.243583,-0.777877,-0.201971,0.542938,0.0007482839,3.77839e-05,-0.0002595899,2.4258e-06,-1.31166e-05,9.05039e-05,0.0199011379,-0.0041658295,-1.16251e-05,0.0347928812,-0.0028320233,0.0114562492,-1.378607,3.08847,1.407307,0.15036,0.802525,-0.152007,0.556995
1413394940.95595,-3.564261,1.187816,0.722313,-0.262655,-0.773414,-0.190282,0.544642,0.0007451969,5.4933e-06,-0.0002628224,5.19e-07,-1.9488e-06,9.31227e-05,0.0197039482,-0.0044316356,-2.6837e-05,0.0353653818,-0.0028607168,0.0114093785,-1.264385,3.094924,1.426278,0.140447,0.799773,-0.17237,0.557614
1413394941.10595,-3.737689,1.203051,0.774542,-0.303387,-0.770382,-0.158609,0.537876,0.0007174963,-6.45e-05,-0.0002865885,6.2732e-06,2.57677e-05,0.0001149033,0.0196498077,-0.0044859114,-3.37134e-05,0.0361359805,-0.0028741535,0.0114052935,-1.091921,3.104033,1.462161,0.111259,0.800691,-0.214239,0.548298
1413394941.20594,-3.822056,1.220383,0.806103,-0.327253,-0.768414,-0.144581,0.530605,0.0006945232,-9.63666e-05,-0.0003007429,1.38481e-05,4.17405e-05,0.0001306535,0.0195704416,-0.004524856,-3.95125e-05,0.0367299103,-0.0028872582,0.0114075808,-0.977724,3.100591,1.488202,0.098155,0.801221,-0.23957,0.539465
1413394941.30595,-3.909495,1.248593,0.840945,-0.340299,-0.768529,-0.140886,0.523174,0.0006788342,-0.0001063416,-0.0003102708,1.71417e-05,4.86234e-05,0.000142223,0.0194307048,-0.0044584514,-5.60025e-05,0.0371198878,-0.0028971743,0.0114089966,-0.863241,3.0835,1.518666,0.094876,0.802562,-0.253652,0.531558
1413394941.40594,-4.030356,1.307255,0.87395,-0.343635,-0.772987,-0.146968,0.512647,0.0006674103,-9.40387e-05,-0.0003205149,1.37184e-05,4.51733e-05,0.0001543279,0.019309484,-0.004358812,-6.71645e-05,0.0375286994,-0.0029066007,0.0114056313,-0.747922,3.050619,1.55202,0.100899,0.807375,-0.256311,0.521799
1413394941.50593,-4.141513,1.394436,0.927556,-0.326956,-0.778726,-0.177862,0.505025,0.0006733118,-4.08591e-05,-0.0003163951,2.8967e-06,1.91779e-05,0.0001490601,0.0190800224,-0.0041713086,-7.0062e-05,0.038085343,-0.0029273666,0.0113752934,-0.62853,3.002385,1.591003,0.129942,0.811456,-0.238098,0.51767
1413394941.60591,-4.245884,1.454796,0.977007,-0.30477,-0.783899,-0.206415,0.50001,0.0006814991,1.3641e-05,-0.00030915,6.644e-07,-6.2226e-06,0.0001406239,0.0189404444,-0.0039544986,-9.59599e-05,0.0387012006,-0.0029371188,0.0113714822,-0.503388,2.945142,1.632017,0.160818,0.813261,-0.217764,0.515107
1413394941.90593,-4.603248,1.659643,1.107074,-0.325634,-0.756542,-0.211274,0.52628,0.0007049927,-1.80703e-05,-0.0002675845,8.27e-07,6.8203e-06,0.0001019223,0.0185084543,-0.0032467003,-0.0001544966,0.0406229495,-0.0029861841,0.0113480464,-0.086194,2.77271,1.747848,0.16935,0.787555,-0.243885,0.540014
1413394941.95593,-4.658273,1.686314,1.126711,-0.341194,-0.748644,-0.193465,0.5345,0.0007009167,-5.68105e-05,-0.0002644555,4.9662e-06,2.13996e-05,0.000100135,0.0184998034,-0.0032639509,-0.0001592759,0.0409616222,-0.0029913865,0.0113486051,-0.013382,2.745217,1.765545,0.152741,0.780909,-0.261441,0.54638
1413394942.00593,-4.690604,1.685817,1.139333,-0.353231,-0.742572,-0.173669,0.541899,0.0006893695,-9.3068e-05,-0.0002606272,1.29195e-05,3.51561e-05,9.88866e-05,0.018446051,-0.0031455078,-0.0001631363,0.0412324438,-0.0030023397,0.0113468527,0.058533,2.716301,1.783519,0.135423,0.774556,-0.2787,0.551426
1413394942.45594,-5.056693,2.214517,1.364357,-0.458781,-0.686815,-0.130733,0.548374,0.0006131531,-0.0002267315,-0.0002545563,8.42681e-05,9.41384e-05,0.0001060532,0.0183048697,-0.001400238,-0.0002561296,0.0435235844,-0.0030384365,0.011358621,0.555128,2.225889,1.998064,0.092423,0.726459,-0.394613,0.554985
1413394942.55592,-5.094545,2.400171,1.410353,-0.477201,-0.672832,-0.161491,0.541754,0.0006274122,-0.0002125573,-0.0002544846,7.24281e-05,8.62162e-05,0.0001035873,0.0183414806,-0.0008653869,-0.0002823483,0.0434362938,-0.0030307839,0.0113614362,0.61358,2.046091,2.045988,0.122345,0.714441,-0.413004,0.551406
1413394942.60592,-5.095137,2.488911,1.429567,-0.485727,-0.666086,-0.176907,0.537683,0.0006323179,-0.000203292,-0.0002542174,6.57584e-05,8.17346e-05,0.0001025712,0.0183864652,-0.0005072579,-0.0002982631,0.0435136815,-0.0030360703,0.0113602187,0.636612,1.949383,2.063601,0.138884,0.707622,-0.422985,0.54871
1413394942.95594,-5.010288,3.220929,1.428313,-0.48408,-0.602261,-0.398098,0.494435,0.0007723603,1.146e-06,-0.0001517857,3.886e-07,-2.445e-07,3.01592e-05,0.0191687648,0.0018992045,-0.0004127503,0.0428961614,-0.0030045104,0.0113662526,0.692882,1.218462,2.071376,0.358569,0.644066,-0.425709,0.524821
1413394943.00594,-4.991975,3.315453,1.409653,-0.481143,-0.590635,-0.428355,0.485966,0.0007814218,3.0884e-05,-0.0001258079,1.6136e-06,-4.9901e-06,2.05822e-05,0.0193568697,0.0022293427,-0.0004301448,0.0426448952,-0.0029968416,0.0113699633,0.69224,1.119934,2.054104,0.389963,0.632047,-0.423151,0.519065
1413394943.30594,-4.919491,3.76219,1.238904,-0.51614,-0.514332,-0.530277,0.433438,0.0007963548,7.85393e-05,-4.85757e-05,8.1655e-06,-4.7886e-06,3.2957e-06,0.0203439028,0.0036145968,-0.00050983,0.0421253618,-0.0029676835,0.011398388,0.703599,0.650087,1.893194,0.497396,0.558418,-0.46286,0.475968
1413394943.35594,-4.917849,3.811711,1.20675,-0.52677,-0.50214,-0.538978,0.424112,0.0007978431,7.56959e-05,-4.66482e-05,7.6038e-06,-4.4203e-06,3.0628e-06,0.0204741072,0.0037690815,-0.0005200336,0.0421130978,-0.0029637264,0.0114042799,0.711441,0.597274,1.862959,0.50705,0.547053,-0.474367,0.467575
1413394943.45594,-4.926972,3.884629,1.150255,-0.549116,-0.482379,-0.552462,0.400709,0.0007985062,7.44121e-05,-5.42895e-05,7.3608e-06,-5.0477e-06,4.033e-06,0.0206755946,0.0040051497,-0.0005371193,0.0421735132,-0.0029569165,0.011417264,0.735033,0.518796,1.810741,0.522596,0.528754,-0.498263,0.446163
1413394943.65594,-4.999255,3.948629,1.070465,-0.607116,-0.46145,-0.547086,0.345212,0.0007845724,6.79456e-05,-0.0001297741,6.3165e-06,-1.12202e-05,2.18288e-05,0.0208734616,0.0042744425,-0.0005610395,0.0426748857,-0.0029481262,0.0114485622,0.822199,0.448723,1.74062,0.523685,0.512016,-0.557641,0.390707
1413394943.70594,-5.028003,3.952768,1.054177,-0.624763,-0.45595,-0.536097,0.338203,0.000777897,5.21806e-05,-0.000155877,3.9331e-06,-1.04357e-05,3.16059e-05,0.0208917165,0.0043160322,-0.0005655638,0.0428779691,-0.0029468118,0.0114576132,0.852621,0.444126,1.727011,0.513685,0.508644,-0.575745,0.38203
1413394943.75594,-5.059679,3.954053,1.037757,-0.63892,-0.451211,-0.527814,0.331061,0.0007705431,4.16368e-05,-0.000176772,2.6838e-06,-9.5298e-06,4.09322e-05,0.0209025405,0.0043516132,-0.0005697493,0.043103978,-0.002945657,0.0114671965,0.885452,0.442525,1.713251,0.505687,0.504877,-0.590953,0.374387
1413394943.85594,-5.129774,3.951756,1.001666,-0.660005,-0.435729,-0.512838,0.333962,0.0007635567,4.2504e-06,-0.0001977307,4.609e-07,-1.0728e-06,5.15939e-05,0.0209124991,0.0044143077,-0.0005775813,0.0436122089,-0.0029435089,0.0114880197,0.956996,0.444555,1.682374,0.490446,0.492063,-0.613875,0.374838
1413394943.90594,-5.166583,3.948765,0.981631,-0.668177,-0.427302,-0.505834,0.33924,0.000760888,-1.71257e-05,-0.0002031418,8.256e-07,4.6034e-06,5.46286e-05,0.0209128196,0.0044403701,-0.0005812663,0.0438843599,-0.0029423143,0.0114993503,0.994268,0.447291,1.665095,0.482988,0.484406,-0.623019,0.379381
1413394943.95594,-5.207452,3.947624,0.965359,-0.676149,-0.420723,-0.497431,0.344059,0.0007557384,-3.72059e-05,-0.0002105327,2.2707e-06,1.03971e-05,5.90455e-05,0.0209048526,0.0044640961,-0.0005789093,0.0441600301,-0.0029464131,0.0115026891,1.031708,0.451669,1.645458,0.4744,0.478452,-0.631512,0.383702
1413394944.00594,-5.244427,3.941167,0.94321,-0.680855,-0.418062,-0.492943,0.344483,0.0007517699,-4.51119e-05,-0.0002167058,3.1492e-06,1.3038e-05,6.2868e-05,0.0209070734,0.0044957552,-0.0005822504,0.0444659526,-0.0029457241,0.0115148474,1.068395,0.457718,1.625739,0.469313,0.475838,-0.636912,0.384275
1413394944.05594,-5.284364,3.936186,0.926737,-0.683318,-0.41926,-0.491085,0.340783,0.0007486728,-4.26581e-05,-0.000223017,2.8656e-06,1.2741e-05,6.68378e-05,0.0208931268,0.0045039979,-0.0005816366,0.0447420078,-0.0029466577,0.0115240292,1.104093,0.464888,1.60718,0.467681,0.476542,-0.639802,0.380574
1413394944.10594,-5.319685,3.927315,0.907595,-0.684368,-0.421519,-0.490427,0.336814,0.0007466179,-3.76168e-05,-0.0002282049,2.3326e-06,1.1531e-05,7.01602e-05,0.0208881418,0.0045212976,-0.0005843266,0.0450459115,-0.0029456907,0.0115374727,1.138634,0.473223,1.590189,0.467083,0.478833,-0.640806,0.376724
1413394944.25595,-5.442877,3.915615,0.912132,-0.68894,-0.42463,-0.487658,0.327477,0.0007402834,-2.92677e-05,-0.0002410048,1.5377e-06,9.536e-06,7.88406e-05,0.0207621768,0.0045676937,-0.0005053105,0.0457555249,-0.0030313744,0.0114454196,1.236239,0.504414,1.551019,0.465679,0.4821,-0.645166,0.366721
1413394944.30595,-5.480431,3.912707,0.908199,-0.693303,-0.425445,-0.483803,0.322897,0.0007336669,-2.84715e-05,-0.0002507733,1.4787e-06,9.7363e-06,8.60934e-05,0.0207948722,0.0046820969,-0.0005034209,0.0461734771,-0.003043381,0.0114483664,1.266995,0.516088,1.541579,0.46235,0.482995,-0.649516,0.36205
1413394944.35596,-5.523153,3.887308,0.942138,-0.695241,-0.432591,-0.475855,0.32104,0.0007205133,-2.65091e-05,-0.0002607905,1.3051e-06,9.595e-06,9.47713e-05,0.0207921129,0.0047170996,-0.0004981023,0.0464528151,-0.0030341138,0.0114180414,1.296205,0.52679,1.536942,0.45803,0.484727,-0.654632,0.355961
1413394944.50595,-5.608821,3.853972,0.946017,-0.713638,-0.435775,-0.464021,0.292414,0.0006857974,-1.01209e-05,-0.0002980932,4.528e-07,4.3908e-06,0.0001299139,0.0206800176,0.0047338395,-0.0004779759,0.0470875902,-0.0030752348,0.0113488786,1.376249,0.555153,1.543277,0.448021,0.489346,-0.672951,0.327047
1413394944.60595,-5.658769,3.843811,0.946127,-0.734326,-0.419883,-0.454782,0.278632,0.0006642832,-2.03156e-05,-0.0003175525,9.255e-07,9.7069e-06,0.000152156,0.0206348114,0.0047135604,-0.0004747395,0.0474980317,-0.0030865308,0.0113497874,1.422794,0.566717,1.541332,0.440329,0.47552,-0.694607,0.312287
1413394945.00594,-5.729746,3.898055,0.861948,-0.816897,-0.300497,-0.451811,0.19557,0.0006001899,-3.35752e-05,-0.000360761,2.1761e-06,2.01919e-05,0.0002172424,0.0208326371,0.0050594469,-0.0004811838,0.0481000692,-0.0031186864,0.0113548939,1.509561,0.503984,1.445324,0.442611,0.360115,-0.788712,0.228843
1413394945.05593,-5.733021,3.952998,0.82499,-0.818942,-0.283755,-0.464128,0.182761,0.0006107381,-2.53796e-05,-0.0003543086,1.3199e-06,1.47258e-05,0.0002059252,0.0208282158,0.005092978,-0.0004893047,0.0480124503,-0.0030944452,0.0113363138,1.503812,0.48108,1.429107,0.45547,0.342906,-0.792274,0.21746
1413394945.15593,-5.703125,4.013242,0.790578,-0.820503,-0.249473,-0.49061,0.154401,0.0006373708,-5.9541e-06,-0.0003397218,3.196e-07,3.1689e-06,0.0001814409,0.0210656537,0.0054226303,-0.0005039,0.0478773087,-0.0030943889,0.0113364976,1.482067,0.426427,1.395179,0.483455,0.308799,-0.796413,0.191486
1413394945.25593,-5.668227,4.086116,0.756563,-0.819701,-0.214161,-0.515788,0.12723,0.0006638949,9.2693e-06,-0.0003207112,3.918e-07,-4.4871e-06,0.000155277,0.0212574164,0.0056429038,-0.0005160737,0.047538573,-0.0030876834,0.0113348463,1.449973,0.361599,1.363339,0.510159,0.273819,-0.798137,0.166626
1413394945.45594,-5.566748,4.248391,0.706441,-0.803834,-0.137653,-0.572738,0.082903,0.0007318019,1.89852e-05,-0.0002554397,7.565e-07,-6.6402e-06,8.94821e-05,0.021737235,0.0061292183,-0.0005511041,0.0467689371,-0.0030801645,0.0113364465,1.368836,0.208806,1.315177,0.568803,0.197248,-0.788365,0.126762
1413394945.60593,-5.494039,4.369905,0.660795,-0.799633,-0.055109,-0.592092,0.083528,0.0007514186,-5.35528e-05,-0.0002231689,4.0764e-06,1.5904e-05,6.65599e-05,0.0221322419,0.0065203489,-0.0005681447,0.0461915898,-0.0030620864,0.0113216834,1.312197,0.089097,1.281599,0.588774,0.114929,-0.789709,0.128549
1413394945.85593,-5.37854,4.524311,0.610287,-0.799743,0.074185,-0.593308,0.053794,0.0007306979,-0.0001349943,-0.0002246865,2.52096e-05,4.15185e-05,6.93712e-05,0.0226815234,0.0069328152,-0.0005987788,0.04539924,-0.003053546,0.0113255661,1.232567,-0.061132,1.233523,0.591466,-0.014159,-0.799912,0.100685
1413394945.90593,-5.360773,4.541701,0.60085,-0.797964,0.099941,-0.592746,0.04378,0.0007254313,-0.00014556,-0.000226569,2.94774e-05,4.54712e-05,7.10433e-05,0.0227639557,0.0069852604,-0.0006042977,0.0452513197,-0.0030527494,0.0113268129,1.21799,-0.079295,1.224053,0.591334,-0.039882,-0.800335,0.090698
1413394946.25594,-5.273046,4.553464,0.571075,0.7738,-0.238421,0.577979,0.101632,0.0007372678,-9.22782e-05,-0.0002428528,1.18111e-05,3.03998e-05,8.02702e-05,0.0228272401,0.0068686772,-0.0006146857,0.0446179,-0.0030291572,0.0113305786,1.150642,-0.080398,1.181652,0.585561,-0.180759,-0.788372,-0.05429
1413394946.35594,-5.264009,4.532849,0.566483,0.758315,-0.28547,0.571121,0.131474,0.0007359386,-9.8797e-05,-0.0002442189,1.35267e-05,3.27914e-05,8.13183e-05,0.0227709044,0.0067906292,-0.0006190661,0.0445831436,-0.0030291246,0.0113353358,1.14323,-0.054406,1.17202,0.580716,-0.228546,-0.776762,-0.084904
1413394946.45594,-5.262672,4.505088,0.562466,0.741449,-0.333428,0.560555,0.157664,0.0007296463,-0.0001088135,-0.0002502071,1.64933e-05,3.73231e-05,8.60762e-05,0.0226877144,0.0066928101,-0.0006231899,0.0445922276,-0.003029602,0.0113409722,1.141707,-0.019818,1.162592,0.571952,-0.277671,-0.763745,-0.111777
1413394946.85594,-5.392978,4.27396,0.591987,0.65085,-0.467662,0.505173,0.320135,0.0007651066,-4.34677e-05,-0.0002275433,2.6968e-06,1.29226e-05,6.78973e-05,0.0221168742,0.0061861386,-0.0006053391,0.0452069643,-0.0029748568,0.0113418914,1.218222,0.189447,1.143306,0.526189,-0.420724,-0.684336,-0.278991
1413394946.95594,-5.439994,4.215233,0.595286,0.622002,-0.499792,0.484968,0.357949,0.0007726786,-3.12999e-05,-0.0002194631,1.4907e-06,8.8887e-06,6.25479e-05,0.0217834314,0.005914271,-0.0005942151,0.0458276778,-0.0029766708,0.011346191,1.253319,0.243036,1.141622,0.508291,-0.454946,-0.658119,-0.318715
1413394947.45594,-5.657929,4.075199,0.770279,0.480424,-0.63396,0.363445,0.48497,0.0007842136,4.3158e-06,-0.0002156889,2.454e-07,-1.1785e-06,5.95435e-05,0.0214587466,0.0056365659,-0.0006186797,0.0476391133,-0.0029495529,0.0114115517,1.435131,0.409413,1.283842,0.394432,-0.598846,-0.527512,-0.455573
1413394947.65594,-5.713675,4.051284,0.902059,0.47046,-0.667724,0.32974,0.473375,0.0007519103,4.1177e-06,-0.000266629,2.45e-07,-1.4505e-06,9.47828e-05,0.0214725547,0.0056066025,-0.000635565,0.0481398082,-0.0029254258,0.0114523605,1.477739,0.437444,1.401607,0.360642,-0.632759,-0.518588,-0.44792
1413394947.75594,-5.733756,4.038715,0.950455,0.482399,-0.684194,0.311125,0.449858,0.0007111999,6.4657e-06,-0.000311719,2.817e-07,-2.8268e-06,0.0001368702,0.0214658937,0.0055840207,-0.0006447547,0.0483573057,-0.002910681,0.0114769048,1.493201,0.450791,1.442978,0.339935,-0.648639,-0.531174,-0.426119
1413394947.95594,-5.771282,3.982169,1.040272,0.520112,-0.680935,0.309335,0.412458,0.0006644141,5.8297e-06,-0.0003518271,2.77e-07,-3.0824e-06,0.0001865554,0.0213811301,0.0053819692,-0.0006661601,0.0487648346,-0.0028811742,0.011531615,1.515886,0.509161,1.518074,0.333955,-0.643906,-0.568345,-0.388396
1413394948.05594,-5.774998,3.937084,1.094813,0.542576,-0.667887,0.319057,0.397166,0.0006551149,3.3069e-06,-0.0003589768,2.31e-07,-1.8056e-06,0.0001969156,0.0211711118,0.0051658138,-0.0006835844,0.048943994,-0.0028586433,0.011557036,1.524523,0.563096,1.569965,0.342165,-0.630143,-0.589198,-0.372422
1413394948.15594,-5.790497,3.866828,1.154149,0.564099,-0.657837,0.323187,0.380255,0.0006387287,2.8465e-06,-0.0003697887,1.787e-07,-1.6613e-06,0.0002142935,0.020881285,0.00507119,-0.00059559,0.0488376797,-0.0029498101,0.0115166653,1.532597,0.633199,1.62115,0.345595,-0.618018,-0.610393,-0.355027
1413394948.65594,-5.868518,3.388651,1.347783,0.518527,-0.5212,0.458883,0.498905,0.0008523336,3.32322e-05,-6.84344e-05,1.4539e-06,-2.6825e-06,5.6499e-06,0.0197959934,0.0033489443,-0.000560587,0.0497080199,-0.0029535749,0.0116583283,1.536352,1.094036,1.804748,0.489324,-0.484976,-0.558981,-0.461422
1413394948.75593,-5.858584,3.334025,1.373143,0.508931,-0.510575,0.46916,0.51009,0.0008565128,3.41509e-05,-3.33369e-05,1.5199e-06,-1.3397e-06,1.4474e-06,0.0196389092,0.0030408866,-0.0005469046,0.0494948237,-0.0029750502,0.0116291245,1.527765,1.139224,1.838547,0.500721,-0.475026,-0.547709,-0.472911
1413394949.15594,-5.81985,3.345349,1.482436,0.58762,-0.614629,0.344043,0.398205,0.0006912255,3.4558e-05,-0.0003448393,1.9063e-06,-1.7255e-05,0.000172243,0.0196850468,0.0031009801,-0.0005723576,0.0491594485,-0.002955303,0.0118084008,1.463251,1.102604,1.946689,0.370297,-0.570428,-0.63154,-0.372396
1413394949.25593,-5.798484,3.354398,1.48484,0.599519,-0.632181,0.317899,0.373985,0.0006322436,3.40832e-05,-0.000383287,2.0215e-06,-2.06787e-05,0.0002325972,0.0197154057,0.0031434367,-0.0005800856,0.0490225253,-0.0029501117,0.0118644133,1.435702,1.086355,1.949381,0.341509,-0.587223,-0.645338,-0.349412
1413394949.35594,-5.773881,3.342496,1.479362,0.604852,-0.642942,0.30201,0.359959,0.0005957834,3.35127e-05,-0.0004012372,2.0748e-06,-2.25871e-05,0.0002704762,0.019712776,0.0030970398,-0.0005854417,0.0488657685,-0.0029449248,0.0119255325,1.401468,1.090804,1.944743,0.323954,-0.597743,-0.651729,-0.336168
1413394949.65594,-5.628407,3.134284,1.449226,0.558822,-0.59412,0.373478,0.441875,0.000774402,4.00368e-05,-0.0002703892,2.2581e-06,-1.39912e-05,9.46145e-05,0.0193803952,0.0023101235,-0.0004487269,0.0480540049,-0.0029305584,0.0116669142,1.255219,1.24951,1.946937,0.397715,-0.554817,-0.604982,-0.409948
1413394949.75595,-5.575279,3.056317,1.452201,0.532428,-0.568321,0.408896,0.475747,0.0008314052,3.47984e-05,-0.0001805514,1.6434e-06,-7.5655e-06,3.94042e-05,0.0192284203,0.0018155439,-0.0003864155,0.0471726987,-0.0028767339,0.011578294,1.194205,1.319538,1.958893,0.43676,-0.530386,-0.57651,-0.442261
1413394949.85595,-5.523872,2.97961,1.464155,0.516044,-0.55855,0.430986,0.48577,0.0008515941,1.63513e-05,-0.0001342942,5.053e-07,-2.5845e-06,2.13725e-05,0.0191436652,0.0015247087,-0.0003667466,0.0466974139,-0.0028489797,0.0115778594,1.128853,1.376573,1.968553,0.461002,-0.520117,-0.558676,-0.452592
1413394950.25595,-5.30052,2.877563,1.493658,0.546912,-0.581635,0.470475,0.375822,0.0007957261,-0.0001145169,-0.0002294634,1.66985e-05,3.30272e-05,6.64036e-05,0.0190536222,0.0010732206,-0.0003185168,0.0450863386,-0.0028154389,0.0115300597,0.884979,1.433914,1.994279,0.495332,-0.539821,-0.58789,-0.343016
1413394950.35597,-5.264548,2.881054,1.497767,0.58614,-0.589044,0.431643,0.350928,0.0007436635,-7.9073e-05,-0.000307885,8.628e-06,3.27435e-05,0.0001277236,0.0190335376,0.0010654204,-0.0003294108,0.0447583624,-0.0028271279,0.0115254656,0.850637,1.423383,1.998675,0.456096,-0.54524,-0.626807,-0.319121
1413394950.45596,-5.238078,2.879748,1.503783,0.620171,-0.587812,0.390602,0.342483,0.0006936494,-2.73746e-05,-0.0003594363,1.305e-06,1.41861e-05,0.0001865382,0.0190349873,0.0010601378,-0.0003221293,0.0445817476,-0.0028198079,0.0115321869,0.82622,1.42005,2.007258,0.414124,-0.541826,-0.661075,-0.312931
1413394951.35597,-4.8579,2.668842,1.721969,0.635419,-0.442537,0.527626,0.349305,0.0008578693,-2.10659e-05,-0.0001744673,8.091e-07,4.2832e-06,3.57825e-05,0.0188775644,8.11768e-05,-0.0002314033,0.0421756753,-0.0027425995,0.0116077729,0.430512,1.568555,2.254937,0.552198,-0.394343,-0.66447,-0.313257
1413394951.45597,-4.823754,2.727991,1.74169,0.683653,-0.468732,0.47582,0.294116,0.0007682871,-3.71141e-05,-0.0003102533,2.0941e-06,1.49906e-05,0.0001256341,0.0189643694,0.0004416339,-0.0002328199,0.0417665972,-0.0027200671,0.0116268575,0.404151,1.501096,2.28121,0.497838,-0.41677,-0.714266,-0.261479
1413394951.55597,-4.792684,2.782037,1.766699,0.718756,-0.48985,0.424655,0.251205,0.0006581563,-4.28124e-05,-0.0003940263,3.0958e-06,2.56398e-05,0.0002363129,0.0190318332,0.0006274012,-0.0002257256,0.0416123303,-0.002701462,0.0116478793,0.38043,1.439087,2.311836,0.443211,-0.435401,-0.7517,-0.221314
1413394951.85597,-4.668249,2.771672,1.890349,0.732036,-0.499275,0.3927,0.246243,0.0006080716,-2.39298e-05,-0.0004215358,1.2807e-06,1.65938e-05,0.0002927178,0.0191368389,0.000596046,-0.0001740464,0.0409934619,-0.0026334559,0.0117255179,0.255824,1.417571,2.444641,0.40531,-0.446026,-0.768811,-0.213887
1413394951.95597,-4.616571,2.690632,1.949696,0.706791,-0.476123,0.435656,0.289752,0.0007186309,-4.747e-06,-0.0003634929,3.775e-07,2.4018e-06,0.0001842817,0.0190913737,0.0003394182,-0.0001418902,0.0406612142,-0.002608094,0.0117554757,0.186145,1.475737,2.505321,0.451017,-0.424435,-0.742933,-0.254056
1413394952.05599,-4.527935,2.599906,2.025745,0.672333,-0.451069,0.485373,0.330027,0.0008168735,4.1349e-06,-0.0002660103,3.62e-07,-1.3389e-06,8.69863e-05,0.0189162335,-6.86315e-05,-0.0001847124,0.0402230673,-0.0026096702,0.0117450886,0.110072,1.543419,2.565687,0.503921,-0.401839,-0.70716,-0.290793
1413394952.55599,-4.227909,2.296834,2.120884,0.68826,-0.460224,0.491765,0.269554,0.0007802285,-6.93867e-05,-0.0003120751,6.5676e-06,2.77748e-05,0.0001252508,0.0189744338,-0.0010569371,-6.29625e-05,0.0386575035,-0.0024436141,0.0119450913,-0.222474,1.768296,2.657503,0.510506,-0.408517,-0.719897,-0.232925
1413394952.65599,-4.18124,2.241401,2.139743,0.705178,-0.445185,0.480074,0.272144,0.000772171,-3.72264e-05,-0.0003273984,2.2004e-06,1.57997e-05,0.0001392622,0.0190224394,-0.0012173887,-3.72553e-05,0.0385257754,-0.0024078405,0.0119992649,-0.274102,1.809681,2.677931,0.498639,-0.392942,-0.736015,-0.23504
1413394952.756,-4.123931,2.193074,2.183023,0.70908,-0.425229,0.4848,0.285227,0.000790304,-7.4034e-06,-0.0003110827,4.76e-07,2.9303e-06,0.0001228923,0.0189940304,-0.0015251153,-9.9743e-05,0.038211517,-0.0024911326,0.0119669293,-0.32641,1.860097,2.712096,0.502894,-0.373366,-0.739199,-0.247568
1413394953.456,-3.912716,2.078542,2.342977,0.622914,-0.352923,0.601379,0.354637,0.000921848,1.49669e-05,-2.34256e-05,7.23e-07,-3.633e-07,1.052e-06,0.019475119,-0.0021071556,-8.18755e-05,0.0375722076,-0.0025856158,0.0122130802,-0.524511,1.902776,2.902274,0.626757,-0.305141,-0.646873,-0.309259
1413394953.556,-3.926256,2.164481,2.357864,0.667442,-0.382603,0.548234,0.327988,0.0008925933,1.55825e-05,-0.0001672452,7.638e-07,-2.903e-06,3.18215e-05,0.0195558905,-0.0019653324,-8.1703e-05,0.037795332,-0.0025911026,0.0122866541,-0.493503,1.815534,2.922244,0.574353,-0.330428,-0.691543,-0.287723
1413394953.656,-3.943906,2.262278,2.335969,0.710423,-0.410781,0.487541,0.298099,0.0008136572,1.8936e-05,-0.0003013817,9.443e-07,-6.9983e-06,0.0001121794,0.0196596486,-0.0017787737,-8.31087e-05,0.0380323041,-0.0025976583,0.0123668041,-0.456363,1.717392,2.905449,0.511438,-0.355619,-0.737076,-0.262195
1413394953.856,-3.966365,2.449769,2.18598,0.75599,-0.443576,0.407079,0.256918,0.0006606775,2.04079e-05,-0.0004203384,1.1587e-06,-1.29708e-05,0.0002681387,0.0199579375,-0.0014349447,-8.32099e-05,0.0384713106,-0.002611547,0.012548124,-0.395576,1.528389,2.767194,0.425887,-0.385796,-0.786591,-0.225976
1413394953.956,-3.960206,2.522495,2.085157,0.753915,-0.442026,0.410415,0.260353,0.0006707364,2.24602e-05,-0.0004166416,1.2933e-06,-1.39391e-05,0.0002595224,0.0201440272,-0.0013287851,-8.00582e-05,0.0386162449,-0.002617439,0.0126499964,-0.385554,1.453117,2.672962,0.426544,-0.385011,-0.786026,-0.228037
1413394954.05599,-3.940923,2.57253,1.985029,0.734248,-0.425929,0.44686,0.282454,0.0007498072,2.74107e-05,-0.0003685197,1.5557e-06,-1.34593e-05,0.0001817742,0.0202911583,-0.0012670054,-8.86022e-05,0.0386824395,-0.0026260506,0.0127530026,-0.392587,1.393734,2.583562,0.462997,-0.371266,-0.76623,-0.24642
1413394954.15599,-3.929132,2.641906,1.893305,0.70857,-0.40424,0.489186,0.308569,0.0008295765,3.5612e-05,-0.0002912675,2.0888e-06,-1.2498e-05,0.0001028445,0.0201520872,-0.0010939891,-0.0001518875,0.0385800745,-0.0026208833,0.0128480976,-0.411331,1.343038,2.499164,0.507532,-0.351489,-0.739197,-0.269241
1413394954.956,-3.734467,3.288599,1.381514,0.733955,-0.463533,0.428463,0.250732,0.0007008648,-2.4755e-05,-0.0004124834,1.4881e-06,1.45879e-05,0.0002434842,0.020474167,0.0006487229,-0.0005639484,0.0382202356,-0.0026861386,0.0133599688,-0.463241,0.671418,2.01343,0.444856,-0.408086,-0.767475,-0.215813
1413394955.056,-3.701674,3.340223,1.323777,0.715716,-0.436498,0.464686,0.285108,0.0007900396,9.847e-07,-0.0003505758,6.142e-07,-4.279e-07,0.0001562189,0.0205339887,0.0006482911,-0.00061327,0.0378712957,-0.0027987708,0.0134715859,-0.484227,0.623989,1.956794,0.482219,-0.382868,-0.74812,-0.24746
1413394955.356,-3.647517,3.575261,1.15978,0.69052,-0.354393,0.558109,0.293433,0.0009089756,8.1554e-06,-0.0001907466,6.72e-07,-1.7428e-06,4.06158e-05,0.0201629197,0.0017581752,-0.0005343313,0.0365849792,-0.0029614467,0.0135747625,-0.572162,0.475626,1.800926,0.578248,-0.300328,-0.715364,-0.252425
1413394955.45601,-3.613448,3.641599,1.085181,0.714876,-0.368836,0.549852,0.224888,0.0008614424,-7.69951e-05,-0.0002660561,7.489e-06,2.37699e-05,8.2786e-05,0.0205606784,0.0021380575,-0.0005156638,0.0367363586,-0.0029332393,0.0131787526,-0.593597,0.40693,1.762585,0.566965,-0.311227,-0.739558,-0.186587
1413394955.95601,-3.49309,3.752676,1.086301,0.781088,-0.326346,0.486254,0.216697,0.000778838,1.7492e-05,-0.0003735558,1.0572e-06,-8.4302e-06,0.0001799386,0.0209151625,0.002204527,-0.0006201531,0.036991284,-0.0032037102,0.0137174914,-0.695233,0.31994,1.766626,0.499813,-0.265314,-0.805292,-0.176982
1413394956.00601,-3.468393,3.70841,1.137269,0.769159,-0.320211,0.503904,0.227904,0.0008142359,2.38855e-05,-0.000342076,1.3511e-06,-1.00659e-05,0.0001444491,0.0208894478,0.0021488818,-0.0006275678,0.0366356835,-0.0028376463,0.0131329175,-0.721599,0.334057,1.777753,0.517953,-0.259845,-0.793338,-0.186674
1413394956.10601,-3.417298,3.660646,1.195415,0.739607,-0.305428,0.545607,0.249016,0.00088312,3.1335e-05,-0.0002573024,1.7563e-06,-9.1411e-06,7.56415e-05,0.0207411111,0.0019433312,-0.0005866083,0.0360908239,-0.0026432703,0.0127272469,-0.779254,0.361428,1.802618,0.560659,-0.24744,-0.763334,-0.204423
1413394956.50602,-3.224264,3.547623,1.254459,0.735172,-0.255779,0.600611,0.182665,0.0009195831,-3.73222e-05,-0.0001978751,2.168e-06,8.045e-06,4.32257e-05,0.0207232714,0.0016849374,-0.0005680199,0.0347915983,-0.0023467669,0.0123422538,-0.94292,0.366337,1.874747,0.614748,-0.197437,-0.751446,-0.135882
1413394956.60601,-3.21144,3.560352,1.251494,0.773261,-0.239176,0.565401,0.158697,0.0008720694,-2.395e-05,-0.000283874,1.3226e-06,7.8105e-06,9.3095e-05,0.0204949413,0.0014181464,-0.0005675789,0.0346403041,-0.002328162,0.0123594507,-0.953868,0.348717,1.869368,0.578714,-0.178035,-0.787747,-0.113542
1413394956.65601,-3.205867,3.569825,1.246115,0.794277,-0.232521,0.541377,0.148222,0.0008340899,-1.5698e-05,-0.0003312269,9.663e-07,6.2467e-06,0.0001322615,0.0205124664,0.0014131737,-0.0005757135,0.0346525177,-0.0023242986,0.0123705791,-0.957581,0.340783,1.86345,0.554533,-0.169457,-0.807985,-0.104805
1413394957.10603,-3.02889,3.557611,1.262097,0.804375,-0.190095,0.546159,0.136218,0.0008428871,9.4712e-06,-0.0003303342,8.2e-07,-3.7016e-06,0.0001302133,0.0206687196,0.0011321453,-0.0006515355,0.0338415484,-0.0022354302,0.0122963056,-1.131966,0.330735,1.877675,0.553242,-0.126064,-0.818425,-0.090727
1413394957.15603,-2.984807,3.506132,1.264076,0.79121,-0.186512,0.566032,0.137142,0.0008729416,4.994e-06,-0.0002944969,6.847e-07,-1.6664e-06,0.0001000639,0.0205390736,0.0010992941,-0.0006152175,0.0336386747,-0.0022645892,0.0122679818,-1.166732,0.333862,1.886234,0.572806,-0.124556,-0.805034,-0.091238
1413394957.25602,-2.899016,3.485423,1.291085,0.763013,-0.179278,0.605082,0.139808,0.0009175565,-3.7802e-06,-0.0002138629,6.139e-07,8.974e-07,5.04902e-05,0.0202530204,0.0009492361,-0.0005254756,0.0332110396,-0.002288348,0.0120867905,-1.234042,0.338889,1.905919,0.61191,-0.12148,-0.776056,-0.092557
1413394957.45601,-2.812889,3.488231,1.333588,0.712337,-0.175307,0.665546,0.137445,0.0009608034,-3.65395e-05,-7.27316e-05,1.9947e-06,2.789e-06,6.1204e-06,0.0202113022,0.0007998622,-0.0005238915,0.0327550224,-0.0022928521,0.0120543732,-1.325706,0.338047,1.95251,0.673212,-0.121865,-0.724239,-0.086102
1413394957.50601,-2.804297,3.491699,1.342896,0.715848,-0.177881,0.662068,0.132611,0.000958985,-4.45547e-05,-8.43875e-05,2.6809e-06,3.9447e-06,8.0467e-06,0.0202457132,0.0008160782,-0.0005286814,0.0327422983,-0.0022926076,0.0120544121,-1.334527,0.335077,1.96277,0.670352,-0.123993,-0.727044,-0.081649
1413394957.55601,-2.801079,3.502766,1.352251,0.728539,-0.18144,0.648437,0.125857,0.0009489688,-5.02958e-05,-0.0001214437,3.2703e-06,6.464e-06,1.61688e-05,0.0202545978,0.0008174173,-0.0005282264,0.0327230013,-0.0022926656,0.0120478732,-1.337162,0.331199,1.972755,0.657526,-0.126361,-0.738915,-0.075657
1413394957.90599,-2.841829,3.564439,1.3739,0.83507,-0.169996,0.517138,0.079543,0.0007710232,-3.74674e-05,-0.0003903365,2.4411e-06,1.902e-05,0.0001984114,0.0204158112,0.0009711103,-0.0005505892,0.0328614172,-0.0023042577,0.0120369738,-1.286499,0.30535,2.00985,0.521846,-0.107139,-0.84539,-0.038956
1413394957.95599,-2.842357,3.566733,1.374511,0.833886,-0.163489,0.522139,0.07264,0.0007778376,-4.35646e-05,-0.0003854206,3.0671e-06,2.16407e-05,0.0001917755,0.0204549737,0.000984828,-0.000555069,0.0328375028,-0.0023041222,0.0120372226,-1.286163,0.305611,2.011767,0.525494,-0.100706,-0.844222,-0.031786
1413394958.25598,-2.81649,3.551546,1.381146,0.759145,-0.089459,0.643855,0.033875,0.000944051,-6.12758e-05,-0.0001608565,4.6325e-06,1.04823e-05,2.80708e-05,0.0204378312,0.0009274498,-0.0005628525,0.0327565641,-0.002305956,0.0120341462,-1.315169,0.335636,2.023552,0.642995,-0.034506,-0.764959,0.015345
1413394958.30598,-2.821636,3.544952,1.381725,0.747287,-0.073658,0.659756,0.029293,0.0009573793,-5.19193e-05,-0.0001230044,3.4701e-06,6.708e-06,1.64597e-05,0.0204333441,0.0009230469,-0.0005650683,0.0327617183,-0.0023074708,0.0120350847,-1.313029,0.344443,2.027131,0.6587,-0.019768,-0.751856,0.021474
1413394958.55598,-2.916868,3.514702,1.372535,-0.806878,0.014285,-0.590517,0.005759,0.0008890608,-2.46865e-05,-0.000281927,1.3612e-06,7.8669e-06,9.01262e-05,0.020392183,0.0009924543,-0.0005727791,0.0331015918,-0.0023277609,0.012041144,-1.228472,0.403622,2.035501,0.592641,0.044585,-0.802636,0.051374
1413394958.65595,-2.986057,3.498309,1.378833,-0.852311,-0.005833,-0.522562,0.021466,0.0007770978,-2.60651e-05,-0.000394423,1.5574e-06,1.32826e-05,0.0002009477,0.0203598052,0.0010331494,-0.0005649551,0.0333017417,-0.0023336764,0.0120331202,-1.176985,0.43169,2.036331,0.524398,0.065871,-0.846811,0.060331
1413394958.70595,-2.988635,3.497728,1.373188,-0.867,-0.01272,-0.497412,0.027037,0.0007297324,-2.9165e-05,-0.0004246335,1.8202e-06,1.70312e-05,0.0002479002,0.0203137926,0.001048871,-0.0005592358,0.0334365216,-0.0023389688,0.0120299762,-1.155431,0.445681,2.038757,0.498235,0.075286,-0.861344,0.064931
1413394958.85594,-3.014583,3.464851,1.386063,-0.882621,-0.043445,-0.466669,0.036236,0.0006710226,-1.90997e-05,-0.0004548247,1.1912e-06,1.30141e-05,0.0003091626,0.0202712819,0.0010297864,-0.0005632547,0.0334900619,-0.0023453316,0.0120314306,-1.126399,0.483148,2.054127,0.464798,0.106694,-0.876019,0.071951
1413394958.90594,-3.009787,3.454641,1.392097,-0.879211,-0.057509,-0.471733,0.033896,0.000681939,-4.597e-06,-0.0004512593,6.787e-07,3.1023e-06,0.0002994771,0.020245641,0.0009912853,-0.0005641735,0.0334478237,-0.0023452907,0.0120327035,-1.130938,0.493082,2.061969,0.469377,0.120196,-0.871954,0.070345
1413394958.95594,-2.987069,3.456695,1.405211,-0.869787,-0.071154,-0.48738,0.029469,0.0007110084,1.46367e-05,-0.0004351568,9.127e-07,-8.9081e-06,0.000267146,0.0202014326,0.0009491134,-0.0005547568,0.0333969498,-0.0023421979,0.0120246342,-1.142355,0.50101,2.071945,0.484203,0.135319,-0.861727,0.068476
1413394959.25595,-2.876479,3.428693,1.471721,-0.767003,-0.118106,-0.626345,0.07382,0.0009384772,3.30515e-05,-0.0001952154,1.7497e-06,-6.8489e-06,4.12057e-05,0.0201949434,0.0007855731,-0.0005626689,0.0329375348,-0.0023318525,0.0120249489,-1.259288,0.500408,2.142462,0.618751,0.17584,-0.755982,0.121496
1413394959.40595,-2.852117,3.431855,1.504077,-0.752394,-0.134511,-0.637105,0.099542,0.0009528399,2.0268e-05,-0.0001620473,1.0117e-06,-3.4194e-06,2.81368e-05,0.0201649105,0.000732577,-0.0005610018,0.0328645813,-0.0023317496,0.0120211416,-1.289204,0.493558,2.176607,0.630897,0.191035,-0.736903,0.149898
1413394959.75593,-2.850077,3.435707,1.556235,-0.857,-0.206682,-0.459841,0.106675,0.0006784639,4.7604e-06,-0.0004506793,5.997e-07,-3.1302e-06,0.0003001966,0.0201889375,0.0007297441,-0.0005535648,0.0328824719,-0.002332463,0.0120045431,-1.291801,0.486243,2.229948,0.45431,0.26927,-0.836957,0.143564
1413394959.80593,-2.835282,3.444382,1.56574,-0.851955,-0.222465,-0.462239,0.10496,0.0006825655,2.08005e-05,-0.0004490708,1.2041e-06,-1.36619e-05,0.0002962741,0.0202128039,0.0007315603,-0.0005557598,0.0328525811,-0.0023335831,0.0120058257,-1.304279,0.475416,2.239244,0.455984,0.284284,-0.831341,0.14195
1413394959.85593,-2.815224,3.457043,1.575254,-0.839473,-0.239869,-0.476331,0.104195,0.0007086525,4.34867e-05,-0.0004359113,3.2437e-06,-2.67377e-05,0.0002689342,0.0202475889,0.0007303684,-0.0005586565,0.0327927817,-0.0023335114,0.0120072739,-1.321308,0.45988,2.248528,0.469001,0.300475,-0.818281,0.14212
1413394960.10593,-2.686513,3.571008,1.597312,-0.741624,-0.26811,-0.586337,0.185256,0.0009233675,3.64891e-05,-0.0002307849,1.9971e-06,-9.0965e-06,5.82796e-05,0.0205425071,0.0007592326,-0.000582546,0.0324041657,-0.0023282356,0.012016383,-1.425966,0.331987,2.268347,0.572487,0.321906,-0.718429,0.229227
1413394960.15593,-2.664387,3.596485,1.596346,-0.724901,-0.273827,-0.598183,0.204243,0.0009432521,2.91749e-05,-0.0001920922,1.4603e-06,-5.916e-06,3.97041e-05,0.0206225028,0.0007751908,-0.00058843,0.0323406508,-0.0023286921,0.012019176,-1.442772,0.304015,2.267008,0.583776,0.32608,-0.700612,0.249093
1413394960.20593,-2.644992,3.619721,1.595109,-0.712463,-0.283164,-0.603781,0.21832,0.0009533602,2.87688e-05,-0.0001686055,1.4242e-06,-5.0576e-06,3.0392e-05,0.0206925993,0.0007900301,-0.0005936906,0.0322917804,-0.002330053,0.0120222271,-1.456408,0.277853,2.264989,0.589015,0.333871,-0.686867,0.264242
1413394960.50593,-2.601509,3.717823,1.564068,-0.731609,-0.38213,-0.503734,0.254905,0.0008596306,1.01836e-05,-0.000332975,6.971e-07,-3.9145e-06,0.0001296098,0.0210193993,0.000895355,-0.0006204773,0.0322358662,-0.0023511107,0.0120475074,-1.475153,0.174326,2.230025,0.49106,0.432759,-0.696222,0.294804
1413394960.55594,-2.602263,3.728166,1.550501,-0.740044,-0.401745,-0.475802,0.254062,0.0008174539,4.8639e-06,-0.0003748611,5.949e-07,-2.2017e-06,0.0001725649,0.0210645871,0.0009134344,-0.000624145,0.0322442345,-0.0023566465,0.0120521856,-1.473224,0.161193,2.21572,0.463202,0.453341,-0.703398,0.291908
1413394960.60594,-2.603928,3.740122,1.537477,-0.745818,-0.419825,-0.450725,0.253674,0.0007772344,-5.867e-07,-0.0004067425,5.503e-07,3.34e-07,0.0002135532,0.0211035377,0.0009341545,-0.0006267401,0.0322605876,-0.0023615076,0.0120574645,-1.472003,0.146322,2.200091,0.438162,0.472154,-0.70803,0.289519
1413394960.90595,-2.554193,3.926873,1.46358,-0.68274,-0.474583,-0.465099,0.303842,0.0008476814,2.33485e-05,-0.0003500626,1.1523e-06,-9.6115e-06,0.0001450829,0.0216626745,0.0011195064,-0.0006704493,0.032044959,-0.0023427107,0.0120821985,-1.495293,-0.034043,2.132536,0.445032,0.524125,-0.642604,0.338145
1413394960.95594,-2.549859,3.971631,1.453876,-0.665392,-0.46883,-0.483763,0.321597,0.0008871855,2.33505e-05,-0.0003040037,1.0544e-06,-7.973e-06,0.0001046362,0.0217965838,0.0011715756,-0.0006730273,0.0320035081,-0.0023326033,0.0120743515,-1.501092,-0.075926,2.12843,0.461399,0.517943,-0.625199,0.357794
1413394961.00594,-2.536862,4.01976,1.447122,-0.651269,-0.460459,-0.50034,0.336876,0.0009160387,2.03389e-05,-0.000258355,8.536e-07,-5.7101e-06,7.32733e-05,0.0219249044,0.0012176108,-0.0006917415,0.0319416167,-0.0023300222,0.0120746551,-1.506299,-0.117089,2.125407,0.475962,0.510171,-0.610056,0.375568
1413394961.10594,-2.51355,4.08853,1.432946,-0.633939,-0.4511,-0.516916,0.356971,0.0009454487,1.30896e-05,-0.0002027553,5.763e-07,-2.78e-06,4.3867e-05,0.0222059571,0.0012988472,-0.0007122574,0.031870501,-0.0023324804,0.0120838821,-1.513962,-0.192434,2.118772,0.491232,0.49936,-0.592477,0.397876
1413394961.25594,-2.491533,4.176363,1.40718,-0.652398,-0.464213,-0.49251,0.341054,0.0009128831,1.12695e-05,-0.0002676309,5.368e-07,-3.2765e-06,7.88656e-05,0.0225326224,0.0013878478,-0.0007426256,0.0318256762,-0.0023479913,0.0121089162,-1.51883,-0.283765,2.100699,0.47014,0.512629,-0.608593,0.38187
1413394961.35594,-2.482284,4.22649,1.385021,-0.680274,-0.484904,-0.452083,0.312595,0.0008380439,1.15932e-05,-0.0003602344,5.6e-07,-4.9556e-06,0.0001552911,0.0227370075,0.0014520846,-0.0007638027,0.0318188834,-0.0023611536,0.0121277596,-1.517873,-0.33494,2.083822,0.432695,0.535431,-0.635008,0.350546
1413394962.00593,-2.519966,4.700061,1.33627,-0.625673,-0.431718,-0.52665,0.380515,0.0009782739,-2.19605e-05,-0.0001535231,8.861e-07,3.4749e-06,2.44894e-05,0.0248303596,0.0022441615,-0.0008788805,0.0320585098,-0.0024413387,0.012228529,-1.398089,-0.795789,2.073119,0.499722,0.478712,-0.585484,0.422286
1413394962.10593,-2.550961,4.740406,1.325879,-0.65024,-0.444726,-0.499224,0.360808,0.0009456516,-2.5237e-05,-0.0002344443,1.0698e-06,6.287e-06,5.85383e-05,0.025028819,0.0024031377,-0.000900987,0.0322086098,-0.002468682,0.0122563065,-1.360171,-0.829132,2.070615,0.474324,0.492742,-0.60894,0.401796
1413394962.60593,-2.729435,4.899546,1.351887,-0.613455,-0.425146,-0.552249,0.37141,0.0009992811,1.31282e-05,-0.0001144861,5.862e-07,-1.4781e-06,1.35367e-05,0.025997424,0.0032118131,-0.0010285073,0.0330871324,-0.0026371311,0.0124388349,-1.160005,-0.939621,2.134811,0.524275,0.471962,-0.575269,0.414079
1413394962.65593,-2.755142,4.905349,1.356931,-0.613563,-0.422422,-0.551187,0.375889,0.0010011893,3.5894e-06,-0.0001103508,4.289e-07,-3.692e-07,1.25849e-05,0.0260522564,0.0033017354,-0.0010418468,0.0332161137,-0.002658351,0.0124617667,-1.134015,-0.938717,2.143385,0.523658,0.468812,-0.574924,0.418881
1413394962.70593,-2.782919,4.906492,1.359696,-0.62332,-0.427244,-0.539222,0.371718,0.0009937092,-3.4952e-06,-0.0001425105,4.307e-07,5.281e-07,2.08659e-05,0.0260849507,0.0033898768,-0.0010549174,0.0333558807,-0.002680476,0.0124856472,-1.106652,-0.932615,2.149598,0.512783,0.473736,-0.583615,0.414781
1413394962.75593,-2.812654,4.903155,1.361156,-0.638551,-0.434148,-0.519832,0.365435,0.0009771327,-1.60964e-05,-0.0001915463,6.85e-07,3.1835e-06,3.79855e-05,0.0260924023,0.0034721943,-0.00106371,0.0334981353,-0.0026977111,0.0125048519,-1.078209,-0.921679,2.154138,0.494762,0.481708,-0.597891,0.407094
1413394962.90593,-2.9087,4.876278,1.363806,-0.674088,-0.466546,-0.465528,0.333503,0.0008966602,-1.53032e-05,-0.0003285951,6.84e-07,5.6388e-06,0.0001209028,0.0260533814,0.0037042699,-0.0010868715,0.0339703277,-0.0027542277,0.012567318,-0.9912,-0.873942,2.158929,0.442862,0.516685,-0.631704,0.37132
1413394962.95593,-2.939109,4.86864,1.361902,-0.674992,-0.476136,-0.458877,0.32728,0.0008828514,-5.3772e-06,-0.0003455757,4.581e-07,2.1341e-06,0.0001357637,0.0260234346,0.0037854412,-0.001098906,0.034156158,-0.0027794679,0.0125953479,-0.962435,-0.857173,2.158845,0.435945,0.526694,-0.632433,0.364114
1413394963.10593,-3.096051,4.762654,1.492232,-0.640104,-0.473261,-0.494254,0.349291,0.0009467447,1.99259e-05,-0.0002631849,8.128e-07,-5.5241e-06,7.36114e-05,0.0256534592,0.0037105522,-0.0007692718,0.0342967373,-0.0024391455,0.0120873425,-0.876949,-0.813717,2.158979,0.467146,0.52284,-0.599123,0.386655
1413394963.15593,-3.135061,4.753815,1.48881,-0.625209,-0.465422,-0.509726,0.364248,0.0009734276,1.81548e-05,-0.0002143838,7.241e-07,-3.982e-06,4.76499e-05,0.0251348052,0.0037452085,-0.0007693718,0.0347223061,-0.0024545112,0.0120836924,-0.847792,-0.798375,2.155553,0.481561,0.514161,-0.584506,0.402642
1413394963.20593,-3.17408,4.710233,1.48289,-0.613459,-0.459036,-0.521607,0.37534,0.0009901861,1.80416e-05,-0.0001752081,7.037e-07,-3.1784e-06,3.14042e-05,0.025042895,0.0038100514,-0.0007701498,0.0347280319,-0.0024674019,0.0120842496,-0.817926,-0.780016,2.148486,0.492544,0.507043,-0.572784,0.415019
1413394963.25593,-3.212102,4.694623,1.47393,-0.608907,-0.457058,-0.524823,0.380645,0.000995966,1.55653e-05,-0.0001608436,6.205e-07,-2.5004e-06,2.63751e-05,0.0248327999,0.0038087477,-0.00076441,0.0349160946,-0.0024753487,0.0120855776,-0.787218,-0.75886,2.137014,0.495923,0.504456,-0.567683,0.421095
1413394963.30593,-3.248077,4.676606,1.460236,-0.613001,-0.461385,-0.518548,0.37744,0.0009905749,1.50863e-05,-0.0001785625,6.097e-07,-2.7062e-06,3.25929e-05,0.0247615346,0.0038631542,-0.000762414,0.0351232852,-0.0024836393,0.0120874818,-0.755869,-0.734309,2.120579,0.490685,0.508516,-0.57074,0.418217
1413394963.35594,-3.287798,4.62663,1.440332,-0.623621,-0.470577,-0.505615,0.366071,0.0009731555,1.87726e-05,-0.0002204015,7.356e-07,-4.2389e-06,5.03121e-05,0.0246295158,0.0039075114,-0.0007625619,0.0351670942,-0.0024967725,0.0120882118,-0.723901,-0.706648,2.099726,0.478985,0.518589,-0.579772,0.406854
1413394963.40594,-3.325715,4.60178,1.41916,-0.637698,-0.482363,-0.487213,0.351127,0.000944186,2.10813e-05,-0.0002741217,8.468e-07,-6.1082e-06,7.99953e-05,0.0244018757,0.003885357,-0.0007559042,0.0353794968,-0.0025058804,0.012090152,-0.691291,-0.676608,2.075433,0.462431,0.531247,-0.59262,0.390873
1413394963.45594,-3.360991,4.574596,1.396461,-0.652335,-0.49351,-0.466999,0.335885,0.0009072944,2.11858e-05,-0.0003261679,8.723e-07,-7.6033e-06,0.0001176855,0.0242953132,0.0039222775,-0.0007526429,0.0355820144,-0.0025150881,0.0120922069,-0.658147,-0.645752,2.04956,0.443778,0.54363,-0.606326,0.374086
1413394963.50596,-3.394255,4.552766,1.363101,-0.664939,-0.503914,-0.448523,0.320552,0.000867521,2.34594e-05,-0.000369792,1.004e-06,-9.988e-06,0.0001580809,0.0241324025,0.0039117773,-0.0007445837,0.035757361,-0.0025201459,0.0120883528,-0.624746,-0.614967,2.022067,0.426707,0.554915,-0.618352,0.357307
1413394963.60597,-3.456809,4.486839,1.309948,-0.680322,-0.514413,-0.427008,0.300343,0.0008137624,2.74679e-05,-0.0004156672,1.2889e-06,-1.40204e-05,0.0002127919,0.0238780926,0.0039589242,-0.0007357649,0.0359685487,-0.002529444,0.0120831195,-0.556975,-0.558815,1.968457,0.406004,0.567622,-0.633206,0.334693
1413394963.70597,-3.532248,4.452146,1.275059,-0.669503,-0.505248,-0.446673,0.311406,0.0008571754,3.14684e-05,-0.00038211,1.5226e-06,-1.40187e-05,0.0001707909,0.0236738438,0.0039623341,-0.0007285494,0.0362926574,-0.0025454778,0.0120859452,-0.488812,-0.519219,1.928127,0.42314,0.558569,-0.623999,0.345826
1413394963.95595,-3.735446,4.381754,1.195262,-0.634784,-0.460604,-0.500755,0.366249,0.0009771743,-4.5519e-06,-0.0002313411,3.992e-07,1.0876e-06,5.51749e-05,0.0234262331,0.0042162273,-0.000715114,0.0372870649,-0.0025667671,0.0120853652,-0.305897,-0.43805,1.841603,0.474139,0.51079,-0.590956,0.406285
1413394964.05594,-3.826159,4.327896,1.155462,-0.661346,-0.474621,-0.469035,0.342582,0.0009238624,-8.5659e-06,-0.0003179579,4.617e-07,2.9562e-06,0.0001098578,0.0232240752,0.0042702073,-0.0007081717,0.0377523765,-0.002582242,0.0120881682,-0.229311,-0.393139,1.796993,0.445636,0.525911,-0.615962,0.381396
1413394964.15594,-3.905524,4.324508,1.105841,-0.686913,-0.492927,-0.43416,0.310932,0.0008433086,-2.762e-07,-0.0004009721,3.85e-07,1.359e-07,0.0001911288,0.0230039302,0.0042630503,-0.000690116,0.0381869236,-0.0025692364,0.0120813845,-0.153222,-0.347053,1.755121,0.413547,0.546058,-0.640668,0.346948
1413394964.55594,-4.220999,4.291623,1.055712,-0.63525,-0.446067,-0.507912,0.373506,0.0009960058,-2.28954e-05,-0.0002086132,9.41e-07,4.8005e-06,4.41303e-05,0.0230426674,0.0048668907,-0.0006798764,0.04013506,-0.0026227839,0.0120942331,0.145892,-0.271195,1.701285,0.480828,0.496637,-0.592784,0.413242
1413394964.60594,-4.262146,4.284386,1.05014,-0.644676,-0.446406,-0.494392,0.375088,0.0009841533,-4.3778e-05,-0.0002325437,2.3667e-06,1.03518e-05,5.53927e-05,0.0230332453,0.0049363465,-0.0006774521,0.0404183552,-0.0026302095,0.0120968445,0.184418,-0.259083,1.695898,0.468356,0.497235,-0.601149,0.414773
1413394964.65594,-4.303062,4.27461,1.043804,-0.659798,-0.450695,-0.473493,0.370601,0.0009578177,-6.31812e-05,-0.0002766065,4.592e-06,1.82572e-05,8.0342e-05,0.0230040312,0.0049851355,-0.0006741142,0.0406963596,-0.0026374398,0.0120996934,0.222361,-0.244363,1.689708,0.448783,0.502318,-0.615518,0.409203
1413394965.05594,-4.559107,4.235233,1.047934,-0.725828,-0.465774,-0.383248,0.330679,0.00077818,-0.0001114905,-0.0004382632,1.64205e-05,6.28238e-05,0.0002474175,0.0228692116,0.0052511305,-0.0006746618,0.0422128886,-0.0027022273,0.0121094612,0.433351,-0.184396,1.693547,0.358566,0.525778,-0.680801,0.36267
1413394965.10593,-4.566765,4.258227,1.052681,-0.708035,-0.462896,-0.410949,0.339903,0.0008369139,-9.45808e-05,-0.0004016361,1.11348e-05,4.54096e-05,0.0001933026,0.0228991176,0.0053464584,-0.0006750475,0.0424700901,-0.0026896266,0.0120916316,0.441681,-0.198058,1.70641,0.385006,0.520653,-0.664265,0.373508
1413394965.20594,-4.578049,4.290684,1.08199,-0.664033,-0.455108,-0.464405,0.369141,0.0009455626,-6.73949e-05,-0.0002930179,5.2529e-06,2.08908e-05,9.13071e-05,0.0230664521,0.0055183849,-0.0006814799,0.042552831,-0.002694917,0.0120934251,0.452782,-0.230181,1.737249,0.436455,0.508454,-0.621633,0.405729
1413394965.30594,-4.587322,4.321132,1.109774,-0.629383,-0.459868,-0.49109,0.388882,0.0009932904,-3.88203e-05,-0.0002184287,1.9734e-06,8.537e-06,4.85252e-05,0.0231920271,0.0056444664,-0.0006836823,0.0426382244,-0.0027003579,0.0120969538,0.461635,-0.258221,1.766601,0.462582,0.509232,-0.585768,0.428476
1413394965.55594,-4.625316,4.357143,1.16231,-0.602797,-0.530543,-0.450051,0.39066,0.0009593567,6.2957e-06,-0.0002898272,5.171e-07,-1.9052e-06,8.80941e-05,0.023376453,0.0058547423,-0.000682886,0.0429521233,-0.0027174373,0.012109131,0.489973,-0.281531,1.821923,0.423239,0.577351,-0.552936,0.426393
1413394965.65594,-4.647822,4.362603,1.192461,-0.577004,-0.538998,-0.440637,0.427068,0.0009845916,-1.83768e-05,-0.0002504298,8.267e-07,4.6752e-06,6.4228e-05,0.0234201316,0.0059219022,-0.0006808355,0.0431356427,-0.0027261214,0.0121156489,0.506518,-0.279197,1.852845,0.410153,0.584728,-0.526978,0.460648
1413394965.85594,-4.68664,4.344288,1.239327,-0.527727,-0.584867,-0.406938,0.462424,0.0009904258,-1.24203e-05,-0.0002458394,6.528e-07,3.0841e-06,6.15658e-05,0.0233852428,0.005940645,-0.0006742988,0.0435127897,-0.0027457956,0.0121314144,0.534223,-0.243802,1.900326,0.374103,0.625544,-0.473132,0.494887
1413394966.05594,-4.716931,4.293781,1.252534,-0.470184,-0.61563,-0.389145,0.49849,0.0010124158,1.06643e-05,-0.0002066351,6.222e-07,-2.1781e-06,4.27156e-05,0.0231929552,0.0057726837,-0.0006622106,0.0437990259,-0.0027660294,0.0121512665,0.551304,-0.172502,1.913774,0.351953,0.653683,-0.413452,0.527178
1413394966.10594,-4.726378,4.269885,1.250665,-0.454925,-0.615141,-0.386416,0.5151,0.0010247128,6.7897e-06,-0.0001774455,5.556e-07,-1.174e-06,3.126e-05,0.0231360552,0.0056984315,-0.000655725,0.0437778506,-0.0027713833,0.0121540795,0.554257,-0.148455,1.914052,0.347873,0.652034,-0.397752,0.543737
1413394966.15594,-4.718519,4.250502,1.251247,-0.447495,-0.62376,-0.376824,0.518339,0.0010219774,6.461e-06,-0.0001855521,5.523e-07,-1.175e-06,3.4218e-05,0.0229907619,0.0055761969,-0.0006554006,0.0438291783,-0.0027729003,0.0121524779,0.555655,-0.121307,1.909983,0.338217,0.65943,-0.388392,0.547656
1413394966.20594,-4.72568,4.22223,1.242673,-0.445479,-0.640219,-0.360596,0.511506,0.0010069329,6.011e-06,-0.0002233738,5.496e-07,-1.3351e-06,5.00917e-05,0.0229179544,0.0054702956,-0.000650231,0.0437717081,-0.0027750917,0.0121577751,0.555938,-0.091095,1.901764,0.323288,0.674973,-0.384587,0.540389
1413394966.30594,-4.698459,4.14224,1.212912,-0.451929,-0.681872,-0.316057,0.48054,0.0009345965,-3.2161e-06,-0.0003366677,5.115e-07,1.1589e-06,0.0001218388,0.0225730071,0.0051971144,-0.0006409574,0.0438114727,-0.0027939214,0.0121436357,0.553592,-0.023051,1.878039,0.281604,0.717272,-0.386462,0.506893
1413394966.50592,-4.715817,3.981342,1.179116,-0.454223,-0.74942,-0.234762,0.420639,0.0007505549,-2.70147e-05,-0.0004767208,1.4621e-06,1.71774e-05,0.0003034893,0.0221037706,0.0046553236,-0.0006265056,0.0436156874,-0.0027859614,0.0121356349,0.55829,0.102605,1.823363,0.204408,0.787023,-0.382845,0.438461
1413394966.55592,-4.727975,3.962224,1.175287,-0.442432,-0.749116,-0.234796,0.433533,0.0007760091,-2.88012e-05,-0.0004645186,1.5611e-06,1.72588e-05,0.0002787374,0.0219229533,0.0044314455,-0.0006164514,0.0436300092,-0.002788865,0.0121384756,0.567399,0.122213,1.817906,0.202294,0.78655,-0.371599,0.449835
1413394966.60592,-4.742269,3.949637,1.172871,-0.428342,-0.743702,-0.239942,0.453717,0.0008190754,-2.95569e-05,-0.0004395219,1.5611e-06,1.58773e-05,0.0002364949,0.0218833978,0.0043970552,-0.000613342,0.0437421649,-0.0027944688,0.0121418994,0.579582,0.136752,1.814541,0.205263,0.780324,-0.358037,0.469906
1413394967.25592,-4.909681,3.797742,1.164917,-0.288833,-0.785511,-0.193286,0.512044,0.0008955996,7.6321e-06,-0.0003913491,5.837e-07,-3.3299e-06,0.0001716243,0.0214945653,0.0039712891,-0.0005698948,0.045129545,-0.0028735855,0.0122010503,0.716573,0.31741,1.790063,0.153541,0.810141,-0.215182,0.523276
1413394967.30592,-4.926659,3.786764,1.1728,-0.274503,-0.777235,-0.191638,0.532755,0.0009301341,5.4768e-06,-0.000357079,5.456e-07,-2.0918e-06,0.0001376674,0.0214765907,0.0039569273,-0.0005638804,0.0452967948,-0.0028813529,0.0122037192,0.731681,0.331201,1.797339,0.150031,0.801187,-0.201508,0.543155
1413394967.40591,-4.961394,3.752546,1.189298,-0.242567,-0.748885,-0.192225,0.585989,0.00100407,3.4055e-06,-0.000247793,4.668e-07,-8.249e-07,6.16357e-05,0.02140627,0.0039619231,-0.0005555313,0.0453903686,-0.0028637796,0.0121916627,0.763116,0.359171,1.818142,0.145501,0.771223,-0.172461,0.595278
1413394967.5059,-4.989422,3.723226,1.20467,-0.219825,-0.733012,-0.177735,0.618693,0.0010331042,-1.21444e-05,-0.0001795415,5.914e-07,2.1319e-06,3.16614e-05,0.0213031484,0.0038236802,-0.0005434344,0.0455517868,-0.0028596995,0.0121873266,0.786275,0.392488,1.839154,0.129359,0.752579,-0.151054,0.627762
1413394967.90591,-5.029339,3.565146,1.287174,-0.145372,-0.801312,-0.094932,0.572498,0.0009551613,-1.46911e-05,-0.0003301525,6.668e-07,5.1084e-06,0.0001145934,0.0209842953,0.0032448676,-0.0005058435,0.0457691102,-0.0028496726,0.0121698029,0.792924,0.552429,1.918985,0.051408,0.814615,-0.073522,0.573047
1413394967.95591,-5.035246,3.547572,1.305926,-0.12963,-0.791721,-0.089543,0.590216,0.0009819699,-1.17202e-05,-0.0002942655,5.8e-07,3.543e-06,8.86329e-05,0.0209354648,0.0031458574,-0.0004991433,0.0458238723,-0.0028538622,0.0121725537,0.795536,0.571791,1.936472,0.044594,0.803974,-0.058685,0.590107
1413394968.5059,-5.049645,3.341732,1.348441,-0.029826,-0.827845,-0.010994,0.560056,0.0009285086,-1.48446e-05,-0.0003727819,6.632e-07,5.9747e-06,0.0001500572,0.0205945484,0.002315438,-0.0004624191,0.0459623975,-0.0028654932,0.0121800084,0.784787,0.782399,1.97682,0.031136,-0.830865,-0.043948,-0.553865
1413394968.6059,-5.061969,3.309208,1.338269,-0.0182,-0.833167,-0.000734,0.552722,0.0009165333,-1.88554e-05,-0.0003866531,8.065e-07,7.9645e-06,0.0001635056,0.0205494714,0.0021623279,-0.0004532341,0.0459811402,-0.0028713507,0.0121864399,0.795602,0.81922,1.967374,0.040978,-0.83466,-0.055965,-0.546384
1413394968.6559,-5.071588,3.293674,1.333116,-0.012811,-0.836694,0.001058,0.54752,0.000907689,-1.57884e-05,-0.0003961679,6.937e-07,6.8999e-06,0.0001733059,0.0205363425,0.0021026233,-0.0004477375,0.0460383443,-0.002875633,0.0121907254,0.803346,0.837184,1.963221,0.042429,-0.837681,-0.061577,-0.54102
1413394969.0559,-5.213392,3.156752,1.320571,0.014434,-0.813685,0.012663,0.580989,0.0009734198,-4.2485e-06,-0.0003333255,4.289e-07,1.4601e-06,0.0001145151,0.0204501066,0.0015907619,-0.0003984257,0.0472118159,-0.0029240462,0.0122317352,0.923831,1.00535,1.958551,0.056234,-0.813463,-0.087091,-0.572309
1413394969.1559,-5.273779,3.12024,1.31511,0.021414,-0.806507,0.027376,0.590202,0.0009899484,-2.01675e-05,-0.0003125068,7.555e-07,6.3718e-06,9.90021e-05,0.0203802607,0.0014631288,-0.0003868007,0.0475801458,-0.002933626,0.0122433965,0.959852,1.05535,1.955017,0.07224,-0.805546,-0.093522,-0.580633
1413394969.2559,-5.312786,3.063078,1.310513,0.029812,-0.799577,0.036832,0.598691,0.0010043184,-2.47834e-05,-0.000293231,9.314e-07,7.2432e-06,8.59448e-05,0.0203348368,0.00136419,-0.0003903433,0.0480633841,-0.0029227804,0.0122263552,0.993382,1.102922,1.935623,0.0826,-0.79816,-0.100947,-0.588159
1413394969.5559,-5.402998,2.943308,1.199494,0.05463,-0.786846,0.027059,0.614131,0.0010289114,2.53515e-05,-0.000259206,9.163e-07,-6.381e-06,6.55987e-05,0.0202296091,0.0009022032,-0.0003714187,0.0487141382,-0.0029134121,0.0122142007,1.058394,1.220509,1.816305,0.075788,-0.78303,-0.124092,-0.604758
1413394969.6559,-5.419729,2.908906,1.154351,0.066235,-0.80138,0.006416,0.594442,0.0009947549,7.07946e-05,-0.0003059507,5.3031e-06,-2.17666e-05,9.43927e-05,0.0201306571,0.0007467343,-0.0003996044,0.0487585345,-0.0028743272,0.0121873349,1.062728,1.255621,1.773916,0.054282,-0.796031,-0.137598,-0.586916
1413394969.7559,-5.44275,2.886746,1.109786,0.075423,-0.810577,-0.015335,0.580552,0.0009633132,0.0001147026,-0.0003337387,1.39241e-05,-3.97385e-05,0.000115926,0.020086064,0.0006054464,-0.0003994017,0.0488123935,-0.0028654194,0.0121874101,1.061196,1.296008,1.737736,0.032219,-0.804042,-0.149736,-0.574509
1413394969.8559,-5.44813,2.835377,1.074787,0.078291,-0.816205,-0.023142,0.571965,0.0009464948,0.0001289397,-0.0003506938,1.7835e-05,-4.77777e-05,0.00013025,0.0200738349,0.0004740766,-0.000393498,0.0490000162,-0.0028659015,0.0121909849,1.056648,1.347828,1.706739,0.023488,-0.809438,-0.153469,-0.566309
1413394969.9559,-5.457448,2.767821,1.045679,0.066255,-0.825175,-0.010894,0.560873,0.0009354525,9.2607e-05,-0.0003750584,9.4382e-06,-3.71299e-05,0.0001506943,0.0200464105,0.0002046802,-0.0003823211,0.0490323376,-0.0028643485,0.0121933324,1.051206,1.413104,1.681552,0.033485,-0.819311,-0.142718,-0.554297
1413394970.0559,-5.473842,2.686746,1.034266,0.052868,-0.83252,0.00369,0.551454,0.0009253201,5.16349e-05,-0.0003944561,3.1533e-06,-2.20095e-05,0.0001684748,0.0200162185,-0.0001377503,-0.0003655091,0.0491307992,-0.0028618087,0.012192014,1.047951,1.489283,1.669381,0.046804,-0.828015,-0.12938,-0.543566
1413394970.15599,-5.48341,2.626599,1.045527,0.038435,-0.835854,0.011536,0.547483,0.0008889886,2.1584e-05,-0.000388295,7.821e-07,-9.4262e-06,0.0001699027,0.0198540643,-0.0003469139,-0.0003914301,0.0488683058,-0.0028138588,0.0121592051,1.051237,1.572678,1.673971,0.057281,-0.83237,-0.119272,-0.538196
1413394970.256,-5.491417,2.510913,1.072591,0.036891,-0.828179,0.021056,0.558852,0.0009064199,5.7757e-06,-0.000365424,2.964e-07,-2.3265e-06,0.0001476196,0.0198258358,-0.0005824041,-0.0003896824,0.0489461712,-0.0028018222,0.0121551991,1.061895,1.66014,1.689622,0.065355,-0.826135,-0.113129,-0.548123
1413394970.656,-5.569145,2.200812,1.071649,-0.014195,-0.776541,0.099468,0.622003,0.0009790266,-0.0001751299,-0.0002095405,3.16136e-05,3.74949e-05,4.51348e-05,0.019904532,-0.001985066,-0.0003489901,0.0495239219,-0.0027999316,0.0121555358,1.102483,1.965439,1.683797,0.147176,-0.78004,-0.056884,-0.605516
1413394970.75599,-5.554943,2.143182,1.055455,-0.012379,-0.771639,0.099094,0.628173,0.0009816013,-0.0001708064,-0.0001939813,3.00087e-05,3.37642e-05,3.86227e-05,0.0199058896,-0.0021760023,-0.000347455,0.0493204337,-0.0027872022,0.012153479,1.09723,2.00557,1.666159,0.147384,-0.775444,-0.054795,-0.61153
1413394971.35598,-5.454657,2.019253,1.08394,0.032566,-0.859139,0.006241,0.510667,0.0008137173,2.09857e-05,-0.0004430837,8.538e-07,-1.14326e-05,0.000241672,0.0200075441,-0.0026084404,-0.0003389683,0.048340052,-0.0027572722,0.0121645202,0.998998,2.086371,1.695858,0.04312,-0.856808,-0.105208,-0.502951
1413394971.55598,-5.501395,1.959637,1.094684,0.017579,-0.873746,0.020092,0.485649,0.0007642071,-1.60358e-05,-0.0004739767,6.622e-07,9.9488e-06,0.0002944185,0.020100299,-0.0029425393,-0.0003294876,0.0486138222,-0.0027618794,0.0121687557,1.036798,2.148167,1.701518,0.053499,-0.872971,-0.091475,-0.476128
1413394971.65598,-5.560817,1.925982,1.108874,0.003961,-0.861875,0.036393,0.505798,0.0008069837,-5.41603e-05,-0.0004486661,3.969e-06,3.0123e-05,0.0002498823,0.0201431974,-0.0031004453,-0.0003263041,0.0491356765,-0.0027688123,0.0121729057,1.090459,2.186249,1.712677,0.071127,-0.863413,-0.076845,-0.49353
1413394971.95598,-5.805505,1.873289,1.165491,-0.04399,-0.795378,0.043007,0.602984,0.0009724724,-0.0001232489,-0.0002731429,1.59813e-05,3.46284e-05,7.71e-05,0.0202433261,-0.0034709347,-0.0003217354,0.0513656529,-0.0027985523,0.0121899426,1.325094,2.260472,1.760272,0.086577,-0.801999,-0.023777,-0.590555
1413394972.05598,-5.885732,1.882891,1.176228,-0.063731,-0.779028,0.025653,0.623214,0.000999073,-0.0001227824,-0.0002283256,1.54579e-05,2.80684e-05,5.25584e-05,0.0202486099,-0.0034900682,-0.0003244595,0.0520874278,-0.0028076979,0.0121963722,1.403113,2.260547,1.770483,0.071487,-0.786817,-0.003035,-0.613037
1413394972.15598,-5.952304,1.900925,1.17808,-0.091161,-0.767789,0.003428,0.634175,0.0010118007,-0.0001251686,-0.0002027127,1.58618e-05,2.50849e-05,4.0994e-05,0.0202384541,-0.0034256981,-0.0003286646,0.0527461829,-0.0028160904,0.012204513,1.470927,2.247291,1.770987,0.050073,-0.777433,0.02478,-0.626494
1413394972.45598,-6.025404,2.032048,1.127292,-0.206901,-0.74626,-0.08143,0.627422,0.0010089394,-0.0001424841,-0.0002072723,2.0524e-05,2.92791e-05,4.2978e-05,0.0201475474,-0.0029794885,-0.0003566284,0.0536908011,-0.0028294103,0.0122083106,1.58547,2.135893,1.724606,0.036306,0.764206,-0.141717,0.628189
1413394972.65598,-5.999002,2.155654,1.076928,-0.29352,-0.753842,-0.149108,0.568625,0.0009595769,-0.0001096868,-0.0003130321,1.29551e-05,3.57978e-05,0.0001025533,0.0200614745,-0.0022948938,-0.000382103,0.0532154824,-0.0028218935,0.0122180423,1.584799,2.01478,1.671868,0.109541,0.777088,-0.228957,0.575984
1413394973.00598,-5.918067,2.388843,1.044814,-0.401537,-0.706094,-0.309276,0.494517,0.0009682181,4.10592e-05,-0.0003260801,2.1875e-06,-1.38269e-05,0.0001102997,0.0200623166,-0.0010741746,-0.0004303129,0.0524082304,-0.0028106219,0.0122611912,1.542508,1.760533,1.635296,0.275906,0.737443,-0.340203,0.514149
1413394973.05598,-5.909196,2.419469,1.042803,-0.420982,-0.69433,-0.322271,0.486643,0.0009697692,3.91808e-05,-0.000325451,2.0337e-06,-1.31468e-05,0.0001097074,0.0200788453,-0.0009282263,-0.0004369664,0.052332774,-0.0028095422,0.0122690225,1.538548,1.727233,1.6324,0.289758,0.727166,-0.360358,0.507389
1413394973.55598,-5.85426,2.698085,1.026269,-0.608082,-0.549828,-0.408769,0.401041,0.0009586992,-3.8898e-05,-0.0003506586,2.0684e-06,1.4246e-05,0.0001288172,0.020421547,0.0003507683,-0.0005060392,0.0519477713,-0.0028021678,0.0123784759,1.528066,1.426195,1.602323,0.383085,0.596886,-0.558472,0.430247
1413394973.60598,-5.847679,2.726953,1.02706,-0.623905,-0.533627,-0.417277,0.389699,0.0009562567,-4.16503e-05,-0.0003542858,2.3076e-06,1.54501e-05,0.0001318261,0.0204742932,0.0004785561,-0.000513715,0.0519067695,-0.0028010862,0.0123931835,1.525996,1.395343,1.601515,0.392517,0.581884,-0.57535,0.419935
1413394973.65598,-5.840384,2.755888,1.029068,-0.637435,-0.518659,-0.428204,0.375912,0.0009554516,-3.56883e-05,-0.0003569394,1.8293e-06,1.33502e-05,0.0001339187,0.0205309903,0.0006077949,-0.0005215742,0.0518606203,-0.0027998887,0.0124087342,1.523263,1.364014,1.601536,0.40411,0.567758,-0.590278,0.40737
1413394973.95598,-5.768666,2.939715,1.042901,-0.70643,-0.407521,-0.49026,0.307456,0.0009745103,-3.56448e-05,-0.0003398395,1.7861e-06,1.24384e-05,0.0001190238,0.0206799206,0.0013461094,-0.0005215485,0.0514964478,-0.0028040484,0.0124610851,1.499555,1.175064,1.611679,0.471305,0.462685,-0.667101,0.344674
1413394974.10598,-5.732145,3.017503,1.059219,-0.736609,-0.348492,-0.510815,0.273913,0.0009768717,-4.92993e-05,-0.0003385509,2.9683e-06,1.70764e-05,0.000117754,0.0205285005,0.0017980582,-0.0004950227,0.0510838349,-0.0028133506,0.0125057009,1.483612,1.087117,1.620153,0.494523,0.406389,-0.701691,0.312977
1413394974.15598,-5.727689,3.038606,1.020613,-0.744438,-0.32859,-0.517548,0.264546,0.0009785044,-5.5903e-05,-0.0003348594,3.624e-06,1.91014e-05,0.000114972,0.0204195705,0.0019740813,-0.0005012225,0.0508747332,-0.0028429631,0.0124005657,1.477466,1.059412,1.623582,0.50187,0.38659,-0.711631,0.30378
1413394974.50598,-5.628737,3.1835,1.059086,-0.7981,-0.184314,-0.540237,0.192894,0.0009523537,-0.0001113948,-0.0003472305,1.33666e-05,4.06342e-05,0.0001269366,0.0204411658,0.0025254152,-0.0005458832,0.0497814695,-0.002779645,0.0122805183,1.408744,0.898347,1.656594,0.531424,0.244004,-0.776956,0.233269
1413394974.60598,-5.589162,3.211518,1.072498,-0.803773,-0.14672,-0.551394,0.168487,0.0009582226,-0.0001114816,-0.0003420436,1.32956e-05,3.98205e-05,0.0001224109,0.020489695,0.0026479459,-0.0005547311,0.0494273006,-0.0027766287,0.0122836283,1.376781,0.86732,1.670909,0.543632,0.206951,-0.785872,0.209915
1413394974.65598,-5.566733,3.221096,1.083349,-0.803077,-0.129546,-0.56057,0.155072,0.00096844,-0.0001071406,-0.0003319612,1.21785e-05,3.67527e-05,0.0001141058,0.0205105991,0.0026897104,-0.0005600353,0.0492409475,-0.0027767317,0.012290119,1.35839,0.854569,1.678537,0.553497,0.189679,-0.786581,0.197422
1413394974.90597,-5.443701,3.256288,1.116093,-0.810966,-0.063709,-0.576265,0.078706,0.0009804364,-5.69278e-05,-0.0003345786,3.6136e-06,1.94385e-05,0.0001144778,0.0205481867,0.002685881,-0.0005724844,0.0482470799,-0.0027514467,0.0123093582,1.25995,0.819287,1.705158,0.575607,0.124266,-0.798735,0.123581
1413394975.00597,-5.397395,3.257485,1.117588,-0.813908,-0.042756,-0.577226,0.050357,0.0009802334,-3.41737e-05,-0.0003402311,1.5001e-06,1.18733e-05,0.0001183974,0.0205866374,0.0027307546,-0.0005842171,0.0478217215,-0.0027487699,0.0123245962,1.220029,0.812805,1.699356,0.578534,0.103858,-0.803429,0.095
1413394975.45597,-5.21742,3.291435,0.994044,0.798413,-0.03123,0.600725,0.026289,0.0010211333,3.4798e-06,-0.0002933001,3.092e-07,-1.0051e-06,8.44844e-05,0.0206733229,0.0026496494,-0.0006295451,0.0465070933,-0.0027354484,0.0123720201,1.079769,0.785969,1.558813,0.607686,0.027627,-0.793462,0.019459
1413394975.50597,-5.20645,3.294889,0.978627,0.801783,-0.036915,0.595499,0.034095,0.0010145123,1.08967e-05,-0.0003047784,4.156e-07,-3.2788e-06,9.1804e-05,0.0207392296,0.0027665562,-0.0006397915,0.0463124354,-0.0027339744,0.0123823009,1.071393,0.782357,1.541103,0.603121,0.0222,-0.797262,0.011434
1413394975.55597,-5.196655,3.299216,0.964014,0.805692,-0.041708,0.589485,0.040353,0.0010064067,1.62658e-05,-0.0003177494,5.626e-07,-5.1402e-06,0.0001005683,0.0207656715,0.002784007,-0.000647323,0.0462468748,-0.0027340716,0.0123931878,1.064451,0.778077,1.524044,0.597683,0.017669,-0.801528,0.004509
1413394975.75597,-5.163258,3.320216,0.918024,0.817725,-0.05365,0.57065,0.052976,0.0009787918,2.61302e-05,-0.0003569975,9.794e-07,-9.5427e-06,0.0001304581,0.0208718303,0.0028765055,-0.0006710822,0.0459827282,-0.0027333553,0.0124251523,1.039996,0.751136,1.470033,0.579456,0.00683,-0.814915,-0.009937
1413394975.80597,-5.152477,3.329247,0.909887,0.819914,-0.05538,0.567287,0.053487,0.0009738244,2.53935e-05,-0.000363944,9.452e-07,-9.5024e-06,0.0001362681,0.0209022138,0.0028882265,-0.0006791572,0.0459476706,-0.0027336125,0.0124378982,1.033072,0.741787,1.460251,0.576034,0.00556,-0.817335,-0.010863
1413394976.05597,-5.113753,3.376425,0.869602,0.800719,-0.053256,0.594048,0.05586,0.0010197605,2.77509e-05,-0.0003068716,9.856e-07,-8.3494e-06,9.25589e-05,0.0210152013,0.003085264,-0.0007113803,0.0454954367,-0.0027458068,0.0124488935,0.991854,0.681018,1.437729,0.601288,0.00711,-0.798927,-0.010977
1413394976.25597,-5.103599,3.446421,0.844158,0.796958,-0.049679,0.599164,0.058248,0.0010290879,3.52181e-05,-0.0002948094,1.3879e-06,-1.00851e-05,8.46598e-05,0.0210106211,0.0032274892,-0.0007222308,0.0454039095,-0.0026948962,0.0124426041,0.971469,0.617594,1.424995,0.60742,0.012064,-0.794206,-0.011523
1413394976.35597,-5.094161,3.474456,0.831461,0.79475,-0.046704,0.602254,0.059009,0.0010339514,4.02437e-05,-0.0002869743,1.7476e-06,-1.11633e-05,7.9838e-05,0.0211101552,0.0034316812,-0.0007331421,0.0455369797,-0.0027097449,0.012443071,0.969669,0.580987,1.418954,0.60995,0.015036,-0.792203,-0.012267
1413394976.45597,-5.096228,3.512212,0.835394,0.78541,-0.044581,0.614521,0.059227,0.0010504197,4.10603e-05,-0.0002568399,1.7872e-06,-1.00348e-05,6.29808e-05,0.0211823407,0.0035547285,-0.0007376669,0.0455320617,-0.0027042382,0.0124330758,0.974493,0.540757,1.41502,0.621565,0.016458,-0.783104,-0.011709
1413394976.50597,-5.083177,3.529595,0.816718,0.779712,-0.043203,0.621996,0.057484,0.0010532295,3.84943e-05,-0.000236783,1.5769e-06,-8.6546e-06,5.33865e-05,0.0211389053,0.00359406,-0.0006565014,0.0454398393,-0.0027190674,0.0123216396,0.980346,0.519598,1.413979,0.628895,0.016642,-0.777242,-0.010649
1413394976.60597,-5.103791,3.586983,0.80864,0.769031,-0.046224,0.635061,0.056136,0.0010665519,2.96598e-05,-0.0002032082,9.848e-07,-5.6525e-06,3.88716e-05,0.0211717697,0.0037446604,-0.0006391568,0.0453907139,-0.00269879,0.0122984256,1.0003,0.474707,1.41298,0.64196,0.015051,-0.766563,-0.006697
1413394976.70597,-5.119519,3.627187,0.804612,0.765922,-0.05231,0.639435,0.041843,0.0010667193,-3.2475e-06,-0.000193612,1.712e-07,5.89e-07,3.52998e-05,0.0213005251,0.0040456594,-0.0006460044,0.0456477139,-0.0027050531,0.0122983029,1.03381,0.427819,1.412277,0.645705,0.007627,-0.763528,0.00589
1413394976.80597,-5.162427,3.670043,0.806295,0.779395,-0.063025,0.622894,0.023956,0.0010433898,-4.44939e-05,-0.0002388351,2.0553e-06,1.01847e-05,5.48328e-05,0.0213679346,0.004233423,-0.0006284799,0.0458479037,-0.0026900167,0.0122740702,1.081699,0.382076,1.40993,0.629318,-0.003208,-0.776859,0.021267
1413394976.85596,-5.187295,3.691946,0.802863,0.791939,-0.069811,0.606423,0.014477,0.0010184873,-6.55356e-05,-0.0002793879,4.3761e-06,1.79784e-05,7.68089e-05,0.0214069663,0.0043336508,-0.0006300466,0.0460611861,-0.0026938447,0.0122737797,1.109696,0.360651,1.409076,0.613213,-0.008616,-0.789335,0.029567
1413394976.90596,-5.212713,3.706588,0.800092,0.807183,-0.076723,0.58528,0.004094,0.0009819384,-8.6554e-05,-0.0003270009,7.7902e-06,2.8826e-05,0.0001090722,0.0214578121,0.0044510161,-0.0006321114,0.0462652102,-0.0026963847,0.0122728001,1.139311,0.341098,1.40786,0.592175,-0.015437,-0.80481,0.037506
1413394977.00595,-5.266679,3.747762,0.793532,-0.837626,0.091084,-0.538541,0.007715,0.0008923864,-0.0001101494,-0.0004158739,1.37618e-05,5.13382e-05,0.0001940049,0.0215363035,0.0046460544,-0.0006340235,0.0467014351,-0.0027041032,0.0122708246,1.197736,0.308845,1.407283,0.544969,-0.027336,-0.836741,0.046458
1413394977.20595,-5.338331,3.785071,0.804808,-0.875286,0.122207,-0.46743,0.021193,0.0007293317,-0.0001356713,-0.0005038297,2.54176e-05,9.37413e-05,0.0003483048,0.0216378208,0.0048980418,-0.0006364671,0.047314681,-0.002715055,0.0122698294,1.270172,0.282641,1.424585,0.472247,-0.055181,-0.878015,0.055128
1413394977.30595,-5.336293,3.782011,0.821571,-0.884367,0.11825,-0.451546,0.004136,0.0007028815,-0.000100514,-0.0005212382,1.45561e-05,7.45529e-05,0.0003868069,0.0216099655,0.0048496488,-0.0006342229,0.0473079221,-0.0027160636,0.012267438,1.263074,0.293599,1.446998,0.456494,-0.051726,-0.88739,0.038596
1413394977.60595,-5.155249,3.672619,0.942054,0.883852,-0.076465,0.457694,0.058945,0.0007412403,3.11845e-05,-0.0005187889,1.5049e-06,-2.18345e-05,0.0003633788,0.0213791957,0.0042569939,-0.0006206894,0.0458687843,-0.0026979628,0.0122635378,1.052711,0.370476,1.572295,0.466554,-0.011172,-0.884038,-0.026075
1413394977.70595,-5.036688,3.632575,0.990015,0.881907,-0.075229,0.461187,0.062341,0.0007508054,3.71546e-05,-0.0005157286,2.037e-06,-2.55314e-05,0.0003545415,0.0212640307,0.0039186019,-0.0006142319,0.0448933498,-0.0026823277,0.0122630764,0.922745,0.392248,1.623962,0.470283,-0.01026,-0.881966,-0.02943
1413394977.80595,-4.891636,3.59667,1.042412,0.873428,-0.07206,0.476941,0.066766,0.0007887152,4.49181e-05,-0.0005001224,2.7625e-06,-2.84933e-05,0.0003174083,0.0211744441,0.0035953861,-0.0006082817,0.0437812914,-0.0026647528,0.0122631035,0.764975,0.409365,1.681327,0.48539,-0.007487,-0.873666,-0.032475
1413394977.90596,-4.714384,3.569603,1.103309,0.855949,-0.067619,0.507474,0.07245,0.0008554217,5.38933e-05,-0.0004599998,3.6036e-06,-2.8989e-05,0.0002476233,0.0210893908,0.0032860961,-0.0006032028,0.0425550895,-0.0026499796,0.0122614972,0.585283,0.420869,1.742655,0.515401,-0.004428,-0.856199,-0.035813
1413394978.00595,-4.530641,3.539784,1.159309,0.836587,-0.063187,0.53843,0.078882,0.0009204233,6.45429e-05,-0.0004101325,4.7408e-06,-2.87674e-05,0.0001830006,0.0210429127,0.0029978335,-0.000599198,0.0412458605,-0.0026275317,0.0122620487,0.392558,0.425889,1.803437,0.546884,-0.00141,-0.836259,-0.040015
1413394978.20596,-4.151166,3.50025,1.258442,0.813337,-0.055222,0.572116,0.09009,0.0009839858,8.69786e-05,-0.0003424077,7.9176e-06,-3.02749e-05,0.0001193986,0.0209673987,0.0024634484,-0.0005912801,0.0388863412,-0.0025820682,0.0122650326,-0.002831,0.413799,1.911784,0.582622,0.005145,-0.811264,-0.048758
1413394978.30595,-3.96094,3.49312,1.291492,0.810652,-0.052928,0.575733,0.092594,0.0009908869,9.33915e-05,-0.0003341721,9.0388e-06,-3.15044e-05,0.0001129513,0.0209590725,0.002241495,-0.0005888681,0.037828611,-0.002559085,0.0122676463,-0.198202,0.395204,1.94923,0.586837,0.007389,-0.808065,-0.050979
1413394978.65596,-3.310826,3.54325,1.329112,0.810554,-0.060127,0.578138,0.071713,0.0010012662,4.90061e-05,-0.0003381546,2.6597e-06,-1.65566e-05,0.0001144846,0.0211052447,0.0016407034,-0.0005900105,0.0348108954,-0.0024788761,0.0122851868,-0.853467,0.259435,2.000287,0.587946,0.00105,-0.808314,-0.030837
1413394978.70596,-3.220191,3.558341,1.33307,0.810232,-0.064879,0.579097,0.062941,0.0010033679,2.80095e-05,-0.0003387587,1.0465e-06,-9.4608e-06,0.0001146569,0.0211473472,0.0015653051,-0.0005912127,0.034463605,-0.0024674687,0.0122887105,-0.943635,0.232393,2.005422,0.588218,-0.003665,-0.808388,-0.022348
1413394978.75595,-3.127133,3.568977,1.339087,0.809931,-0.068699,0.579879,0.05506,0.0010044086,9.7765e-06,-0.0003390116,3.63e-07,-3.3015e-06,0.0001147109,0.0211912263,0.0014911953,-0.0005930599,0.0341329045,-0.002454772,0.0122922444,-1.032933,0.204584,2.011563,0.588504,-0.008016,-0.808324,-0.014645
1413394978.80595,-3.035016,3.580848,1.345595,0.809314,-0.072461,0.580907,0.048034,0.0010042313,-7.1184e-06,-0.0003379354,3.211e-07,2.3975e-06,0.0001140047,0.02122039,0.0014080367,-0.0005943775,0.0338041975,-0.0024415788,0.0122957193,-1.120995,0.176353,2.018631,0.588907,-0.012386,-0.808067,-0.008014
1413394979.10595,-2.505971,3.656451,1.379954,0.790202,-0.084079,0.605833,0.038455,0.0010387903,-4.42538e-05,-0.0002816872,2.1741e-06,1.20092e-05,7.66731e-05,0.0214729621,0.0008985721,-0.0006063194,0.0323354846,-0.0023714045,0.0123164585,-1.628993,0.016492,2.057209,0.612129,-0.027218,-0.790288,0.002794
1413394979.20595,-2.34505,3.678851,1.377662,0.772443,-0.090058,0.627828,0.032459,0.0010649476,-6.89065e-05,-0.0002272594,4.7555e-06,1.47148e-05,4.87844e-05,0.0215147439,0.0006837877,-0.0006052071,0.0319859388,-0.002349425,0.0123216596,-1.783116,-0.030857,2.054937,0.633213,-0.03478,-0.773149,0.009125
1413394979.25595,-2.273187,3.692308,1.377499,0.764173,-0.092682,0.637702,0.028033,0.0010730567,-8.2809e-05,-0.0002014048,6.691e-06,1.55537e-05,3.809e-05,0.0215443879,0.0005918175,-0.0006021207,0.0318473771,-0.0023418492,0.0123201897,-1.854882,-0.053104,2.050937,0.642864,-0.038426,-0.764895,0.013807
1413394979.30595,-2.20424,3.704868,1.369683,0.754908,-0.096027,0.648362,0.022783,0.00108112,-9.93373e-05,-0.0001727315,9.4329e-06,1.58824e-05,2.78864e-05,0.0215911963,0.0005108436,-0.0006028015,0.0317385949,-0.002331884,0.0123224018,-1.922611,-0.073648,2.045741,0.652829,-0.042389,-0.756071,0.019643
1413394979.75595,-1.894525,3.714158,1.414018,0.703809,-0.077429,0.705922,0.018223,0.0011099684,-9.30647e-05,-2.7622e-06,8.1367e-06,2.404e-07,3.129e-07,0.02173953,0.0001166311,-0.0006011594,0.0313471459,-0.0022792432,0.012334841,-2.210743,-0.139473,2.065788,0.712149,-0.030527,-0.700837,0.027483
1413394979.80595,-1.906073,3.707184,1.42651,0.721487,-0.069156,0.688231,0.031805,0.0011113289,-5.50039e-05,-5.64962e-05,3.0538e-06,2.804e-06,3.1809e-06,0.0216573515,0.0001219158,-0.0006052421,0.0313533531,-0.0022785252,0.0123317616,-2.195996,-0.13299,2.077356,0.696652,-0.0213,-0.716998,0.013631
1413394979.85595,-1.928199,3.701377,1.441412,0.743065,-0.060609,0.664762,0.047661,0.0011020923,-1.09585e-05,-0.0001240958,4.381e-07,1.2421e-06,1.42812e-05,0.0216365455,0.0001495524,-0.0005952491,0.0313589743,-0.0022903736,0.0123229511,-2.173395,-0.125221,2.09112,0.675084,-0.011804,-0.737674,-0.003457
1413394980.35595,-2.285257,3.751239,1.597615,0.780278,-0.060289,0.616424,0.086909,0.0010596687,6.63249e-05,-0.0002458513,4.5132e-06,-1.5384e-05,5.73997e-05,0.0218291545,0.0006425699,-0.0005917653,0.0318281459,-0.0023262379,0.0123407063,-1.801956,-0.139779,2.199948,0.626458,-0.00671,-0.77796,-0.047791
1413394980.40595,-2.332102,3.767137,1.599346,0.780888,-0.062847,0.615621,0.085298,0.0010598075,6.04402e-05,-0.000248631,3.8131e-06,-1.41757e-05,5.86916e-05,0.0218836897,0.0007298739,-0.0006001016,0.0319309274,-0.0023355472,0.0123401499,-1.757957,-0.153695,2.199267,0.626083,-0.009238,-0.778346,-0.045963
1413394980.45595,-2.374464,3.787372,1.603389,0.783973,-0.065769,0.611663,0.08324,0.001055771,5.39498e-05,-0.0002595825,3.1276e-06,-1.32607e-05,6.41929e-05,0.0219514458,0.0008132923,-0.0006000104,0.0320281229,-0.0023408917,0.0123439705,-1.712027,-0.169449,2.197901,0.622418,-0.011947,-0.781353,-0.044093
1413394980.50595,-2.407723,3.812046,1.613622,0.788854,-0.070505,0.605553,0.077744,0.0010484461,3.98005e-05,-0.0002767891,1.885e-06,-1.05036e-05,7.34477e-05,0.0219942944,0.0008899318,-0.0006238466,0.0321190227,-0.0023494764,0.0123334303,-1.664566,-0.186997,2.19596,0.616369,-0.016448,-0.78629,-0.039643
1413394980.85595,-2.740378,3.986896,1.6581,0.808933,-0.092066,0.57867,0.047881,0.0010065079,-3.15038e-05,-0.0003477399,1.393e-06,1.08959e-05,0.0001205685,0.0226487244,0.0015592884,-0.0006434519,0.0328926545,-0.0023831574,0.0123576005,-1.311046,-0.326198,2.210965,0.586959,-0.038431,-0.808617,-0.011895
1413394980.90595,-2.792421,4.009348,1.664999,0.809534,-0.092362,0.577938,0.045945,0.0010053688,-3.4981e-05,-0.0003497814,1.629e-06,1.21825e-05,0.0001221264,0.0227461256,0.001691064,-0.0006482582,0.0330701645,-0.0023903776,0.0123609146,-1.260899,-0.344932,2.216226,0.585887,-0.038885,-0.809395,-0.010177
1413394981.05595,-2.92104,4.074215,1.687687,0.811236,-0.095545,0.575441,0.040425,0.0010013898,-4.77274e-05,-0.0003565509,2.7029e-06,1.7008e-05,0.0001274033,0.0230376257,0.0020120955,-0.0006530057,0.0335077146,-0.0024048861,0.0123771824,-1.114966,-0.396831,2.221158,0.582912,-0.04191,-0.811438,-0.00506
1413394981.10595,-2.961765,4.093953,1.690417,0.811603,-0.098184,0.574743,0.036476,0.0009993598,-5.75468e-05,-0.0003586641,3.7478e-06,2.06692e-05,0.0001291799,0.023133923,0.0021126439,-0.0006543495,0.0336483272,-0.0024090814,0.012383287,-1.068088,-0.412511,2.217707,0.582057,-0.04437,-0.811936,-0.00143
1413394981.15595,-3.00162,4.11248,1.691064,0.812039,-0.100256,0.57395,0.033495,0.0009974206,-6.49639e-05,-0.0003608142,4.671e-06,2.35179e-05,0.0001309876,0.0232281946,0.0022113269,-0.0006555243,0.0337901776,-0.0024131323,0.012389776,-1.021923,-0.427168,2.211948,0.581001,-0.046685,-0.812562,0.001745
1413394981.20595,-3.056549,4.126758,1.676162,0.812768,-0.102398,0.572749,0.029687,0.0009939282,-7.3563e-05,-0.0003636907,5.889e-06,2.69344e-05,0.0001335438,0.0232874464,0.0022980253,-0.0006707364,0.0339287783,-0.0024215811,0.0123872496,-0.976145,-0.440748,2.203311,0.579568,-0.04889,-0.813441,0.005061
1413394981.30595,-3.15928,4.167182,1.643452,0.813918,-0.103164,0.571139,0.026357,0.0009887378,-7.98045e-05,-0.0003668677,6.8887e-06,2.96268e-05,0.0001365939,0.0233568151,0.0025111419,-0.0006881631,0.0342668899,-0.0024268084,0.0123873292,-0.887163,-0.46276,2.17901,0.57743,-0.051956,-0.814752,0.007331
1413394981.45593,-3.324721,4.180408,1.549785,0.816024,-0.093803,0.568786,0.042285,0.0009875347,-4.0067e-05,-0.0003687772,2.0777e-06,1.49777e-05,0.0001381829,0.02346445,0.002829896,-0.0007595602,0.034781912,-0.0024644341,0.0123402512,-0.760762,-0.483234,2.14101,0.575931,-0.045355,-0.816184,-0.009565
1413394981.50592,-3.303293,4.192135,1.461911,0.816806,-0.086486,0.56856,0.045699,0.0009682297,-2.54702e-05,-0.0003602382,1.0837e-06,9.4899e-06,0.0001344807,0.0231636706,0.0030613241,-0.0007009948,0.0351013572,-0.0024818008,0.0122885177,-0.720884,-0.48789,2.130618,0.5758,-0.043304,-0.816286,-0.016099
1413394981.55592,-3.351966,4.206944,1.45323,0.817131,-0.085425,0.568029,0.048397,0.0009620674,-1.88148e-05,-0.0003597038,7.777e-07,7.0491e-06,0.0001349396,0.0231822216,0.0030516348,-0.0007004883,0.034992415,-0.0024791478,0.0122860728,-0.682119,-0.492277,2.121103,0.575346,-0.043023,-0.816533,-0.019998
1413394981.60592,-3.386016,4.212219,1.445574,0.818434,-0.086179,0.565942,0.04949,0.0009565671,-1.72816e-05,-0.0003625131,7.238e-07,6.564e-06,0.0001378381,0.0232318241,0.0031744103,-0.0007017869,0.0351946349,-0.0024852554,0.0122849037,-0.644594,-0.49648,2.111924,0.57334,-0.044224,-0.817833,-0.021809
1413394981.65592,-3.42393,4.218755,1.435355,0.821127,-0.087375,0.561778,0.050218,0.0009441136,-1.60938e-05,-0.0003686313,6.874e-07,6.2988e-06,0.0001443926,0.0232430662,0.0032492279,-0.0007020481,0.0353298761,-0.0024887881,0.0122833987,-0.60821,-0.500297,2.102711,0.569294,-0.045927,-0.820523,-0.023229
1413394981.95592,-3.623079,4.246052,1.377976,0.826534,-0.120076,0.547858,0.047701,0.0008637742,-4.96562e-05,-0.0003726329,3.2709e-06,2.14464e-05,0.0001612418,0.0233250123,0.0036299029,-0.0007002328,0.0359920812,-0.0025068232,0.0122757628,-0.424396,-0.510943,2.051014,0.553854,-0.087623,-0.827504,-0.028453
1413394982.00592,-3.647332,4.242725,1.37047,0.825158,-0.129972,0.547558,0.049007,0.0008443307,-5.68125e-05,-0.0003643056,4.2378e-06,2.45392e-05,0.0001576743,0.0233127826,0.0037226949,-0.0006986622,0.0362088889,-0.0025117863,0.0122747491,-0.400237,-0.508811,2.044375,0.553516,-0.09834,-0.826478,-0.02984
1413394982.05592,-3.672682,4.236881,1.365378,0.822739,-0.141636,0.54837,0.048274,0.0008172813,-6.79859e-05,-0.0003514717,6.07e-06,2.92656e-05,0.000151636,0.023280325,0.0037345654,-0.0006960308,0.0362568581,-0.0025145333,0.0122731305,-0.378139,-0.504884,2.038633,0.554089,-0.111088,-0.824454,-0.030465
1413394982.10593,-3.690185,4.233447,1.360034,0.818581,-0.155177,0.5507,0.050744,0.0008074785,-7.76797e-05,-0.0003418538,7.8893e-06,3.29167e-05,0.0001452127,0.0232468704,0.003755353,-0.0006942447,0.0363394976,-0.0025178686,0.0122722176,-0.357881,-0.498706,2.033815,0.556166,-0.124189,-0.82112,-0.032057
1413394982.70592,-3.925385,3.912908,1.364862,0.757432,-0.323075,0.553807,0.123354,0.0008090407,-0.0001502034,-0.0003135769,2.83566e-05,5.826e-05,0.0001220792,0.0222037039,0.0034250645,-0.0006444667,0.0374514622,-0.0025434485,0.0122653658,-0.142889,-0.165987,2.04991,0.561013,-0.297941,-0.765089,-0.105569
1413394982.75592,-3.949416,3.860025,1.373351,0.752601,-0.333841,0.55158,0.133795,0.0008094002,-0.0001465224,-0.0003130271,2.69956e-05,5.67059e-05,0.0001216019,0.0220171604,0.0033182243,-0.0006374063,0.0375857702,-0.0025444563,0.0122632434,-0.119751,-0.114446,2.057977,0.558931,-0.309757,-0.760305,-0.116599
1413394983.70592,-4.563343,2.657697,1.530237,0.736154,-0.347824,0.505253,0.286034,0.0008595373,6.40081e-05,-0.0002968567,5.3029e-06,-2.21152e-05,0.0001031438,0.019849223,0.0005163928,-0.0004637719,0.0411688953,-0.0025929447,0.0122880034,0.428935,1.132736,2.218734,0.514926,-0.327866,-0.74408,-0.271479
1413394983.80592,-4.615846,2.541825,1.520188,0.738154,-0.340028,0.504254,0.291956,0.0008607229,8.08646e-05,-0.000292845,8.1444e-06,-2.75248e-05,0.0001002622,0.0197936598,0.000152025,-0.0004457153,0.0414861236,-0.0025939064,0.0122963069,0.474025,1.252983,2.209407,0.513853,-0.319892,-0.74603,-0.277605
1413394983.90592,-4.6606,2.433224,1.49804,0.73862,-0.337939,0.504899,0.292089,0.0008622621,8.28831e-05,-0.000291954,8.5237e-06,-2.80758e-05,9.94897e-05,0.0197723516,-0.0001842924,-0.0004291138,0.0417934892,-0.0025940749,0.0123063294,0.511559,1.365593,2.188722,0.514379,-0.317221,-0.746586,-0.278198
1413394984.00592,-4.695749,2.332818,1.466652,0.738767,-0.337341,0.506123,0.290282,0.0008639006,8.03863e-05,-0.0002919566,8.0394e-06,-2.7176e-05,9.93131e-05,0.0197745027,-0.0005033874,-0.0004153638,0.0420579809,-0.0025929348,0.0123165559,0.541471,1.469747,2.158062,0.515642,-0.316533,-0.74677,-0.276143
1413394984.10592,-4.7286,2.239401,1.434243,0.740661,-0.333216,0.508453,0.286118,0.0008649832,7.83235e-05,-0.0002924211,7.6423e-06,-2.64849e-05,9.9507e-05,0.0197798782,-0.0007987721,-0.000400357,0.0422539072,-0.0025903245,0.0123234705,0.56272,1.564747,2.12247,0.517862,-0.312072,-0.748711,-0.271776
1413394984.20592,-4.749112,2.156157,1.403625,0.744814,-0.325754,0.510487,0.28025,0.0008643379,7.80581e-05,-0.0002946396,7.607e-06,-2.66143e-05,0.0001010857,0.0198197662,-0.0010760564,-0.0003865966,0.0424463691,-0.0025880377,0.0123272862,0.576378,1.650075,2.088454,0.520101,-0.304256,-0.75256,-0.265664
1413394984.30592,-4.759601,2.079144,1.379846,0.750379,-0.321005,0.508871,0.273748,0.0008582139,7.70342e-05,-0.0003031309,7.4614e-06,-2.72135e-05,0.0001076893,0.0198577448,-0.0013274278,-0.000381249,0.042531193,-0.0025924677,0.0123151553,0.582706,1.727614,2.056139,0.518741,-0.298292,-0.758263,-0.258783
1413394984.40592,-4.779435,2.009962,1.347219,0.756986,-0.318236,0.504528,0.266739,0.0008480636,7.5131e-05,-0.0003167885,7.1765e-06,-2.80724e-05,0.0001189527,0.0198557604,-0.0015593046,-0.0003807014,0.0425568281,-0.0025883512,0.0123122432,0.581885,1.797576,2.026712,0.514173,-0.294966,-0.764951,-0.251936
1413394984.50592,-4.778785,1.948305,1.320091,0.764201,-0.312501,0.50089,0.259709,0.000838826,7.56714e-05,-0.0003282828,7.341e-06,-2.96276e-05,0.000129107,0.0198777819,-0.0017723741,-0.0003695704,0.0426618494,-0.0025847117,0.0123174254,0.571981,1.861343,2.000412,0.51033,-0.289402,-0.771847,-0.245079
1413394984.60592,-4.758689,1.894132,1.304004,0.771017,-0.302786,0.501034,0.250635,0.0008334357,7.4671e-05,-0.0003352235,7.1703e-06,-3.0053e-05,0.0001354533,0.0198234199,-0.0019563397,-0.0003674601,0.0425951629,-0.0025903825,0.0123088354,0.552434,1.918648,1.977408,0.50981,-0.279665,-0.778516,-0.236212
1413394984.70592,-4.734512,1.844779,1.284293,0.778168,-0.288742,0.50364,0.239644,0.0008304205,7.36977e-05,-0.0003398429,7.0295e-06,-3.01769e-05,0.0001397126,0.0198660663,-0.002099051,-0.0003581554,0.0424218388,-0.0025794943,0.0123161629,0.523367,1.969559,1.958312,0.511971,-0.265532,-0.785294,-0.225161
1413394984.80592,-4.699932,1.798893,1.266802,0.786112,-0.272274,0.506256,0.227155,0.0008266613,7.29165e-05,-0.0003449907,6.929e-06,-3.04467e-05,0.000144622,0.019910332,-0.0022296728,-0.0003505579,0.0422134508,-0.002572523,0.012321666,0.4838,2.015496,1.942733,0.514316,-0.249069,-0.792622,-0.212601
1413394984.90592,-4.638435,1.75051,1.261392,0.790753,-0.258234,0.513698,0.210093,0.0008294595,6.0124e-05,-0.0003449301,4.8465e-06,-2.50187e-05,0.000144055,0.0199304696,-0.0023639981,-0.0003651244,0.0418491059,-0.0025979278,0.0123058805,0.433457,2.057048,1.930277,0.521283,-0.232889,-0.797466,-0.195146
1413394985.10592,-4.517223,1.67276,1.24703,0.798314,-0.21602,0.530724,0.185372,0.000843016,6.01049e-05,-0.000333881,4.7946e-06,-2.3816e-05,0.0001328672,0.020026966,-0.0025488208,-0.0003537868,0.0410333981,-0.0025692783,0.0123219424,0.308583,2.127183,1.919827,0.537896,-0.190426,-0.803597,-0.169244
1413394985.20592,-4.446665,1.645527,1.246354,0.801946,-0.202905,0.533049,0.177684,0.0008426919,6.18385e-05,-0.0003343559,5.0467e-06,-2.45549e-05,0.0001332812,0.0200492109,-0.0026352562,-0.0003653377,0.0405312183,-0.0025882941,0.0123126427,0.237575,2.155269,1.920964,0.540404,-0.176212,-0.806829,-0.161064
1413394985.50592,-4.198675,1.575592,1.310884,0.803328,-0.224176,0.540714,0.10972,0.000827507,-6.0224e-05,-0.0003518615,4.9234e-06,2.56228e-05,0.0001502745,0.0201425459,-0.0026940512,-0.0003660418,0.0391169495,-0.0025462048,0.0123176737,-0.008402,2.214459,1.987079,0.545938,-0.195581,-0.809235,-0.094045
1413394985.60592,-4.110906,1.546836,1.367245,0.802374,-0.220135,0.543471,0.111251,0.0008332194,-5.55041e-05,-0.0003469717,4.248e-06,2.31261e-05,0.0001451433,0.020173909,-0.0027100874,-0.0003629653,0.0386108657,-0.0025496477,0.0123119459,-0.099168,2.242796,2.040213,0.548761,-0.192731,-0.808133,-0.092946
1413394985.70592,-4.021024,1.504223,1.42271,0.805371,-0.20418,0.540856,0.131008,0.000839932,-9.4011e-06,-0.0003448193,6.643e-07,3.8601e-06,0.0001422231,0.0202226761,-0.0027523105,-0.0003645558,0.0381480252,-0.0025390932,0.0123171661,-0.192046,2.278198,2.097044,0.54705,-0.176857,-0.810571,-0.111533
1413394986.00592,-3.722703,1.376579,1.518261,0.808239,-0.179041,0.536195,0.16489,0.0008440611,6.74314e-05,-0.0003368771,5.9747e-06,-2.69285e-05,0.000135144,0.0204280277,-0.0028230476,-0.0003572229,0.0366826653,-0.0025069598,0.0123365546,-0.489297,2.378264,2.18955,0.543623,-0.150633,-0.812525,-0.146929
1413394986.10592,-3.614118,1.344845,1.532403,0.806959,-0.179819,0.537278,0.166775,0.0008474352,6.87736e-05,-0.000334478,6.1806e-06,-2.71604e-05,0.0001327195,0.0205018448,-0.0028173378,-0.0003556196,0.0362005884,-0.0024944482,0.0123460927,-0.598008,2.401766,2.201886,0.544875,-0.151288,-0.811183,-0.149017
1413394986.20592,-3.500919,1.318602,1.547558,0.803823,-0.192391,0.541653,0.153188,0.0008528132,3.41215e-05,-0.0003349931,1.9699e-06,-1.3405e-05,0.0001322955,0.020557597,-0.0027840786,-0.0003532392,0.0357013203,-0.0024771798,0.0123515075,-0.712416,2.418853,2.2154,0.548265,-0.16276,-0.808804,-0.136965
1413394986.40592,-3.248793,1.271157,1.585739,0.797267,-0.219681,0.548975,0.121377,0.0008527634,-4.44461e-05,-0.0003365902,2.9439e-06,1.75651e-05,0.0001335786,0.0206648543,-0.0026837687,-0.0003462796,0.0347747842,-0.0024458918,0.0123658679,-0.952391,2.4479,2.257136,0.554924,-0.190868,-0.803024,-0.103839
1413394986.50592,-3.127825,1.242634,1.618468,0.796632,-0.220139,0.549338,0.123059,0.0008550408,-4.27629e-05,-0.0003358103,2.7773e-06,1.68165e-05,0.000132622,0.020733904,-0.002617839,-0.0003401413,0.0343000522,-0.0024306608,0.0123723139,-1.073277,2.467654,2.286265,0.555669,-0.192125,-0.802132,-0.104431
1413394986.70592,-2.882484,1.180738,1.679841,0.802985,-0.197132,0.540008,0.157307,0.0008564478,3.5971e-05,-0.000337509,2.1721e-06,-1.41761e-05,0.0001337688,0.0209083209,-0.0025088556,-0.000318112,0.0335283402,-0.0023947203,0.012363484,-1.317524,2.51705,2.35309,0.547797,-0.16966,-0.807513,-0.138067
1413394986.80592,-2.75425,1.149725,1.712887,0.803563,-0.187954,0.538553,0.170059,0.0008578174,6.47372e-05,-0.0003330559,5.5549e-06,-2.51396e-05,0.0001300839,0.0209893768,-0.0024213432,-0.0003135952,0.0331577165,-0.0023797465,0.0123720974,-1.44461,2.539408,2.386561,0.546695,-0.15985,-0.807843,-0.151537
1413394987.20592,-2.216574,1.058577,1.786272,0.783441,-0.222883,0.5657,0.128556,0.0008882484,-4.81505e-05,-0.0003062554,3.2975e-06,1.66476e-05,0.0001063906,0.0212962832,-0.0019632677,-0.0003003088,0.0319277372,-0.0023058352,0.0124220391,-1.976346,2.580852,2.472371,0.572653,-0.194999,-0.788577,-0.110413
1413394987.30592,-2.08608,1.037405,1.782663,0.780648,-0.217467,0.569522,0.137629,0.0008986813,-3.15932e-05,-0.0002956333,1.8026e-06,1.04354e-05,9.80562e-05,0.0214305803,-0.0018544691,-0.0002985038,0.0317181006,-0.0022837616,0.0124362417,-2.104069,2.591165,2.472419,0.577044,-0.191257,-0.785157,-0.118217
1413394988.00592,-1.308953,1.15326,1.78771,0.750751,-0.172208,0.603947,0.204854,0.0009605953,9.68287e-05,-0.0001827739,1.05515e-05,-1.84021e-05,3.56265e-05,0.021764579,-0.0011176859,-0.0002796015,0.0312896842,-0.0021729537,0.0126224015,-2.872101,2.440211,2.533069,0.613179,-0.146958,-0.753657,-0.185516
1413394988.10591,-1.244378,1.242725,1.781386,0.74446,-0.177663,0.611764,0.199898,0.0009698575,7.83798e-05,-0.0001692543,7.1194e-06,-1.36577e-05,3.03897e-05,0.0216106946,-0.0010065944,-0.0003990742,0.031295646,-0.0020984225,0.0125423585,-2.951667,2.36117,2.558088,0.620794,-0.151754,-0.74773,-0.180244
1413394988.20591,-1.1696,1.334968,1.796765,0.742501,-0.189677,0.615501,0.184048,0.0009748148,3.84537e-05,-0.0001725585,2.3126e-06,-6.7798e-06,3.14132e-05,0.0215330974,-0.0009965092,-0.0004168203,0.0313444848,-0.0020807896,0.0125694407,-3.019402,2.268276,2.583804,0.624517,-0.163236,-0.745655,-0.165342
1413394988.30591,-1.108679,1.439553,1.816403,0.739107,-0.211596,0.618384,0.162937,0.0009741653,-2.16283e-05,-0.0001801877,1.287e-06,4.0374e-06,3.42126e-05,0.021482488,-0.0009843459,-0.0004304849,0.0314022182,-0.0020664431,0.0125899731,-3.073601,2.166131,2.609781,0.626616,-0.184375,-0.743359,-0.144178
1413394988.40591,-1.051853,1.546498,1.839322,0.734957,-0.242433,0.616447,0.145113,0.0009621186,-8.53522e-05,-0.000194743,8.3979e-06,1.7325e-05,4.03211e-05,0.0214550569,-0.0010046004,-0.0004648247,0.0314687591,-0.0020493392,0.0125991506,-3.11256,2.061315,2.630002,0.624528,-0.214864,-0.74025,-0.125873
1413394988.50591,-1.02125,1.650697,1.84176,0.729253,-0.27823,0.609457,0.139066,0.0009431156,-0.0001338113,-0.0002130772,1.98334e-05,3.02918e-05,4.90708e-05,0.0214830919,-0.0010366228,-0.0004845746,0.0315424446,-0.0020305519,0.0126302851,-3.134933,1.959689,2.641334,0.617482,-0.250662,-0.736034,-0.118971
1413394988.70591,-1.011567,1.84144,1.828375,0.716194,-0.340262,0.581922,0.180705,0.000926193,-0.0001334074,-0.0002493311,2.00836e-05,3.59715e-05,6.81096e-05,0.0216675216,-0.0011516034,-0.0005216047,0.0316765607,-0.0019971987,0.012701905,-3.130219,1.778423,2.645403,0.59194,-0.314272,-0.725008,-0.158814
1413394988.80591,-1.027444,1.930457,1.81326,0.709522,-0.356893,0.568855,0.213565,0.0009333995,-0.0001006915,-0.0002545805,1.17325e-05,2.75081e-05,7.04454e-05,0.0218162538,-0.001216879,-0.0005395036,0.0317449505,-0.001980553,0.0127428973,-3.107677,1.696485,2.639028,0.579449,-0.332228,-0.719032,-0.192016
1413394988.90591,-1.051705,2.018717,1.791275,0.702006,-0.365854,0.561077,0.241931,0.0009444649,-6.98722e-05,-0.000248229,6.0455e-06,1.83961e-05,6.62624e-05,0.0219988991,-0.0012821932,-0.0005575052,0.0318191081,-0.0019631231,0.0127877223,-3.076836,1.616655,2.626202,0.572432,-0.342047,-0.711704,-0.220931
1413394989.30591,-1.196434,2.414551,1.695495,0.709296,-0.375848,0.5274,0.278365,0.0009343374,-2.0137e-06,-0.0002821623,9.275e-07,6.188e-07,8.63169e-05,0.0230937484,-0.0015092516,-0.0006370849,0.0322254776,-0.0018793454,0.0130116814,-2.90165,1.263059,2.571649,0.539697,-0.352336,-0.718823,-0.260541
1413394989.40591,-1.23423,2.522991,1.676748,0.71064,-0.379813,0.527219,0.269763,0.0009292103,-1.71172e-05,-0.000291106,1.2527e-06,5.3797e-06,9.23277e-05,0.0234763174,-0.0015509254,-0.0006589998,0.032364185,-0.0018531124,0.013080637,-2.854575,1.166213,2.564483,0.539109,-0.356121,-0.720383,-0.252169
1413394989.90591,-1.435305,3.058365,1.491777,0.740495,-0.359579,0.535372,0.189068,0.000885046,-0.0001003448,-0.000338538,1.23816e-05,3.83977e-05,0.0001306064,0.0231424533,-0.0015258461,-0.0005533445,0.0333247594,-0.0016939956,0.0135078397,-2.598234,0.693079,2.441142,0.544614,-0.33674,-0.74847,-0.172657
1413394990.00591,-1.478958,3.150935,1.432687,0.759865,-0.326888,0.536213,0.168002,0.000878274,-9.07093e-05,-0.0003499546,1.0382e-05,3.61551e-05,0.0001405891,0.0235433641,-0.0015230584,-0.0005555869,0.0335787865,-0.0016518642,0.0136182251,-2.543316,0.612947,2.393318,0.544745,-0.30486,-0.76653,-0.150895
1413394990.10591,-1.522629,3.235436,1.368223,0.779011,-0.280663,0.538989,0.154467,0.0008826399,-5.92325e-05,-0.0003535974,4.9932e-06,2.37256e-05,0.0001428292,0.0239622676,-0.0015140078,-0.0005561182,0.0338578771,-0.00160675,0.0137375174,-2.488187,0.540822,2.340325,0.547004,-0.258604,-0.784299,-0.137173
1413394990.50591,-1.755529,3.489711,1.076327,0.827652,-0.106243,0.544501,0.084986,0.0008727924,2.3992e-05,-0.0003727403,1.6947e-06,-1.031e-05,0.000160441,0.0248407524,-0.0017653839,-0.0007370826,0.0349594553,-0.0014133073,0.0142377761,-2.306277,0.286216,2.096676,0.55066,-0.079974,-0.828074,-0.068419
1413394990.55591,-1.788704,3.487706,1.021257,0.829523,-0.09683,0.54491,0.074762,0.0008719469,1.75642e-05,-0.0003744212,1.366e-06,-7.6272e-06,0.0001620006,0.0240329354,-0.0019863464,-0.0008470387,0.0349127544,-0.0015708226,0.0142178532,-2.290282,0.255217,2.069364,0.550542,-0.069927,-0.829812,-0.058595
1413394990.60591,-1.799519,3.52148,0.98745,0.831388,-0.090338,0.544292,0.066181,0.0008696121,1.07899e-05,-0.0003775594,1.1505e-06,-4.7665e-06,0.0001651628,0.024118984,-0.0020121573,-0.0008526188,0.0351104845,-0.00154757,0.0142974104,-2.275866,0.224128,2.042866,0.549901,-0.063056,-0.831331,-0.050248
1413394990.70591,-1.789771,3.541923,0.95174,0.833721,-0.080776,0.543421,0.05548,0.0008667821,4.5194e-06,-0.0003813646,1.0333e-06,-2.0291e-06,0.0001689284,0.0242575596,-0.0018729879,-0.0009907617,0.0334683225,-0.0018539801,0.0142001484,-2.253006,0.162941,1.993086,0.548668,-0.05289,-0.833461,-0.038854
1413394990.75591,-1.806167,3.587637,0.937354,0.833603,-0.079253,0.544191,0.051786,0.0008677298,-1.668e-07,-0.0003810712,1.0032e-06,4.11e-08,0.0001684909,0.0241660701,-0.0018277846,-0.0009375667,0.0333553741,-0.0019225849,0.0142004789,-2.245035,0.132628,1.969731,0.549129,-0.050788,-0.833448,-0.035255
1413394990.90592,-1.796345,3.66536,0.886924,0.833859,-0.077628,0.54422,0.049777,0.0008688175,-1.4163e-06,-0.000381717,1.0151e-06,5.966e-07,0.0001688516,0.0245081299,-0.0017842677,-0.0010397679,0.0333122666,-0.0018914066,0.0141260235,-2.235938,0.043728,1.905858,0.549212,-0.048993,-0.833612,-0.032505
1413394990.95592,-1.785484,3.696482,0.873087,0.833562,-0.079196,0.544417,0.050129,0.000869712,-2.7161e-06,-0.0003815098,1.0291e-06,1.1666e-06,0.0001685022,0.0246220109,-0.0018623341,-0.0011136707,0.0333677817,-0.0019073457,0.0140552883,-2.236873,0.014716,1.886806,0.54949,-0.050298,-0.833337,-0.032862
1413394991.00592,-1.886048,3.831551,0.917625,0.832631,-0.080996,0.545335,0.052677,0.0008712218,-8.923e-07,-0.0003804067,9.478e-07,4.002e-07,0.0001672303,0.023796565,-0.0009205655,-0.000895979,0.0323634194,-0.0021875589,0.0135818257,-2.240071,-0.013965,1.868828,0.550012,-0.051446,-0.832862,-0.034367
1413394991.05592,-1.982871,3.88017,0.925521,0.832197,-0.083744,0.545296,0.05557,0.0008720674,1.6276e-06,-0.000379568,9.276e-07,-7.119e-07,0.0001663315,0.0234654593,-0.0005097262,-0.0007687605,0.0324404643,-0.0021845412,0.0133527952,-2.245081,-0.042484,1.851841,0.550113,-0.052804,-0.832621,-0.036466
1413394991.10592,-1.973801,3.91019,0.905936,0.831083,-0.088058,0.546445,0.054271,0.0008746987,-5.6473e-06,-0.0003775937,9.646e-07,2.4354e-06,0.0001641281,0.0235785365,-0.0002758243,-0.0008087338,0.032579566,-0.0021732733,0.0133599504,-2.251984,-0.071019,1.835781,0.550996,-0.0567,-0.831804,-0.035937
1413394991.15592,-1.965424,3.941511,0.886833,0.829394,-0.0924,0.548392,0.053242,0.0008782548,-1.23042e-05,-0.000374568,1.1056e-06,5.2466e-06,0.0001608707,0.0236626568,-0.0002668482,-0.0008234748,0.0325665218,-0.0021529117,0.0133152616,-2.260778,-0.099326,1.820774,0.552696,-0.061101,-0.830412,-0.034788
1413394991.20592,-1.947649,3.979694,0.897394,0.827774,-0.097066,0.550046,0.053079,0.0008809748,-1.80819e-05,-0.0003717148,1.3037e-06,7.6345e-06,0.0001579498,0.02370777,-0.0001945275,-0.0008553279,0.032443995,-0.002176116,0.0131082024,-2.271531,-0.127093,1.806569,0.554406,-0.065421,-0.828973,-0.034042
1413394991.25592,-1.917044,3.916525,0.976002,0.826882,-0.103647,0.550169,0.053264,0.0008744054,-2.36983e-05,-0.0003690212,1.5135e-06,1.00273e-05,0.0001567578,0.0235576896,6.18457e-05,-0.0008188332,0.0318444422,-0.0021811391,0.0127215101,-2.283841,-0.154059,1.792823,0.554656,-0.071351,-0.828302,-0.034408
1413394991.45593,-1.854841,4.017212,0.928628,0.820258,-0.143155,0.549463,0.069091,0.0008703933,-4.1195e-05,-0.0003652954,2.7641e-06,1.73287e-05,0.0001543091,0.023535586,-8.19746e-05,-0.0008142086,0.0316978066,-0.0021850773,0.0126993014,-2.347168,-0.250293,1.743958,0.554321,-0.108222,-0.823847,-0.04795
1413394991.50593,-1.8315,4.025925,0.922381,0.817247,-0.156422,0.549268,0.077101,0.0008661745,-4.2905e-05,-0.0003609242,2.9111e-06,1.79171e-05,0.0001513711,0.0236223209,-8.00313e-05,-0.00081627,0.0316695985,-0.0021893009,0.0126858531,-2.365928,-0.270894,1.733653,0.554404,-0.119803,-0.821769,-0.054654
1413394992.10594,-1.552581,4.173592,0.838984,0.758743,-0.264088,0.575999,0.150972,0.0009042687,-7.15742e-05,-0.0002744343,6.4629e-06,2.17482e-05,8.4209e-05,0.0241631026,-0.0005017366,-0.0008254559,0.0313267746,-0.002182694,0.012625596,-2.624592,-0.444739,1.653237,0.585303,-0.224149,-0.769265,-0.124147
1413394992.15594,-1.534831,4.183331,0.831339,0.757165,-0.276689,0.572549,0.149439,0.0008863246,-8.45795e-05,-0.0002784507,8.8668e-06,2.66021e-05,8.84009e-05,0.0240859736,-0.0005497121,-0.0008154001,0.031295462,-0.0021883118,0.0126119465,-2.640399,-0.455632,1.648266,0.582418,-0.235247,-0.768439,-0.122291
1413394992.80593,-1.40478,4.20145,0.839135,0.735352,-0.338829,0.538402,0.233615,0.0008880081,-1.93574e-05,-0.0002900532,1.2291e-06,6.2909e-06,9.56774e-05,0.0240901838,-0.0007544295,-0.0007871252,0.0311509631,-0.0021949834,0.0125839843,-2.750046,-0.475346,1.651291,0.551736,-0.29917,-0.749849,-0.209319
1413394992.85593,-1.396743,4.202853,0.844693,0.731968,-0.346386,0.539278,0.231125,0.0008847925,-3.28066e-05,-0.000289265,2.0141e-06,1.06921e-05,9.54924e-05,0.0240670977,-0.0007725053,-0.0007809635,0.0311366297,-0.0021987733,0.0125777075,-2.757041,-0.475623,1.652894,0.552468,-0.30737,-0.746589,-0.207152
1413394992.90593,-1.389459,4.202892,0.850515,0.728611,-0.354122,0.540031,0.228233,0.0008797323,-4.64544e-05,-0.0002887982,3.2431e-06,1.52208e-05,9.57234e-05,0.0240648421,-0.0007828398,-0.0007757323,0.0311256701,-0.0022024016,0.0125709671,-2.763412,-0.475992,1.654244,0.552869,-0.315452,-0.743616,-0.204605
1413394993.15593,-1.359875,4.190108,0.832711,0.726693,-0.365852,0.530536,0.23791,0.0008738567,-3.95813e-05,-0.000298595,2.5712e-06,1.34859e-05,0.0001029652,0.0240179718,-0.000832409,-0.0007668086,0.0310992774,-0.00220536,0.0125632669,-2.784128,-0.471317,1.632976,0.544632,-0.32802,-0.741809,-0.213308
1413394993.20593,-1.354325,4.185371,0.820773,0.728078,-0.364519,0.527914,0.241529,0.0008723049,-3.0948e-05,-0.0002999641,1.8571e-06,1.05971e-05,0.0001040822,0.0239889618,-0.0008455902,-0.0007632812,0.031092925,-0.0022065225,0.01256041,-2.786886,-0.468994,1.621018,0.542127,-0.32646,-0.743278,-0.216936
1413394993.45593,-1.339346,4.171591,0.748482,0.7366,-0.347113,0.517557,0.262808,0.0008713273,2.47436e-05,-0.0003000105,1.4387e-06,-8.5891e-06,0.0001042306,0.0239207642,-0.000883048,-0.0007546599,0.0310744633,-0.0022097793,0.0125535684,-2.798972,-0.458725,1.540772,0.531885,-0.310623,-0.750376,-0.239891
1413394993.50593,-1.330297,4.165456,0.727126,0.73717,-0.345897,0.51573,0.266381,0.0008687556,3.25041e-05,-0.000298701,1.9252e-06,-1.12484e-05,0.0001036301,0.0239154233,-0.0008861713,-0.0007513787,0.0310692637,-0.0022119692,0.0125499729,-2.803127,-0.458173,1.524877,0.530688,-0.307741,-0.75162,-0.242348
1413394993.75593,-1.29527,4.175435,0.649681,0.731456,-0.355628,0.519387,0.262181,0.0008687747,1.21156e-05,-0.0002955548,8.547e-07,-4.1974e-06,0.0001014661,0.02392228,-0.0009628375,-0.0007467898,0.0310470151,-0.0022127884,0.0125461548,-2.834419,-0.468204,1.446182,0.533034,-0.316909,-0.747316,-0.238671
1413394993.85593,-1.280837,4.182079,0.610542,0.722486,-0.374541,0.519141,0.261201,0.0008638732,-1.13675e-05,-0.0002952173,8.221e-07,3.811e-06,0.0001017837,0.0239537111,-0.0009890669,-0.00074514,0.0310371922,-0.0022136393,0.0125449152,-2.848799,-0.474618,1.406754,0.532651,-0.336437,-0.739376,-0.237533
1413394993.90593,-1.274326,4.188432,0.58766,0.716623,-0.386513,0.518547,0.26109,0.0008563561,-2.53167e-05,-0.0002942412,1.4041e-06,8.6343e-06,0.0001019751,0.0239642067,-0.0009982057,-0.0007443573,0.0310276952,-0.0022144911,0.0125441717,-2.855676,-0.477562,1.383682,0.531879,-0.348898,-0.734022,-0.237897
1413394993.95593,-1.28195,4.204268,0.569571,0.713234,-0.393008,0.519888,0.257989,0.0008201588,-3.61436e-05,-0.0002822801,2.223e-06,1.23872e-05,9.79839e-05,0.0239684848,-0.0009922831,-0.0007388575,0.0309952733,-0.0022183976,0.0125401874,-2.862023,-0.479908,1.359584,0.530733,-0.362378,-0.727804,-0.239406
1413394994.00593,-1.275337,4.20747,0.546429,0.705138,-0.407611,0.51863,0.260107,0.0008096371,-4.90935e-05,-0.0002792327,3.604e-06,1.68854e-05,9.71274e-05,0.0240233038,-0.0009686519,-0.0007385699,0.0309902378,-0.0022205819,0.0125392863,-2.867612,-0.481492,1.335023,0.529471,-0.376824,-0.720685,-0.24143
1413394994.15593,-1.275687,4.212102,0.479475,0.682522,-0.443543,0.510695,0.276811,0.0007910923,-6.40334e-05,-0.0002720174,5.8143e-06,2.19701e-05,9.43378e-05,0.024033195,-0.0009779336,-0.0007360569,0.0309658708,-0.0022222317,0.0125367618,-2.87622,-0.482508,1.272044,0.520936,-0.416646,-0.698384,-0.259429
1413394994.20593,-1.279321,4.210303,0.464724,0.674709,-0.453779,0.506458,0.286971,0.0007875032,-6.13647e-05,-0.000267905,5.4133e-06,2.08256e-05,9.19357e-05,0.0240317686,-0.0009591604,-0.0007345993,0.0309611592,-0.0022241302,0.012535361,-2.875894,-0.480691,1.258126,0.516705,-0.428285,-0.690484,-0.269876
1413394995.10594,-1.262404,4.290266,0.425175,0.610155,-0.51977,0.458992,0.383244,0.0008068307,-9.5331e-06,-0.0002393122,8.423e-07,2.7526e-06,7.17813e-05,0.0243599929,-0.0009687992,-0.0007339942,0.0309552976,-0.0022211602,0.0125529037,-2.912932,-0.487509,1.283648,0.468975,-0.496707,-0.630623,-0.368326
1413394995.20593,-1.242018,4.323872,0.394947,0.608103,-0.529633,0.464864,0.365515,0.0007947644,-4.12991e-05,-0.0002506394,2.8716e-06,1.29521e-05,7.98564e-05,0.0244657732,-0.0010254319,-0.0007340807,0.0309466177,-0.0022214577,0.0125542708,-2.934613,-0.504528,1.253391,0.474626,-0.50667,-0.628588,-0.350566
1413394995.80593,-1.18087,4.4193,0.119914,0.621101,-0.528951,0.451922,0.360847,0.0007836748,-2.59218e-05,-0.0002744266,1.6277e-06,8.9978e-06,9.69924e-05,0.0249626825,-0.0011701164,-0.0007338453,0.0310100239,-0.0022119534,0.0126048389,-3.008581,-0.533143,1.019555,0.45963,-0.50663,-0.6431,-0.344225
1413394995.90593,-1.174859,4.422308,0.087728,0.61541,-0.52667,0.459252,0.364659,0.0007947468,-3.05496e-05,-0.0002607018,1.9537e-06,9.9429e-06,8.64113e-05,0.0249753211,-0.0011923626,-0.0007323852,0.0310330589,-0.0022103095,0.0126186703,-3.017745,-0.523841,0.994421,0.467458,-0.504376,-0.637277,-0.347801
1413394996.10593,-1.171773,4.446744,0.053034,0.60946,-0.519881,0.463267,0.379033,0.0008120615,-1.80162e-05,-0.0002394257,1.1985e-06,5.2288e-06,7.14888e-05,0.0251237549,-0.0012140583,-0.0007315425,0.0310950624,-0.0022075713,0.0126528316,-3.026345,-0.521342,0.970954,0.471503,-0.49769,-0.631607,-0.362031
1413394996.60593,-1.164044,4.522565,0.016865,0.616592,-0.512544,0.461091,0.380142,0.0008150372,-4.5499e-06,-0.0002418379,6.984e-07,1.1832e-06,7.26657e-05,0.0254452199,-0.0012513737,-0.0007837927,0.0313388599,-0.002209985,0.0127676619,-3.02676,-0.530926,0.959551,0.47007,-0.490442,-0.637708,-0.363083
1413394996.70593,-1.164688,4.537284,0.011245,0.617718,-0.51362,0.459556,0.378719,0.0008129477,-4.8004e-06,-0.0002463384,7.094e-07,1.287e-06,7.55683e-05,0.0254866454,-0.0013098421,-0.0007905447,0.0314062654,-0.0022077911,0.0128029116,-3.02694,-0.530492,0.958605,0.468448,-0.491233,-0.638907,-0.362002
1413394996.80593,-1.165247,4.553177,0.006688,0.61704,-0.513181,0.460418,0.379371,0.0008149999,-4.9772e-06,-0.0002445779,7.2e-07,1.3255e-06,7.43307e-05,0.0255683673,-0.0013261591,-0.0007988673,0.0314868653,-0.0022069163,0.0128423279,-3.027009,-0.53105,0.958691,0.469208,-0.490789,-0.638274,-0.362736
1413394996.90593,-1.165825,4.568862,0.002032,0.617073,-0.513377,0.460382,0.379096,0.0008154836,-5.3775e-06,-0.0002451769,7.336e-07,1.4481e-06,7.46597e-05,0.0256506752,-0.0013440992,-0.0008080615,0.0315770101,-0.0022059647,0.0128862061,-3.026909,-0.531078,0.958515,0.468949,-0.490926,-0.638516,-0.362459
1413394997.30593,-1.166978,4.634012,-0.014946,0.617003,-0.513561,0.460655,0.378628,0.0008183135,-6.3464e-06,-0.0002462448,7.829e-07,1.739e-06,7.5098e-05,0.026009656,-0.0014364466,-0.0008552258,0.0320490112,-0.0022011737,0.0131141361,-3.026477,-0.53158,0.958312,0.469091,-0.490903,-0.638657,-0.362058
1413394997.40593,-1.167045,4.650891,-0.018827,0.616972,-0.513609,0.460655,0.378614,0.000819041,-6.4317e-06,-0.0002464888,7.935e-07,1.7642e-06,7.51922e-05,0.0261078098,-0.0014649879,-0.0008699605,0.0321992934,-0.0021996903,0.0131863552,-3.026556,-0.531428,0.958298,0.468977,-0.490996,-0.638634,-0.362119
1413394997.50593,-1.1669,4.668093,-0.022498,0.616983,-0.513598,0.46062,0.378652,0.0008197787,-6.3585e-06,-0.0002467231,8.018e-07,1.7416e-06,7.52799e-05,0.0262102155,-0.0014961763,-0.0008860255,0.0323643753,-0.0021980666,0.0132655981,-3.027099,-0.530958,0.958421,0.468912,-0.490964,-0.63866,-0.3622
1413394997.60593,-1.166677,4.685612,-0.026149,0.616979,-0.513608,0.460635,0.378628,0.0008205139,-6.419e-06,-0.000246959,8.122e-07,1.7594e-06,7.5369e-05,0.0263171232,-0.0015297956,-0.000903498,0.0325453152,-0.0021963008,0.0133523696,-3.028216,-0.529904,0.958456,0.468908,-0.490967,-0.638706,-0.36212
