protocol,fold_id,test_environment,test_trajectory,covariance_strategy,score_scale,method,feedback,alpha,target_coverage,n_test,coverage,absolute_coverage_gap,median_log_task_volume_m3,p90_log_task_volume_m3,mean_log_task_volume_m3,mean_radius,rolling_coverage_mae_100,longest_miss_streak
pooled_same_robot,pooled_same_robot:OV_MH_01_easy,MH,OV_MH_01_easy,raw_openvins,constant,ACI,calibration_only,0.1,0.9,2669,0.9213188460097415,0.021318846009741432,3.0793849175119306,4.120323069344497,2.7432064753278316,22.833727658266653,0.08864591439688738,26
pooled_same_robot,pooled_same_robot:OV_MH_01_easy,MH,OV_MH_01_easy,raw_openvins,constant,AgACI-EWA,calibration_only,0.1,0.9,2669,0.9584113900337204,0.05841139003372042,3.0007441431199338,4.1526441565834995,2.5078524178782833,21.474083034974228,0.06132684824902766,5
pooled_same_robot,pooled_same_robot:OV_MH_01_easy,MH,OV_MH_01_easy,raw_openvins,constant,ACI,recent_100,0.1,0.9,2669,0.8400149868864744,0.059985013113525665,3.1739856253552396,4.265666495419087,2.684203303777281,22.633909284545314,0.14390661478599226,40
pooled_same_robot,pooled_same_robot:OV_MH_01_easy,MH,OV_MH_01_easy,raw_openvins,constant,AgACI-EWA,recent_100,0.1,0.9,2669,0.8224053952791308,0.07759460472086921,3.0088448912655377,4.177681590042895,2.463222403912037,21.283512595956786,0.1391011673151751,33
pooled_same_robot,pooled_same_robot:OV_MH_01_easy,MH,OV_MH_01_easy,raw_openvins,constant,ACI,recent_300,0.1,0.9,2669,0.8658673660547022,0.03413263394529786,3.300642979338331,4.255282551257237,2.791813072131316,23.334942373219164,0.14352529182879392,35
pooled_same_robot,pooled_same_robot:OV_MH_01_easy,MH,OV_MH_01_easy,raw_openvins,constant,AgACI-EWA,recent_300,0.1,0.9,2669,0.8628699887598351,0.037130011240164906,2.9706858433188197,4.141554629208609,2.4181244315407753,20.96393670694715,0.10378988326848258,34
pooled_same_robot,pooled_same_robot:OV_MH_01_easy,MH,OV_MH_01_easy,raw_openvins,loglinear_covariance,ACI,calibration_only,0.1,0.9,2669,0.9261895841139003,0.026189584113900266,3.33423217219135,4.804850290221164,3.0992331635649273,28.870575609801502,0.06826848249027256,12
pooled_same_robot,pooled_same_robot:OV_MH_01_easy,MH,OV_MH_01_easy,raw_openvins,loglinear_covariance,AgACI-EWA,calibration_only,0.1,0.9,2669,0.9662795054327463,0.0662795054327463,3.62024083971869,5.162014302819873,3.694298807867469,32.671071273869906,0.08577431906614823,10
pooled_same_robot,pooled_same_robot:OV_MH_01_easy,MH,OV_MH_01_easy,raw_openvins,loglinear_covariance,ACI,recent_100,0.1,0.9,2669,0.8838516298239041,0.01614837017609594,3.2378936524417687,4.648666796890959,2.8986253893644642,25.21678912505846,0.09017120622568099,25
pooled_same_robot,pooled_same_robot:OV_MH_01_easy,MH,OV_MH_01_easy,raw_openvins,loglinear_covariance,AgACI-EWA,recent_100,0.1,0.9,2669,0.8658673660547022,0.03413263394529786,3.0573824906841383,4.463600907664959,2.6351809778016198,22.892807064726885,0.07181712062256805,25
pooled_same_robot,pooled_same_robot:OV_MH_01_easy,MH,OV_MH_01_easy,raw_openvins,loglinear_covariance,ACI,recent_300,0.1,0.9,2669,0.8853503184713376,0.014649681528662417,3.3687992149730874,5.090372114312862,3.054570357337812,26.376973274040154,0.11022178988326865,37
pooled_same_robot,pooled_same_robot:OV_MH_01_easy,MH,OV_MH_01_easy,raw_openvins,loglinear_covariance,AgACI-EWA,recent_300,0.1,0.9,2669,0.8879730236043462,0.012026976395653866,3.0952075894365896,4.548418834887465,2.6456491888846876,22.962190231845984,0.06428015564202337,25
pooled_same_robot,pooled_same_robot:OV_MH_01_easy,MH,OV_MH_01_easy,raw_openvins,loglinear_covariance_time,ACI,calibration_only,0.1,0.9,2669,0.9261895841139003,0.026189584113900266,3.3357448632273456,4.811601695777908,3.090876609559545,28.766005957205714,0.06765369649805465,10
pooled_same_robot,pooled_same_robot:OV_MH_01_easy,MH,OV_MH_01_easy,raw_openvins,loglinear_covariance_time,AgACI-EWA,calibration_only,0.1,0.9,2669,0.9662795054327463,0.0662795054327463,3.605565500134322,5.182530032811204,3.6852497515915745,32.55486387676902,0.08531517509727661,10
pooled_same_robot,pooled_same_robot:OV_MH_01_easy,MH,OV_MH_01_easy,raw_openvins,loglinear_covariance_time,ACI,recent_100,0.1,0.9,2669,0.8842263019857625,0.015773698014237558,3.2384987655499353,4.644776849483713,2.8991148363561727,25.25033309841122,0.08940856031128411,25
pooled_same_robot,pooled_same_robot:OV_MH_01_easy,MH,OV_MH_01_easy,raw_openvins,loglinear_covariance_time,AgACI-EWA,recent_100,0.1,0.9,2669,0.8669913825402773,0.03300861745972272,3.057846033909856,4.467479318972757,2.6358968267663454,22.91068743306268,0.07077431906614781,25
pooled_same_robot,pooled_same_robot:OV_MH_01_easy,MH,OV_MH_01_easy,raw_openvins,loglinear_covariance_time,ACI,recent_300,0.1,0.9,2669,0.8849756463094792,0.015024353690520797,3.3591707293365616,5.09804128511315,3.054199803541901,26.40076005001042,0.11054085603112858,37
pooled_same_robot,pooled_same_robot:OV_MH_01_easy,MH,OV_MH_01_easy,raw_openvins,loglinear_covariance_time,AgACI-EWA,recent_300,0.1,0.9,2669,0.8872236792806294,0.012776320719370626,3.0941114708143056,4.536732366058068,2.6410090513371935,22.87767311682677,0.06288715953307396,25
pooled_same_robot,pooled_same_robot:OV_MH_01_easy,MH,OV_MH_01_easy,raw_openvins_fit_bias,constant,ACI,calibration_only,0.1,0.9,2669,0.9160734357437242,0.016073435743724218,4.38376970713861,5.269776055175738,4.314771956590856,37.078209336432316,0.0841595330739301,24
pooled_same_robot,pooled_same_robot:OV_MH_01_easy,MH,OV_MH_01_easy,raw_openvins_fit_bias,constant,AgACI-EWA,calibration_only,0.1,0.9,2669,0.9535406519295616,0.05354065192956159,4.206467560662492,5.284021284961083,4.079742926667479,34.559134293741735,0.05388326848249071,3
pooled_same_robot,pooled_same_robot:OV_MH_01_easy,MH,OV_MH_01_easy,raw_openvins_fit_bias,loglinear_covariance,ACI,calibration_only,0.1,0.9,2669,0.9224428624953166,0.022442862495316573,4.689497521617371,5.64463854331602,4.400838729203772,38.969370470519316,0.07421789883268498,31
pooled_same_robot,pooled_same_robot:OV_MH_01_easy,MH,OV_MH_01_easy,raw_openvins_fit_bias,loglinear_covariance,AgACI-EWA,calibration_only,0.1,0.9,2669,0.9310603222180592,0.03106032221805921,4.348210351679845,5.515953928647111,4.147500430613528,37.19696281058462,0.052046692607004154,10
pooled_same_robot,pooled_same_robot:OV_MH_01_easy,MH,OV_MH_01_easy,raw_openvins_fit_bias,loglinear_covariance_time,ACI,calibration_only,0.1,0.9,2669,0.9265642562757587,0.026564256275758646,4.796279589837614,5.721988798806057,4.382402742048141,38.939860169319175,0.07182490272373562,30
pooled_same_robot,pooled_same_robot:OV_MH_01_easy,MH,OV_MH_01_easy,raw_openvins_fit_bias,loglinear_covariance_time,AgACI-EWA,calibration_only,0.1,0.9,2669,0.9246908954664669,0.024690895466466856,4.2750465442393315,5.4208939291031255,4.080626783679505,35.25647468147181,0.051031128404669536,17
pooled_same_robot,pooled_same_robot:OV_MH_01_easy,MH,OV_MH_01_easy,diagonal_openvins,constant,ACI,calibration_only,0.1,0.9,2669,0.9063319595354066,0.0063319595354065505,1.3006220901158887,4.315487723128315,1.7801221396557219,15.038825708525412,0.06968871595330753,25
pooled_same_robot,pooled_same_robot:OV_MH_01_easy,MH,OV_MH_01_easy,diagonal_openvins,constant,AgACI-EWA,calibration_only,0.1,0.9,2669,0.9179467965530161,0.01794679655301612,0.9349903020946986,4.360456437690606,1.4122537358588954,14.108021972807547,0.041529182879377624,5
pooled_same_robot,pooled_same_robot:OV_MH_01_easy,MH,OV_MH_01_easy,diagonal_openvins,loglinear_covariance,ACI,calibration_only,0.1,0.9,2669,0.9149494192581491,0.014949419258149077,1.2716119247428086,4.062683759778033,1.5911743214514107,14.154684413499242,0.07436964980544764,21
pooled_same_robot,pooled_same_robot:OV_MH_01_easy,MH,OV_MH_01_easy,diagonal_openvins,loglinear_covariance,AgACI-EWA,calibration_only,0.1,0.9,2669,0.9273136005994754,0.027313600599475407,0.9034224376126012,4.204560336843795,1.270585165515742,13.261134982651946,0.048813229571984716,7
pooled_same_robot,pooled_same_robot:OV_MH_01_easy,MH,OV_MH_01_easy,diagonal_openvins,loglinear_covariance_time,ACI,calibration_only,0.1,0.9,2669,0.9142000749344323,0.014200074934432316,1.2259464719792712,4.068769796397687,1.585440774290804,14.132200174368156,0.07293385214007798,20
pooled_same_robot,pooled_same_robot:OV_MH_01_easy,MH,OV_MH_01_easy,diagonal_openvins,loglinear_covariance_time,AgACI-EWA,calibration_only,0.1,0.9,2669,0.9291869614087673,0.02918696140876731,0.9430791987680749,4.212564161804633,1.2700110905201683,13.314255850674957,0.05075875486381351,8
pooled_same_robot,pooled_same_robot:OV_MH_01_easy,MH,OV_MH_01_easy,diagonal_openvins_fit_bias,constant,ACI,calibration_only,0.1,0.9,2669,0.9022105657549644,0.0022105657549643665,2.1024750997596904,4.110006524087601,2.4443769931940498,18.05799609692651,0.06143190661478611,31
pooled_same_robot,pooled_same_robot:OV_MH_01_easy,MH,OV_MH_01_easy,diagonal_openvins_fit_bias,constant,AgACI-EWA,calibration_only,0.1,0.9,2669,0.9134507306107156,0.013450730610715556,1.829264558162805,4.315290054800381,2.266973886306701,17.66947750770487,0.03670038910505852,11
pooled_same_robot,pooled_same_robot:OV_MH_01_easy,MH,OV_MH_01_easy,diagonal_openvins_fit_bias,loglinear_covariance,ACI,calibration_only,0.1,0.9,2669,0.910828025477707,0.010828025477707004,1.8950463524347754,4.010898352634522,2.19619255454975,16.81303117943446,0.0720311284046694,14
pooled_same_robot,pooled_same_robot:OV_MH_01_easy,MH,OV_MH_01_easy,diagonal_openvins_fit_bias,loglinear_covariance,AgACI-EWA,calibration_only,0.1,0.9,2669,0.9254402397901836,0.025440239790183616,1.6229638213601962,4.074506867399818,2.0044174361186955,16.039032856712353,0.039163424124513894,5
pooled_same_robot,pooled_same_robot:OV_MH_01_easy,MH,OV_MH_01_easy,diagonal_openvins_fit_bias,loglinear_covariance_time,ACI,calibration_only,0.1,0.9,2669,0.9123267141251405,0.012326714125140525,1.880089335816443,4.0228496059392045,2.1934459577631173,16.805945547040086,0.07268093385214022,14
pooled_same_robot,pooled_same_robot:OV_MH_01_easy,MH,OV_MH_01_easy,diagonal_openvins_fit_bias,loglinear_covariance_time,AgACI-EWA,calibration_only,0.1,0.9,2669,0.9359310603222181,0.035931060322218045,1.6438326303596966,4.095879432269355,2.013534593333156,16.086837721191433,0.043809338521401106,5
pooled_same_robot,pooled_same_robot:OV_MH_01_easy,MH,OV_MH_01_easy,standardized_correlation,constant,ACI,calibration_only,0.1,0.9,2669,0.8973398276508056,0.0026601723491944673,2.2428283260214865,3.0810060250111566,2.223035782261422,3.6420144194366535,0.0589961089494164,18
pooled_same_robot,pooled_same_robot:OV_MH_01_easy,MH,OV_MH_01_easy,standardized_correlation,constant,AgACI-EWA,calibration_only,0.1,0.9,2669,0.9434245035593856,0.04342450355938554,2.252595241535875,3.2121206629897574,2.208926355360457,3.706328401209763,0.04844747081712104,11
pooled_same_robot,pooled_same_robot:OV_MH_01_easy,MH,OV_MH_01_easy,standardized_correlation,constant,ACI,recent_100,0.1,0.9,2669,0.8381416260771825,0.06185837392281757,2.2216508675038034,3.22031493457941,2.1952708087518995,3.6365847040460637,0.1228287937743191,47
pooled_same_robot,pooled_same_robot:OV_MH_01_easy,MH,OV_MH_01_easy,standardized_correlation,constant,AgACI-EWA,recent_100,0.1,0.9,2669,0.8179093293368302,0.08209067066316977,2.1326264408545796,3.1259315531888463,2.0785748370485004,3.5079015867879693,0.11340077821011667,47
pooled_same_robot,pooled_same_robot:OV_MH_01_easy,MH,OV_MH_01_easy,standardized_correlation,constant,ACI,recent_300,0.1,0.9,2669,0.84563506931435,0.05436493068565007,2.2401939425130952,3.201052621561187,2.2178658078149827,3.658435593482841,0.11759533073929962,47
pooled_same_robot,pooled_same_robot:OV_MH_01_easy,MH,OV_MH_01_easy,standardized_correlation,constant,AgACI-EWA,recent_300,0.1,0.9,2669,0.8388909704008992,0.061109029599100806,2.1361446383996325,3.091620898737862,2.0599873643577915,3.4872324715995346,0.10012451361867704,48
pooled_same_robot,pooled_same_robot:OV_MH_01_easy,MH,OV_MH_01_easy,standardized_correlation,loglinear_covariance,ACI,calibration_only,0.1,0.9,2669,0.8962158111652304,0.0037841888347696084,2.310659397570658,3.182771517719292,2.273659524752748,3.7516060505124313,0.06800778210116737,32
pooled_same_robot,pooled_same_robot:OV_MH_01_easy,MH,OV_MH_01_easy,standardized_correlation,loglinear_covariance,AgACI-EWA,calibration_only,0.1,0.9,2669,0.9220681903334582,0.022068190333458193,2.247217151104171,3.1372601199113865,2.19221309097733,3.722740004502842,0.039412451361867926,15
pooled_same_robot,pooled_same_robot:OV_MH_01_easy,MH,OV_MH_01_easy,standardized_correlation,loglinear_covariance,ACI,recent_100,0.1,0.9,2669,0.8677407268639941,0.03225927313600596,2.3938735379100846,3.4308726354527885,2.3260252676536455,3.869555698585779,0.09072762645914399,30
pooled_same_robot,pooled_same_robot:OV_MH_01_easy,MH,OV_MH_01_easy,standardized_correlation,loglinear_covariance,AgACI-EWA,recent_100,0.1,0.9,2669,0.8523791682278007,0.047620831772199335,2.2448781293765654,3.1702313599074277,2.1313964376255154,3.614231050755351,0.0800116731517509,44
pooled_same_robot,pooled_same_robot:OV_MH_01_easy,MH,OV_MH_01_easy,standardized_correlation,loglinear_covariance,ACI,recent_300,0.1,0.9,2669,0.8819782690146122,0.01802173098538784,2.3578143223294656,3.3715163198637956,2.3169805845352394,3.8299009564181015,0.0927587548638133,31
pooled_same_robot,pooled_same_robot:OV_MH_01_easy,MH,OV_MH_01_easy,standardized_correlation,loglinear_covariance,AgACI-EWA,recent_300,0.1,0.9,2669,0.8729861371300113,0.027013862869988747,2.189711406982526,3.178751407260906,2.1021510133722674,3.5788176282047193,0.06505447470817119,44
pooled_same_robot,pooled_same_robot:OV_MH_01_easy,MH,OV_MH_01_easy,standardized_correlation,loglinear_covariance_time,ACI,calibration_only,0.1,0.9,2669,0.8984638441363807,0.0015361558636193262,2.2135240055574474,3.0395531938593954,2.1907264649166542,3.6177828868000117,0.06635797665369657,27
pooled_same_robot,pooled_same_robot:OV_MH_01_easy,MH,OV_MH_01_easy,standardized_correlation,loglinear_covariance_time,AgACI-EWA,calibration_only,0.1,0.9,2669,0.9239415511427501,0.023941551142750095,2.1999721964003527,3.0270945441850383,2.1099359164653557,3.5579525013766866,0.044299610894941895,20
pooled_same_robot,pooled_same_robot:OV_MH_01_easy,MH,OV_MH_01_easy,standardized_correlation,loglinear_covariance_time,ACI,recent_100,0.1,0.9,2669,0.8666167103784189,0.0333832896215811,2.3234253867900927,3.3655749739164986,2.2520481305018936,3.7404575188379803,0.09298832684824905,28
pooled_same_robot,pooled_same_robot:OV_MH_01_easy,MH,OV_MH_01_easy,standardized_correlation,loglinear_covariance_time,AgACI-EWA,recent_100,0.1,0.9,2669,0.8411390033720495,0.058860996627950524,2.1901864805410747,3.0966553863447666,2.074272795028156,3.526542348634336,0.08829182879377424,39
pooled_same_robot,pooled_same_robot:OV_MH_01_easy,MH,OV_MH_01_easy,standardized_correlation,loglinear_covariance_time,ACI,recent_300,0.1,0.9,2669,0.8804795803671788,0.01952041963282125,2.3036847526658017,3.300891115036168,2.266029450538255,3.7439888311658978,0.09298443579766545,34
pooled_same_robot,pooled_same_robot:OV_MH_01_easy,MH,OV_MH_01_easy,standardized_correlation,loglinear_covariance_time,AgACI-EWA,recent_300,0.1,0.9,2669,0.8681153990258523,0.03188460097414769,2.157527001923137,3.075044315088883,2.0552809731637494,3.5072885428063505,0.06979377431906612,39
pooled_same_robot,pooled_same_robot:OV_MH_01_easy,MH,OV_MH_01_easy,whitened_correlation,constant,ACI,calibration_only,0.1,0.9,2669,0.8137879355563882,0.08621206444361185,3.772065877006064,12.746814457479932,4.584523665511022,8.87639071741772,0.14755642023346302,50
pooled_same_robot,pooled_same_robot:OV_MH_01_easy,MH,OV_MH_01_easy,whitened_correlation,constant,AgACI-EWA,calibration_only,0.1,0.9,2669,0.8298988385162982,0.07010116148370182,3.66497674794197,12.75051327684199,4.1549504644781745,9.023694606013475,0.09542412451361877,2
pooled_same_robot,pooled_same_robot:OV_MH_01_easy,MH,OV_MH_01_easy,whitened_correlation,loglinear_covariance,ACI,calibration_only,0.1,0.9,2669,0.9014612214312476,0.0014612214312476057,3.718579606048504,5.444218310239697,3.578173266728805,2.7527604195313033,0.059260700389105164,7
pooled_same_robot,pooled_same_robot:OV_MH_01_easy,MH,OV_MH_01_easy,whitened_correlation,loglinear_covariance,AgACI-EWA,calibration_only,0.1,0.9,2669,0.9235668789808917,0.023566878980891715,3.784453888899894,5.52328479835784,3.3444141526785574,2.6666730577839,0.029322957198443838,1
pooled_same_robot,pooled_same_robot:OV_MH_01_easy,MH,OV_MH_01_easy,whitened_correlation,loglinear_covariance_time,ACI,calibration_only,0.1,0.9,2669,0.9040839265642563,0.004083926564256268,3.6065673480356226,5.444984799677372,3.544613561547528,2.7145863720865004,0.059856031128404784,9
pooled_same_robot,pooled_same_robot:OV_MH_01_easy,MH,OV_MH_01_easy,whitened_correlation,loglinear_covariance_time,AgACI-EWA,calibration_only,0.1,0.9,2669,0.9291869614087673,0.02918696140876731,3.7622716306591606,5.526374180368565,3.329174888730176,2.64275901170344,0.03228404669260736,2
pooled_same_robot,pooled_same_robot:OV_MH_01_easy,MH,OV_MH_01_easy,correlation_shrink_0.25,constant,ACI,calibration_only,0.1,0.9,2669,0.9082053203446984,0.008205320344698341,1.4951685506115826,4.020029858542806,1.7757492215056887,15.842183931156738,0.07669260700389122,24
pooled_same_robot,pooled_same_robot:OV_MH_01_easy,MH,OV_MH_01_easy,correlation_shrink_0.25,constant,AgACI-EWA,calibration_only,0.1,0.9,2669,0.916822780067441,0.01682278006744098,1.01241329392428,4.075299146660908,1.4235572090227102,14.68232122903237,0.04061478599221809,5
pooled_same_robot,pooled_same_robot:OV_MH_01_easy,MH,OV_MH_01_easy,correlation_shrink_0.25,loglinear_covariance,ACI,calibration_only,0.1,0.9,2669,0.9205695016860247,0.02056950168602467,1.3955778090912823,3.9781178347004222,1.6804109055659535,15.556997126709286,0.07617120622568109,17
pooled_same_robot,pooled_same_robot:OV_MH_01_easy,MH,OV_MH_01_easy,correlation_shrink_0.25,loglinear_covariance,AgACI-EWA,calibration_only,0.1,0.9,2669,0.9520419632821281,0.05204196328212807,0.9013082692947307,4.01238601143026,1.27684699249021,14.053457967298339,0.056233463035019866,4
pooled_same_robot,pooled_same_robot:OV_MH_01_easy,MH,OV_MH_01_easy,correlation_shrink_0.25,loglinear_covariance_time,ACI,calibration_only,0.1,0.9,2669,0.9183214687148745,0.0183214687148745,1.4053827077147139,4.017069203321562,1.671495950402333,15.634984131715727,0.07929571984435814,17
pooled_same_robot,pooled_same_robot:OV_MH_01_easy,MH,OV_MH_01_easy,correlation_shrink_0.25,loglinear_covariance_time,AgACI-EWA,calibration_only,0.1,0.9,2669,0.9524166354439865,0.05241663544398645,0.8670092794502988,4.016402799921663,1.278663011649689,14.089815763892872,0.05601556420233504,3
pooled_same_robot,pooled_same_robot:OV_MH_01_easy,MH,OV_MH_01_easy,correlation_shrink_0.25_fit_bias,constant,ACI,calibration_only,0.1,0.9,2669,0.9037092544023979,0.003709254402397888,2.267536993321526,3.909053177193982,2.4808851306753277,19.231525400253286,0.06628793774319078,33
pooled_same_robot,pooled_same_robot:OV_MH_01_easy,MH,OV_MH_01_easy,correlation_shrink_0.25_fit_bias,constant,AgACI-EWA,calibration_only,0.1,0.9,2669,0.9250655676283253,0.025065567628325236,1.8923028865914588,4.078733869341207,2.301526120431724,18.745455626836357,0.03985992217898856,8
pooled_same_robot,pooled_same_robot:OV_MH_01_easy,MH,OV_MH_01_easy,correlation_shrink_0.25_fit_bias,loglinear_covariance,ACI,calibration_only,0.1,0.9,2669,0.9153240914200075,0.015324091420007457,2.1956492772363614,4.015459071355056,2.407892509257982,19.085883504180217,0.07145525291828812,19
pooled_same_robot,pooled_same_robot:OV_MH_01_easy,MH,OV_MH_01_easy,correlation_shrink_0.25_fit_bias,loglinear_covariance,AgACI-EWA,calibration_only,0.1,0.9,2669,0.9321843387036344,0.03218433870363435,1.8673398974875415,3.9570718092587467,2.1493055003158896,17.637550453510187,0.037797665369650145,3
pooled_same_robot,pooled_same_robot:OV_MH_01_easy,MH,OV_MH_01_easy,correlation_shrink_0.25_fit_bias,loglinear_covariance_time,ACI,calibration_only,0.1,0.9,2669,0.9156987635818659,0.015698763581865838,2.209499734507591,4.028683881857409,2.416405693297603,19.14465276366356,0.07144747081712083,19
pooled_same_robot,pooled_same_robot:OV_MH_01_easy,MH,OV_MH_01_easy,correlation_shrink_0.25_fit_bias,loglinear_covariance_time,AgACI-EWA,calibration_only,0.1,0.9,2669,0.9340576995129262,0.03405769951292614,1.8653510390542465,3.955920148398462,2.1470616306049144,17.628612270072747,0.03803112840466963,4
pooled_same_robot,pooled_same_robot:OV_MH_01_easy,MH,OV_MH_01_easy,correlation_shrink_0.50,constant,ACI,calibration_only,0.1,0.9,2669,0.9070813038591232,0.0070813038591232,1.3618789668700675,4.20201970456303,1.763455899566934,15.32403621790581,0.0723268482490274,25
pooled_same_robot,pooled_same_robot:OV_MH_01_easy,MH,OV_MH_01_easy,correlation_shrink_0.50,constant,AgACI-EWA,calibration_only,0.1,0.9,2669,0.9190708130385913,0.01907081303859126,0.9653720561986852,4.2604561776530385,1.4014981551413919,14.259359756921011,0.03980544747081734,5
pooled_same_robot,pooled_same_robot:OV_MH_01_easy,MH,OV_MH_01_easy,correlation_shrink_0.50,loglinear_covariance,ACI,calibration_only,0.1,0.9,2669,0.9186961408767329,0.01869614087673288,1.3079276598303888,4.067907311434943,1.613123897001993,14.709338514646078,0.07850194552529201,17
pooled_same_robot,pooled_same_robot:OV_MH_01_easy,MH,OV_MH_01_easy,correlation_shrink_0.50,loglinear_covariance,AgACI-EWA,calibration_only,0.1,0.9,2669,0.9482952416635444,0.048295241663544375,0.8217302115039846,4.105369947471646,1.2018973182560058,13.371356894343798,0.05408560311284085,5
pooled_same_robot,pooled_same_robot:OV_MH_01_easy,MH,OV_MH_01_easy,correlation_shrink_0.50,loglinear_covariance_time,ACI,calibration_only,0.1,0.9,2669,0.9175721243911578,0.01757212439115774,1.2652955718226728,4.07106589239104,1.61673174549593,14.753976439672098,0.07783268482490287,18
pooled_same_robot,pooled_same_robot:OV_MH_01_easy,MH,OV_MH_01_easy,correlation_shrink_0.50,loglinear_covariance_time,AgACI-EWA,calibration_only,0.1,0.9,2669,0.9486699138254028,0.048669913825402755,0.8354134638924116,4.0799375479087505,1.1992957322036322,13.359469289602876,0.05272373540856071,5
pooled_same_robot,pooled_same_robot:OV_MH_01_easy,MH,OV_MH_01_easy,correlation_shrink_0.50_fit_bias,constant,ACI,calibration_only,0.1,0.9,2669,0.9029599100786811,0.002959910078681127,2.1313578514175653,4.012016936905486,2.4393543994930895,18.422783586931047,0.062260700389105174,31
pooled_same_robot,pooled_same_robot:OV_MH_01_easy,MH,OV_MH_01_easy,correlation_shrink_0.50_fit_bias,constant,AgACI-EWA,calibration_only,0.1,0.9,2669,0.9183214687148745,0.0183214687148745,1.775695012047759,4.229822092754913,2.2491160501214646,17.979266749943715,0.037622568093385426,10
pooled_same_robot,pooled_same_robot:OV_MH_01_easy,MH,OV_MH_01_easy,correlation_shrink_0.50_fit_bias,loglinear_covariance,ACI,calibration_only,0.1,0.9,2669,0.9156987635818659,0.015698763581865838,2.0182325400448136,4.077083143670953,2.268877542577934,17.68711721559681,0.07680155642023363,16
pooled_same_robot,pooled_same_robot:OV_MH_01_easy,MH,OV_MH_01_easy,correlation_shrink_0.50_fit_bias,loglinear_covariance,AgACI-EWA,calibration_only,0.1,0.9,2669,0.9505432746346947,0.05054327463469466,1.6734315646607847,4.0356299557616,2.0108264048177857,16.445871837830786,0.05096498054474752,5
pooled_same_robot,pooled_same_robot:OV_MH_01_easy,MH,OV_MH_01_easy,correlation_shrink_0.50_fit_bias,loglinear_covariance_time,ACI,calibration_only,0.1,0.9,2669,0.9160734357437242,0.016073435743724218,2.006221702230878,4.071630424525662,2.2573210648258732,17.617419071972215,0.07722957198443599,16
pooled_same_robot,pooled_same_robot:OV_MH_01_easy,MH,OV_MH_01_easy,correlation_shrink_0.50_fit_bias,loglinear_covariance_time,AgACI-EWA,calibration_only,0.1,0.9,2669,0.9527913076058449,0.05279130760584483,1.6630040735304856,4.034829340309933,2.003590904851617,16.392006943369363,0.05382101167315218,3
pooled_same_robot,pooled_same_robot:OV_MH_01_easy,MH,OV_MH_01_easy,correlation_shrink_0.75,constant,ACI,calibration_only,0.1,0.9,2669,0.9067066316972648,0.00670663169726482,1.315264680943729,4.29734721288831,1.7694517570640114,15.098436275277338,0.07025291828793791,25
pooled_same_robot,pooled_same_robot:OV_MH_01_easy,MH,OV_MH_01_easy,correlation_shrink_0.75,constant,AgACI-EWA,calibration_only,0.1,0.9,2669,0.9250655676283253,0.025065567628325236,0.9576688580267314,4.34384574940056,1.4025240736050317,14.154406840161657,0.04193774319066171,6
pooled_same_robot,pooled_same_robot:OV_MH_01_easy,MH,OV_MH_01_easy,correlation_shrink_0.75,loglinear_covariance,ACI,calibration_only,0.1,0.9,2669,0.9171974522292994,0.01719745222929936,1.3284817444060266,4.050819136395299,1.5966329568585507,14.29472922767141,0.07475486381322972,19
pooled_same_robot,pooled_same_robot:OV_MH_01_easy,MH,OV_MH_01_easy,correlation_shrink_0.75,loglinear_covariance,AgACI-EWA,calibration_only,0.1,0.9,2669,0.928812289246909,0.02881228924690893,0.8961965966339882,4.1821844987661105,1.2548125363760025,13.306324811784515,0.047856031128404926,9
pooled_same_robot,pooled_same_robot:OV_MH_01_easy,MH,OV_MH_01_easy,correlation_shrink_0.75,loglinear_covariance_time,ACI,calibration_only,0.1,0.9,2669,0.9164481079055826,0.0164481079055826,1.2832556470290903,4.073669180804942,1.5974278706679224,14.301431139438177,0.07151750972762662,17
pooled_same_robot,pooled_same_robot:OV_MH_01_easy,MH,OV_MH_01_easy,correlation_shrink_0.75,loglinear_covariance_time,AgACI-EWA,calibration_only,0.1,0.9,2669,0.9276882727613338,0.027688272761333788,0.9069917269904098,4.185240095881663,1.2489611529282885,13.31955294397734,0.04768482490272401,7
pooled_same_robot,pooled_same_robot:OV_MH_01_easy,MH,OV_MH_01_easy,correlation_shrink_0.75_fit_bias,constant,ACI,calibration_only,0.1,0.9,2669,0.9025852379168228,0.002585237916822747,2.101494689067372,4.099319666049321,2.4299395846790803,18.089593099200247,0.06195330739299623,31
pooled_same_robot,pooled_same_robot:OV_MH_01_easy,MH,OV_MH_01_easy,correlation_shrink_0.75_fit_bias,constant,AgACI-EWA,calibration_only,0.1,0.9,2669,0.916822780067441,0.01682278006744098,1.782618214797866,4.275645938762746,2.2487762385213523,17.658158697823247,0.035420233463035224,10
pooled_same_robot,pooled_same_robot:OV_MH_01_easy,MH,OV_MH_01_easy,correlation_shrink_0.75_fit_bias,loglinear_covariance,ACI,calibration_only,0.1,0.9,2669,0.913825402772574,0.013825402772573936,1.9434146417290972,4.039283655910038,2.200154823384991,16.943097572109775,0.07493774319066164,16
pooled_same_robot,pooled_same_robot:OV_MH_01_easy,MH,OV_MH_01_easy,correlation_shrink_0.75_fit_bias,loglinear_covariance,AgACI-EWA,calibration_only,0.1,0.9,2669,0.9370550768077932,0.037055076807793186,1.624422005463959,4.047138708286727,1.9785754669160132,15.99742409146068,0.0458287937743194,5
pooled_same_robot,pooled_same_robot:OV_MH_01_easy,MH,OV_MH_01_easy,correlation_shrink_0.75_fit_bias,loglinear_covariance_time,ACI,calibration_only,0.1,0.9,2669,0.9149494192581491,0.014949419258149077,1.9199818214998725,4.062934193123037,2.1953689779934256,16.921934559327234,0.07617120622568108,15
pooled_same_robot,pooled_same_robot:OV_MH_01_easy,MH,OV_MH_01_easy,correlation_shrink_0.75_fit_bias,loglinear_covariance_time,AgACI-EWA,calibration_only,0.1,0.9,2669,0.9299363057324841,0.02993630573248407,1.6071580386309137,4.0401493703006155,1.967687395609417,15.94261510871618,0.039299610894941925,5
pooled_same_robot,pooled_same_robot:OV_MH_01_easy,MH,OV_MH_01_easy,normalized_empirical_blend_0.25,constant,ACI,calibration_only,0.1,0.9,2669,0.9040839265642563,0.004083926564256268,-3.22368956417601,-2.282448751582119,-3.098363290701313,3.0094327342681493,0.06335019455252924,7
pooled_same_robot,pooled_same_robot:OV_MH_01_easy,MH,OV_MH_01_easy,normalized_empirical_blend_0.25,constant,AgACI-EWA,calibration_only,0.1,0.9,2669,0.9730236043461971,0.07302360434619704,-3.291382776428194,-2.274645664103688,-3.185299210116889,2.9381617669635762,0.07366926070038957,2
pooled_same_robot,pooled_same_robot:OV_MH_01_easy,MH,OV_MH_01_easy,normalized_empirical_blend_0.25,loglinear_covariance,ACI,calibration_only,0.1,0.9,2669,0.9059572873735482,0.00595728737354817,-3.0221391087522003,-2.106319319360893,-2.9831273845098116,3.1398808744054283,0.06714007782101176,17
pooled_same_robot,pooled_same_robot:OV_MH_01_easy,MH,OV_MH_01_easy,normalized_empirical_blend_0.25,loglinear_covariance,AgACI-EWA,calibration_only,0.1,0.9,2669,0.9542899962532784,0.05428999625327835,-3.202658425805054,-2.186409665652228,-3.1202972054689946,3.013606887627455,0.05767315175097314,5
pooled_same_robot,pooled_same_robot:OV_MH_01_easy,MH,OV_MH_01_easy,normalized_empirical_blend_0.25,loglinear_covariance_time,ACI,calibration_only,0.1,0.9,2669,0.9055826152116898,0.00558261521168979,-3.0161771645274227,-2.088947139970532,-2.980490531495586,3.1465226905737835,0.06807782101167323,17
pooled_same_robot,pooled_same_robot:OV_MH_01_easy,MH,OV_MH_01_easy,normalized_empirical_blend_0.25,loglinear_covariance_time,AgACI-EWA,calibration_only,0.1,0.9,2669,0.9561633570625703,0.05616335706257025,-3.2122220208742336,-2.173542687890187,-3.118784470040758,3.0173621553264875,0.057042801556420664,5
pooled_same_robot,pooled_same_robot:OV_MH_01_easy,MH,OV_MH_01_easy,normalized_empirical_blend_0.50,constant,ACI,calibration_only,0.1,0.9,2669,0.9044585987261147,0.004458598726114649,-2.8675876619724807,-2.2123060038324462,-2.9029793797757515,3.1358882608484904,0.05945914396887162,7
pooled_same_robot,pooled_same_robot:OV_MH_01_easy,MH,OV_MH_01_easy,normalized_empirical_blend_0.50,constant,AgACI-EWA,calibration_only,0.1,0.9,2669,0.9782690146122143,0.07826901461221425,-2.8989731557282488,-2.256200225357286,-2.9550076235988163,3.0936689625075027,0.0779766536964985,2
pooled_same_robot,pooled_same_robot:OV_MH_01_easy,MH,OV_MH_01_easy,normalized_empirical_blend_0.50,constant,ACI,recent_100,0.1,0.9,2669,0.8257774447358561,0.0742225552641439,-2.7805329890077033,-2.05512481804866,-2.8399923236131737,3.2151172654399014,0.14435019455252918,53
pooled_same_robot,pooled_same_robot:OV_MH_01_easy,MH,OV_MH_01_easy,normalized_empirical_blend_0.50,constant,AgACI-EWA,recent_100,0.1,0.9,2669,0.8111652304233795,0.08883476957662051,-2.8773519552455014,-2.1790199294558295,-2.934705614449916,3.1196749635344054,0.14902723735408557,53
pooled_same_robot,pooled_same_robot:OV_MH_01_easy,MH,OV_MH_01_easy,normalized_empirical_blend_0.50,constant,ACI,recent_300,0.1,0.9,2669,0.8553765455226676,0.0446234544773324,-2.8352017188848775,-1.8852099939062261,-2.7682487138744345,3.2826408641825537,0.12942412451361873,53
pooled_same_robot,pooled_same_robot:OV_MH_01_easy,MH,OV_MH_01_easy,normalized_empirical_blend_0.50,constant,AgACI-EWA,recent_300,0.1,0.9,2669,0.8763581865867366,0.023641813413263435,-2.9095322283035365,-2.18927472267172,-2.9279428599512776,3.1245556271062838,0.10211673151750984,53
pooled_same_robot,pooled_same_robot:OV_MH_01_easy,MH,OV_MH_01_easy,normalized_empirical_blend_0.50,loglinear_covariance,ACI,calibration_only,0.1,0.9,2669,0.9082053203446984,0.008205320344698341,-2.8607200665335766,-1.9518568780381873,-2.794827119766387,3.2815544399159142,0.05808560311284054,11
pooled_same_robot,pooled_same_robot:OV_MH_01_easy,MH,OV_MH_01_easy,normalized_empirical_blend_0.50,loglinear_covariance,AgACI-EWA,calibration_only,0.1,0.9,2669,0.9610340951667291,0.061034095166729085,-2.8816129067845555,-2.088581133676029,-2.899175185463052,3.1705884041946963,0.061762645914397334,3
pooled_same_robot,pooled_same_robot:OV_MH_01_easy,MH,OV_MH_01_easy,normalized_empirical_blend_0.50,loglinear_covariance,ACI,recent_100,0.1,0.9,2669,0.8628699887598351,0.037130011240164906,-2.83640915798504,-1.8958303952968925,-2.770940283065008,3.309532838556881,0.1144280155642024,43
pooled_same_robot,pooled_same_robot:OV_MH_01_easy,MH,OV_MH_01_easy,normalized_empirical_blend_0.50,loglinear_covariance,AgACI-EWA,recent_100,0.1,0.9,2669,0.8362682652678906,0.06373173473210947,-2.8922105379172045,-2.1962997244006717,-2.900890123070129,3.166874861880475,0.10981712062256808,30
pooled_same_robot,pooled_same_robot:OV_MH_01_easy,MH,OV_MH_01_easy,normalized_empirical_blend_0.50,loglinear_covariance,ACI,recent_300,0.1,0.9,2669,0.8658673660547022,0.03413263394529786,-2.8269713826455005,-1.5849581966184192,-2.646468611074497,3.4530753801596266,0.10837354085603121,30
pooled_same_robot,pooled_same_robot:OV_MH_01_easy,MH,OV_MH_01_easy,normalized_empirical_blend_0.50,loglinear_covariance,AgACI-EWA,recent_300,0.1,0.9,2669,0.8609966279505433,0.0390033720494567,-2.907853810659387,-2.1088554880500086,-2.882335395209317,3.1848798042661177,0.09367704280155642,30
pooled_same_robot,pooled_same_robot:OV_MH_01_easy,MH,OV_MH_01_easy,normalized_empirical_blend_0.50,loglinear_covariance_time,ACI,calibration_only,0.1,0.9,2669,0.9082053203446984,0.008205320344698341,-2.8600509597909474,-1.9506104573802727,-2.794967214714599,3.281455178668264,0.058085603112840535,11
pooled_same_robot,pooled_same_robot:OV_MH_01_easy,MH,OV_MH_01_easy,normalized_empirical_blend_0.50,loglinear_covariance_time,AgACI-EWA,calibration_only,0.1,0.9,2669,0.962907455976021,0.06290745597602099,-2.882053969290345,-2.0862626883600885,-2.8988649534223763,3.170990119224828,0.06330350194552575,3
pooled_same_robot,pooled_same_robot:OV_MH_01_easy,MH,OV_MH_01_easy,normalized_empirical_blend_0.50,loglinear_covariance_time,ACI,recent_100,0.1,0.9,2669,0.8628699887598351,0.037130011240164906,-2.8363928266027525,-1.8958679840179773,-2.7710467283377183,3.309462408324993,0.1144280155642024,43
pooled_same_robot,pooled_same_robot:OV_MH_01_easy,MH,OV_MH_01_easy,normalized_empirical_blend_0.50,loglinear_covariance_time,AgACI-EWA,recent_100,0.1,0.9,2669,0.8370176095916073,0.06298239040839271,-2.8923555354376624,-2.1962024717040705,-2.9006606222916003,3.1671900447804107,0.10954474708171205,30
pooled_same_robot,pooled_same_robot:OV_MH_01_easy,MH,OV_MH_01_easy,normalized_empirical_blend_0.50,loglinear_covariance_time,ACI,recent_300,0.1,0.9,2669,0.8658673660547022,0.03413263394529786,-2.82701206911256,-1.5852854615551095,-2.64668538664279,3.452857872514804,0.10835797665369658,30
pooled_same_robot,pooled_same_robot:OV_MH_01_easy,MH,OV_MH_01_easy,normalized_empirical_blend_0.50,loglinear_covariance_time,AgACI-EWA,recent_300,0.1,0.9,2669,0.8609966279505433,0.0390033720494567,-2.907823183448203,-2.109138789840253,-2.882488069166047,3.1847544546805766,0.09445525291828794,30
pooled_same_robot,pooled_same_robot:OV_MH_01_easy,MH,OV_MH_01_easy,normalized_empirical_blend_0.75,constant,ACI,calibration_only,0.1,0.9,2669,0.90783064818284,0.007830648182839961,-2.3693549049974134,-1.6144880009013343,-2.34088817726339,3.809828447947398,0.05767704280155646,12
pooled_same_robot,pooled_same_robot:OV_MH_01_easy,MH,OV_MH_01_easy,normalized_empirical_blend_0.75,constant,AgACI-EWA,calibration_only,0.1,0.9,2669,0.9700262270513301,0.0700262270513301,-2.4004004152209593,-1.6373277896089742,-2.4100111063222784,3.7353764381992876,0.07207392996108995,7
pooled_same_robot,pooled_same_robot:OV_MH_01_easy,MH,OV_MH_01_easy,normalized_empirical_blend_0.75,loglinear_covariance,ACI,calibration_only,0.1,0.9,2669,0.9112026976395654,0.011202697639565384,-2.384413775407104,-1.4856216399508269,-2.329940666640906,3.875871857327767,0.049428015564202406,6
pooled_same_robot,pooled_same_robot:OV_MH_01_easy,MH,OV_MH_01_easy,normalized_empirical_blend_0.75,loglinear_covariance,AgACI-EWA,calibration_only,0.1,0.9,2669,0.9685275384038966,0.06852753840389658,-2.4283818129974515,-1.5333627874477844,-2.3830818295158784,3.7931762586191855,0.06870038910505884,1
pooled_same_robot,pooled_same_robot:OV_MH_01_easy,MH,OV_MH_01_easy,normalized_empirical_blend_0.75,loglinear_covariance_time,ACI,calibration_only,0.1,0.9,2669,0.9119520419632822,0.011952041963282145,-2.389569670114522,-1.4712184652495013,-2.330014710361959,3.872678657713657,0.048805447470817234,8
pooled_same_robot,pooled_same_robot:OV_MH_01_easy,MH,OV_MH_01_easy,normalized_empirical_blend_0.75,loglinear_covariance_time,AgACI-EWA,calibration_only,0.1,0.9,2669,0.9632821281378794,0.06328212813787937,-2.432000848940219,-1.5376585582186921,-2.387816410302536,3.7861272371718226,0.06314007782101214,2
pooled_same_robot,pooled_same_robot:OV_MH_02_easy,MH,OV_MH_02_easy,raw_openvins,constant,ACI,calibration_only,0.1,0.9,2212,0.924502712477396,0.024502712477395994,2.8747697942923693,3.3896649922703013,2.5730981265197217,20.25615876643455,0.07743965925224817,17
pooled_same_robot,pooled_same_robot:OV_MH_02_easy,MH,OV_MH_02_easy,raw_openvins,constant,AgACI-EWA,calibration_only,0.1,0.9,2212,0.9181735985533453,0.018173598553345327,2.5638604989192735,3.391122641630489,1.7223453169392402,16.698946257044405,0.026076668244202822,2
pooled_same_robot,pooled_same_robot:OV_MH_02_easy,MH,OV_MH_02_easy,raw_openvins,constant,ACI,recent_100,0.1,0.9,2212,0.8110307414104883,0.08896925858951177,2.5202517329308147,3.4146745879262044,1.7019333491937647,16.778164227020014,0.16658305726455286,48
pooled_same_robot,pooled_same_robot:OV_MH_02_easy,MH,OV_MH_02_easy,raw_openvins,constant,AgACI-EWA,recent_100,0.1,0.9,2212,0.7870705244122965,0.1129294755877035,2.4433958883706977,3.3980511432223692,1.5163897782695723,15.951720877713429,0.16457643161381927,48
pooled_same_robot,pooled_same_robot:OV_MH_02_easy,MH,OV_MH_02_easy,raw_openvins,constant,ACI,recent_300,0.1,0.9,2212,0.8453887884267631,0.054611211573236895,2.666253042565526,3.406056015813268,1.8802591319969544,17.51520634119885,0.1625792711784195,48
pooled_same_robot,pooled_same_robot:OV_MH_02_easy,MH,OV_MH_02_easy,raw_openvins,constant,AgACI-EWA,recent_300,0.1,0.9,2212,0.8178119349005425,0.08218806509945753,2.4243902623776714,3.3627704225638158,1.5051425535976874,15.910207960728615,0.14597255087553251,48
pooled_same_robot,pooled_same_robot:OV_MH_02_easy,MH,OV_MH_02_easy,raw_openvins,loglinear_covariance,ACI,calibration_only,0.1,0.9,2212,0.9208860759493671,0.02088607594936709,2.8159033822536417,3.7799167697651597,2.5543175141675127,20.520335848252653,0.10057737813535282,22
pooled_same_robot,pooled_same_robot:OV_MH_02_easy,MH,OV_MH_02_easy,raw_openvins,loglinear_covariance,AgACI-EWA,calibration_only,0.1,0.9,2212,0.9190777576853526,0.01907775768535258,2.4098932602221326,3.4614746453571765,1.611974934443425,16.25316677493318,0.029720776147657606,4
pooled_same_robot,pooled_same_robot:OV_MH_02_easy,MH,OV_MH_02_easy,raw_openvins,loglinear_covariance,ACI,recent_100,0.1,0.9,2212,0.8575949367088608,0.042405063291139244,2.6211152809189273,3.8580984362608324,1.8201993108972512,17.754863708753543,0.11262659725508763,45
pooled_same_robot,pooled_same_robot:OV_MH_02_easy,MH,OV_MH_02_easy,raw_openvins,loglinear_covariance,AgACI-EWA,recent_100,0.1,0.9,2212,0.8426763110307414,0.05732368896925866,2.426443604931975,3.555747228060065,1.5513711687719243,16.169164882342614,0.1043208707998107,41
pooled_same_robot,pooled_same_robot:OV_MH_02_easy,MH,OV_MH_02_easy,raw_openvins,loglinear_covariance,ACI,recent_300,0.1,0.9,2212,0.8833634719710669,0.016636528028933117,2.8398790300780252,3.8686381528504206,2.0264451742694973,18.827277648059738,0.11627543776620934,40
pooled_same_robot,pooled_same_robot:OV_MH_02_easy,MH,OV_MH_02_easy,raw_openvins,loglinear_covariance,AgACI-EWA,recent_300,0.1,0.9,2212,0.8847197106690777,0.015280289330922292,2.449945371739825,3.560220398750912,1.5748628121543604,16.286113516192238,0.08745385707524857,23
pooled_same_robot,pooled_same_robot:OV_MH_02_easy,MH,OV_MH_02_easy,raw_openvins,loglinear_covariance_time,ACI,calibration_only,0.1,0.9,2212,0.918625678119349,0.01862567811934901,2.720563170084562,3.796402670411676,2.5141886707173153,20.299290129091375,0.09538097491717956,24
pooled_same_robot,pooled_same_robot:OV_MH_02_easy,MH,OV_MH_02_easy,raw_openvins,loglinear_covariance_time,AgACI-EWA,calibration_only,0.1,0.9,2212,0.9172694394213382,0.017269439421338184,2.4290269400294973,3.500221192454524,1.6240352655492138,16.37694154502619,0.030378608613346195,5
pooled_same_robot,pooled_same_robot:OV_MH_02_easy,MH,OV_MH_02_easy,raw_openvins,loglinear_covariance_time,ACI,recent_100,0.1,0.9,2212,0.8553345388788427,0.044665461121157324,2.6148524390430037,3.909087175534857,1.8240772088964783,17.804114868019017,0.10765262659725512,38
pooled_same_robot,pooled_same_robot:OV_MH_02_easy,MH,OV_MH_02_easy,raw_openvins,loglinear_covariance_time,AgACI-EWA,recent_100,0.1,0.9,2212,0.8444846292947559,0.05551537070524415,2.424355827256357,3.594565583438213,1.5647744301452369,16.27163619516305,0.09415049692380506,39
pooled_same_robot,pooled_same_robot:OV_MH_02_easy,MH,OV_MH_02_easy,raw_openvins,loglinear_covariance_time,ACI,recent_300,0.1,0.9,2212,0.8820072332730561,0.017992766726943943,2.7967208609550718,3.8992346070560315,2.019101684897439,18.814554326317563,0.10841457643161395,35
pooled_same_robot,pooled_same_robot:OV_MH_02_easy,MH,OV_MH_02_easy,raw_openvins,loglinear_covariance_time,AgACI-EWA,recent_300,0.1,0.9,2212,0.8765822784810127,0.023417721518987356,2.45831508186171,3.5544815402514653,1.578074315269235,16.316941430653404,0.08094178892569816,23
pooled_same_robot,pooled_same_robot:OV_MH_02_easy,MH,OV_MH_02_easy,raw_openvins_fit_bias,constant,ACI,calibration_only,0.1,0.9,2212,0.9177215189873418,0.017721518987341756,4.065128769882627,4.749795850200904,3.982385860721899,32.05734222122013,0.08651680075721742,18
pooled_same_robot,pooled_same_robot:OV_MH_02_easy,MH,OV_MH_02_easy,raw_openvins_fit_bias,constant,AgACI-EWA,calibration_only,0.1,0.9,2212,0.9122965641952984,0.012296564195298343,3.6101507842872325,4.78145754221538,3.2636294017308565,27.017893336118046,0.02306672976810245,1
pooled_same_robot,pooled_same_robot:OV_MH_02_easy,MH,OV_MH_02_easy,raw_openvins_fit_bias,loglinear_covariance,ACI,calibration_only,0.1,0.9,2212,0.9199819168173599,0.019981916817359835,3.8188256388870654,5.05401005344298,3.760334555378871,30.4861632244654,0.09448177946048296,25
pooled_same_robot,pooled_same_robot:OV_MH_02_easy,MH,OV_MH_02_easy,raw_openvins_fit_bias,loglinear_covariance,AgACI-EWA,calibration_only,0.1,0.9,2212,0.9113924050632911,0.011392405063291089,3.497234229177979,4.924600096184207,3.1510937692799255,26.355260562746995,0.027974443918599344,4
pooled_same_robot,pooled_same_robot:OV_MH_02_easy,MH,OV_MH_02_easy,raw_openvins_fit_bias,loglinear_covariance_time,ACI,calibration_only,0.1,0.9,2212,0.9231464737793852,0.023146473779385168,3.8553496903637674,5.057209585460998,3.78622721748234,30.63074798563793,0.09715570279223874,25
pooled_same_robot,pooled_same_robot:OV_MH_02_easy,MH,OV_MH_02_easy,raw_openvins_fit_bias,loglinear_covariance_time,AgACI-EWA,calibration_only,0.1,0.9,2212,0.9150090415913201,0.015009041591320105,3.529804713727147,4.891790626994436,3.160991681545419,26.37278821673156,0.030241362991008262,3
pooled_same_robot,pooled_same_robot:OV_MH_02_easy,MH,OV_MH_02_easy,diagonal_openvins,constant,ACI,calibration_only,0.1,0.9,2212,0.9195298372513563,0.019529837251356263,1.132328504610098,3.2549038814427123,1.1408776671765095,11.63647059584082,0.0848982489351635,15
pooled_same_robot,pooled_same_robot:OV_MH_02_easy,MH,OV_MH_02_easy,diagonal_openvins,constant,AgACI-EWA,calibration_only,0.1,0.9,2212,0.9371609403254972,0.037160940325497216,0.7547049708412472,3.292353652391894,0.4147690891701332,10.134677624203828,0.04499763369616693,5
pooled_same_robot,pooled_same_robot:OV_MH_02_easy,MH,OV_MH_02_easy,diagonal_openvins,loglinear_covariance,ACI,calibration_only,0.1,0.9,2212,0.916365280289331,0.01636528028933093,1.0771384017161445,3.2007893191941905,1.0327962509707485,11.543970590830371,0.08220539517274036,17
pooled_same_robot,pooled_same_robot:OV_MH_02_easy,MH,OV_MH_02_easy,diagonal_openvins,loglinear_covariance,AgACI-EWA,calibration_only,0.1,0.9,2212,0.9349005424954792,0.03490054249547914,0.6384359779002438,3.35074589031317,0.4759624064219072,10.160648393085971,0.05337908187411286,5
pooled_same_robot,pooled_same_robot:OV_MH_02_easy,MH,OV_MH_02_easy,diagonal_openvins,loglinear_covariance_time,ACI,calibration_only,0.1,0.9,2212,0.9159132007233273,0.015913200723327248,1.0248751933948266,3.166215309826142,1.0469953363822975,11.558686060176228,0.0819403691433982,17
pooled_same_robot,pooled_same_robot:OV_MH_02_easy,MH,OV_MH_02_easy,diagonal_openvins,loglinear_covariance_time,AgACI-EWA,calibration_only,0.1,0.9,2212,0.9263110307414105,0.0263110307414105,0.5899186140278738,3.322770573169055,0.47688361506092647,10.179216198707177,0.04892569805963106,6
pooled_same_robot,pooled_same_robot:OV_MH_02_easy,MH,OV_MH_02_easy,diagonal_openvins_fit_bias,constant,ACI,calibration_only,0.1,0.9,2212,0.9113924050632911,0.011392405063291089,1.0715354877792294,2.925029342582346,1.1988556270204278,11.719981195753242,0.0937150970184574,28
pooled_same_robot,pooled_same_robot:OV_MH_02_easy,MH,OV_MH_02_easy,diagonal_openvins_fit_bias,constant,AgACI-EWA,calibration_only,0.1,0.9,2212,0.9421338155515371,0.04213381555153706,0.5139426075088531,3.0585180568051933,0.7384768680050224,10.635255723845452,0.050227165168007945,6
pooled_same_robot,pooled_same_robot:OV_MH_02_easy,MH,OV_MH_02_easy,diagonal_openvins_fit_bias,loglinear_covariance,ACI,calibration_only,0.1,0.9,2212,0.9168173598553345,0.0168173598553345,1.1010996832274773,2.8769556368032765,1.1489858919677538,11.746013594574471,0.08401325130146724,19
pooled_same_robot,pooled_same_robot:OV_MH_02_easy,MH,OV_MH_02_easy,diagonal_openvins_fit_bias,loglinear_covariance,AgACI-EWA,calibration_only,0.1,0.9,2212,0.9412296564195298,0.0412296564195298,0.3319925289609418,3.0078661029842,0.6473981056086389,10.142222634788972,0.050028395646001284,6
pooled_same_robot,pooled_same_robot:OV_MH_02_easy,MH,OV_MH_02_easy,diagonal_openvins_fit_bias,loglinear_covariance_time,ACI,calibration_only,0.1,0.9,2212,0.9168173598553345,0.0168173598553345,1.1227158770161227,2.8623352416006163,1.1445227840665366,11.719863942346207,0.08369143398012319,18
pooled_same_robot,pooled_same_robot:OV_MH_02_easy,MH,OV_MH_02_easy,diagonal_openvins_fit_bias,loglinear_covariance_time,AgACI-EWA,calibration_only,0.1,0.9,2212,0.939873417721519,0.03987341772151898,0.3440650071728646,3.009012139074342,0.64265763313018,10.128817492654605,0.04624230951254176,6
pooled_same_robot,pooled_same_robot:OV_MH_02_easy,MH,OV_MH_02_easy,standardized_correlation,constant,ACI,calibration_only,0.1,0.9,2212,0.9100361663652803,0.010036166365280264,1.0775191017313603,2.560464093425126,1.194192128202809,2.381446973948906,0.10924278277330837,21
pooled_same_robot,pooled_same_robot:OV_MH_02_easy,MH,OV_MH_02_easy,standardized_correlation,constant,AgACI-EWA,calibration_only,0.1,0.9,2212,0.9118444846292948,0.011844484629294771,0.5376924021576182,2.331426344555828,0.6874488160450386,2.0637987444947288,0.03673923331755811,6
pooled_same_robot,pooled_same_robot:OV_MH_02_easy,MH,OV_MH_02_easy,standardized_correlation,constant,ACI,recent_100,0.1,0.9,2212,0.854882459312839,0.045117540687161006,0.6690295961221757,2.5894247051474313,0.7745177626532803,2.1446820991902946,0.11333175579744444,25
pooled_same_robot,pooled_same_robot:OV_MH_02_easy,MH,OV_MH_02_easy,standardized_correlation,constant,AgACI-EWA,recent_100,0.1,0.9,2212,0.8399638336347197,0.06003616636528031,0.5635194817732205,2.4685474567075656,0.6548684806887535,2.0531801449324427,0.10226218646474206,23
pooled_same_robot,pooled_same_robot:OV_MH_02_easy,MH,OV_MH_02_easy,standardized_correlation,constant,ACI,recent_300,0.1,0.9,2212,0.8679927667269439,0.0320072332730561,0.844874587907503,2.6542873852972866,0.8466894175238492,2.1893627669043045,0.13820160908660686,35
pooled_same_robot,pooled_same_robot:OV_MH_02_easy,MH,OV_MH_02_easy,standardized_correlation,constant,AgACI-EWA,recent_300,0.1,0.9,2212,0.8634719710669078,0.03652802893309226,0.5436286003829662,2.4097586483906412,0.625808589098938,2.0278537464382533,0.09617132039753913,33
pooled_same_robot,pooled_same_robot:OV_MH_02_easy,MH,OV_MH_02_easy,standardized_correlation,loglinear_covariance,ACI,calibration_only,0.1,0.9,2212,0.9141048824593129,0.01410488245931285,1.1240887110638402,2.4627235292831484,1.1393423682101373,2.3521790152397717,0.09837671557027945,22
pooled_same_robot,pooled_same_robot:OV_MH_02_easy,MH,OV_MH_02_easy,standardized_correlation,loglinear_covariance,AgACI-EWA,calibration_only,0.1,0.9,2212,0.918625678119349,0.01862567811934901,0.5764462203130709,2.356133988875935,0.6899609585679551,2.0708398363725835,0.03581637482252743,5
pooled_same_robot,pooled_same_robot:OV_MH_02_easy,MH,OV_MH_02_easy,standardized_correlation,loglinear_covariance,ACI,recent_100,0.1,0.9,2212,0.885623869801085,0.014376130198915038,0.8045945893795339,2.5751296006835194,0.8259099842643285,2.1901251926109797,0.0713629910080455,23
pooled_same_robot,pooled_same_robot:OV_MH_02_easy,MH,OV_MH_02_easy,standardized_correlation,loglinear_covariance,AgACI-EWA,recent_100,0.1,0.9,2212,0.8729656419529838,0.02703435804701626,0.6055873780923036,2.4257293684572416,0.6739990852682625,2.0689551917551974,0.06699479413156641,16
pooled_same_robot,pooled_same_robot:OV_MH_02_easy,MH,OV_MH_02_easy,standardized_correlation,loglinear_covariance,ACI,recent_300,0.1,0.9,2212,0.8851717902350814,0.01482820976491861,1.0572741339302307,2.5263019467726204,0.8808644935948348,2.222834659151296,0.1019119734973972,36
pooled_same_robot,pooled_same_robot:OV_MH_02_easy,MH,OV_MH_02_easy,standardized_correlation,loglinear_covariance,AgACI-EWA,recent_300,0.1,0.9,2212,0.8788426763110307,0.021157323688969276,0.6123556244730939,2.368052790263355,0.6594505263276315,2.055272417218453,0.07037387600567918,11
pooled_same_robot,pooled_same_robot:OV_MH_02_easy,MH,OV_MH_02_easy,standardized_correlation,loglinear_covariance_time,ACI,calibration_only,0.1,0.9,2212,0.9190777576853526,0.01907775768535258,1.1127351318469316,2.4259409004746204,1.0605319062841259,2.2871716058820057,0.10129673450071017,22
pooled_same_robot,pooled_same_robot:OV_MH_02_easy,MH,OV_MH_02_easy,standardized_correlation,loglinear_covariance_time,AgACI-EWA,calibration_only,0.1,0.9,2212,0.9263110307414105,0.0263110307414105,0.5143359626271742,2.3187550786987896,0.6334279976170263,2.0265724451951073,0.039592995740653364,4
pooled_same_robot,pooled_same_robot:OV_MH_02_easy,MH,OV_MH_02_easy,standardized_correlation,loglinear_covariance_time,ACI,recent_100,0.1,0.9,2212,0.8801989150090416,0.01980108499095845,0.7865605996049496,2.4839691876509176,0.7719353993204446,2.1365805417267794,0.0872503549455751,23
pooled_same_robot,pooled_same_robot:OV_MH_02_easy,MH,OV_MH_02_easy,standardized_correlation,loglinear_covariance_time,AgACI-EWA,recent_100,0.1,0.9,2212,0.870253164556962,0.029746835443038022,0.5698594454367025,2.376312288106005,0.634014575707591,2.0332198544164415,0.07276857548509222,13
pooled_same_robot,pooled_same_robot:OV_MH_02_easy,MH,OV_MH_02_easy,standardized_correlation,loglinear_covariance_time,ACI,recent_300,0.1,0.9,2212,0.8792947558770343,0.020705244122965705,1.0731405906369924,2.4765355346471765,0.8805244155022164,2.2080955358898735,0.11852815901561779,38
pooled_same_robot,pooled_same_robot:OV_MH_02_easy,MH,OV_MH_02_easy,standardized_correlation,loglinear_covariance_time,AgACI-EWA,recent_300,0.1,0.9,2212,0.8811030741410488,0.018896925858951197,0.5643918913270212,2.3601529752503008,0.6253952841346105,2.0223808982308467,0.07593942262186473,14
pooled_same_robot,pooled_same_robot:OV_MH_02_easy,MH,OV_MH_02_easy,whitened_correlation,constant,ACI,calibration_only,0.1,0.9,2212,0.8978300180831826,0.0021699819168173873,1.6663377919285658,2.5062102110412385,1.5572608837724427,1.1634794704191842,0.09987695220066269,34
pooled_same_robot,pooled_same_robot:OV_MH_02_easy,MH,OV_MH_02_easy,whitened_correlation,constant,AgACI-EWA,calibration_only,0.1,0.9,2212,0.9665461121157324,0.06654611211573236,1.1018609132368806,2.4921917451171196,0.9735180227195981,1.0110944987893826,0.06729768102224366,2
pooled_same_robot,pooled_same_robot:OV_MH_02_easy,MH,OV_MH_02_easy,whitened_correlation,loglinear_covariance,ACI,calibration_only,0.1,0.9,2212,0.9086799276672695,0.008679927667269438,1.1827949206078752,2.5813148025449935,1.1647358651592838,1.0559459179787631,0.06364410790345493,13
pooled_same_robot,pooled_same_robot:OV_MH_02_easy,MH,OV_MH_02_easy,whitened_correlation,loglinear_covariance,AgACI-EWA,calibration_only,0.1,0.9,2212,0.9656419529837251,0.0656419529837251,1.0994181940835963,2.5831158095679942,0.9946111256085359,1.016268660051361,0.06505915759583578,5
pooled_same_robot,pooled_same_robot:OV_MH_02_easy,MH,OV_MH_02_easy,whitened_correlation,loglinear_covariance_time,ACI,calibration_only,0.1,0.9,2212,0.9145569620253164,0.014556962025316422,1.2759910604243934,2.506134756830774,1.2644250778009154,1.0780138221545095,0.06636535731187898,11
pooled_same_robot,pooled_same_robot:OV_MH_02_easy,MH,OV_MH_02_easy,whitened_correlation,loglinear_covariance_time,AgACI-EWA,calibration_only,0.1,0.9,2212,0.9606690777576854,0.060669077757685375,1.0869227500263752,2.540193783343944,0.9079041497023196,0.9950516909432727,0.06070042593469048,3
pooled_same_robot,pooled_same_robot:OV_MH_02_easy,MH,OV_MH_02_easy,correlation_shrink_0.25,constant,ACI,calibration_only,0.1,0.9,2212,0.9226943942133815,0.022694394213381486,1.289042443052908,2.8983376173152036,1.2016543495405756,12.412938543478019,0.08867486985328939,23
pooled_same_robot,pooled_same_robot:OV_MH_02_easy,MH,OV_MH_02_easy,correlation_shrink_0.25,constant,AgACI-EWA,calibration_only,0.1,0.9,2212,0.9430379746835443,0.04303797468354431,0.9561655630042134,3.0170588832638523,0.4061180022612415,10.652544702673625,0.051509701845717314,5
pooled_same_robot,pooled_same_robot:OV_MH_02_easy,MH,OV_MH_02_easy,correlation_shrink_0.25,loglinear_covariance,ACI,calibration_only,0.1,0.9,2212,0.9159132007233273,0.015913200723327248,1.427241975445824,2.9492535192247975,1.1385348892845977,12.62742418288944,0.0922101277804072,20
pooled_same_robot,pooled_same_robot:OV_MH_02_easy,MH,OV_MH_02_easy,correlation_shrink_0.25,loglinear_covariance,AgACI-EWA,calibration_only,0.1,0.9,2212,0.9493670886075949,0.04936708860759487,0.896328412784329,2.92050514411641,0.40249539161133824,10.500701802655415,0.05616658778987259,10
pooled_same_robot,pooled_same_robot:OV_MH_02_easy,MH,OV_MH_02_easy,correlation_shrink_0.25,loglinear_covariance_time,ACI,calibration_only,0.1,0.9,2212,0.9145569620253164,0.014556962025316422,1.3549435779031205,2.945340974235873,1.1501453582999814,12.71108414774004,0.09221012778040717,20
pooled_same_robot,pooled_same_robot:OV_MH_02_easy,MH,OV_MH_02_easy,correlation_shrink_0.25,loglinear_covariance_time,AgACI-EWA,calibration_only,0.1,0.9,2212,0.9452983725135624,0.04529837251356239,0.8930322899310905,2.967537435020975,0.40519086852851643,10.575016267992451,0.051926171320397875,7
pooled_same_robot,pooled_same_robot:OV_MH_02_easy,MH,OV_MH_02_easy,correlation_shrink_0.25_fit_bias,constant,ACI,calibration_only,0.1,0.9,2212,0.9150090415913201,0.015009041591320105,1.4128684451113784,2.750020176139479,1.4282674103377015,13.140096554745318,0.09191197349739728,24
pooled_same_robot,pooled_same_robot:OV_MH_02_easy,MH,OV_MH_02_easy,correlation_shrink_0.25_fit_bias,constant,AgACI-EWA,calibration_only,0.1,0.9,2212,0.9389692585895117,0.038969258589511724,0.794662755724727,2.946496880811243,0.8983352325061331,11.631261591238248,0.04381921438712766,9
pooled_same_robot,pooled_same_robot:OV_MH_02_easy,MH,OV_MH_02_easy,correlation_shrink_0.25_fit_bias,loglinear_covariance,ACI,calibration_only,0.1,0.9,2212,0.9145569620253164,0.014556962025316422,1.6429844960813207,3.038465267603137,1.5303863442384518,14.228618345466533,0.0851112162801705,12
pooled_same_robot,pooled_same_robot:OV_MH_02_easy,MH,OV_MH_02_easy,correlation_shrink_0.25_fit_bias,loglinear_covariance,AgACI-EWA,calibration_only,0.1,0.9,2212,0.9231464737793852,0.023146473779385168,0.7904978487625125,2.933242401421852,0.8940627597365115,11.572818082774306,0.03518693800283984,9
pooled_same_robot,pooled_same_robot:OV_MH_02_easy,MH,OV_MH_02_easy,correlation_shrink_0.25_fit_bias,loglinear_covariance_time,ACI,calibration_only,0.1,0.9,2212,0.9141048824593129,0.01410488245931285,1.596305266155996,3.0034494976047394,1.5222139085234265,14.156520431614267,0.0847610033128255,15
pooled_same_robot,pooled_same_robot:OV_MH_02_easy,MH,OV_MH_02_easy,correlation_shrink_0.25_fit_bias,loglinear_covariance_time,AgACI-EWA,calibration_only,0.1,0.9,2212,0.9254068716094033,0.025406871609403248,0.8489752928581451,2.948245846254462,0.8990152512308828,11.585460545994321,0.03270231897775705,9
pooled_same_robot,pooled_same_robot:OV_MH_02_easy,MH,OV_MH_02_easy,correlation_shrink_0.50,constant,ACI,calibration_only,0.1,0.9,2212,0.9208860759493671,0.02088607594936709,1.229083490535496,3.0881134683247504,1.1520864039032523,11.9230075873206,0.08620444865120705,22
pooled_same_robot,pooled_same_robot:OV_MH_02_easy,MH,OV_MH_02_easy,correlation_shrink_0.50,constant,AgACI-EWA,calibration_only,0.1,0.9,2212,0.9439421338155516,0.043942133815551565,0.8383385055622021,3.1710411097907576,0.40219036929961005,10.340627619171656,0.05086133459536237,6
pooled_same_robot,pooled_same_robot:OV_MH_02_easy,MH,OV_MH_02_easy,correlation_shrink_0.50,loglinear_covariance,ACI,calibration_only,0.1,0.9,2212,0.9154611211573237,0.015461121157323676,1.3015713502338437,3.080572054675416,1.0975276799611922,12.104816631308871,0.089654519640322,21
pooled_same_robot,pooled_same_robot:OV_MH_02_easy,MH,OV_MH_02_easy,correlation_shrink_0.50,loglinear_covariance,AgACI-EWA,calibration_only,0.1,0.9,2212,0.9452983725135624,0.04529837251356239,0.7933218422435457,3.181803811021313,0.4523044185827273,10.32260105291724,0.057326076668244554,11
pooled_same_robot,pooled_same_robot:OV_MH_02_easy,MH,OV_MH_02_easy,correlation_shrink_0.50,loglinear_covariance_time,ACI,calibration_only,0.1,0.9,2212,0.9150090415913201,0.015009041591320105,1.174590169636696,3.0920176520966165,1.1113801541640436,12.131816496084722,0.08838618078561306,20
pooled_same_robot,pooled_same_robot:OV_MH_02_easy,MH,OV_MH_02_easy,correlation_shrink_0.50,loglinear_covariance_time,AgACI-EWA,calibration_only,0.1,0.9,2212,0.9484629294755877,0.048462929475587724,0.754848440465925,3.1384533724812296,0.40867755757010676,10.230090502545297,0.05874112636062503,13
pooled_same_robot,pooled_same_robot:OV_MH_02_easy,MH,OV_MH_02_easy,correlation_shrink_0.50_fit_bias,constant,ACI,calibration_only,0.1,0.9,2212,0.9127486437613019,0.012748643761301914,1.197033933740828,2.8398733183183134,1.262248574212817,12.190650080927314,0.09502129673450092,25
pooled_same_robot,pooled_same_robot:OV_MH_02_easy,MH,OV_MH_02_easy,correlation_shrink_0.50_fit_bias,constant,AgACI-EWA,calibration_only,0.1,0.9,2212,0.9317359855334539,0.031735985533453914,0.5644569300644102,3.011202476585342,0.7818826333864279,11.00000972113115,0.04306672976810251,8
pooled_same_robot,pooled_same_robot:OV_MH_02_easy,MH,OV_MH_02_easy,correlation_shrink_0.50_fit_bias,loglinear_covariance,ACI,calibration_only,0.1,0.9,2212,0.9145569620253164,0.014556962025316422,1.4214632141858923,3.036535686755832,1.3755776378005364,13.085432584481788,0.08719356365357325,13
pooled_same_robot,pooled_same_robot:OV_MH_02_easy,MH,OV_MH_02_easy,correlation_shrink_0.50_fit_bias,loglinear_covariance,AgACI-EWA,calibration_only,0.1,0.9,2212,0.9267631103074141,0.026763110307414073,0.5323615285019354,2.952473160933625,0.7542468708591542,10.728343141538339,0.034562233790819026,7
pooled_same_robot,pooled_same_robot:OV_MH_02_easy,MH,OV_MH_02_easy,correlation_shrink_0.50_fit_bias,loglinear_covariance_time,ACI,calibration_only,0.1,0.9,2212,0.9145569620253164,0.014556962025316422,1.4185203310515897,3.03585838051395,1.3751562692280357,13.082360898706973,0.08719356365357325,14
pooled_same_robot,pooled_same_robot:OV_MH_02_easy,MH,OV_MH_02_easy,correlation_shrink_0.50_fit_bias,loglinear_covariance_time,AgACI-EWA,calibration_only,0.1,0.9,2212,0.9267631103074141,0.026763110307414073,0.5315316739130163,2.953227936224373,0.7556410903978006,10.734275486328896,0.03532891623284457,7
pooled_same_robot,pooled_same_robot:OV_MH_02_easy,MH,OV_MH_02_easy,correlation_shrink_0.75,constant,ACI,calibration_only,0.1,0.9,2212,0.9199819168173599,0.019981916817359835,1.1457674556331443,3.1677173661620364,1.1283964774175004,11.668735081448919,0.08535731187884546,14
pooled_same_robot,pooled_same_robot:OV_MH_02_easy,MH,OV_MH_02_easy,correlation_shrink_0.75,constant,AgACI-EWA,calibration_only,0.1,0.9,2212,0.9380650994575045,0.03806509945750447,0.7633792625672435,3.2664363590771663,0.40069385066945046,10.166159949359601,0.04752011358258432,5
pooled_same_robot,pooled_same_robot:OV_MH_02_easy,MH,OV_MH_02_easy,correlation_shrink_0.75,loglinear_covariance,ACI,calibration_only,0.1,0.9,2212,0.9159132007233273,0.015913200723327248,1.1267110258529422,3.171271106863553,1.0384859482347553,11.656288004139265,0.08304779933743511,20
pooled_same_robot,pooled_same_robot:OV_MH_02_easy,MH,OV_MH_02_easy,correlation_shrink_0.75,loglinear_covariance,AgACI-EWA,calibration_only,0.1,0.9,2212,0.9308318264014467,0.03083182640144666,0.6951542683961276,3.287863733462444,0.47077533776222114,10.20112546709122,0.05037387600567935,6
pooled_same_robot,pooled_same_robot:OV_MH_02_easy,MH,OV_MH_02_easy,correlation_shrink_0.75,loglinear_covariance_time,ACI,calibration_only,0.1,0.9,2212,0.9154611211573237,0.015461121157323676,1.0486973129773567,3.172890715327041,1.0590267660595647,11.710186989255362,0.08287742546142943,19
pooled_same_robot,pooled_same_robot:OV_MH_02_easy,MH,OV_MH_02_easy,correlation_shrink_0.75,loglinear_covariance_time,AgACI-EWA,calibration_only,0.1,0.9,2212,0.9272151898734177,0.027215189873417645,0.6579043693805269,3.3020651708829236,0.4726833282756612,10.238837073460228,0.04786559394226239,8
pooled_same_robot,pooled_same_robot:OV_MH_02_easy,MH,OV_MH_02_easy,correlation_shrink_0.75_fit_bias,constant,ACI,calibration_only,0.1,0.9,2212,0.9118444846292948,0.011844484629294771,1.0993842013761097,2.898349140028312,1.2139219061717448,11.83740564748865,0.0940653099858024,24
pooled_same_robot,pooled_same_robot:OV_MH_02_easy,MH,OV_MH_02_easy,correlation_shrink_0.75_fit_bias,constant,AgACI-EWA,calibration_only,0.1,0.9,2212,0.9344484629294756,0.034448462929475565,0.49232383852863926,3.060445341476742,0.7429560228691632,10.712586597438861,0.045589209654519985,7
pooled_same_robot,pooled_same_robot:OV_MH_02_easy,MH,OV_MH_02_easy,correlation_shrink_0.75_fit_bias,loglinear_covariance,ACI,calibration_only,0.1,0.9,2212,0.9154611211573237,0.015461121157323676,1.2237455499500762,2.9036764887202358,1.2315756970550784,12.15626854158614,0.08504495977283498,16
pooled_same_robot,pooled_same_robot:OV_MH_02_easy,MH,OV_MH_02_easy,correlation_shrink_0.75_fit_bias,loglinear_covariance,AgACI-EWA,calibration_only,0.1,0.9,2212,0.9290235081374322,0.029023508137432152,0.39682542335289117,2.9934065597622217,0.6713226059241061,10.2794868357853,0.039962139138665656,5
pooled_same_robot,pooled_same_robot:OV_MH_02_easy,MH,OV_MH_02_easy,correlation_shrink_0.75_fit_bias,loglinear_covariance_time,ACI,calibration_only,0.1,0.9,2212,0.9159132007233273,0.015913200723327248,1.2081194888523643,2.9061774059984726,1.2180123996764574,12.098870354119926,0.08439185991481321,17
pooled_same_robot,pooled_same_robot:OV_MH_02_easy,MH,OV_MH_02_easy,correlation_shrink_0.75_fit_bias,loglinear_covariance_time,AgACI-EWA,calibration_only,0.1,0.9,2212,0.9317359855334539,0.031735985533453914,0.40152823037584184,2.998072532539297,0.6695508097708656,10.26773358444487,0.04276857548509256,5
pooled_same_robot,pooled_same_robot:OV_MH_02_easy,MH,OV_MH_02_easy,normalized_empirical_blend_0.25,constant,ACI,calibration_only,0.1,0.9,2212,0.909132007233273,0.00913200723327301,-3.221620097447605,-1.8704497189341556,-3.045684101004308,3.28007012234715,0.08957879791765279,12
pooled_same_robot,pooled_same_robot:OV_MH_02_easy,MH,OV_MH_02_easy,normalized_empirical_blend_0.25,constant,AgACI-EWA,calibration_only,0.1,0.9,2212,0.9579566003616636,0.05795660036166361,-3.4350856516704154,-1.8759314742827826,-3.389377584202746,2.983426507295843,0.0586985328916237,2
pooled_same_robot,pooled_same_robot:OV_MH_02_easy,MH,OV_MH_02_easy,normalized_empirical_blend_0.25,loglinear_covariance,ACI,calibration_only,0.1,0.9,2212,0.9113924050632911,0.011392405063291089,-3.232773211835438,-1.5927517813147767,-3.0065395865942373,3.374102647553852,0.0761807856128728,12
pooled_same_robot,pooled_same_robot:OV_MH_02_easy,MH,OV_MH_02_easy,normalized_empirical_blend_0.25,loglinear_covariance,AgACI-EWA,calibration_only,0.1,0.9,2212,0.9593128390596745,0.05931283905967444,-3.4359890253009078,-1.757380003049785,-3.3679611050386153,3.0284086997935593,0.06428300993847648,3
pooled_same_robot,pooled_same_robot:OV_MH_02_easy,MH,OV_MH_02_easy,normalized_empirical_blend_0.25,loglinear_covariance_time,ACI,calibration_only,0.1,0.9,2212,0.9100361663652803,0.010036166365280264,-3.208745592169468,-1.5726420801074878,-2.9642941873272175,3.4314531214801134,0.07722195929957415,11
pooled_same_robot,pooled_same_robot:OV_MH_02_easy,MH,OV_MH_02_easy,normalized_empirical_blend_0.25,loglinear_covariance_time,AgACI-EWA,calibration_only,0.1,0.9,2212,0.9579566003616636,0.05795660036166361,-3.4379584799426706,-1.7604264342906069,-3.3789127777167876,3.0231998323933924,0.06333648840511158,2
pooled_same_robot,pooled_same_robot:OV_MH_02_easy,MH,OV_MH_02_easy,normalized_empirical_blend_0.50,constant,ACI,calibration_only,0.1,0.9,2212,0.9082278481012658,0.008227848101265756,-3.1381469654998333,-1.6541508410200962,-2.9299623186414876,3.350811682331976,0.08567912920018947,13
pooled_same_robot,pooled_same_robot:OV_MH_02_easy,MH,OV_MH_02_easy,normalized_empirical_blend_0.50,constant,AgACI-EWA,calibration_only,0.1,0.9,2212,0.9575045207956601,0.05750452079566004,-3.2936539969676764,-1.750630761091982,-3.1991264845735197,3.111967977486955,0.059152863227638824,2
pooled_same_robot,pooled_same_robot:OV_MH_02_easy,MH,OV_MH_02_easy,normalized_empirical_blend_0.50,constant,ACI,recent_100,0.1,0.9,2212,0.8078661844484629,0.0921338155515371,-3.117789358967347,-1.5540187580352998,-3.0104818487568736,3.30864095813592,0.17863227638428786,74
pooled_same_robot,pooled_same_robot:OV_MH_02_easy,MH,OV_MH_02_easy,normalized_empirical_blend_0.50,constant,AgACI-EWA,recent_100,0.1,0.9,2212,0.7775768535262206,0.12242314647377939,-3.2260716892312646,-1.6037689802345527,-3.1859712693653193,3.135106963121953,0.18767155702792243,74
pooled_same_robot,pooled_same_robot:OV_MH_02_easy,MH,OV_MH_02_easy,normalized_empirical_blend_0.50,constant,ACI,recent_300,0.1,0.9,2212,0.8566907775768535,0.0433092224231465,-2.8577496758756316,-1.5712509129680057,-2.7670775358158215,3.5551159758678414,0.1351538097491719,97
pooled_same_robot,pooled_same_robot:OV_MH_02_easy,MH,OV_MH_02_easy,normalized_empirical_blend_0.50,constant,AgACI-EWA,recent_300,0.1,0.9,2212,0.8594032549728752,0.04059674502712485,-3.203730231462279,-1.6419432545372317,-3.130414381978917,3.1861028905643356,0.10694746805489834,71
pooled_same_robot,pooled_same_robot:OV_MH_02_easy,MH,OV_MH_02_easy,normalized_empirical_blend_0.50,loglinear_covariance,ACI,calibration_only,0.1,0.9,2212,0.9118444846292948,0.011844484629294771,-3.1427652983533227,-1.4534986660088653,-2.8441540343648364,3.5075223163191778,0.07989115002366318,12
pooled_same_robot,pooled_same_robot:OV_MH_02_easy,MH,OV_MH_02_easy,normalized_empirical_blend_0.50,loglinear_covariance,AgACI-EWA,calibration_only,0.1,0.9,2212,0.9556962025316456,0.05569620253164553,-3.303594440059845,-1.5581396486567645,-3.190023366036233,3.1516607875493077,0.059858021769995655,2
pooled_same_robot,pooled_same_robot:OV_MH_02_easy,MH,OV_MH_02_easy,normalized_empirical_blend_0.50,loglinear_covariance,ACI,recent_100,0.1,0.9,2212,0.8264014466546112,0.07359855334538878,-3.1166882039959045,-1.409136032805375,-2.936155841623877,3.443823136261914,0.15372929484145778,41
pooled_same_robot,pooled_same_robot:OV_MH_02_easy,MH,OV_MH_02_easy,normalized_empirical_blend_0.50,loglinear_covariance,AgACI-EWA,recent_100,0.1,0.9,2212,0.8001808318264014,0.0998191681735986,-3.2271176583254473,-1.6029901073069626,-3.1511049905947894,3.2042726706531757,0.1537766209181259,35
pooled_same_robot,pooled_same_robot:OV_MH_02_easy,MH,OV_MH_02_easy,normalized_empirical_blend_0.50,loglinear_covariance,ACI,recent_300,0.1,0.9,2212,0.8652802893309223,0.03471971066907775,-3.0460540319710083,-1.1297280862707475,-2.6747263618224237,3.7353801849010195,0.14110743019403707,45
pooled_same_robot,pooled_same_robot:OV_MH_02_easy,MH,OV_MH_02_easy,normalized_empirical_blend_0.50,loglinear_covariance,AgACI-EWA,recent_300,0.1,0.9,2212,0.8621157323688969,0.037884267631103086,-3.2802105138622535,-1.5740821056008067,-3.159448319709137,3.1882970423193613,0.10346900141978232,28
pooled_same_robot,pooled_same_robot:OV_MH_02_easy,MH,OV_MH_02_easy,normalized_empirical_blend_0.50,loglinear_covariance_time,ACI,calibration_only,0.1,0.9,2212,0.9104882459312839,0.010488245931283835,-3.124836016442985,-1.4131345525336085,-2.8182392535235845,3.544726968944701,0.08052531945101767,13
pooled_same_robot,pooled_same_robot:OV_MH_02_easy,MH,OV_MH_02_easy,normalized_empirical_blend_0.50,loglinear_covariance_time,AgACI-EWA,calibration_only,0.1,0.9,2212,0.9566003616636528,0.05660036166365279,-3.29835422544257,-1.5284515712538917,-3.1914707411409795,3.1572747948021336,0.0582725982016095,2
pooled_same_robot,pooled_same_robot:OV_MH_02_easy,MH,OV_MH_02_easy,normalized_empirical_blend_0.50,loglinear_covariance_time,ACI,recent_100,0.1,0.9,2212,0.8214285714285714,0.07857142857142863,-3.1176533805740285,-1.39165373212978,-2.9340158549043087,3.4501251857584547,0.15592049219119747,42
pooled_same_robot,pooled_same_robot:OV_MH_02_easy,MH,OV_MH_02_easy,normalized_empirical_blend_0.50,loglinear_covariance_time,AgACI-EWA,recent_100,0.1,0.9,2212,0.7974683544303798,0.10253164556962024,-3.2257033770672745,-1.5900724067927259,-3.1485850768668913,3.2102513315132803,0.15436346426881214,36
pooled_same_robot,pooled_same_robot:OV_MH_02_easy,MH,OV_MH_02_easy,normalized_empirical_blend_0.50,loglinear_covariance_time,ACI,recent_300,0.1,0.9,2212,0.8625678119349005,0.037432188065099514,-3.0454991447247868,-1.073290583598756,-2.680360937446886,3.729498069629305,0.140946521533365,44
pooled_same_robot,pooled_same_robot:OV_MH_02_easy,MH,OV_MH_02_easy,normalized_empirical_blend_0.50,loglinear_covariance_time,AgACI-EWA,recent_300,0.1,0.9,2212,0.858499095840868,0.04150090415913199,-3.2764625542767636,-1.5874959229491177,-3.1624014665351483,3.186987950059048,0.10607666824420257,28
pooled_same_robot,pooled_same_robot:OV_MH_02_easy,MH,OV_MH_02_easy,normalized_empirical_blend_0.75,constant,ACI,calibration_only,0.1,0.9,2212,0.9095840867992767,0.009584086799276692,-2.7997800102074715,-1.4405604530291476,-2.6254383457986097,3.740560290003605,0.0916895409370565,16
pooled_same_robot,pooled_same_robot:OV_MH_02_easy,MH,OV_MH_02_easy,normalized_empirical_blend_0.75,constant,AgACI-EWA,calibration_only,0.1,0.9,2212,0.9615732368896925,0.06157323688969252,-2.9798665922265695,-1.487558232845852,-2.8507986459785366,3.5052619435766665,0.06370089919545711,2
pooled_same_robot,pooled_same_robot:OV_MH_02_easy,MH,OV_MH_02_easy,normalized_empirical_blend_0.75,loglinear_covariance,ACI,calibration_only,0.1,0.9,2212,0.9132007233273056,0.013200723327305597,-2.6664383463128463,-1.2008393365156007,-2.4293802317513755,4.080042883113892,0.08796497870326561,15
pooled_same_robot,pooled_same_robot:OV_MH_02_easy,MH,OV_MH_02_easy,normalized_empirical_blend_0.75,loglinear_covariance,AgACI-EWA,calibration_only,0.1,0.9,2212,0.9566003616636528,0.05660036166365279,-2.961978452406098,-1.3031862427113314,-2.8216401228822323,3.583602216663236,0.058452437292948814,2
pooled_same_robot,pooled_same_robot:OV_MH_02_easy,MH,OV_MH_02_easy,normalized_empirical_blend_0.75,loglinear_covariance_time,ACI,calibration_only,0.1,0.9,2212,0.9122965641952984,0.012296564195298343,-2.6438880377779124,-1.1199047271653517,-2.416040077885216,4.105143206265788,0.08925698059630868,14
pooled_same_robot,pooled_same_robot:OV_MH_02_easy,MH,OV_MH_02_easy,normalized_empirical_blend_0.75,loglinear_covariance_time,AgACI-EWA,calibration_only,0.1,0.9,2212,0.955244122965642,0.05524412296564196,-2.964410557557224,-1.2971410980066576,-2.818186670302231,3.5911450689363376,0.05773308092759148,2
pooled_same_robot,pooled_same_robot:OV_MH_03_medium,MH,OV_MH_03_medium,raw_openvins,constant,ACI,calibration_only,0.1,0.9,2245,0.9202672605790646,0.020267260579064583,1.3790285429780393,3.065247781773959,1.5521431616839512,16.506121215224127,0.08025629077353227,8
pooled_same_robot,pooled_same_robot:OV_MH_03_medium,MH,OV_MH_03_medium,raw_openvins,constant,AgACI-EWA,calibration_only,0.1,0.9,2245,0.9086859688195991,0.008685968819599044,1.0609050033240361,2.0225612423961885,0.8758693994505317,13.454770441858415,0.022823858341099835,2
pooled_same_robot,pooled_same_robot:OV_MH_03_medium,MH,OV_MH_03_medium,raw_openvins,constant,ACI,recent_100,0.1,0.9,2245,0.7986636971046771,0.10133630289532292,1.3169086251495035,2.2553184288394212,1.1510298908184267,29.194779013217136,0.14815936626281456,49
pooled_same_robot,pooled_same_robot:OV_MH_03_medium,MH,OV_MH_03_medium,raw_openvins,constant,AgACI-EWA,recent_100,0.1,0.9,2245,0.7884187082405345,0.11158129175946552,1.213067665768559,2.220331557294351,1.0000417415458531,30.711977202943075,0.15483690587138857,49
pooled_same_robot,pooled_same_robot:OV_MH_03_medium,MH,OV_MH_03_medium,raw_openvins,constant,ACI,recent_300,0.1,0.9,2245,0.8311804008908686,0.06881959910913138,1.3842161303822564,2.2002679153055054,1.3543642216084515,45.98357496464272,0.1424091332712023,49
pooled_same_robot,pooled_same_robot:OV_MH_03_medium,MH,OV_MH_03_medium,raw_openvins,constant,AgACI-EWA,recent_300,0.1,0.9,2245,0.8285077951002228,0.07149220489977726,1.2504452455325836,2.3402060539382927,1.0935780556610868,35.54739522099304,0.13519105312208765,49
pooled_same_robot,pooled_same_robot:OV_MH_03_medium,MH,OV_MH_03_medium,raw_openvins,loglinear_covariance,ACI,calibration_only,0.1,0.9,2245,0.9265033407572383,0.02650334075723826,1.8784383650480887,3.2967525012022807,1.7949792107272298,18.163616784260945,0.09132339235787536,20
pooled_same_robot,pooled_same_robot:OV_MH_03_medium,MH,OV_MH_03_medium,raw_openvins,loglinear_covariance,AgACI-EWA,calibration_only,0.1,0.9,2245,0.9149220489977729,0.01492204899777283,1.1922612810664859,2.1958604187851707,0.9300224170759968,13.649428337754461,0.027726001863933036,4
pooled_same_robot,pooled_same_robot:OV_MH_03_medium,MH,OV_MH_03_medium,raw_openvins,loglinear_covariance,ACI,recent_100,0.1,0.9,2245,0.8570155902004455,0.042984409799554535,1.505437059949589,2.986293724253445,1.387999472260766,16.319066520527556,0.10342497670083876,24
pooled_same_robot,pooled_same_robot:OV_MH_03_medium,MH,OV_MH_03_medium,raw_openvins,loglinear_covariance,AgACI-EWA,recent_100,0.1,0.9,2245,0.82271714922049,0.07728285077951003,1.2425390426818463,2.4421266051868185,0.948014046813795,13.97059388731106,0.10609972041006513,26
pooled_same_robot,pooled_same_robot:OV_MH_03_medium,MH,OV_MH_03_medium,raw_openvins,loglinear_covariance,ACI,recent_300,0.1,0.9,2245,0.8757238307349666,0.024276169265033398,1.770275793566098,2.845572455180302,1.5209388025981005,16.978705148907554,0.11547996272134216,32
pooled_same_robot,pooled_same_robot:OV_MH_03_medium,MH,OV_MH_03_medium,raw_openvins,loglinear_covariance,AgACI-EWA,recent_300,0.1,0.9,2245,0.8645879732739421,0.03541202672605792,1.2326405738092756,2.4028305701933435,0.9764069895789356,14.07075540899789,0.0770503261882572,26
pooled_same_robot,pooled_same_robot:OV_MH_03_medium,MH,OV_MH_03_medium,raw_openvins,loglinear_covariance_time,ACI,calibration_only,0.1,0.9,2245,0.9189309576837417,0.018930957683741645,1.9439798497259977,3.702022562127044,1.940535771886002,19.443677195149203,0.10079683131407292,21
pooled_same_robot,pooled_same_robot:OV_MH_03_medium,MH,OV_MH_03_medium,raw_openvins,loglinear_covariance_time,AgACI-EWA,calibration_only,0.1,0.9,2245,0.9149220489977729,0.01492204899777283,1.1788881279797145,2.107780681863518,0.9064198999728265,13.514664437718578,0.029571295433364536,2
pooled_same_robot,pooled_same_robot:OV_MH_03_medium,MH,OV_MH_03_medium,raw_openvins,loglinear_covariance_time,ACI,recent_100,0.1,0.9,2245,0.8409799554565701,0.059020044543429906,1.4462411256753036,3.1663683540456615,1.4120878406158566,21.744386722544107,0.11773066169617895,22
pooled_same_robot,pooled_same_robot:OV_MH_03_medium,MH,OV_MH_03_medium,raw_openvins,loglinear_covariance_time,AgACI-EWA,recent_100,0.1,0.9,2245,0.8120267260579065,0.08797327394209353,1.2304009363993966,2.414067760595738,0.9104598340721884,13.884665119863534,0.11687325256290765,23
pooled_same_robot,pooled_same_robot:OV_MH_03_medium,MH,OV_MH_03_medium,raw_openvins,loglinear_covariance_time,ACI,recent_300,0.1,0.9,2245,0.8605790645879733,0.039420935412026736,1.6092977985850236,3.34873796526862,1.5425120981191702,18.432090387259148,0.13472972972972985,61
pooled_same_robot,pooled_same_robot:OV_MH_03_medium,MH,OV_MH_03_medium,raw_openvins,loglinear_covariance_time,AgACI-EWA,recent_300,0.1,0.9,2245,0.8463251670378619,0.05367483296213815,1.160769337099163,2.326632147599635,0.9400877891747056,14.589753676282745,0.0936672879776328,23
pooled_same_robot,pooled_same_robot:OV_MH_03_medium,MH,OV_MH_03_medium,raw_openvins_fit_bias,constant,ACI,calibration_only,0.1,0.9,2245,0.910022271714922,0.010022271714921982,3.12543086519757,4.050354929824693,3.125170944343601,27.38968660776882,0.09527958993476247,25
pooled_same_robot,pooled_same_robot:OV_MH_03_medium,MH,OV_MH_03_medium,raw_openvins_fit_bias,constant,AgACI-EWA,calibration_only,0.1,0.9,2245,0.9082405345211582,0.008240534521158138,2.386219504162119,3.5493314151150384,2.1640141472763372,21.298681091092924,0.03154706430568511,2
pooled_same_robot,pooled_same_robot:OV_MH_03_medium,MH,OV_MH_03_medium,raw_openvins_fit_bias,loglinear_covariance,ACI,calibration_only,0.1,0.9,2245,0.9135857461024499,0.013585746102449892,3.2644510112344385,4.314435497674342,3.0124711303132687,27.11197854170764,0.10431966449207847,35
pooled_same_robot,pooled_same_robot:OV_MH_03_medium,MH,OV_MH_03_medium,raw_openvins_fit_bias,loglinear_covariance,AgACI-EWA,calibration_only,0.1,0.9,2245,0.9091314031180401,0.00913140311804006,2.415691303287632,3.567740071828007,2.114640588987198,21.082612517822124,0.035950605778192056,6
pooled_same_robot,pooled_same_robot:OV_MH_03_medium,MH,OV_MH_03_medium,raw_openvins_fit_bias,loglinear_covariance_time,ACI,calibration_only,0.1,0.9,2245,0.911804008908686,0.011804008908685937,3.2617188574579306,4.3199902801323615,3.018696295500649,27.164746228550225,0.10814072693383056,37
pooled_same_robot,pooled_same_robot:OV_MH_03_medium,MH,OV_MH_03_medium,raw_openvins_fit_bias,loglinear_covariance_time,AgACI-EWA,calibration_only,0.1,0.9,2245,0.9113585746102449,0.01135857461024492,2.4576636410539017,3.5830041517048357,2.119807742111179,21.15858552168716,0.03644920782851828,6
pooled_same_robot,pooled_same_robot:OV_MH_03_medium,MH,OV_MH_03_medium,diagonal_openvins,constant,ACI,calibration_only,0.1,0.9,2245,0.9211581291759465,0.021158129175946505,-0.08686145360808695,1.0879329851091162,-0.20499302634151498,8.727715344278568,0.07684063373718564,16
pooled_same_robot,pooled_same_robot:OV_MH_03_medium,MH,OV_MH_03_medium,diagonal_openvins,constant,AgACI-EWA,calibration_only,0.1,0.9,2245,0.9082405345211582,0.008240534521158138,-0.9312943320331879,0.9247498107717599,-1.0382139317219774,6.956787169455793,0.03125349487418465,8
pooled_same_robot,pooled_same_robot:OV_MH_03_medium,MH,OV_MH_03_medium,diagonal_openvins,loglinear_covariance,ACI,calibration_only,0.1,0.9,2245,0.9251670378619153,0.02516703786191532,-0.27656725746495603,1.280758724997146,-0.3594125429879933,8.762793336295713,0.10048928238583435,21
pooled_same_robot,pooled_same_robot:OV_MH_03_medium,MH,OV_MH_03_medium,diagonal_openvins,loglinear_covariance,AgACI-EWA,calibration_only,0.1,0.9,2245,0.912249443207127,0.012249443207126953,-1.5659524024458014,0.6098755444449023,-1.3938497969524786,6.220240650025651,0.035866728797763474,7
pooled_same_robot,pooled_same_robot:OV_MH_03_medium,MH,OV_MH_03_medium,diagonal_openvins,loglinear_covariance_time,ACI,calibration_only,0.1,0.9,2245,0.9242761692650334,0.024276169265033398,-0.24083097834164668,1.2928724170661259,-0.344989741622574,8.827547323923165,0.10002329916123046,21
pooled_same_robot,pooled_same_robot:OV_MH_03_medium,MH,OV_MH_03_medium,diagonal_openvins,loglinear_covariance_time,AgACI-EWA,calibration_only,0.1,0.9,2245,0.911804008908686,0.011804008908685937,-1.5704914287853295,0.6267857262371137,-1.3835594238868971,6.2582897520689595,0.036803355079217344,8
pooled_same_robot,pooled_same_robot:OV_MH_03_medium,MH,OV_MH_03_medium,diagonal_openvins_fit_bias,constant,ACI,calibration_only,0.1,0.9,2245,0.9167037861915367,0.016703786191536674,-0.39697649503020926,0.9530988794066498,-0.34858489336594606,8.37201638289342,0.10096458527493028,24
pooled_same_robot,pooled_same_robot:OV_MH_03_medium,MH,OV_MH_03_medium,diagonal_openvins_fit_bias,constant,AgACI-EWA,calibration_only,0.1,0.9,2245,0.9077951002227171,0.007795100222717122,-1.1269072952339982,0.5972063794882347,-1.0616002210930138,6.827432775370188,0.02973904939422189,8
pooled_same_robot,pooled_same_robot:OV_MH_03_medium,MH,OV_MH_03_medium,diagonal_openvins_fit_bias,loglinear_covariance,ACI,calibration_only,0.1,0.9,2245,0.9167037861915367,0.016703786191536674,0.13451499428482094,1.8837969172478826,0.038840857703644156,10.330031639673935,0.1053215284249769,25
pooled_same_robot,pooled_same_robot:OV_MH_03_medium,MH,OV_MH_03_medium,diagonal_openvins_fit_bias,loglinear_covariance,AgACI-EWA,calibration_only,0.1,0.9,2245,0.9077951002227171,0.007795100222717122,-1.0593833925280833,0.7203799637222806,-1.0043634309742644,7.007425115445532,0.03744641192917066,8
pooled_same_robot,pooled_same_robot:OV_MH_03_medium,MH,OV_MH_03_medium,diagonal_openvins_fit_bias,loglinear_covariance_time,ACI,calibration_only,0.1,0.9,2245,0.9180400890868596,0.018040089086859612,-0.014409454518981235,1.799500818781107,-0.046311866833195686,9.942645446366488,0.10445945945945968,24
pooled_same_robot,pooled_same_robot:OV_MH_03_medium,MH,OV_MH_03_medium,diagonal_openvins_fit_bias,loglinear_covariance_time,AgACI-EWA,calibration_only,0.1,0.9,2245,0.9073496659242761,0.007349665924276105,-1.1413036904817275,0.5322928110863964,-1.0807400488596954,6.782476803824252,0.03465517241379323,7
pooled_same_robot,pooled_same_robot:OV_MH_03_medium,MH,OV_MH_03_medium,standardized_correlation,constant,ACI,calibration_only,0.1,0.9,2245,0.9046770601336303,0.004677060133630229,0.11757468089507617,0.7902892676619453,-0.06610274778016946,2.011070897515668,0.11242311276794054,37
pooled_same_robot,pooled_same_robot:OV_MH_03_medium,MH,OV_MH_03_medium,standardized_correlation,constant,AgACI-EWA,calibration_only,0.1,0.9,2245,0.9077951002227171,0.007795100222717122,-0.6059436088187353,0.5482176885160083,-0.5975093966454289,1.7381486912413204,0.039515377446412,12
pooled_same_robot,pooled_same_robot:OV_MH_03_medium,MH,OV_MH_03_medium,standardized_correlation,constant,ACI,recent_100,0.1,0.9,2245,0.8663697104677061,0.03363028953229397,-0.4231087396032138,1.2141500715748625,-0.34709247328725434,1.9023270477353633,0.09493010251630946,29
pooled_same_robot,pooled_same_robot:OV_MH_03_medium,MH,OV_MH_03_medium,standardized_correlation,constant,AgACI-EWA,recent_100,0.1,0.9,2245,0.8369710467706013,0.06302895322939872,-0.72271867904532,0.5629044242819561,-0.6608057606640919,1.702160537870287,0.09437558247903068,28
pooled_same_robot,pooled_same_robot:OV_MH_03_medium,MH,OV_MH_03_medium,standardized_correlation,constant,ACI,recent_300,0.1,0.9,2245,0.8770601336302896,0.02293986636971046,-0.3972587793098836,0.5847640952389279,-0.4488588797684736,1.800496697669927,0.09997670083876989,23
pooled_same_robot,pooled_same_robot:OV_MH_03_medium,MH,OV_MH_03_medium,standardized_correlation,constant,AgACI-EWA,recent_300,0.1,0.9,2245,0.8721603563474387,0.027839643652561308,-0.82942735223408,0.5500835299812554,-0.7071176441702788,1.6705396622003899,0.05655172413793102,21
pooled_same_robot,pooled_same_robot:OV_MH_03_medium,MH,OV_MH_03_medium,standardized_correlation,loglinear_covariance,ACI,calibration_only,0.1,0.9,2245,0.9024498886414254,0.0024498886414253684,0.054162098422787075,0.8670337549330687,-0.014669735441579155,2.0553971966232867,0.09703168685927328,29
pooled_same_robot,pooled_same_robot:OV_MH_03_medium,MH,OV_MH_03_medium,standardized_correlation,loglinear_covariance,AgACI-EWA,calibration_only,0.1,0.9,2245,0.910467706013363,0.010467706013362998,-0.6401774259564958,0.6278301285453463,-0.6256649226347862,1.7293107412965796,0.03754892823858356,8
pooled_same_robot,pooled_same_robot:OV_MH_03_medium,MH,OV_MH_03_medium,standardized_correlation,loglinear_covariance,ACI,recent_100,0.1,0.9,2245,0.8766146993318485,0.023385300668151476,-0.38504737856392257,0.802336400116251,-0.3630225455459877,1.8794579625309706,0.08792171481826656,28
pooled_same_robot,pooled_same_robot:OV_MH_03_medium,MH,OV_MH_03_medium,standardized_correlation,loglinear_covariance,AgACI-EWA,recent_100,0.1,0.9,2245,0.8498886414253898,0.05011135857461024,-0.6957006479481214,0.6520062622435229,-0.6164842989392919,1.732836152516456,0.0857082945013979,32
pooled_same_robot,pooled_same_robot:OV_MH_03_medium,MH,OV_MH_03_medium,standardized_correlation,loglinear_covariance,ACI,recent_300,0.1,0.9,2245,0.8850779510022272,0.01492204899777283,-0.3239123721868191,0.7903489895153257,-0.2807860555156608,1.9179891529050748,0.08947809878844369,24
pooled_same_robot,pooled_same_robot:OV_MH_03_medium,MH,OV_MH_03_medium,standardized_correlation,loglinear_covariance,AgACI-EWA,recent_300,0.1,0.9,2245,0.8815144766146993,0.01848552338530074,-0.7315860637583858,0.5870832634818562,-0.649871750707684,1.70903529019459,0.05738583410997204,20
pooled_same_robot,pooled_same_robot:OV_MH_03_medium,MH,OV_MH_03_medium,standardized_correlation,loglinear_covariance_time,ACI,calibration_only,0.1,0.9,2245,0.910467706013363,0.010467706013362998,0.0029956132880579744,0.7667337894260705,-0.1500537616232391,1.9639507959294165,0.09937558247903101,30
pooled_same_robot,pooled_same_robot:OV_MH_03_medium,MH,OV_MH_03_medium,standardized_correlation,loglinear_covariance_time,AgACI-EWA,calibration_only,0.1,0.9,2245,0.9144766146993318,0.014476614699331813,-0.7586014664449534,0.5022186734750637,-0.7282863401449259,1.6601217633203023,0.03365796831314091,4
pooled_same_robot,pooled_same_robot:OV_MH_03_medium,MH,OV_MH_03_medium,standardized_correlation,loglinear_covariance_time,ACI,recent_100,0.1,0.9,2245,0.8757238307349666,0.024276169265033398,-0.5851987279469815,0.6557607176954404,-0.47506109707170285,1.7957259424535474,0.08629543336439893,28
pooled_same_robot,pooled_same_robot:OV_MH_03_medium,MH,OV_MH_03_medium,standardized_correlation,loglinear_covariance_time,AgACI-EWA,recent_100,0.1,0.9,2245,0.8489977728285077,0.051002227171492276,-0.7386705100422413,0.5610269893202824,-0.6949751518113974,1.6779052104360717,0.09248835041938486,31
pooled_same_robot,pooled_same_robot:OV_MH_03_medium,MH,OV_MH_03_medium,standardized_correlation,loglinear_covariance_time,ACI,recent_300,0.1,0.9,2245,0.8801781737193763,0.019821826280623678,-0.3519483775753933,0.5909048133428074,-0.382238151026535,1.8373589032139561,0.09253960857409138,23
pooled_same_robot,pooled_same_robot:OV_MH_03_medium,MH,OV_MH_03_medium,standardized_correlation,loglinear_covariance_time,AgACI-EWA,recent_300,0.1,0.9,2245,0.8775055679287305,0.022494432071269554,-0.7898752013083072,0.5034318116772788,-0.7218361680716769,1.656174971048676,0.06322926374650516,22
pooled_same_robot,pooled_same_robot:OV_MH_03_medium,MH,OV_MH_03_medium,whitened_correlation,constant,ACI,calibration_only,0.1,0.9,2245,0.8975501113585747,0.0024498886414253684,1.136487261420206,2.6857220005906104,1.4345662153952232,1.2970301266086892,0.08386300093196652,27
pooled_same_robot,pooled_same_robot:OV_MH_03_medium,MH,OV_MH_03_medium,whitened_correlation,constant,AgACI-EWA,calibration_only,0.1,0.9,2245,0.9091314031180401,0.00913140311804006,0.5829565418239173,2.7342170529718137,0.7735402302182735,1.1614339061062777,0.02441286113699918,2
pooled_same_robot,pooled_same_robot:OV_MH_03_medium,MH,OV_MH_03_medium,whitened_correlation,loglinear_covariance,ACI,calibration_only,0.1,0.9,2245,0.910467706013363,0.010467706013362998,1.0747057613055457,2.7011111308938616,1.3330810282004009,1.2711400425486308,0.09456197576887249,27
pooled_same_robot,pooled_same_robot:OV_MH_03_medium,MH,OV_MH_03_medium,whitened_correlation,loglinear_covariance,AgACI-EWA,calibration_only,0.1,0.9,2245,0.9189309576837417,0.018930957683741645,0.5819777044273509,2.851150213598747,0.7172157853889054,1.0978134055062623,0.027595526561044015,1
pooled_same_robot,pooled_same_robot:OV_MH_03_medium,MH,OV_MH_03_medium,whitened_correlation,loglinear_covariance_time,ACI,calibration_only,0.1,0.9,2245,0.9153674832962138,0.015367483296213735,1.0357813558654412,2.706406504941596,1.1858802794339387,1.2235152160441414,0.0859133271202238,34
pooled_same_robot,pooled_same_robot:OV_MH_03_medium,MH,OV_MH_03_medium,whitened_correlation,loglinear_covariance_time,AgACI-EWA,calibration_only,0.1,0.9,2245,0.9251670378619153,0.02516703786191532,0.5781007921914534,2.8550346013706567,0.703215197930196,1.0901263509048722,0.0334436160298232,1
pooled_same_robot,pooled_same_robot:OV_MH_03_medium,MH,OV_MH_03_medium,correlation_shrink_0.25,constant,ACI,calibration_only,0.1,0.9,2245,0.9247216035634744,0.024721603563474415,0.25514604426016607,1.160709082676544,0.050340403086876505,9.684525098298074,0.08697110904007474,18
pooled_same_robot,pooled_same_robot:OV_MH_03_medium,MH,OV_MH_03_medium,correlation_shrink_0.25,constant,AgACI-EWA,calibration_only,0.1,0.9,2245,0.9091314031180401,0.00913140311804006,-0.8254081818853543,0.9857495848830478,-0.9031672218148421,7.469973054714874,0.033299161230195835,6
pooled_same_robot,pooled_same_robot:OV_MH_03_medium,MH,OV_MH_03_medium,correlation_shrink_0.25,loglinear_covariance,ACI,calibration_only,0.1,0.9,2245,0.933184855233853,0.03318485523385295,-0.11735974548846251,1.6360712746667507,-0.03899866605178813,9.709655606796261,0.09765144454799649,17
pooled_same_robot,pooled_same_robot:OV_MH_03_medium,MH,OV_MH_03_medium,correlation_shrink_0.25,loglinear_covariance,AgACI-EWA,calibration_only,0.1,0.9,2245,0.9126948775055679,0.012694877505567859,-1.171778770803419,0.8227179248963516,-1.0940354407784898,6.947014764444011,0.032534948741845475,3
pooled_same_robot,pooled_same_robot:OV_MH_03_medium,MH,OV_MH_03_medium,correlation_shrink_0.25,loglinear_covariance_time,ACI,calibration_only,0.1,0.9,2245,0.9296213808463252,0.02962138084632515,-0.02590161216683029,1.7029577723673384,-0.014448847692894975,9.873032695936573,0.09859739049394245,16
pooled_same_robot,pooled_same_robot:OV_MH_03_medium,MH,OV_MH_03_medium,correlation_shrink_0.25,loglinear_covariance_time,AgACI-EWA,calibration_only,0.1,0.9,2245,0.911804008908686,0.011804008908685937,-1.1719575766514483,0.8233583002639283,-1.0897363849067199,7.003281649542524,0.03137465051258174,3
pooled_same_robot,pooled_same_robot:OV_MH_03_medium,MH,OV_MH_03_medium,correlation_shrink_0.25_fit_bias,constant,ACI,calibration_only,0.1,0.9,2245,0.9229398663697105,0.02293986636971046,0.05338847287266191,1.1993124978899055,0.05048436740320053,9.714148529171606,0.10171947809878865,19
pooled_same_robot,pooled_same_robot:OV_MH_03_medium,MH,OV_MH_03_medium,correlation_shrink_0.25_fit_bias,constant,AgACI-EWA,calibration_only,0.1,0.9,2245,0.9091314031180401,0.00913140311804006,-0.8472379856082863,0.9093194412792283,-0.7612899082446434,7.670050940272328,0.02826654240447351,8
pooled_same_robot,pooled_same_robot:OV_MH_03_medium,MH,OV_MH_03_medium,correlation_shrink_0.25_fit_bias,loglinear_covariance,ACI,calibration_only,0.1,0.9,2245,0.9278396436525612,0.027839643652561197,0.18538446029795708,1.8640145696098795,0.2712121578570874,10.667440436538785,0.10675675675675701,32
pooled_same_robot,pooled_same_robot:OV_MH_03_medium,MH,OV_MH_03_medium,correlation_shrink_0.25_fit_bias,loglinear_covariance,AgACI-EWA,calibration_only,0.1,0.9,2245,0.9082405345211582,0.008240534521158138,-0.9603644531265694,0.9830046042936087,-0.812483024107731,7.527101697050223,0.029534016775396188,5
pooled_same_robot,pooled_same_robot:OV_MH_03_medium,MH,OV_MH_03_medium,correlation_shrink_0.25_fit_bias,loglinear_covariance_time,ACI,calibration_only,0.1,0.9,2245,0.9260579064587974,0.026057906458797353,0.3407472564325005,1.925828913286622,0.36234817015904175,11.072908735370353,0.10449207828518198,34
pooled_same_robot,pooled_same_robot:OV_MH_03_medium,MH,OV_MH_03_medium,correlation_shrink_0.25_fit_bias,loglinear_covariance_time,AgACI-EWA,calibration_only,0.1,0.9,2245,0.9091314031180401,0.00913140311804006,-0.8972825050138207,1.0383652565613302,-0.7537155517924959,7.6983186076246515,0.03008853681267486,4
pooled_same_robot,pooled_same_robot:OV_MH_03_medium,MH,OV_MH_03_medium,correlation_shrink_0.50,constant,ACI,calibration_only,0.1,0.9,2245,0.9220489977728286,0.022048997772828538,-0.009475174826510724,1.0843511731554227,-0.10805887605008459,9.075834877713723,0.08382106244175225,16
pooled_same_robot,pooled_same_robot:OV_MH_03_medium,MH,OV_MH_03_medium,correlation_shrink_0.50,constant,AgACI-EWA,calibration_only,0.1,0.9,2245,0.9095768374164811,0.009576837416481077,-0.9808573136673804,0.8795916272658704,-1.0412697243939673,7.049863719873927,0.033233923578751295,8
pooled_same_robot,pooled_same_robot:OV_MH_03_medium,MH,OV_MH_03_medium,correlation_shrink_0.50,loglinear_covariance,ACI,calibration_only,0.1,0.9,2245,0.9300668151447662,0.030066815144766168,-0.43467527981809795,1.4318940159993758,-0.3431557281170838,8.830275962889344,0.1009739049394224,16
pooled_same_robot,pooled_same_robot:OV_MH_03_medium,MH,OV_MH_03_medium,correlation_shrink_0.50,loglinear_covariance,AgACI-EWA,calibration_only,0.1,0.9,2245,0.9167037861915367,0.016703786191536674,-1.5103398003654434,0.6219272106163848,-1.3666473691996812,6.327232209404249,0.035489282385834306,2
pooled_same_robot,pooled_same_robot:OV_MH_03_medium,MH,OV_MH_03_medium,correlation_shrink_0.50,loglinear_covariance_time,ACI,calibration_only,0.1,0.9,2245,0.9273942093541203,0.02739420935412029,-0.2388249359225405,1.4356964218671975,-0.2986814073034194,9.01812205019278,0.10010717614165915,17
pooled_same_robot,pooled_same_robot:OV_MH_03_medium,MH,OV_MH_03_medium,correlation_shrink_0.50,loglinear_covariance_time,AgACI-EWA,calibration_only,0.1,0.9,2245,0.910913140311804,0.010913140311804015,-1.4807650501316836,0.7196708582511635,-1.3619256166802785,6.37103914653962,0.03146784715750252,3
pooled_same_robot,pooled_same_robot:OV_MH_03_medium,MH,OV_MH_03_medium,correlation_shrink_0.50_fit_bias,constant,ACI,calibration_only,0.1,0.9,2245,0.9220489977728286,0.022048997772828538,-0.21184348141557585,1.080058574303783,-0.22245329536449876,8.815760346251446,0.10113699906803374,20
pooled_same_robot,pooled_same_robot:OV_MH_03_medium,MH,OV_MH_03_medium,correlation_shrink_0.50_fit_bias,constant,AgACI-EWA,calibration_only,0.1,0.9,2245,0.9073496659242761,0.007349665924276105,-1.1621017963719567,0.6191125210278405,-1.0321931796350765,6.9726917682870635,0.028970177073625425,8
pooled_same_robot,pooled_same_robot:OV_MH_03_medium,MH,OV_MH_03_medium,correlation_shrink_0.50_fit_bias,loglinear_covariance,ACI,calibration_only,0.1,0.9,2245,0.9238307349665924,0.023830734966592382,-0.014203466519480124,1.7944581814749954,-0.012749336209105181,9.965154696887675,0.10142124883504217,18
pooled_same_robot,pooled_same_robot:OV_MH_03_medium,MH,OV_MH_03_medium,correlation_shrink_0.50_fit_bias,loglinear_covariance,AgACI-EWA,calibration_only,0.1,0.9,2245,0.9082405345211582,0.008240534521158138,-1.2379444343447767,0.4646265147337303,-1.0751482701661972,6.822805513286309,0.030368126747437205,6
pooled_same_robot,pooled_same_robot:OV_MH_03_medium,MH,OV_MH_03_medium,correlation_shrink_0.50_fit_bias,loglinear_covariance_time,ACI,calibration_only,0.1,0.9,2245,0.9238307349665924,0.023830734966592382,0.018306915036534477,1.7996018708768948,0.012009030276098346,10.066532087796096,0.1017101584342966,22
pooled_same_robot,pooled_same_robot:OV_MH_03_medium,MH,OV_MH_03_medium,correlation_shrink_0.50_fit_bias,loglinear_covariance_time,AgACI-EWA,calibration_only,0.1,0.9,2245,0.9073496659242761,0.007349665924276105,-1.230810866777028,0.4877517516533398,-1.0698670712175236,6.850474223686173,0.031696178937558356,8
pooled_same_robot,pooled_same_robot:OV_MH_03_medium,MH,OV_MH_03_medium,correlation_shrink_0.75,constant,ACI,calibration_only,0.1,0.9,2245,0.9211581291759465,0.021158129175946505,-0.06680482763134066,1.0625168289764988,-0.1674045318881226,8.842236857912596,0.07832246039142605,16
pooled_same_robot,pooled_same_robot:OV_MH_03_medium,MH,OV_MH_03_medium,correlation_shrink_0.75,constant,AgACI-EWA,calibration_only,0.1,0.9,2245,0.9091314031180401,0.00913140311804006,-0.984670939951731,0.9121653779810927,-1.0699054727751725,6.924597694159769,0.033131407269338435,8
pooled_same_robot,pooled_same_robot:OV_MH_03_medium,MH,OV_MH_03_medium,correlation_shrink_0.75,loglinear_covariance,ACI,calibration_only,0.1,0.9,2245,0.9269487750556793,0.026948775055679275,-0.33302709475215764,1.2705907130989655,-0.38236191777841233,8.687974106992632,0.10377446411929192,21
pooled_same_robot,pooled_same_robot:OV_MH_03_medium,MH,OV_MH_03_medium,correlation_shrink_0.75,loglinear_covariance,AgACI-EWA,calibration_only,0.1,0.9,2245,0.911804008908686,0.011804008908685937,-1.5936076122872205,0.5570086370643392,-1.443010678781039,6.1345421572716505,0.034123951537744834,7
pooled_same_robot,pooled_same_robot:OV_MH_03_medium,MH,OV_MH_03_medium,correlation_shrink_0.75,loglinear_covariance_time,ACI,calibration_only,0.1,0.9,2245,0.9265033407572383,0.02650334075723826,-0.24302602265155127,1.271311260284432,-0.34651425816466397,8.820434960031081,0.10410065237651467,21
pooled_same_robot,pooled_same_robot:OV_MH_03_medium,MH,OV_MH_03_medium,correlation_shrink_0.75,loglinear_covariance_time,AgACI-EWA,calibration_only,0.1,0.9,2245,0.9095768374164811,0.009576837416481077,-1.6106300793276844,0.5958503356805205,-1.4438611131324257,6.159591808795801,0.03531220876048481,9
pooled_same_robot,pooled_same_robot:OV_MH_03_medium,MH,OV_MH_03_medium,correlation_shrink_0.75_fit_bias,constant,ACI,calibration_only,0.1,0.9,2245,0.9198218262806236,0.019821826280623567,-0.38106899391629323,1.019894544372138,-0.334879917825732,8.44488016463503,0.10166821994408219,23
pooled_same_robot,pooled_same_robot:OV_MH_03_medium,MH,OV_MH_03_medium,correlation_shrink_0.75_fit_bias,constant,AgACI-EWA,calibration_only,0.1,0.9,2245,0.9064587973273942,0.0064587973273941834,-1.2027951058147863,0.5369296520632852,-1.0827716710422535,6.811410522241466,0.028625349487418537,7
pooled_same_robot,pooled_same_robot:OV_MH_03_medium,MH,OV_MH_03_medium,correlation_shrink_0.75_fit_bias,loglinear_covariance,ACI,calibration_only,0.1,0.9,2245,0.9202672605790646,0.020267260579064583,0.1131439952420088,1.863308633878202,0.025053782886779223,10.225659718264485,0.10578751164958083,24
pooled_same_robot,pooled_same_robot:OV_MH_03_medium,MH,OV_MH_03_medium,correlation_shrink_0.75_fit_bias,loglinear_covariance,AgACI-EWA,calibration_only,0.1,0.9,2245,0.9060133630289532,0.006013363028953167,-1.1927996430250278,0.5974116219466075,-1.0747604275609794,6.821978978073589,0.03473438956197588,7
pooled_same_robot,pooled_same_robot:OV_MH_03_medium,MH,OV_MH_03_medium,correlation_shrink_0.75_fit_bias,loglinear_covariance_time,ACI,calibration_only,0.1,0.9,2245,0.9216035634743875,0.02160356347438752,-0.028185457482500453,1.784980087860445,-0.07048267743261359,9.821395353338676,0.10476234855545224,23
pooled_same_robot,pooled_same_robot:OV_MH_03_medium,MH,OV_MH_03_medium,correlation_shrink_0.75_fit_bias,loglinear_covariance_time,AgACI-EWA,calibration_only,0.1,0.9,2245,0.9086859688195991,0.008685968819599044,-1.2269801984046218,0.5178778786338717,-1.1123441730243304,6.717905153954234,0.034650512581547194,7
pooled_same_robot,pooled_same_robot:OV_MH_03_medium,MH,OV_MH_03_medium,normalized_empirical_blend_0.25,constant,ACI,calibration_only,0.1,0.9,2245,0.911804008908686,0.011804008908685937,-3.0735413905653584,-2.162202018719083,-3.15201346533609,3.586621276997036,0.08188723205964603,20
pooled_same_robot,pooled_same_robot:OV_MH_03_medium,MH,OV_MH_03_medium,normalized_empirical_blend_0.25,constant,AgACI-EWA,calibration_only,0.1,0.9,2245,0.955011135857461,0.05501113585746098,-3.5072801269669514,-2.173196421534588,-3.471640980624498,3.2811783510983705,0.05780987884436201,5
pooled_same_robot,pooled_same_robot:OV_MH_03_medium,MH,OV_MH_03_medium,normalized_empirical_blend_0.25,loglinear_covariance,ACI,calibration_only,0.1,0.9,2245,0.9126948775055679,0.012694877505567859,-3.1954265026731665,-2.1182107281567175,-3.2448917207162045,3.5072759944656218,0.07492544268406354,18
pooled_same_robot,pooled_same_robot:OV_MH_03_medium,MH,OV_MH_03_medium,normalized_empirical_blend_0.25,loglinear_covariance,AgACI-EWA,calibration_only,0.1,0.9,2245,0.9576837416481069,0.05768374164810686,-3.5479834721186494,-2.1700311262126117,-3.4899960484724506,3.2782328092702993,0.06001863932898456,5
pooled_same_robot,pooled_same_robot:OV_MH_03_medium,MH,OV_MH_03_medium,normalized_empirical_blend_0.25,loglinear_covariance_time,ACI,calibration_only,0.1,0.9,2245,0.911804008908686,0.011804008908685937,-3.1565020253657217,-2.125797819604969,-3.234694679749127,3.5238737299905742,0.07689189189189209,17
pooled_same_robot,pooled_same_robot:OV_MH_03_medium,MH,OV_MH_03_medium,normalized_empirical_blend_0.25,loglinear_covariance_time,AgACI-EWA,calibration_only,0.1,0.9,2245,0.9496659242761692,0.04966592427616923,-3.526778333959048,-2.1807981543011685,-3.4888387687535625,3.283581653843418,0.05296365330848129,4
pooled_same_robot,pooled_same_robot:OV_MH_03_medium,MH,OV_MH_03_medium,normalized_empirical_blend_0.50,constant,ACI,calibration_only,0.1,0.9,2245,0.912249443207127,0.012249443207126953,-3.093471557451128,-2.443214234561824,-3.2260605640538347,3.5341571349970935,0.0879683131407271,20
pooled_same_robot,pooled_same_robot:OV_MH_03_medium,MH,OV_MH_03_medium,normalized_empirical_blend_0.50,constant,AgACI-EWA,calibration_only,0.1,0.9,2245,0.9282850779510022,0.028285077951002213,-3.697235017822109,-2.4416818352052725,-3.6478635969428264,3.142042971432498,0.04069431500466008,9
pooled_same_robot,pooled_same_robot:OV_MH_03_medium,MH,OV_MH_03_medium,normalized_empirical_blend_0.50,constant,ACI,recent_100,0.1,0.9,2245,0.8476614699331848,0.052338530066815214,-3.3498243524420737,-2.2657312545152113,-3.3100422725122045,3.5037805902756687,0.10542404473438954,31
pooled_same_robot,pooled_same_robot:OV_MH_03_medium,MH,OV_MH_03_medium,normalized_empirical_blend_0.50,constant,AgACI-EWA,recent_100,0.1,0.9,2245,0.8253897550111359,0.07461024498886415,-3.5170901788825546,-2.4270425584373045,-3.537775125412088,3.2567965457394457,0.11472041006523764,31
pooled_same_robot,pooled_same_robot:OV_MH_03_medium,MH,OV_MH_03_medium,normalized_empirical_blend_0.50,constant,ACI,recent_300,0.1,0.9,2245,0.8614699331848552,0.038530066815144814,-2.781527427303864,-2.213553263497863,-3.1146685305096367,3.717367574784138,0.12731593662628157,30
pooled_same_robot,pooled_same_robot:OV_MH_03_medium,MH,OV_MH_03_medium,normalized_empirical_blend_0.50,constant,AgACI-EWA,recent_300,0.1,0.9,2245,0.8538975501113586,0.04610244988864143,-3.496539363174162,-2.4420152490529454,-3.549912605764236,3.237746178352531,0.08287977632805223,20
pooled_same_robot,pooled_same_robot:OV_MH_03_medium,MH,OV_MH_03_medium,normalized_empirical_blend_0.50,loglinear_covariance,ACI,calibration_only,0.1,0.9,2245,0.9135857461024499,0.013585746102449892,-3.3395212693174967,-2.40439385361797,-3.3571865815826145,3.4302657726793497,0.08128611369990699,18
pooled_same_robot,pooled_same_robot:OV_MH_03_medium,MH,OV_MH_03_medium,normalized_empirical_blend_0.50,loglinear_covariance,AgACI-EWA,calibration_only,0.1,0.9,2245,0.9447661469933185,0.04476614699331849,-3.753317799491704,-2.357713616795047,-3.640621060471781,3.1691724922905182,0.050484622553588446,3
pooled_same_robot,pooled_same_robot:OV_MH_03_medium,MH,OV_MH_03_medium,normalized_empirical_blend_0.50,loglinear_covariance,ACI,recent_100,0.1,0.9,2245,0.8525612472160357,0.047438752783964366,-3.3105285573730665,-2.284079126761332,-3.3151006470376525,3.5065727120947443,0.11841099720410074,25
pooled_same_robot,pooled_same_robot:OV_MH_03_medium,MH,OV_MH_03_medium,normalized_empirical_blend_0.50,loglinear_covariance,AgACI-EWA,recent_100,0.1,0.9,2245,0.8271714922048998,0.0728285077951002,-3.5176214458380866,-2.3987716639899928,-3.5468471490401137,3.256862449913447,0.11795433364398884,27
pooled_same_robot,pooled_same_robot:OV_MH_03_medium,MH,OV_MH_03_medium,normalized_empirical_blend_0.50,loglinear_covariance,ACI,recent_300,0.1,0.9,2245,0.8730512249443207,0.026948775055679275,-2.8356510165390754,-2.2697110734540233,-3.1394045564328508,3.6857876851585556,0.11501397949673825,31
pooled_same_robot,pooled_same_robot:OV_MH_03_medium,MH,OV_MH_03_medium,normalized_empirical_blend_0.50,loglinear_covariance,AgACI-EWA,recent_300,0.1,0.9,2245,0.8614699331848552,0.038530066815144814,-3.5408263696471955,-2.4527889198134214,-3.5683241981909917,3.228960508181648,0.0804007455731594,26
pooled_same_robot,pooled_same_robot:OV_MH_03_medium,MH,OV_MH_03_medium,normalized_empirical_blend_0.50,loglinear_covariance_time,ACI,calibration_only,0.1,0.9,2245,0.9126948775055679,0.012694877505567859,-3.314007141649821,-2.4170753905719073,-3.3481740226877816,3.442031433528369,0.08298695246971129,19
pooled_same_robot,pooled_same_robot:OV_MH_03_medium,MH,OV_MH_03_medium,normalized_empirical_blend_0.50,loglinear_covariance_time,AgACI-EWA,calibration_only,0.1,0.9,2245,0.9487750556792873,0.048775055679287305,-3.7573447452814612,-2.364072541885999,-3.637139225690695,3.1749251161970973,0.05455265610438062,3
pooled_same_robot,pooled_same_robot:OV_MH_03_medium,MH,OV_MH_03_medium,normalized_empirical_blend_0.50,loglinear_covariance_time,ACI,recent_100,0.1,0.9,2245,0.8516703786191536,0.0483296213808464,-3.328598192485053,-2.2916671210208723,-3.3190352480006893,3.504463567791642,0.11843429636533091,25
pooled_same_robot,pooled_same_robot:OV_MH_03_medium,MH,OV_MH_03_medium,normalized_empirical_blend_0.50,loglinear_covariance_time,AgACI-EWA,recent_100,0.1,0.9,2245,0.8236080178173719,0.0763919821826281,-3.5117927297345,-2.3971952368416454,-3.546612933609079,3.259903237802874,0.11921714818266543,27
pooled_same_robot,pooled_same_robot:OV_MH_03_medium,MH,OV_MH_03_medium,normalized_empirical_blend_0.50,loglinear_covariance_time,ACI,recent_300,0.1,0.9,2245,0.8699331848552339,0.030066815144766168,-2.8354261469119058,-2.287859346903193,-3.1419973678450064,3.6846056488920356,0.11395619757688737,33
pooled_same_robot,pooled_same_robot:OV_MH_03_medium,MH,OV_MH_03_medium,normalized_empirical_blend_0.50,loglinear_covariance_time,AgACI-EWA,recent_300,0.1,0.9,2245,0.8556792873051225,0.04432071269487747,-3.5692806165431055,-2.454549473526002,-3.5725631839534273,3.2262419326490774,0.08091798695246975,26
pooled_same_robot,pooled_same_robot:OV_MH_03_medium,MH,OV_MH_03_medium,normalized_empirical_blend_0.75,constant,ACI,calibration_only,0.1,0.9,2245,0.9144766146993318,0.014476614699331813,-3.0639059618998914,-2.611922501373729,-3.156009643295609,3.7441971210319553,0.09733457595526578,40
pooled_same_robot,pooled_same_robot:OV_MH_03_medium,MH,OV_MH_03_medium,normalized_empirical_blend_0.75,constant,AgACI-EWA,calibration_only,0.1,0.9,2245,0.9189309576837417,0.018930957683741645,-3.7216832801932673,-2.6810745812444448,-3.6766158092857473,3.2188590926887484,0.04339701770736268,13
pooled_same_robot,pooled_same_robot:OV_MH_03_medium,MH,OV_MH_03_medium,normalized_empirical_blend_0.75,loglinear_covariance,ACI,calibration_only,0.1,0.9,2245,0.9167037861915367,0.016703786191536674,-3.2209660408850365,-2.483562257296606,-3.260966709320152,3.6746002903482595,0.09361136999068051,28
pooled_same_robot,pooled_same_robot:OV_MH_03_medium,MH,OV_MH_03_medium,normalized_empirical_blend_0.75,loglinear_covariance,AgACI-EWA,calibration_only,0.1,0.9,2245,0.9269487750556793,0.026948775055679275,-3.8042531736859804,-2.5769147549970843,-3.676351277785578,3.247790709652791,0.04010251630941312,9
pooled_same_robot,pooled_same_robot:OV_MH_03_medium,MH,OV_MH_03_medium,normalized_empirical_blend_0.75,loglinear_covariance_time,ACI,calibration_only,0.1,0.9,2245,0.9162583518930958,0.016258351893095768,-3.227919327314572,-2.4922882153252197,-3.2561647728695173,3.683118681304324,0.09536812674743726,28
pooled_same_robot,pooled_same_robot:OV_MH_03_medium,MH,OV_MH_03_medium,normalized_empirical_blend_0.75,loglinear_covariance_time,AgACI-EWA,calibration_only,0.1,0.9,2245,0.9287305122494433,0.02873051224944323,-3.7898034463801196,-2.561807318754486,-3.6712815972897186,3.255294002909924,0.04205032618825744,9
pooled_same_robot,pooled_same_robot:OV_MH_04_difficult,MH,OV_MH_04_difficult,raw_openvins,constant,ACI,calibration_only,0.1,0.9,1591,0.9314896291640478,0.03148962916404774,2.5340524284151513,4.116991097378678,2.709064880046695,16.953313686329007,0.07823056300268105,17
pooled_same_robot,pooled_same_robot:OV_MH_04_difficult,MH,OV_MH_04_difficult,raw_openvins,constant,AgACI-EWA,calibration_only,0.1,0.9,1591,0.9377749842866122,0.03777498428661219,2.095499974868712,2.919443838618103,2.1042689513749875,13.680715984360472,0.03738605898123364,2
pooled_same_robot,pooled_same_robot:OV_MH_04_difficult,MH,OV_MH_04_difficult,raw_openvins,constant,ACI,recent_100,0.1,0.9,1591,0.8384663733500943,0.06153362664990569,2.434632572183869,2.996026649641861,2.216646218102591,13.998240697186764,0.11361260053619293,25
pooled_same_robot,pooled_same_robot:OV_MH_04_difficult,MH,OV_MH_04_difficult,raw_openvins,constant,AgACI-EWA,recent_100,0.1,0.9,1591,0.8233815210559396,0.07661847894406038,2.2194397219723268,2.92372282361689,2.0813604597781983,13.409858140936565,0.12140080428954415,25
pooled_same_robot,pooled_same_robot:OV_MH_04_difficult,MH,OV_MH_04_difficult,raw_openvins,constant,ACI,recent_300,0.1,0.9,1591,0.8541797611565053,0.04582023884349473,2.430278284738187,2.969337616906799,2.307828989371347,14.343580357610469,0.11817024128686325,25
pooled_same_robot,pooled_same_robot:OV_MH_04_difficult,MH,OV_MH_04_difficult,raw_openvins,constant,AgACI-EWA,recent_300,0.1,0.9,1591,0.8573224387177876,0.04267756128221245,2.2069970895260473,2.872949967184943,2.0525385935220233,13.286262662652094,0.10196380697050934,23
pooled_same_robot,pooled_same_robot:OV_MH_04_difficult,MH,OV_MH_04_difficult,raw_openvins,loglinear_covariance,ACI,calibration_only,0.1,0.9,1591,0.9063482086737901,0.006348208673790046,2.3135841053213397,3.19710788013084,2.6036420074723017,284.52378685699966,0.075623324396783,16
pooled_same_robot,pooled_same_robot:OV_MH_04_difficult,MH,OV_MH_04_difficult,raw_openvins,loglinear_covariance,AgACI-EWA,calibration_only,0.1,0.9,1591,0.9371464487743557,0.03714644877435569,2.8160426067290842,3.8992544143294863,2.8213676362937115,36.6469998833,0.09130697050938362,14
pooled_same_robot,pooled_same_robot:OV_MH_04_difficult,MH,OV_MH_04_difficult,raw_openvins,loglinear_covariance,ACI,recent_100,0.1,0.9,1591,0.8667504714016342,0.03324952859836583,2.4600919934628944,3.2936885961608446,2.2961212641073057,14.178601301486127,0.10010053619302954,23
pooled_same_robot,pooled_same_robot:OV_MH_04_difficult,MH,OV_MH_04_difficult,raw_openvins,loglinear_covariance,AgACI-EWA,recent_100,0.1,0.9,1591,0.8516656191074796,0.0483343808925204,2.3095883751095467,3.0085533879516246,2.11984566896832,13.327390754289759,0.10132707774798924,21
pooled_same_robot,pooled_same_robot:OV_MH_04_difficult,MH,OV_MH_04_difficult,raw_openvins,loglinear_covariance,ACI,recent_300,0.1,0.9,1591,0.890634820867379,0.009365179132621027,2.701266160073221,3.9669900938962055,2.606103897760439,16.0686137955462,0.11961796246648812,46
pooled_same_robot,pooled_same_robot:OV_MH_04_difficult,MH,OV_MH_04_difficult,raw_openvins,loglinear_covariance,AgACI-EWA,recent_300,0.1,0.9,1591,0.8698931489629164,0.03010685103708366,2.230044823582457,2.973010184922548,2.0854418593864477,13.182084138472257,0.09177613941018771,22
pooled_same_robot,pooled_same_robot:OV_MH_04_difficult,MH,OV_MH_04_difficult,raw_openvins,loglinear_covariance_time,ACI,calibration_only,0.1,0.9,1591,0.9126335637963545,0.012633563796354497,2.4134823447955425,3.470049523053598,2.361825618444035,18.653390762511098,0.07747319034852558,16
pooled_same_robot,pooled_same_robot:OV_MH_04_difficult,MH,OV_MH_04_difficult,raw_openvins,loglinear_covariance_time,AgACI-EWA,calibration_only,0.1,0.9,1591,0.9453174104336896,0.04531741043368953,2.8873864766794153,4.042637390240004,2.7567980962954644,17.423544340173677,0.09256702412868664,29
pooled_same_robot,pooled_same_robot:OV_MH_04_difficult,MH,OV_MH_04_difficult,raw_openvins,loglinear_covariance_time,ACI,recent_100,0.1,0.9,1591,0.8560653676932747,0.04393463230672534,2.3582506389532725,3.804235728850088,2.319182540452433,14.42200305721773,0.10707104557640748,16
pooled_same_robot,pooled_same_robot:OV_MH_04_difficult,MH,OV_MH_04_difficult,raw_openvins,loglinear_covariance_time,AgACI-EWA,recent_100,0.1,0.9,1591,0.84098051539912,0.05901948460088002,2.2334519080279627,3.040535712110411,2.1038130053172988,13.321542903548359,0.09897453083109915,16
pooled_same_robot,pooled_same_robot:OV_MH_04_difficult,MH,OV_MH_04_difficult,raw_openvins,loglinear_covariance_time,ACI,recent_300,0.1,0.9,1591,0.8761785040854808,0.02382149591451921,2.479406482316616,4.504591504297464,2.6300799173174068,16.495951849027332,0.13012734584450417,55
pooled_same_robot,pooled_same_robot:OV_MH_04_difficult,MH,OV_MH_04_difficult,raw_openvins,loglinear_covariance_time,AgACI-EWA,recent_300,0.1,0.9,1591,0.8711502199874293,0.02884978001257077,2.1718856137714155,3.2456393201001568,2.1390924438311583,13.555010226560926,0.08764745308310998,15
pooled_same_robot,pooled_same_robot:OV_MH_04_difficult,MH,OV_MH_04_difficult,raw_openvins_fit_bias,constant,ACI,calibration_only,0.1,0.9,1591,0.9201759899434317,0.020175989943431727,4.135081723387293,5.0051362558865975,4.120926994636652,26.417940776185613,0.08756032171581783,15
pooled_same_robot,pooled_same_robot:OV_MH_04_difficult,MH,OV_MH_04_difficult,raw_openvins_fit_bias,constant,AgACI-EWA,calibration_only,0.1,0.9,1591,0.918918918918919,0.018918918918918948,3.499818843826752,4.304169947126456,3.430868301008564,21.307203357259517,0.024457104557641024,3
pooled_same_robot,pooled_same_robot:OV_MH_04_difficult,MH,OV_MH_04_difficult,raw_openvins_fit_bias,loglinear_covariance,ACI,calibration_only,0.1,0.9,1591,0.9082338152105593,0.008233815210559325,3.7607782373076493,4.686778850497571,3.46371007216805,21.353478261522348,0.06837801608579103,14
pooled_same_robot,pooled_same_robot:OV_MH_04_difficult,MH,OV_MH_04_difficult,raw_openvins_fit_bias,loglinear_covariance,AgACI-EWA,calibration_only,0.1,0.9,1591,0.9346323067253299,0.03463230672532991,3.4758914882307543,4.364919397915779,3.208699204119497,19.671279333482083,0.04077747989276171,5
pooled_same_robot,pooled_same_robot:OV_MH_04_difficult,MH,OV_MH_04_difficult,raw_openvins_fit_bias,loglinear_covariance_time,ACI,calibration_only,0.1,0.9,1591,0.907605279698303,0.007605279698302936,3.769645815726779,4.72999380132842,3.477146947326249,21.47600290024596,0.07006702412868647,14
pooled_same_robot,pooled_same_robot:OV_MH_04_difficult,MH,OV_MH_04_difficult,raw_openvins_fit_bias,loglinear_covariance_time,AgACI-EWA,calibration_only,0.1,0.9,1591,0.9377749842866122,0.03777498428661219,3.480611371440638,4.345488362183586,3.2158995509612005,19.69657643522715,0.04492627345844533,5
pooled_same_robot,pooled_same_robot:OV_MH_04_difficult,MH,OV_MH_04_difficult,diagonal_openvins,constant,ACI,calibration_only,0.1,0.9,1591,0.9138906348208674,0.013890634820867387,1.2013640888242278,2.175704122147117,1.1811139409147262,9.519027006132232,0.0961863270777481,19
pooled_same_robot,pooled_same_robot:OV_MH_04_difficult,MH,OV_MH_04_difficult,diagonal_openvins,constant,AgACI-EWA,calibration_only,0.1,0.9,1591,0.912005028284098,0.012005028284097996,0.4415690149857445,1.8711318371178844,0.46273630941274324,7.7959877180017525,0.030395442359249458,5
pooled_same_robot,pooled_same_robot:OV_MH_04_difficult,MH,OV_MH_04_difficult,diagonal_openvins,loglinear_covariance,ACI,calibration_only,0.1,0.9,1591,0.912005028284098,0.012005028284097996,0.7180049359518108,2.126860864992511,0.7983523891043479,8.553286155580908,0.0769973190348527,14
pooled_same_robot,pooled_same_robot:OV_MH_04_difficult,MH,OV_MH_04_difficult,diagonal_openvins,loglinear_covariance,AgACI-EWA,calibration_only,0.1,0.9,1591,0.9377749842866122,0.03777498428661219,0.44398757308561443,1.9544517587699133,0.5502374427950868,7.817712669572038,0.06261394101876698,8
pooled_same_robot,pooled_same_robot:OV_MH_04_difficult,MH,OV_MH_04_difficult,diagonal_openvins,loglinear_covariance_time,ACI,calibration_only,0.1,0.9,1591,0.912005028284098,0.012005028284097996,0.7398730090186394,2.1016652488590886,0.8099768029734604,8.574725350083629,0.07590482573726556,15
pooled_same_robot,pooled_same_robot:OV_MH_04_difficult,MH,OV_MH_04_difficult,diagonal_openvins,loglinear_covariance_time,AgACI-EWA,calibration_only,0.1,0.9,1591,0.9346323067253299,0.03463230672532991,0.4406211664748181,1.9852806029600236,0.553376779616306,7.845185924835341,0.05990616621983938,8
pooled_same_robot,pooled_same_robot:OV_MH_04_difficult,MH,OV_MH_04_difficult,diagonal_openvins_fit_bias,constant,ACI,calibration_only,0.1,0.9,1591,0.9082338152105593,0.008233815210559325,1.7093946976061272,2.68545772094786,1.7422040148976863,11.280114578890908,0.07743297587131381,15
pooled_same_robot,pooled_same_robot:OV_MH_04_difficult,MH,OV_MH_04_difficult,diagonal_openvins_fit_bias,constant,AgACI-EWA,calibration_only,0.1,0.9,1591,0.9220615964802011,0.022061596480201118,1.2504769779686082,2.5578588187941538,1.169518376704013,9.73047237078139,0.034631367292225414,5
pooled_same_robot,pooled_same_robot:OV_MH_04_difficult,MH,OV_MH_04_difficult,diagonal_openvins_fit_bias,loglinear_covariance,ACI,calibration_only,0.1,0.9,1591,0.9113764927718416,0.011376492771841606,1.4785783147227294,2.7538936586977876,1.4109667800263892,10.287908288169612,0.07066353887399474,10
pooled_same_robot,pooled_same_robot:OV_MH_04_difficult,MH,OV_MH_04_difficult,diagonal_openvins_fit_bias,loglinear_covariance,AgACI-EWA,calibration_only,0.1,0.9,1591,0.9358893777498428,0.0358893777498428,1.2373356063560523,2.658943334110398,1.2209034682816868,9.720153259944928,0.05639410187667591,8
pooled_same_robot,pooled_same_robot:OV_MH_04_difficult,MH,OV_MH_04_difficult,diagonal_openvins_fit_bias,loglinear_covariance_time,ACI,calibration_only,0.1,0.9,1591,0.9107479572595851,0.010747957259585106,1.433343684309695,2.649866437028564,1.349778617084371,10.056728912729168,0.06632037533512075,10
pooled_same_robot,pooled_same_robot:OV_MH_04_difficult,MH,OV_MH_04_difficult,diagonal_openvins_fit_bias,loglinear_covariance_time,AgACI-EWA,calibration_only,0.1,0.9,1591,0.9421747328724073,0.04217473287240725,1.2204029947760553,2.531220328782098,1.2054611393113837,9.64527900772716,0.056286863270777775,7
pooled_same_robot,pooled_same_robot:OV_MH_04_difficult,MH,OV_MH_04_difficult,standardized_correlation,constant,ACI,calibration_only,0.1,0.9,1591,0.9057196731615337,0.005719673161533656,1.7957838659609147,2.4905671959647955,1.8304424721781603,2.5497012837472455,0.07499329758713147,20
pooled_same_robot,pooled_same_robot:OV_MH_04_difficult,MH,OV_MH_04_difficult,standardized_correlation,constant,AgACI-EWA,calibration_only,0.1,0.9,1591,0.9371464487743557,0.03714644877435569,1.636717397902122,2.5375767235338076,1.6111261014407456,2.4093813342019823,0.04975201072386085,7
pooled_same_robot,pooled_same_robot:OV_MH_04_difficult,MH,OV_MH_04_difficult,standardized_correlation,constant,ACI,recent_100,0.1,0.9,1591,0.8604651162790697,0.03953488372093028,1.9209924922623727,2.886885992245298,1.8300253214241036,2.585322867204313,0.11666219839142103,30
pooled_same_robot,pooled_same_robot:OV_MH_04_difficult,MH,OV_MH_04_difficult,standardized_correlation,constant,AgACI-EWA,recent_100,0.1,0.9,1591,0.8566939032055311,0.04330609679446895,1.7300510069197785,2.598241912453024,1.6442883053426138,2.4281379360044264,0.09571715817694378,26
pooled_same_robot,pooled_same_robot:OV_MH_04_difficult,MH,OV_MH_04_difficult,standardized_correlation,constant,ACI,recent_300,0.1,0.9,1591,0.8755499685732244,0.024450031426775598,1.8790453769647288,2.696179379579745,1.9069691286548973,2.628666695792929,0.11289544235924946,19
pooled_same_robot,pooled_same_robot:OV_MH_04_difficult,MH,OV_MH_04_difficult,standardized_correlation,constant,AgACI-EWA,recent_300,0.1,0.9,1591,0.8893777498428661,0.010622250157133917,1.6885833749216905,2.499139981183389,1.6208692063421997,2.407621125024092,0.08004691689008055,16
pooled_same_robot,pooled_same_robot:OV_MH_04_difficult,MH,OV_MH_04_difficult,standardized_correlation,loglinear_covariance,ACI,calibration_only,0.1,0.9,1591,0.9063482086737901,0.006348208673790046,1.9751947869336366,2.575879235934705,1.870006324460084,2.605452525635608,0.07133378016085799,16
pooled_same_robot,pooled_same_robot:OV_MH_04_difficult,MH,OV_MH_04_difficult,standardized_correlation,loglinear_covariance,AgACI-EWA,calibration_only,0.1,0.9,1591,0.9321181646763043,0.03211816467630424,1.8414432773660891,2.4962865161409846,1.6941651083404974,2.472982425319483,0.054711796246649,8
pooled_same_robot,pooled_same_robot:OV_MH_04_difficult,MH,OV_MH_04_difficult,standardized_correlation,loglinear_covariance,ACI,recent_100,0.1,0.9,1591,0.8749214330609679,0.0250785669390321,2.0752905480177466,2.837726664105684,1.9388802983181743,2.691751818277858,0.09369302949061666,23
pooled_same_robot,pooled_same_robot:OV_MH_04_difficult,MH,OV_MH_04_difficult,standardized_correlation,loglinear_covariance,AgACI-EWA,recent_100,0.1,0.9,1591,0.8617221873035826,0.03827781269641739,1.885771104017397,2.7117859810453604,1.7547965529056224,2.5311521302229787,0.08388739946380697,16
pooled_same_robot,pooled_same_robot:OV_MH_04_difficult,MH,OV_MH_04_difficult,standardized_correlation,loglinear_covariance,ACI,recent_300,0.1,0.9,1591,0.9000628535512256,6.285355122559455e-05,2.235889860538085,2.849163474448992,2.1205366495260387,2.8345856143250447,0.09288873994638079,21
pooled_same_robot,pooled_same_robot:OV_MH_04_difficult,MH,OV_MH_04_difficult,standardized_correlation,loglinear_covariance,AgACI-EWA,recent_300,0.1,0.9,1591,0.8944060339409177,0.005593966059082356,1.8398999244777121,2.5619393420462435,1.7023173728541485,2.4799514488144747,0.06355227882037541,15
pooled_same_robot,pooled_same_robot:OV_MH_04_difficult,MH,OV_MH_04_difficult,standardized_correlation,loglinear_covariance_time,ACI,calibration_only,0.1,0.9,1591,0.907605279698303,0.007605279698302936,1.8030427429876563,2.5194560910874406,1.7715342622319006,2.5148037640991117,0.06745308310991965,16
pooled_same_robot,pooled_same_robot:OV_MH_04_difficult,MH,OV_MH_04_difficult,standardized_correlation,loglinear_covariance_time,AgACI-EWA,calibration_only,0.1,0.9,1591,0.9396605908233815,0.03966059082338147,1.7598538349148543,2.487580607746384,1.676505949879003,2.44950245020271,0.0641957104557643,11
pooled_same_robot,pooled_same_robot:OV_MH_04_difficult,MH,OV_MH_04_difficult,standardized_correlation,loglinear_covariance_time,ACI,recent_100,0.1,0.9,1591,0.8724072910119421,0.02759270898805788,1.9782406172138847,2.8356743324924913,1.8693051238962886,2.621038835133057,0.10769436997319043,25
pooled_same_robot,pooled_same_robot:OV_MH_04_difficult,MH,OV_MH_04_difficult,standardized_correlation,loglinear_covariance_time,AgACI-EWA,recent_100,0.1,0.9,1591,0.8623507228158391,0.03764927718416089,1.8105313254042699,2.7120760789028817,1.7073965603640997,2.486304465517213,0.0978820375335121,15
pooled_same_robot,pooled_same_robot:OV_MH_04_difficult,MH,OV_MH_04_difficult,standardized_correlation,loglinear_covariance_time,ACI,recent_300,0.1,0.9,1591,0.9025769956002514,0.002576995600251375,1.933438511584053,2.911956292389992,1.965769119766374,2.6919279755066734,0.10113941018766776,39
pooled_same_robot,pooled_same_robot:OV_MH_04_difficult,MH,OV_MH_04_difficult,standardized_correlation,loglinear_covariance_time,AgACI-EWA,recent_300,0.1,0.9,1591,0.9126335637963545,0.012633563796354497,1.7625827489281836,2.611900975356492,1.6832517758869636,2.462647856130843,0.06925603217158195,15
pooled_same_robot,pooled_same_robot:OV_MH_04_difficult,MH,OV_MH_04_difficult,whitened_correlation,constant,ACI,calibration_only,0.1,0.9,1591,0.8988057825267127,0.0011942174732872957,3.7172102960678677,4.468221030264165,3.6008715430194647,1.7615409733402596,0.0948994638069706,17
pooled_same_robot,pooled_same_robot:OV_MH_04_difficult,MH,OV_MH_04_difficult,whitened_correlation,constant,AgACI-EWA,calibration_only,0.1,0.9,1591,0.9164047768698932,0.016404776869893167,3.7957922239510666,4.518393846409742,3.706364436940309,1.9326208205360724,0.10255361930294926,15
pooled_same_robot,pooled_same_robot:OV_MH_04_difficult,MH,OV_MH_04_difficult,whitened_correlation,loglinear_covariance,ACI,calibration_only,0.1,0.9,1591,0.8667504714016342,0.03324952859836583,3.4213536668064504,4.587107745740522,3.473848622171461,2.138805554221705,0.07678954423592496,11
pooled_same_robot,pooled_same_robot:OV_MH_04_difficult,MH,OV_MH_04_difficult,whitened_correlation,loglinear_covariance,AgACI-EWA,calibration_only,0.1,0.9,1591,0.9094908862350722,0.009490886235072216,3.6979703546784615,4.580727562035484,3.6620649282477196,2.0447789866057606,0.07572386058981252,17
pooled_same_robot,pooled_same_robot:OV_MH_04_difficult,MH,OV_MH_04_difficult,whitened_correlation,loglinear_covariance_time,ACI,calibration_only,0.1,0.9,1591,0.8830923947203017,0.016907605279698368,3.403065343170679,4.46300624791942,3.429922856784166,1.950966959273901,0.07335790884718503,12
pooled_same_robot,pooled_same_robot:OV_MH_04_difficult,MH,OV_MH_04_difficult,whitened_correlation,loglinear_covariance_time,AgACI-EWA,calibration_only,0.1,0.9,1591,0.9308610936517914,0.03086109365179135,3.937950421512172,4.696469897357144,3.750100394634978,2.0018741680581784,0.07868632707774818,15
pooled_same_robot,pooled_same_robot:OV_MH_04_difficult,MH,OV_MH_04_difficult,correlation_shrink_0.25,constant,ACI,calibration_only,0.1,0.9,1591,0.918918918918919,0.018918918918918948,1.328976897442657,2.1932594376134684,1.271118151590534,10.072090876507293,0.09231233243967839,18
pooled_same_robot,pooled_same_robot:OV_MH_04_difficult,MH,OV_MH_04_difficult,correlation_shrink_0.25,constant,AgACI-EWA,calibration_only,0.1,0.9,1591,0.9201759899434317,0.020175989943431727,0.7133927740652997,2.007170105811804,0.629753847992607,8.387519746058649,0.029430294906166436,6
pooled_same_robot,pooled_same_robot:OV_MH_04_difficult,MH,OV_MH_04_difficult,correlation_shrink_0.25,loglinear_covariance,ACI,calibration_only,0.1,0.9,1591,0.9101194217473287,0.010119421747328716,0.7613193325215715,1.9516018728846838,0.7232680092007141,8.352803823452355,0.04281501340482584,8
pooled_same_robot,pooled_same_robot:OV_MH_04_difficult,MH,OV_MH_04_difficult,correlation_shrink_0.25,loglinear_covariance,AgACI-EWA,calibration_only,0.1,0.9,1591,0.9340037712130735,0.03400377121307352,0.6985151643044532,2.0062973047164387,0.6877731791152681,8.300378413457327,0.04326407506702446,5
pooled_same_robot,pooled_same_robot:OV_MH_04_difficult,MH,OV_MH_04_difficult,correlation_shrink_0.25,loglinear_covariance_time,ACI,calibration_only,0.1,0.9,1591,0.9082338152105593,0.008233815210559325,0.7169784214900226,2.0095702851672392,0.715599162251951,8.348047818448126,0.04310321715817706,6
pooled_same_robot,pooled_same_robot:OV_MH_04_difficult,MH,OV_MH_04_difficult,correlation_shrink_0.25,loglinear_covariance_time,AgACI-EWA,calibration_only,0.1,0.9,1591,0.9472030169704588,0.04720301697045881,0.6651707860303144,2.025516000085455,0.6723521662144901,8.303073002882822,0.05100536193029531,6
pooled_same_robot,pooled_same_robot:OV_MH_04_difficult,MH,OV_MH_04_difficult,correlation_shrink_0.25_fit_bias,constant,ACI,calibration_only,0.1,0.9,1591,0.9113764927718416,0.011376492771841606,1.9110128977623546,2.6301138797562587,1.9518931665209016,12.325718667335655,0.07862600536193043,16
pooled_same_robot,pooled_same_robot:OV_MH_04_difficult,MH,OV_MH_04_difficult,correlation_shrink_0.25_fit_bias,constant,AgACI-EWA,calibration_only,0.1,0.9,1591,0.9170333123821496,0.017033312382149557,1.5088774890019705,2.561152696608101,1.383650855773689,10.557811352664766,0.03421581769437011,5
pooled_same_robot,pooled_same_robot:OV_MH_04_difficult,MH,OV_MH_04_difficult,correlation_shrink_0.25_fit_bias,loglinear_covariance,ACI,calibration_only,0.1,0.9,1591,0.9044626021370208,0.004462602137020766,1.6233207645565146,2.6555804614228204,1.4080398471447897,10.478659718714091,0.041152815013404856,11
pooled_same_robot,pooled_same_robot:OV_MH_04_difficult,MH,OV_MH_04_difficult,correlation_shrink_0.25_fit_bias,loglinear_covariance,AgACI-EWA,calibration_only,0.1,0.9,1591,0.957259585166562,0.05725958516656193,1.5534533844583382,2.735366342098721,1.357375362362666,10.423670639767034,0.05743297587131411,4
pooled_same_robot,pooled_same_robot:OV_MH_04_difficult,MH,OV_MH_04_difficult,correlation_shrink_0.25_fit_bias,loglinear_covariance_time,ACI,calibration_only,0.1,0.9,1591,0.9038340666247643,0.003834066624764265,1.6148364202404588,2.6403899589177175,1.4221245350287655,10.535177360731351,0.03983914209115283,11
pooled_same_robot,pooled_same_robot:OV_MH_04_difficult,MH,OV_MH_04_difficult,correlation_shrink_0.25_fit_bias,loglinear_covariance_time,AgACI-EWA,calibration_only,0.1,0.9,1591,0.9528598365807668,0.05285983658076676,1.5093352561550306,2.6587983453298367,1.3451746903228612,10.348583416303564,0.056012064343163935,6
pooled_same_robot,pooled_same_robot:OV_MH_04_difficult,MH,OV_MH_04_difficult,correlation_shrink_0.50,constant,ACI,calibration_only,0.1,0.9,1591,0.9157762413576367,0.015776241357636667,1.2501574045107322,2.154451953896972,1.191202672709438,9.670132391998985,0.09496648793565694,19
pooled_same_robot,pooled_same_robot:OV_MH_04_difficult,MH,OV_MH_04_difficult,correlation_shrink_0.50,constant,AgACI-EWA,calibration_only,0.1,0.9,1591,0.9170333123821496,0.017033312382149557,0.5403584170192524,1.9650075250190575,0.48876132089302027,7.963889845265872,0.03223190348525484,5
pooled_same_robot,pooled_same_robot:OV_MH_04_difficult,MH,OV_MH_04_difficult,correlation_shrink_0.50,loglinear_covariance,ACI,calibration_only,0.1,0.9,1591,0.9126335637963545,0.012633563796354497,0.6653071841582809,1.9173924925006052,0.6415792154181476,8.038348033313442,0.046273458445040355,12
pooled_same_robot,pooled_same_robot:OV_MH_04_difficult,MH,OV_MH_04_difficult,correlation_shrink_0.50,loglinear_covariance,AgACI-EWA,calibration_only,0.1,0.9,1591,0.9453174104336896,0.04531741043368953,0.6176385304095291,1.9368998262384807,0.6003869175126475,7.972032284105984,0.05392091152815045,7
pooled_same_robot,pooled_same_robot:OV_MH_04_difficult,MH,OV_MH_04_difficult,correlation_shrink_0.50,loglinear_covariance_time,ACI,calibration_only,0.1,0.9,1591,0.912005028284098,0.012005028284097996,0.6566858275052887,1.9669827777302178,0.6765742110344183,8.18119490009727,0.0492158176943701,13
pooled_same_robot,pooled_same_robot:OV_MH_04_difficult,MH,OV_MH_04_difficult,correlation_shrink_0.50,loglinear_covariance_time,AgACI-EWA,calibration_only,0.1,0.9,1591,0.9472030169704588,0.04720301697045881,0.5520779705041754,1.9446988410165122,0.5800546736937103,7.9546703346916825,0.054986595174263075,5
pooled_same_robot,pooled_same_robot:OV_MH_04_difficult,MH,OV_MH_04_difficult,correlation_shrink_0.50_fit_bias,constant,ACI,calibration_only,0.1,0.9,1591,0.9094908862350722,0.009490886235072216,1.7190634115664896,2.6050941587569625,1.800842175348107,11.59575507884246,0.07978552278820387,16
pooled_same_robot,pooled_same_robot:OV_MH_04_difficult,MH,OV_MH_04_difficult,correlation_shrink_0.50_fit_bias,constant,AgACI-EWA,calibration_only,0.1,0.9,1591,0.9138906348208674,0.013890634820867387,1.3303349223022582,2.5542241875834026,1.2432733339078115,10.027043195854434,0.03244638069705107,5
pooled_same_robot,pooled_same_robot:OV_MH_04_difficult,MH,OV_MH_04_difficult,correlation_shrink_0.50_fit_bias,loglinear_covariance,ACI,calibration_only,0.1,0.9,1591,0.8969201759899434,0.0030798240100565755,1.3742544251714435,2.450789011042069,1.2762861378285657,9.89953831869157,0.057687667560321836,17
pooled_same_robot,pooled_same_robot:OV_MH_04_difficult,MH,OV_MH_04_difficult,correlation_shrink_0.50_fit_bias,loglinear_covariance,AgACI-EWA,calibration_only,0.1,0.9,1591,0.9239472030169704,0.023947203016970398,1.2564762101043359,2.475418533344236,1.1696395824577372,9.666527289219749,0.04681635388739967,18
pooled_same_robot,pooled_same_robot:OV_MH_04_difficult,MH,OV_MH_04_difficult,correlation_shrink_0.50_fit_bias,loglinear_covariance_time,ACI,calibration_only,0.1,0.9,1591,0.8969201759899434,0.0030798240100565755,1.3621962692451577,2.4401570674791238,1.271727921956265,9.890185343686834,0.05914879356568376,17
pooled_same_robot,pooled_same_robot:OV_MH_04_difficult,MH,OV_MH_04_difficult,correlation_shrink_0.50_fit_bias,loglinear_covariance_time,AgACI-EWA,calibration_only,0.1,0.9,1591,0.9384035197988686,0.03840351979886858,1.2569268210976148,2.4634372369703286,1.1840396543560205,9.685822792008333,0.05670911528150165,16
pooled_same_robot,pooled_same_robot:OV_MH_04_difficult,MH,OV_MH_04_difficult,correlation_shrink_0.75,constant,ACI,calibration_only,0.1,0.9,1591,0.9145191703331238,0.014519170333123776,1.1928520208367779,2.1134380641425583,1.1456322982126539,9.439178621600549,0.09278150134048269,18
pooled_same_robot,pooled_same_robot:OV_MH_04_difficult,MH,OV_MH_04_difficult,correlation_shrink_0.75,constant,AgACI-EWA,calibration_only,0.1,0.9,1591,0.9145191703331238,0.014519170333123776,0.4902496246550223,1.9201722131508383,0.46423378899618833,7.823745530040012,0.02878686327077765,5
pooled_same_robot,pooled_same_robot:OV_MH_04_difficult,MH,OV_MH_04_difficult,correlation_shrink_0.75,loglinear_covariance,ACI,calibration_only,0.1,0.9,1591,0.9132620993086109,0.013262099308610886,0.6864142635864265,1.9294351299076897,0.7266810378111722,8.308730237649435,0.07072386058981249,10
pooled_same_robot,pooled_same_robot:OV_MH_04_difficult,MH,OV_MH_04_difficult,correlation_shrink_0.75,loglinear_covariance,AgACI-EWA,calibration_only,0.1,0.9,1591,0.9346323067253299,0.03463230672532991,0.3964508003065159,1.9291614815726588,0.5108120865974575,7.755914294021526,0.05156836461126031,7
pooled_same_robot,pooled_same_robot:OV_MH_04_difficult,MH,OV_MH_04_difficult,correlation_shrink_0.75,loglinear_covariance_time,ACI,calibration_only,0.1,0.9,1591,0.9132620993086109,0.013262099308610886,0.6896179436210721,1.9711830264184744,0.7418068135682273,8.37099753098694,0.0726742627345846,13
pooled_same_robot,pooled_same_robot:OV_MH_04_difficult,MH,OV_MH_04_difficult,correlation_shrink_0.75,loglinear_covariance_time,AgACI-EWA,calibration_only,0.1,0.9,1591,0.9371464487743557,0.03714644877435569,0.3672830086962424,1.9379449937711497,0.49807230663935964,7.7362224101948405,0.055569705093834056,8
pooled_same_robot,pooled_same_robot:OV_MH_04_difficult,MH,OV_MH_04_difficult,correlation_shrink_0.75_fit_bias,constant,ACI,calibration_only,0.1,0.9,1591,0.9088623507228158,0.008862350722815826,1.6809775979138948,2.6266627436188656,1.7355027084794918,11.27062780614211,0.07878686327077761,17
pooled_same_robot,pooled_same_robot:OV_MH_04_difficult,MH,OV_MH_04_difficult,correlation_shrink_0.75_fit_bias,constant,AgACI-EWA,calibration_only,0.1,0.9,1591,0.9138906348208674,0.013890634820867387,1.2935731009756317,2.5732582594391467,1.1813635607581894,9.781803602773207,0.03022788203753365,6
pooled_same_robot,pooled_same_robot:OV_MH_04_difficult,MH,OV_MH_04_difficult,correlation_shrink_0.75_fit_bias,loglinear_covariance,ACI,calibration_only,0.1,0.9,1591,0.9101194217473287,0.010119421747328716,1.381734779342489,2.5567386697350987,1.330742848129313,10.014583193302778,0.06662198391420925,10
pooled_same_robot,pooled_same_robot:OV_MH_04_difficult,MH,OV_MH_04_difficult,correlation_shrink_0.75_fit_bias,loglinear_covariance,AgACI-EWA,calibration_only,0.1,0.9,1591,0.9453174104336896,0.04531741043368953,1.2576572658393061,2.507293950306562,1.2453244861127135,9.793513066464413,0.06895442359249364,7
pooled_same_robot,pooled_same_robot:OV_MH_04_difficult,MH,OV_MH_04_difficult,correlation_shrink_0.75_fit_bias,loglinear_covariance_time,ACI,calibration_only,0.1,0.9,1591,0.9101194217473287,0.010119421747328716,1.379221538884873,2.5000896921052638,1.3155006972399104,9.967488345735628,0.0636595174262736,9
pooled_same_robot,pooled_same_robot:OV_MH_04_difficult,MH,OV_MH_04_difficult,correlation_shrink_0.75_fit_bias,loglinear_covariance_time,AgACI-EWA,calibration_only,0.1,0.9,1591,0.9384035197988686,0.03840351979886858,1.2349921597178701,2.4061951683857545,1.2195228080522007,9.701397661215239,0.05490616621983951,7
pooled_same_robot,pooled_same_robot:OV_MH_04_difficult,MH,OV_MH_04_difficult,normalized_empirical_blend_0.25,constant,ACI,calibration_only,0.1,0.9,1591,0.8944060339409177,0.005593966059082356,-1.5267699282132554,-0.6514343427905258,-1.5527988420615426,5.501991240180862,0.04693029490616631,13
pooled_same_robot,pooled_same_robot:OV_MH_04_difficult,MH,OV_MH_04_difficult,normalized_empirical_blend_0.25,constant,AgACI-EWA,calibration_only,0.1,0.9,1591,0.9484600879949717,0.0484600879949717,-1.4755207562958876,-0.6040972477792206,-1.5546484530343776,5.550485837096333,0.055536193029491004,5
pooled_same_robot,pooled_same_robot:OV_MH_04_difficult,MH,OV_MH_04_difficult,normalized_empirical_blend_0.25,loglinear_covariance,ACI,calibration_only,0.1,0.9,1591,0.8944060339409177,0.005593966059082356,-1.5323023291212419,-0.6473502415399341,-1.5911772262330963,5.462619399148611,0.04698391420911538,10
pooled_same_robot,pooled_same_robot:OV_MH_04_difficult,MH,OV_MH_04_difficult,normalized_empirical_blend_0.25,loglinear_covariance,AgACI-EWA,calibration_only,0.1,0.9,1591,0.928975487115022,0.02897548711502196,-1.4731513322416045,-0.6486390714451709,-1.5897110209497989,5.501596504351286,0.04975871313672948,7
pooled_same_robot,pooled_same_robot:OV_MH_04_difficult,MH,OV_MH_04_difficult,normalized_empirical_blend_0.25,loglinear_covariance_time,ACI,calibration_only,0.1,0.9,1591,0.8944060339409177,0.005593966059082356,-1.5207365289129466,-0.6569280223331333,-1.568086658768549,5.500016734994406,0.049778820375335216,12
pooled_same_robot,pooled_same_robot:OV_MH_04_difficult,MH,OV_MH_04_difficult,normalized_empirical_blend_0.25,loglinear_covariance_time,AgACI-EWA,calibration_only,0.1,0.9,1591,0.9421747328724073,0.04217473287240725,-1.4896566817121784,-0.6201524080039729,-1.575608892713312,5.519701650620498,0.04953083109919602,4
pooled_same_robot,pooled_same_robot:OV_MH_04_difficult,MH,OV_MH_04_difficult,normalized_empirical_blend_0.50,constant,ACI,calibration_only,0.1,0.9,1591,0.8950345694531741,0.004965430546825966,-1.6364662633543432,-0.7526526096937074,-1.6085146378786297,5.052163566959779,0.04999329758713148,15
pooled_same_robot,pooled_same_robot:OV_MH_04_difficult,MH,OV_MH_04_difficult,normalized_empirical_blend_0.50,constant,AgACI-EWA,calibration_only,0.1,0.9,1591,0.944688874921433,0.04468887492143303,-1.6237603882756622,-0.7338618068975586,-1.652680397402369,5.0265675519979265,0.0509182305630031,6
pooled_same_robot,pooled_same_robot:OV_MH_04_difficult,MH,OV_MH_04_difficult,normalized_empirical_blend_0.50,constant,ACI,recent_100,0.1,0.9,1591,0.8258956631049654,0.0741043368950346,-1.3608738858869103,-0.33987304652455386,-1.3821837584330272,5.480487122601211,0.1365415549597856,45
pooled_same_robot,pooled_same_robot:OV_MH_04_difficult,MH,OV_MH_04_difficult,normalized_empirical_blend_0.50,constant,AgACI-EWA,recent_100,0.1,0.9,1591,0.8076681332495286,0.09233186675047145,-1.505138470144372,-0.5208733023478791,-1.5597567997211514,5.196983613761701,0.13790214477211798,47
pooled_same_robot,pooled_same_robot:OV_MH_04_difficult,MH,OV_MH_04_difficult,normalized_empirical_blend_0.50,constant,ACI,recent_300,0.1,0.9,1591,0.8667504714016342,0.03324952859836583,-1.220277141926264,-0.41799950435031086,-1.2535545166373554,5.674778403091073,0.1273257372654157,43
pooled_same_robot,pooled_same_robot:OV_MH_04_difficult,MH,OV_MH_04_difficult,normalized_empirical_blend_0.50,constant,AgACI-EWA,recent_300,0.1,0.9,1591,0.8774355751099937,0.022564424890006318,-1.5147028481982563,-0.6758650468795553,-1.5648007010448597,5.158118706500023,0.09359249329758727,36
pooled_same_robot,pooled_same_robot:OV_MH_04_difficult,MH,OV_MH_04_difficult,normalized_empirical_blend_0.50,loglinear_covariance,ACI,calibration_only,0.1,0.9,1591,0.8950345694531741,0.004965430546825966,-1.6453762873217759,-0.8210116527125528,-1.6971231434998655,4.964021157229725,0.047305630026809736,8
pooled_same_robot,pooled_same_robot:OV_MH_04_difficult,MH,OV_MH_04_difficult,normalized_empirical_blend_0.50,loglinear_covariance,AgACI-EWA,calibration_only,0.1,0.9,1591,0.9415461973601509,0.04154619736015086,-1.6352176329391952,-0.7487663527867481,-1.6824764999281847,5.013237489497184,0.05761394101876709,4
pooled_same_robot,pooled_same_robot:OV_MH_04_difficult,MH,OV_MH_04_difficult,normalized_empirical_blend_0.50,loglinear_covariance,ACI,recent_100,0.1,0.9,1591,0.8334380892520428,0.06656191074795725,-1.2967371397193448,-0.2142367793346196,-1.3599085029150255,5.541205014460665,0.13953083109919584,51
pooled_same_robot,pooled_same_robot:OV_MH_04_difficult,MH,OV_MH_04_difficult,normalized_empirical_blend_0.50,loglinear_covariance,AgACI-EWA,recent_100,0.1,0.9,1591,0.8101822752985544,0.08981772470144567,-1.4623423012502403,-0.45324139727476265,-1.5532986571658536,5.219721529421301,0.13967158176943706,37
pooled_same_robot,pooled_same_robot:OV_MH_04_difficult,MH,OV_MH_04_difficult,normalized_empirical_blend_0.50,loglinear_covariance,ACI,recent_300,0.1,0.9,1591,0.8648648648648649,0.03513513513513511,-1.047568054451835,-0.20831636804542075,-1.1923410183459557,5.860708176912186,0.12902815013404842,47
pooled_same_robot,pooled_same_robot:OV_MH_04_difficult,MH,OV_MH_04_difficult,normalized_empirical_blend_0.50,loglinear_covariance,AgACI-EWA,recent_300,0.1,0.9,1591,0.8642363293526084,0.03576367064739161,-1.4495639430226728,-0.7285440908442231,-1.5759227446108832,5.158924762897139,0.10321045576407518,21
pooled_same_robot,pooled_same_robot:OV_MH_04_difficult,MH,OV_MH_04_difficult,normalized_empirical_blend_0.50,loglinear_covariance_time,ACI,calibration_only,0.1,0.9,1591,0.8950345694531741,0.004965430546825966,-1.6328362486478323,-0.8085266477418802,-1.67731646156055,4.9901002637865,0.04861930294906175,7
pooled_same_robot,pooled_same_robot:OV_MH_04_difficult,MH,OV_MH_04_difficult,normalized_empirical_blend_0.50,loglinear_covariance_time,AgACI-EWA,calibration_only,0.1,0.9,1591,0.933375235700817,0.03337523570081702,-1.6431032859205263,-0.7579258746499962,-1.676091484918113,5.025309227378968,0.05348525469168932,6
pooled_same_robot,pooled_same_robot:OV_MH_04_difficult,MH,OV_MH_04_difficult,normalized_empirical_blend_0.50,loglinear_covariance_time,ACI,recent_100,0.1,0.9,1591,0.835323695788812,0.06467630421118797,-1.2868502532633075,-0.2425381435745937,-1.3531968821851883,5.556549814744034,0.135549597855228,51
pooled_same_robot,pooled_same_robot:OV_MH_04_difficult,MH,OV_MH_04_difficult,normalized_empirical_blend_0.50,loglinear_covariance_time,AgACI-EWA,recent_100,0.1,0.9,1591,0.8126964173475801,0.08730358265241989,-1.4568842003478277,-0.4803513320436599,-1.5494064845936077,5.2256283777514,0.13539544235924938,37
pooled_same_robot,pooled_same_robot:OV_MH_04_difficult,MH,OV_MH_04_difficult,normalized_empirical_blend_0.50,loglinear_covariance_time,ACI,recent_300,0.1,0.9,1591,0.8686360779384035,0.03136392206159655,-1.0657353221442447,-0.22440638129904755,-1.1913925873619977,5.857199493213314,0.12413538873994656,47
pooled_same_robot,pooled_same_robot:OV_MH_04_difficult,MH,OV_MH_04_difficult,normalized_empirical_blend_0.50,loglinear_covariance_time,AgACI-EWA,recent_300,0.1,0.9,1591,0.8724072910119421,0.02759270898805788,-1.442356564803056,-0.7328853623243177,-1.56666852268622,5.170731098860583,0.10007372654155508,21
pooled_same_robot,pooled_same_robot:OV_MH_04_difficult,MH,OV_MH_04_difficult,normalized_empirical_blend_0.75,constant,ACI,calibration_only,0.1,0.9,1591,0.8950345694531741,0.004965430546825966,-1.5909197817165213,-0.7903306924694613,-1.528645199205134,4.959028098767431,0.05469839142091163,19
pooled_same_robot,pooled_same_robot:OV_MH_04_difficult,MH,OV_MH_04_difficult,normalized_empirical_blend_0.75,constant,AgACI-EWA,calibration_only,0.1,0.9,1591,0.9472030169704588,0.04720301697045881,-1.608757221652211,-0.7027339281741654,-1.5616489477535194,4.952922884668562,0.062077747989276545,6
pooled_same_robot,pooled_same_robot:OV_MH_04_difficult,MH,OV_MH_04_difficult,normalized_empirical_blend_0.75,loglinear_covariance,ACI,calibration_only,0.1,0.9,1591,0.8950345694531741,0.004965430546825966,-1.6488334822980395,-0.7979792976839581,-1.6611050517858652,4.818387794477563,0.0394705093833781,5
pooled_same_robot,pooled_same_robot:OV_MH_04_difficult,MH,OV_MH_04_difficult,normalized_empirical_blend_0.75,loglinear_covariance,AgACI-EWA,calibration_only,0.1,0.9,1591,0.9497171590194846,0.04971715901948459,-1.6253613074222972,-0.7979339315685747,-1.6393318770514287,4.851139928242248,0.06068364611260091,6
pooled_same_robot,pooled_same_robot:OV_MH_04_difficult,MH,OV_MH_04_difficult,normalized_empirical_blend_0.75,loglinear_covariance_time,ACI,calibration_only,0.1,0.9,1591,0.8944060339409177,0.005593966059082356,-1.6706352296486537,-0.7844349106753326,-1.6610241104967307,4.806706543339481,0.04138069705093841,5
pooled_same_robot,pooled_same_robot:OV_MH_04_difficult,MH,OV_MH_04_difficult,normalized_empirical_blend_0.75,loglinear_covariance_time,AgACI-EWA,calibration_only,0.1,0.9,1591,0.957259585166562,0.05725958516656193,-1.6243864075729473,-0.7757178551061781,-1.6244459819993786,4.872187756819057,0.0644973190348529,6
pooled_same_robot,pooled_same_robot:OV_MH_05_difficult,MH,OV_MH_05_difficult,raw_openvins,constant,ACI,calibration_only,0.1,0.9,1806,0.9219269102990033,0.021926910299003288,3.3752032836647246,4.189870192403628,3.2177550627797746,23.045401552947315,0.07903339191564158,6
pooled_same_robot,pooled_same_robot:OV_MH_05_difficult,MH,OV_MH_05_difficult,raw_openvins,constant,AgACI-EWA,calibration_only,0.1,0.9,1806,0.916389811738649,0.01638981173864895,3.229465027206521,4.244545319273907,2.734820908730938,20.436856812047036,0.026625659050966793,2
pooled_same_robot,pooled_same_robot:OV_MH_05_difficult,MH,OV_MH_05_difficult,raw_openvins,constant,ACI,recent_100,0.1,0.9,1806,0.8211517165005537,0.07884828349944628,3.3136898441292226,4.291875415325876,2.850563032327635,21.253810674988355,0.14975395430579966,41
pooled_same_robot,pooled_same_robot:OV_MH_05_difficult,MH,OV_MH_05_difficult,raw_openvins,constant,AgACI-EWA,recent_100,0.1,0.9,1806,0.7857142857142857,0.11428571428571432,3.2683477411840745,4.2057010757806825,2.682447295470858,20.20976381087355,0.15835383714118328,42
pooled_same_robot,pooled_same_robot:OV_MH_05_difficult,MH,OV_MH_05_difficult,raw_openvins,constant,ACI,recent_300,0.1,0.9,1806,0.8433001107419712,0.056699889258028824,3.293859678530535,4.381902220240789,2.956849811462598,21.870274782972327,0.16207381370826027,51
pooled_same_robot,pooled_same_robot:OV_MH_05_difficult,MH,OV_MH_05_difficult,raw_openvins,constant,AgACI-EWA,recent_300,0.1,0.9,1806,0.8460686600221484,0.0539313399778516,3.2325062321455453,4.191677428016884,2.6641780573726344,20.07002908098894,0.1205799648506152,26
pooled_same_robot,pooled_same_robot:OV_MH_05_difficult,MH,OV_MH_05_difficult,raw_openvins,loglinear_covariance,ACI,calibration_only,0.1,0.9,1806,0.9141749723145072,0.01417497231450715,3.3536319414161873,4.390146801616055,2.9366155161220138,21.483005214454604,0.06918570591681329,14
pooled_same_robot,pooled_same_robot:OV_MH_05_difficult,MH,OV_MH_05_difficult,raw_openvins,loglinear_covariance,AgACI-EWA,calibration_only,0.1,0.9,1806,0.9335548172757475,0.033554817275747495,3.205295681190687,4.4569738635138965,2.8033098658559745,49.1217546561796,0.0394024604569423,6
pooled_same_robot,pooled_same_robot:OV_MH_05_difficult,MH,OV_MH_05_difficult,raw_openvins,loglinear_covariance,ACI,recent_100,0.1,0.9,1806,0.8660022148394242,0.03399778516057583,3.37698805240294,4.607561633423815,3.026730245358981,22.588463133704604,0.11239601640304632,37
pooled_same_robot,pooled_same_robot:OV_MH_05_difficult,MH,OV_MH_05_difficult,raw_openvins,loglinear_covariance,AgACI-EWA,recent_100,0.1,0.9,1806,0.8383167220376523,0.06168327796234774,3.3143679317057826,4.451025273603806,2.82030508975617,21.06290730376983,0.10653778558875218,28
pooled_same_robot,pooled_same_robot:OV_MH_05_difficult,MH,OV_MH_05_difficult,raw_openvins,loglinear_covariance,ACI,recent_300,0.1,0.9,1806,0.9047619047619048,0.004761904761904745,3.3973127693825713,4.625022580029969,3.145628754299449,23.209923924664615,0.09783245459871139,27
pooled_same_robot,pooled_same_robot:OV_MH_05_difficult,MH,OV_MH_05_difficult,raw_openvins,loglinear_covariance,AgACI-EWA,recent_300,0.1,0.9,1806,0.8914728682170543,0.00852713178294573,3.2952743005392398,4.458836622849021,2.8388414130842925,21.116948843322564,0.08168131224370254,19
pooled_same_robot,pooled_same_robot:OV_MH_05_difficult,MH,OV_MH_05_difficult,raw_openvins,loglinear_covariance_time,ACI,calibration_only,0.1,0.9,1806,0.9108527131782945,0.010852713178294504,3.3434609723972293,4.409873766380443,2.983816871562412,21.612524273131264,0.0712243702401876,12
pooled_same_robot,pooled_same_robot:OV_MH_05_difficult,MH,OV_MH_05_difficult,raw_openvins,loglinear_covariance_time,AgACI-EWA,calibration_only,0.1,0.9,1806,0.9235880398671097,0.023588039867109667,3.1241679651446166,4.560572627315434,2.7621077226499313,22.20577489440988,0.03741066198008226,6
pooled_same_robot,pooled_same_robot:OV_MH_05_difficult,MH,OV_MH_05_difficult,raw_openvins,loglinear_covariance_time,ACI,recent_100,0.1,0.9,1806,0.8421926910299004,0.05780730897009967,3.3710261884477024,4.550202257741791,3.0520109780694598,22.728542255834167,0.1215700058582308,37
pooled_same_robot,pooled_same_robot:OV_MH_05_difficult,MH,OV_MH_05_difficult,raw_openvins,loglinear_covariance_time,AgACI-EWA,recent_100,0.1,0.9,1806,0.8073089700996677,0.09269102990033229,3.3075329494341172,4.410017726591689,2.8250284797256304,21.05445517669952,0.12807850029291148,38
pooled_same_robot,pooled_same_robot:OV_MH_05_difficult,MH,OV_MH_05_difficult,raw_openvins,loglinear_covariance_time,ACI,recent_300,0.1,0.9,1806,0.8875968992248062,0.012403100775193798,3.4039659542963365,4.653425332308073,3.192883495443412,23.39361511584514,0.09958406561218519,38
pooled_same_robot,pooled_same_robot:OV_MH_05_difficult,MH,OV_MH_05_difficult,raw_openvins,loglinear_covariance_time,AgACI-EWA,recent_300,0.1,0.9,1806,0.8781838316722038,0.021816168327796204,3.2604860029534315,4.398504958150549,2.8264204116757745,20.952597439828022,0.08698886936145298,35
pooled_same_robot,pooled_same_robot:OV_MH_05_difficult,MH,OV_MH_05_difficult,raw_openvins_fit_bias,constant,ACI,calibration_only,0.1,0.9,1806,0.9241417497231451,0.02414174972314509,3.998775996086462,5.101775849162255,3.9468736315249027,29.306693422825106,0.08605741066198033,24
pooled_same_robot,pooled_same_robot:OV_MH_05_difficult,MH,OV_MH_05_difficult,raw_openvins_fit_bias,constant,AgACI-EWA,calibration_only,0.1,0.9,1806,0.9169435215946844,0.016943521594684374,3.5203118924736865,5.077087959166869,3.4574370412138946,25.37730049712053,0.028301113063854917,1
pooled_same_robot,pooled_same_robot:OV_MH_05_difficult,MH,OV_MH_05_difficult,raw_openvins_fit_bias,loglinear_covariance,ACI,calibration_only,0.1,0.9,1806,0.915282392026578,0.015282392026577996,3.8268374584202016,5.033126292133896,3.7021691885727623,27.209321940748087,0.09766842413591112,27
pooled_same_robot,pooled_same_robot:OV_MH_05_difficult,MH,OV_MH_05_difficult,raw_openvins_fit_bias,loglinear_covariance,AgACI-EWA,calibration_only,0.1,0.9,1806,0.9352159468438538,0.03521594684385376,3.5940878183521883,5.0815009606758235,3.3701039059679143,28.175022084127434,0.05035735207967216,4
pooled_same_robot,pooled_same_robot:OV_MH_05_difficult,MH,OV_MH_05_difficult,raw_openvins_fit_bias,loglinear_covariance_time,ACI,calibration_only,0.1,0.9,1806,0.915282392026578,0.015282392026577996,3.8184439051540844,5.029276245916559,3.695154977682126,27.138547246296348,0.09830111306385486,27
pooled_same_robot,pooled_same_robot:OV_MH_05_difficult,MH,OV_MH_05_difficult,raw_openvins_fit_bias,loglinear_covariance_time,AgACI-EWA,calibration_only,0.1,0.9,1806,0.9368770764119602,0.03687707641196014,3.5810957519477786,5.064878417173494,3.3807710440878638,28.830694179843285,0.0467603983596956,3
pooled_same_robot,pooled_same_robot:OV_MH_05_difficult,MH,OV_MH_05_difficult,diagonal_openvins,constant,ACI,calibration_only,0.1,0.9,1806,0.8997785160575859,0.00022148394241416902,1.5852977220544742,4.272119975430023,2.066756314366616,15.20051749841266,0.0745225541886351,24
pooled_same_robot,pooled_same_robot:OV_MH_05_difficult,MH,OV_MH_05_difficult,diagonal_openvins,constant,AgACI-EWA,calibration_only,0.1,0.9,1806,0.9180509413067552,0.01805094130675522,1.4297126200937798,4.466568350350548,1.62274123940351,14.677919290208624,0.04425307557117768,16
pooled_same_robot,pooled_same_robot:OV_MH_05_difficult,MH,OV_MH_05_difficult,diagonal_openvins,loglinear_covariance,ACI,calibration_only,0.1,0.9,1806,0.8970099667774086,0.002990033222591393,1.4056822652809613,4.622630431844474,1.791094377811899,15.356478177468611,0.059320445225541904,11
pooled_same_robot,pooled_same_robot:OV_MH_05_difficult,MH,OV_MH_05_difficult,diagonal_openvins,loglinear_covariance,AgACI-EWA,calibration_only,0.1,0.9,1806,0.929125138427464,0.029125138427464003,1.6312579668932479,4.524258716213359,1.7826254021150276,14.867177351701995,0.04427650849443488,11
pooled_same_robot,pooled_same_robot:OV_MH_05_difficult,MH,OV_MH_05_difficult,diagonal_openvins,loglinear_covariance_time,ACI,calibration_only,0.1,0.9,1806,0.9003322259136213,0.00033222591362125353,1.3604990237799406,4.775134299319321,1.788899439052192,15.496804773127055,0.057357937902753384,10
pooled_same_robot,pooled_same_robot:OV_MH_05_difficult,MH,OV_MH_05_difficult,diagonal_openvins,loglinear_covariance_time,AgACI-EWA,calibration_only,0.1,0.9,1806,0.9357696566998892,0.035769656699889185,1.6415643634627828,4.527232296988537,1.7973212951972994,14.918048888789093,0.048822495606327156,11
pooled_same_robot,pooled_same_robot:OV_MH_05_difficult,MH,OV_MH_05_difficult,diagonal_openvins_fit_bias,constant,ACI,calibration_only,0.1,0.9,1806,0.9047619047619048,0.004761904761904745,1.6755354963260904,3.8844919972474616,1.9220512849819957,14.096512415239271,0.07521968365553615,17
pooled_same_robot,pooled_same_robot:OV_MH_05_difficult,MH,OV_MH_05_difficult,diagonal_openvins_fit_bias,constant,AgACI-EWA,calibration_only,0.1,0.9,1806,0.9186046511627907,0.018604651162790642,1.0646402852347654,4.057055428487814,1.5699993720052878,13.34006622847461,0.04087287639132999,8
pooled_same_robot,pooled_same_robot:OV_MH_05_difficult,MH,OV_MH_05_difficult,diagonal_openvins_fit_bias,loglinear_covariance,ACI,calibration_only,0.1,0.9,1806,0.9147286821705426,0.014728682170542573,1.3272431962851692,4.264757049424706,1.752417839186834,14.382888768590957,0.05624487404803764,12
pooled_same_robot,pooled_same_robot:OV_MH_05_difficult,MH,OV_MH_05_difficult,diagonal_openvins_fit_bias,loglinear_covariance,AgACI-EWA,calibration_only,0.1,0.9,1806,0.9623477297895903,0.062347729789590245,1.797178762501498,4.041266480909238,1.8938756340834353,14.573774509619088,0.06633274751025228,7
pooled_same_robot,pooled_same_robot:OV_MH_05_difficult,MH,OV_MH_05_difficult,diagonal_openvins_fit_bias,loglinear_covariance_time,ACI,calibration_only,0.1,0.9,1806,0.9141749723145072,0.01417497231450715,1.2753090931524556,4.245886149589596,1.7271798735859005,14.421105471011506,0.05714704159343889,11
pooled_same_robot,pooled_same_robot:OV_MH_05_difficult,MH,OV_MH_05_difficult,diagonal_openvins_fit_bias,loglinear_covariance_time,AgACI-EWA,calibration_only,0.1,0.9,1806,0.9501661129568106,0.050166112956810616,1.493817953094318,4.02523479006103,1.7659667443228315,14.134124947102752,0.05624487404803779,11
pooled_same_robot,pooled_same_robot:OV_MH_05_difficult,MH,OV_MH_05_difficult,standardized_correlation,constant,ACI,calibration_only,0.1,0.9,1806,0.9208194905869325,0.020819490586932443,1.6186197617322937,2.923617664052862,1.5930921537607277,2.7657646142426353,0.08724077328646776,33
pooled_same_robot,pooled_same_robot:OV_MH_05_difficult,MH,OV_MH_05_difficult,standardized_correlation,constant,AgACI-EWA,calibration_only,0.1,0.9,1806,0.9429678848283499,0.0429678848283499,1.561621571840075,2.995813581758319,1.537475065121473,2.761339054193524,0.07977152899824287,30
pooled_same_robot,pooled_same_robot:OV_MH_05_difficult,MH,OV_MH_05_difficult,standardized_correlation,constant,ACI,recent_100,0.1,0.9,1806,0.8477297895902547,0.05227021040974533,1.535073285902031,3.464851556194395,1.6248563113595325,2.8949359312516054,0.1291974223784418,38
pooled_same_robot,pooled_same_robot:OV_MH_05_difficult,MH,OV_MH_05_difficult,standardized_correlation,constant,AgACI-EWA,recent_100,0.1,0.9,1806,0.8250276854928018,0.07497231450719821,1.3700790450534295,3.072313276904676,1.3743889614751226,2.644405167917274,0.12217340363210315,36
pooled_same_robot,pooled_same_robot:OV_MH_05_difficult,MH,OV_MH_05_difficult,standardized_correlation,constant,ACI,recent_300,0.1,0.9,1806,0.8914728682170543,0.00852713178294573,1.6715664894158846,3.533865993360477,1.8056103065787907,3.015573664387886,0.12454012888107815,30
pooled_same_robot,pooled_same_robot:OV_MH_05_difficult,MH,OV_MH_05_difficult,standardized_correlation,constant,AgACI-EWA,recent_300,0.1,0.9,1806,0.8859357696566998,0.014064230343300177,1.3604920349558172,2.911782782265374,1.365210778391441,2.635429293927637,0.0899824253075573,34
pooled_same_robot,pooled_same_robot:OV_MH_05_difficult,MH,OV_MH_05_difficult,standardized_correlation,loglinear_covariance,ACI,calibration_only,0.1,0.9,1806,0.9219269102990033,0.021926910299003288,1.5806743037762552,2.893518801661249,1.6215794487078528,2.86678316438386,0.09731693028705359,30
pooled_same_robot,pooled_same_robot:OV_MH_05_difficult,MH,OV_MH_05_difficult,standardized_correlation,loglinear_covariance,AgACI-EWA,calibration_only,0.1,0.9,1806,0.9385382059800664,0.03853820598006641,1.4948151566388372,2.944504205436131,1.4668924901447138,2.7768279947354664,0.08321031048623344,11
pooled_same_robot,pooled_same_robot:OV_MH_05_difficult,MH,OV_MH_05_difficult,standardized_correlation,loglinear_covariance,ACI,recent_100,0.1,0.9,1806,0.8588039867109635,0.04119601328903655,1.6971339552878633,3.2336708897170148,1.6229464238710798,2.9021515364419277,0.11743995313415356,29
pooled_same_robot,pooled_same_robot:OV_MH_05_difficult,MH,OV_MH_05_difficult,standardized_correlation,loglinear_covariance,AgACI-EWA,recent_100,0.1,0.9,1806,0.8482834994462901,0.05171650055370991,1.5310604971768584,2.99926929020511,1.408617812730532,2.715936908343056,0.11354422964264799,27
pooled_same_robot,pooled_same_robot:OV_MH_05_difficult,MH,OV_MH_05_difficult,standardized_correlation,loglinear_covariance,ACI,recent_300,0.1,0.9,1806,0.9058693244739756,0.00586932447397559,1.8659958067664912,3.50332222942424,1.8296305377371362,3.073795761680904,0.11954891622729966,23
pooled_same_robot,pooled_same_robot:OV_MH_05_difficult,MH,OV_MH_05_difficult,standardized_correlation,loglinear_covariance,AgACI-EWA,recent_300,0.1,0.9,1806,0.9169435215946844,0.016943521594684374,1.5910595148781002,2.892567868075199,1.4040946501659073,2.7087625577829337,0.08002343292325738,15
pooled_same_robot,pooled_same_robot:OV_MH_05_difficult,MH,OV_MH_05_difficult,standardized_correlation,loglinear_covariance_time,ACI,calibration_only,0.1,0.9,1806,0.9241417497231451,0.02414174972314509,1.5427314523591675,2.693866873116338,1.5861478689539112,2.8934116700906727,0.09545401288810808,37
pooled_same_robot,pooled_same_robot:OV_MH_05_difficult,MH,OV_MH_05_difficult,standardized_correlation,loglinear_covariance_time,AgACI-EWA,calibration_only,0.1,0.9,1806,0.9485049833887044,0.04850498338870435,1.5395716723925439,2.9148267918539617,1.529144589094969,2.863435398046897,0.09384299941417724,18
pooled_same_robot,pooled_same_robot:OV_MH_05_difficult,MH,OV_MH_05_difficult,standardized_correlation,loglinear_covariance_time,ACI,recent_100,0.1,0.9,1806,0.8482834994462901,0.05171650055370991,1.651353545209891,3.0660460572671138,1.6039961700395,2.900190103886675,0.1281136496777974,27
pooled_same_robot,pooled_same_robot:OV_MH_05_difficult,MH,OV_MH_05_difficult,standardized_correlation,loglinear_covariance_time,AgACI-EWA,recent_100,0.1,0.9,1806,0.8421926910299004,0.05780730897009967,1.4728442312459797,2.88825247084153,1.3977956306569383,2.7197323751202096,0.11667252489748105,27
pooled_same_robot,pooled_same_robot:OV_MH_05_difficult,MH,OV_MH_05_difficult,standardized_correlation,loglinear_covariance_time,ACI,recent_300,0.1,0.9,1806,0.9158361018826136,0.01583610188261353,1.9595898337216615,3.6148784546324517,1.88917303636763,3.157847102897332,0.11794961921499736,37
pooled_same_robot,pooled_same_robot:OV_MH_05_difficult,MH,OV_MH_05_difficult,standardized_correlation,loglinear_covariance_time,AgACI-EWA,recent_300,0.1,0.9,1806,0.9119601328903655,0.01196013289036546,1.4675812997402087,2.7440632254695414,1.3497776699847073,2.6731180014146787,0.07768014059753976,14
pooled_same_robot,pooled_same_robot:OV_MH_05_difficult,MH,OV_MH_05_difficult,whitened_correlation,constant,ACI,calibration_only,0.1,0.9,1806,0.929125138427464,0.029125138427464003,3.1377841410940084,3.759607097481013,2.829109501902314,1.6346410977127626,0.06946104276508518,14
pooled_same_robot,pooled_same_robot:OV_MH_05_difficult,MH,OV_MH_05_difficult,whitened_correlation,constant,AgACI-EWA,calibration_only,0.1,0.9,1806,0.9424141749723145,0.04241417497231448,2.8964653677694487,3.754160847760204,2.5056456980024353,1.5233793644477738,0.06318101933216201,5
pooled_same_robot,pooled_same_robot:OV_MH_05_difficult,MH,OV_MH_05_difficult,whitened_correlation,loglinear_covariance,ACI,calibration_only,0.1,0.9,1806,0.9208194905869325,0.020819490586932443,2.880014053943267,3.844566564615218,2.612689848482009,1.5548710903521998,0.0503866432337436,11
pooled_same_robot,pooled_same_robot:OV_MH_05_difficult,MH,OV_MH_05_difficult,whitened_correlation,loglinear_covariance,AgACI-EWA,calibration_only,0.1,0.9,1806,0.9485049833887044,0.04850498338870435,2.8604030102106486,3.9745725002933696,2.565824464480644,1.5777428820068573,0.05962507322788558,4
pooled_same_robot,pooled_same_robot:OV_MH_05_difficult,MH,OV_MH_05_difficult,whitened_correlation,loglinear_covariance_time,ACI,calibration_only,0.1,0.9,1806,0.9280177187153932,0.02801771871539316,2.947700517351943,3.8953157170102286,2.7166698105350164,1.5908391844699514,0.04760398359695403,11
pooled_same_robot,pooled_same_robot:OV_MH_05_difficult,MH,OV_MH_05_difficult,whitened_correlation,loglinear_covariance_time,AgACI-EWA,calibration_only,0.1,0.9,1806,0.9568106312292359,0.05681063122923591,2.9554984321245223,3.924453007888764,2.6416258841653004,1.609760019684652,0.0643468072642066,3
pooled_same_robot,pooled_same_robot:OV_MH_05_difficult,MH,OV_MH_05_difficult,correlation_shrink_0.25,constant,ACI,calibration_only,0.1,0.9,1806,0.9019933554817275,0.001993355481727521,1.7657682883901673,4.156204102862967,2.171856024440146,16.205965354293106,0.07714118336262457,24
pooled_same_robot,pooled_same_robot:OV_MH_05_difficult,MH,OV_MH_05_difficult,correlation_shrink_0.25,constant,AgACI-EWA,calibration_only,0.1,0.9,1806,0.9235880398671097,0.023588039867109667,1.526848488356714,4.393240802525174,1.7259440421603691,15.479379244950247,0.04782659636789716,18
pooled_same_robot,pooled_same_robot:OV_MH_05_difficult,MH,OV_MH_05_difficult,correlation_shrink_0.25,loglinear_covariance,ACI,calibration_only,0.1,0.9,1806,0.7491694352159468,0.1508305647840532,1.5283945791176277,3.4229511870624827,1.669756093577594,13.756975841250842,0.2127357937902754,177
pooled_same_robot,pooled_same_robot:OV_MH_05_difficult,MH,OV_MH_05_difficult,correlation_shrink_0.25,loglinear_covariance,AgACI-EWA,calibration_only,0.1,0.9,1806,0.7419712070874862,0.15802879291251382,1.4359460601446927,3.444275470997488,1.375931671397539,13.03663101048737,0.2051083772700645,179
pooled_same_robot,pooled_same_robot:OV_MH_05_difficult,MH,OV_MH_05_difficult,correlation_shrink_0.25,loglinear_covariance_time,ACI,calibration_only,0.1,0.9,1806,0.7978959025470653,0.1021040974529347,1.5435087422297897,3.6544165362337147,1.7796779744140283,14.312999086277724,0.16198594024604568,149
pooled_same_robot,pooled_same_robot:OV_MH_05_difficult,MH,OV_MH_05_difficult,correlation_shrink_0.25,loglinear_covariance_time,AgACI-EWA,calibration_only,0.1,0.9,1806,0.7879291251384275,0.11207087486157252,1.4241047550825137,3.6672700131563887,1.403583805782182,13.385528099175026,0.15922085530169897,149
pooled_same_robot,pooled_same_robot:OV_MH_05_difficult,MH,OV_MH_05_difficult,correlation_shrink_0.25_fit_bias,constant,ACI,calibration_only,0.1,0.9,1806,0.9086378737541528,0.008637873754152814,1.8309604592913846,3.813907501536259,2.0509399029506112,15.131229852957679,0.07674282366725263,12
pooled_same_robot,pooled_same_robot:OV_MH_05_difficult,MH,OV_MH_05_difficult,correlation_shrink_0.25_fit_bias,constant,AgACI-EWA,calibration_only,0.1,0.9,1806,0.929125138427464,0.029125138427464003,1.3179539072506392,3.984056650364299,1.6739443310296143,14.09593797458826,0.0387170474516698,7
pooled_same_robot,pooled_same_robot:OV_MH_05_difficult,MH,OV_MH_05_difficult,correlation_shrink_0.25_fit_bias,loglinear_covariance,ACI,calibration_only,0.1,0.9,1806,0.8571428571428571,0.04285714285714293,1.515382635351052,3.574365072800969,1.7554049901187943,13.78268598476048,0.11385471587580562,89
pooled_same_robot,pooled_same_robot:OV_MH_05_difficult,MH,OV_MH_05_difficult,correlation_shrink_0.25_fit_bias,loglinear_covariance,AgACI-EWA,calibration_only,0.1,0.9,1806,0.8737541528239202,0.026245847176079806,1.2414544476010585,3.591014144421032,1.5055263719187604,13.131980204334095,0.09910954891622759,89
pooled_same_robot,pooled_same_robot:OV_MH_05_difficult,MH,OV_MH_05_difficult,correlation_shrink_0.25_fit_bias,loglinear_covariance_time,ACI,calibration_only,0.1,0.9,1806,0.8648947951273532,0.03510520487264679,1.5241850251310392,3.6330526442381736,1.7799478514681657,13.904431385022265,0.10509666080843597,75
pooled_same_robot,pooled_same_robot:OV_MH_05_difficult,MH,OV_MH_05_difficult,correlation_shrink_0.25_fit_bias,loglinear_covariance_time,AgACI-EWA,calibration_only,0.1,0.9,1806,0.8743078626799557,0.025692137320044273,1.250302633391703,3.6676740738287448,1.535380052774819,13.263647765702686,0.08524311657879349,76
pooled_same_robot,pooled_same_robot:OV_MH_05_difficult,MH,OV_MH_05_difficult,correlation_shrink_0.50,constant,ACI,calibration_only,0.1,0.9,1806,0.9003322259136213,0.00033222591362125353,1.6240917749383783,4.203182588930476,2.0826671612345162,15.492482616276238,0.07615114235500889,24
pooled_same_robot,pooled_same_robot:OV_MH_05_difficult,MH,OV_MH_05_difficult,correlation_shrink_0.50,constant,AgACI-EWA,calibration_only,0.1,0.9,1806,0.9174972314507198,0.017497231450719797,1.4717104792463989,4.3927253532620565,1.6329863330211345,14.85053173062828,0.042852958406561455,18
pooled_same_robot,pooled_same_robot:OV_MH_05_difficult,MH,OV_MH_05_difficult,correlation_shrink_0.50,loglinear_covariance,ACI,calibration_only,0.1,0.9,1806,0.7535991140642303,0.14640088593576972,1.3796941070414581,3.5070377801990533,1.5575975003202736,13.149350823567003,0.20930872876391332,173
pooled_same_robot,pooled_same_robot:OV_MH_05_difficult,MH,OV_MH_05_difficult,correlation_shrink_0.50,loglinear_covariance,AgACI-EWA,calibration_only,0.1,0.9,1806,0.7419712070874862,0.15802879291251382,1.3279725590187779,3.5622524958837842,1.3143811275460242,12.571256631577535,0.20976567076742828,180
pooled_same_robot,pooled_same_robot:OV_MH_05_difficult,MH,OV_MH_05_difficult,correlation_shrink_0.50,loglinear_covariance_time,ACI,calibration_only,0.1,0.9,1806,0.8433001107419712,0.056699889258028824,1.4029073924873656,4.15141282801427,1.7286117836941175,14.181508657028175,0.11510837727006444,19
pooled_same_robot,pooled_same_robot:OV_MH_05_difficult,MH,OV_MH_05_difficult,correlation_shrink_0.50,loglinear_covariance_time,AgACI-EWA,calibration_only,0.1,0.9,1806,0.8704318936877077,0.02956810631229234,1.5104076386123944,4.154396151928829,1.678107084967732,14.291169203384477,0.09881663737551272,20
pooled_same_robot,pooled_same_robot:OV_MH_05_difficult,MH,OV_MH_05_difficult,correlation_shrink_0.50_fit_bias,constant,ACI,calibration_only,0.1,0.9,1806,0.906423034330011,0.006423034330011013,1.6956866392411323,3.8292925304635346,1.9380931033666218,14.361228758925055,0.07495606326889291,20
pooled_same_robot,pooled_same_robot:OV_MH_05_difficult,MH,OV_MH_05_difficult,correlation_shrink_0.50_fit_bias,constant,AgACI-EWA,calibration_only,0.1,0.9,1806,0.9191583610188261,0.019158361018826064,1.1772709856647232,4.015023130069166,1.5563733988512207,13.403743624634249,0.03874048037492697,9
pooled_same_robot,pooled_same_robot:OV_MH_05_difficult,MH,OV_MH_05_difficult,correlation_shrink_0.50_fit_bias,loglinear_covariance,ACI,calibration_only,0.1,0.9,1806,0.9008859357696567,0.0008859357696566761,1.4349880047763763,3.9505672972939685,1.7180706886957113,13.600252117735023,0.06669595782073823,14
pooled_same_robot,pooled_same_robot:OV_MH_05_difficult,MH,OV_MH_05_difficult,correlation_shrink_0.50_fit_bias,loglinear_covariance,AgACI-EWA,calibration_only,0.1,0.9,1806,0.902547065337763,0.0025470653377629437,1.0627234495534732,3.9574685914175864,1.4538875769815893,12.92332145674363,0.06701816051552457,5
pooled_same_robot,pooled_same_robot:OV_MH_05_difficult,MH,OV_MH_05_difficult,correlation_shrink_0.50_fit_bias,loglinear_covariance_time,ACI,calibration_only,0.1,0.9,1806,0.9008859357696567,0.0008859357696566761,1.4418830989930398,3.914103625784465,1.7128930223241794,13.568414718680579,0.06627416520210906,15
pooled_same_robot,pooled_same_robot:OV_MH_05_difficult,MH,OV_MH_05_difficult,correlation_shrink_0.50_fit_bias,loglinear_covariance_time,AgACI-EWA,calibration_only,0.1,0.9,1806,0.9086378737541528,0.008637873754152814,1.0472182905299081,3.987516544047361,1.4490463293329732,12.931408565954007,0.07332161687170505,4
pooled_same_robot,pooled_same_robot:OV_MH_05_difficult,MH,OV_MH_05_difficult,correlation_shrink_0.75,constant,ACI,calibration_only,0.1,0.9,1806,0.8997785160575859,0.00022148394241416902,1.5876507997103677,4.260243136809076,2.071129176172707,15.262393101523193,0.07461042765084952,24
pooled_same_robot,pooled_same_robot:OV_MH_05_difficult,MH,OV_MH_05_difficult,correlation_shrink_0.75,constant,AgACI-EWA,calibration_only,0.1,0.9,1806,0.9213732004429679,0.021373200442967866,1.4462266715918188,4.470038666638617,1.6221239008735597,14.72774681680292,0.04712360867018184,17
pooled_same_robot,pooled_same_robot:OV_MH_05_difficult,MH,OV_MH_05_difficult,correlation_shrink_0.75,loglinear_covariance,ACI,calibration_only,0.1,0.9,1806,0.8898117386489479,0.010188261351052108,1.3880552259495413,4.581067661133339,1.751824221480145,15.137085313431674,0.0680433509080258,10
pooled_same_robot,pooled_same_robot:OV_MH_05_difficult,MH,OV_MH_05_difficult,correlation_shrink_0.75,loglinear_covariance,AgACI-EWA,calibration_only,0.1,0.9,1806,0.9241417497231451,0.02414174972314509,1.5937257987895537,4.531693321315032,1.7618150834273194,15.039926295788254,0.04637375512595209,13
pooled_same_robot,pooled_same_robot:OV_MH_05_difficult,MH,OV_MH_05_difficult,correlation_shrink_0.75,loglinear_covariance_time,ACI,calibration_only,0.1,0.9,1806,0.8970099667774086,0.002990033222591393,1.3648438563875458,4.631064581578237,1.7645662824873731,15.280379437232233,0.060415934387814896,13
pooled_same_robot,pooled_same_robot:OV_MH_05_difficult,MH,OV_MH_05_difficult,correlation_shrink_0.75,loglinear_covariance_time,AgACI-EWA,calibration_only,0.1,0.9,1806,0.9280177187153932,0.02801771871539316,1.5851573842348952,4.520840875141351,1.7646578667225254,14.92842972570364,0.04669009958992405,14
pooled_same_robot,pooled_same_robot:OV_MH_05_difficult,MH,OV_MH_05_difficult,correlation_shrink_0.75_fit_bias,constant,ACI,calibration_only,0.1,0.9,1806,0.9053156146179402,0.0053156146179401675,1.6682146509769789,3.8597704325973474,1.9080039196412681,14.065914284395712,0.07370826010544827,18
pooled_same_robot,pooled_same_robot:OV_MH_05_difficult,MH,OV_MH_05_difficult,correlation_shrink_0.75_fit_bias,constant,AgACI-EWA,calibration_only,0.1,0.9,1806,0.9230343300110742,0.023034330011074133,1.109856497177244,4.0180936570332815,1.5569724288040883,13.339456351265625,0.042694786174575484,9
pooled_same_robot,pooled_same_robot:OV_MH_05_difficult,MH,OV_MH_05_difficult,correlation_shrink_0.75_fit_bias,loglinear_covariance,ACI,calibration_only,0.1,0.9,1806,0.9130675526024363,0.013067552602436305,1.3039895500605292,4.252404614526653,1.7903929621318837,14.986545158729108,0.05898652606912722,14
pooled_same_robot,pooled_same_robot:OV_MH_05_difficult,MH,OV_MH_05_difficult,correlation_shrink_0.75_fit_bias,loglinear_covariance,AgACI-EWA,calibration_only,0.1,0.9,1806,0.9473975636766334,0.04739756367663339,1.7340932314612938,3.979624246966095,1.884916880308723,14.605658120336367,0.05315172817809054,10
pooled_same_robot,pooled_same_robot:OV_MH_05_difficult,MH,OV_MH_05_difficult,correlation_shrink_0.75_fit_bias,loglinear_covariance_time,ACI,calibration_only,0.1,0.9,1806,0.9119601328903655,0.01196013289036546,1.2964315837957714,4.276586025251107,1.7708369584745451,14.793258869639173,0.05783831282952556,11
pooled_same_robot,pooled_same_robot:OV_MH_05_difficult,MH,OV_MH_05_difficult,correlation_shrink_0.75_fit_bias,loglinear_covariance_time,AgACI-EWA,calibration_only,0.1,0.9,1806,0.9529346622369879,0.05293466223698784,1.589978874355125,4.136171349703882,1.858596553612375,14.720520108314679,0.054633860574107025,10
pooled_same_robot,pooled_same_robot:OV_MH_05_difficult,MH,OV_MH_05_difficult,normalized_empirical_blend_0.25,constant,ACI,calibration_only,0.1,0.9,1806,0.7934662236987818,0.10653377630121819,-1.6195440035486866,-0.17683340024361804,-1.6621897832952233,5.732279710412746,0.15444053895723497,145
pooled_same_robot,pooled_same_robot:OV_MH_05_difficult,MH,OV_MH_05_difficult,normalized_empirical_blend_0.25,constant,AgACI-EWA,calibration_only,0.1,0.9,1806,0.8333333333333334,0.06666666666666665,-1.822622326278689,-0.17462536545971385,-1.767815778539825,5.613058768423281,0.14115407147041617,146
pooled_same_robot,pooled_same_robot:OV_MH_05_difficult,MH,OV_MH_05_difficult,normalized_empirical_blend_0.25,loglinear_covariance,ACI,calibration_only,0.1,0.9,1806,0.8394241417497231,0.06057585825027689,-1.667506855872472,0.0815085072326216,-1.6248992691108899,5.884107194558861,0.12032806092560056,115
pooled_same_robot,pooled_same_robot:OV_MH_05_difficult,MH,OV_MH_05_difficult,normalized_empirical_blend_0.25,loglinear_covariance,AgACI-EWA,calibration_only,0.1,0.9,1806,0.8765227021040974,0.023477297895902582,-1.8548472221367769,0.16194608848346892,-1.718131939510451,5.8022055353035515,0.10950790861159962,116
pooled_same_robot,pooled_same_robot:OV_MH_05_difficult,MH,OV_MH_05_difficult,normalized_empirical_blend_0.25,loglinear_covariance_time,ACI,calibration_only,0.1,0.9,1806,0.8377630121816169,0.06223698781838316,-1.7066590179142787,0.13355434506043196,-1.6418947512848392,5.857669446916465,0.1213766842413592,116
pooled_same_robot,pooled_same_robot:OV_MH_05_difficult,MH,OV_MH_05_difficult,normalized_empirical_blend_0.25,loglinear_covariance_time,AgACI-EWA,calibration_only,0.1,0.9,1806,0.8765227021040974,0.023477297895902582,-1.8411028215884104,0.13673784969078095,-1.7121951630117365,5.809279487901836,0.11083772700644437,115
pooled_same_robot,pooled_same_robot:OV_MH_05_difficult,MH,OV_MH_05_difficult,normalized_empirical_blend_0.50,constant,ACI,calibration_only,0.1,0.9,1806,0.7596899224806202,0.14031007751937985,-1.6982663780778102,-0.40643874213278863,-1.7465748177668923,5.381587301678058,0.18589338019917995,151
pooled_same_robot,pooled_same_robot:OV_MH_05_difficult,MH,OV_MH_05_difficult,normalized_empirical_blend_0.50,constant,AgACI-EWA,calibration_only,0.1,0.9,1806,0.7984496124031008,0.10155038759689927,-1.8245715108903626,-0.3631753130864297,-1.8780721265235314,5.236389080105524,0.16896309314587019,153
pooled_same_robot,pooled_same_robot:OV_MH_05_difficult,MH,OV_MH_05_difficult,normalized_empirical_blend_0.50,constant,ACI,recent_100,0.1,0.9,1806,0.7452934662236987,0.15470653377630128,-1.2276642288910615,0.3952762638706466,-1.331624789070375,6.6502585245008685,0.2124721734036322,58
pooled_same_robot,pooled_same_robot:OV_MH_05_difficult,MH,OV_MH_05_difficult,normalized_empirical_blend_0.50,constant,AgACI-EWA,recent_100,0.1,0.9,1806,0.7259136212624585,0.17408637873754151,-1.7615853301877502,0.17629155666102925,-1.703520526286327,5.9063542608709945,0.1947568834212068,59
pooled_same_robot,pooled_same_robot:OV_MH_05_difficult,MH,OV_MH_05_difficult,normalized_empirical_blend_0.50,constant,ACI,recent_300,0.1,0.9,1806,0.8217054263565892,0.07829457364341086,-0.7809936530567105,1.2181202285295125,-0.8206618974042247,7.671327831365037,0.16973637961335697,60
pooled_same_robot,pooled_same_robot:OV_MH_05_difficult,MH,OV_MH_05_difficult,normalized_empirical_blend_0.50,constant,AgACI-EWA,recent_300,0.1,0.9,1806,0.8062015503875969,0.09379844961240313,-1.7594897388073147,0.1705923660550268,-1.7255725990174726,5.833675089851702,0.12682483889865268,51
pooled_same_robot,pooled_same_robot:OV_MH_05_difficult,MH,OV_MH_05_difficult,normalized_empirical_blend_0.50,loglinear_covariance,ACI,calibration_only,0.1,0.9,1806,0.8377630121816169,0.06223698781838316,-1.6167431862854893,0.04200344876197626,-1.6676950780695643,5.647166964578941,0.12338019917984781,118
pooled_same_robot,pooled_same_robot:OV_MH_05_difficult,MH,OV_MH_05_difficult,normalized_empirical_blend_0.50,loglinear_covariance,AgACI-EWA,calibration_only,0.1,0.9,1806,0.8787375415282392,0.02126245847176078,-1.7539634252073277,0.03850190880526316,-1.7757833178637739,5.523305228857448,0.11504979496192183,121
pooled_same_robot,pooled_same_robot:OV_MH_05_difficult,MH,OV_MH_05_difficult,normalized_empirical_blend_0.50,loglinear_covariance,ACI,recent_100,0.1,0.9,1806,0.7674418604651163,0.1325581395348837,-1.1702251838290958,0.38416502711975475,-1.3060302062299303,6.691836613242544,0.2075395430579966,75
pooled_same_robot,pooled_same_robot:OV_MH_05_difficult,MH,OV_MH_05_difficult,normalized_empirical_blend_0.50,loglinear_covariance,AgACI-EWA,recent_100,0.1,0.9,1806,0.7524916943521595,0.14750830564784057,-1.6822633043336626,0.15183962222268566,-1.653917440508813,5.997963316463146,0.18941417691857065,72
pooled_same_robot,pooled_same_robot:OV_MH_05_difficult,MH,OV_MH_05_difficult,normalized_empirical_blend_0.50,loglinear_covariance,ACI,recent_300,0.1,0.9,1806,0.8355481727574751,0.06445182724252496,-0.6265800609908418,1.2174167780918093,-0.8096597975972218,7.662306556934676,0.17164030462800256,52
pooled_same_robot,pooled_same_robot:OV_MH_05_difficult,MH,OV_MH_05_difficult,normalized_empirical_blend_0.50,loglinear_covariance,AgACI-EWA,recent_300,0.1,0.9,1806,0.8361018826135105,0.06389811738648954,-1.7115510754214194,0.06881067070684388,-1.7072622777326572,5.857890861649227,0.12300527240773294,41
pooled_same_robot,pooled_same_robot:OV_MH_05_difficult,MH,OV_MH_05_difficult,normalized_empirical_blend_0.50,loglinear_covariance_time,ACI,calibration_only,0.1,0.9,1806,0.8388704318936877,0.061129568106312315,-1.6871837576296667,0.11367674299351016,-1.6861376900902147,5.629480147876749,0.12219097832454608,114
pooled_same_robot,pooled_same_robot:OV_MH_05_difficult,MH,OV_MH_05_difficult,normalized_empirical_blend_0.50,loglinear_covariance_time,AgACI-EWA,calibration_only,0.1,0.9,1806,0.8787375415282392,0.02126245847176078,-1.7750637085993293,0.09029485927778236,-1.7710036455848546,5.550107679819999,0.1101874633860577,113
pooled_same_robot,pooled_same_robot:OV_MH_05_difficult,MH,OV_MH_05_difficult,normalized_empirical_blend_0.50,loglinear_covariance_time,ACI,recent_100,0.1,0.9,1806,0.7663344407530454,0.13366555924695467,-1.1659850246342662,0.3978520414733504,-1.3081108895809703,6.683150159723072,0.20616871704745177,75
pooled_same_robot,pooled_same_robot:OV_MH_05_difficult,MH,OV_MH_05_difficult,normalized_empirical_blend_0.50,loglinear_covariance_time,AgACI-EWA,recent_100,0.1,0.9,1806,0.7502768549280178,0.14972314507198226,-1.6936158258197653,0.15198481727376922,-1.6528806657241204,6.000545370200317,0.19095489162273,72
pooled_same_robot,pooled_same_robot:OV_MH_05_difficult,MH,OV_MH_05_difficult,normalized_empirical_blend_0.50,loglinear_covariance_time,ACI,recent_300,0.1,0.9,1806,0.8338870431893688,0.06611295681063123,-0.6308159248311518,1.1736442514044878,-0.8192758001812707,7.630702592931993,0.17243702401874655,52
pooled_same_robot,pooled_same_robot:OV_MH_05_difficult,MH,OV_MH_05_difficult,normalized_empirical_blend_0.50,loglinear_covariance_time,AgACI-EWA,recent_300,0.1,0.9,1806,0.8361018826135105,0.06389811738648954,-1.7135198194911392,0.06351698196815558,-1.7104480708242018,5.848317463174427,0.12255418863503234,41
pooled_same_robot,pooled_same_robot:OV_MH_05_difficult,MH,OV_MH_05_difficult,normalized_empirical_blend_0.75,constant,ACI,calibration_only,0.1,0.9,1806,0.7441860465116279,0.15581395348837213,-1.6993618823200967,-0.38470529382835394,-1.7200095689353534,5.371413984159958,0.20498535442296434,154
pooled_same_robot,pooled_same_robot:OV_MH_05_difficult,MH,OV_MH_05_difficult,normalized_empirical_blend_0.75,constant,AgACI-EWA,calibration_only,0.1,0.9,1806,0.7818383167220376,0.11816168327796239,-1.73156406210229,-0.36555441040372827,-1.8292749333830363,5.250563336103343,0.18199765670767443,155
pooled_same_robot,pooled_same_robot:OV_MH_05_difficult,MH,OV_MH_05_difficult,normalized_empirical_blend_0.75,loglinear_covariance,ACI,calibration_only,0.1,0.9,1806,0.8322259136212624,0.06777408637873761,-1.522717194042368,0.021422157927452723,-1.5959315133307794,5.73279507880977,0.13492091388400718,122
pooled_same_robot,pooled_same_robot:OV_MH_05_difficult,MH,OV_MH_05_difficult,normalized_empirical_blend_0.75,loglinear_covariance,AgACI-EWA,calibration_only,0.1,0.9,1806,0.8709856035437431,0.02901439645625692,-1.6659599097657631,0.02148478426219258,-1.7229253722912312,5.562258357235559,0.12131224370240216,124
pooled_same_robot,pooled_same_robot:OV_MH_05_difficult,MH,OV_MH_05_difficult,normalized_empirical_blend_0.75,loglinear_covariance_time,ACI,calibration_only,0.1,0.9,1806,0.8305647840531561,0.06943521594684388,-1.5472338901136409,0.01723994442975929,-1.6138105897729136,5.705463444151315,0.1351786760398361,119
pooled_same_robot,pooled_same_robot:OV_MH_05_difficult,MH,OV_MH_05_difficult,normalized_empirical_blend_0.75,loglinear_covariance_time,AgACI-EWA,calibration_only,0.1,0.9,1806,0.875968992248062,0.024031007751938005,-1.6707653125464952,0.0006970372723733576,-1.717333207127199,5.57299574613024,0.12305799648506181,120
pooled_same_robot,pooled_same_robot:OV_V1_01_easy,V1,OV_V1_01_easy,raw_openvins,constant,ACI,calibration_only,0.1,0.9,2706,0.7653362897265337,0.13466371027346635,3.9547583120036744,20.456744087472472,6.568256291858659,2331.2493194949293,0.15502109704641337,13
pooled_same_robot,pooled_same_robot:OV_V1_01_easy,V1,OV_V1_01_easy,raw_openvins,constant,AgACI-EWA,calibration_only,0.1,0.9,2706,0.78640059127864,0.11359940872135998,4.198645721613803,19.457554540675666,6.276621725678225,1944.1406180312965,0.15265055619485993,29
pooled_same_robot,pooled_same_robot:OV_V1_01_easy,V1,OV_V1_01_easy,raw_openvins,constant,ACI,recent_100,0.1,0.9,2706,0.8288987435328898,0.07110125646711019,4.990584644326652,7.089371549484965,4.898673204128409,87.06745234836916,0.13395473724587648,51
pooled_same_robot,pooled_same_robot:OV_V1_01_easy,V1,OV_V1_01_easy,raw_openvins,constant,AgACI-EWA,recent_100,0.1,0.9,2706,0.7919438285291944,0.1080561714708056,4.4907135062685875,6.645258841347019,4.3690288001620905,73.94173680640732,0.13939010356731868,46
pooled_same_robot,pooled_same_robot:OV_V1_01_easy,V1,OV_V1_01_easy,raw_openvins,constant,ACI,recent_300,0.1,0.9,2706,0.8584626755358463,0.0415373244641537,5.326942938689414,7.512374903025344,5.284106435159184,96.34675122139215,0.1440659762178751,51
pooled_same_robot,pooled_same_robot:OV_V1_01_easy,V1,OV_V1_01_easy,raw_openvins,constant,AgACI-EWA,recent_300,0.1,0.9,2706,0.8344419807834442,0.0655580192165558,4.319391061890308,6.375890162243056,4.278079383227528,70.15757295245693,0.10832757959340239,25
pooled_same_robot,pooled_same_robot:OV_V1_01_easy,V1,OV_V1_01_easy,raw_openvins,loglinear_covariance,ACI,calibration_only,0.1,0.9,2706,0.9113082039911308,0.01130820399113075,5.552674517487571,7.794240793201482,5.5339569967636795,105.30726413068604,0.12399693133870371,40
pooled_same_robot,pooled_same_robot:OV_V1_01_easy,V1,OV_V1_01_easy,raw_openvins,loglinear_covariance,AgACI-EWA,calibration_only,0.1,0.9,2706,0.9087213599408721,0.008721359940872087,4.461614149895278,6.516108172112125,4.3078313216041995,73.45768372048167,0.033605677023398686,2
pooled_same_robot,pooled_same_robot:OV_V1_01_easy,V1,OV_V1_01_easy,raw_openvins,loglinear_covariance,ACI,recent_100,0.1,0.9,2706,0.8288987435328898,0.07110125646711019,5.071045296730772,7.156136222732915,5.003169558310692,90.83643220253313,0.13395473724587648,51
pooled_same_robot,pooled_same_robot:OV_V1_01_easy,V1,OV_V1_01_easy,raw_openvins,loglinear_covariance,AgACI-EWA,recent_100,0.1,0.9,2706,0.7912047302291205,0.1087952697708795,4.557887864959513,6.826636408019994,4.466754212728049,77.27213282073168,0.13976217874952043,46
pooled_same_robot,pooled_same_robot:OV_V1_01_easy,V1,OV_V1_01_easy,raw_openvins,loglinear_covariance,ACI,recent_300,0.1,0.9,2706,0.8584626755358463,0.0415373244641537,5.397115572852028,7.7030015554004,5.3886027893414665,100.11573107555613,0.1440659762178751,51
pooled_same_robot,pooled_same_robot:OV_V1_01_easy,V1,OV_V1_01_easy,raw_openvins,loglinear_covariance,AgACI-EWA,recent_300,0.1,0.9,2706,0.8333333333333334,0.06666666666666665,4.413344874655372,6.5107432526624684,4.376425241155784,73.49101047457727,0.1093210586881473,25
pooled_same_robot,pooled_same_robot:OV_V1_01_easy,V1,OV_V1_01_easy,raw_openvins,loglinear_covariance_time,ACI,calibration_only,0.1,0.9,2706,0.9175905395417591,0.017590539541759043,5.748993752857246,8.939192804360637,5.7303603879621035,118.03439280816819,0.11467587265055643,35
pooled_same_robot,pooled_same_robot:OV_V1_01_easy,V1,OV_V1_01_easy,raw_openvins,loglinear_covariance_time,AgACI-EWA,calibration_only,0.1,0.9,2706,0.9083518107908352,0.008351810790835135,4.526305541041453,6.618811634717038,4.383556437833703,76.98297445277808,0.03026083621020344,2
pooled_same_robot,pooled_same_robot:OV_V1_01_easy,V1,OV_V1_01_easy,raw_openvins,loglinear_covariance_time,ACI,recent_100,0.1,0.9,2706,0.8288987435328898,0.07110125646711019,5.071045296730772,7.156136222732915,5.027310536094445,93.2599350123601,0.13395473724587648,51
pooled_same_robot,pooled_same_robot:OV_V1_01_easy,V1,OV_V1_01_easy,raw_openvins,loglinear_covariance_time,AgACI-EWA,recent_100,0.1,0.9,2706,0.7912047302291205,0.1087952697708795,4.557888402754013,6.826063140628595,4.4874656029453535,79.30845571074641,0.13976217874952043,46
pooled_same_robot,pooled_same_robot:OV_V1_01_easy,V1,OV_V1_01_easy,raw_openvins,loglinear_covariance_time,ACI,recent_300,0.1,0.9,2706,0.8584626755358463,0.0415373244641537,5.397115572852028,7.7030015554004,5.41274376712522,102.53923388538311,0.1440659762178751,51
pooled_same_robot,pooled_same_robot:OV_V1_01_easy,V1,OV_V1_01_easy,raw_openvins,loglinear_covariance_time,AgACI-EWA,recent_300,0.1,0.9,2706,0.8329637841832964,0.0670362158167036,4.413335924047985,6.5080491881411096,4.3974929966755285,75.52939037482041,0.10970464135021098,25
pooled_same_robot,pooled_same_robot:OV_V1_01_easy,V1,OV_V1_01_easy,raw_openvins_fit_bias,constant,ACI,calibration_only,0.1,0.9,2706,0.7934220251293422,0.10657797487065779,3.8776457738124384,17.277225992900203,5.549607880036482,976.1895250402146,0.13856540084388178,20
pooled_same_robot,pooled_same_robot:OV_V1_01_easy,V1,OV_V1_01_easy,raw_openvins_fit_bias,constant,AgACI-EWA,calibration_only,0.1,0.9,2706,0.8011825572801182,0.0988174427198818,3.973402131500266,16.821314670221543,5.5350408034844545,898.3506523349291,0.15052934407364787,29
pooled_same_robot,pooled_same_robot:OV_V1_01_easy,V1,OV_V1_01_easy,raw_openvins_fit_bias,loglinear_covariance,ACI,calibration_only,0.1,0.9,2706,0.9120473022912047,0.012047302291204653,5.4859928618584055,8.057359650564058,5.411006498351401,104.36138348011744,0.11188339087073286,26
pooled_same_robot,pooled_same_robot:OV_V1_01_easy,V1,OV_V1_01_easy,raw_openvins_fit_bias,loglinear_covariance,AgACI-EWA,calibration_only,0.1,0.9,2706,0.9068736141906873,0.006873614190687327,4.114178585889852,6.577322245505848,4.025211901050893,69.4282256836011,0.03292673571154592,3
pooled_same_robot,pooled_same_robot:OV_V1_01_easy,V1,OV_V1_01_easy,raw_openvins_fit_bias,loglinear_covariance_time,ACI,calibration_only,0.1,0.9,2706,0.9164818920916482,0.016481892091648187,5.644780883493783,8.888965463806434,5.587306330188332,115.39917981331556,0.10842347525891854,25
pooled_same_robot,pooled_same_robot:OV_V1_01_easy,V1,OV_V1_01_easy,raw_openvins_fit_bias,loglinear_covariance_time,AgACI-EWA,calibration_only,0.1,0.9,2706,0.909460458240946,0.00946045824094599,4.091874057659827,6.629826756438595,4.097125891911504,72.41415125960499,0.031480629075565925,3
pooled_same_robot,pooled_same_robot:OV_V1_01_easy,V1,OV_V1_01_easy,diagonal_openvins,constant,ACI,calibration_only,0.1,0.9,2706,0.8806356245380635,0.01936437546193648,0.23693448284912577,1.9669966123584963,0.30529282538129354,18.62424100521636,0.10995013425393181,40
pooled_same_robot,pooled_same_robot:OV_V1_01_easy,V1,OV_V1_01_easy,diagonal_openvins,constant,AgACI-EWA,calibration_only,0.1,0.9,2706,0.8647450110864745,0.03525498891352552,-1.1688214516448285,1.113444670199505,-1.068625551067119,14.093628028235136,0.07474108170310706,41
pooled_same_robot,pooled_same_robot:OV_V1_01_easy,V1,OV_V1_01_easy,diagonal_openvins,loglinear_covariance,ACI,calibration_only,0.1,0.9,2706,0.7801182557280119,0.11988174427198817,-1.6721394370978375,1.0314315556613058,-1.2848193521606681,13.048946533135453,0.15710778672803988,52
pooled_same_robot,pooled_same_robot:OV_V1_01_easy,V1,OV_V1_01_easy,diagonal_openvins,loglinear_covariance,AgACI-EWA,calibration_only,0.1,0.9,2706,0.7978566149297857,0.10214338507021437,-1.7559520194261053,1.064879261164931,-1.2551620997044757,13.302810427482942,0.13395857307249712,53
pooled_same_robot,pooled_same_robot:OV_V1_01_easy,V1,OV_V1_01_easy,diagonal_openvins,loglinear_covariance_time,ACI,calibration_only,0.1,0.9,2706,0.7239467849223947,0.1760532150776053,-1.8528965110819624,0.11215009395311082,-1.5706075704072815,10.931625032975598,0.19697353279631755,109
pooled_same_robot,pooled_same_robot:OV_V1_01_easy,V1,OV_V1_01_easy,diagonal_openvins,loglinear_covariance_time,AgACI-EWA,calibration_only,0.1,0.9,2706,0.7490761271249076,0.15092387287509246,-1.8593724455599698,0.34555054434320187,-1.506693802506625,11.176501195626859,0.1778634445723053,109
pooled_same_robot,pooled_same_robot:OV_V1_01_easy,V1,OV_V1_01_easy,diagonal_openvins_fit_bias,constant,ACI,calibration_only,0.1,0.9,2706,0.8828529194382853,0.017147080561714767,0.23857755368740552,1.8813890003192313,0.22585165542491045,18.016502883513365,0.11191024165707719,29
pooled_same_robot,pooled_same_robot:OV_V1_01_easy,V1,OV_V1_01_easy,diagonal_openvins_fit_bias,constant,AgACI-EWA,calibration_only,0.1,0.9,2706,0.8673318551367332,0.03266814486326686,-1.343324226013519,1.0649841577195218,-1.2274298716169705,13.371516002292775,0.07338703490602227,20
pooled_same_robot,pooled_same_robot:OV_V1_01_easy,V1,OV_V1_01_easy,diagonal_openvins_fit_bias,loglinear_covariance,ACI,calibration_only,0.1,0.9,2706,0.7283813747228381,0.17161862527716187,-1.8052023077358728,0.026210270909223787,-1.6329435935092602,10.428865465611583,0.19609512850019176,120
pooled_same_robot,pooled_same_robot:OV_V1_01_easy,V1,OV_V1_01_easy,diagonal_openvins_fit_bias,loglinear_covariance,AgACI-EWA,calibration_only,0.1,0.9,2706,0.7176644493717664,0.1823355506282336,-2.200072781660441,0.30474677387606963,-1.7631096931759525,10.36053814312658,0.19191024165707704,120
pooled_same_robot,pooled_same_robot:OV_V1_01_easy,V1,OV_V1_01_easy,diagonal_openvins_fit_bias,loglinear_covariance_time,ACI,calibration_only,0.1,0.9,2706,0.6910569105691057,0.20894308943089435,-1.9900894589181926,-0.29139897531435643,-1.8800195785796279,9.207495005009372,0.22633294975067125,138
pooled_same_robot,pooled_same_robot:OV_V1_01_easy,V1,OV_V1_01_easy,diagonal_openvins_fit_bias,loglinear_covariance_time,AgACI-EWA,calibration_only,0.1,0.9,2706,0.6899482631189948,0.2100517368810052,-2.177812004271396,-0.14643807437221668,-1.9460401116547374,9.153537404656795,0.22409666283083998,138
pooled_same_robot,pooled_same_robot:OV_V1_01_easy,V1,OV_V1_01_easy,standardized_correlation,constant,ACI,calibration_only,0.1,0.9,2706,0.7313377679231338,0.16866223207686626,2.0583731276516564,4.013009849733303,2.3088525966531104,15.14662082831799,0.18235903337169151,134
pooled_same_robot,pooled_same_robot:OV_V1_01_easy,V1,OV_V1_01_easy,standardized_correlation,constant,AgACI-EWA,calibration_only,0.1,0.9,2706,0.7346637102734663,0.1653362897265337,2.1335146920885317,4.064311751351735,2.3653643348053346,15.435940355107068,0.1808055235903337,134
pooled_same_robot,pooled_same_robot:OV_V1_01_easy,V1,OV_V1_01_easy,standardized_correlation,constant,ACI,recent_100,0.1,0.9,2706,0.8329637841832964,0.0670362158167036,3.9845872605622605,8.272858779972577,4.471866430509238,40.28974287483572,0.13097813578826242,38
pooled_same_robot,pooled_same_robot:OV_V1_01_easy,V1,OV_V1_01_easy,standardized_correlation,constant,AgACI-EWA,recent_100,0.1,0.9,2706,0.7967479674796748,0.10325203252032522,2.908982023723528,6.89924784556111,3.260111648507475,26.931577864786444,0.1266973532796317,40
pooled_same_robot,pooled_same_robot:OV_V1_01_easy,V1,OV_V1_01_easy,standardized_correlation,constant,ACI,recent_300,0.1,0.9,2706,0.8817442719881744,0.018255728011825623,4.5481009297744865,8.354779281178335,4.996563893706684,40.79177161215338,0.10388569236670515,37
pooled_same_robot,pooled_same_robot:OV_V1_01_easy,V1,OV_V1_01_easy,standardized_correlation,constant,AgACI-EWA,recent_300,0.1,0.9,2706,0.8621581670362158,0.03784183296378418,2.705583544181722,6.421053617361028,3.156016628806399,24.54005081427268,0.06780207134637514,34
pooled_same_robot,pooled_same_robot:OV_V1_01_easy,V1,OV_V1_01_easy,standardized_correlation,loglinear_covariance,ACI,calibration_only,0.1,0.9,2706,0.7243163340724317,0.17568366592756834,2.2476168715532707,3.8374495072403687,2.293866798915883,14.82097461245331,0.18241273494438046,139
pooled_same_robot,pooled_same_robot:OV_V1_01_easy,V1,OV_V1_01_easy,standardized_correlation,loglinear_covariance,AgACI-EWA,calibration_only,0.1,0.9,2706,0.7217294900221729,0.17827050997782712,2.2239072326541294,3.870550481684859,2.300987207193281,14.952780236494435,0.18223628691983115,142
pooled_same_robot,pooled_same_robot:OV_V1_01_easy,V1,OV_V1_01_easy,standardized_correlation,loglinear_covariance,ACI,recent_100,0.1,0.9,2706,0.8392461197339246,0.06075388026607542,3.7197801069323235,7.438956189475839,4.162983785102575,35.10144328726586,0.11630609896432687,47
pooled_same_robot,pooled_same_robot:OV_V1_01_easy,V1,OV_V1_01_easy,standardized_correlation,loglinear_covariance,AgACI-EWA,recent_100,0.1,0.9,2706,0.8067257945306726,0.09327420546932741,2.6590421584304544,6.391805094544176,3.1161437603562305,25.067211045158174,0.11036823935558104,47
pooled_same_robot,pooled_same_robot:OV_V1_01_easy,V1,OV_V1_01_easy,standardized_correlation,loglinear_covariance,ACI,recent_300,0.1,0.9,2706,0.8806356245380635,0.01936437546193648,4.289551506582245,7.713779681903372,4.549736068871559,35.2824850438483,0.10240122746451875,47
pooled_same_robot,pooled_same_robot:OV_V1_01_easy,V1,OV_V1_01_easy,standardized_correlation,loglinear_covariance,AgACI-EWA,recent_300,0.1,0.9,2706,0.8595713229859572,0.040428677014042846,2.643926132668837,6.0747058295083125,3.0570389986991016,23.392878930730856,0.06669351745301115,47
pooled_same_robot,pooled_same_robot:OV_V1_01_easy,V1,OV_V1_01_easy,standardized_correlation,loglinear_covariance_time,ACI,calibration_only,0.1,0.9,2706,0.5565410199556541,0.34345898004434594,1.3348481204997849,3.507744577210013,1.6375807888891654,11.101585681611766,0.33926735711545825,221
pooled_same_robot,pooled_same_robot:OV_V1_01_easy,V1,OV_V1_01_easy,standardized_correlation,loglinear_covariance_time,AgACI-EWA,calibration_only,0.1,0.9,2706,0.573170731707317,0.326829268292683,1.3524865197507885,3.485696395926907,1.6656050559502213,11.117488431775705,0.3251706942846182,221
pooled_same_robot,pooled_same_robot:OV_V1_01_easy,V1,OV_V1_01_easy,standardized_correlation,loglinear_covariance_time,ACI,recent_100,0.1,0.9,2706,0.8325942350332595,0.06740576496674056,3.720163601107845,8.344858993237382,4.278177013034515,39.27731348150787,0.12570387418488693,47
pooled_same_robot,pooled_same_robot:OV_V1_01_easy,V1,OV_V1_01_easy,standardized_correlation,loglinear_covariance_time,AgACI-EWA,recent_100,0.1,0.9,2706,0.7985957132298596,0.10140428677014046,2.749736335964365,6.896521631727321,3.176856034677314,26.46283805906232,0.12168392788645947,47
pooled_same_robot,pooled_same_robot:OV_V1_01_easy,V1,OV_V1_01_easy,standardized_correlation,loglinear_covariance_time,ACI,recent_300,0.1,0.9,2706,0.8776792313377679,0.022320768662232093,4.238725214106696,8.596583336027756,4.900472357176996,41.19580898366495,0.11109321058688161,47
pooled_same_robot,pooled_same_robot:OV_V1_01_easy,V1,OV_V1_01_easy,standardized_correlation,loglinear_covariance_time,AgACI-EWA,recent_300,0.1,0.9,2706,0.8569844789356984,0.04301552106430162,2.442578698538559,6.38559542269533,3.0447911298940515,24.022459702788645,0.07165707710011508,47
pooled_same_robot,pooled_same_robot:OV_V1_01_easy,V1,OV_V1_01_easy,whitened_correlation,constant,ACI,calibration_only,0.1,0.9,2706,0.5092387287509239,0.3907612712490761,6.613564668682939,16.176597521290855,9.92645746944668,208.85881224000406,0.38906789413118514,12
pooled_same_robot,pooled_same_robot:OV_V1_01_easy,V1,OV_V1_01_easy,whitened_correlation,constant,AgACI-EWA,calibration_only,0.1,0.9,2706,0.7838137472283814,0.11618625277161865,14.595028837123806,16.430198874019574,12.679530139147287,316.3751170222416,0.11290755657844231,45
pooled_same_robot,pooled_same_robot:OV_V1_01_easy,V1,OV_V1_01_easy,whitened_correlation,loglinear_covariance,ACI,calibration_only,0.1,0.9,2706,0.5055432372505543,0.39445676274944574,5.845243139774827,16.174840057646286,9.573540487581019,208.84807129096356,0.3924971231300344,11
pooled_same_robot,pooled_same_robot:OV_V1_01_easy,V1,OV_V1_01_easy,whitened_correlation,loglinear_covariance,AgACI-EWA,calibration_only,0.1,0.9,2706,0.7823355506282336,0.11766444937176646,14.601522038293302,16.430328138718217,12.54863362512826,318.6176064858367,0.11337169159953936,47
pooled_same_robot,pooled_same_robot:OV_V1_01_easy,V1,OV_V1_01_easy,whitened_correlation,loglinear_covariance_time,ACI,calibration_only,0.1,0.9,2706,0.5295639320029564,0.37043606799704365,8.077788629671137,18.154153566138604,11.419421770068753,385.83761480348414,0.3680782508630608,12
pooled_same_robot,pooled_same_robot:OV_V1_01_easy,V1,OV_V1_01_easy,whitened_correlation,loglinear_covariance_time,AgACI-EWA,calibration_only,0.1,0.9,2706,0.549519586104952,0.350480413895048,8.201045246613967,18.277043324580205,11.53864740023437,393.10210895714374,0.34390103567318736,44
pooled_same_robot,pooled_same_robot:OV_V1_01_easy,V1,OV_V1_01_easy,correlation_shrink_0.25,constant,ACI,calibration_only,0.1,0.9,2706,0.8765705838876571,0.02342941611234295,0.7683804489367425,2.453266501551064,0.8102701954535735,21.756395117715925,0.11677406981204458,44
pooled_same_robot,pooled_same_robot:OV_V1_01_easy,V1,OV_V1_01_easy,correlation_shrink_0.25,constant,AgACI-EWA,calibration_only,0.1,0.9,2706,0.8632668144863267,0.03673318551367333,-0.26212181302915516,2.073265640833661,-0.20861206384263967,17.478374418240975,0.07500191791331035,44
pooled_same_robot,pooled_same_robot:OV_V1_01_easy,V1,OV_V1_01_easy,correlation_shrink_0.25,loglinear_covariance,ACI,calibration_only,0.1,0.9,2706,0.9308943089430894,0.03089430894308942,2.732579018737569,7.272863498477587,2.8006107170772285,53.85904555845303,0.09905638665132359,26
pooled_same_robot,pooled_same_robot:OV_V1_01_easy,V1,OV_V1_01_easy,correlation_shrink_0.25,loglinear_covariance,AgACI-EWA,calibration_only,0.1,0.9,2706,0.9161123429416113,0.016112342941611235,0.6712874712422581,3.8135377893018294,0.8106718052312437,28.883478422216015,0.030199462984273347,9
pooled_same_robot,pooled_same_robot:OV_V1_01_easy,V1,OV_V1_01_easy,correlation_shrink_0.25,loglinear_covariance_time,ACI,calibration_only,0.1,0.9,2706,0.9327420546932742,0.03274205469327418,2.8474631465274136,7.738358696119351,2.95728495228778,59.28481422209913,0.09145377828922156,21
pooled_same_robot,pooled_same_robot:OV_V1_01_easy,V1,OV_V1_01_easy,correlation_shrink_0.25,loglinear_covariance_time,AgACI-EWA,calibration_only,0.1,0.9,2706,0.9153732446415374,0.015373244641537331,1.0128597397938197,3.866466901158957,1.0158481193100644,30.890799168342213,0.025120828538550327,5
pooled_same_robot,pooled_same_robot:OV_V1_01_easy,V1,OV_V1_01_easy,correlation_shrink_0.25_fit_bias,constant,ACI,calibration_only,0.1,0.9,2706,0.8787878787878788,0.021212121212121238,0.7326722833894319,2.3585638729946776,0.7248878112427039,21.068463616901436,0.11635980053701582,42
pooled_same_robot,pooled_same_robot:OV_V1_01_easy,V1,OV_V1_01_easy,correlation_shrink_0.25_fit_bias,constant,AgACI-EWA,calibration_only,0.1,0.9,2706,0.8680709534368071,0.03192904656319295,-0.5222603824878957,2.244529691972075,-0.3786108747011273,16.660275151508106,0.07497506712696587,42
pooled_same_robot,pooled_same_robot:OV_V1_01_easy,V1,OV_V1_01_easy,correlation_shrink_0.25_fit_bias,loglinear_covariance,ACI,calibration_only,0.1,0.9,2706,0.9279379157427938,0.027937915742793806,2.567610985982318,7.091920337642869,2.5819284284435464,49.58242085713346,0.10266206367472211,29
pooled_same_robot,pooled_same_robot:OV_V1_01_easy,V1,OV_V1_01_easy,correlation_shrink_0.25_fit_bias,loglinear_covariance,AgACI-EWA,calibration_only,0.1,0.9,2706,0.9138950480413895,0.013895048041389524,0.45940096578396616,3.7665215057480887,0.6154656736633917,27.176805088951806,0.030893747602608587,6
pooled_same_robot,pooled_same_robot:OV_V1_01_easy,V1,OV_V1_01_easy,correlation_shrink_0.25_fit_bias,loglinear_covariance_time,ACI,calibration_only,0.1,0.9,2706,0.9316334072431633,0.031633407243163325,2.526935024754521,7.5967203325762895,2.7277102906847444,55.20136339362803,0.09413885692366727,20
pooled_same_robot,pooled_same_robot:OV_V1_01_easy,V1,OV_V1_01_easy,correlation_shrink_0.25_fit_bias,loglinear_covariance_time,AgACI-EWA,calibration_only,0.1,0.9,2706,0.9138950480413895,0.013895048041389524,0.717080543859872,3.6182001654467584,0.7642432886686907,28.52463273262456,0.025707710011507724,5
pooled_same_robot,pooled_same_robot:OV_V1_01_easy,V1,OV_V1_01_easy,correlation_shrink_0.50,constant,ACI,calibration_only,0.1,0.9,2706,0.8795269770879527,0.020473022912047334,0.4236317665157969,2.12534667932362,0.48984661495818704,19.71906347708391,0.11379746835443047,41
pooled_same_robot,pooled_same_robot:OV_V1_01_easy,V1,OV_V1_01_easy,correlation_shrink_0.50,constant,AgACI-EWA,calibration_only,0.1,0.9,2706,0.8654841093865484,0.034515890613451616,-0.7912658460201651,1.475843110947869,-0.7572571350163242,15.205529390504577,0.07425393172228618,42
pooled_same_robot,pooled_same_robot:OV_V1_01_easy,V1,OV_V1_01_easy,correlation_shrink_0.50,loglinear_covariance,ACI,calibration_only,0.1,0.9,2706,0.8943089430894309,0.005691056910569148,1.2127754747285993,5.809440388422475,1.620450366779927,48.69052125687128,0.09803989259685474,36
pooled_same_robot,pooled_same_robot:OV_V1_01_easy,V1,OV_V1_01_easy,correlation_shrink_0.50,loglinear_covariance,AgACI-EWA,calibration_only,0.1,0.9,2706,0.8869179600886918,0.013082039911308185,-0.5484135316610299,4.324545184428336,0.15185580859185357,27.946191004633565,0.062075182201764494,17
pooled_same_robot,pooled_same_robot:OV_V1_01_easy,V1,OV_V1_01_easy,correlation_shrink_0.50,loglinear_covariance_time,ACI,calibration_only,0.1,0.9,2706,0.8961566888396156,0.0038433111603843884,3.355062728843392,6.0102917000473495,2.4115917468513457,59.40034505756735,0.101469121595704,32
pooled_same_robot,pooled_same_robot:OV_V1_01_easy,V1,OV_V1_01_easy,correlation_shrink_0.50,loglinear_covariance_time,AgACI-EWA,calibration_only,0.1,0.9,2706,0.8939393939393939,0.0060606060606061,0.024524859368090013,4.051085019868613,0.3332586387567505,28.01672196016734,0.05811277330264683,15
pooled_same_robot,pooled_same_robot:OV_V1_01_easy,V1,OV_V1_01_easy,correlation_shrink_0.50_fit_bias,constant,ACI,calibration_only,0.1,0.9,2706,0.8802660753880266,0.01973392461197343,0.43083396712556343,2.1024539121510575,0.40871095913933725,19.125838466011864,0.11578059071729968,41
pooled_same_robot,pooled_same_robot:OV_V1_01_easy,V1,OV_V1_01_easy,correlation_shrink_0.50_fit_bias,constant,AgACI-EWA,calibration_only,0.1,0.9,2706,0.8662232076866223,0.03377679231337771,-1.0220817004832394,1.5554881723578626,-0.9137596867842356,14.500273875851146,0.07545838128116612,41
pooled_same_robot,pooled_same_robot:OV_V1_01_easy,V1,OV_V1_01_easy,correlation_shrink_0.50_fit_bias,loglinear_covariance,ACI,calibration_only,0.1,0.9,2706,0.8669623059866962,0.03303769401330381,-0.6735113178277397,2.906715908352142,-0.17508834875091267,22.915614537228915,0.09436517069428468,44
pooled_same_robot,pooled_same_robot:OV_V1_01_easy,V1,OV_V1_01_easy,correlation_shrink_0.50_fit_bias,loglinear_covariance,AgACI-EWA,calibration_only,0.1,0.9,2706,0.8699186991869918,0.030081300813008194,-0.926485971445151,2.6079498988650487,-0.39545254741089964,20.721944255233563,0.08596087456846963,44
pooled_same_robot,pooled_same_robot:OV_V1_01_easy,V1,OV_V1_01_easy,correlation_shrink_0.50_fit_bias,loglinear_covariance_time,ACI,calibration_only,0.1,0.9,2706,0.8939393939393939,0.0060606060606061,1.6540484835847211,6.017664495773523,1.8471110912859214,51.90762207891973,0.11232067510548537,35
pooled_same_robot,pooled_same_robot:OV_V1_01_easy,V1,OV_V1_01_easy,correlation_shrink_0.50_fit_bias,loglinear_covariance_time,AgACI-EWA,calibration_only,0.1,0.9,2706,0.885809312638581,0.014190687361419041,-0.5598948695548387,3.8062547618874243,0.0401866354540179,26.05666065053601,0.06308016877637139,21
pooled_same_robot,pooled_same_robot:OV_V1_01_easy,V1,OV_V1_01_easy,correlation_shrink_0.75,constant,ACI,calibration_only,0.1,0.9,2706,0.8802660753880266,0.01973392461197343,0.2812018855419902,2.0032763539283476,0.343410829335098,18.856769165534075,0.11146912159570398,40
pooled_same_robot,pooled_same_robot:OV_V1_01_easy,V1,OV_V1_01_easy,correlation_shrink_0.75,constant,AgACI-EWA,calibration_only,0.1,0.9,2706,0.8665927568366593,0.03340724316334076,-1.071383502671968,1.1609026087800656,-1.0093924173690088,14.300465746488323,0.07436900652090529,41
pooled_same_robot,pooled_same_robot:OV_V1_01_easy,V1,OV_V1_01_easy,correlation_shrink_0.75,loglinear_covariance,ACI,calibration_only,0.1,0.9,2706,0.8137472283813747,0.08625277161862532,-1.3012886302046907,0.5997751335269923,-1.208529308999947,12.208182550567907,0.1324088991177599,59
pooled_same_robot,pooled_same_robot:OV_V1_01_easy,V1,OV_V1_01_easy,correlation_shrink_0.75,loglinear_covariance,AgACI-EWA,calibration_only,0.1,0.9,2706,0.8085735402808574,0.09142645971914265,-1.4237327881043846,0.6374506889750959,-1.282880247691669,12.123875448486723,0.12172995780590719,59
pooled_same_robot,pooled_same_robot:OV_V1_01_easy,V1,OV_V1_01_easy,correlation_shrink_0.75,loglinear_covariance_time,ACI,calibration_only,0.1,0.9,2706,0.8133776792313377,0.08662232076866228,-1.3156522899513723,0.5953693338317443,-1.2128198284291951,12.196161359597747,0.13028385116992716,59
pooled_same_robot,pooled_same_robot:OV_V1_01_easy,V1,OV_V1_01_easy,correlation_shrink_0.75,loglinear_covariance_time,AgACI-EWA,calibration_only,0.1,0.9,2706,0.8082039911308204,0.0917960088691796,-1.4623807113189637,0.6376000090957445,-1.3080084874946114,12.05642432683638,0.12058304564633679,59
pooled_same_robot,pooled_same_robot:OV_V1_01_easy,V1,OV_V1_01_easy,correlation_shrink_0.75_fit_bias,constant,ACI,calibration_only,0.1,0.9,2706,0.8824833702882483,0.01751662971175172,0.27239216476198536,1.9278648757573151,0.2513302696135754,18.180252080008657,0.11321442270809368,29
pooled_same_robot,pooled_same_robot:OV_V1_01_easy,V1,OV_V1_01_easy,correlation_shrink_0.75_fit_bias,constant,AgACI-EWA,calibration_only,0.1,0.9,2706,0.8677014042867701,0.032298595713229905,-1.2411825116445043,1.1985354881312729,-1.166761782855013,13.609229843864972,0.07496355964710398,21
pooled_same_robot,pooled_same_robot:OV_V1_01_easy,V1,OV_V1_01_easy,correlation_shrink_0.75_fit_bias,loglinear_covariance,ACI,calibration_only,0.1,0.9,2706,0.820029563932003,0.07997043606799703,-1.4223553611265651,0.6072757797203314,-1.3252996167168027,11.873282559865167,0.12523973916378983,57
pooled_same_robot,pooled_same_robot:OV_V1_01_easy,V1,OV_V1_01_easy,correlation_shrink_0.75_fit_bias,loglinear_covariance,AgACI-EWA,calibration_only,0.1,0.9,2706,0.8089430894308943,0.0910569105691057,-1.6792580036556037,0.7200676879164583,-1.3928008801247445,11.942895571244835,0.12160721135404678,57
pooled_same_robot,pooled_same_robot:OV_V1_01_easy,V1,OV_V1_01_easy,correlation_shrink_0.75_fit_bias,loglinear_covariance_time,ACI,calibration_only,0.1,0.9,2706,0.8207686622320769,0.07923133776792313,-1.3812741304062008,0.6009457737738177,-1.3008137362651175,11.910602415224703,0.12726505561948603,57
pooled_same_robot,pooled_same_robot:OV_V1_01_easy,V1,OV_V1_01_easy,correlation_shrink_0.75_fit_bias,loglinear_covariance_time,AgACI-EWA,calibration_only,0.1,0.9,2706,0.811529933481153,0.08847006651884703,-1.6003715133331946,0.7189078898562311,-1.376450370430142,11.956044124322924,0.12376294591484466,56
pooled_same_robot,pooled_same_robot:OV_V1_01_easy,V1,OV_V1_01_easy,normalized_empirical_blend_0.25,constant,ACI,calibration_only,0.1,0.9,2706,0.9039172209903917,0.003917220990391712,-3.180089498490513,-2.6684265113877474,-3.0885034244639527,3.8722271832335284,0.04675489067894133,4
pooled_same_robot,pooled_same_robot:OV_V1_01_easy,V1,OV_V1_01_easy,normalized_empirical_blend_0.25,constant,AgACI-EWA,calibration_only,0.1,0.9,2706,0.9844789356984479,0.08447893569844789,-3.1674034078600157,-2.6442680853395926,-3.098180111261258,3.859924846226785,0.0838895281933261,5
pooled_same_robot,pooled_same_robot:OV_V1_01_easy,V1,OV_V1_01_easy,normalized_empirical_blend_0.25,loglinear_covariance,ACI,calibration_only,0.1,0.9,2706,0.9002217294900222,0.00022172949002219333,-3.18419673254467,-2.742833961491896,-3.126782838020392,3.816548776864985,0.03312619869581895,5
pooled_same_robot,pooled_same_robot:OV_V1_01_easy,V1,OV_V1_01_easy,normalized_empirical_blend_0.25,loglinear_covariance,AgACI-EWA,calibration_only,0.1,0.9,2706,0.9903917220990391,0.09039172209903912,-3.1697309223367465,-2.714070781772255,-3.1129047891742583,3.835496668860175,0.09004602991944807,5
pooled_same_robot,pooled_same_robot:OV_V1_01_easy,V1,OV_V1_01_easy,normalized_empirical_blend_0.25,loglinear_covariance_time,ACI,calibration_only,0.1,0.9,2706,0.8980044345898004,0.001995565410199629,-3.1889481311184444,-2.7382715690611588,-3.139548469086902,3.8002184665879715,0.026056770233985404,5
pooled_same_robot,pooled_same_robot:OV_V1_01_easy,V1,OV_V1_01_easy,normalized_empirical_blend_0.25,loglinear_covariance_time,AgACI-EWA,calibration_only,0.1,0.9,2706,0.9822616407982262,0.08226164079822618,-3.1763251703187194,-2.7321449477403683,-3.121255819361192,3.8232917019691626,0.08349443805140051,5
pooled_same_robot,pooled_same_robot:OV_V1_01_easy,V1,OV_V1_01_easy,normalized_empirical_blend_0.50,constant,ACI,calibration_only,0.1,0.9,2706,0.9076127124907613,0.007612712490761231,-3.481995592280237,-2.81706795973214,-3.354573703755502,3.3945712276560025,0.07180283851169936,13
pooled_same_robot,pooled_same_robot:OV_V1_01_easy,V1,OV_V1_01_easy,normalized_empirical_blend_0.50,constant,AgACI-EWA,calibration_only,0.1,0.9,2706,0.9704360679970436,0.0704360679970436,-3.541600661051948,-2.873294277416449,-3.4396392396785,3.296000309722869,0.06950517836593831,4
pooled_same_robot,pooled_same_robot:OV_V1_01_easy,V1,OV_V1_01_easy,normalized_empirical_blend_0.50,constant,ACI,recent_100,0.1,0.9,2706,0.7923133776792314,0.10768662232076864,-3.4306869142694265,-2.8993334733451874,-3.339825874191066,3.40374569294247,0.14625623321825848,34
pooled_same_robot,pooled_same_robot:OV_V1_01_easy,V1,OV_V1_01_easy,normalized_empirical_blend_0.50,constant,AgACI-EWA,recent_100,0.1,0.9,2706,0.7904656319290465,0.10953436807095351,-3.501654024977873,-2.9585609569244693,-3.4139604138773807,3.319957752260276,0.14474875335634824,33
pooled_same_robot,pooled_same_robot:OV_V1_01_easy,V1,OV_V1_01_easy,normalized_empirical_blend_0.50,constant,ACI,recent_300,0.1,0.9,2706,0.8628972653362897,0.03710273466371028,-3.340309979125988,-2.9324797580286326,-3.2971644525692643,3.4491039902370395,0.1129650939777523,31
pooled_same_robot,pooled_same_robot:OV_V1_01_easy,V1,OV_V1_01_easy,normalized_empirical_blend_0.50,constant,AgACI-EWA,recent_300,0.1,0.9,2706,0.8943089430894309,0.005691056910569148,-3.5107345077063936,-2.953830856804017,-3.407774289706589,3.3256190397852,0.09142692750287704,24
pooled_same_robot,pooled_same_robot:OV_V1_01_easy,V1,OV_V1_01_easy,normalized_empirical_blend_0.50,loglinear_covariance,ACI,calibration_only,0.1,0.9,2706,0.9031781226903178,0.0031781226903178084,-3.5214247947061907,-2.943144025725088,-3.4265167790807802,3.3029120377644143,0.04940161104718071,4
pooled_same_robot,pooled_same_robot:OV_V1_01_easy,V1,OV_V1_01_easy,normalized_empirical_blend_0.50,loglinear_covariance,AgACI-EWA,calibration_only,0.1,0.9,2706,0.983370288248337,0.08337028824833703,-3.549844941174773,-2.9500236970179516,-3.4559328103957974,3.2720841454765974,0.08288837744533993,5
pooled_same_robot,pooled_same_robot:OV_V1_01_easy,V1,OV_V1_01_easy,normalized_empirical_blend_0.50,loglinear_covariance,ACI,recent_100,0.1,0.9,2706,0.7923133776792314,0.10768662232076864,-3.4306869142694265,-2.8993334733451865,-3.3492603447190783,3.3881711668501886,0.14625623321825848,34
pooled_same_robot,pooled_same_robot:OV_V1_01_easy,V1,OV_V1_01_easy,normalized_empirical_blend_0.50,loglinear_covariance,AgACI-EWA,recent_100,0.1,0.9,2706,0.7900960827790096,0.10990391722099047,-3.500729535936889,-2.9565211472201183,-3.421089673350407,3.3074887619410194,0.14548906789413113,35
pooled_same_robot,pooled_same_robot:OV_V1_01_easy,V1,OV_V1_01_easy,normalized_empirical_blend_0.50,loglinear_covariance,ACI,recent_300,0.1,0.9,2706,0.8628972653362897,0.03710273466371028,-3.340309979125988,-2.932479758028633,-3.306598923097277,3.4335294641447573,0.1129650939777523,31
pooled_same_robot,pooled_same_robot:OV_V1_01_easy,V1,OV_V1_01_easy,normalized_empirical_blend_0.50,loglinear_covariance,AgACI-EWA,recent_300,0.1,0.9,2706,0.8957871396895787,0.00421286031042134,-3.5096143148295615,-2.953782942043845,-3.4150523226440295,3.3129801512808954,0.09184119677790582,24
pooled_same_robot,pooled_same_robot:OV_V1_01_easy,V1,OV_V1_01_easy,normalized_empirical_blend_0.50,loglinear_covariance_time,ACI,calibration_only,0.1,0.9,2706,0.8991130820399114,0.0008869179600886623,-3.5288591209540017,-3.026561504945,-3.444814654792556,3.278353059574121,0.049205983889528224,8
pooled_same_robot,pooled_same_robot:OV_V1_01_easy,V1,OV_V1_01_easy,normalized_empirical_blend_0.50,loglinear_covariance_time,AgACI-EWA,calibration_only,0.1,0.9,2706,0.9789356984478935,0.0789356984478935,-3.544905441794256,-3.013444300375874,-3.462371978058007,3.262073871280697,0.07978902953586543,5
pooled_same_robot,pooled_same_robot:OV_V1_01_easy,V1,OV_V1_01_easy,normalized_empirical_blend_0.50,loglinear_covariance_time,ACI,recent_100,0.1,0.9,2706,0.7923133776792314,0.10768662232076864,-3.430405772303515,-2.92282503491979,-3.3566694440427804,3.3775723636397608,0.14492903720751818,34
pooled_same_robot,pooled_same_robot:OV_V1_01_easy,V1,OV_V1_01_easy,normalized_empirical_blend_0.50,loglinear_covariance_time,AgACI-EWA,recent_100,0.1,0.9,2706,0.7945306725794531,0.10546932742054693,-3.4951778996806215,-3.00073833562078,-3.417762565741842,3.309168218462427,0.14425009589566545,35
pooled_same_robot,pooled_same_robot:OV_V1_01_easy,V1,OV_V1_01_easy,normalized_empirical_blend_0.50,loglinear_covariance_time,ACI,recent_300,0.1,0.9,2706,0.8628972653362897,0.03710273466371028,-3.340309979125988,-2.966264286485709,-3.314455185464836,3.422378639220909,0.1116302263137707,31
pooled_same_robot,pooled_same_robot:OV_V1_01_easy,V1,OV_V1_01_easy,normalized_empirical_blend_0.50,loglinear_covariance_time,AgACI-EWA,recent_300,0.1,0.9,2706,0.8957871396895787,0.00421286031042134,-3.497047120946395,-2.9964406334698594,-3.4122369879644214,3.3141769239348955,0.0945914844649024,33
pooled_same_robot,pooled_same_robot:OV_V1_01_easy,V1,OV_V1_01_easy,normalized_empirical_blend_0.75,constant,ACI,calibration_only,0.1,0.9,2706,0.9135254988913526,0.013525498891352572,-3.362348139580149,-2.670812707569905,-3.2980689026766004,3.5656612478618808,0.0956923667050251,18
pooled_same_robot,pooled_same_robot:OV_V1_01_easy,V1,OV_V1_01_easy,normalized_empirical_blend_0.75,constant,AgACI-EWA,calibration_only,0.1,0.9,2706,0.9397634885439764,0.03976348854397638,-3.6372565388630007,-2.786049050422513,-3.531522628718365,3.3011541147630443,0.04357499041043382,5
pooled_same_robot,pooled_same_robot:OV_V1_01_easy,V1,OV_V1_01_easy,normalized_empirical_blend_0.75,loglinear_covariance,ACI,calibration_only,0.1,0.9,2706,0.9105691056910569,0.010569105691056846,-3.225142237719344,-0.3217421339358282,-2.6470989387210904,4.912892898370702,0.0913463751438436,29
pooled_same_robot,pooled_same_robot:OV_V1_01_easy,V1,OV_V1_01_easy,normalized_empirical_blend_0.75,loglinear_covariance,AgACI-EWA,calibration_only,0.1,0.9,2706,0.9101995565410199,0.010199556541019894,-3.5780099522409015,-2.376890687426199,-3.3139208040206865,3.714786161690471,0.033517453011124056,9
pooled_same_robot,pooled_same_robot:OV_V1_01_easy,V1,OV_V1_01_easy,normalized_empirical_blend_0.75,loglinear_covariance_time,ACI,calibration_only,0.1,0.9,2706,0.9175905395417591,0.017590539541759043,-3.139321290326926,-0.5279373342222908,-2.592908250456929,4.964436827926862,0.09525891829689315,37
pooled_same_robot,pooled_same_robot:OV_V1_01_easy,V1,OV_V1_01_easy,normalized_empirical_blend_0.75,loglinear_covariance_time,AgACI-EWA,calibration_only,0.1,0.9,2706,0.9150036954915004,0.01500369549150038,-3.552934924485809,-2.3563830383570252,-3.320558922292004,3.6928236678132538,0.03421557345607998,9
pooled_same_robot,pooled_same_robot:OV_V1_02_medium,V1,OV_V1_02_medium,raw_openvins,constant,ACI,calibration_only,0.1,0.9,1522,0.9448094612352168,0.044809461235216785,1.0927899765942923,2.8728008023650022,1.460283804226761,18.866499004161717,0.09952213633169393,32
pooled_same_robot,pooled_same_robot:OV_V1_02_medium,V1,OV_V1_02_medium,raw_openvins,constant,AgACI-EWA,calibration_only,0.1,0.9,1522,0.9145860709592641,0.014586070959264119,0.20978847716785598,2.1097896900609796,0.2720888668973257,13.240922145063118,0.03429374560787085,2
pooled_same_robot,pooled_same_robot:OV_V1_02_medium,V1,OV_V1_02_medium,raw_openvins,constant,ACI,recent_100,0.1,0.9,1522,0.871222076215506,0.028777923784494064,0.6190676782231623,2.5102052149706187,0.6371745079986659,14.825321117054337,0.10468025298664796,33
pooled_same_robot,pooled_same_robot:OV_V1_02_medium,V1,OV_V1_02_medium,raw_openvins,constant,AgACI-EWA,recent_100,0.1,0.9,1522,0.8436268068331143,0.056373193166885716,0.2772824213004368,2.3532616254564833,0.21687896076285534,13.15496633423737,0.09128601546029512,19
pooled_same_robot,pooled_same_robot:OV_V1_02_medium,V1,OV_V1_02_medium,raw_openvins,constant,ACI,recent_300,0.1,0.9,1522,0.8915900131406045,0.008409986859395535,0.7782491808304526,2.461322668106941,0.7756314057565517,15.433855553581195,0.1146943078004218,37
pooled_same_robot,pooled_same_robot:OV_V1_02_medium,V1,OV_V1_02_medium,raw_openvins,constant,AgACI-EWA,recent_300,0.1,0.9,1522,0.8731931668856767,0.026806833114323303,0.15069100344600006,1.9311560920409019,0.15666498543581095,12.746916528732996,0.06764581869290236,14
pooled_same_robot,pooled_same_robot:OV_V1_02_medium,V1,OV_V1_02_medium,raw_openvins,loglinear_covariance,ACI,calibration_only,0.1,0.9,1522,0.9559789750328516,0.05597897503285154,2.5701826133518546,4.167195460294648,2.427933053066519,27.479957904827163,0.10572030920590333,19
pooled_same_robot,pooled_same_robot:OV_V1_02_medium,V1,OV_V1_02_medium,raw_openvins,loglinear_covariance,AgACI-EWA,calibration_only,0.1,0.9,1522,0.9139290407358739,0.013929040735873865,0.8315778621097376,2.3135615980445916,0.706424303202796,15.263670097232646,0.022860154602951797,6
pooled_same_robot,pooled_same_robot:OV_V1_02_medium,V1,OV_V1_02_medium,raw_openvins,loglinear_covariance,ACI,recent_100,0.1,0.9,1522,0.8981603153745072,0.0018396846254927768,0.9706645503066147,2.7826502630869356,0.9787733873576738,16.921207876550547,0.08204497540407595,20
pooled_same_robot,pooled_same_robot:OV_V1_02_medium,V1,OV_V1_02_medium,raw_openvins,loglinear_covariance,AgACI-EWA,recent_100,0.1,0.9,1522,0.866622864651774,0.03337713534822606,0.31661069735977687,1.9738193861974698,0.2889056602113455,13.418997720446988,0.0713281799016162,13
pooled_same_robot,pooled_same_robot:OV_V1_02_medium,V1,OV_V1_02_medium,raw_openvins,loglinear_covariance,ACI,recent_300,0.1,0.9,1522,0.8968462549277266,0.003153745072273395,1.3285196527771488,3.2594070963145665,1.3706472382926511,19.12221923278373,0.09281799016163046,16
pooled_same_robot,pooled_same_robot:OV_V1_02_medium,V1,OV_V1_02_medium,raw_openvins,loglinear_covariance,AgACI-EWA,recent_300,0.1,0.9,1522,0.8883048620236531,0.011695137976346914,0.4284281338737248,1.8365575524913373,0.35166431318662106,13.355350020037926,0.054216444132115155,12
pooled_same_robot,pooled_same_robot:OV_V1_02_medium,V1,OV_V1_02_medium,raw_openvins,loglinear_covariance_time,ACI,calibration_only,0.1,0.9,1522,0.954664914586071,0.05466491458607092,2.8530491605787676,4.497624928307395,2.589080664522695,29.621634552434575,0.10942375263527788,25
pooled_same_robot,pooled_same_robot:OV_V1_02_medium,V1,OV_V1_02_medium,raw_openvins,loglinear_covariance_time,AgACI-EWA,calibration_only,0.1,0.9,1522,0.9224704336399474,0.022470433639947385,0.9938217521677419,2.479618695020746,0.9079056362622797,16.501556673804743,0.03250175685172202,8
pooled_same_robot,pooled_same_robot:OV_V1_02_medium,V1,OV_V1_02_medium,raw_openvins,loglinear_covariance_time,ACI,recent_100,0.1,0.9,1522,0.8902759526938239,0.009724047306176153,1.024597296444358,2.79527124996515,1.0091518428907353,17.248746192038862,0.08706957132817993,22
pooled_same_robot,pooled_same_robot:OV_V1_02_medium,V1,OV_V1_02_medium,raw_openvins,loglinear_covariance_time,AgACI-EWA,recent_100,0.1,0.9,1522,0.8534822601839684,0.04651773981603158,0.33405636329408583,1.7121537848539794,0.22182108194459282,13.120450835933788,0.08234012649332391,13
pooled_same_robot,pooled_same_robot:OV_V1_02_medium,V1,OV_V1_02_medium,raw_openvins,loglinear_covariance_time,ACI,recent_300,0.1,0.9,1522,0.8902759526938239,0.009724047306176153,1.3625879323850496,3.291054361172878,1.4319057234670498,19.753147245420706,0.09768798313422357,23
pooled_same_robot,pooled_same_robot:OV_V1_02_medium,V1,OV_V1_02_medium,raw_openvins,loglinear_covariance_time,AgACI-EWA,recent_300,0.1,0.9,1522,0.8837056504599211,0.016294349540078912,0.40291880047935713,1.666345592546,0.30188987160999287,13.155155906838772,0.0634645115952213,10
pooled_same_robot,pooled_same_robot:OV_V1_02_medium,V1,OV_V1_02_medium,raw_openvins_fit_bias,constant,ACI,calibration_only,0.1,0.9,1522,0.9139290407358739,0.013929040735873865,3.5933647853758366,4.393237688760306,3.661720191974155,37.82511258347208,0.09145467322557985,21
pooled_same_robot,pooled_same_robot:OV_V1_02_medium,V1,OV_V1_02_medium,raw_openvins_fit_bias,constant,AgACI-EWA,calibration_only,0.1,0.9,1522,0.9086727989487516,0.008672798948751614,2.8948023349918115,4.270233580258698,2.7595981203380684,29.99674284170654,0.04041461700632473,7
pooled_same_robot,pooled_same_robot:OV_V1_02_medium,V1,OV_V1_02_medium,raw_openvins_fit_bias,loglinear_covariance,ACI,calibration_only,0.1,0.9,1522,0.9283837056504599,0.02838370565045989,3.717398579976952,4.610523797279076,3.5005646547388376,37.32966647400617,0.08470836261419562,24
pooled_same_robot,pooled_same_robot:OV_V1_02_medium,V1,OV_V1_02_medium,raw_openvins_fit_bias,loglinear_covariance,AgACI-EWA,calibration_only,0.1,0.9,1522,0.9277266754270697,0.027726675427069636,3.3195791196880853,4.688378908575013,2.999747417051805,38.81400540897689,0.05263527758257215,9
pooled_same_robot,pooled_same_robot:OV_V1_02_medium,V1,OV_V1_02_medium,raw_openvins_fit_bias,loglinear_covariance_time,ACI,calibration_only,0.1,0.9,1522,0.9270696452036794,0.027069645203679382,3.753796340047529,4.623772457420822,3.5193181679257552,37.53128507916313,0.08799718903724553,24
pooled_same_robot,pooled_same_robot:OV_V1_02_medium,V1,OV_V1_02_medium,raw_openvins_fit_bias,loglinear_covariance_time,AgACI-EWA,calibration_only,0.1,0.9,1522,0.926412614980289,0.026412614980289018,3.306169395758749,4.651772477214693,2.9796789799750916,38.50819817077146,0.04945888966971202,9
pooled_same_robot,pooled_same_robot:OV_V1_02_medium,V1,OV_V1_02_medium,diagonal_openvins,constant,ACI,calibration_only,0.1,0.9,1522,0.9415243101182654,0.041524310118265406,-1.33677247000174,0.1977300073586074,-1.196817984130795,7.628399157879146,0.06864371047083649,10
pooled_same_robot,pooled_same_robot:OV_V1_02_medium,V1,OV_V1_02_medium,diagonal_openvins,constant,AgACI-EWA,calibration_only,0.1,0.9,1522,0.911957950065703,0.011957950065702994,-1.8306456083664493,-0.2755277760547086,-1.9696576647277952,6.292679221664845,0.035460295151089415,10
pooled_same_robot,pooled_same_robot:OV_V1_02_medium,V1,OV_V1_02_medium,diagonal_openvins,loglinear_covariance,ACI,calibration_only,0.1,0.9,1522,0.9592641261498029,0.05926412614980292,-1.2656037034942487,0.9822466380769596,-1.4157255291625286,8.120911239935117,0.06932536893886185,13
pooled_same_robot,pooled_same_robot:OV_V1_02_medium,V1,OV_V1_02_medium,diagonal_openvins,loglinear_covariance,AgACI-EWA,calibration_only,0.1,0.9,1522,0.9224704336399474,0.022470433639947385,-2.2848493221630335,0.15412018830908225,-2.308479849453176,6.0111256207173245,0.03451862262825044,10
pooled_same_robot,pooled_same_robot:OV_V1_02_medium,V1,OV_V1_02_medium,diagonal_openvins,loglinear_covariance_time,ACI,calibration_only,0.1,0.9,1522,0.9586070959264126,0.058607095926412556,-1.1815157456804375,1.1431140799685364,-1.311354689012561,8.494994786336248,0.06741391426563625,14
pooled_same_robot,pooled_same_robot:OV_V1_02_medium,V1,OV_V1_02_medium,diagonal_openvins,loglinear_covariance_time,AgACI-EWA,calibration_only,0.1,0.9,1522,0.919185282522996,0.019185282522996006,-2.2518806474818147,0.2579558300701833,-2.268893470601066,6.139833791679257,0.03294448348559404,10
pooled_same_robot,pooled_same_robot:OV_V1_02_medium,V1,OV_V1_02_medium,diagonal_openvins_fit_bias,constant,ACI,calibration_only,0.1,0.9,1522,0.9204993429697766,0.020499342969776624,-0.27281439932143314,0.46962330097110894,-0.27755810796427727,10.057422555138253,0.06958538299367545,12
pooled_same_robot,pooled_same_robot:OV_V1_02_medium,V1,OV_V1_02_medium,diagonal_openvins_fit_bias,constant,AgACI-EWA,calibration_only,0.1,0.9,1522,0.9093298291721419,0.009329829172141868,-0.9769003618938399,0.5213258876157377,-1.0115189874971429,8.582180757625517,0.0465284609978919,10
pooled_same_robot,pooled_same_robot:OV_V1_02_medium,V1,OV_V1_02_medium,diagonal_openvins_fit_bias,loglinear_covariance,ACI,calibration_only,0.1,0.9,1522,0.9474375821287779,0.04743758212877791,-0.5310103472143499,1.1618623610545709,-0.7056527372224932,9.701558539009733,0.0787631763879131,15
pooled_same_robot,pooled_same_robot:OV_V1_02_medium,V1,OV_V1_02_medium,diagonal_openvins_fit_bias,loglinear_covariance,AgACI-EWA,calibration_only,0.1,0.9,1522,0.911957950065703,0.011957950065702994,-1.6061921221270379,0.791978581779585,-1.557990262319489,7.930368780183216,0.041890372452565106,13
pooled_same_robot,pooled_same_robot:OV_V1_02_medium,V1,OV_V1_02_medium,diagonal_openvins_fit_bias,loglinear_covariance_time,ACI,calibration_only,0.1,0.9,1522,0.9480946123521682,0.048094612352168165,-0.6576413360178437,0.9440244884955393,-0.8106552332342001,9.226998390390833,0.08408995080815201,15
pooled_same_robot,pooled_same_robot:OV_V1_02_medium,V1,OV_V1_02_medium,diagonal_openvins_fit_bias,loglinear_covariance_time,AgACI-EWA,calibration_only,0.1,0.9,1522,0.9159001314060446,0.015900131406044626,-1.7100454503255627,0.6778057108956236,-1.6387528702249399,7.659792710261477,0.04323260716795517,13
pooled_same_robot,pooled_same_robot:OV_V1_02_medium,V1,OV_V1_02_medium,standardized_correlation,constant,ACI,calibration_only,0.1,0.9,1522,0.931011826544021,0.031011826544021015,-0.5582713500734433,0.4227599539229348,-0.46947904424233594,2.0905812337164797,0.07962052002810996,21
pooled_same_robot,pooled_same_robot:OV_V1_02_medium,V1,OV_V1_02_medium,standardized_correlation,constant,AgACI-EWA,calibration_only,0.1,0.9,1522,0.9185282522996058,0.018528252299605752,-0.8051559826192936,0.44343497840304535,-0.8741465426053373,2.0136301118682556,0.05340126493323985,13
pooled_same_robot,pooled_same_robot:OV_V1_02_medium,V1,OV_V1_02_medium,standardized_correlation,constant,ACI,recent_100,0.1,0.9,1522,0.900131406044678,0.0001314060446779841,-0.8274246148656874,2.589853536433353,-0.2643739992133716,3.422562553366034,0.04933942375263541,15
pooled_same_robot,pooled_same_robot:OV_V1_02_medium,V1,OV_V1_02_medium,standardized_correlation,constant,AgACI-EWA,recent_100,0.1,0.9,1522,0.8876478318002629,0.012352168199737168,-1.175417644847176,0.45633756406694553,-0.9517029997075251,2.188373302557143,0.038116654954321906,15
pooled_same_robot,pooled_same_robot:OV_V1_02_medium,V1,OV_V1_02_medium,standardized_correlation,constant,ACI,recent_300,0.1,0.9,1522,0.9040735873850198,0.004073587385019728,-0.8460972380403999,0.433821592246592,-0.5401546649947144,2.511315227618801,0.0678004216444133,20
pooled_same_robot,pooled_same_robot:OV_V1_02_medium,V1,OV_V1_02_medium,standardized_correlation,constant,AgACI-EWA,recent_300,0.1,0.9,1522,0.8942181340341656,0.00578186596583441,-1.1941275203381283,0.2695594997188201,-1.018255705747612,2.0621701091852125,0.042572030920590344,14
pooled_same_robot,pooled_same_robot:OV_V1_02_medium,V1,OV_V1_02_medium,standardized_correlation,loglinear_covariance,ACI,calibration_only,0.1,0.9,1522,0.9336399474375822,0.03363994743758214,-0.3315937373355362,0.8823904115541374,-0.307691572562042,2.285782195702194,0.08789880534082949,20
pooled_same_robot,pooled_same_robot:OV_V1_02_medium,V1,OV_V1_02_medium,standardized_correlation,loglinear_covariance,AgACI-EWA,calibration_only,0.1,0.9,1522,0.9231274638633377,0.02312746386333764,-0.9156962938970004,0.5945834975194306,-0.944798230409552,2.0084349323628286,0.050906535488405034,14
pooled_same_robot,pooled_same_robot:OV_V1_02_medium,V1,OV_V1_02_medium,standardized_correlation,loglinear_covariance,ACI,recent_100,0.1,0.9,1522,0.8981603153745072,0.0018396846254927768,-0.8101263239758723,1.2820007458148714,-0.3911729794985333,2.617532236201781,0.0611033028812368,14
pooled_same_robot,pooled_same_robot:OV_V1_02_medium,V1,OV_V1_02_medium,standardized_correlation,loglinear_covariance,AgACI-EWA,recent_100,0.1,0.9,1522,0.8817345597897503,0.018265440210249673,-1.0933818043905295,0.6256151131408053,-0.9644307609099656,2.0652073071660753,0.05292340126493326,12
pooled_same_robot,pooled_same_robot:OV_V1_02_medium,V1,OV_V1_02_medium,standardized_correlation,loglinear_covariance,ACI,recent_300,0.1,0.9,1522,0.9040735873850198,0.004073587385019728,-0.8114620451403165,0.9920202463184535,-0.5226206041209737,2.344425879078983,0.08183415319747024,19
pooled_same_robot,pooled_same_robot:OV_V1_02_medium,V1,OV_V1_02_medium,standardized_correlation,loglinear_covariance,AgACI-EWA,recent_300,0.1,0.9,1522,0.8889618922470434,0.01103810775295666,-1.113428527845682,0.459513614349185,-1.0241518278341961,1.969265318890012,0.05001405481377375,14
pooled_same_robot,pooled_same_robot:OV_V1_02_medium,V1,OV_V1_02_medium,standardized_correlation,loglinear_covariance_time,ACI,calibration_only,0.1,0.9,1522,0.9395532194480947,0.039553219448094645,-0.47810784347617696,0.5789764628895508,-0.39576920603135823,2.191101469642542,0.08785664089950837,19
pooled_same_robot,pooled_same_robot:OV_V1_02_medium,V1,OV_V1_02_medium,standardized_correlation,loglinear_covariance_time,AgACI-EWA,calibration_only,0.1,0.9,1522,0.9204993429697766,0.020499342969776624,-1.0340213676890766,0.33905481529342363,-1.0732884039217556,1.9162433075588485,0.050070274068868804,13
pooled_same_robot,pooled_same_robot:OV_V1_02_medium,V1,OV_V1_02_medium,standardized_correlation,loglinear_covariance_time,ACI,recent_100,0.1,0.9,1522,0.8981603153745072,0.0018396846254927768,-0.9099581364590765,0.9166549184219085,-0.5099906809840153,2.547295110554443,0.061180604356992255,15
pooled_same_robot,pooled_same_robot:OV_V1_02_medium,V1,OV_V1_02_medium,standardized_correlation,loglinear_covariance_time,AgACI-EWA,recent_100,0.1,0.9,1522,0.8883048620236531,0.011695137976346914,-1.1178496005983192,0.4449268828264154,-1.0493398218089975,2.00762553887082,0.050590302178496124,12
pooled_same_robot,pooled_same_robot:OV_V1_02_medium,V1,OV_V1_02_medium,standardized_correlation,loglinear_covariance_time,ACI,recent_300,0.1,0.9,1522,0.9053876478318003,0.005387647831800235,-0.7815868511094588,0.6382725215728743,-0.5760831633921649,2.2950308173580174,0.08906535488404795,19
pooled_same_robot,pooled_same_robot:OV_V1_02_medium,V1,OV_V1_02_medium,standardized_correlation,loglinear_covariance_time,AgACI-EWA,recent_300,0.1,0.9,1522,0.900131406044678,0.0001314060446779841,-1.0253474015981847,0.24389682811258326,-1.0861061876787952,1.9263902257575423,0.05698524244553764,14
pooled_same_robot,pooled_same_robot:OV_V1_02_medium,V1,OV_V1_02_medium,whitened_correlation,constant,ACI,calibration_only,0.1,0.9,1522,0.9520367936925098,0.0520367936925098,0.22112437987171468,2.1360873535788247,0.5590070195402801,1.1384179532936756,0.0761489810260016,15
pooled_same_robot,pooled_same_robot:OV_V1_02_medium,V1,OV_V1_02_medium,whitened_correlation,constant,AgACI-EWA,calibration_only,0.1,0.9,1522,0.9336399474375822,0.03363994743758214,-0.20289731570878017,1.7810836634326874,-0.051769536843679895,0.9520659986905894,0.04645115952213662,13
pooled_same_robot,pooled_same_robot:OV_V1_02_medium,V1,OV_V1_02_medium,whitened_correlation,loglinear_covariance,ACI,calibration_only,0.1,0.9,1522,0.9586070959264126,0.058607095926412556,1.5632991921857045,2.548779204148049,1.0393798603984752,1.403135530252976,0.07072382290934674,9
pooled_same_robot,pooled_same_robot:OV_V1_02_medium,V1,OV_V1_02_medium,whitened_correlation,loglinear_covariance,AgACI-EWA,calibration_only,0.1,0.9,1522,0.9540078843626807,0.05400788436268067,0.08715662383395595,1.6144628737558768,0.14880922552590153,1.019068099361755,0.056521433591005324,12
pooled_same_robot,pooled_same_robot:OV_V1_02_medium,V1,OV_V1_02_medium,whitened_correlation,loglinear_covariance_time,ACI,calibration_only,0.1,0.9,1522,0.9586070959264126,0.058607095926412556,1.5456351069547047,2.389066894875393,1.0869137539585687,1.393819653066521,0.06829234012649371,10
pooled_same_robot,pooled_same_robot:OV_V1_02_medium,V1,OV_V1_02_medium,whitened_correlation,loglinear_covariance_time,AgACI-EWA,calibration_only,0.1,0.9,1522,0.9218134034165572,0.02181340341655713,-0.05752977333595327,1.6409690941118544,0.052770380665222265,0.9900776612338023,0.03252283907238256,12
pooled_same_robot,pooled_same_robot:OV_V1_02_medium,V1,OV_V1_02_medium,correlation_shrink_0.25,constant,ACI,calibration_only,0.1,0.9,1522,0.9467805519053877,0.04678055190538766,-1.0503941839554378,0.6282624074120653,-0.8194069502244914,8.746914478857489,0.07985945186226308,19
pooled_same_robot,pooled_same_robot:OV_V1_02_medium,V1,OV_V1_02_medium,correlation_shrink_0.25,constant,AgACI-EWA,calibration_only,0.1,0.9,1522,0.9139290407358739,0.013929040735873865,-1.638470491422241,-0.07993704409415225,-1.7570208130715295,6.848337986476694,0.034919184820801315,9
pooled_same_robot,pooled_same_robot:OV_V1_02_medium,V1,OV_V1_02_medium,correlation_shrink_0.25,loglinear_covariance,ACI,calibration_only,0.1,0.9,1522,0.9592641261498029,0.05926412614980292,-0.621273959676433,1.0082335632034207,-0.910140697776438,9.337951108374352,0.07913562895291665,15
pooled_same_robot,pooled_same_robot:OV_V1_02_medium,V1,OV_V1_02_medium,correlation_shrink_0.25,loglinear_covariance,AgACI-EWA,calibration_only,0.1,0.9,1522,0.9198423127463863,0.01984231274638626,-2.21331862708854,-0.48137507257436996,-2.343193761312668,5.789417662267623,0.023977512297962314,2
pooled_same_robot,pooled_same_robot:OV_V1_02_medium,V1,OV_V1_02_medium,correlation_shrink_0.25,loglinear_covariance_time,ACI,calibration_only,0.1,0.9,1522,0.9592641261498029,0.05926412614980292,-0.5293548132900163,1.5990563482285705,-0.9600134104115907,9.974328578294067,0.075537596626845,7
pooled_same_robot,pooled_same_robot:OV_V1_02_medium,V1,OV_V1_02_medium,correlation_shrink_0.25,loglinear_covariance_time,AgACI-EWA,calibration_only,0.1,0.9,1522,0.9185282522996058,0.018528252299605752,-2.0029370209208994,-0.21890643590142234,-2.2378101400259442,6.069007748858935,0.022803935347856893,3
pooled_same_robot,pooled_same_robot:OV_V1_02_medium,V1,OV_V1_02_medium,correlation_shrink_0.25_fit_bias,constant,ACI,calibration_only,0.1,0.9,1522,0.9224704336399474,0.022470433639947385,0.28199240787418756,1.0559603205647503,0.291454277844778,12.252675108851601,0.07505270555165156,12
pooled_same_robot,pooled_same_robot:OV_V1_02_medium,V1,OV_V1_02_medium,correlation_shrink_0.25_fit_bias,constant,AgACI-EWA,calibration_only,0.1,0.9,1522,0.9126149802890933,0.012614980289093247,-0.4203760718580867,0.946690191574245,-0.5061928509790776,10.110643263719481,0.05053408292340135,11
pooled_same_robot,pooled_same_robot:OV_V1_02_medium,V1,OV_V1_02_medium,correlation_shrink_0.25_fit_bias,loglinear_covariance,ACI,calibration_only,0.1,0.9,1522,0.9500657030223391,0.050065703022339036,0.15897709899765733,1.3971820775083956,0.0339144095291877,11.887687488941927,0.09152494729444861,9
pooled_same_robot,pooled_same_robot:OV_V1_02_medium,V1,OV_V1_02_medium,correlation_shrink_0.25_fit_bias,loglinear_covariance,AgACI-EWA,calibration_only,0.1,0.9,1522,0.9139290407358739,0.013929040735873865,-1.0173397050205248,0.9600240440289424,-0.9291909630515185,9.022018529573593,0.0314546732255799,8
pooled_same_robot,pooled_same_robot:OV_V1_02_medium,V1,OV_V1_02_medium,correlation_shrink_0.25_fit_bias,loglinear_covariance_time,ACI,calibration_only,0.1,0.9,1522,0.9474375821287779,0.04743758212877791,0.26762255572888893,1.7056225135028127,0.1391738378228089,12.475947219878783,0.08761770906535515,10
pooled_same_robot,pooled_same_robot:OV_V1_02_medium,V1,OV_V1_02_medium,correlation_shrink_0.25_fit_bias,loglinear_covariance_time,AgACI-EWA,calibration_only,0.1,0.9,1522,0.9152431011826544,0.015243101182654373,-0.9403790850533267,1.0934246527698503,-0.877558905763947,9.223097313120846,0.03137034434293762,8
pooled_same_robot,pooled_same_robot:OV_V1_02_medium,V1,OV_V1_02_medium,correlation_shrink_0.50,constant,ACI,calibration_only,0.1,0.9,1522,0.9434954007884363,0.04349540078843628,-1.2829297692779287,0.36935295868534906,-1.0779056390990052,7.97791154839732,0.07405481377371774,11
pooled_same_robot,pooled_same_robot:OV_V1_02_medium,V1,OV_V1_02_medium,correlation_shrink_0.50,constant,AgACI-EWA,calibration_only,0.1,0.9,1522,0.9093298291721419,0.009329829172141868,-1.8447586674060417,-0.2591835292365751,-1.9564693073932733,6.370670431856069,0.03460295151089263,10
pooled_same_robot,pooled_same_robot:OV_V1_02_medium,V1,OV_V1_02_medium,correlation_shrink_0.50,loglinear_covariance,ACI,calibration_only,0.1,0.9,1522,0.9612352168199737,0.06123521681997368,-1.3756190218174265,0.6340419701121377,-1.6929182594299303,7.445508378435894,0.08056219255094901,9
pooled_same_robot,pooled_same_robot:OV_V1_02_medium,V1,OV_V1_02_medium,correlation_shrink_0.50,loglinear_covariance,AgACI-EWA,calibration_only,0.1,0.9,1522,0.9296977660972404,0.029697766097240397,-2.567312873567475,-0.6488994100114203,-2.674049415714103,5.187980372429346,0.03256500351370378,6
pooled_same_robot,pooled_same_robot:OV_V1_02_medium,V1,OV_V1_02_medium,correlation_shrink_0.50,loglinear_covariance_time,ACI,calibration_only,0.1,0.9,1522,0.9605781865965834,0.06057818659658343,-1.1429327724226557,1.0445956727538825,-1.4931422349355061,8.195764448565903,0.07789880534082957,8
pooled_same_robot,pooled_same_robot:OV_V1_02_medium,V1,OV_V1_02_medium,correlation_shrink_0.50,loglinear_covariance_time,AgACI-EWA,calibration_only,0.1,0.9,1522,0.926412614980289,0.026412614980289018,-2.421456140659233,-0.39953237785317997,-2.572364657031884,5.4264025554084405,0.031250878425861134,7
pooled_same_robot,pooled_same_robot:OV_V1_02_medium,V1,OV_V1_02_medium,correlation_shrink_0.50_fit_bias,constant,ACI,calibration_only,0.1,0.9,1522,0.9218134034165572,0.02181340341655713,-0.021829917731417403,0.7067562422150714,-0.032562784394437314,10.952744810272494,0.07139845397048501,14
pooled_same_robot,pooled_same_robot:OV_V1_02_medium,V1,OV_V1_02_medium,correlation_shrink_0.50_fit_bias,constant,AgACI-EWA,calibration_only,0.1,0.9,1522,0.9093298291721419,0.009329829172141868,-0.7853705994804225,0.6196747143628422,-0.8403926146888512,9.065517214619508,0.046380885453267844,11
pooled_same_robot,pooled_same_robot:OV_V1_02_medium,V1,OV_V1_02_medium,correlation_shrink_0.50_fit_bias,loglinear_covariance,ACI,calibration_only,0.1,0.9,1522,0.9480946123521682,0.048094612352168165,-0.31084894189452683,1.0907298688859826,-0.4897467308938298,10.115092630296127,0.08760365425158137,12
pooled_same_robot,pooled_same_robot:OV_V1_02_medium,V1,OV_V1_02_medium,correlation_shrink_0.50_fit_bias,loglinear_covariance,AgACI-EWA,calibration_only,0.1,0.9,1522,0.9159001314060446,0.015900131406044626,-1.5352319491924424,0.5811946273149263,-1.4711889913560845,7.709468178181387,0.03471539002108238,9
pooled_same_robot,pooled_same_robot:OV_V1_02_medium,V1,OV_V1_02_medium,correlation_shrink_0.50_fit_bias,loglinear_covariance_time,ACI,calibration_only,0.1,0.9,1522,0.9474375821287779,0.04743758212877791,-0.2729838221371379,1.148495678053338,-0.46758581214771805,10.227606517813525,0.08730850316233331,12
pooled_same_robot,pooled_same_robot:OV_V1_02_medium,V1,OV_V1_02_medium,correlation_shrink_0.50_fit_bias,loglinear_covariance_time,AgACI-EWA,calibration_only,0.1,0.9,1522,0.9218134034165572,0.02181340341655713,-1.495807559814676,0.5870923859825274,-1.4314516394881687,7.791972763676485,0.03486999297259333,9
pooled_same_robot,pooled_same_robot:OV_V1_02_medium,V1,OV_V1_02_medium,correlation_shrink_0.75,constant,ACI,calibration_only,0.1,0.9,1522,0.9421813403416557,0.04218134034165566,-1.3591593894655358,0.23472600486557735,-1.2034776811434482,7.630029446962385,0.0689529163738583,11
pooled_same_robot,pooled_same_robot:OV_V1_02_medium,V1,OV_V1_02_medium,correlation_shrink_0.75,constant,AgACI-EWA,calibration_only,0.1,0.9,1522,0.9126149802890933,0.012614980289093247,-1.9299766930068722,-0.2941428389682335,-2.0261187507024023,6.189055331423153,0.03515811665495448,10
pooled_same_robot,pooled_same_robot:OV_V1_02_medium,V1,OV_V1_02_medium,correlation_shrink_0.75,loglinear_covariance,ACI,calibration_only,0.1,0.9,1522,0.9605781865965834,0.06057818659658343,-1.5114976808592666,0.5876607113121874,-1.7505613805785345,7.271200635007952,0.07709065354884082,12
pooled_same_robot,pooled_same_robot:OV_V1_02_medium,V1,OV_V1_02_medium,correlation_shrink_0.75,loglinear_covariance,AgACI-EWA,calibration_only,0.1,0.9,1522,0.9277266754270697,0.027726675427069636,-2.5779215667832847,-0.37073662233510835,-2.588483225268646,5.424726400526995,0.036598735066760646,10
pooled_same_robot,pooled_same_robot:OV_V1_02_medium,V1,OV_V1_02_medium,correlation_shrink_0.75,loglinear_covariance_time,ACI,calibration_only,0.1,0.9,1522,0.9592641261498029,0.05926412614980292,-1.4225137004348034,0.7305672332627479,-1.6340353876775513,7.590349874770697,0.07382290934645148,12
pooled_same_robot,pooled_same_robot:OV_V1_02_medium,V1,OV_V1_02_medium,correlation_shrink_0.75,loglinear_covariance_time,AgACI-EWA,calibration_only,0.1,0.9,1522,0.9224704336399474,0.022470433639947385,-2.5701458009103946,-0.29187336443642103,-2.5646649409716544,5.495005166695281,0.03409697821503891,10
pooled_same_robot,pooled_same_robot:OV_V1_02_medium,V1,OV_V1_02_medium,correlation_shrink_0.75_fit_bias,constant,ACI,calibration_only,0.1,0.9,1522,0.9211563731931669,0.021156373193166877,-0.2121941380773551,0.526187431774919,-0.212333695961377,10.28842225868167,0.06896697118763191,12
pooled_same_robot,pooled_same_robot:OV_V1_02_medium,V1,OV_V1_02_medium,correlation_shrink_0.75_fit_bias,constant,AgACI-EWA,calibration_only,0.1,0.9,1522,0.9067017082785808,0.0067017082785807425,-0.9710911410568368,0.5555655447897543,-0.9921383267588317,8.637701765409021,0.04627547434996498,12
pooled_same_robot,pooled_same_robot:OV_V1_02_medium,V1,OV_V1_02_medium,correlation_shrink_0.75_fit_bias,loglinear_covariance,ACI,calibration_only,0.1,0.9,1522,0.9467805519053877,0.04678055190538766,-0.4054987223613802,1.2013064867146743,-0.5788444640233398,10.022644105108593,0.07690794096978237,14
pooled_same_robot,pooled_same_robot:OV_V1_02_medium,V1,OV_V1_02_medium,correlation_shrink_0.75_fit_bias,loglinear_covariance,AgACI-EWA,calibration_only,0.1,0.9,1522,0.9132720105124835,0.0132720105124835,-1.5841190473571274,0.7445576294473046,-1.4952506473656009,7.9699111758658585,0.04118060435699238,13
pooled_same_robot,pooled_same_robot:OV_V1_02_medium,V1,OV_V1_02_medium,correlation_shrink_0.75_fit_bias,loglinear_covariance_time,ACI,calibration_only,0.1,0.9,1522,0.9467805519053877,0.04678055190538766,-0.4965085242109284,1.01328517413992,-0.6476288995921429,9.673396796064536,0.08092761770906559,14
pooled_same_robot,pooled_same_robot:OV_V1_02_medium,V1,OV_V1_02_medium,correlation_shrink_0.75_fit_bias,loglinear_covariance_time,AgACI-EWA,calibration_only,0.1,0.9,1522,0.9145860709592641,0.014586070959264119,-1.626509946801356,0.6842059017102486,-1.5413177482431388,7.789266625144077,0.03997189037245269,12
pooled_same_robot,pooled_same_robot:OV_V1_02_medium,V1,OV_V1_02_medium,normalized_empirical_blend_0.25,constant,ACI,calibration_only,0.1,0.9,1522,0.9448094612352168,0.044809461235216785,-4.41522225420075,-2.6603680069649047,-4.148073408507851,2.6831632052808594,0.08831342234715421,27
pooled_same_robot,pooled_same_robot:OV_V1_02_medium,V1,OV_V1_02_medium,normalized_empirical_blend_0.25,constant,AgACI-EWA,calibration_only,0.1,0.9,1522,0.9329829172141918,0.032982917214191776,-4.907641222120618,-3.9238349868463644,-4.8247477337475475,2.149430913252849,0.043640196767393134,4
pooled_same_robot,pooled_same_robot:OV_V1_02_medium,V1,OV_V1_02_medium,normalized_empirical_blend_0.25,loglinear_covariance,ACI,calibration_only,0.1,0.9,1522,0.9415243101182654,0.041524310118265406,-4.236410979932922,-2.733628683237622,-4.017152959478974,2.8260394490277507,0.09415319747013379,26
pooled_same_robot,pooled_same_robot:OV_V1_02_medium,V1,OV_V1_02_medium,normalized_empirical_blend_0.25,loglinear_covariance,AgACI-EWA,calibration_only,0.1,0.9,1522,0.9277266754270697,0.027726675427069636,-4.8761107690347885,-3.918715110216835,-4.7981221289497435,2.1858964842827406,0.03517217146872833,3
pooled_same_robot,pooled_same_robot:OV_V1_02_medium,V1,OV_V1_02_medium,normalized_empirical_blend_0.25,loglinear_covariance_time,ACI,calibration_only,0.1,0.9,1522,0.9402102496714849,0.0402102496714849,-4.228537782682297,-2.6571806133459033,-3.984793531016382,2.867433185707671,0.09374560787069598,28
pooled_same_robot,pooled_same_robot:OV_V1_02_medium,V1,OV_V1_02_medium,normalized_empirical_blend_0.25,loglinear_covariance_time,AgACI-EWA,calibration_only,0.1,0.9,1522,0.931011826544021,0.031011826544021015,-4.846417105133405,-3.886617798091245,-4.769604349053588,2.215028022314731,0.0369079409697825,3
pooled_same_robot,pooled_same_robot:OV_V1_02_medium,V1,OV_V1_02_medium,normalized_empirical_blend_0.50,constant,ACI,calibration_only,0.1,0.9,1522,0.9467805519053877,0.04678055190538766,-4.53470454315744,-2.8847175372311127,-4.2844945793165,2.6676350165923557,0.089465917076599,38
pooled_same_robot,pooled_same_robot:OV_V1_02_medium,V1,OV_V1_02_medium,normalized_empirical_blend_0.50,constant,AgACI-EWA,calibration_only,0.1,0.9,1522,0.9369250985545335,0.03692509855453352,-5.050807939680528,-3.9468655319802948,-4.917611847019314,2.1726211602589487,0.041398453970485236,7
pooled_same_robot,pooled_same_robot:OV_V1_02_medium,V1,OV_V1_02_medium,normalized_empirical_blend_0.50,constant,ACI,recent_100,0.1,0.9,1522,0.8587385019710907,0.04126149802890933,-4.732455291396585,-3.958215297462366,-4.603391802174574,2.3707153615721146,0.09624033731553062,30
pooled_same_robot,pooled_same_robot:OV_V1_02_medium,V1,OV_V1_02_medium,normalized_empirical_blend_0.50,constant,AgACI-EWA,recent_100,0.1,0.9,1522,0.8455978975032852,0.054402102496714844,-4.893766933628106,-3.961140946450059,-4.782350410352308,2.244679689364863,0.09074490513000719,35
pooled_same_robot,pooled_same_robot:OV_V1_02_medium,V1,OV_V1_02_medium,normalized_empirical_blend_0.50,constant,ACI,recent_300,0.1,0.9,1522,0.8968462549277266,0.003153745072273395,-4.750436234625053,-3.87661153646705,-4.555809299366326,2.402569017051514,0.09940969782150397,33
pooled_same_robot,pooled_same_robot:OV_V1_02_medium,V1,OV_V1_02_medium,normalized_empirical_blend_0.50,constant,AgACI-EWA,recent_300,0.1,0.9,1522,0.9053876478318003,0.005387647831800235,-4.954798889349903,-3.952575044986592,-4.800224745395137,2.2297278575236943,0.07390021082220675,27
pooled_same_robot,pooled_same_robot:OV_V1_02_medium,V1,OV_V1_02_medium,normalized_empirical_blend_0.50,loglinear_covariance,ACI,calibration_only,0.1,0.9,1522,0.9461235216819974,0.046123521681997404,-4.340660594626582,-2.978435009544743,-4.146198809417551,2.8391852333601677,0.09772312016865804,16
pooled_same_robot,pooled_same_robot:OV_V1_02_medium,V1,OV_V1_02_medium,normalized_empirical_blend_0.50,loglinear_covariance,AgACI-EWA,calibration_only,0.1,0.9,1522,0.931011826544021,0.031011826544021015,-4.939019956271066,-3.952075344082067,-4.847034547815234,2.2485554932438347,0.03830639494026739,3
pooled_same_robot,pooled_same_robot:OV_V1_02_medium,V1,OV_V1_02_medium,normalized_empirical_blend_0.50,loglinear_covariance,ACI,recent_100,0.1,0.9,1522,0.8574244415243101,0.042575558475689945,-4.782297860838487,-3.871954605279874,-4.565559847901304,2.439645736404661,0.10804638088545339,29
pooled_same_robot,pooled_same_robot:OV_V1_02_medium,V1,OV_V1_02_medium,normalized_empirical_blend_0.50,loglinear_covariance,AgACI-EWA,recent_100,0.1,0.9,1522,0.8462549277266754,0.05374507227332459,-4.8680676323698595,-3.9644045868409883,-4.743075437083578,2.3022292816573775,0.09896697118763187,27
pooled_same_robot,pooled_same_robot:OV_V1_02_medium,V1,OV_V1_02_medium,normalized_empirical_blend_0.50,loglinear_covariance,ACI,recent_300,0.1,0.9,1522,0.8955321944809461,0.004467805519053902,-4.44104792432787,-3.876390774948388,-4.423423929237327,2.540063077344334,0.09432888264230514,25
pooled_same_robot,pooled_same_robot:OV_V1_02_medium,V1,OV_V1_02_medium,normalized_empirical_blend_0.50,loglinear_covariance,AgACI-EWA,recent_300,0.1,0.9,1522,0.8817345597897503,0.018265440210249673,-4.907658359549324,-4.010558743053458,-4.764133233368895,2.2855292338393736,0.07082923401264953,15
pooled_same_robot,pooled_same_robot:OV_V1_02_medium,V1,OV_V1_02_medium,normalized_empirical_blend_0.50,loglinear_covariance_time,ACI,calibration_only,0.1,0.9,1522,0.9454664914586071,0.04546649145860704,-4.326745672928437,-2.866165010774383,-4.113192618466447,2.878297377181253,0.09666900913562923,24
pooled_same_robot,pooled_same_robot:OV_V1_02_medium,V1,OV_V1_02_medium,normalized_empirical_blend_0.50,loglinear_covariance_time,AgACI-EWA,calibration_only,0.1,0.9,1522,0.926412614980289,0.026412614980289018,-4.957451852115021,-3.9913118569602886,-4.8580817590646275,2.2473569807138434,0.03480674631061168,3
pooled_same_robot,pooled_same_robot:OV_V1_02_medium,V1,OV_V1_02_medium,normalized_empirical_blend_0.50,loglinear_covariance_time,ACI,recent_100,0.1,0.9,1522,0.8580814717477004,0.04191852825229958,-4.796207388156635,-3.876401227412758,-4.557879945375024,2.4487941889760445,0.1019817287420943,25
pooled_same_robot,pooled_same_robot:OV_V1_02_medium,V1,OV_V1_02_medium,normalized_empirical_blend_0.50,loglinear_covariance_time,AgACI-EWA,recent_100,0.1,0.9,1522,0.8528252299605782,0.04717477003942183,-4.8754715614319935,-3.9695764414298207,-4.729327426497842,2.31477463175257,0.09386507378777242,19
pooled_same_robot,pooled_same_robot:OV_V1_02_medium,V1,OV_V1_02_medium,normalized_empirical_blend_0.50,loglinear_covariance_time,ACI,recent_300,0.1,0.9,1522,0.8942181340341656,0.00578186596583441,-4.466551545620661,-3.9000624082805007,-4.433702721773678,2.5347597250822256,0.09429374560787086,25
pooled_same_robot,pooled_same_robot:OV_V1_02_medium,V1,OV_V1_02_medium,normalized_empirical_blend_0.50,loglinear_covariance_time,AgACI-EWA,recent_300,0.1,0.9,1522,0.8837056504599211,0.016294349540078912,-4.904126737856375,-4.016939298110472,-4.751576059208145,2.2972868071349954,0.06843991567111747,16
pooled_same_robot,pooled_same_robot:OV_V1_02_medium,V1,OV_V1_02_medium,normalized_empirical_blend_0.75,constant,ACI,calibration_only,0.1,0.9,1522,0.9526938239159002,0.05269382391590016,-4.46989480181984,-3.053123713102525,-4.276344395367338,2.8826715380656935,0.09812368236120901,41
pooled_same_robot,pooled_same_robot:OV_V1_02_medium,V1,OV_V1_02_medium,normalized_empirical_blend_0.75,constant,AgACI-EWA,calibration_only,0.1,0.9,1522,0.9467805519053877,0.04678055190538766,-5.0231533819188,-3.7303470061216553,-4.85897381757612,2.390871355063562,0.04989458889669752,8
pooled_same_robot,pooled_same_robot:OV_V1_02_medium,V1,OV_V1_02_medium,normalized_empirical_blend_0.75,loglinear_covariance,ACI,calibration_only,0.1,0.9,1522,0.954664914586071,0.05466491458607092,-4.316002435741395,-2.532570530788037,-4.078230248675031,3.1688322868964267,0.09621925509487037,41
pooled_same_robot,pooled_same_robot:OV_V1_02_medium,V1,OV_V1_02_medium,normalized_empirical_blend_0.75,loglinear_covariance,AgACI-EWA,calibration_only,0.1,0.9,1522,0.9388961892247043,0.03889618922470428,-5.032353545611739,-3.92399898830329,-4.842879358249465,2.444531986602762,0.04023893183415361,3
pooled_same_robot,pooled_same_robot:OV_V1_02_medium,V1,OV_V1_02_medium,normalized_empirical_blend_0.75,loglinear_covariance_time,ACI,calibration_only,0.1,0.9,1522,0.9540078843626807,0.05400788436268067,-4.3212362413205865,-2.4560983079403447,-4.063548172179835,3.194535083637499,0.09591004919184856,42
pooled_same_robot,pooled_same_robot:OV_V1_02_medium,V1,OV_V1_02_medium,normalized_empirical_blend_0.75,loglinear_covariance_time,AgACI-EWA,calibration_only,0.1,0.9,1522,0.9402102496714849,0.0402102496714849,-5.032351092424162,-3.885232727115795,-4.8349537802580755,2.460476042549447,0.04030217849613534,4
pooled_same_robot,pooled_same_robot:OV_V1_03_difficult,V1,OV_V1_03_difficult,raw_openvins,constant,ACI,calibration_only,0.1,0.9,1895,0.9002638522427441,0.00026385224274405594,3.1257318193648675,4.640985901309147,3.484211559012909,178.6189878153841,0.09910913140311824,24
pooled_same_robot,pooled_same_robot:OV_V1_03_difficult,V1,OV_V1_03_difficult,raw_openvins,constant,AgACI-EWA,calibration_only,0.1,0.9,1895,0.9218997361477572,0.0218997361477572,3.6836361903795556,4.813006711944381,3.5941957120566865,72.245052103561,0.09636971046770623,38
pooled_same_robot,pooled_same_robot:OV_V1_03_difficult,V1,OV_V1_03_difficult,raw_openvins,constant,ACI,recent_100,0.1,0.9,1895,0.8126649076517151,0.08733509234828496,3.492529716884029,4.9849374307580865,3.328134126068743,36.48028435809927,0.18165367483296227,44
pooled_same_robot,pooled_same_robot:OV_V1_03_difficult,V1,OV_V1_03_difficult,raw_openvins,constant,AgACI-EWA,recent_100,0.1,0.9,1895,0.7984168865435356,0.10158311345646442,3.152049049556215,4.850932501372177,3.0352578895382227,33.256443796350226,0.17070712694877516,33
pooled_same_robot,pooled_same_robot:OV_V1_03_difficult,V1,OV_V1_03_difficult,raw_openvins,constant,ACI,recent_300,0.1,0.9,1895,0.8469656992084432,0.0530343007915568,4.044465249848926,5.248191646852614,3.6534315774008657,40.35210690826222,0.17587416481069063,61
pooled_same_robot,pooled_same_robot:OV_V1_03_difficult,V1,OV_V1_03_difficult,raw_openvins,constant,AgACI-EWA,recent_300,0.1,0.9,1895,0.8211081794195251,0.07889182058047495,3.0746718732534077,4.5904581909810975,2.8918064616372763,31.64454890339731,0.14966592427616943,39
pooled_same_robot,pooled_same_robot:OV_V1_03_difficult,V1,OV_V1_03_difficult,raw_openvins,loglinear_covariance,ACI,calibration_only,0.1,0.9,1895,0.9092348284960422,0.00923482849604218,3.9740321791562465,5.607223402129141,3.859044362258265,278.86125720611744,0.07806792873051246,13
pooled_same_robot,pooled_same_robot:OV_V1_03_difficult,V1,OV_V1_03_difficult,raw_openvins,loglinear_covariance,AgACI-EWA,calibration_only,0.1,0.9,1895,0.9176781002638522,0.017678100263852192,4.056549438497429,5.851557799051961,3.889138762476686,144.46877366100333,0.08329621380846346,11
pooled_same_robot,pooled_same_robot:OV_V1_03_difficult,V1,OV_V1_03_difficult,raw_openvins,loglinear_covariance,ACI,recent_100,0.1,0.9,1895,0.8854881266490765,0.014511873350923521,3.8612812959242415,5.628050232644618,3.71928079111309,43.03101257178539,0.07533407572383084,19
pooled_same_robot,pooled_same_robot:OV_V1_03_difficult,V1,OV_V1_03_difficult,raw_openvins,loglinear_covariance,AgACI-EWA,recent_100,0.1,0.9,1895,0.8812664907651715,0.018733509234828527,3.6264781312803294,5.360281434132527,3.4428981584455385,39.20543982344217,0.05585746102449889,11
pooled_same_robot,pooled_same_robot:OV_V1_03_difficult,V1,OV_V1_03_difficult,raw_openvins,loglinear_covariance,ACI,recent_300,0.1,0.9,1895,0.8939313984168865,0.006068601583113509,4.134513801431124,5.831575710663066,3.875921166051593,45.43775078273475,0.09752783964365276,28
pooled_same_robot,pooled_same_robot:OV_V1_03_difficult,V1,OV_V1_03_difficult,raw_openvins,loglinear_covariance,AgACI-EWA,recent_300,0.1,0.9,1895,0.8944591029023746,0.005540897097625397,3.6508850822015155,5.249421859099703,3.5027571126587214,39.109423417901326,0.0636915367483297,11
pooled_same_robot,pooled_same_robot:OV_V1_03_difficult,V1,OV_V1_03_difficult,raw_openvins,loglinear_covariance_time,ACI,calibration_only,0.1,0.9,1895,0.8986807387862796,0.0013192612137203907,4.245153654179349,5.930995919163076,3.989870571916653,64.88518141115001,0.06606347438752791,19
pooled_same_robot,pooled_same_robot:OV_V1_03_difficult,V1,OV_V1_03_difficult,raw_openvins,loglinear_covariance_time,AgACI-EWA,calibration_only,0.1,0.9,1895,0.9129287598944591,0.012928759894459074,4.223768069411619,6.160324085633984,4.011987434942938,58.51240552567147,0.06761692650334082,12
pooled_same_robot,pooled_same_robot:OV_V1_03_difficult,V1,OV_V1_03_difficult,raw_openvins,loglinear_covariance_time,ACI,recent_100,0.1,0.9,1895,0.8807387862796834,0.01926121372031664,4.254219826164867,6.136541989269999,3.9917363158162202,48.69404943650355,0.06675389755011152,25
pooled_same_robot,pooled_same_robot:OV_V1_03_difficult,V1,OV_V1_03_difficult,raw_openvins,loglinear_covariance_time,AgACI-EWA,recent_100,0.1,0.9,1895,0.8775725593667546,0.02242744063324542,3.9071193549470475,5.596368230509592,3.618944466474018,42.11726519634958,0.05518930957683747,13
pooled_same_robot,pooled_same_robot:OV_V1_03_difficult,V1,OV_V1_03_difficult,raw_openvins,loglinear_covariance_time,ACI,recent_300,0.1,0.9,1895,0.8918205804749341,0.008179419525065956,4.547826673266282,6.525480733207249,4.2161574564061715,53.141501722987186,0.07682628062360815,23
pooled_same_robot,pooled_same_robot:OV_V1_03_difficult,V1,OV_V1_03_difficult,raw_openvins,loglinear_covariance_time,AgACI-EWA,recent_300,0.1,0.9,1895,0.8970976253298153,0.0029023746701847264,3.7395673676619925,5.603873427796642,3.620041648481396,41.56545495454218,0.05131403118040098,14
pooled_same_robot,pooled_same_robot:OV_V1_03_difficult,V1,OV_V1_03_difficult,raw_openvins_fit_bias,constant,ACI,calibration_only,0.1,0.9,1895,0.9087071240105541,0.008707124010554068,3.8224053239171756,5.013664096770141,3.8874447983582674,40.84175660216995,0.10122494432071283,37
pooled_same_robot,pooled_same_robot:OV_V1_03_difficult,V1,OV_V1_03_difficult,raw_openvins_fit_bias,constant,AgACI-EWA,calibration_only,0.1,0.9,1895,0.9118733509234829,0.01187335092348285,3.3435149628088663,4.881469701350099,3.2037086783952513,38.89057324010334,0.06192650334075738,16
pooled_same_robot,pooled_same_robot:OV_V1_03_difficult,V1,OV_V1_03_difficult,raw_openvins_fit_bias,loglinear_covariance,ACI,calibration_only,0.1,0.9,1895,0.9145118733509234,0.01451187335092341,3.7479168939582888,5.174752914035215,3.5330748041457847,38.73691354618688,0.09665924276169283,18
pooled_same_robot,pooled_same_robot:OV_V1_03_difficult,V1,OV_V1_03_difficult,raw_openvins_fit_bias,loglinear_covariance,AgACI-EWA,calibration_only,0.1,0.9,1895,0.9150395778364117,0.015039577836411633,3.486929443471663,5.061770214610367,3.125707306491012,38.009663028662054,0.06015590200445449,14
pooled_same_robot,pooled_same_robot:OV_V1_03_difficult,V1,OV_V1_03_difficult,raw_openvins_fit_bias,loglinear_covariance_time,ACI,calibration_only,0.1,0.9,1895,0.9139841688654353,0.013984168865435298,3.722640145551548,5.154569272202278,3.513283263897848,38.56915858173033,0.09755011135857478,17
pooled_same_robot,pooled_same_robot:OV_V1_03_difficult,V1,OV_V1_03_difficult,raw_openvins_fit_bias,loglinear_covariance_time,AgACI-EWA,calibration_only,0.1,0.9,1895,0.9150395778364117,0.015039577836411633,3.4216452713649854,5.061804087593702,3.101719714112976,37.796762977414296,0.060462138084632674,13
pooled_same_robot,pooled_same_robot:OV_V1_03_difficult,V1,OV_V1_03_difficult,diagonal_openvins,constant,ACI,calibration_only,0.1,0.9,1895,0.8960422163588391,0.00395778364116095,1.5328127428899094,2.5700308045550866,1.4694716283410918,18.41831046017327,0.05393652561247219,16
pooled_same_robot,pooled_same_robot:OV_V1_03_difficult,V1,OV_V1_03_difficult,diagonal_openvins,constant,AgACI-EWA,calibration_only,0.1,0.9,1895,0.8828496042216358,0.01715039577836419,0.8246454668356016,2.6343219889416294,0.8025347863565169,16.11649637549933,0.03821826280623596,9
pooled_same_robot,pooled_same_robot:OV_V1_03_difficult,V1,OV_V1_03_difficult,diagonal_openvins,loglinear_covariance,ACI,calibration_only,0.1,0.9,1895,0.9065963060686015,0.00659630606860151,1.960367858517504,4.094980299865858,1.9027047957915073,23.654543916301254,0.061369710467706125,27
pooled_same_robot,pooled_same_robot:OV_V1_03_difficult,V1,OV_V1_03_difficult,diagonal_openvins,loglinear_covariance,AgACI-EWA,calibration_only,0.1,0.9,1895,0.8981530343007915,0.0018469656992085026,1.3223708859451477,3.671491234018215,1.1645988790522506,19.0864208445885,0.029938752783964347,7
pooled_same_robot,pooled_same_robot:OV_V1_03_difficult,V1,OV_V1_03_difficult,diagonal_openvins,loglinear_covariance_time,ACI,calibration_only,0.1,0.9,1895,0.9060686015831134,0.006068601583113398,1.9247620653956794,4.254674184551156,1.9111251237984381,23.96411137426037,0.061135857461024616,28
pooled_same_robot,pooled_same_robot:OV_V1_03_difficult,V1,OV_V1_03_difficult,diagonal_openvins,loglinear_covariance_time,AgACI-EWA,calibration_only,0.1,0.9,1895,0.8992084432717679,0.0007915567282321678,1.351761889541926,3.708873083510995,1.2000797617281846,19.39197918284975,0.030150334075723838,7
pooled_same_robot,pooled_same_robot:OV_V1_03_difficult,V1,OV_V1_03_difficult,diagonal_openvins_fit_bias,constant,ACI,calibration_only,0.1,0.9,1895,0.8992084432717679,0.0007915567282321678,0.8521454489360014,2.5046559234068098,1.0204977244704845,16.186056761813553,0.07483853006681525,25
pooled_same_robot,pooled_same_robot:OV_V1_03_difficult,V1,OV_V1_03_difficult,diagonal_openvins_fit_bias,constant,AgACI-EWA,calibration_only,0.1,0.9,1895,0.8918205804749341,0.008179419525065956,0.29860744924226346,2.424501702766415,0.2702046949348221,14.57851256499181,0.04630289532293983,10
pooled_same_robot,pooled_same_robot:OV_V1_03_difficult,V1,OV_V1_03_difficult,diagonal_openvins_fit_bias,loglinear_covariance,ACI,calibration_only,0.1,0.9,1895,0.9118733509234829,0.01187335092348285,1.3116652630198242,3.085845951559532,1.2297081039646436,18.40556970122343,0.08133630289532309,21
pooled_same_robot,pooled_same_robot:OV_V1_03_difficult,V1,OV_V1_03_difficult,diagonal_openvins_fit_bias,loglinear_covariance,AgACI-EWA,calibration_only,0.1,0.9,1895,0.903957783641161,0.00395778364116095,0.6544025973503977,2.94704899060794,0.5072168824991578,16.150527375538235,0.037945434298441015,7
pooled_same_robot,pooled_same_robot:OV_V1_03_difficult,V1,OV_V1_03_difficult,diagonal_openvins_fit_bias,loglinear_covariance_time,ACI,calibration_only,0.1,0.9,1895,0.912401055408971,0.012401055408970962,1.2383416335337945,2.8813874865110405,1.142057264888315,17.591578183594994,0.08175946547884201,17
pooled_same_robot,pooled_same_robot:OV_V1_03_difficult,V1,OV_V1_03_difficult,diagonal_openvins_fit_bias,loglinear_covariance_time,AgACI-EWA,calibration_only,0.1,0.9,1895,0.9034300791556729,0.0034300791556728383,0.5180056387001297,2.833280426844659,0.3795147632270911,15.24676329834283,0.03853006681514483,7
pooled_same_robot,pooled_same_robot:OV_V1_03_difficult,V1,OV_V1_03_difficult,standardized_correlation,constant,ACI,calibration_only,0.1,0.9,1895,0.9087071240105541,0.008707124010554068,0.3288003246667577,1.1249218580714877,0.4105591638006066,2.885376789444499,0.09032293986636988,19
pooled_same_robot,pooled_same_robot:OV_V1_03_difficult,V1,OV_V1_03_difficult,standardized_correlation,constant,AgACI-EWA,calibration_only,0.1,0.9,1895,0.9076517150395779,0.007651715039577844,-0.15451428940560152,1.308737354890244,0.05308363610121595,3.116230715241797,0.04629732739420948,12
pooled_same_robot,pooled_same_robot:OV_V1_03_difficult,V1,OV_V1_03_difficult,standardized_correlation,constant,ACI,recent_100,0.1,0.9,1895,0.8849604221635884,0.015039577836411633,0.160560566336029,4.204976314721338,0.639351750350172,3.970529395269032,0.07474387527839656,33
pooled_same_robot,pooled_same_robot:OV_V1_03_difficult,V1,OV_V1_03_difficult,standardized_correlation,constant,AgACI-EWA,recent_100,0.1,0.9,1895,0.862796833773087,0.037203166226913,-0.24560322095700204,2.397081441390554,0.08587570386100295,3.1123467754290712,0.0697327394209354,25
pooled_same_robot,pooled_same_robot:OV_V1_03_difficult,V1,OV_V1_03_difficult,standardized_correlation,constant,ACI,recent_300,0.1,0.9,1895,0.9023746701846965,0.0023746701846965035,0.4040886071997729,2.5588724538628305,0.5492292295048635,3.4846947977299862,0.08400334075723843,30
pooled_same_robot,pooled_same_robot:OV_V1_03_difficult,V1,OV_V1_03_difficult,standardized_correlation,constant,AgACI-EWA,recent_300,0.1,0.9,1895,0.8865435356200527,0.013456464379947297,-0.3397427884702644,1.8357647010413327,-0.10832161853727111,2.7460504511319703,0.05214922048997779,11
pooled_same_robot,pooled_same_robot:OV_V1_03_difficult,V1,OV_V1_03_difficult,standardized_correlation,loglinear_covariance,ACI,calibration_only,0.1,0.9,1895,0.9192612137203167,0.01926121372031664,0.3535107105756943,1.9571983845586063,0.5276248389409773,3.0733014723893777,0.1023051224944323,33
pooled_same_robot,pooled_same_robot:OV_V1_03_difficult,V1,OV_V1_03_difficult,standardized_correlation,loglinear_covariance,AgACI-EWA,calibration_only,0.1,0.9,1895,0.9076517150395779,0.007651715039577844,-0.10759316960720611,1.7216043668407237,-0.0446267671631557,2.7894748183907208,0.04969933184855248,10
pooled_same_robot,pooled_same_robot:OV_V1_03_difficult,V1,OV_V1_03_difficult,standardized_correlation,loglinear_covariance,ACI,recent_100,0.1,0.9,1895,0.8886543535620053,0.011345646437994739,0.08547552754411569,2.4420195087766925,0.24473450945768738,3.1913026866902365,0.06968262806236085,26
pooled_same_robot,pooled_same_robot:OV_V1_03_difficult,V1,OV_V1_03_difficult,standardized_correlation,loglinear_covariance,AgACI-EWA,recent_100,0.1,0.9,1895,0.8696569920844327,0.03034300791556732,-0.33099925465219426,1.920091670970333,-0.15174423873500087,2.75409354063618,0.06133630289532287,26
pooled_same_robot,pooled_same_robot:OV_V1_03_difficult,V1,OV_V1_03_difficult,standardized_correlation,loglinear_covariance,ACI,recent_300,0.1,0.9,1895,0.899736147757256,0.00026385224274405594,0.03252105397691096,2.21894048266015,0.2104383921027297,3.0498624147014026,0.09914253897550133,33
pooled_same_robot,pooled_same_robot:OV_V1_03_difficult,V1,OV_V1_03_difficult,standardized_correlation,loglinear_covariance,AgACI-EWA,recent_300,0.1,0.9,1895,0.883377308707124,0.01662269129287597,-0.40194737969010763,1.553790755462875,-0.27214883407681906,2.5641009152546097,0.0562082405345212,18
pooled_same_robot,pooled_same_robot:OV_V1_03_difficult,V1,OV_V1_03_difficult,standardized_correlation,loglinear_covariance_time,ACI,calibration_only,0.1,0.9,1895,0.9218997361477572,0.0218997361477572,0.29521384871776846,1.806816561768154,0.4520467871543542,2.972457395475768,0.09916481069042339,30
pooled_same_robot,pooled_same_robot:OV_V1_03_difficult,V1,OV_V1_03_difficult,standardized_correlation,loglinear_covariance_time,AgACI-EWA,calibration_only,0.1,0.9,1895,0.9155672823218998,0.015567282321899745,-0.19031134820685214,1.610001296265081,-0.09176388109501842,2.736670534682622,0.05248329621380862,9
pooled_same_robot,pooled_same_robot:OV_V1_03_difficult,V1,OV_V1_03_difficult,standardized_correlation,loglinear_covariance_time,ACI,recent_100,0.1,0.9,1895,0.8796833773087072,0.020316622691292863,-0.03429382689886573,2.248827069840261,0.1723125726978308,3.1167913566913663,0.08327394209354133,36
pooled_same_robot,pooled_same_robot:OV_V1_03_difficult,V1,OV_V1_03_difficult,standardized_correlation,loglinear_covariance_time,AgACI-EWA,recent_100,0.1,0.9,1895,0.8617414248021108,0.03825857519788922,-0.50719587419061,1.7543640882964573,-0.24045044174600125,2.673135408857667,0.06699331848552335,29
pooled_same_robot,pooled_same_robot:OV_V1_03_difficult,V1,OV_V1_03_difficult,standardized_correlation,loglinear_covariance_time,ACI,recent_300,0.1,0.9,1895,0.8981530343007915,0.0018469656992085026,-0.11106241913606052,1.9698514869633876,0.13313374191134297,2.9341141661847137,0.10912583518930981,36
pooled_same_robot,pooled_same_robot:OV_V1_03_difficult,V1,OV_V1_03_difficult,standardized_correlation,loglinear_covariance_time,AgACI-EWA,recent_300,0.1,0.9,1895,0.8849604221635884,0.015039577836411633,-0.5461190808693246,1.3877805239992322,-0.36569005596710563,2.4856275086210147,0.058385300668151535,14
pooled_same_robot,pooled_same_robot:OV_V1_03_difficult,V1,OV_V1_03_difficult,whitened_correlation,constant,ACI,calibration_only,0.1,0.9,1895,0.903957783641161,0.00395778364116095,1.8739803692949586,2.4513304839127548,1.7133904991894957,1.6166006535379722,0.08610244988864164,23
pooled_same_robot,pooled_same_robot:OV_V1_03_difficult,V1,OV_V1_03_difficult,whitened_correlation,constant,AgACI-EWA,calibration_only,0.1,0.9,1895,0.9155672823218998,0.015567282321899745,1.3716254437112045,2.3952916472766175,1.2553879697301742,1.7339231696872541,0.03756681514476634,4
pooled_same_robot,pooled_same_robot:OV_V1_03_difficult,V1,OV_V1_03_difficult,whitened_correlation,loglinear_covariance,ACI,calibration_only,0.1,0.9,1895,0.9145118733509234,0.01451187335092341,1.9180581251760294,3.3442947983212767,1.9641664517372994,1.8239076463791932,0.07493318485523397,12
pooled_same_robot,pooled_same_robot:OV_V1_03_difficult,V1,OV_V1_03_difficult,whitened_correlation,loglinear_covariance,AgACI-EWA,calibration_only,0.1,0.9,1895,0.9065963060686015,0.00659630606860151,1.3349993462633338,2.3268351303806134,1.079618887494373,1.382536644895778,0.024955456570156,4
pooled_same_robot,pooled_same_robot:OV_V1_03_difficult,V1,OV_V1_03_difficult,whitened_correlation,loglinear_covariance_time,ACI,calibration_only,0.1,0.9,1895,0.9192612137203167,0.01926121372031664,1.8296515034831615,2.840590234316178,1.8484913222979649,1.7011505360356012,0.06427060133630304,14
pooled_same_robot,pooled_same_robot:OV_V1_03_difficult,V1,OV_V1_03_difficult,whitened_correlation,loglinear_covariance_time,AgACI-EWA,calibration_only,0.1,0.9,1895,0.9060686015831134,0.006068601583113398,1.3388947919788659,2.3936760369446946,1.1212220656981045,1.3984848122902063,0.023457683741648198,2
pooled_same_robot,pooled_same_robot:OV_V1_03_difficult,V1,OV_V1_03_difficult,correlation_shrink_0.25,constant,ACI,calibration_only,0.1,0.9,1895,0.8960422163588391,0.00395778364116095,1.9812243029773846,2.8405368901535017,1.8277362415564231,20.795961890468337,0.05580178173719386,20
pooled_same_robot,pooled_same_robot:OV_V1_03_difficult,V1,OV_V1_03_difficult,correlation_shrink_0.25,constant,AgACI-EWA,calibration_only,0.1,0.9,1895,0.8812664907651715,0.018733509234828527,1.177639849719922,2.83251828218795,1.1294108083887169,17.990893485373533,0.044136971046770515,4
pooled_same_robot,pooled_same_robot:OV_V1_03_difficult,V1,OV_V1_03_difficult,correlation_shrink_0.25,loglinear_covariance,ACI,calibration_only,0.1,0.9,1895,0.9050131926121372,0.005013192612137174,1.7916296944109504,3.3927202435987405,1.6815255320284181,21.507852826181644,0.07131959910913153,17
pooled_same_robot,pooled_same_robot:OV_V1_03_difficult,V1,OV_V1_03_difficult,correlation_shrink_0.25,loglinear_covariance,AgACI-EWA,calibration_only,0.1,0.9,1895,0.908179419525066,0.008179419525065956,1.0854713804576033,3.2530138704875275,1.0230056679532187,18.343739956987605,0.03042316258351899,7
pooled_same_robot,pooled_same_robot:OV_V1_03_difficult,V1,OV_V1_03_difficult,correlation_shrink_0.25,loglinear_covariance_time,ACI,calibration_only,0.1,0.9,1895,0.9029023746701847,0.0029023746701847264,1.719151870637866,3.510711137307101,1.6587975717958763,21.191351361130657,0.0749109131403119,18
pooled_same_robot,pooled_same_robot:OV_V1_03_difficult,V1,OV_V1_03_difficult,correlation_shrink_0.25,loglinear_covariance_time,AgACI-EWA,calibration_only,0.1,0.9,1895,0.9060686015831134,0.006068601583113398,1.1660672952338107,3.102712925588812,1.01074279599538,17.883459633165604,0.027104677060133704,6
pooled_same_robot,pooled_same_robot:OV_V1_03_difficult,V1,OV_V1_03_difficult,correlation_shrink_0.25_fit_bias,constant,ACI,calibration_only,0.1,0.9,1895,0.9002638522427441,0.00026385224274405594,1.2848698695478387,2.684411161931005,1.3914851540536262,18.26109040840124,0.07862472160356365,27
pooled_same_robot,pooled_same_robot:OV_V1_03_difficult,V1,OV_V1_03_difficult,correlation_shrink_0.25_fit_bias,constant,AgACI-EWA,calibration_only,0.1,0.9,1895,0.891292875989446,0.008707124010554068,0.7574397785137883,2.6796886743076462,0.6691130407201485,16.492290329426986,0.04729398663697103,10
pooled_same_robot,pooled_same_robot:OV_V1_03_difficult,V1,OV_V1_03_difficult,correlation_shrink_0.25_fit_bias,loglinear_covariance,ACI,calibration_only,0.1,0.9,1895,0.912401055408971,0.012401055408970962,1.4712773241608446,3.1663966869794047,1.4493459997030615,19.500528817314528,0.08380289532294002,19
pooled_same_robot,pooled_same_robot:OV_V1_03_difficult,V1,OV_V1_03_difficult,correlation_shrink_0.25_fit_bias,loglinear_covariance,AgACI-EWA,calibration_only,0.1,0.9,1895,0.9034300791556729,0.0034300791556728383,0.6261545091150555,2.967922868778382,0.5462857805323685,16.022103702504694,0.03312360801781746,7
pooled_same_robot,pooled_same_robot:OV_V1_03_difficult,V1,OV_V1_03_difficult,correlation_shrink_0.25_fit_bias,loglinear_covariance_time,ACI,calibration_only,0.1,0.9,1895,0.9113456464379948,0.011345646437994739,1.4294650507282558,3.227718166209657,1.442266647666019,19.49648599403036,0.08665924276169283,22
pooled_same_robot,pooled_same_robot:OV_V1_03_difficult,V1,OV_V1_03_difficult,correlation_shrink_0.25_fit_bias,loglinear_covariance_time,AgACI-EWA,calibration_only,0.1,0.9,1895,0.903957783641161,0.00395778364116095,0.5361614104158736,2.949494705654136,0.5219263613370579,15.838031141589534,0.031146993318485593,7
pooled_same_robot,pooled_same_robot:OV_V1_03_difficult,V1,OV_V1_03_difficult,correlation_shrink_0.50,constant,ACI,calibration_only,0.1,0.9,1895,0.8960422163588391,0.00395778364116095,1.6476818293788753,2.6899638519587104,1.5809239288783283,19.130302732877194,0.05437639198218269,16
pooled_same_robot,pooled_same_robot:OV_V1_03_difficult,V1,OV_V1_03_difficult,correlation_shrink_0.50,constant,AgACI-EWA,calibration_only,0.1,0.9,1895,0.8817941952506596,0.018205804749340415,0.9856337783280935,2.7140246050633787,0.9272323960145938,16.915228701172435,0.041458797327394104,5
pooled_same_robot,pooled_same_robot:OV_V1_03_difficult,V1,OV_V1_03_difficult,correlation_shrink_0.50,loglinear_covariance,ACI,calibration_only,0.1,0.9,1895,0.9055408970976253,0.005540897097625286,1.6382008488029491,2.721680342350387,1.407937017701329,18.49275113637109,0.05277839643652569,14
pooled_same_robot,pooled_same_robot:OV_V1_03_difficult,V1,OV_V1_03_difficult,correlation_shrink_0.50,loglinear_covariance,AgACI-EWA,calibration_only,0.1,0.9,1895,0.9060686015831134,0.006068601583113398,1.085833769600134,2.808902432983763,0.9064322692096426,16.83600178654528,0.03085189309576846,8
pooled_same_robot,pooled_same_robot:OV_V1_03_difficult,V1,OV_V1_03_difficult,correlation_shrink_0.50,loglinear_covariance_time,ACI,calibration_only,0.1,0.9,1895,0.903957783641161,0.00395778364116095,1.797296004245828,3.1986293127672254,1.6104559252640633,20.24627292088519,0.05711581291759475,21
pooled_same_robot,pooled_same_robot:OV_V1_03_difficult,V1,OV_V1_03_difficult,correlation_shrink_0.50,loglinear_covariance_time,AgACI-EWA,calibration_only,0.1,0.9,1895,0.903957783641161,0.00395778364116095,1.2992644727714566,3.2812954492304987,1.1328753954712227,18.624041125451463,0.02733853006681519,7
pooled_same_robot,pooled_same_robot:OV_V1_03_difficult,V1,OV_V1_03_difficult,correlation_shrink_0.50_fit_bias,constant,ACI,calibration_only,0.1,0.9,1895,0.899736147757256,0.00026385224274405594,1.0409412833665623,2.6000531169057264,1.1870260006102566,17.123977482011206,0.0739365256124723,26
pooled_same_robot,pooled_same_robot:OV_V1_03_difficult,V1,OV_V1_03_difficult,correlation_shrink_0.50_fit_bias,constant,AgACI-EWA,calibration_only,0.1,0.9,1895,0.8934036939313984,0.006596306068601621,0.5214421371175426,2.504257664785914,0.41828647520029133,15.278447951680832,0.04623051224944319,10
pooled_same_robot,pooled_same_robot:OV_V1_03_difficult,V1,OV_V1_03_difficult,correlation_shrink_0.50_fit_bias,loglinear_covariance,ACI,calibration_only,0.1,0.9,1895,0.9129287598944591,0.012928759894459074,1.14399449126811,2.6602142055926246,1.0711331782803157,16.683422533617414,0.08922048997772852,25
pooled_same_robot,pooled_same_robot:OV_V1_03_difficult,V1,OV_V1_03_difficult,correlation_shrink_0.50_fit_bias,loglinear_covariance,AgACI-EWA,calibration_only,0.1,0.9,1895,0.9050131926121372,0.005013192612137174,0.18653956679065153,2.4473718978153087,0.13755384480531213,13.54805862064202,0.03467706013363035,6
pooled_same_robot,pooled_same_robot:OV_V1_03_difficult,V1,OV_V1_03_difficult,correlation_shrink_0.50_fit_bias,loglinear_covariance_time,ACI,calibration_only,0.1,0.9,1895,0.9129287598944591,0.012928759894459074,1.1768366501746943,2.7065134471929766,1.0870678876230777,16.795309091503977,0.08871380846325191,24
pooled_same_robot,pooled_same_robot:OV_V1_03_difficult,V1,OV_V1_03_difficult,correlation_shrink_0.50_fit_bias,loglinear_covariance_time,AgACI-EWA,calibration_only,0.1,0.9,1895,0.9044854881266491,0.004485488126649062,0.22401210670182792,2.4710040239590985,0.16520346934816824,13.706394696583947,0.03506681514476618,7
pooled_same_robot,pooled_same_robot:OV_V1_03_difficult,V1,OV_V1_03_difficult,correlation_shrink_0.75,constant,ACI,calibration_only,0.1,0.9,1895,0.8960422163588391,0.00395778364116095,1.5161105923511826,2.59042732849762,1.4705315679537836,18.442010519886374,0.05435968819599112,16
pooled_same_robot,pooled_same_robot:OV_V1_03_difficult,V1,OV_V1_03_difficult,correlation_shrink_0.75,constant,AgACI-EWA,calibration_only,0.1,0.9,1895,0.8828496042216358,0.01715039577836419,0.8541387694055711,2.6456965168567357,0.816797713771825,16.260748848277522,0.03915367483296203,5
pooled_same_robot,pooled_same_robot:OV_V1_03_difficult,V1,OV_V1_03_difficult,correlation_shrink_0.75,loglinear_covariance,ACI,calibration_only,0.1,0.9,1895,0.9050131926121372,0.005013192612137174,1.8615654942933215,3.868954961634402,1.8114025851201057,22.596292752766374,0.06236080178173731,22
pooled_same_robot,pooled_same_robot:OV_V1_03_difficult,V1,OV_V1_03_difficult,correlation_shrink_0.75,loglinear_covariance,AgACI-EWA,calibration_only,0.1,0.9,1895,0.899736147757256,0.00026385224274405594,1.3477769089617393,3.4401625077055464,1.1624406643958405,18.917826380342238,0.029231625835189335,8
pooled_same_robot,pooled_same_robot:OV_V1_03_difficult,V1,OV_V1_03_difficult,correlation_shrink_0.75,loglinear_covariance_time,ACI,calibration_only,0.1,0.9,1895,0.9044854881266491,0.004485488126649062,1.9285093818412555,4.115683757206892,1.8879481916696057,23.624467376149056,0.06211024498886425,25
pooled_same_robot,pooled_same_robot:OV_V1_03_difficult,V1,OV_V1_03_difficult,correlation_shrink_0.75,loglinear_covariance_time,AgACI-EWA,calibration_only,0.1,0.9,1895,0.9002638522427441,0.00026385224274405594,1.3862157928962464,3.7118841039582957,1.2089628567563564,19.436147120022042,0.02938752783964366,7
pooled_same_robot,pooled_same_robot:OV_V1_03_difficult,V1,OV_V1_03_difficult,correlation_shrink_0.75_fit_bias,constant,ACI,calibration_only,0.1,0.9,1895,0.8992084432717679,0.0007915567282321678,0.884567506520769,2.5288900490710993,1.0604184002698704,16.40083289426252,0.07376391982182638,26
pooled_same_robot,pooled_same_robot:OV_V1_03_difficult,V1,OV_V1_03_difficult,correlation_shrink_0.75_fit_bias,constant,AgACI-EWA,calibration_only,0.1,0.9,1895,0.8923482849604222,0.007651715039577844,0.37108684339192877,2.455882645148708,0.29705825519597173,14.731530889710308,0.045879732739420906,10
pooled_same_robot,pooled_same_robot:OV_V1_03_difficult,V1,OV_V1_03_difficult,correlation_shrink_0.75_fit_bias,loglinear_covariance,ACI,calibration_only,0.1,0.9,1895,0.912401055408971,0.012401055408970962,1.3514713724954959,3.0381280706772804,1.258386688606175,18.379230878519625,0.0786191536748331,20
pooled_same_robot,pooled_same_robot:OV_V1_03_difficult,V1,OV_V1_03_difficult,correlation_shrink_0.75_fit_bias,loglinear_covariance,AgACI-EWA,calibration_only,0.1,0.9,1895,0.9034300791556729,0.0034300791556728383,0.5610340413308261,2.9204223400336233,0.4582218211900619,15.816472377511335,0.03734966592427622,7
pooled_same_robot,pooled_same_robot:OV_V1_03_difficult,V1,OV_V1_03_difficult,correlation_shrink_0.75_fit_bias,loglinear_covariance_time,ACI,calibration_only,0.1,0.9,1895,0.9129287598944591,0.012928759894459074,1.2683365869744136,2.8815564683607433,1.1848102785602042,17.69349099597661,0.07893095768374178,17
pooled_same_robot,pooled_same_robot:OV_V1_03_difficult,V1,OV_V1_03_difficult,correlation_shrink_0.75_fit_bias,loglinear_covariance_time,AgACI-EWA,calibration_only,0.1,0.9,1895,0.903957783641161,0.00395778364116095,0.48146565325772883,2.868909959442226,0.3944861449346102,15.464735383748202,0.038157015590200495,7
pooled_same_robot,pooled_same_robot:OV_V1_03_difficult,V1,OV_V1_03_difficult,normalized_empirical_blend_0.25,constant,ACI,calibration_only,0.1,0.9,1895,0.9118733509234829,0.01187335092348285,-3.642125472680096,-2.617523951720728,-3.528435268764552,3.2192583138865354,0.07724387527839657,34
pooled_same_robot,pooled_same_robot:OV_V1_03_difficult,V1,OV_V1_03_difficult,normalized_empirical_blend_0.25,constant,AgACI-EWA,calibration_only,0.1,0.9,1895,0.9160949868073879,0.016094986807387857,-3.899207845698376,-2.8986851254013475,-3.9421420133530183,2.854058923948232,0.037427616926503496,12
pooled_same_robot,pooled_same_robot:OV_V1_03_difficult,V1,OV_V1_03_difficult,normalized_empirical_blend_0.25,loglinear_covariance,ACI,calibration_only,0.1,0.9,1895,0.9139841688654353,0.013984168865435298,-3.5235764632684745,-2.6122262299829124,-3.4477536237902804,3.318920897633746,0.07332405345211598,32
pooled_same_robot,pooled_same_robot:OV_V1_03_difficult,V1,OV_V1_03_difficult,normalized_empirical_blend_0.25,loglinear_covariance,AgACI-EWA,calibration_only,0.1,0.9,1895,0.9139841688654353,0.013984168865435298,-3.8902848063071014,-2.889719046458645,-3.901902771442447,2.895500967997196,0.0336971046770603,10
pooled_same_robot,pooled_same_robot:OV_V1_03_difficult,V1,OV_V1_03_difficult,normalized_empirical_blend_0.25,loglinear_covariance_time,ACI,calibration_only,0.1,0.9,1895,0.9129287598944591,0.012928759894459074,-3.5006400685209105,-2.5833210724366484,-3.4281707864408997,3.3506577666093165,0.07429287305122512,32
pooled_same_robot,pooled_same_robot:OV_V1_03_difficult,V1,OV_V1_03_difficult,normalized_empirical_blend_0.25,loglinear_covariance_time,AgACI-EWA,calibration_only,0.1,0.9,1895,0.9118733509234829,0.01187335092348285,-3.84818605535785,-2.8764598851323657,-3.870838411266238,2.9338558051202135,0.03361915367483315,9
pooled_same_robot,pooled_same_robot:OV_V1_03_difficult,V1,OV_V1_03_difficult,normalized_empirical_blend_0.50,constant,ACI,calibration_only,0.1,0.9,1895,0.9113456464379948,0.011345646437994739,-3.7019263874902366,-2.8202489838369833,-3.602192294529442,3.262567252787277,0.07778396436525632,32
pooled_same_robot,pooled_same_robot:OV_V1_03_difficult,V1,OV_V1_03_difficult,normalized_empirical_blend_0.50,constant,AgACI-EWA,calibration_only,0.1,0.9,1895,0.916622691292876,0.01662269129287597,-3.953989858534011,-3.0181511779929036,-3.977845447933503,2.9222215638068523,0.03888084632516724,13
pooled_same_robot,pooled_same_robot:OV_V1_03_difficult,V1,OV_V1_03_difficult,normalized_empirical_blend_0.50,constant,ACI,recent_100,0.1,0.9,1895,0.8633245382585752,0.036675461741424775,-3.7335164217610046,-2.8215758334792636,-3.7605393422236855,3.1316805915532218,0.11716592427616937,38
pooled_same_robot,pooled_same_robot:OV_V1_03_difficult,V1,OV_V1_03_difficult,normalized_empirical_blend_0.50,constant,AgACI-EWA,recent_100,0.1,0.9,1895,0.8511873350923482,0.04881266490765179,-3.9106143690418653,-2.933337913243857,-3.943237907244492,2.966367519612234,0.10141982182628069,38
pooled_same_robot,pooled_same_robot:OV_V1_03_difficult,V1,OV_V1_03_difficult,normalized_empirical_blend_0.50,constant,ACI,recent_300,0.1,0.9,1895,0.8881266490765172,0.01187335092348285,-3.6921637483527965,-2.813086852053156,-3.678306181940186,3.1926576217575926,0.11171492204899794,40
pooled_same_robot,pooled_same_robot:OV_V1_03_difficult,V1,OV_V1_03_difficult,normalized_empirical_blend_0.50,constant,AgACI-EWA,recent_300,0.1,0.9,1895,0.8828496042216358,0.01715039577836419,-3.983533226182068,-3.0475163288081246,-4.005875511601654,2.898559487276423,0.07419821826280633,34
pooled_same_robot,pooled_same_robot:OV_V1_03_difficult,V1,OV_V1_03_difficult,normalized_empirical_blend_0.50,loglinear_covariance,ACI,calibration_only,0.1,0.9,1895,0.9155672823218998,0.015567282321899745,-3.606115140520698,-2.7335683595349862,-3.503399470530906,3.3981594413012344,0.07711581291759483,31
pooled_same_robot,pooled_same_robot:OV_V1_03_difficult,V1,OV_V1_03_difficult,normalized_empirical_blend_0.50,loglinear_covariance,AgACI-EWA,calibration_only,0.1,0.9,1895,0.916622691292876,0.01662269129287597,-3.9420227104932835,-3.009235410322347,-3.966909556919728,2.9518926788795414,0.03780623608017834,11
pooled_same_robot,pooled_same_robot:OV_V1_03_difficult,V1,OV_V1_03_difficult,normalized_empirical_blend_0.50,loglinear_covariance,ACI,recent_100,0.1,0.9,1895,0.8622691292875989,0.03773087071240111,-3.57926099509376,-2.814326282692425,-3.6468103160099536,3.2630146278476166,0.1061859688195991,34
pooled_same_robot,pooled_same_robot:OV_V1_03_difficult,V1,OV_V1_03_difficult,normalized_empirical_blend_0.50,loglinear_covariance,AgACI-EWA,recent_100,0.1,0.9,1895,0.841688654353562,0.05831134564643803,-3.884768693700315,-2.9465425797700298,-3.9111523431974646,3.0145651537836753,0.10043986636971043,34
pooled_same_robot,pooled_same_robot:OV_V1_03_difficult,V1,OV_V1_03_difficult,normalized_empirical_blend_0.50,loglinear_covariance,ACI,recent_300,0.1,0.9,1895,0.8854881266490765,0.014511873350923521,-3.5937709414310186,-2.835631919033957,-3.585855684452886,3.3021942541673797,0.10441536748329629,34
pooled_same_robot,pooled_same_robot:OV_V1_03_difficult,V1,OV_V1_03_difficult,normalized_empirical_blend_0.50,loglinear_covariance,AgACI-EWA,recent_300,0.1,0.9,1895,0.8812664907651715,0.018733509234828527,-3.964743805541099,-3.035785989868325,-3.96865918472026,2.948829557817867,0.0703173719376393,33
pooled_same_robot,pooled_same_robot:OV_V1_03_difficult,V1,OV_V1_03_difficult,normalized_empirical_blend_0.50,loglinear_covariance_time,ACI,calibration_only,0.1,0.9,1895,0.9145118733509234,0.01451187335092341,-3.6142448667202602,-2.6751408525868876,-3.5036875985618763,3.4042786626933066,0.07721046770601353,31
pooled_same_robot,pooled_same_robot:OV_V1_03_difficult,V1,OV_V1_03_difficult,normalized_empirical_blend_0.50,loglinear_covariance_time,AgACI-EWA,calibration_only,0.1,0.9,1895,0.916622691292876,0.01662269129287597,-3.948789480548143,-2.9944965850517797,-3.9544507919912606,2.969395430435004,0.0369209354120269,11
pooled_same_robot,pooled_same_robot:OV_V1_03_difficult,V1,OV_V1_03_difficult,normalized_empirical_blend_0.50,loglinear_covariance_time,ACI,recent_100,0.1,0.9,1895,0.8612137203166227,0.038786279683377334,-3.588050914296863,-2.8241135724904542,-3.647487908894139,3.2661734692006745,0.10521714922048996,34
pooled_same_robot,pooled_same_robot:OV_V1_03_difficult,V1,OV_V1_03_difficult,normalized_empirical_blend_0.50,loglinear_covariance_time,AgACI-EWA,recent_100,0.1,0.9,1895,0.8401055408970977,0.059894459102902364,-3.8945285536265004,-2.952324729774175,-3.899576544540656,3.0281735188269834,0.10035077951002219,34
pooled_same_robot,pooled_same_robot:OV_V1_03_difficult,V1,OV_V1_03_difficult,normalized_empirical_blend_0.50,loglinear_covariance_time,ACI,recent_300,0.1,0.9,1895,0.8828496042216358,0.01715039577836419,-3.563930366430231,-2.848650653794094,-3.5798635515710595,3.31166517740198,0.1056013363028954,34
pooled_same_robot,pooled_same_robot:OV_V1_03_difficult,V1,OV_V1_03_difficult,normalized_empirical_blend_0.50,loglinear_covariance_time,AgACI-EWA,recent_300,0.1,0.9,1895,0.8781002638522427,0.02189973614775731,-3.9923563985503145,-3.029225725986689,-3.966646181396439,2.9551556857331716,0.06961024498886423,33
pooled_same_robot,pooled_same_robot:OV_V1_03_difficult,V1,OV_V1_03_difficult,normalized_empirical_blend_0.75,constant,ACI,calibration_only,0.1,0.9,1895,0.9134564643799472,0.013456464379947186,-3.488923696025119,-2.9220818857010356,-3.4698409332245017,3.659328825850249,0.07708797327394228,15
pooled_same_robot,pooled_same_robot:OV_V1_03_difficult,V1,OV_V1_03_difficult,normalized_empirical_blend_0.75,constant,AgACI-EWA,calibration_only,0.1,0.9,1895,0.9176781002638522,0.017678100263852192,-3.7517371997930553,-2.9641546252342397,-3.779331321334853,3.3494280391834947,0.04340200445434317,12
pooled_same_robot,pooled_same_robot:OV_V1_03_difficult,V1,OV_V1_03_difficult,normalized_empirical_blend_0.75,loglinear_covariance,ACI,calibration_only,0.1,0.9,1895,0.9171503957783641,0.01715039577836408,-3.474907230205245,-2.688021621565098,-3.37740078816588,3.8256450691068706,0.07130289532294003,16
pooled_same_robot,pooled_same_robot:OV_V1_03_difficult,V1,OV_V1_03_difficult,normalized_empirical_blend_0.75,loglinear_covariance,AgACI-EWA,calibration_only,0.1,0.9,1895,0.9113456464379948,0.011345646437994739,-3.7409275240279696,-2.881202122180583,-3.732997818925389,3.431973270974792,0.03546213808463264,12
pooled_same_robot,pooled_same_robot:OV_V1_03_difficult,V1,OV_V1_03_difficult,normalized_empirical_blend_0.75,loglinear_covariance_time,ACI,calibration_only,0.1,0.9,1895,0.9160949868073879,0.016094986807387857,-3.5142712093562256,-2.698595749476778,-3.393928668017565,3.80835933747097,0.0710579064587975,16
pooled_same_robot,pooled_same_robot:OV_V1_03_difficult,V1,OV_V1_03_difficult,normalized_empirical_blend_0.75,loglinear_covariance_time,AgACI-EWA,calibration_only,0.1,0.9,1895,0.9118733509234829,0.01187335092348285,-3.7421851005810662,-2.858485410369047,-3.7416552237926783,3.4269429084194005,0.03430400890868614,12
pooled_same_robot,pooled_same_robot:OV_V2_01_easy,V2,OV_V2_01_easy,raw_openvins,constant,ACI,calibration_only,0.1,0.9,2070,0.8521739130434782,0.047826086956521796,4.5622916648531975,5.363321330038402,5.087590203933801,242.51529832486693,0.07317605276509384,15
pooled_same_robot,pooled_same_robot:OV_V2_01_easy,V2,OV_V2_01_easy,raw_openvins,constant,AgACI-EWA,calibration_only,0.1,0.9,2070,0.9347826086956522,0.034782608695652195,4.757104971433941,5.480283770244397,4.7155609490081485,139.2313551706828,0.06684931506849341,13
pooled_same_robot,pooled_same_robot:OV_V2_01_easy,V2,OV_V2_01_easy,raw_openvins,constant,ACI,recent_100,0.1,0.9,2070,0.808695652173913,0.09130434782608698,4.738408276388028,5.558481018344158,4.379899783279595,49.82978110151761,0.16106037544393714,61
pooled_same_robot,pooled_same_robot:OV_V2_01_easy,V2,OV_V2_01_easy,raw_openvins,constant,AgACI-EWA,recent_100,0.1,0.9,2070,0.7932367149758454,0.10676328502415466,4.5481295825488655,5.513420593369656,4.241250325667043,47.41078929448051,0.16741755454084223,51
pooled_same_robot,pooled_same_robot:OV_V2_01_easy,V2,OV_V2_01_easy,raw_openvins,constant,ACI,recent_300,0.1,0.9,2070,0.8555555555555555,0.04444444444444451,4.747064310664043,5.531685452315087,4.431312374484869,50.74517495138558,0.13427194317605284,41
pooled_same_robot,pooled_same_robot:OV_V2_01_easy,V2,OV_V2_01_easy,raw_openvins,constant,AgACI-EWA,recent_300,0.1,0.9,2070,0.8289855072463768,0.07101449275362326,4.546692880957087,5.410842284980621,4.198304194392389,46.63957713068292,0.13700659563673268,32
pooled_same_robot,pooled_same_robot:OV_V2_01_easy,V2,OV_V2_01_easy,raw_openvins,loglinear_covariance,ACI,calibration_only,0.1,0.9,2070,0.881159420289855,0.018840579710144967,4.619257074809491,5.533443965527548,4.438725196639937,70.50311995254923,0.04193302891933028,8
pooled_same_robot,pooled_same_robot:OV_V2_01_easy,V2,OV_V2_01_easy,raw_openvins,loglinear_covariance,AgACI-EWA,calibration_only,0.1,0.9,2070,0.923671497584541,0.023671497584541012,4.690832505169886,5.595238905177188,4.384966313726881,56.935100568632386,0.04903602232369382,10
pooled_same_robot,pooled_same_robot:OV_V2_01_easy,V2,OV_V2_01_easy,raw_openvins,loglinear_covariance,ACI,recent_100,0.1,0.9,2070,0.8797101449275362,0.020289855072463836,4.788675288539442,5.76867567931743,4.461989134432904,53.08842865231533,0.08751395230847292,22
pooled_same_robot,pooled_same_robot:OV_V2_01_easy,V2,OV_V2_01_easy,raw_openvins,loglinear_covariance,AgACI-EWA,recent_100,0.1,0.9,2070,0.8671497584541062,0.03285024154589378,4.6781162886389644,5.632368044732421,4.328373580535677,49.86338079170802,0.08706240487062408,18
pooled_same_robot,pooled_same_robot:OV_V2_01_easy,V2,OV_V2_01_easy,raw_openvins,loglinear_covariance,ACI,recent_300,0.1,0.9,2070,0.8980676328502415,0.0019323671497585293,4.885496651232789,5.761245697634085,4.496443753160168,53.1931751196287,0.09425164890918333,31
pooled_same_robot,pooled_same_robot:OV_V2_01_easy,V2,OV_V2_01_easy,raw_openvins,loglinear_covariance,AgACI-EWA,recent_300,0.1,0.9,2070,0.8845410628019323,0.01545893719806768,4.6710961710561705,5.535755145364946,4.302325340087608,49.27316569353961,0.07732115677321165,18
pooled_same_robot,pooled_same_robot:OV_V2_01_easy,V2,OV_V2_01_easy,raw_openvins,loglinear_covariance_time,ACI,calibration_only,0.1,0.9,2070,0.8816425120772947,0.018357487922705307,4.611758844384292,5.517350432214789,4.428462510788414,66.56872824294584,0.044094368340943636,5
pooled_same_robot,pooled_same_robot:OV_V2_01_easy,V2,OV_V2_01_easy,raw_openvins,loglinear_covariance_time,AgACI-EWA,calibration_only,0.1,0.9,2070,0.946376811594203,0.04637681159420293,4.642112934938735,5.515911639382219,4.3235163474035545,54.71352242849536,0.05726534753932047,5
pooled_same_robot,pooled_same_robot:OV_V2_01_easy,V2,OV_V2_01_easy,raw_openvins,loglinear_covariance_time,ACI,recent_100,0.1,0.9,2070,0.8526570048309179,0.047342995169082136,4.7275877407353875,5.706825403907675,4.4202190213881725,52.18333283660364,0.09057331303906643,26
pooled_same_robot,pooled_same_robot:OV_V2_01_easy,V2,OV_V2_01_easy,raw_openvins,loglinear_covariance_time,AgACI-EWA,recent_100,0.1,0.9,2070,0.8454106280193237,0.05458937198067637,4.640424270998235,5.613584199843561,4.313807284858046,49.718923191064476,0.09879756468797563,19
pooled_same_robot,pooled_same_robot:OV_V2_01_easy,V2,OV_V2_01_easy,raw_openvins,loglinear_covariance_time,ACI,recent_300,0.1,0.9,2070,0.8801932367149758,0.019806763285024176,4.814179457085055,5.823800952525864,4.4625120132483,52.65317114284952,0.10953323186199915,32
pooled_same_robot,pooled_same_robot:OV_V2_01_easy,V2,OV_V2_01_easy,raw_openvins,loglinear_covariance_time,AgACI-EWA,recent_300,0.1,0.9,2070,0.8845410628019323,0.01545893719806768,4.640266014446295,5.526658540293977,4.285440482200136,48.968025615201405,0.08197869101978696,19
pooled_same_robot,pooled_same_robot:OV_V2_01_easy,V2,OV_V2_01_easy,raw_openvins_fit_bias,constant,ACI,calibration_only,0.1,0.9,2070,0.8816425120772947,0.018357487922705307,4.299054736831705,5.644025413403001,4.653643096262732,193.6172678300918,0.058011161846778285,12
pooled_same_robot,pooled_same_robot:OV_V2_01_easy,V2,OV_V2_01_easy,raw_openvins_fit_bias,constant,AgACI-EWA,calibration_only,0.1,0.9,2070,0.9202898550724637,0.020289855072463725,4.534936628713184,5.644737530547974,4.342315536443511,84.94102325532023,0.04849315068493167,10
pooled_same_robot,pooled_same_robot:OV_V2_01_easy,V2,OV_V2_01_easy,raw_openvins_fit_bias,loglinear_covariance,ACI,calibration_only,0.1,0.9,2070,0.8859903381642512,0.01400966183574881,4.450838530518186,5.6460113202039475,4.37441800281355,91.74562635822545,0.0525317097919838,9
pooled_same_robot,pooled_same_robot:OV_V2_01_easy,V2,OV_V2_01_easy,raw_openvins_fit_bias,loglinear_covariance,AgACI-EWA,calibration_only,0.1,0.9,2070,0.9183574879227053,0.018357487922705307,4.588140301655674,5.690305596095092,4.3048456047918995,62.68460735918507,0.04978691019786926,10
pooled_same_robot,pooled_same_robot:OV_V2_01_easy,V2,OV_V2_01_easy,raw_openvins_fit_bias,loglinear_covariance_time,ACI,calibration_only,0.1,0.9,2070,0.8821256038647343,0.017874396135265758,4.482515694574295,5.569734804070096,4.346044319712148,88.07698484736646,0.05744799594114666,11
pooled_same_robot,pooled_same_robot:OV_V2_01_easy,V2,OV_V2_01_easy,raw_openvins_fit_bias,loglinear_covariance_time,AgACI-EWA,calibration_only,0.1,0.9,2070,0.908695652173913,0.008695652173912993,4.524312213030391,5.603888724598267,4.274260282900532,69.22911678107988,0.047503805175038195,11
pooled_same_robot,pooled_same_robot:OV_V2_01_easy,V2,OV_V2_01_easy,diagonal_openvins,constant,ACI,calibration_only,0.1,0.9,2070,0.7685990338164251,0.13140096618357489,3.154651634477826,5.027575497464204,3.1611360747387653,33.22106163466647,0.15146118721461174,25
pooled_same_robot,pooled_same_robot:OV_V2_01_easy,V2,OV_V2_01_easy,diagonal_openvins,constant,AgACI-EWA,calibration_only,0.1,0.9,2070,0.7971014492753623,0.10289855072463772,3.2062969989468053,5.022728214940862,3.0717176292188957,32.87997612611577,0.12534246575342453,17
pooled_same_robot,pooled_same_robot:OV_V2_01_easy,V2,OV_V2_01_easy,diagonal_openvins,loglinear_covariance,ACI,calibration_only,0.1,0.9,2070,0.8869565217391304,0.013043478260869601,3.066439024528634,5.257988326335362,3.1923169840117067,35.95490846438158,0.03652460679857935,11
pooled_same_robot,pooled_same_robot:OV_V2_01_easy,V2,OV_V2_01_easy,diagonal_openvins,loglinear_covariance,AgACI-EWA,calibration_only,0.1,0.9,2070,0.9135265700483092,0.01352657004830915,3.1530344787810485,5.033337790353352,3.1563560721499337,34.788098508169774,0.0337544393708779,8
pooled_same_robot,pooled_same_robot:OV_V2_01_easy,V2,OV_V2_01_easy,diagonal_openvins,loglinear_covariance_time,ACI,calibration_only,0.1,0.9,2070,0.8884057971014493,0.011594202898550732,3.0677669203679923,5.267527371758196,3.195823055491075,36.02849506470826,0.03692541856925413,12
pooled_same_robot,pooled_same_robot:OV_V2_01_easy,V2,OV_V2_01_easy,diagonal_openvins,loglinear_covariance_time,AgACI-EWA,calibration_only,0.1,0.9,2070,0.9183574879227053,0.018357487922705307,3.090275192407992,4.969725832029293,3.1185161932397936,34.38777860576853,0.03367833587011688,8
pooled_same_robot,pooled_same_robot:OV_V2_01_easy,V2,OV_V2_01_easy,diagonal_openvins_fit_bias,constant,ACI,calibration_only,0.1,0.9,2070,0.8053140096618358,0.09468599033816427,3.157473910931108,5.214763832097745,3.196540328272873,33.7972776112622,0.1170877727042109,24
pooled_same_robot,pooled_same_robot:OV_V2_01_easy,V2,OV_V2_01_easy,diagonal_openvins_fit_bias,constant,AgACI-EWA,calibration_only,0.1,0.9,2070,0.8299516908212561,0.07004830917874394,3.254498433448088,5.1965335354785624,3.147024485036974,33.88159374027844,0.09036022323693539,13
pooled_same_robot,pooled_same_robot:OV_V2_01_easy,V2,OV_V2_01_easy,diagonal_openvins_fit_bias,loglinear_covariance,ACI,calibration_only,0.1,0.9,2070,0.8367149758454107,0.06328502415458936,2.9812076160870733,5.982164436095903,3.4113152423316397,45.70215001093968,0.08433282597666143,13
pooled_same_robot,pooled_same_robot:OV_V2_01_easy,V2,OV_V2_01_easy,diagonal_openvins_fit_bias,loglinear_covariance,AgACI-EWA,calibration_only,0.1,0.9,2070,0.8990338164251208,0.0009661835748792091,3.159074372068848,5.328132353948512,3.279530267782485,39.11533128789724,0.04420598680872658,7
pooled_same_robot,pooled_same_robot:OV_V2_01_easy,V2,OV_V2_01_easy,diagonal_openvins_fit_bias,loglinear_covariance_time,ACI,calibration_only,0.1,0.9,2070,0.8386473429951691,0.061352657004830946,2.9680310712778386,5.914387441122722,3.4111754323982577,46.203075411330666,0.08291222729578879,14
pooled_same_robot,pooled_same_robot:OV_V2_01_easy,V2,OV_V2_01_easy,diagonal_openvins_fit_bias,loglinear_covariance_time,AgACI-EWA,calibration_only,0.1,0.9,2070,0.8966183574879227,0.0033816425120772875,3.1497359275222,5.269418636549596,3.267557519597869,38.92720301076191,0.04586504312531715,11
pooled_same_robot,pooled_same_robot:OV_V2_01_easy,V2,OV_V2_01_easy,standardized_correlation,constant,ACI,calibration_only,0.1,0.9,2070,0.893719806763285,0.006280193236715026,1.6158577214942755,3.7766872993804093,1.9261212290329146,5.453994794142648,0.05107559614408933,21
pooled_same_robot,pooled_same_robot:OV_V2_01_easy,V2,OV_V2_01_easy,standardized_correlation,constant,AgACI-EWA,calibration_only,0.1,0.9,2070,0.9178743961352657,0.017874396135265647,1.7625005579347661,3.290139826898409,1.735518040731792,4.910892990174145,0.03663115169964503,10
pooled_same_robot,pooled_same_robot:OV_V2_01_easy,V2,OV_V2_01_easy,standardized_correlation,constant,ACI,recent_100,0.1,0.9,2070,0.8956521739130435,0.004347826086956497,2.2627364790593276,3.236710379914638,1.84864390569171,4.869728327424193,0.07297818366311527,19
pooled_same_robot,pooled_same_robot:OV_V2_01_easy,V2,OV_V2_01_easy,standardized_correlation,constant,AgACI-EWA,recent_100,0.1,0.9,2070,0.8748792270531401,0.02512077294685988,1.799114817627316,3.0236024214645445,1.5473106209559795,4.433989169371695,0.06457635717909692,12
pooled_same_robot,pooled_same_robot:OV_V2_01_easy,V2,OV_V2_01_easy,standardized_correlation,constant,ACI,recent_300,0.1,0.9,2070,0.8956521739130435,0.004347826086956497,2.2389714469499578,3.1258730184740933,1.8942154568528264,4.89579523878609,0.08547945205479464,16
pooled_same_robot,pooled_same_robot:OV_V2_01_easy,V2,OV_V2_01_easy,standardized_correlation,constant,AgACI-EWA,recent_300,0.1,0.9,2070,0.8879227053140096,0.012077294685990392,1.7926772348122635,2.8454704731306397,1.5184114360296346,4.368468556107364,0.058995433789954366,13
pooled_same_robot,pooled_same_robot:OV_V2_01_easy,V2,OV_V2_01_easy,standardized_correlation,loglinear_covariance,ACI,calibration_only,0.1,0.9,2070,0.8966183574879227,0.0033816425120772875,1.5531823428990976,2.69839615931648,1.4580744186220316,4.225085488917057,0.06768138001014726,20
pooled_same_robot,pooled_same_robot:OV_V2_01_easy,V2,OV_V2_01_easy,standardized_correlation,loglinear_covariance,AgACI-EWA,calibration_only,0.1,0.9,2070,0.9231884057971015,0.023188405797101463,1.1985249992249591,3.071598521132215,1.3005760840918879,4.262396462989891,0.04114155251141571,7
pooled_same_robot,pooled_same_robot:OV_V2_01_easy,V2,OV_V2_01_easy,standardized_correlation,loglinear_covariance,ACI,recent_100,0.1,0.9,2070,0.8864734299516909,0.01352657004830915,1.8274848724562545,2.9210904377764226,1.5287015282296041,4.37635226298295,0.09062404870624058,26
pooled_same_robot,pooled_same_robot:OV_V2_01_easy,V2,OV_V2_01_easy,standardized_correlation,loglinear_covariance,AgACI-EWA,recent_100,0.1,0.9,2070,0.8579710144927536,0.04202898550724643,1.4827749948473157,2.6785878755091086,1.2719186304514942,4.045788467816534,0.09109589041095892,27
pooled_same_robot,pooled_same_robot:OV_V2_01_easy,V2,OV_V2_01_easy,standardized_correlation,loglinear_covariance,ACI,recent_300,0.1,0.9,2070,0.893719806763285,0.006280193236715026,1.8901767616114253,2.8791475229171466,1.6360435980745662,4.505583004408572,0.10480974124809754,19
pooled_same_robot,pooled_same_robot:OV_V2_01_easy,V2,OV_V2_01_easy,standardized_correlation,loglinear_covariance,AgACI-EWA,recent_300,0.1,0.9,2070,0.8797101449275362,0.020289855072463836,1.4462913351061601,2.616651342739098,1.24955757632279,3.9967182807539103,0.07232876712328774,21
pooled_same_robot,pooled_same_robot:OV_V2_01_easy,V2,OV_V2_01_easy,standardized_correlation,loglinear_covariance_time,ACI,calibration_only,0.1,0.9,2070,0.8971014492753623,0.0028985507246377384,1.5813210719077477,2.689644127628745,1.46605703671459,4.231166013855737,0.06636225266362265,20
pooled_same_robot,pooled_same_robot:OV_V2_01_easy,V2,OV_V2_01_easy,standardized_correlation,loglinear_covariance_time,AgACI-EWA,calibration_only,0.1,0.9,2070,0.923671497584541,0.023671497584541012,1.243547630309231,2.9803164634095274,1.3040132107583997,4.2355364963390985,0.03713343480466791,7
pooled_same_robot,pooled_same_robot:OV_V2_01_easy,V2,OV_V2_01_easy,standardized_correlation,loglinear_covariance_time,ACI,recent_100,0.1,0.9,2070,0.8879227053140096,0.012077294685990392,1.8497273934101877,2.928753501960101,1.5402794149250902,4.392160768883562,0.08987316083206504,26
pooled_same_robot,pooled_same_robot:OV_V2_01_easy,V2,OV_V2_01_easy,standardized_correlation,loglinear_covariance_time,AgACI-EWA,recent_100,0.1,0.9,2070,0.8594202898550725,0.04057971014492756,1.4849835666411342,2.684141296041373,1.27741941149236,4.053098197451307,0.0884424150177575,26
pooled_same_robot,pooled_same_robot:OV_V2_01_easy,V2,OV_V2_01_easy,standardized_correlation,loglinear_covariance_time,ACI,recent_300,0.1,0.9,2070,0.8951690821256039,0.004830917874396157,1.9177510827440942,2.8822439635521584,1.6513436072463565,4.52712257690644,0.10279046169457141,19
pooled_same_robot,pooled_same_robot:OV_V2_01_easy,V2,OV_V2_01_easy,standardized_correlation,loglinear_covariance_time,AgACI-EWA,recent_300,0.1,0.9,2070,0.8806763285024155,0.019323671497584516,1.4701009916514853,2.618531444913136,1.2576206075829333,4.00726858599676,0.07066971080669718,21
pooled_same_robot,pooled_same_robot:OV_V2_01_easy,V2,OV_V2_01_easy,whitened_correlation,constant,ACI,calibration_only,0.1,0.9,2070,0.7797101449275362,0.12028985507246381,4.397649191401529,12.109239736608355,5.352154785125942,10.970151290862509,0.16213089802130887,25
pooled_same_robot,pooled_same_robot:OV_V2_01_easy,V2,OV_V2_01_easy,whitened_correlation,constant,AgACI-EWA,calibration_only,0.1,0.9,2070,0.8536231884057971,0.04637681159420293,4.451934406935537,11.836289131401722,5.078182536297341,8.717171868648611,0.1041400304414003,17
pooled_same_robot,pooled_same_robot:OV_V2_01_easy,V2,OV_V2_01_easy,whitened_correlation,loglinear_covariance,ACI,calibration_only,0.1,0.9,2070,0.8927536231884058,0.007246376811594235,4.4633004185206175,5.5428783532767225,4.396278648881153,4.044563659890011,0.05937087772704216,21
pooled_same_robot,pooled_same_robot:OV_V2_01_easy,V2,OV_V2_01_easy,whitened_correlation,loglinear_covariance,AgACI-EWA,calibration_only,0.1,0.9,2070,0.9304347826086956,0.030434782608695587,4.475564050529453,5.556311657740199,4.259755639633999,4.035051865541625,0.04479452054794542,9
pooled_same_robot,pooled_same_robot:OV_V2_01_easy,V2,OV_V2_01_easy,whitened_correlation,loglinear_covariance_time,ACI,calibration_only,0.1,0.9,2070,0.9019323671497584,0.0019323671497584183,4.404610765120797,5.350632207334039,4.310075572775052,3.81864516074551,0.06259766615931008,24
pooled_same_robot,pooled_same_robot:OV_V2_01_easy,V2,OV_V2_01_easy,whitened_correlation,loglinear_covariance_time,AgACI-EWA,calibration_only,0.1,0.9,2070,0.9314009661835749,0.03140096618357491,4.464367564616889,5.471870359779929,4.215611154781768,3.9593811389730327,0.04839167935058369,8
pooled_same_robot,pooled_same_robot:OV_V2_01_easy,V2,OV_V2_01_easy,correlation_shrink_0.25,constant,ACI,calibration_only,0.1,0.9,2070,0.7574879227053141,0.14251207729468596,3.586460290196584,5.115277811080783,3.4074615103997843,36.11932937362284,0.16996448503297806,34
pooled_same_robot,pooled_same_robot:OV_V2_01_easy,V2,OV_V2_01_easy,correlation_shrink_0.25,constant,AgACI-EWA,calibration_only,0.1,0.9,2070,0.7888888888888889,0.11111111111111116,3.606496342589942,5.076826927047596,3.317473993460589,35.73560038905208,0.13576864535768632,34
pooled_same_robot,pooled_same_robot:OV_V2_01_easy,V2,OV_V2_01_easy,correlation_shrink_0.25,loglinear_covariance,ACI,calibration_only,0.1,0.9,2070,0.721256038647343,0.17874396135265702,3.3517858585893157,4.47946189184157,3.161514881529407,33.132954831963325,0.21763571790969047,74
pooled_same_robot,pooled_same_robot:OV_V2_01_easy,V2,OV_V2_01_easy,correlation_shrink_0.25,loglinear_covariance,AgACI-EWA,calibration_only,0.1,0.9,2070,0.755072463768116,0.14492753623188404,3.4202702532221645,4.533703870552612,3.0720912121423143,32.7138481267063,0.19974632166413003,73
pooled_same_robot,pooled_same_robot:OV_V2_01_easy,V2,OV_V2_01_easy,correlation_shrink_0.25,loglinear_covariance_time,ACI,calibration_only,0.1,0.9,2070,0.7478260869565218,0.15217391304347827,3.362493385922032,4.527738970245437,3.212052401365287,33.77722440981728,0.18332318619989846,71
pooled_same_robot,pooled_same_robot:OV_V2_01_easy,V2,OV_V2_01_easy,correlation_shrink_0.25,loglinear_covariance_time,AgACI-EWA,calibration_only,0.1,0.9,2070,0.7835748792270532,0.11642512077294687,3.4503412537322893,4.622849200558754,3.1090229196919696,33.35053894263628,0.16577879249112137,73
pooled_same_robot,pooled_same_robot:OV_V2_01_easy,V2,OV_V2_01_easy,correlation_shrink_0.25_fit_bias,constant,ACI,calibration_only,0.1,0.9,2070,0.806280193236715,0.09371980676328506,3.5654690748927873,5.3274691495487385,3.438559637707667,36.77866019345909,0.12188229325215612,28
pooled_same_robot,pooled_same_robot:OV_V2_01_easy,V2,OV_V2_01_easy,correlation_shrink_0.25_fit_bias,constant,AgACI-EWA,calibration_only,0.1,0.9,2070,0.851207729468599,0.048792270531401005,3.6457772556489987,5.263467395368246,3.4004591598150187,36.96891577369343,0.08133434804667679,12
pooled_same_robot,pooled_same_robot:OV_V2_01_easy,V2,OV_V2_01_easy,correlation_shrink_0.25_fit_bias,loglinear_covariance,ACI,calibration_only,0.1,0.9,2070,0.7618357487922706,0.13816425120772946,3.4000098531179965,4.4960689911814296,3.2218641445488245,33.65593660157507,0.17602739726027392,61
pooled_same_robot,pooled_same_robot:OV_V2_01_easy,V2,OV_V2_01_easy,correlation_shrink_0.25_fit_bias,loglinear_covariance,AgACI-EWA,calibration_only,0.1,0.9,2070,0.7681159420289855,0.13188405797101455,3.489053958239656,4.550364410026171,3.072636443712441,32.872656211595896,0.1785946220192796,60
pooled_same_robot,pooled_same_robot:OV_V2_01_easy,V2,OV_V2_01_easy,correlation_shrink_0.25_fit_bias,loglinear_covariance_time,ACI,calibration_only,0.1,0.9,2070,0.763768115942029,0.13623188405797104,3.388267933574223,4.5130153130204995,3.225031788385311,33.69224002594581,0.17403855910705218,61
pooled_same_robot,pooled_same_robot:OV_V2_01_easy,V2,OV_V2_01_easy,correlation_shrink_0.25_fit_bias,loglinear_covariance_time,AgACI-EWA,calibration_only,0.1,0.9,2070,0.7690821256038647,0.13091787439613534,3.4592347789317612,4.555365435087859,3.1063190291410794,33.07361855858832,0.18019279553526138,60
pooled_same_robot,pooled_same_robot:OV_V2_01_easy,V2,OV_V2_01_easy,correlation_shrink_0.50,constant,ACI,calibration_only,0.1,0.9,2070,0.7594202898550725,0.14057971014492754,3.3299126347628505,5.06982042013149,3.2661403895181835,34.46154881974861,0.16278031456113634,25
pooled_same_robot,pooled_same_robot:OV_V2_01_easy,V2,OV_V2_01_easy,correlation_shrink_0.50,constant,AgACI-EWA,calibration_only,0.1,0.9,2070,0.7884057971014493,0.11159420289855071,3.372855815660187,5.070630733613934,3.169618510795539,34.12750160579816,0.13843734145103997,26
pooled_same_robot,pooled_same_robot:OV_V2_01_easy,V2,OV_V2_01_easy,correlation_shrink_0.50,loglinear_covariance,ACI,calibration_only,0.1,0.9,2070,0.7314009661835749,0.16859903381642516,3.120671712180248,4.506459167797719,2.988334600916437,31.481791267104956,0.20297818366311507,50
pooled_same_robot,pooled_same_robot:OV_V2_01_easy,V2,OV_V2_01_easy,correlation_shrink_0.50,loglinear_covariance,AgACI-EWA,calibration_only,0.1,0.9,2070,0.7734299516908213,0.12657004830917873,3.0984971288363967,4.550755769414276,2.8997510218005376,31.065560336580415,0.18386605783866064,50
pooled_same_robot,pooled_same_robot:OV_V2_01_easy,V2,OV_V2_01_easy,correlation_shrink_0.50,loglinear_covariance_time,ACI,calibration_only,0.1,0.9,2070,0.7410628019323672,0.15893719806763285,3.1200720535580713,4.567550607443346,3.0038645936181734,31.68991611634998,0.18729578893962448,49
pooled_same_robot,pooled_same_robot:OV_V2_01_easy,V2,OV_V2_01_easy,correlation_shrink_0.50,loglinear_covariance_time,AgACI-EWA,calibration_only,0.1,0.9,2070,0.7710144927536232,0.1289855072463768,3.1069220425143023,4.606615144610644,2.9178061497975167,31.325170486456642,0.18313546423135474,53
pooled_same_robot,pooled_same_robot:OV_V2_01_easy,V2,OV_V2_01_easy,correlation_shrink_0.50_fit_bias,constant,ACI,calibration_only,0.1,0.9,2070,0.7995169082125604,0.10048309178743964,3.3544633617486577,5.2792758047925386,3.3029061578423917,35.12763283151489,0.12519533231861982,25
pooled_same_robot,pooled_same_robot:OV_V2_01_easy,V2,OV_V2_01_easy,correlation_shrink_0.50_fit_bias,constant,AgACI-EWA,calibration_only,0.1,0.9,2070,0.8391304347826087,0.060869565217391286,3.412739631338056,5.268964687522265,3.2589512294736616,35.1673071431955,0.0891679350583459,12
pooled_same_robot,pooled_same_robot:OV_V2_01_easy,V2,OV_V2_01_easy,correlation_shrink_0.50_fit_bias,loglinear_covariance,ACI,calibration_only,0.1,0.9,2070,0.7072463768115942,0.19275362318840583,3.111385140988067,4.299685952768677,2.9587240413857208,30.699964777291914,0.23187721968543884,78
pooled_same_robot,pooled_same_robot:OV_V2_01_easy,V2,OV_V2_01_easy,correlation_shrink_0.50_fit_bias,loglinear_covariance,AgACI-EWA,calibration_only,0.1,0.9,2070,0.6956521739130435,0.20434782608695656,3.1070486479990755,4.362043170628529,2.797576412131979,29.968193202451697,0.24308472856418062,78
pooled_same_robot,pooled_same_robot:OV_V2_01_easy,V2,OV_V2_01_easy,correlation_shrink_0.50_fit_bias,loglinear_covariance_time,ACI,calibration_only,0.1,0.9,2070,0.7096618357487923,0.19033816425120775,3.1084933873127145,4.304670591478036,2.9566346176051557,30.670015061644232,0.22892440385591067,77
pooled_same_robot,pooled_same_robot:OV_V2_01_easy,V2,OV_V2_01_easy,correlation_shrink_0.50_fit_bias,loglinear_covariance_time,AgACI-EWA,calibration_only,0.1,0.9,2070,0.7048309178743961,0.1951690821256039,3.10640427550831,4.358563404430027,2.814559445024746,30.012279259620882,0.23944190766108583,78
pooled_same_robot,pooled_same_robot:OV_V2_01_easy,V2,OV_V2_01_easy,correlation_shrink_0.75,constant,ACI,calibration_only,0.1,0.9,2070,0.7632850241545893,0.1367149758454107,3.1894385283772726,5.047108005392195,3.1943262266844554,33.608071310901146,0.15712328767123274,25
pooled_same_robot,pooled_same_robot:OV_V2_01_easy,V2,OV_V2_01_easy,correlation_shrink_0.75,constant,AgACI-EWA,calibration_only,0.1,0.9,2070,0.7961352657004831,0.10386473429951693,3.270550491135155,5.0272224698504235,3.1070368368670156,33.25844534340019,0.1266818873668187,21
pooled_same_robot,pooled_same_robot:OV_V2_01_easy,V2,OV_V2_01_easy,correlation_shrink_0.75,loglinear_covariance,ACI,calibration_only,0.1,0.9,2070,0.8570048309178744,0.04299516908212564,2.9908115524410377,5.269041345589456,3.166629202567596,35.7554691917265,0.06623033992896993,12
pooled_same_robot,pooled_same_robot:OV_V2_01_easy,V2,OV_V2_01_easy,correlation_shrink_0.75,loglinear_covariance,AgACI-EWA,calibration_only,0.1,0.9,2070,0.9096618357487922,0.009661835748792202,3.045161261434859,5.31024129465608,3.1489562764344132,35.49345429079912,0.044327752409944285,9
pooled_same_robot,pooled_same_robot:OV_V2_01_easy,V2,OV_V2_01_easy,correlation_shrink_0.75,loglinear_covariance_time,ACI,calibration_only,0.1,0.9,2070,0.8632850241545894,0.03671497584541061,3.048654702112043,5.249004488255552,3.1844734345938646,36.047910956384605,0.06154236428209017,14
pooled_same_robot,pooled_same_robot:OV_V2_01_easy,V2,OV_V2_01_easy,correlation_shrink_0.75,loglinear_covariance_time,AgACI-EWA,calibration_only,0.1,0.9,2070,0.9077294685990338,0.007729468599033784,3.0868717054353283,5.331582150368342,3.1538110693441688,35.85856597040945,0.04250126839167947,9
pooled_same_robot,pooled_same_robot:OV_V2_01_easy,V2,OV_V2_01_easy,correlation_shrink_0.75_fit_bias,constant,ACI,calibration_only,0.1,0.9,2070,0.8033816425120773,0.09661835748792269,3.1833690593919695,5.240556644075005,3.2120207113194303,34.05017758838292,0.11987823439878219,24
pooled_same_robot,pooled_same_robot:OV_V2_01_easy,V2,OV_V2_01_easy,correlation_shrink_0.75_fit_bias,constant,AgACI-EWA,calibration_only,0.1,0.9,2070,0.8342995169082126,0.06570048309178744,3.307249802806184,5.2297217627157,3.1719711010901714,34.200809011930865,0.09074074074074061,13
pooled_same_robot,pooled_same_robot:OV_V2_01_easy,V2,OV_V2_01_easy,correlation_shrink_0.75_fit_bias,loglinear_covariance,ACI,calibration_only,0.1,0.9,2070,0.8096618357487922,0.09033816425120778,2.9934018336051196,7.263916425826479,3.3657279250410554,42.542617631415865,0.11154743784880758,14
pooled_same_robot,pooled_same_robot:OV_V2_01_easy,V2,OV_V2_01_easy,correlation_shrink_0.75_fit_bias,loglinear_covariance,AgACI-EWA,calibration_only,0.1,0.9,2070,0.8840579710144928,0.01594202898550723,3.1161207736306764,6.321691438833317,3.3738016629330976,40.97176867872767,0.05512430238457634,8
pooled_same_robot,pooled_same_robot:OV_V2_01_easy,V2,OV_V2_01_easy,correlation_shrink_0.75_fit_bias,loglinear_covariance_time,ACI,calibration_only,0.1,0.9,2070,0.8115942028985508,0.08840579710144925,2.997205609568952,7.339839189897607,3.368799715630005,42.86093412319887,0.11133434804667668,16
pooled_same_robot,pooled_same_robot:OV_V2_01_easy,V2,OV_V2_01_easy,correlation_shrink_0.75_fit_bias,loglinear_covariance_time,AgACI-EWA,calibration_only,0.1,0.9,2070,0.8879227053140096,0.012077294685990392,3.1119948745503763,6.128984010014593,3.3689239279252416,40.98572462362084,0.054287163876205004,7
pooled_same_robot,pooled_same_robot:OV_V2_01_easy,V2,OV_V2_01_easy,normalized_empirical_blend_0.25,constant,ACI,calibration_only,0.1,0.9,2070,0.9062801932367149,0.006280193236714915,-3.24858742151107,-2.4557917074891806,-3.152862166811839,3.7438879634958053,0.06972095383054297,16
pooled_same_robot,pooled_same_robot:OV_V2_01_easy,V2,OV_V2_01_easy,normalized_empirical_blend_0.25,constant,AgACI-EWA,calibration_only,0.1,0.9,2070,0.938647342995169,0.03864734299516903,-3.287071259231068,-2.392531340469572,-3.3052431235624478,3.598396949630249,0.04346524606798609,9
pooled_same_robot,pooled_same_robot:OV_V2_01_easy,V2,OV_V2_01_easy,normalized_empirical_blend_0.25,loglinear_covariance,ACI,calibration_only,0.1,0.9,2070,0.9014492753623189,0.0014492753623188692,-3.111590717154703,-2.533185102385723,-3.114351553897284,3.7724742058685834,0.07229325215626596,16
pooled_same_robot,pooled_same_robot:OV_V2_01_easy,V2,OV_V2_01_easy,normalized_empirical_blend_0.25,loglinear_covariance,AgACI-EWA,calibration_only,0.1,0.9,2070,0.9285024154589372,0.02850241545893717,-3.29269946948071,-2.483806135897957,-3.2954739769546624,3.5977091761252438,0.04521562658548979,11
pooled_same_robot,pooled_same_robot:OV_V2_01_easy,V2,OV_V2_01_easy,normalized_empirical_blend_0.25,loglinear_covariance_time,ACI,calibration_only,0.1,0.9,2070,0.8995169082125604,0.0004830917874396601,-3.107272936578188,-2.4977979618211497,-3.1044891175348686,3.7904874312443484,0.07343987823439883,16
pooled_same_robot,pooled_same_robot:OV_V2_01_easy,V2,OV_V2_01_easy,normalized_empirical_blend_0.25,loglinear_covariance_time,AgACI-EWA,calibration_only,0.1,0.9,2070,0.9299516908212561,0.02995169082125604,-3.297970871852366,-2.4275431366028952,-3.2804612638373527,3.6299873163056295,0.04600202942668715,14
pooled_same_robot,pooled_same_robot:OV_V2_01_easy,V2,OV_V2_01_easy,normalized_empirical_blend_0.50,constant,ACI,calibration_only,0.1,0.9,2070,0.9019323671497584,0.0019323671497584183,-2.8422843328656655,-2.33828477935416,-2.856190899986687,4.2278783865449014,0.07221207508878752,15
pooled_same_robot,pooled_same_robot:OV_V2_01_easy,V2,OV_V2_01_easy,normalized_empirical_blend_0.50,constant,AgACI-EWA,calibration_only,0.1,0.9,2070,0.9381642512077295,0.03816425120772948,-2.928828441285786,-2.2327760690629956,-2.994100206034342,4.089355384188143,0.04731100963977705,16
pooled_same_robot,pooled_same_robot:OV_V2_01_easy,V2,OV_V2_01_easy,normalized_empirical_blend_0.50,constant,ACI,recent_100,0.1,0.9,2070,0.8444444444444444,0.05555555555555558,-2.731813113209123,-2.2666559718220625,-2.789068538865978,4.336903031688986,0.12175545408422121,27
pooled_same_robot,pooled_same_robot:OV_V2_01_easy,V2,OV_V2_01_easy,normalized_empirical_blend_0.50,constant,AgACI-EWA,recent_100,0.1,0.9,2070,0.8236714975845411,0.07632850241545897,-2.851060088088696,-2.3209099137427347,-2.938117920511398,4.1472917859569005,0.1293759512937595,20
pooled_same_robot,pooled_same_robot:OV_V2_01_easy,V2,OV_V2_01_easy,normalized_empirical_blend_0.50,constant,ACI,recent_300,0.1,0.9,2070,0.8879227053140096,0.012077294685990392,-2.627691310958072,-2.1740397072741624,-2.6951335479932075,4.454860798086548,0.11035007610350092,33
pooled_same_robot,pooled_same_robot:OV_V2_01_easy,V2,OV_V2_01_easy,normalized_empirical_blend_0.50,constant,AgACI-EWA,recent_300,0.1,0.9,2070,0.8913043478260869,0.008695652173913104,-2.8767854438173397,-2.3672292155368466,-2.9529728697646047,4.121057074614697,0.07973617453069518,17
pooled_same_robot,pooled_same_robot:OV_V2_01_easy,V2,OV_V2_01_easy,normalized_empirical_blend_0.50,loglinear_covariance,ACI,calibration_only,0.1,0.9,2070,0.8985507246376812,0.0014492753623188692,-2.845934068087006,-2.3342422906401845,-2.843961287415248,4.242409825351515,0.06954337899543389,15
pooled_same_robot,pooled_same_robot:OV_V2_01_easy,V2,OV_V2_01_easy,normalized_empirical_blend_0.50,loglinear_covariance,AgACI-EWA,calibration_only,0.1,0.9,2070,0.9439613526570049,0.04396135265700485,-2.9355277699854136,-2.184327947071621,-2.941993612589407,4.171029587923422,0.052176560121765914,14
pooled_same_robot,pooled_same_robot:OV_V2_01_easy,V2,OV_V2_01_easy,normalized_empirical_blend_0.50,loglinear_covariance,ACI,recent_100,0.1,0.9,2070,0.8386473429951691,0.061352657004830946,-2.6886915626935064,-2.2663577836663396,-2.7605635053007767,4.381940214655979,0.12102993404363266,22
pooled_same_robot,pooled_same_robot:OV_V2_01_easy,V2,OV_V2_01_easy,normalized_empirical_blend_0.50,loglinear_covariance,AgACI-EWA,recent_100,0.1,0.9,2070,0.8135265700483092,0.08647342995169083,-2.826940077632521,-2.332641302351897,-2.9158148514463713,4.1771218798356164,0.13584474885844747,22
pooled_same_robot,pooled_same_robot:OV_V2_01_easy,V2,OV_V2_01_easy,normalized_empirical_blend_0.50,loglinear_covariance,ACI,recent_300,0.1,0.9,2070,0.8884057971014493,0.011594202898550732,-2.5827010308230527,-2.289084860935296,-2.659941150207505,4.509685261197575,0.10541349568746845,37
pooled_same_robot,pooled_same_robot:OV_V2_01_easy,V2,OV_V2_01_easy,normalized_empirical_blend_0.50,loglinear_covariance,AgACI-EWA,recent_300,0.1,0.9,2070,0.8946859903381642,0.005314009661835817,-2.836340748221064,-2.3680717571291447,-2.913228931709944,4.1688392548179385,0.07854895991882302,17
pooled_same_robot,pooled_same_robot:OV_V2_01_easy,V2,OV_V2_01_easy,normalized_empirical_blend_0.50,loglinear_covariance_time,ACI,calibration_only,0.1,0.9,2070,0.8971014492753623,0.0028985507246377384,-2.791993776526681,-2.338169797204861,-2.8139151929075,4.288342919219962,0.06967529173008633,16
pooled_same_robot,pooled_same_robot:OV_V2_01_easy,V2,OV_V2_01_easy,normalized_empirical_blend_0.50,loglinear_covariance_time,AgACI-EWA,calibration_only,0.1,0.9,2070,0.9420289855072463,0.04202898550724632,-2.9341433463951527,-2.000105079874807,-2.90869582353778,4.238585200870386,0.05277524099441937,14
pooled_same_robot,pooled_same_robot:OV_V2_01_easy,V2,OV_V2_01_easy,normalized_empirical_blend_0.50,loglinear_covariance_time,ACI,recent_100,0.1,0.9,2070,0.8280193236714976,0.07198067632850247,-2.648341824982321,-2.2242005489186103,-2.7462811078280502,4.405145113377697,0.13253678335870112,23
pooled_same_robot,pooled_same_robot:OV_V2_01_easy,V2,OV_V2_01_easy,normalized_empirical_blend_0.50,loglinear_covariance_time,AgACI-EWA,recent_100,0.1,0.9,2070,0.8038647342995169,0.09613526570048314,-2.787105047516486,-2.2957864929145066,-2.912120168279859,4.18484692038775,0.14174023338406894,22
pooled_same_robot,pooled_same_robot:OV_V2_01_easy,V2,OV_V2_01_easy,normalized_empirical_blend_0.50,loglinear_covariance_time,ACI,recent_300,0.1,0.9,2070,0.8869565217391304,0.013043478260869601,-2.5574241780957276,-2.245495381144225,-2.647839071383015,4.530971864274399,0.10680365296803665,34
pooled_same_robot,pooled_same_robot:OV_V2_01_easy,V2,OV_V2_01_easy,normalized_empirical_blend_0.50,loglinear_covariance_time,AgACI-EWA,recent_300,0.1,0.9,2070,0.8898550724637682,0.010144927536231862,-2.8361253316602597,-2.354328440308438,-2.9159934188511474,4.167615751503813,0.07796549974632173,17
pooled_same_robot,pooled_same_robot:OV_V2_01_easy,V2,OV_V2_01_easy,normalized_empirical_blend_0.75,constant,ACI,calibration_only,0.1,0.9,2070,0.8980676328502415,0.0019323671497585293,-2.305036540944022,-1.679184162828768,-2.2610231643051573,5.493926100898568,0.06918822932521572,17
pooled_same_robot,pooled_same_robot:OV_V2_01_easy,V2,OV_V2_01_easy,normalized_empirical_blend_0.75,constant,AgACI-EWA,calibration_only,0.1,0.9,2070,0.9531400966183575,0.0531400966183575,-2.346249178550388,-1.4836014257686236,-2.3361496332332305,5.453482561677455,0.06100963977676341,13
pooled_same_robot,pooled_same_robot:OV_V2_01_easy,V2,OV_V2_01_easy,normalized_empirical_blend_0.75,loglinear_covariance,ACI,calibration_only,0.1,0.9,2070,0.8966183574879227,0.0033816425120772875,-2.299724043145403,-1.6333692157621704,-2.26781572852082,5.491190119935948,0.06454591577879257,17
pooled_same_robot,pooled_same_robot:OV_V2_01_easy,V2,OV_V2_01_easy,normalized_empirical_blend_0.75,loglinear_covariance,AgACI-EWA,calibration_only,0.1,0.9,2070,0.9478260869565217,0.047826086956521685,-2.3479959827813124,-1.4450172883777934,-2.2856497354850855,5.521593114373037,0.059558599695586335,16
pooled_same_robot,pooled_same_robot:OV_V2_01_easy,V2,OV_V2_01_easy,normalized_empirical_blend_0.75,loglinear_covariance_time,ACI,calibration_only,0.1,0.9,2070,0.8961352657004831,0.0038647342995169476,-2.3382243982845,-1.5518431383944307,-2.2689797670678593,5.498492207873386,0.059665144596651516,19
pooled_same_robot,pooled_same_robot:OV_V2_01_easy,V2,OV_V2_01_easy,normalized_empirical_blend_0.75,loglinear_covariance_time,AgACI-EWA,calibration_only,0.1,0.9,2070,0.9541062801932367,0.05410628019323671,-2.3579608323024606,-1.366875930149264,-2.2669318814734822,5.559542018058315,0.06543886352105563,15
pooled_same_robot,pooled_same_robot:OV_V2_02_medium,V2,OV_V2_02_medium,raw_openvins,constant,ACI,calibration_only,0.1,0.9,2249,0.8950644730991552,0.0049355269008448666,3.2685257578165032,4.731233836435906,3.437907264937606,44.91412914664396,0.08830232558139552,30
pooled_same_robot,pooled_same_robot:OV_V2_02_medium,V2,OV_V2_02_medium,raw_openvins,constant,AgACI-EWA,calibration_only,0.1,0.9,2249,0.9088483770564696,0.00884837705646957,3.1551666556718327,4.780529444419218,3.3080101980453662,49.19808826672185,0.05765116279069784,18
pooled_same_robot,pooled_same_robot:OV_V2_02_medium,V2,OV_V2_02_medium,raw_openvins,constant,ACI,recent_100,0.1,0.9,2249,0.8270342374388617,0.07296576256113829,3.678857344569753,4.813884246114011,3.4590857982097267,37.26356913520048,0.17125581395348854,60
pooled_same_robot,pooled_same_robot:OV_V2_02_medium,V2,OV_V2_02_medium,raw_openvins,constant,AgACI-EWA,recent_100,0.1,0.9,2249,0.7999110715873722,0.10008892841262784,3.376926098075492,4.755728533232713,3.2486046115729486,46.28888024333994,0.1622837209302327,60
pooled_same_robot,pooled_same_robot:OV_V2_02_medium,V2,OV_V2_02_medium,raw_openvins,constant,ACI,recent_300,0.1,0.9,2249,0.8648288128056915,0.03517118719430856,4.106967842401593,4.815491017307379,3.785972564884999,40.80257800600075,0.15086511627906993,51
pooled_same_robot,pooled_same_robot:OV_V2_02_medium,V2,OV_V2_02_medium,raw_openvins,constant,AgACI-EWA,recent_300,0.1,0.9,2249,0.8385949310804802,0.0614050689195198,3.3160278678555937,4.693944339389413,3.184964617563931,34.198550507857064,0.12367441860465131,43
pooled_same_robot,pooled_same_robot:OV_V2_02_medium,V2,OV_V2_02_medium,raw_openvins,loglinear_covariance,ACI,calibration_only,0.1,0.9,2249,0.8986216096042685,0.0013783903957315102,4.23666714077987,5.386136654730335,4.002094181183933,45.027538382374615,0.08530232558139544,14
pooled_same_robot,pooled_same_robot:OV_V2_02_medium,V2,OV_V2_02_medium,raw_openvins,loglinear_covariance,AgACI-EWA,calibration_only,0.1,0.9,2249,0.904846598488217,0.004846598488217002,4.000945513538387,5.368243677061942,3.72534392398025,42.38351698582818,0.04746976744186055,10
pooled_same_robot,pooled_same_robot:OV_V2_02_medium,V2,OV_V2_02_medium,raw_openvins,loglinear_covariance,ACI,recent_100,0.1,0.9,2249,0.891951978657181,0.008048021342819012,4.199724317207682,5.6066384579877395,3.931861660480346,295.2058398146442,0.058800000000000074,30
pooled_same_robot,pooled_same_robot:OV_V2_02_medium,V2,OV_V2_02_medium,raw_openvins,loglinear_covariance,AgACI-EWA,recent_100,0.1,0.9,2249,0.8883948421520675,0.011605157847932479,4.1533699411864,5.595462394934738,3.839535659935327,88.06133243004706,0.0659023255813954,43
pooled_same_robot,pooled_same_robot:OV_V2_02_medium,V2,OV_V2_02_medium,raw_openvins,loglinear_covariance,ACI,recent_300,0.1,0.9,2249,0.897287683414851,0.0027123165851490327,4.255465408722992,5.467027774454815,3.973165438004899,45.00909552933638,0.07957209302325596,34
pooled_same_robot,pooled_same_robot:OV_V2_02_medium,V2,OV_V2_02_medium,raw_openvins,loglinear_covariance,AgACI-EWA,recent_300,0.1,0.9,2249,0.8888394842152068,0.011160515784793268,3.8977492384149777,5.205410018867902,3.6476734560408284,90.64546376445941,0.04788372093023252,11
pooled_same_robot,pooled_same_robot:OV_V2_02_medium,V2,OV_V2_02_medium,raw_openvins,loglinear_covariance_time,ACI,calibration_only,0.1,0.9,2249,0.8963983992885727,0.003601600711427344,4.266386839774748,5.394898599453849,3.9722200661224853,44.91292942176655,0.07511162790697677,12
pooled_same_robot,pooled_same_robot:OV_V2_02_medium,V2,OV_V2_02_medium,raw_openvins,loglinear_covariance_time,AgACI-EWA,calibration_only,0.1,0.9,2249,0.9052912405513561,0.005291240551356102,3.6412702761509887,5.341155818676895,3.5718037151711646,41.38368612868424,0.03027441860465122,7
pooled_same_robot,pooled_same_robot:OV_V2_02_medium,V2,OV_V2_02_medium,raw_openvins,loglinear_covariance_time,ACI,recent_100,0.1,0.9,2249,0.8897287683414851,0.010271231658514957,4.141827618494496,5.569759537992921,3.9241227043233646,84.0068760035798,0.06627906976744197,20
pooled_same_robot,pooled_same_robot:OV_V2_02_medium,V2,OV_V2_02_medium,raw_openvins,loglinear_covariance_time,AgACI-EWA,recent_100,0.1,0.9,2249,0.8897287683414851,0.010271231658514957,4.050811279547229,5.515995516680638,3.835847619495704,54.337329490269155,0.06293953488372099,25
pooled_same_robot,pooled_same_robot:OV_V2_02_medium,V2,OV_V2_02_medium,raw_openvins,loglinear_covariance_time,ACI,recent_300,0.1,0.9,2249,0.8955091151622944,0.004490884837705655,4.256949956642508,5.536200182315415,4.050499086219152,74.64416278941204,0.06731627906976756,21
pooled_same_robot,pooled_same_robot:OV_V2_02_medium,V2,OV_V2_02_medium,raw_openvins,loglinear_covariance_time,AgACI-EWA,recent_300,0.1,0.9,2249,0.8910626945309026,0.008937305469097434,4.126371258829154,5.399295575659187,3.878606720419969,59.65838127229784,0.0728837209302326,14
pooled_same_robot,pooled_same_robot:OV_V2_02_medium,V2,OV_V2_02_medium,raw_openvins_fit_bias,constant,ACI,calibration_only,0.1,0.9,2249,0.8866162738995109,0.013383726100489102,4.7468167537778,5.86055727303392,5.014434044552539,208.50454612124864,0.061879069767441924,25
pooled_same_robot,pooled_same_robot:OV_V2_02_medium,V2,OV_V2_02_medium,raw_openvins_fit_bias,constant,AgACI-EWA,calibration_only,0.1,0.9,2249,0.904846598488217,0.004846598488217002,4.992547411963573,5.79531058806917,4.87818638302736,88.49656695067915,0.08086046511627921,41
pooled_same_robot,pooled_same_robot:OV_V2_02_medium,V2,OV_V2_02_medium,raw_openvins_fit_bias,loglinear_covariance,ACI,calibration_only,0.1,0.9,2249,0.8932859048465985,0.006714095153401489,5.0767530028465675,6.106056806714716,4.932992407825785,86.13446739920413,0.045386046511627975,19
pooled_same_robot,pooled_same_robot:OV_V2_02_medium,V2,OV_V2_02_medium,raw_openvins_fit_bias,loglinear_covariance,AgACI-EWA,calibration_only,0.1,0.9,2249,0.8959537572254336,0.004046242774566444,5.299335324072688,6.063156044968864,5.008779230264951,64.65616684218968,0.07040000000000003,13
pooled_same_robot,pooled_same_robot:OV_V2_02_medium,V2,OV_V2_02_medium,raw_openvins_fit_bias,loglinear_covariance_time,ACI,calibration_only,0.1,0.9,2249,0.8937305469097376,0.006269453090262389,5.085206268782928,6.07126671459695,4.950296539752348,90.59970022534424,0.04596744186046518,21
pooled_same_robot,pooled_same_robot:OV_V2_02_medium,V2,OV_V2_02_medium,raw_openvins_fit_bias,loglinear_covariance_time,AgACI-EWA,calibration_only,0.1,0.9,2249,0.8963983992885727,0.003601600711427344,5.3148282809420415,6.079886353453457,5.013424864758317,65.49854665465719,0.06391162790697681,16
pooled_same_robot,pooled_same_robot:OV_V2_02_medium,V2,OV_V2_02_medium,diagonal_openvins,constant,ACI,calibration_only,0.1,0.9,2249,0.9070698088039129,0.007069808803912836,0.3980307940932004,1.3785058153562568,0.423261589988589,13.016345840857003,0.07020930232558148,12
pooled_same_robot,pooled_same_robot:OV_V2_02_medium,V2,OV_V2_02_medium,diagonal_openvins,constant,AgACI-EWA,calibration_only,0.1,0.9,2249,0.9035126722987995,0.0035126722987994796,-0.2106032521239083,1.6169606784224795,-0.1102523320660005,11.542543211316637,0.03023255813953497,6
pooled_same_robot,pooled_same_robot:OV_V2_02_medium,V2,OV_V2_02_medium,diagonal_openvins,loglinear_covariance,ACI,calibration_only,0.1,0.9,2249,0.9172965762561138,0.017296576256113805,0.0720210947622455,2.017006810885836,-0.05719717726121365,12.118648219594093,0.09086976744186068,31
pooled_same_robot,pooled_same_robot:OV_V2_02_medium,V2,OV_V2_02_medium,diagonal_openvins,loglinear_covariance,AgACI-EWA,calibration_only,0.1,0.9,2249,0.9088483770564696,0.00884837705646957,-0.6637449859029161,1.7859949528631571,-0.7169569051678819,10.369780632069842,0.03689302325581406,7
pooled_same_robot,pooled_same_robot:OV_V2_02_medium,V2,OV_V2_02_medium,diagonal_openvins,loglinear_covariance_time,ACI,calibration_only,0.1,0.9,2249,0.9159626500666963,0.015962650066696282,0.09218831200823274,2.088632080723919,-0.04646837100814123,12.261025045034446,0.0915627906976746,31
pooled_same_robot,pooled_same_robot:OV_V2_02_medium,V2,OV_V2_02_medium,diagonal_openvins,loglinear_covariance_time,AgACI-EWA,calibration_only,0.1,0.9,2249,0.9097376611827479,0.009737661182747881,-0.6284129808695234,1.7786797226103417,-0.6926726780711766,10.455070655211223,0.036446511627907074,7
pooled_same_robot,pooled_same_robot:OV_V2_02_medium,V2,OV_V2_02_medium,diagonal_openvins_fit_bias,constant,ACI,calibration_only,0.1,0.9,2249,0.9017341040462428,0.001734104046242746,0.6844797165498129,2.0054655051383734,0.7577972245010597,14.792675152364149,0.07976279069767453,16
pooled_same_robot,pooled_same_robot:OV_V2_02_medium,V2,OV_V2_02_medium,diagonal_openvins_fit_bias,constant,AgACI-EWA,calibration_only,0.1,0.9,2249,0.8986216096042685,0.0013783903957315102,0.16382922697905933,2.1625932042507503,0.29748266211401797,13.63151434997429,0.033530232558139576,7
pooled_same_robot,pooled_same_robot:OV_V2_02_medium,V2,OV_V2_02_medium,diagonal_openvins_fit_bias,loglinear_covariance,ACI,calibration_only,0.1,0.9,2249,0.9141840818141396,0.014184081814139549,0.9683155416631344,2.885229091653876,0.8638790086498919,16.400436451161784,0.06535348837209319,18
pooled_same_robot,pooled_same_robot:OV_V2_02_medium,V2,OV_V2_02_medium,diagonal_openvins_fit_bias,loglinear_covariance,AgACI-EWA,calibration_only,0.1,0.9,2249,0.904846598488217,0.004846598488217002,0.3823461743280845,2.6263639381532613,0.31928716157748105,14.412888977534092,0.034483720930232706,9
pooled_same_robot,pooled_same_robot:OV_V2_02_medium,V2,OV_V2_02_medium,diagonal_openvins_fit_bias,loglinear_covariance_time,ACI,calibration_only,0.1,0.9,2249,0.9146287238772788,0.01462872387727876,0.9259611130362639,2.7500828545814264,0.813842331818583,15.970699857867098,0.07334418604651181,27
pooled_same_robot,pooled_same_robot:OV_V2_02_medium,V2,OV_V2_02_medium,diagonal_openvins_fit_bias,loglinear_covariance_time,AgACI-EWA,calibration_only,0.1,0.9,2249,0.9035126722987995,0.0035126722987994796,0.33752172429011296,2.480014517093376,0.23157538195219168,13.84342689335555,0.03314883720930246,9
pooled_same_robot,pooled_same_robot:OV_V2_02_medium,V2,OV_V2_02_medium,standardized_correlation,constant,ACI,calibration_only,0.1,0.9,2249,0.8963983992885727,0.003601600711427344,0.7926533903124287,1.8588910917953285,1.0181949170357771,3.6741132983783147,0.04514418604651169,21
pooled_same_robot,pooled_same_robot:OV_V2_02_medium,V2,OV_V2_02_medium,standardized_correlation,constant,AgACI-EWA,calibration_only,0.1,0.9,2249,0.9017341040462428,0.001734104046242746,0.6065169559095276,1.98893448519481,0.9037911272301647,3.8811692433822453,0.031162790697674483,12
pooled_same_robot,pooled_same_robot:OV_V2_02_medium,V2,OV_V2_02_medium,standardized_correlation,constant,ACI,recent_100,0.1,0.9,2249,0.8995108937305469,0.0004891062694530879,1.061109489886534,3.3817529429524256,1.4613185170062946,4.665221189266593,0.05036279069767451,29
pooled_same_robot,pooled_same_robot:OV_V2_02_medium,V2,OV_V2_02_medium,standardized_correlation,constant,AgACI-EWA,recent_100,0.1,0.9,2249,0.8803912850155625,0.019608714984437503,0.7059778582217566,2.367788274695846,1.0032685845757194,4.0493293828945145,0.04226511627906973,23
pooled_same_robot,pooled_same_robot:OV_V2_02_medium,V2,OV_V2_02_medium,standardized_correlation,constant,ACI,recent_300,0.1,0.9,2249,0.9004001778568252,0.00040017785682522344,0.9531184857339943,2.6117953859557805,1.3516939156346657,4.2658212221434795,0.06106976744186054,22
pooled_same_robot,pooled_same_robot:OV_V2_02_medium,V2,OV_V2_02_medium,standardized_correlation,constant,AgACI-EWA,recent_300,0.1,0.9,2249,0.8923966207203201,0.0076033792796799116,0.6836628271072409,2.0869550659205838,0.8870675781896854,3.719821606781756,0.03440465116279071,12
pooled_same_robot,pooled_same_robot:OV_V2_02_medium,V2,OV_V2_02_medium,standardized_correlation,loglinear_covariance,ACI,calibration_only,0.1,0.9,2249,0.8963983992885727,0.003601600711427344,0.873150710504313,2.339931942259573,1.0576688473445646,3.774403644504249,0.051190697674418674,19
pooled_same_robot,pooled_same_robot:OV_V2_02_medium,V2,OV_V2_02_medium,standardized_correlation,loglinear_covariance,AgACI-EWA,calibration_only,0.1,0.9,2249,0.9181858603823921,0.018185860382392116,0.703739234522609,2.2121061002747333,0.9049522532608052,3.6466644110064834,0.036102325581395575,13
pooled_same_robot,pooled_same_robot:OV_V2_02_medium,V2,OV_V2_02_medium,standardized_correlation,loglinear_covariance,ACI,recent_100,0.1,0.9,2249,0.894619831036016,0.005380168963983967,1.0874773427349336,2.9306735126578016,1.268501847063024,4.165434794324063,0.06139534883720942,27
pooled_same_robot,pooled_same_robot:OV_V2_02_medium,V2,OV_V2_02_medium,standardized_correlation,loglinear_covariance,AgACI-EWA,recent_100,0.1,0.9,2249,0.8777234326367275,0.022276567363272548,0.7634284275980034,2.4414182937224145,0.9466441010238085,3.722935697772729,0.0469627906976744,28
pooled_same_robot,pooled_same_robot:OV_V2_02_medium,V2,OV_V2_02_medium,standardized_correlation,loglinear_covariance,ACI,recent_300,0.1,0.9,2249,0.8981769675411294,0.0018230324588706104,1.0610396747126476,2.66943064508776,1.265009701508304,4.049172395913793,0.0732232558139536,24
pooled_same_robot,pooled_same_robot:OV_V2_02_medium,V2,OV_V2_02_medium,standardized_correlation,loglinear_covariance,AgACI-EWA,recent_300,0.1,0.9,2249,0.8879502000889284,0.01204979991107158,0.7029818202493798,2.2681016999721417,0.8735089285242353,3.5984469685011775,0.040748837209302294,13
pooled_same_robot,pooled_same_robot:OV_V2_02_medium,V2,OV_V2_02_medium,standardized_correlation,loglinear_covariance_time,ACI,calibration_only,0.1,0.9,2249,0.8977323254779902,0.0022676745220098216,0.6681700317178394,2.0722480102169176,0.9045258557224835,3.527606879422983,0.0607162790697675,20
pooled_same_robot,pooled_same_robot:OV_V2_02_medium,V2,OV_V2_02_medium,standardized_correlation,loglinear_covariance_time,AgACI-EWA,calibration_only,0.1,0.9,2249,0.9146287238772788,0.01462872387727876,0.5557475426118046,1.9792790474337563,0.7583842874376714,3.467131167204572,0.03995348837209322,13
pooled_same_robot,pooled_same_robot:OV_V2_02_medium,V2,OV_V2_02_medium,standardized_correlation,loglinear_covariance_time,ACI,recent_100,0.1,0.9,2249,0.8941751889728768,0.005824811027123178,0.8422473434868962,2.572861749133506,1.0898717405306042,3.909434090587978,0.06757674418604666,27
pooled_same_robot,pooled_same_robot:OV_V2_02_medium,V2,OV_V2_02_medium,standardized_correlation,loglinear_covariance_time,AgACI-EWA,recent_100,0.1,0.9,2249,0.8755002223210315,0.024499777678968493,0.6149795720006335,2.1563591219524905,0.8264720423526859,3.568940680244423,0.05270232558139532,29
pooled_same_robot,pooled_same_robot:OV_V2_02_medium,V2,OV_V2_02_medium,standardized_correlation,loglinear_covariance_time,ACI,recent_300,0.1,0.9,2249,0.8981769675411294,0.0018230324588706104,0.9063203537433902,2.234189226633764,1.119169551575678,3.814115072143782,0.07499534883720942,22
pooled_same_robot,pooled_same_robot:OV_V2_02_medium,V2,OV_V2_02_medium,standardized_correlation,loglinear_covariance_time,AgACI-EWA,recent_300,0.1,0.9,2249,0.8955091151622944,0.004490884837705655,0.6006709404364994,1.9795909193400223,0.8020020670001462,3.5484113813242715,0.04591627906976748,15
pooled_same_robot,pooled_same_robot:OV_V2_02_medium,V2,OV_V2_02_medium,whitened_correlation,constant,ACI,calibration_only,0.1,0.9,2249,0.9208537127612272,0.02085371276122716,1.803928499904254,2.335161186425311,1.7244703057363904,1.6120263311944445,0.08687441860465138,40
pooled_same_robot,pooled_same_robot:OV_V2_02_medium,V2,OV_V2_02_medium,whitened_correlation,constant,AgACI-EWA,calibration_only,0.1,0.9,2249,0.9244108492663407,0.02441084926634063,1.3941379911387375,2.347872274852961,1.1570597799890974,1.395748850265312,0.04244186046511648,8
pooled_same_robot,pooled_same_robot:OV_V2_02_medium,V2,OV_V2_02_medium,whitened_correlation,loglinear_covariance,ACI,calibration_only,0.1,0.9,2249,0.9257447754557581,0.02574477545575804,1.7381958862236802,3.0140402553422323,1.6901356148203872,1.6713598240385088,0.08549302325581416,31
pooled_same_robot,pooled_same_robot:OV_V2_02_medium,V2,OV_V2_02_medium,whitened_correlation,loglinear_covariance,AgACI-EWA,calibration_only,0.1,0.9,2249,0.9355269008448199,0.03552690084481991,1.3292124671466334,2.5177601878750946,1.166339258205711,1.4079179943423856,0.04490697674418641,10
pooled_same_robot,pooled_same_robot:OV_V2_02_medium,V2,OV_V2_02_medium,whitened_correlation,loglinear_covariance_time,ACI,calibration_only,0.1,0.9,2249,0.9297465540240106,0.029746554024010607,1.8001557786263493,2.676446265075725,1.6715977810802753,1.6227872523750277,0.07838604651162816,33
pooled_same_robot,pooled_same_robot:OV_V2_02_medium,V2,OV_V2_02_medium,whitened_correlation,loglinear_covariance_time,AgACI-EWA,calibration_only,0.1,0.9,2249,0.9457536682970209,0.04575366829702088,1.4591146435476325,2.4856625758909145,1.2807057102802226,1.4546895463209706,0.055846511627907325,11
pooled_same_robot,pooled_same_robot:OV_V2_02_medium,V2,OV_V2_02_medium,correlation_shrink_0.25,constant,ACI,calibration_only,0.1,0.9,2249,0.9066251667407736,0.006625166740773625,0.8501513217786414,1.7664502922982501,0.8474215879229979,14.959433886744314,0.07001860465116287,14
pooled_same_robot,pooled_same_robot:OV_V2_02_medium,V2,OV_V2_02_medium,correlation_shrink_0.25,constant,AgACI-EWA,calibration_only,0.1,0.9,2249,0.902178746109382,0.002178746109381957,0.20334983062352308,1.906539907422764,0.2901430897542114,13.132406444942708,0.028809302325581446,6
pooled_same_robot,pooled_same_robot:OV_V2_02_medium,V2,OV_V2_02_medium,correlation_shrink_0.25,loglinear_covariance,ACI,calibration_only,0.1,0.9,2249,0.9164072921298355,0.016407292129835493,1.0362868824320675,2.4624633920185803,0.9449807740527328,16.41380713739168,0.08210697674418624,26
pooled_same_robot,pooled_same_robot:OV_V2_02_medium,V2,OV_V2_02_medium,correlation_shrink_0.25,loglinear_covariance,AgACI-EWA,calibration_only,0.1,0.9,2249,0.9079590929301912,0.007959092930191147,-0.031160861566233322,2.028905970745151,-0.018898063544844315,12.369282849744692,0.03239069767441871,4
pooled_same_robot,pooled_same_robot:OV_V2_02_medium,V2,OV_V2_02_medium,correlation_shrink_0.25,loglinear_covariance_time,ACI,calibration_only,0.1,0.9,2249,0.9137394397510005,0.013739439751000448,1.1035027693299142,2.679958640169414,0.9160761929853118,16.612021459227176,0.07500930232558155,19
pooled_same_robot,pooled_same_robot:OV_V2_02_medium,V2,OV_V2_02_medium,correlation_shrink_0.25,loglinear_covariance_time,AgACI-EWA,calibration_only,0.1,0.9,2249,0.9137394397510005,0.013739439751000448,0.06802145720079622,2.1755695208903147,0.06970494516981039,12.877315455196426,0.03222790697674437,7
pooled_same_robot,pooled_same_robot:OV_V2_02_medium,V2,OV_V2_02_medium,correlation_shrink_0.25_fit_bias,constant,ACI,calibration_only,0.1,0.9,2249,0.902178746109382,0.002178746109381957,1.1758422530829815,2.3063197711615477,1.295533674853863,17.47573627408751,0.07452093023255826,18
pooled_same_robot,pooled_same_robot:OV_V2_02_medium,V2,OV_V2_02_medium,correlation_shrink_0.25_fit_bias,constant,AgACI-EWA,calibration_only,0.1,0.9,2249,0.897287683414851,0.0027123165851490327,0.7638966869153823,2.4883889802117505,0.8834640765483454,16.352274086644368,0.032567441860465146,7
pooled_same_robot,pooled_same_robot:OV_V2_02_medium,V2,OV_V2_02_medium,correlation_shrink_0.25_fit_bias,loglinear_covariance,ACI,calibration_only,0.1,0.9,2249,0.9155180080035571,0.015518008003557071,1.6194580568937766,2.998792532239948,1.5564840639170683,19.800181037446364,0.06986046511627923,23
pooled_same_robot,pooled_same_robot:OV_V2_02_medium,V2,OV_V2_02_medium,correlation_shrink_0.25_fit_bias,loglinear_covariance,AgACI-EWA,calibration_only,0.1,0.9,2249,0.9079590929301912,0.007959092930191147,0.7846846048254097,2.585063617707631,0.8395926947551079,15.92587569834478,0.027041860465116457,7
pooled_same_robot,pooled_same_robot:OV_V2_02_medium,V2,OV_V2_02_medium,correlation_shrink_0.25_fit_bias,loglinear_covariance_time,ACI,calibration_only,0.1,0.9,2249,0.9137394397510005,0.013739439751000448,1.658118167740028,3.009143869448934,1.5302118138797345,19.794186530457782,0.06840000000000017,25
pooled_same_robot,pooled_same_robot:OV_V2_02_medium,V2,OV_V2_02_medium,correlation_shrink_0.25_fit_bias,loglinear_covariance_time,AgACI-EWA,calibration_only,0.1,0.9,2249,0.9115162294353045,0.011516229435304504,0.9675386038560685,2.7356076455148144,0.9618086636088663,16.696255560507467,0.028553488372093254,8
pooled_same_robot,pooled_same_robot:OV_V2_02_medium,V2,OV_V2_02_medium,correlation_shrink_0.50,constant,ACI,calibration_only,0.1,0.9,2249,0.9070698088039129,0.007069808803912836,0.5657914294066977,1.4545388678618576,0.5796432349935027,13.710825392951085,0.0701720930232559,13
pooled_same_robot,pooled_same_robot:OV_V2_02_medium,V2,OV_V2_02_medium,correlation_shrink_0.50,constant,AgACI-EWA,calibration_only,0.1,0.9,2249,0.9044019564250778,0.004401956425077791,-0.03754093079253806,1.729144983304304,0.03427856838817653,12.09237260828816,0.029460465116279172,6
pooled_same_robot,pooled_same_robot:OV_V2_02_medium,V2,OV_V2_02_medium,correlation_shrink_0.50,loglinear_covariance,ACI,calibration_only,0.1,0.9,2249,0.9195197865718097,0.01951978657180964,0.3011399682002711,1.8750272882088295,0.2251333310092124,12.862899023937432,0.0842372093023258,31
pooled_same_robot,pooled_same_robot:OV_V2_02_medium,V2,OV_V2_02_medium,correlation_shrink_0.50,loglinear_covariance,AgACI-EWA,calibration_only,0.1,0.9,2249,0.9119608714984437,0.011960871498443715,-0.519323484157038,1.3794191811660208,-0.5884527498470747,10.255657993360618,0.03160000000000017,6
pooled_same_robot,pooled_same_robot:OV_V2_02_medium,V2,OV_V2_02_medium,correlation_shrink_0.50,loglinear_covariance_time,ACI,calibration_only,0.1,0.9,2249,0.9164072921298355,0.016407292129835493,0.42224556332758567,2.127418814401396,0.23722468451664924,13.279779906440519,0.07666046511627923,29
pooled_same_robot,pooled_same_robot:OV_V2_02_medium,V2,OV_V2_02_medium,correlation_shrink_0.50,loglinear_covariance_time,AgACI-EWA,calibration_only,0.1,0.9,2249,0.9137394397510005,0.013739439751000448,-0.3477580510854903,1.6649905582915199,-0.43424757305588624,10.938771049259357,0.03204651162790719,8
pooled_same_robot,pooled_same_robot:OV_V2_02_medium,V2,OV_V2_02_medium,correlation_shrink_0.50_fit_bias,constant,ACI,calibration_only,0.1,0.9,2249,0.902178746109382,0.002178746109381957,0.8218183680446085,2.21002001169331,0.9686504657165371,15.833052936196843,0.07811627906976754,16
pooled_same_robot,pooled_same_robot:OV_V2_02_medium,V2,OV_V2_02_medium,correlation_shrink_0.50_fit_bias,constant,AgACI-EWA,calibration_only,0.1,0.9,2249,0.897287683414851,0.0027123165851490327,0.405783158178048,2.313539403368986,0.5202992691598395,14.619857679083214,0.034023255813953504,7
pooled_same_robot,pooled_same_robot:OV_V2_02_medium,V2,OV_V2_02_medium,correlation_shrink_0.50_fit_bias,loglinear_covariance,ACI,calibration_only,0.1,0.9,2249,0.915073365940418,0.015073365940417971,1.152815264938578,2.68435724006652,1.049973219602212,16.850974904513397,0.06506046511627922,22
pooled_same_robot,pooled_same_robot:OV_V2_02_medium,V2,OV_V2_02_medium,correlation_shrink_0.50_fit_bias,loglinear_covariance,AgACI-EWA,calibration_only,0.1,0.9,2249,0.9092930191196087,0.00929301911960867,0.5139055922146092,2.341495978354265,0.44932340914146807,14.259968795120983,0.028674418604651336,9
pooled_same_robot,pooled_same_robot:OV_V2_02_medium,V2,OV_V2_02_medium,correlation_shrink_0.50_fit_bias,loglinear_covariance_time,ACI,calibration_only,0.1,0.9,2249,0.9146287238772788,0.01462872387727876,1.1742717851213982,2.7189996654448603,1.0598772171864126,16.946561128470595,0.0631023255813955,22
pooled_same_robot,pooled_same_robot:OV_V2_02_medium,V2,OV_V2_02_medium,correlation_shrink_0.50_fit_bias,loglinear_covariance_time,AgACI-EWA,calibration_only,0.1,0.9,2249,0.9088483770564696,0.00884837705646957,0.5320103625272576,2.3679373532960093,0.46499419995542074,14.365129827375679,0.030293023255814098,9
pooled_same_robot,pooled_same_robot:OV_V2_02_medium,V2,OV_V2_02_medium,correlation_shrink_0.75,constant,ACI,calibration_only,0.1,0.9,2249,0.9070698088039129,0.007069808803912836,0.451390455815881,1.3447309684482156,0.46887866187286353,13.206038431910132,0.06966511627906986,12
pooled_same_robot,pooled_same_robot:OV_V2_02_medium,V2,OV_V2_02_medium,correlation_shrink_0.75,constant,AgACI-EWA,calibration_only,0.1,0.9,2249,0.9035126722987995,0.0035126722987994796,-0.1233310371277554,1.6894391183413011,-0.04004126868300952,11.840536107471417,0.02891162790697682,6
pooled_same_robot,pooled_same_robot:OV_V2_02_medium,V2,OV_V2_02_medium,correlation_shrink_0.75,loglinear_covariance,ACI,calibration_only,0.1,0.9,2249,0.9168519341929746,0.016851934192974594,0.16374322567835087,1.9951888220795282,0.024453085525686268,12.328936503585595,0.09018139534883741,32
pooled_same_robot,pooled_same_robot:OV_V2_02_medium,V2,OV_V2_02_medium,correlation_shrink_0.75,loglinear_covariance,AgACI-EWA,calibration_only,0.1,0.9,2249,0.9088483770564696,0.00884837705646957,-0.6091880120364088,1.735514094864695,-0.6358489790344474,10.454622533765079,0.03520930232558151,7
pooled_same_robot,pooled_same_robot:OV_V2_02_medium,V2,OV_V2_02_medium,correlation_shrink_0.75,loglinear_covariance_time,ACI,calibration_only,0.1,0.9,2249,0.9159626500666963,0.015962650066696282,0.19634712218543804,2.1358592463888795,0.05206798624290657,12.599402891341999,0.0876000000000002,31
pooled_same_robot,pooled_same_robot:OV_V2_02_medium,V2,OV_V2_02_medium,correlation_shrink_0.75,loglinear_covariance_time,AgACI-EWA,calibration_only,0.1,0.9,2249,0.9092930191196087,0.00929301911960867,-0.5827413954755984,1.8117282684469593,-0.6188110111933858,10.594291944429,0.0359813953488373,7
pooled_same_robot,pooled_same_robot:OV_V2_02_medium,V2,OV_V2_02_medium,correlation_shrink_0.75_fit_bias,constant,ACI,calibration_only,0.1,0.9,2249,0.902178746109382,0.002178746109381957,0.7202713496757056,2.048589274016936,0.8209150112802475,15.098000917196616,0.07913488372093033,15
pooled_same_robot,pooled_same_robot:OV_V2_02_medium,V2,OV_V2_02_medium,correlation_shrink_0.75_fit_bias,constant,AgACI-EWA,calibration_only,0.1,0.9,2249,0.8981769675411294,0.0018230324588706104,0.20069920581377332,2.1993987226065466,0.33435976324696637,13.800118366711203,0.03390232558139538,6
pooled_same_robot,pooled_same_robot:OV_V2_02_medium,V2,OV_V2_02_medium,correlation_shrink_0.75_fit_bias,loglinear_covariance,ACI,calibration_only,0.1,0.9,2249,0.912850155624722,0.012850155624722026,1.1007818199270254,2.8541346710818716,0.9615785831160982,16.748860875518396,0.06528372093023273,19
pooled_same_robot,pooled_same_robot:OV_V2_02_medium,V2,OV_V2_02_medium,correlation_shrink_0.75_fit_bias,loglinear_covariance,AgACI-EWA,calibration_only,0.1,0.9,2249,0.904846598488217,0.004846598488217002,0.4405347779836788,2.5975904127516687,0.3766524682712075,14.578634502077275,0.0328465116279071,9
pooled_same_robot,pooled_same_robot:OV_V2_02_medium,V2,OV_V2_02_medium,correlation_shrink_0.75_fit_bias,loglinear_covariance_time,ACI,calibration_only,0.1,0.9,2249,0.9146287238772788,0.01462872387727876,1.0134600067260457,2.7185817366156173,0.9056787740083206,16.292240899886004,0.07101395348837226,19
pooled_same_robot,pooled_same_robot:OV_V2_02_medium,V2,OV_V2_02_medium,correlation_shrink_0.75_fit_bias,loglinear_covariance_time,AgACI-EWA,calibration_only,0.1,0.9,2249,0.9044019564250778,0.004401956425077791,0.37032302935026173,2.4639069587839955,0.29257943426004235,13.957825286023914,0.032200000000000124,8
pooled_same_robot,pooled_same_robot:OV_V2_02_medium,V2,OV_V2_02_medium,normalized_empirical_blend_0.25,constant,ACI,calibration_only,0.1,0.9,2249,0.9186305024455313,0.018630502445531327,-4.581756541742022,-3.0846153043390667,-4.454958884638843,2.4459814440744427,0.09532558139534905,40
pooled_same_robot,pooled_same_robot:OV_V2_02_medium,V2,OV_V2_02_medium,normalized_empirical_blend_0.25,constant,AgACI-EWA,calibration_only,0.1,0.9,2249,0.9373054690973767,0.03730546909737664,-5.044419733551741,-3.9206109327645198,-4.912932599680511,2.07061237682174,0.04029302325581433,2
pooled_same_robot,pooled_same_robot:OV_V2_02_medium,V2,OV_V2_02_medium,normalized_empirical_blend_0.25,loglinear_covariance,ACI,calibration_only,0.1,0.9,2249,0.9190751445086706,0.01907514450867054,-4.543306890810495,-2.9370148266769966,-4.378567163012514,2.5298008569740094,0.09466511627906997,34
pooled_same_robot,pooled_same_robot:OV_V2_02_medium,V2,OV_V2_02_medium,normalized_empirical_blend_0.25,loglinear_covariance,AgACI-EWA,calibration_only,0.1,0.9,2249,0.9266340595820365,0.026634059582036462,-5.047325819878457,-3.938412819158312,-4.907834577383908,2.0863053193869794,0.032339534883721224,2
pooled_same_robot,pooled_same_robot:OV_V2_02_medium,V2,OV_V2_02_medium,normalized_empirical_blend_0.25,loglinear_covariance_time,ACI,calibration_only,0.1,0.9,2249,0.917741218319253,0.017741218319253016,-4.537734040973949,-2.9016172825851934,-4.358972235759176,2.556633046641997,0.0961813953488374,45
pooled_same_robot,pooled_same_robot:OV_V2_02_medium,V2,OV_V2_02_medium,normalized_empirical_blend_0.25,loglinear_covariance_time,AgACI-EWA,calibration_only,0.1,0.9,2249,0.9244108492663407,0.02441084926634063,-5.041013039726499,-3.9246620199472875,-4.889977431723654,2.104487915329289,0.030637209302325902,3
pooled_same_robot,pooled_same_robot:OV_V2_02_medium,V2,OV_V2_02_medium,normalized_empirical_blend_0.50,constant,ACI,calibration_only,0.1,0.9,2249,0.9146287238772788,0.01462872387727876,-4.427441084190331,-3.326338727241217,-4.330588009477398,2.6184738642241236,0.10120000000000015,54
pooled_same_robot,pooled_same_robot:OV_V2_02_medium,V2,OV_V2_02_medium,normalized_empirical_blend_0.50,constant,AgACI-EWA,calibration_only,0.1,0.9,2249,0.9359715429079591,0.03597154290795912,-4.803774331169766,-3.706075125922144,-4.735892667984803,2.2829095098333063,0.04374418604651198,4
pooled_same_robot,pooled_same_robot:OV_V2_02_medium,V2,OV_V2_02_medium,normalized_empirical_blend_0.50,constant,ACI,recent_100,0.1,0.9,2249,0.8274788795020009,0.07252112049799908,-4.523725309823403,-3.59757517382079,-4.541251491741221,2.427161516379117,0.14169302325581395,59
pooled_same_robot,pooled_same_robot:OV_V2_02_medium,V2,OV_V2_02_medium,normalized_empirical_blend_0.50,constant,AgACI-EWA,recent_100,0.1,0.9,2249,0.8141396176078257,0.0858603823921743,-4.731171909434779,-3.6960513124081222,-4.692063423258178,2.3111882824676533,0.14132558139534881,51
pooled_same_robot,pooled_same_robot:OV_V2_02_medium,V2,OV_V2_02_medium,normalized_empirical_blend_0.50,constant,ACI,recent_300,0.1,0.9,2249,0.8728323699421965,0.027167630057803538,-4.464882907791579,-3.558564088832476,-4.408284023078636,2.5225759097142757,0.1201534883720931,44
pooled_same_robot,pooled_same_robot:OV_V2_02_medium,V2,OV_V2_02_medium,normalized_empirical_blend_0.50,constant,AgACI-EWA,recent_300,0.1,0.9,2249,0.8728323699421965,0.027167630057803538,-4.749081362403745,-3.746501290716518,-4.7021294080006655,2.3023486208522965,0.08727906976744187,29
pooled_same_robot,pooled_same_robot:OV_V2_02_medium,V2,OV_V2_02_medium,normalized_empirical_blend_0.50,loglinear_covariance,ACI,calibration_only,0.1,0.9,2249,0.9146287238772788,0.01462872387727876,-4.446118381907336,-3.0664750699715864,-4.2710797884271985,2.7098233042195043,0.09566976744186066,53
pooled_same_robot,pooled_same_robot:OV_V2_02_medium,V2,OV_V2_02_medium,normalized_empirical_blend_0.50,loglinear_covariance,AgACI-EWA,calibration_only,0.1,0.9,2249,0.9337483325922632,0.033748332592263175,-4.80834587981504,-3.7011908762311,-4.7123134320377185,2.3173840459662585,0.04054418604651195,2
pooled_same_robot,pooled_same_robot:OV_V2_02_medium,V2,OV_V2_02_medium,normalized_empirical_blend_0.50,loglinear_covariance,ACI,recent_100,0.1,0.9,2249,0.8421520675855936,0.057847932414406444,-4.597496076116544,-3.5532322373556107,-4.520345021584633,2.462084970531414,0.13185581395348842,57
pooled_same_robot,pooled_same_robot:OV_V2_02_medium,V2,OV_V2_02_medium,normalized_empirical_blend_0.50,loglinear_covariance,AgACI-EWA,recent_100,0.1,0.9,2249,0.8257003112494442,0.07429968875055581,-4.747068038782053,-3.6683010409866017,-4.68490962786349,2.3325313956413227,0.12536279069767445,49
pooled_same_robot,pooled_same_robot:OV_V2_02_medium,V2,OV_V2_02_medium,normalized_empirical_blend_0.50,loglinear_covariance,ACI,recent_300,0.1,0.9,2249,0.8737216540684749,0.026278345931525116,-4.501637517397755,-3.5922333006084304,-4.409031545276298,2.5393000574311055,0.11813023255813962,43
pooled_same_robot,pooled_same_robot:OV_V2_02_medium,V2,OV_V2_02_medium,normalized_empirical_blend_0.50,loglinear_covariance,AgACI-EWA,recent_300,0.1,0.9,2249,0.8657180969319698,0.03428190306803025,-4.7460187436130585,-3.723303194767979,-4.687925498123019,2.3277387574881074,0.08964186046511628,43
pooled_same_robot,pooled_same_robot:OV_V2_02_medium,V2,OV_V2_02_medium,normalized_empirical_blend_0.50,loglinear_covariance_time,ACI,calibration_only,0.1,0.9,2249,0.9137394397510005,0.013739439751000448,-4.4574077856537535,-3.0195968107806195,-4.267224584258311,2.7219201898117835,0.09722790697674438,52
pooled_same_robot,pooled_same_robot:OV_V2_02_medium,V2,OV_V2_02_medium,normalized_empirical_blend_0.50,loglinear_covariance_time,AgACI-EWA,calibration_only,0.1,0.9,2249,0.9310804802134282,0.03108048021342813,-4.813111946187755,-3.7129002348043785,-4.717447730454505,2.3173900383095547,0.035930232558139846,2
pooled_same_robot,pooled_same_robot:OV_V2_02_medium,V2,OV_V2_02_medium,normalized_empirical_blend_0.50,loglinear_covariance_time,ACI,recent_100,0.1,0.9,2249,0.840373499333037,0.05962650066696307,-4.591380849693532,-3.5766569213448305,-4.52777113008268,2.458214144710517,0.1341720930232559,56
pooled_same_robot,pooled_same_robot:OV_V2_02_medium,V2,OV_V2_02_medium,normalized_empirical_blend_0.50,loglinear_covariance_time,AgACI-EWA,recent_100,0.1,0.9,2249,0.8243663850600267,0.07563361493997334,-4.754600664783595,-3.6886548882910337,-4.687368442697119,2.333104413029169,0.12673023255813956,49
pooled_same_robot,pooled_same_robot:OV_V2_02_medium,V2,OV_V2_02_medium,normalized_empirical_blend_0.50,loglinear_covariance_time,ACI,recent_300,0.1,0.9,2249,0.8723877278790574,0.027612272120942638,-4.500289555879657,-3.611418458849456,-4.418013626734241,2.5339460687973476,0.1189162790697675,43
pooled_same_robot,pooled_same_robot:OV_V2_02_medium,V2,OV_V2_02_medium,normalized_empirical_blend_0.50,loglinear_covariance_time,AgACI-EWA,recent_300,0.1,0.9,2249,0.868830591373944,0.031169408626055994,-4.758888312829935,-3.7464208088149547,-4.69461101974352,2.3249470592324983,0.0916093023255814,43
pooled_same_robot,pooled_same_robot:OV_V2_02_medium,V2,OV_V2_02_medium,normalized_empirical_blend_0.75,constant,ACI,calibration_only,0.1,0.9,2249,0.9088483770564696,0.00884837705646957,-4.034163560765941,-3.166469721316119,-3.957861884379293,3.1548398413303826,0.10180930232558155,51
pooled_same_robot,pooled_same_robot:OV_V2_02_medium,V2,OV_V2_02_medium,normalized_empirical_blend_0.75,constant,AgACI-EWA,calibration_only,0.1,0.9,2249,0.9333036905291241,0.033303690529124075,-4.329349019783867,-3.262206401208083,-4.267326148163926,2.8667146027643193,0.043302325581395656,3
pooled_same_robot,pooled_same_robot:OV_V2_02_medium,V2,OV_V2_02_medium,normalized_empirical_blend_0.75,loglinear_covariance,ACI,calibration_only,0.1,0.9,2249,0.9110715873721654,0.011071587372165403,-3.9574264336337137,-3.013673205843105,-3.8454809493788558,3.3302347136655532,0.10246046511627926,49
pooled_same_robot,pooled_same_robot:OV_V2_02_medium,V2,OV_V2_02_medium,normalized_empirical_blend_0.75,loglinear_covariance,AgACI-EWA,calibration_only,0.1,0.9,2249,0.930635838150289,0.03063583815028903,-4.319459010902161,-3.2532811239702037,-4.24159066536955,2.91710563511178,0.03842325581395385,3
pooled_same_robot,pooled_same_robot:OV_V2_02_medium,V2,OV_V2_02_medium,normalized_empirical_blend_0.75,loglinear_covariance_time,ACI,calibration_only,0.1,0.9,2249,0.9106269453090262,0.010626945309026192,-3.9724877173884483,-2.9797269311475105,-3.8484286414765836,3.3345328260430045,0.1025348837209304,49
pooled_same_robot,pooled_same_robot:OV_V2_02_medium,V2,OV_V2_02_medium,normalized_empirical_blend_0.75,loglinear_covariance_time,AgACI-EWA,calibration_only,0.1,0.9,2249,0.9270787016451756,0.027078701645175562,-4.328915953519194,-3.2574536322826027,-4.246095912798596,2.914129482649168,0.036846511627907266,4
pooled_same_robot,pooled_same_robot:OV_V2_03_difficult,V2,OV_V2_03_difficult,raw_openvins,constant,ACI,calibration_only,0.1,0.9,1755,0.8968660968660969,0.0031339031339031598,3.3531749040015644,4.471416936069174,3.4954669789645014,115.65226711541226,0.07413647342995183,26
pooled_same_robot,pooled_same_robot:OV_V2_03_difficult,V2,OV_V2_03_difficult,raw_openvins,constant,AgACI-EWA,calibration_only,0.1,0.9,1755,0.9014245014245015,0.0014245014245014564,3.1703398740173636,4.755571843895242,3.1681618251355927,69.80137804944442,0.04770531400966192,18
pooled_same_robot,pooled_same_robot:OV_V2_03_difficult,V2,OV_V2_03_difficult,raw_openvins,constant,ACI,recent_100,0.1,0.9,1755,0.864957264957265,0.03504273504273503,3.4482162018805536,4.8144552531204505,3.221720968115351,34.65715960130885,0.09861111111111115,18
pooled_same_robot,pooled_same_robot:OV_V2_03_difficult,V2,OV_V2_03_difficult,raw_openvins,constant,AgACI-EWA,recent_100,0.1,0.9,1755,0.852991452991453,0.047008547008547064,3.19366363442348,4.436670928898013,2.9777343868604325,31.583254088330428,0.08012681159420283,17
pooled_same_robot,pooled_same_robot:OV_V2_03_difficult,V2,OV_V2_03_difficult,raw_openvins,constant,ACI,recent_300,0.1,0.9,1755,0.8757834757834758,0.024216524216524205,3.5206438432759786,5.065203444190046,3.3055859905871277,35.64451637671699,0.11109299516908228,25
pooled_same_robot,pooled_same_robot:OV_V2_03_difficult,V2,OV_V2_03_difficult,raw_openvins,constant,AgACI-EWA,recent_300,0.1,0.9,1755,0.8655270655270655,0.034472934472934535,3.2298501584219856,4.334625371868298,2.9862472495830876,31.5317582015786,0.0743900966183575,11
pooled_same_robot,pooled_same_robot:OV_V2_03_difficult,V2,OV_V2_03_difficult,raw_openvins,loglinear_covariance,ACI,calibration_only,0.1,0.9,1755,0.8997150997150997,0.0002849002849003579,3.4919263147578974,5.228007136970725,3.4427859012856796,37.043056819932836,0.06897946859903391,12
pooled_same_robot,pooled_same_robot:OV_V2_03_difficult,V2,OV_V2_03_difficult,raw_openvins,loglinear_covariance,AgACI-EWA,calibration_only,0.1,0.9,1755,0.9088319088319088,0.008831908831908764,3.3000459682957324,5.24393221781727,3.21691950598447,67.32085879161518,0.03613526570048316,6
pooled_same_robot,pooled_same_robot:OV_V2_03_difficult,V2,OV_V2_03_difficult,raw_openvins,loglinear_covariance,ACI,recent_100,0.1,0.9,1755,0.8968660968660969,0.0031339031339031598,3.6218569114308288,5.576276434993383,3.4844848585547257,39.12842630492382,0.05439613526570051,14
pooled_same_robot,pooled_same_robot:OV_V2_03_difficult,V2,OV_V2_03_difficult,raw_openvins,loglinear_covariance,AgACI-EWA,recent_100,0.1,0.9,1755,0.8809116809116809,0.019088319088319095,3.2984728480940806,5.1723077278653955,3.189101485299408,35.212316249759844,0.04730676328502408,18
pooled_same_robot,pooled_same_robot:OV_V2_03_difficult,V2,OV_V2_03_difficult,raw_openvins,loglinear_covariance,ACI,recent_300,0.1,0.9,1755,0.8968660968660969,0.0031339031339031598,3.5236444696016953,5.424909736022191,3.4178871988835273,37.83848284280191,0.06481884057971023,13
pooled_same_robot,pooled_same_robot:OV_V2_03_difficult,V2,OV_V2_03_difficult,raw_openvins,loglinear_covariance,AgACI-EWA,recent_300,0.1,0.9,1755,0.8883190883190883,0.011680911680911676,3.3345188365180825,5.073512135051291,3.197108072012744,35.04450601670124,0.0397463768115942,8
pooled_same_robot,pooled_same_robot:OV_V2_03_difficult,V2,OV_V2_03_difficult,raw_openvins,loglinear_covariance_time,ACI,calibration_only,0.1,0.9,1755,0.8962962962962963,0.0037037037037037646,3.6762563907332027,5.410366396764736,3.5674356709743975,39.05045017058079,0.07684782608695664,20
pooled_same_robot,pooled_same_robot:OV_V2_03_difficult,V2,OV_V2_03_difficult,raw_openvins,loglinear_covariance_time,AgACI-EWA,calibration_only,0.1,0.9,1755,0.9048433048433049,0.004843304843304863,3.3583874865435295,5.298554779127791,3.289825985528662,43.23597923506168,0.041636473429951755,8
pooled_same_robot,pooled_same_robot:OV_V2_03_difficult,V2,OV_V2_03_difficult,raw_openvins,loglinear_covariance_time,ACI,recent_100,0.1,0.9,1755,0.8957264957264958,0.004273504273504258,3.7229383540960974,5.9032915080290564,3.6506302705652933,42.179540907944734,0.05992753623188417,13
pooled_same_robot,pooled_same_robot:OV_V2_03_difficult,V2,OV_V2_03_difficult,raw_openvins,loglinear_covariance_time,AgACI-EWA,recent_100,0.1,0.9,1755,0.8717948717948718,0.028205128205128216,3.399234565640434,5.337828448749776,3.2832096026749378,36.61014358012867,0.05301932367149753,18
pooled_same_robot,pooled_same_robot:OV_V2_03_difficult,V2,OV_V2_03_difficult,raw_openvins,loglinear_covariance_time,ACI,recent_300,0.1,0.9,1755,0.8968660968660969,0.0031339031339031598,3.7157894480478166,5.44921442821362,3.5632241473654136,39.59367140376077,0.07035024154589385,21
pooled_same_robot,pooled_same_robot:OV_V2_03_difficult,V2,OV_V2_03_difficult,raw_openvins,loglinear_covariance_time,AgACI-EWA,recent_300,0.1,0.9,1755,0.8803418803418803,0.0196581196581197,3.4176429426021375,5.101884321419332,3.2272168534008854,35.40999152241461,0.046479468599033784,11
pooled_same_robot,pooled_same_robot:OV_V2_03_difficult,V2,OV_V2_03_difficult,raw_openvins_fit_bias,constant,ACI,calibration_only,0.1,0.9,1755,0.8974358974358975,0.002564102564102555,4.426918377581387,5.351160407704217,4.483961830779373,100.44257789694457,0.0749033816425122,13
pooled_same_robot,pooled_same_robot:OV_V2_03_difficult,V2,OV_V2_03_difficult,raw_openvins_fit_bias,constant,AgACI-EWA,calibration_only,0.1,0.9,1755,0.905982905982906,0.005982905982905962,4.405257060999357,5.668758038793194,4.370590102784712,81.41875479311109,0.05064009661835765,7
pooled_same_robot,pooled_same_robot:OV_V2_03_difficult,V2,OV_V2_03_difficult,raw_openvins_fit_bias,loglinear_covariance,ACI,calibration_only,0.1,0.9,1755,0.8917378917378918,0.00826210826210827,4.585534496824518,5.841792565077779,4.403848331306457,78.01233225491127,0.06423913043478267,14
pooled_same_robot,pooled_same_robot:OV_V2_03_difficult,V2,OV_V2_03_difficult,raw_openvins_fit_bias,loglinear_covariance,AgACI-EWA,calibration_only,0.1,0.9,1755,0.8945868945868946,0.005413105413105468,4.620918848709932,5.9387703662576525,4.401389800269076,62.17150103282229,0.07980072463768129,20
pooled_same_robot,pooled_same_robot:OV_V2_03_difficult,V2,OV_V2_03_difficult,raw_openvins_fit_bias,loglinear_covariance_time,ACI,calibration_only,0.1,0.9,1755,0.8917378917378918,0.00826210826210827,4.592240847733358,5.814177117404548,4.401063743922598,77.00913773978777,0.06649154589371986,15
pooled_same_robot,pooled_same_robot:OV_V2_03_difficult,V2,OV_V2_03_difficult,raw_openvins_fit_bias,loglinear_covariance_time,AgACI-EWA,calibration_only,0.1,0.9,1755,0.89002849002849,0.009971509971509973,4.642887253307784,5.925141035050184,4.410126874456516,63.98048486380904,0.08276570048309191,21
pooled_same_robot,pooled_same_robot:OV_V2_03_difficult,V2,OV_V2_03_difficult,diagonal_openvins,constant,ACI,calibration_only,0.1,0.9,1755,0.8945868945868946,0.005413105413105468,1.7987523456530443,2.7931448766762457,1.5491096041621955,18.844633169832687,0.06959541062801942,13
pooled_same_robot,pooled_same_robot:OV_V2_03_difficult,V2,OV_V2_03_difficult,diagonal_openvins,constant,AgACI-EWA,calibration_only,0.1,0.9,1755,0.8883190883190883,0.011680911680911676,0.9634825159271134,2.714421408700559,0.858486542419999,16.522716003679978,0.03650362318840572,10
pooled_same_robot,pooled_same_robot:OV_V2_03_difficult,V2,OV_V2_03_difficult,diagonal_openvins,loglinear_covariance,ACI,calibration_only,0.1,0.9,1755,0.9025641025641026,0.002564102564102555,1.4550136030392995,3.101813057123411,1.1569176208585499,17.943990995759993,0.07227657004830927,19
pooled_same_robot,pooled_same_robot:OV_V2_03_difficult,V2,OV_V2_03_difficult,diagonal_openvins,loglinear_covariance,AgACI-EWA,calibration_only,0.1,0.9,1755,0.9037037037037037,0.0037037037037036535,0.7654492585766661,2.874922471252505,0.5724491069392601,15.616379750012108,0.033768115942028984,7
pooled_same_robot,pooled_same_robot:OV_V2_03_difficult,V2,OV_V2_03_difficult,diagonal_openvins,loglinear_covariance_time,ACI,calibration_only,0.1,0.9,1755,0.9025641025641026,0.002564102564102555,1.4532609158541483,3.1595589700265614,1.1560477398296116,18.04321414000692,0.07264492753623197,19
pooled_same_robot,pooled_same_robot:OV_V2_03_difficult,V2,OV_V2_03_difficult,diagonal_openvins,loglinear_covariance_time,AgACI-EWA,calibration_only,0.1,0.9,1755,0.9048433048433049,0.004843304843304863,0.7882847097048788,2.8881341108887413,0.5983231518411377,15.73195673273398,0.03360507246376814,8
pooled_same_robot,pooled_same_robot:OV_V2_03_difficult,V2,OV_V2_03_difficult,diagonal_openvins_fit_bias,constant,ACI,calibration_only,0.1,0.9,1755,0.8917378917378918,0.00826210826210827,1.9322234377998964,2.936276688332358,1.7980002634737773,20.600995619007303,0.059685990338164276,13
pooled_same_robot,pooled_same_robot:OV_V2_03_difficult,V2,OV_V2_03_difficult,diagonal_openvins_fit_bias,constant,AgACI-EWA,calibration_only,0.1,0.9,1755,0.8774928774928775,0.0225071225071225,1.3714872562422649,2.8810193033410143,1.2172768332463544,18.70418577189221,0.04771739130434766,10
pooled_same_robot,pooled_same_robot:OV_V2_03_difficult,V2,OV_V2_03_difficult,diagonal_openvins_fit_bias,loglinear_covariance,ACI,calibration_only,0.1,0.9,1755,0.9065527065527066,0.0065527065527065664,1.80599219517015,3.4411621392990366,1.5678049964260756,20.416458556431103,0.06146135265700492,15
pooled_same_robot,pooled_same_robot:OV_V2_03_difficult,V2,OV_V2_03_difficult,diagonal_openvins_fit_bias,loglinear_covariance,AgACI-EWA,calibration_only,0.1,0.9,1755,0.9014245014245015,0.0014245014245014564,1.3356484211137278,3.2288901190379176,1.1588766729513886,18.2477624915789,0.024885265700483158,7
pooled_same_robot,pooled_same_robot:OV_V2_03_difficult,V2,OV_V2_03_difficult,diagonal_openvins_fit_bias,loglinear_covariance_time,ACI,calibration_only,0.1,0.9,1755,0.9065527065527066,0.0065527065527065664,1.8254005413888272,3.3284429569647247,1.561589813359177,20.133735836857774,0.060030193236715074,14
pooled_same_robot,pooled_same_robot:OV_V2_03_difficult,V2,OV_V2_03_difficult,diagonal_openvins_fit_bias,loglinear_covariance_time,AgACI-EWA,calibration_only,0.1,0.9,1755,0.8997150997150997,0.0002849002849003579,1.3355931117785076,3.1994841136935936,1.138052637402083,17.925288755354895,0.026243961352657056,7
pooled_same_robot,pooled_same_robot:OV_V2_03_difficult,V2,OV_V2_03_difficult,standardized_correlation,constant,ACI,calibration_only,0.1,0.9,1755,0.8974358974358975,0.002564102564102555,0.862842437971274,2.018808714118629,1.0687096211571738,3.7259895174442637,0.06506038647343007,18
pooled_same_robot,pooled_same_robot:OV_V2_03_difficult,V2,OV_V2_03_difficult,standardized_correlation,constant,AgACI-EWA,calibration_only,0.1,0.9,1755,0.9065527065527066,0.0065527065527065664,0.6371963739771136,1.9005878863566037,0.9645322388062008,3.9921954263278416,0.03932367149758467,9
pooled_same_robot,pooled_same_robot:OV_V2_03_difficult,V2,OV_V2_03_difficult,standardized_correlation,constant,ACI,recent_100,0.1,0.9,1755,0.8968660968660969,0.0031339031339031598,0.9694939016973128,5.563131882709396,1.8344544839182269,6.583594214557465,0.0629528985507247,13
pooled_same_robot,pooled_same_robot:OV_V2_03_difficult,V2,OV_V2_03_difficult,standardized_correlation,constant,AgACI-EWA,recent_100,0.1,0.9,1755,0.8814814814814815,0.01851851851851849,0.703291330586703,3.062792894812684,1.1280740874213104,4.342944354912045,0.04031400966183572,12
pooled_same_robot,pooled_same_robot:OV_V2_03_difficult,V2,OV_V2_03_difficult,standardized_correlation,constant,ACI,recent_300,0.1,0.9,1755,0.901994301994302,0.00199430199430195,1.1260689896500846,3.28212575919103,1.4794813542977447,4.793021563978103,0.06678140096618368,15
pooled_same_robot,pooled_same_robot:OV_V2_03_difficult,V2,OV_V2_03_difficult,standardized_correlation,constant,AgACI-EWA,recent_300,0.1,0.9,1755,0.8974358974358975,0.002564102564102555,0.68544289339681,2.543067172083218,1.0576093977291425,4.156654407320565,0.0411231884057972,13
pooled_same_robot,pooled_same_robot:OV_V2_03_difficult,V2,OV_V2_03_difficult,standardized_correlation,loglinear_covariance,ACI,calibration_only,0.1,0.9,1755,0.898005698005698,0.0019943019943020612,0.9312149961518505,2.133100377821172,1.0333330331244472,3.5582587493921487,0.06169685990338177,15
pooled_same_robot,pooled_same_robot:OV_V2_03_difficult,V2,OV_V2_03_difficult,standardized_correlation,loglinear_covariance,AgACI-EWA,calibration_only,0.1,0.9,1755,0.9111111111111111,0.011111111111111072,0.7018217182973112,2.0353894767041862,0.8974776965420707,3.7430647131618935,0.03858695652173929,5
pooled_same_robot,pooled_same_robot:OV_V2_03_difficult,V2,OV_V2_03_difficult,standardized_correlation,loglinear_covariance,ACI,recent_100,0.1,0.9,1755,0.898005698005698,0.0019943019943020612,1.0718991715737731,3.6762616970269884,1.4367893173665853,4.619621356978954,0.06521739130434795,15
pooled_same_robot,pooled_same_robot:OV_V2_03_difficult,V2,OV_V2_03_difficult,standardized_correlation,loglinear_covariance,AgACI-EWA,recent_100,0.1,0.9,1755,0.8837606837606837,0.016239316239316293,0.7628263811479084,2.5362694538330985,0.9816833600426745,3.851397376354286,0.047083333333333324,15
pooled_same_robot,pooled_same_robot:OV_V2_03_difficult,V2,OV_V2_03_difficult,standardized_correlation,loglinear_covariance,ACI,recent_300,0.1,0.9,1755,0.9014245014245015,0.0014245014245014564,1.0087017805693579,2.5068701109696487,1.1692320794943118,3.9715115992693333,0.0704408212560388,20
pooled_same_robot,pooled_same_robot:OV_V2_03_difficult,V2,OV_V2_03_difficult,standardized_correlation,loglinear_covariance,AgACI-EWA,recent_300,0.1,0.9,1755,0.8905982905982905,0.00940170940170948,0.7375971576080174,2.3333262235235863,0.9430030181350827,3.823428206332174,0.04556763285024158,15
pooled_same_robot,pooled_same_robot:OV_V2_03_difficult,V2,OV_V2_03_difficult,standardized_correlation,loglinear_covariance_time,ACI,calibration_only,0.1,0.9,1755,0.901994301994302,0.00199430199430195,0.8033323843787947,1.786028382734009,0.8485495466118509,3.284196199277976,0.05964975845410641,19
pooled_same_robot,pooled_same_robot:OV_V2_03_difficult,V2,OV_V2_03_difficult,standardized_correlation,loglinear_covariance_time,AgACI-EWA,calibration_only,0.1,0.9,1755,0.9168091168091168,0.016809116809116786,0.5784521479244908,1.8051828224510593,0.7413795821814473,3.496299255342095,0.044492753623188545,7
pooled_same_robot,pooled_same_robot:OV_V2_03_difficult,V2,OV_V2_03_difficult,standardized_correlation,loglinear_covariance_time,ACI,recent_100,0.1,0.9,1755,0.8991452991452992,0.0008547008547008517,0.8902245672274738,3.568421408908629,1.2980823979705511,4.490554443061504,0.06426932367149768,15
pooled_same_robot,pooled_same_robot:OV_V2_03_difficult,V2,OV_V2_03_difficult,standardized_correlation,loglinear_covariance_time,AgACI-EWA,recent_100,0.1,0.9,1755,0.8809116809116809,0.019088319088319095,0.6539386084724947,2.0927682493909914,0.8505028301318001,3.6954200829399486,0.05047101449275358,11
pooled_same_robot,pooled_same_robot:OV_V2_03_difficult,V2,OV_V2_03_difficult,standardized_correlation,loglinear_covariance_time,ACI,recent_300,0.1,0.9,1755,0.9031339031339032,0.0031339031339031598,0.8689605919053545,2.1852174720816535,1.0017206204022147,3.769456734455715,0.06572463768115956,24
pooled_same_robot,pooled_same_robot:OV_V2_03_difficult,V2,OV_V2_03_difficult,standardized_correlation,loglinear_covariance_time,AgACI-EWA,recent_300,0.1,0.9,1755,0.901994301994302,0.00199430199430195,0.6427000115913613,2.033947165541496,0.8361584316091587,3.685006722428905,0.04562198067632861,12
pooled_same_robot,pooled_same_robot:OV_V2_03_difficult,V2,OV_V2_03_difficult,whitened_correlation,constant,ACI,calibration_only,0.1,0.9,1755,0.8837606837606837,0.016239316239316293,2.2513799996276784,3.180132464061457,2.753186052757941,5.5214832933677105,0.09477053140096628,20
pooled_same_robot,pooled_same_robot:OV_V2_03_difficult,V2,OV_V2_03_difficult,whitened_correlation,constant,AgACI-EWA,calibration_only,0.1,0.9,1755,0.9236467236467236,0.0236467236467236,2.31200153044165,3.2462999559764025,2.88286072721077,5.357291969087641,0.07445652173913063,11
pooled_same_robot,pooled_same_robot:OV_V2_03_difficult,V2,OV_V2_03_difficult,whitened_correlation,loglinear_covariance,ACI,calibration_only,0.1,0.9,1755,0.9207977207977208,0.020797720797720798,2.500790151806554,3.470372186584425,2.4237097447315907,2.028902338236575,0.06391304347826103,9
pooled_same_robot,pooled_same_robot:OV_V2_03_difficult,V2,OV_V2_03_difficult,whitened_correlation,loglinear_covariance,AgACI-EWA,calibration_only,0.1,0.9,1755,0.9384615384615385,0.038461538461538436,2.237082797053451,3.3101421978919014,2.1684074264666298,1.8708907280639624,0.051286231884058266,6
pooled_same_robot,pooled_same_robot:OV_V2_03_difficult,V2,OV_V2_03_difficult,whitened_correlation,loglinear_covariance_time,ACI,calibration_only,0.1,0.9,1755,0.9293447293447293,0.029344729344729314,2.4059976236445246,3.499113897712048,2.475834274702412,2.0536267783675908,0.059076086956521986,10
pooled_same_robot,pooled_same_robot:OV_V2_03_difficult,V2,OV_V2_03_difficult,whitened_correlation,loglinear_covariance_time,AgACI-EWA,calibration_only,0.1,0.9,1755,0.9390313390313391,0.03903133903133904,2.2554767546620322,3.2838268177510543,2.2020753411988445,1.885206475361947,0.05152173913043507,5
pooled_same_robot,pooled_same_robot:OV_V2_03_difficult,V2,OV_V2_03_difficult,correlation_shrink_0.25,constant,ACI,calibration_only,0.1,0.9,1755,0.8940170940170941,0.005982905982905962,2.1277006608741207,2.920314731617633,1.8530699610448396,20.816344124488484,0.06992753623188414,14
pooled_same_robot,pooled_same_robot:OV_V2_03_difficult,V2,OV_V2_03_difficult,correlation_shrink_0.25,constant,AgACI-EWA,calibration_only,0.1,0.9,1755,0.8866096866096866,0.01339031339031338,1.365870527875014,2.9035050669191618,1.217190975619773,18.44108926338905,0.03932971014492748,12
pooled_same_robot,pooled_same_robot:OV_V2_03_difficult,V2,OV_V2_03_difficult,correlation_shrink_0.25,loglinear_covariance,ACI,calibration_only,0.1,0.9,1755,0.9014245014245015,0.0014245014245014564,1.6721390190971022,3.0042461915756995,1.5229889343154288,19.56964444032657,0.08108695652173925,20
pooled_same_robot,pooled_same_robot:OV_V2_03_difficult,V2,OV_V2_03_difficult,correlation_shrink_0.25,loglinear_covariance,AgACI-EWA,calibration_only,0.1,0.9,1755,0.9076923076923077,0.007692307692307665,1.1198338948921105,3.2151641900899546,1.046303377892464,17.906168076612218,0.0334842995169083,5
pooled_same_robot,pooled_same_robot:OV_V2_03_difficult,V2,OV_V2_03_difficult,correlation_shrink_0.25,loglinear_covariance_time,ACI,calibration_only,0.1,0.9,1755,0.8997150997150997,0.0002849002849003579,1.7480595185605257,3.1154980093551092,1.531746865386074,19.73562584972818,0.07824879227053148,19
pooled_same_robot,pooled_same_robot:OV_V2_03_difficult,V2,OV_V2_03_difficult,correlation_shrink_0.25,loglinear_covariance_time,AgACI-EWA,calibration_only,0.1,0.9,1755,0.9082621082621083,0.00826210826210827,1.2350337333476897,3.2121433608326253,1.0702779882281266,18.03134576887854,0.027807971014492838,6
pooled_same_robot,pooled_same_robot:OV_V2_03_difficult,V2,OV_V2_03_difficult,correlation_shrink_0.25_fit_bias,constant,ACI,calibration_only,0.1,0.9,1755,0.8917378917378918,0.00826210826210827,2.2973206641406385,3.2756292596136687,2.1604617336975114,23.177047106328203,0.05666062801932367,16
pooled_same_robot,pooled_same_robot:OV_V2_03_difficult,V2,OV_V2_03_difficult,correlation_shrink_0.25_fit_bias,constant,AgACI-EWA,calibration_only,0.1,0.9,1755,0.8757834757834758,0.024216524216524205,1.823243111251081,3.255372131296585,1.6808747066232073,21.41372613392716,0.045990338164251035,7
pooled_same_robot,pooled_same_robot:OV_V2_03_difficult,V2,OV_V2_03_difficult,correlation_shrink_0.25_fit_bias,loglinear_covariance,ACI,calibration_only,0.1,0.9,1755,0.9048433048433049,0.004843304843304863,2.1408290696118346,3.4669188667685384,1.9777247140761882,22.396426638788736,0.06642512077294697,16
pooled_same_robot,pooled_same_robot:OV_V2_03_difficult,V2,OV_V2_03_difficult,correlation_shrink_0.25_fit_bias,loglinear_covariance,AgACI-EWA,calibration_only,0.1,0.9,1755,0.9065527065527066,0.0065527065527065664,1.7865608904602084,3.406178868094735,1.5287845629570622,20.261871268931213,0.024945652173913098,5
pooled_same_robot,pooled_same_robot:OV_V2_03_difficult,V2,OV_V2_03_difficult,correlation_shrink_0.25_fit_bias,loglinear_covariance_time,ACI,calibration_only,0.1,0.9,1755,0.9025641025641026,0.002564102564102555,2.147952851289766,3.4859647541554404,1.9765399442655878,22.443436435878585,0.06686594202898558,16
pooled_same_robot,pooled_same_robot:OV_V2_03_difficult,V2,OV_V2_03_difficult,correlation_shrink_0.25_fit_bias,loglinear_covariance_time,AgACI-EWA,calibration_only,0.1,0.9,1755,0.9065527065527066,0.0065527065527065664,1.6981149538976048,3.3221219605381087,1.4907058432917863,19.989492551642584,0.024879227053140114,5
pooled_same_robot,pooled_same_robot:OV_V2_03_difficult,V2,OV_V2_03_difficult,correlation_shrink_0.50,constant,ACI,calibration_only,0.1,0.9,1755,0.8945868945868946,0.005413105413105468,1.9175550693746413,2.880427723907838,1.6579788507636406,19.534627308749258,0.07100845410628027,13
pooled_same_robot,pooled_same_robot:OV_V2_03_difficult,V2,OV_V2_03_difficult,correlation_shrink_0.50,constant,AgACI-EWA,calibration_only,0.1,0.9,1755,0.8877492877492877,0.012250712250712281,1.086761621831915,2.7749005046304114,0.9745531355176491,17.199414193441985,0.038731884057970956,10
pooled_same_robot,pooled_same_robot:OV_V2_03_difficult,V2,OV_V2_03_difficult,correlation_shrink_0.50,loglinear_covariance,ACI,calibration_only,0.1,0.9,1755,0.9014245014245015,0.0014245014245014564,1.4317722189618287,2.7808524727377466,1.1861388195469424,17.393627822991494,0.07946256038647354,15
pooled_same_robot,pooled_same_robot:OV_V2_03_difficult,V2,OV_V2_03_difficult,correlation_shrink_0.50,loglinear_covariance,AgACI-EWA,calibration_only,0.1,0.9,1755,0.90997150997151,0.009971509971509973,0.8649055933246608,2.761273618845534,0.6601794863168462,15.723871674701257,0.034172705314009746,6
pooled_same_robot,pooled_same_robot:OV_V2_03_difficult,V2,OV_V2_03_difficult,correlation_shrink_0.50,loglinear_covariance_time,ACI,calibration_only,0.1,0.9,1755,0.9008547008547009,0.0008547008547008517,1.5454334359281212,2.9548218075864123,1.264902245155282,18.14686113275548,0.07145531400966187,15
pooled_same_robot,pooled_same_robot:OV_V2_03_difficult,V2,OV_V2_03_difficult,correlation_shrink_0.50,loglinear_covariance_time,AgACI-EWA,calibration_only,0.1,0.9,1755,0.9071225071225071,0.00712250712250706,0.9555502437768375,2.9295889093267418,0.7489712697212024,16.297956370449473,0.031298309178743995,4
pooled_same_robot,pooled_same_robot:OV_V2_03_difficult,V2,OV_V2_03_difficult,correlation_shrink_0.50_fit_bias,constant,ACI,calibration_only,0.1,0.9,1755,0.8917378917378918,0.00826210826210827,2.061359654875183,3.0783772265581466,1.9404814997824122,21.57667252372894,0.05870772946859907,15
pooled_same_robot,pooled_same_robot:OV_V2_03_difficult,V2,OV_V2_03_difficult,correlation_shrink_0.50_fit_bias,constant,AgACI-EWA,calibration_only,0.1,0.9,1755,0.8757834757834758,0.024216524216524205,1.523520068621485,3.0311052915109773,1.3933723360824395,19.76005742949403,0.04759057971014475,5
pooled_same_robot,pooled_same_robot:OV_V2_03_difficult,V2,OV_V2_03_difficult,correlation_shrink_0.50_fit_bias,loglinear_covariance,ACI,calibration_only,0.1,0.9,1755,0.9054131054131054,0.005413105413105357,1.9815972083909656,3.2835684904967883,1.6914580176869138,20.528580310631455,0.06685386473429959,19
pooled_same_robot,pooled_same_robot:OV_V2_03_difficult,V2,OV_V2_03_difficult,correlation_shrink_0.50_fit_bias,loglinear_covariance,AgACI-EWA,calibration_only,0.1,0.9,1755,0.905982905982906,0.005982905982905962,1.435695406535725,3.1294501511053343,1.2135570495429109,18.243201179108123,0.02200483091787445,5
pooled_same_robot,pooled_same_robot:OV_V2_03_difficult,V2,OV_V2_03_difficult,correlation_shrink_0.50_fit_bias,loglinear_covariance_time,ACI,calibration_only,0.1,0.9,1755,0.9054131054131054,0.005413105413105357,1.9765306999307946,3.2686328327961984,1.6875739015153994,20.531293467452375,0.06663043478260877,19
pooled_same_robot,pooled_same_robot:OV_V2_03_difficult,V2,OV_V2_03_difficult,correlation_shrink_0.50_fit_bias,loglinear_covariance_time,AgACI-EWA,calibration_only,0.1,0.9,1755,0.9065527065527066,0.0065527065527065664,1.4305928247886417,3.1688689425827947,1.227621018336028,18.380843978389777,0.021111111111111178,5
pooled_same_robot,pooled_same_robot:OV_V2_03_difficult,V2,OV_V2_03_difficult,correlation_shrink_0.75,constant,ACI,calibration_only,0.1,0.9,1755,0.8945868945868946,0.005413105413105468,1.826839331102498,2.817500387795621,1.5831764387931764,19.046704258315696,0.06901570048309189,13
pooled_same_robot,pooled_same_robot:OV_V2_03_difficult,V2,OV_V2_03_difficult,correlation_shrink_0.75,constant,AgACI-EWA,calibration_only,0.1,0.9,1755,0.8877492877492877,0.012250712250712281,0.9978605200518444,2.7033154593634108,0.8819369432283817,16.612403114666687,0.034873188405797034,11
pooled_same_robot,pooled_same_robot:OV_V2_03_difficult,V2,OV_V2_03_difficult,correlation_shrink_0.75,loglinear_covariance,ACI,calibration_only,0.1,0.9,1755,0.901994301994302,0.00199430199430195,1.4884874006725415,3.076432386272648,1.2027840137009136,18.07232198352938,0.07208937198067637,18
pooled_same_robot,pooled_same_robot:OV_V2_03_difficult,V2,OV_V2_03_difficult,correlation_shrink_0.75,loglinear_covariance,AgACI-EWA,calibration_only,0.1,0.9,1755,0.905982905982906,0.005982905982905962,0.8574727746030906,2.9473220134311604,0.6571099012862146,15.96494408481405,0.031497584541062815,7
pooled_same_robot,pooled_same_robot:OV_V2_03_difficult,V2,OV_V2_03_difficult,correlation_shrink_0.75,loglinear_covariance_time,ACI,calibration_only,0.1,0.9,1755,0.9014245014245015,0.0014245014245014564,1.5012893327337675,3.178456410594311,1.2171736951983023,18.33234439273853,0.07155193236714981,21
pooled_same_robot,pooled_same_robot:OV_V2_03_difficult,V2,OV_V2_03_difficult,correlation_shrink_0.75,loglinear_covariance_time,AgACI-EWA,calibration_only,0.1,0.9,1755,0.9065527065527066,0.0065527065527065664,0.8686245777049866,2.9687139081766554,0.676317944063931,16.12749519883649,0.03282004830917879,8
pooled_same_robot,pooled_same_robot:OV_V2_03_difficult,V2,OV_V2_03_difficult,correlation_shrink_0.75_fit_bias,constant,ACI,calibration_only,0.1,0.9,1755,0.8911680911680911,0.008831908831908875,1.9699956012927267,2.9717707731402845,1.8320760773502427,20.83745027577874,0.0596497584541063,14
pooled_same_robot,pooled_same_robot:OV_V2_03_difficult,V2,OV_V2_03_difficult,correlation_shrink_0.75_fit_bias,constant,AgACI-EWA,calibration_only,0.1,0.9,1755,0.8803418803418803,0.0196581196581197,1.410421314056336,2.935728692817696,1.2709497610909761,19.0485713687103,0.046268115942028856,10
pooled_same_robot,pooled_same_robot:OV_V2_03_difficult,V2,OV_V2_03_difficult,correlation_shrink_0.75_fit_bias,loglinear_covariance,ACI,calibration_only,0.1,0.9,1755,0.9054131054131054,0.005413105413105357,1.90685065488411,3.398707136376645,1.624107205975246,20.60776637916752,0.06179951690821266,14
pooled_same_robot,pooled_same_robot:OV_V2_03_difficult,V2,OV_V2_03_difficult,correlation_shrink_0.75_fit_bias,loglinear_covariance,AgACI-EWA,calibration_only,0.1,0.9,1755,0.9008547008547009,0.0008547008547008517,1.365454421420221,3.225644768628326,1.2077535057103492,18.51676660457824,0.02573067632850245,8
pooled_same_robot,pooled_same_robot:OV_V2_03_difficult,V2,OV_V2_03_difficult,correlation_shrink_0.75_fit_bias,loglinear_covariance_time,ACI,calibration_only,0.1,0.9,1755,0.9065527065527066,0.0065527065527065664,1.8976237511553862,3.312805017547063,1.5993977617706412,20.23932206820816,0.06294685990338174,14
pooled_same_robot,pooled_same_robot:OV_V2_03_difficult,V2,OV_V2_03_difficult,correlation_shrink_0.75_fit_bias,loglinear_covariance_time,AgACI-EWA,calibration_only,0.1,0.9,1755,0.8974358974358975,0.002564102564102555,1.3306032284340716,3.1467648634318763,1.154786423499499,18.043860178493777,0.028913043478260857,8
pooled_same_robot,pooled_same_robot:OV_V2_03_difficult,V2,OV_V2_03_difficult,normalized_empirical_blend_0.25,constant,ACI,calibration_only,0.1,0.9,1755,0.90997150997151,0.009971509971509973,-3.4930268659548673,-2.6089824389467626,-3.407230846005236,3.3287899189517822,0.07237922705314023,19
pooled_same_robot,pooled_same_robot:OV_V2_03_difficult,V2,OV_V2_03_difficult,normalized_empirical_blend_0.25,constant,AgACI-EWA,calibration_only,0.1,0.9,1755,0.913960113960114,0.013960113960113985,-3.8897230412622052,-2.850276094904085,-3.807040519082899,2.9491234207637156,0.03063405797101465,7
pooled_same_robot,pooled_same_robot:OV_V2_03_difficult,V2,OV_V2_03_difficult,normalized_empirical_blend_0.25,loglinear_covariance,ACI,calibration_only,0.1,0.9,1755,0.9111111111111111,0.011111111111111072,-3.4381072351667825,-2.4240591826540077,-3.302111838026359,3.4678883014673274,0.07469806763285042,20
pooled_same_robot,pooled_same_robot:OV_V2_03_difficult,V2,OV_V2_03_difficult,normalized_empirical_blend_0.25,loglinear_covariance,AgACI-EWA,calibration_only,0.1,0.9,1755,0.9105413105413105,0.010541310541310467,-3.8398154148373775,-2.7972716150179235,-3.784794162155143,2.9840616210634003,0.028840579710145076,6
pooled_same_robot,pooled_same_robot:OV_V2_03_difficult,V2,OV_V2_03_difficult,normalized_empirical_blend_0.25,loglinear_covariance_time,ACI,calibration_only,0.1,0.9,1755,0.9094017094017094,0.009401709401709368,-3.403298598029118,-2.3298822944765454,-3.2664477743353846,3.516547275999846,0.07545893719806782,19
pooled_same_robot,pooled_same_robot:OV_V2_03_difficult,V2,OV_V2_03_difficult,normalized_empirical_blend_0.25,loglinear_covariance_time,AgACI-EWA,calibration_only,0.1,0.9,1755,0.90997150997151,0.009971509971509973,-3.834243569347123,-2.7782699032008975,-3.766258465988542,3.006239147288282,0.029444444444444558,5
pooled_same_robot,pooled_same_robot:OV_V2_03_difficult,V2,OV_V2_03_difficult,normalized_empirical_blend_0.50,constant,ACI,calibration_only,0.1,0.9,1755,0.9088319088319088,0.008831908831908764,-3.6086924684647075,-2.8284547339567467,-3.468773622634486,3.379122543739447,0.06783212560386484,18
pooled_same_robot,pooled_same_robot:OV_V2_03_difficult,V2,OV_V2_03_difficult,normalized_empirical_blend_0.50,constant,AgACI-EWA,calibration_only,0.1,0.9,1755,0.9168091168091168,0.016809116809116786,-3.792371197811846,-2.933803494599652,-3.78816309041923,3.0701351889590893,0.03280797101449289,5
pooled_same_robot,pooled_same_robot:OV_V2_03_difficult,V2,OV_V2_03_difficult,normalized_empirical_blend_0.50,constant,ACI,recent_100,0.1,0.9,1755,0.8683760683760684,0.03162393162393162,-3.6241218162939184,-2.9143488111012177,-3.5302126774691045,3.3185455215515427,0.08195652173913046,23
pooled_same_robot,pooled_same_robot:OV_V2_03_difficult,V2,OV_V2_03_difficult,normalized_empirical_blend_0.50,constant,AgACI-EWA,recent_100,0.1,0.9,1755,0.8501424501424502,0.049857549857549865,-3.7866914619746046,-2.9356711305248693,-3.730239341608316,3.1149703681752006,0.0787801932367149,16
pooled_same_robot,pooled_same_robot:OV_V2_03_difficult,V2,OV_V2_03_difficult,normalized_empirical_blend_0.50,constant,ACI,recent_300,0.1,0.9,1755,0.8797720797720797,0.020227920227920304,-3.641768192336274,-2.8923078727891367,-3.56271864644798,3.2839720337064415,0.10192028985507254,21
pooled_same_robot,pooled_same_robot:OV_V2_03_difficult,V2,OV_V2_03_difficult,normalized_empirical_blend_0.50,constant,AgACI-EWA,recent_300,0.1,0.9,1755,0.8757834757834758,0.024216524216524205,-3.795123480019342,-2.945064897919324,-3.7484267989986386,3.0933254427559422,0.06748792270531405,21
pooled_same_robot,pooled_same_robot:OV_V2_03_difficult,V2,OV_V2_03_difficult,normalized_empirical_blend_0.50,loglinear_covariance,ACI,calibration_only,0.1,0.9,1755,0.9105413105413105,0.010541310541310467,-3.498822963298302,-2.6187302866078332,-3.3393155985569396,3.562882833424525,0.07389492753623204,18
pooled_same_robot,pooled_same_robot:OV_V2_03_difficult,V2,OV_V2_03_difficult,normalized_empirical_blend_0.50,loglinear_covariance,AgACI-EWA,calibration_only,0.1,0.9,1755,0.9122507122507123,0.012250712250712281,-3.773286588570585,-2.846676761520846,-3.7510389040808345,3.132326160331716,0.029873188405797245,5
pooled_same_robot,pooled_same_robot:OV_V2_03_difficult,V2,OV_V2_03_difficult,normalized_empirical_blend_0.50,loglinear_covariance,ACI,recent_100,0.1,0.9,1755,0.8660968660968661,0.03390313390313393,-3.589836894902821,-2.6906864990066377,-3.4746760473038187,3.409916011116995,0.08708333333333339,24
pooled_same_robot,pooled_same_robot:OV_V2_03_difficult,V2,OV_V2_03_difficult,normalized_empirical_blend_0.50,loglinear_covariance,AgACI-EWA,recent_100,0.1,0.9,1755,0.8461538461538461,0.05384615384615388,-3.780182026953229,-2.852823030958512,-3.696546326207479,3.172601812433532,0.08570652173913038,16
pooled_same_robot,pooled_same_robot:OV_V2_03_difficult,V2,OV_V2_03_difficult,normalized_empirical_blend_0.50,loglinear_covariance,ACI,recent_300,0.1,0.9,1755,0.8803418803418803,0.0196581196581197,-3.4975526931934207,-2.749021733827869,-3.471239889113391,3.410230850525512,0.10380434782608705,28
pooled_same_robot,pooled_same_robot:OV_V2_03_difficult,V2,OV_V2_03_difficult,normalized_empirical_blend_0.50,loglinear_covariance,AgACI-EWA,recent_300,0.1,0.9,1755,0.8757834757834758,0.024216524216524205,-3.7869797868643413,-2.9261056427369083,-3.7188073930391115,3.1428692186650133,0.06624396135265705,16
pooled_same_robot,pooled_same_robot:OV_V2_03_difficult,V2,OV_V2_03_difficult,normalized_empirical_blend_0.50,loglinear_covariance_time,ACI,calibration_only,0.1,0.9,1755,0.9094017094017094,0.009401709401709368,-3.4789744878875375,-2.5793819456983837,-3.3358858281631583,3.5730810820844616,0.0728442028985509,18
pooled_same_robot,pooled_same_robot:OV_V2_03_difficult,V2,OV_V2_03_difficult,normalized_empirical_blend_0.50,loglinear_covariance_time,AgACI-EWA,calibration_only,0.1,0.9,1755,0.9133903133903134,0.01339031339031338,-3.7661557157080434,-2.8547059283609766,-3.7407167017838545,3.1435771307249354,0.029993961352657136,7
pooled_same_robot,pooled_same_robot:OV_V2_03_difficult,V2,OV_V2_03_difficult,normalized_empirical_blend_0.50,loglinear_covariance_time,ACI,recent_100,0.1,0.9,1755,0.8666666666666667,0.033333333333333326,-3.583018407023605,-2.7181215172508906,-3.474414722577186,3.4111928075723483,0.08610507246376815,24
pooled_same_robot,pooled_same_robot:OV_V2_03_difficult,V2,OV_V2_03_difficult,normalized_empirical_blend_0.50,loglinear_covariance_time,AgACI-EWA,recent_100,0.1,0.9,1755,0.8421652421652421,0.05783475783475789,-3.774586443758727,-2.8679143210162668,-3.6925465526052244,3.178751104488662,0.08876207729468591,21
pooled_same_robot,pooled_same_robot:OV_V2_03_difficult,V2,OV_V2_03_difficult,normalized_empirical_blend_0.50,loglinear_covariance_time,ACI,recent_300,0.1,0.9,1755,0.8786324786324786,0.021367521367521403,-3.541087956087946,-2.780313947932165,-3.4791305141766387,3.4026281575780586,0.10353260869565227,28
pooled_same_robot,pooled_same_robot:OV_V2_03_difficult,V2,OV_V2_03_difficult,normalized_empirical_blend_0.50,loglinear_covariance_time,AgACI-EWA,recent_300,0.1,0.9,1755,0.8769230769230769,0.023076923076923106,-3.7936575437637634,-2.92178642519146,-3.7165319992240162,3.147535278993603,0.06864130434782612,16
pooled_same_robot,pooled_same_robot:OV_V2_03_difficult,V2,OV_V2_03_difficult,normalized_empirical_blend_0.75,constant,ACI,calibration_only,0.1,0.9,1755,0.9065527065527066,0.0065527065527065664,-3.3458413165818675,-2.850415765428857,-3.3304658580059807,3.7920213099727382,0.06097826086956528,21
pooled_same_robot,pooled_same_robot:OV_V2_03_difficult,V2,OV_V2_03_difficult,normalized_empirical_blend_0.75,constant,AgACI-EWA,calibration_only,0.1,0.9,1755,0.9253561253561253,0.025356125356125303,-3.480301990704227,-2.887265999681693,-3.565231305798585,3.5375332905824237,0.03695048309178766,4
pooled_same_robot,pooled_same_robot:OV_V2_03_difficult,V2,OV_V2_03_difficult,normalized_empirical_blend_0.75,loglinear_covariance,ACI,calibration_only,0.1,0.9,1755,0.9094017094017094,0.009401709401709368,-3.3309611474643654,-2.616707705721525,-3.223023615789931,3.980458490377673,0.0527717391304349,15
pooled_same_robot,pooled_same_robot:OV_V2_03_difficult,V2,OV_V2_03_difficult,normalized_empirical_blend_0.75,loglinear_covariance,AgACI-EWA,calibration_only,0.1,0.9,1755,0.9156695156695157,0.015669515669515688,-3.51280335348759,-2.7842916109495777,-3.5441898417202484,3.591318341942734,0.03036835748792286,4
pooled_same_robot,pooled_same_robot:OV_V2_03_difficult,V2,OV_V2_03_difficult,normalized_empirical_blend_0.75,loglinear_covariance_time,ACI,calibration_only,0.1,0.9,1755,0.9088319088319088,0.008831908831908764,-3.328969692151844,-2.555629963833585,-3.2216657166988556,3.986429432545863,0.05273550724637692,16
pooled_same_robot,pooled_same_robot:OV_V2_03_difficult,V2,OV_V2_03_difficult,normalized_empirical_blend_0.75,loglinear_covariance_time,AgACI-EWA,calibration_only,0.1,0.9,1755,0.9122507122507123,0.012250712250712281,-3.495104759595498,-2.793521228796384,-3.5343436594269777,3.6088932299438885,0.02920289855072479,4
cross_environment,cross_environment:MH:OV_MH_01_easy,MH,OV_MH_01_easy,raw_openvins,constant,ACI,calibration_only,0.1,0.9,2669,0.9250655676283253,0.025065567628325236,3.3825564938536505,4.139607320313586,2.788249561870568,23.604406222442194,0.09009727626459164,28
cross_environment,cross_environment:MH:OV_MH_01_easy,MH,OV_MH_01_easy,raw_openvins,constant,AgACI-EWA,calibration_only,0.1,0.9,2669,0.9595354065192956,0.059535406519295564,3.015894537400504,4.128985828052466,2.536032793150819,21.727229448118752,0.0589571984435802,2
cross_environment,cross_environment:MH:OV_MH_01_easy,MH,OV_MH_01_easy,raw_openvins,constant,ACI,recent_100,0.1,0.9,2669,0.8400149868864744,0.059985013113525665,3.1854230101293153,4.265666495419087,2.6927362303904707,22.746263325883774,0.14390661478599226,40
cross_environment,cross_environment:MH:OV_MH_01_easy,MH,OV_MH_01_easy,raw_openvins,constant,AgACI-EWA,recent_100,0.1,0.9,2669,0.8224053952791308,0.07759460472086921,3.018495082880838,4.177939212996996,2.4721365287203176,21.393204049209842,0.1391011673151751,33
cross_environment,cross_environment:MH:OV_MH_01_easy,MH,OV_MH_01_easy,raw_openvins,constant,ACI,recent_300,0.1,0.9,2669,0.8658673660547022,0.03413263394529786,3.3105523133157675,4.255282551257237,2.8003459987445067,23.447296414557623,0.14352529182879392,35
cross_environment,cross_environment:MH:OV_MH_01_easy,MH,OV_MH_01_easy,raw_openvins,constant,AgACI-EWA,recent_300,0.1,0.9,2669,0.8628699887598351,0.037130011240164906,2.9767231171898905,4.14174222772284,2.427001917399204,21.073250246874824,0.10378988326848258,34
cross_environment,cross_environment:MH:OV_MH_01_easy,MH,OV_MH_01_easy,raw_openvins,loglinear_covariance,ACI,calibration_only,0.1,0.9,2669,0.9261895841139003,0.026189584113900266,3.038396054524666,4.309770384440057,2.811314198331773,23.044347881620443,0.05224124513618698,11
cross_environment,cross_environment:MH:OV_MH_01_easy,MH,OV_MH_01_easy,raw_openvins,loglinear_covariance,AgACI-EWA,calibration_only,0.1,0.9,2669,0.9655301611090296,0.06553016110902954,3.0844344668681885,4.266211032195122,2.9709388349259105,24.143277958046028,0.08157198443579808,15
cross_environment,cross_environment:MH:OV_MH_01_easy,MH,OV_MH_01_easy,raw_openvins,loglinear_covariance,ACI,recent_100,0.1,0.9,2669,0.855751217684526,0.04424878231547402,3.0687759534262797,4.503913917387327,2.7848433110958255,23.826838503335892,0.1216459143968872,33
cross_environment,cross_environment:MH:OV_MH_01_easy,MH,OV_MH_01_easy,raw_openvins,loglinear_covariance,AgACI-EWA,recent_100,0.1,0.9,2669,0.8403896590483327,0.059610340951667284,3.0296943026575134,4.423983672301873,2.662609556730969,23.06871946725465,0.1275369649805448,35
cross_environment,cross_environment:MH:OV_MH_01_easy,MH,OV_MH_01_easy,raw_openvins,loglinear_covariance,ACI,recent_300,0.1,0.9,2669,0.880854252529037,0.01914574747096298,3.123453140049153,4.598710452830006,2.942751457310369,25.104580728298092,0.13767704280155663,40
cross_environment,cross_environment:MH:OV_MH_01_easy,MH,OV_MH_01_easy,raw_openvins,loglinear_covariance,AgACI-EWA,recent_300,0.1,0.9,2669,0.8771075309104533,0.022892469089546674,2.9978686520627624,4.48463581514778,2.600500757472505,22.691021007795662,0.10702723735408569,35
cross_environment,cross_environment:MH:OV_MH_01_easy,MH,OV_MH_01_easy,raw_openvins,loglinear_covariance_time,ACI,calibration_only,0.1,0.9,2669,0.9265642562757587,0.026564256275758646,3.0529366443695025,4.3343215483583,2.82576004706839,23.157222705863948,0.054132295719844556,10
cross_environment,cross_environment:MH:OV_MH_01_easy,MH,OV_MH_01_easy,raw_openvins,loglinear_covariance_time,AgACI-EWA,calibration_only,0.1,0.9,2669,0.9636568002997378,0.06365680029973775,3.099639666973177,4.263716861376277,2.8225912518067098,23.481977701441117,0.08136575875486422,29
cross_environment,cross_environment:MH:OV_MH_01_easy,MH,OV_MH_01_easy,raw_openvins,loglinear_covariance_time,ACI,recent_100,0.1,0.9,2669,0.858748594979393,0.04125140502060698,3.0739885651128738,4.513151433123813,2.778926939199427,23.727751946643522,0.11984435797665374,33
cross_environment,cross_environment:MH:OV_MH_01_easy,MH,OV_MH_01_easy,raw_openvins,loglinear_covariance_time,AgACI-EWA,recent_100,0.1,0.9,2669,0.8430123641813413,0.05698763581865873,3.02761392001036,4.411688341380696,2.65311584608923,22.945806391442787,0.12436964980544749,34
cross_environment,cross_environment:MH:OV_MH_01_easy,MH,OV_MH_01_easy,raw_openvins,loglinear_covariance_time,ACI,recent_300,0.1,0.9,2669,0.8819782690146122,0.01802173098538784,3.0884879635827067,4.6111685882585345,2.917681214458835,24.87101410966719,0.13280933852140098,45
cross_environment,cross_environment:MH:OV_MH_01_easy,MH,OV_MH_01_easy,raw_openvins,loglinear_covariance_time,AgACI-EWA,recent_300,0.1,0.9,2669,0.8812289246908954,0.0187710753091046,3.0013976025815987,4.474524543550287,2.593239455173694,22.60565513890872,0.10099221789883282,34
cross_environment,cross_environment:MH:OV_MH_01_easy,MH,OV_MH_01_easy,raw_openvins_fit_bias,constant,ACI,calibration_only,0.1,0.9,2669,0.9213188460097415,0.021318846009741432,5.988575768730408,6.682254157553147,5.828963434453784,61.197341513430544,0.08741634241245157,37
cross_environment,cross_environment:MH:OV_MH_01_easy,MH,OV_MH_01_easy,raw_openvins_fit_bias,constant,AgACI-EWA,calibration_only,0.1,0.9,2669,0.9336830273510678,0.03368302735106776,5.549333939216351,6.5587341327138855,5.490907031714153,54.850986465702334,0.03858365758754898,2
cross_environment,cross_environment:MH:OV_MH_01_easy,MH,OV_MH_01_easy,raw_openvins_fit_bias,loglinear_covariance,ACI,calibration_only,0.1,0.9,2669,0.8842263019857625,0.015773698014237558,5.784603751114945,6.9761121377021915,6.344925897219515,202.9225385378023,0.05603891050583654,16
cross_environment,cross_environment:MH:OV_MH_01_easy,MH,OV_MH_01_easy,raw_openvins_fit_bias,loglinear_covariance,AgACI-EWA,calibration_only,0.1,0.9,2669,0.9482952416635444,0.048295241663544375,5.909015497823637,6.8292406839282975,5.93246952969882,87.56050288723428,0.057665369649805794,4
cross_environment,cross_environment:MH:OV_MH_01_easy,MH,OV_MH_01_easy,raw_openvins_fit_bias,loglinear_covariance_time,ACI,calibration_only,0.1,0.9,2669,0.885724990633196,0.014275009366804037,5.856051349893576,7.072705602428081,6.43973961779587,208.62075896837825,0.06846692607003886,13
cross_environment,cross_environment:MH:OV_MH_01_easy,MH,OV_MH_01_easy,raw_openvins_fit_bias,loglinear_covariance_time,AgACI-EWA,calibration_only,0.1,0.9,2669,0.9494192581491195,0.049419258149119516,6.174016902454934,7.156262757264303,6.038500352932264,82.82553742995465,0.061190661478599584,5
cross_environment,cross_environment:MH:OV_MH_01_easy,MH,OV_MH_01_easy,diagonal_openvins,constant,ACI,calibration_only,0.1,0.9,2669,0.9059572873735482,0.00595728737354817,1.2684326818585188,4.338540836504304,1.7545644511353182,14.97567980019983,0.06600000000000014,23
cross_environment,cross_environment:MH:OV_MH_01_easy,MH,OV_MH_01_easy,diagonal_openvins,constant,AgACI-EWA,calibration_only,0.1,0.9,2669,0.9198201573623079,0.01982015736230791,0.923583364217766,4.401430303168528,1.3947701332689535,14.07988068526039,0.04040856031128425,7
cross_environment,cross_environment:MH:OV_MH_01_easy,MH,OV_MH_01_easy,diagonal_openvins,loglinear_covariance,ACI,calibration_only,0.1,0.9,2669,0.8403896590483327,0.059610340951667284,1.1888112983594485,4.107837925640342,1.5500183029151735,14.533846561761939,0.1250038910505837,18
cross_environment,cross_environment:MH:OV_MH_01_easy,MH,OV_MH_01_easy,diagonal_openvins,loglinear_covariance,AgACI-EWA,calibration_only,0.1,0.9,2669,0.9224428624953166,0.022442862495316573,1.921673570518342,4.179010974995072,1.9097667941303902,16.0138726219973,0.09291828793774341,22
cross_environment,cross_environment:MH:OV_MH_01_easy,MH,OV_MH_01_easy,diagonal_openvins,loglinear_covariance_time,ACI,calibration_only,0.1,0.9,2669,0.8362682652678906,0.06373173473210947,1.17291706901762,4.122246790921962,1.5374051621657194,14.48290165193464,0.1293968871595331,18
cross_environment,cross_environment:MH:OV_MH_01_easy,MH,OV_MH_01_easy,diagonal_openvins,loglinear_covariance_time,AgACI-EWA,calibration_only,0.1,0.9,2669,0.9123267141251405,0.012326714125140525,2.0096873177561747,4.2021185873624,1.9337651826942495,16.165442394173464,0.09678988326848272,23
cross_environment,cross_environment:MH:OV_MH_01_easy,MH,OV_MH_01_easy,diagonal_openvins_fit_bias,constant,ACI,calibration_only,0.1,0.9,2669,0.9029599100786811,0.002959910078681127,2.5860466688809716,4.2969464011381,2.851039736059802,20.40525480013458,0.056618677042801664,23
cross_environment,cross_environment:MH:OV_MH_01_easy,MH,OV_MH_01_easy,diagonal_openvins_fit_bias,constant,AgACI-EWA,calibration_only,0.1,0.9,2669,0.9183214687148745,0.0183214687148745,2.3416430397657866,4.394437202509665,2.68898427810043,19.91810770899039,0.030529182879377635,4
cross_environment,cross_environment:MH:OV_MH_01_easy,MH,OV_MH_01_easy,diagonal_openvins_fit_bias,loglinear_covariance,ACI,calibration_only,0.1,0.9,2669,0.9022105657549644,0.0022105657549643665,2.5984878215768124,4.3628717762453135,2.7082884004887453,20.040432403326946,0.05452140077821021,12
cross_environment,cross_environment:MH:OV_MH_01_easy,MH,OV_MH_01_easy,diagonal_openvins_fit_bias,loglinear_covariance,AgACI-EWA,calibration_only,0.1,0.9,2669,0.9321843387036344,0.03218433870363435,2.7075945096463325,4.372862683753771,2.7399339287089033,20.209392821361387,0.055824902723735685,10
cross_environment,cross_environment:MH:OV_MH_01_easy,MH,OV_MH_01_easy,diagonal_openvins_fit_bias,loglinear_covariance_time,ACI,calibration_only,0.1,0.9,2669,0.901835893593106,0.001835893593105986,2.5707025609480025,4.382416634717483,2.690885832316343,19.91067749708735,0.05514396887159543,12
cross_environment,cross_environment:MH:OV_MH_01_easy,MH,OV_MH_01_easy,diagonal_openvins_fit_bias,loglinear_covariance_time,AgACI-EWA,calibration_only,0.1,0.9,2669,0.938928437617085,0.03892843761708498,2.6911529489476766,4.396018800653833,2.7378871498053594,20.191949591638135,0.06073929961089526,10
cross_environment,cross_environment:MH:OV_MH_01_easy,MH,OV_MH_01_easy,standardized_correlation,constant,ACI,calibration_only,0.1,0.9,2669,0.9010865492693892,0.0010865492693892254,3.3882000501964895,4.777531312928098,3.5761843765480172,4.2861391140365095,0.060587548638132344,17
cross_environment,cross_environment:MH:OV_MH_01_easy,MH,OV_MH_01_easy,standardized_correlation,constant,AgACI-EWA,calibration_only,0.1,0.9,2669,0.941925814911952,0.04192581491195202,3.332363829878493,4.778409736756877,3.503279753022777,4.2145699558546115,0.041774319066148265,8
cross_environment,cross_environment:MH:OV_MH_01_easy,MH,OV_MH_01_easy,standardized_correlation,constant,ACI,recent_100,0.1,0.9,2669,0.8561258898463844,0.04387411015361564,3.4321083387828044,4.977365260607408,3.600652785925886,4.357294288756335,0.10884046692607005,32
cross_environment,cross_environment:MH:OV_MH_01_easy,MH,OV_MH_01_easy,standardized_correlation,constant,AgACI-EWA,recent_100,0.1,0.9,2669,0.8370176095916073,0.06298239040839271,3.3300423808097186,4.839932784659029,3.464502260848011,4.164370472912807,0.09499221789883264,33
cross_environment,cross_environment:MH:OV_MH_01_easy,MH,OV_MH_01_easy,standardized_correlation,constant,ACI,recent_300,0.1,0.9,2669,0.8598726114649682,0.04012738853503184,3.4404847615409198,4.9179046926001675,3.6127753669638394,4.3689641940022454,0.1183735408560312,33
cross_environment,cross_environment:MH:OV_MH_01_easy,MH,OV_MH_01_easy,standardized_correlation,constant,AgACI-EWA,recent_300,0.1,0.9,2669,0.8568752341701011,0.04312476582989888,3.284295868250039,4.791518124986728,3.4438158815526014,4.135029198860957,0.07771984435797669,32
cross_environment,cross_environment:MH:OV_MH_01_easy,MH,OV_MH_01_easy,standardized_correlation,loglinear_covariance,ACI,calibration_only,0.1,0.9,2669,0.9003372049456725,0.0003372049456724646,3.503234473264932,4.714568468335135,3.614749224687757,4.370248951287383,0.05032684824902729,16
cross_environment,cross_environment:MH:OV_MH_01_easy,MH,OV_MH_01_easy,standardized_correlation,loglinear_covariance,AgACI-EWA,calibration_only,0.1,0.9,2669,0.926938928437617,0.026938928437617027,3.4164465674721565,4.826926921403408,3.591600599646177,4.366382656052989,0.053112840466926346,14
cross_environment,cross_environment:MH:OV_MH_01_easy,MH,OV_MH_01_easy,standardized_correlation,loglinear_covariance,ACI,recent_100,0.1,0.9,2669,0.8516298239040839,0.048370176095916095,3.641778151156233,4.9804592260685645,3.7667341553636216,4.679113183494289,0.10609727626459145,23
cross_environment,cross_environment:MH:OV_MH_01_easy,MH,OV_MH_01_easy,standardized_correlation,loglinear_covariance,AgACI-EWA,recent_100,0.1,0.9,2669,0.8343949044585988,0.06560509554140126,3.4116856659339643,4.809013480858866,3.5310349610000062,4.282959721794627,0.09969260700389097,24
cross_environment,cross_environment:MH:OV_MH_01_easy,MH,OV_MH_01_easy,standardized_correlation,loglinear_covariance,ACI,recent_300,0.1,0.9,2669,0.873735481453728,0.026264518546271987,3.692154048385665,5.01433612432267,3.8478965733613784,4.7627874536637025,0.11201556420233476,34
cross_environment,cross_environment:MH:OV_MH_01_easy,MH,OV_MH_01_easy,standardized_correlation,loglinear_covariance,AgACI-EWA,recent_300,0.1,0.9,2669,0.8602472836268266,0.03975271637317346,3.4169887222064133,4.70182626841719,3.4987813083326427,4.225164746741399,0.07713229571984435,24
cross_environment,cross_environment:MH:OV_MH_01_easy,MH,OV_MH_01_easy,standardized_correlation,loglinear_covariance_time,ACI,calibration_only,0.1,0.9,2669,0.9003372049456725,0.0003372049456724646,3.5044004388436663,4.707683389319104,3.6066223449135104,4.357321414228814,0.05070428015564208,17
cross_environment,cross_environment:MH:OV_MH_01_easy,MH,OV_MH_01_easy,standardized_correlation,loglinear_covariance_time,AgACI-EWA,calibration_only,0.1,0.9,2669,0.9321843387036344,0.03218433870363435,3.433851391469722,4.812125008364993,3.596847522505468,4.3701621806918896,0.0567120622568096,13
cross_environment,cross_environment:MH:OV_MH_01_easy,MH,OV_MH_01_easy,standardized_correlation,loglinear_covariance_time,ACI,recent_100,0.1,0.9,2669,0.8493817909329336,0.05061820906706638,3.6388383638864603,4.955421254629393,3.7608578555712464,4.663547878700294,0.10898832684824904,24
cross_environment,cross_environment:MH:OV_MH_01_easy,MH,OV_MH_01_easy,standardized_correlation,loglinear_covariance_time,AgACI-EWA,recent_100,0.1,0.9,2669,0.8317721993255901,0.06822780067440992,3.401253203761798,4.805845992549589,3.5238101023220296,4.270624252880582,0.10259533073929952,24
cross_environment,cross_environment:MH:OV_MH_01_easy,MH,OV_MH_01_easy,standardized_correlation,loglinear_covariance_time,ACI,recent_300,0.1,0.9,2669,0.8718621206444361,0.02813787935556389,3.6930973102745783,4.984997185438424,3.842802374819132,4.750731306171943,0.11481712062256824,34
cross_environment,cross_environment:MH:OV_MH_01_easy,MH,OV_MH_01_easy,standardized_correlation,loglinear_covariance_time,AgACI-EWA,recent_300,0.1,0.9,2669,0.8602472836268266,0.03975271637317346,3.400712326436723,4.71593422021643,3.491715945249044,4.2119134327925964,0.07837354085603114,24
cross_environment,cross_environment:MH:OV_MH_01_easy,MH,OV_MH_01_easy,whitened_correlation,constant,ACI,calibration_only,0.1,0.9,2669,0.8175346571749719,0.08246534282502815,5.2482904625782005,7.429772445429065,5.570793860828388,5.667669539241039,0.13403891050583655,13
cross_environment,cross_environment:MH:OV_MH_01_easy,MH,OV_MH_01_easy,whitened_correlation,constant,AgACI-EWA,calibration_only,0.1,0.9,2669,0.8965904833270888,0.003409516672911228,5.290737078178072,11.146025675850003,5.383854356474726,5.88804298843313,0.056350194552529424,1
cross_environment,cross_environment:MH:OV_MH_01_easy,MH,OV_MH_01_easy,whitened_correlation,loglinear_covariance,ACI,calibration_only,0.1,0.9,2669,0.8137879355563882,0.08621206444361185,5.183048831175025,10.494690958578369,5.286070226489344,4.4095555964939415,0.13451361867704278,16
cross_environment,cross_environment:MH:OV_MH_01_easy,MH,OV_MH_01_easy,whitened_correlation,loglinear_covariance,AgACI-EWA,calibration_only,0.1,0.9,2669,0.9423004870738104,0.0423004870738104,5.247306260413779,9.501550079470801,5.295884230692189,4.59619346317236,0.050435797665369986,2
cross_environment,cross_environment:MH:OV_MH_01_easy,MH,OV_MH_01_easy,whitened_correlation,loglinear_covariance_time,ACI,calibration_only,0.1,0.9,2669,0.8928437617085051,0.007156238291494921,5.210877118016924,6.542847371590215,4.953392275319805,3.177144495639192,0.05896887159533065,12
cross_environment,cross_environment:MH:OV_MH_01_easy,MH,OV_MH_01_easy,whitened_correlation,loglinear_covariance_time,AgACI-EWA,calibration_only,0.1,0.9,2669,0.9408017984263769,0.04080179842637688,5.337561317139293,6.568657965313292,4.7705964642741705,3.139878335476312,0.04316342412451401,2
cross_environment,cross_environment:MH:OV_MH_01_easy,MH,OV_MH_01_easy,correlation_shrink_0.25,constant,ACI,calibration_only,0.1,0.9,2669,0.9082053203446984,0.008205320344698341,1.5128429262449945,4.015662536364608,1.7664184837752226,15.818254906228749,0.07364202334630365,24
cross_environment,cross_environment:MH:OV_MH_01_easy,MH,OV_MH_01_easy,correlation_shrink_0.25,constant,AgACI-EWA,calibration_only,0.1,0.9,2669,0.9171974522292994,0.01719745222929936,1.0020087577120176,4.071791336266233,1.4021872753035818,14.633514586552662,0.039953307392996316,6
cross_environment,cross_environment:MH:OV_MH_01_easy,MH,OV_MH_01_easy,correlation_shrink_0.25,loglinear_covariance,ACI,calibration_only,0.1,0.9,2669,0.8999625327838142,3.746721618580473e-05,1.3675915882618899,4.344432001251353,1.8062176795119447,17.203298080001684,0.06075097276264598,15
cross_environment,cross_environment:MH:OV_MH_01_easy,MH,OV_MH_01_easy,correlation_shrink_0.25,loglinear_covariance,AgACI-EWA,calibration_only,0.1,0.9,2669,0.9445485200449607,0.04454852004496068,2.0777725874975195,4.167246674836327,2.0792092228639034,17.751537052134008,0.06615175097276293,14
cross_environment,cross_environment:MH:OV_MH_01_easy,MH,OV_MH_01_easy,correlation_shrink_0.25,loglinear_covariance_time,ACI,calibration_only,0.1,0.9,2669,0.8924690895466467,0.007530910453353301,1.4358425052062316,4.32812821118703,1.83365901559954,17.573273942299316,0.07058754863813235,14
cross_environment,cross_environment:MH:OV_MH_01_easy,MH,OV_MH_01_easy,correlation_shrink_0.25,loglinear_covariance_time,AgACI-EWA,calibration_only,0.1,0.9,2669,0.93780442113151,0.03780442113150995,2.159646638653049,4.114646495297623,2.2072637168680473,18.90669344815092,0.0679299610894944,15
cross_environment,cross_environment:MH:OV_MH_01_easy,MH,OV_MH_01_easy,correlation_shrink_0.25_fit_bias,constant,ACI,calibration_only,0.1,0.9,2669,0.904833270887973,0.004833270887973029,2.906016103895028,4.151502094257719,2.9948256991871647,22.51772256651462,0.06786770428015575,17
cross_environment,cross_environment:MH:OV_MH_01_easy,MH,OV_MH_01_easy,correlation_shrink_0.25_fit_bias,constant,AgACI-EWA,calibration_only,0.1,0.9,2669,0.9160734357437242,0.016073435743724218,2.532220244100058,4.192974836160627,2.7982722678759346,21.59742541040235,0.034400778210116896,5
cross_environment,cross_environment:MH:OV_MH_01_easy,MH,OV_MH_01_easy,correlation_shrink_0.25_fit_bias,loglinear_covariance,ACI,calibration_only,0.1,0.9,2669,0.9010865492693892,0.0010865492693892254,3.049800198697584,4.683807431998678,3.076960015582168,23.89078392660309,0.04877821011673159,15
cross_environment,cross_environment:MH:OV_MH_01_easy,MH,OV_MH_01_easy,correlation_shrink_0.25_fit_bias,loglinear_covariance,AgACI-EWA,calibration_only,0.1,0.9,2669,0.9295616335706257,0.02956163357062569,3.3511648341877898,4.478075090262067,3.1858964531084695,24.71840134412679,0.05229571984435825,10
cross_environment,cross_environment:MH:OV_MH_01_easy,MH,OV_MH_01_easy,correlation_shrink_0.25_fit_bias,loglinear_covariance_time,ACI,calibration_only,0.1,0.9,2669,0.8984638441363807,0.0015361558636193262,3.0909113426247234,4.737502342266363,3.1018250559168945,24.07219671186144,0.049673151750972824,12
cross_environment,cross_environment:MH:OV_MH_01_easy,MH,OV_MH_01_easy,correlation_shrink_0.25_fit_bias,loglinear_covariance_time,AgACI-EWA,calibration_only,0.1,0.9,2669,0.9295616335706257,0.02956163357062569,3.344334272174148,4.501245495369439,3.2124705362713764,24.933992265350803,0.05793774319066167,12
cross_environment,cross_environment:MH:OV_MH_01_easy,MH,OV_MH_01_easy,correlation_shrink_0.50,constant,ACI,calibration_only,0.1,0.9,2669,0.9070813038591232,0.0070813038591232,1.3464554872852492,4.180432063023459,1.7419337874830205,15.244876357782733,0.0690505836575877,25
cross_environment,cross_environment:MH:OV_MH_01_easy,MH,OV_MH_01_easy,correlation_shrink_0.50,constant,AgACI-EWA,calibration_only,0.1,0.9,2669,0.9164481079055826,0.0164481079055826,0.9832243113830152,4.257587163168498,1.3923937189180622,14.31156864307886,0.040003891050583856,5
cross_environment,cross_environment:MH:OV_MH_01_easy,MH,OV_MH_01_easy,correlation_shrink_0.50,loglinear_covariance,ACI,calibration_only,0.1,0.9,2669,0.855751217684526,0.04424878231547402,1.2498463022693542,4.436570276271799,1.6645881252281736,16.062181477095248,0.10512840466926077,11
cross_environment,cross_environment:MH:OV_MH_01_easy,MH,OV_MH_01_easy,correlation_shrink_0.50,loglinear_covariance,AgACI-EWA,calibration_only,0.1,0.9,2669,0.9205695016860247,0.02056950168602467,1.8827445367029743,4.396242150996024,1.9600629292943963,16.93383720139217,0.0816108949416344,18
cross_environment,cross_environment:MH:OV_MH_01_easy,MH,OV_MH_01_easy,correlation_shrink_0.50,loglinear_covariance_time,ACI,calibration_only,0.1,0.9,2669,0.8478831022855002,0.05211689771449979,1.2849269935436318,4.687437438395655,1.6574342778184126,15.96128325730639,0.11130350194552534,12
cross_environment,cross_environment:MH:OV_MH_01_easy,MH,OV_MH_01_easy,correlation_shrink_0.50,loglinear_covariance_time,AgACI-EWA,calibration_only,0.1,0.9,2669,0.9149494192581491,0.014949419258149077,2.195541547794809,4.3079336817397715,2.129316861252439,17.83821711300787,0.08157198443579784,17
cross_environment,cross_environment:MH:OV_MH_01_easy,MH,OV_MH_01_easy,correlation_shrink_0.50_fit_bias,constant,ACI,calibration_only,0.1,0.9,2669,0.9037092544023979,0.003709254402397888,2.620313435839181,4.2063813488547845,2.866629481694791,20.9767226170968,0.061902723735408664,17
cross_environment,cross_environment:MH:OV_MH_01_easy,MH,OV_MH_01_easy,correlation_shrink_0.50_fit_bias,constant,AgACI-EWA,calibration_only,0.1,0.9,2669,0.9194454852004496,0.01944548520044953,2.333791212092903,4.288936748818415,2.691943333754611,20.438733617892535,0.0339844357976656,5
cross_environment,cross_environment:MH:OV_MH_01_easy,MH,OV_MH_01_easy,correlation_shrink_0.50_fit_bias,loglinear_covariance,ACI,calibration_only,0.1,0.9,2669,0.9063319595354066,0.0063319595354065505,2.7770291775225378,4.642046913853386,2.8851203337813347,21.908500899632195,0.04898443579766546,15
cross_environment,cross_environment:MH:OV_MH_01_easy,MH,OV_MH_01_easy,correlation_shrink_0.50_fit_bias,loglinear_covariance,AgACI-EWA,calibration_only,0.1,0.9,2669,0.9351817159985013,0.035181715998501284,3.1290347089534674,4.460731336300363,2.9894321164195796,22.509159353915088,0.05422178988326877,12
cross_environment,cross_environment:MH:OV_MH_01_easy,MH,OV_MH_01_easy,correlation_shrink_0.50_fit_bias,loglinear_covariance_time,ACI,calibration_only,0.1,0.9,2669,0.904833270887973,0.004833270887973029,2.799351770255006,4.7148233564737065,2.8890076834421463,21.892883623743664,0.04783657587548649,14
cross_environment,cross_environment:MH:OV_MH_01_easy,MH,OV_MH_01_easy,correlation_shrink_0.50_fit_bias,loglinear_covariance_time,AgACI-EWA,calibration_only,0.1,0.9,2669,0.9404271262645185,0.0404271262645185,3.1309581790388545,4.363190291161685,2.9855726795571065,22.459136945999486,0.059529182879377765,10
cross_environment,cross_environment:MH:OV_MH_01_easy,MH,OV_MH_01_easy,correlation_shrink_0.75,constant,ACI,calibration_only,0.1,0.9,2669,0.9063319595354066,0.0063319595354065505,1.2992213183659338,4.308437333589968,1.7504858928546463,15.053661926784068,0.06700389105058381,23
cross_environment,cross_environment:MH:OV_MH_01_easy,MH,OV_MH_01_easy,correlation_shrink_0.75,constant,AgACI-EWA,calibration_only,0.1,0.9,2669,0.9205695016860247,0.02056950168602467,0.9582177510920644,4.36730003284473,1.396319495308715,14.1309945780246,0.03689105058365782,8
cross_environment,cross_environment:MH:OV_MH_01_easy,MH,OV_MH_01_easy,correlation_shrink_0.75,loglinear_covariance,ACI,calibration_only,0.1,0.9,2669,0.8355189209441738,0.06448107905582623,1.172711371387134,4.213112025699879,1.5495970891451836,14.78050490280438,0.12641634241245137,19
cross_environment,cross_environment:MH:OV_MH_01_easy,MH,OV_MH_01_easy,correlation_shrink_0.75,loglinear_covariance,AgACI-EWA,calibration_only,0.1,0.9,2669,0.9134507306107156,0.013450730610715556,2.0913371727499417,4.230389113479112,2.002280311276862,16.675996669765585,0.09046692607003912,19
cross_environment,cross_environment:MH:OV_MH_01_easy,MH,OV_MH_01_easy,correlation_shrink_0.75,loglinear_covariance_time,ACI,calibration_only,0.1,0.9,2669,0.8269014612214313,0.07309853877856876,1.1319367593245815,4.206713032960853,1.5175524883391247,14.614232656491154,0.1357626459143969,29
cross_environment,cross_environment:MH:OV_MH_01_easy,MH,OV_MH_01_easy,correlation_shrink_0.75,loglinear_covariance_time,AgACI-EWA,calibration_only,0.1,0.9,2669,0.9052079430498314,0.005207943049831409,2.1669278957694535,4.209844230224942,2.0463593368899256,16.92407866021787,0.09683268482490291,28
cross_environment,cross_environment:MH:OV_MH_01_easy,MH,OV_MH_01_easy,correlation_shrink_0.75_fit_bias,constant,ACI,calibration_only,0.1,0.9,2669,0.9033345822405395,0.0033345822405395076,2.5489528215454946,4.26622639194161,2.826441912614043,20.354278045658162,0.05982490272373552,25
cross_environment,cross_environment:MH:OV_MH_01_easy,MH,OV_MH_01_easy,correlation_shrink_0.75_fit_bias,constant,AgACI-EWA,calibration_only,0.1,0.9,2669,0.9179467965530161,0.01794679655301612,2.3131079317455256,4.363088504870891,2.67290205386407,19.897384450778734,0.03028015564202354,4
cross_environment,cross_environment:MH:OV_MH_01_easy,MH,OV_MH_01_easy,correlation_shrink_0.75_fit_bias,loglinear_covariance,ACI,calibration_only,0.1,0.9,2669,0.9037092544023979,0.003709254402397888,2.5795026621847814,4.4936925117124895,2.724465845477324,20.35805856882016,0.05267315175097286,12
cross_environment,cross_environment:MH:OV_MH_01_easy,MH,OV_MH_01_easy,correlation_shrink_0.75_fit_bias,loglinear_covariance,AgACI-EWA,calibration_only,0.1,0.9,2669,0.928812289246909,0.02881228924690893,2.741762964615969,4.428692372038686,2.7580639273314143,20.56947740097579,0.05727626459143995,8
cross_environment,cross_environment:MH:OV_MH_01_easy,MH,OV_MH_01_easy,correlation_shrink_0.75_fit_bias,loglinear_covariance_time,ACI,calibration_only,0.1,0.9,2669,0.9033345822405395,0.0033345822405395076,2.5537266021610634,4.508281529430063,2.711823887731119,20.2682761819547,0.051505836575875596,12
cross_environment,cross_environment:MH:OV_MH_01_easy,MH,OV_MH_01_easy,correlation_shrink_0.75_fit_bias,loglinear_covariance_time,AgACI-EWA,calibration_only,0.1,0.9,2669,0.9250655676283253,0.025065567628325236,2.70423181971495,4.452745690441246,2.748321440270367,20.495943960182174,0.05454085603112864,7
cross_environment,cross_environment:MH:OV_MH_01_easy,MH,OV_MH_01_easy,normalized_empirical_blend_0.25,constant,ACI,calibration_only,0.1,0.9,2669,0.9010865492693892,0.0010865492693892254,-3.1948706294639875,-2.5816639429473747,-3.1618830110026184,4.018947645571925,0.08237354085603123,24
cross_environment,cross_environment:MH:OV_MH_01_easy,MH,OV_MH_01_easy,normalized_empirical_blend_0.25,constant,AgACI-EWA,calibration_only,0.1,0.9,2669,0.9524166354439865,0.05241663544398645,-3.3788787215534306,-2.68040475102397,-3.3495964634649926,3.8076453814549005,0.06063813229572023,12
cross_environment,cross_environment:MH:OV_MH_01_easy,MH,OV_MH_01_easy,normalized_empirical_blend_0.25,loglinear_covariance,ACI,calibration_only,0.1,0.9,2669,0.8520044960659423,0.047995503934057715,-3.328931255461244,-2.6038645621216387,-3.3137168785501223,3.847199272787634,0.10829571984435804,92
cross_environment,cross_environment:MH:OV_MH_01_easy,MH,OV_MH_01_easy,normalized_empirical_blend_0.25,loglinear_covariance,AgACI-EWA,calibration_only,0.1,0.9,2669,0.901835893593106,0.001835893593105986,-3.3825094889773695,-2.670598009336951,-3.354381308223528,3.797718826669081,0.10495719844358008,101
cross_environment,cross_environment:MH:OV_MH_01_easy,MH,OV_MH_01_easy,normalized_empirical_blend_0.25,loglinear_covariance_time,ACI,calibration_only,0.1,0.9,2669,0.854627201198951,0.04537279880104905,-3.33045233365673,-2.5566796073411493,-3.3045323542980656,3.8614599145901427,0.10275875486381329,90
cross_environment,cross_environment:MH:OV_MH_01_easy,MH,OV_MH_01_easy,normalized_empirical_blend_0.25,loglinear_covariance_time,AgACI-EWA,calibration_only,0.1,0.9,2669,0.9104533533158486,0.010453353315848624,-3.3841164431095683,-2.598814439618913,-3.3436084946321856,3.813368353666687,0.10807392996108985,95
cross_environment,cross_environment:MH:OV_MH_01_easy,MH,OV_MH_01_easy,normalized_empirical_blend_0.50,constant,ACI,calibration_only,0.1,0.9,2669,0.8992131884600975,0.0007868115399025655,-3.0311481595779757,-2.3366394386658698,-2.9369550268903075,4.293692715138044,0.07872762645914402,20
cross_environment,cross_environment:MH:OV_MH_01_easy,MH,OV_MH_01_easy,normalized_empirical_blend_0.50,constant,AgACI-EWA,calibration_only,0.1,0.9,2669,0.9576620457100038,0.05766204571000377,-3.1010348317260643,-2.4056470834589483,-3.0448465706098053,4.160896140045094,0.07341245136186808,17
cross_environment,cross_environment:MH:OV_MH_01_easy,MH,OV_MH_01_easy,normalized_empirical_blend_0.50,constant,ACI,recent_100,0.1,0.9,2669,0.8328962158111652,0.06710378418883478,-3.0173576355546334,-2.0183181970589223,-2.9193415475788322,4.347352722041375,0.1313929961089494,54
cross_environment,cross_environment:MH:OV_MH_01_easy,MH,OV_MH_01_easy,normalized_empirical_blend_0.50,constant,AgACI-EWA,recent_100,0.1,0.9,2669,0.8182840014986886,0.0817159985013114,-3.0794491721982737,-2.1473958844256407,-3.0271370473959305,4.200132407142356,0.13488326848249024,54
cross_environment,cross_environment:MH:OV_MH_01_easy,MH,OV_MH_01_easy,normalized_empirical_blend_0.50,constant,ACI,recent_300,0.1,0.9,2669,0.8643686774072686,0.035631322592731385,-3.0161592698864794,-1.9721072189965172,-2.8833453754392253,4.402201150719714,0.12421789883268496,54
cross_environment,cross_environment:MH:OV_MH_01_easy,MH,OV_MH_01_easy,normalized_empirical_blend_0.50,constant,AgACI-EWA,recent_300,0.1,0.9,2669,0.8733608092918697,0.026639190708130367,-3.1310876434329398,-2.2046828153900386,-3.0366391617592035,4.185018166366756,0.09559143968871606,54
cross_environment,cross_environment:MH:OV_MH_01_easy,MH,OV_MH_01_easy,normalized_empirical_blend_0.50,loglinear_covariance,ACI,calibration_only,0.1,0.9,2669,0.7868115399025852,0.11318846009741479,-3.080301663303766,-2.6564723638605754,-3.095851107051118,4.086606446491988,0.16341634241245143,310
cross_environment,cross_environment:MH:OV_MH_01_easy,MH,OV_MH_01_easy,normalized_empirical_blend_0.50,loglinear_covariance,AgACI-EWA,calibration_only,0.1,0.9,2669,0.8385162982390408,0.061483701760959186,-3.067894675887043,-2.6763745118655113,-3.09146205559378,4.086819564084896,0.17740466926070067,309
cross_environment,cross_environment:MH:OV_MH_01_easy,MH,OV_MH_01_easy,normalized_empirical_blend_0.50,loglinear_covariance,ACI,recent_100,0.1,0.9,2669,0.812663919070813,0.08733608092918699,-2.95264151730826,-1.9219705867146222,-2.8601577164107392,4.450314157994053,0.16184046692607007,47
cross_environment,cross_environment:MH:OV_MH_01_easy,MH,OV_MH_01_easy,normalized_empirical_blend_0.50,loglinear_covariance,AgACI-EWA,recent_100,0.1,0.9,2669,0.802547770700637,0.09745222929936304,-3.0812190225856604,-2.1094109749091468,-3.002139714274991,4.238596717361447,0.16002334630350193,39
cross_environment,cross_environment:MH:OV_MH_01_easy,MH,OV_MH_01_easy,normalized_empirical_blend_0.50,loglinear_covariance,ACI,recent_300,0.1,0.9,2669,0.8602472836268266,0.03975271637317346,-2.8764297241702828,-1.87886969353489,-2.7016265142257394,4.724841705563411,0.14421011673151768,41
cross_environment,cross_environment:MH:OV_MH_01_easy,MH,OV_MH_01_easy,normalized_empirical_blend_0.50,loglinear_covariance,AgACI-EWA,recent_300,0.1,0.9,2669,0.8673660547021357,0.03263394529786434,-3.113465915686323,-2.0932884386439565,-3.001703481060029,4.235815499549457,0.1096887159533075,26
cross_environment,cross_environment:MH:OV_MH_01_easy,MH,OV_MH_01_easy,normalized_empirical_blend_0.50,loglinear_covariance_time,ACI,calibration_only,0.1,0.9,2669,0.7830648182840015,0.11693518171599848,-3.080544187966086,-2.6344037526488764,-3.101889187079544,4.077829703302241,0.16687937743190664,299
cross_environment,cross_environment:MH:OV_MH_01_easy,MH,OV_MH_01_easy,normalized_empirical_blend_0.50,loglinear_covariance_time,AgACI-EWA,calibration_only,0.1,0.9,2669,0.8355189209441738,0.06448107905582623,-3.0702358960887377,-2.6682458911994487,-3.100425503753647,4.074193587456434,0.17908560311284072,302
cross_environment,cross_environment:MH:OV_MH_01_easy,MH,OV_MH_01_easy,normalized_empirical_blend_0.50,loglinear_covariance_time,ACI,recent_100,0.1,0.9,2669,0.8119145747470963,0.08808542525290375,-2.95071110774121,-1.921960659472447,-2.8602878062830492,4.450608570547479,0.16349416342412454,71
cross_environment,cross_environment:MH:OV_MH_01_easy,MH,OV_MH_01_easy,normalized_empirical_blend_0.50,loglinear_covariance_time,AgACI-EWA,recent_100,0.1,0.9,2669,0.7995503934057699,0.10044960659423008,-3.080883778495397,-2.1101091767534412,-3.0014609918706965,4.239563947921631,0.16231517509727628,47
cross_environment,cross_environment:MH:OV_MH_01_easy,MH,OV_MH_01_easy,normalized_empirical_blend_0.50,loglinear_covariance_time,ACI,recent_300,0.1,0.9,2669,0.8598726114649682,0.04012738853503184,-2.885618271672273,-1.8810442017500364,-2.7034245911350094,4.71991129980061,0.1440505836575877,41
cross_environment,cross_environment:MH:OV_MH_01_easy,MH,OV_MH_01_easy,normalized_empirical_blend_0.50,loglinear_covariance_time,AgACI-EWA,recent_300,0.1,0.9,2669,0.8692394155114275,0.03076058448857255,-3.1104332789645106,-2.0846166926453056,-2.9945702364160196,4.2469030871503355,0.11044357976653707,26
cross_environment,cross_environment:MH:OV_MH_01_easy,MH,OV_MH_01_easy,normalized_empirical_blend_0.75,constant,ACI,calibration_only,0.1,0.9,2669,0.8778568752341701,0.022143124765829914,-2.516170140384774,-1.826917428586506,-2.4479265180812027,5.199048588570624,0.09258365758754869,26
cross_environment,cross_environment:MH:OV_MH_01_easy,MH,OV_MH_01_easy,normalized_empirical_blend_0.75,constant,AgACI-EWA,calibration_only,0.1,0.9,2669,0.93780442113151,0.03780442113150995,-2.6044604155711983,-1.81710578440329,-2.4948498176103064,5.125982825100409,0.08675875486381357,28
cross_environment,cross_environment:MH:OV_MH_01_easy,MH,OV_MH_01_easy,normalized_empirical_blend_0.75,loglinear_covariance,ACI,calibration_only,0.1,0.9,2669,0.7751967028849757,0.12480329711502436,-2.488367633383593,-2.049243509332301,-2.469945684445777,5.156985665998553,0.18393385214007785,298
cross_environment,cross_environment:MH:OV_MH_01_easy,MH,OV_MH_01_easy,normalized_empirical_blend_0.75,loglinear_covariance,AgACI-EWA,calibration_only,0.1,0.9,2669,0.8205320344698389,0.07946796553016111,-2.529675039216359,-2.1187022638050648,-2.508673479571074,5.086488893141113,0.17910894941634264,300
cross_environment,cross_environment:MH:OV_MH_01_easy,MH,OV_MH_01_easy,normalized_empirical_blend_0.75,loglinear_covariance_time,ACI,calibration_only,0.1,0.9,2669,0.7740726863994005,0.1259273136005995,-2.4736048565445072,-2.0125134754135043,-2.4615878062767855,5.175846727779373,0.18556809338521402,289
cross_environment,cross_environment:MH:OV_MH_01_easy,MH,OV_MH_01_easy,normalized_empirical_blend_0.75,loglinear_covariance_time,AgACI-EWA,calibration_only,0.1,0.9,2669,0.8092918696140877,0.0907081303859123,-2.5239427279460287,-2.097818880937015,-2.508141702865884,5.091653860508924,0.18256420233463055,289
cross_environment,cross_environment:MH:OV_MH_02_easy,MH,OV_MH_02_easy,raw_openvins,constant,ACI,calibration_only,0.1,0.9,2212,0.9272151898734177,0.027215189873417645,3.017517489194107,3.628655565455434,2.7012619406214147,21.356259704827735,0.07320397539044035,13
cross_environment,cross_environment:MH:OV_MH_02_easy,MH,OV_MH_02_easy,raw_openvins,constant,AgACI-EWA,calibration_only,0.1,0.9,2212,0.916365280289331,0.01636528028933093,2.6229137297664797,3.4835069974892763,1.7616548692992882,17.05218425114009,0.023516327496450794,2
cross_environment,cross_environment:MH:OV_MH_02_easy,MH,OV_MH_02_easy,raw_openvins,constant,ACI,recent_100,0.1,0.9,2212,0.8110307414104883,0.08896925858951177,2.5202517329308147,3.561474990937713,1.7122291815312898,16.91373065393337,0.16658305726455286,48
cross_environment,cross_environment:MH:OV_MH_02_easy,MH,OV_MH_02_easy,raw_openvins,constant,AgACI-EWA,recent_100,0.1,0.9,2212,0.7870705244122965,0.1129294755877035,2.443393896670738,3.42672379682598,1.5274384707171562,16.083024550095814,0.16457643161381927,48
cross_environment,cross_environment:MH:OV_MH_02_easy,MH,OV_MH_02_easy,raw_openvins,constant,ACI,recent_300,0.1,0.9,2212,0.8453887884267631,0.054611211573236895,2.666253042565526,3.505959304156395,1.8905549643344797,17.65077276811221,0.1625792711784195,48
cross_environment,cross_environment:MH:OV_MH_02_easy,MH,OV_MH_02_easy,raw_openvins,constant,AgACI-EWA,recent_300,0.1,0.9,2212,0.8182640144665461,0.08173598553345396,2.424394600756994,3.4037280977785804,1.5163899456229635,16.041759744835066,0.14626597255087562,48
cross_environment,cross_environment:MH:OV_MH_02_easy,MH,OV_MH_02_easy,raw_openvins,loglinear_covariance,ACI,calibration_only,0.1,0.9,2212,0.9154611211573237,0.015461121157323676,2.5362275538015333,3.5767113307941156,2.0055351305147004,17.87304114145872,0.09876005679129221,19
cross_environment,cross_environment:MH:OV_MH_02_easy,MH,OV_MH_02_easy,raw_openvins,loglinear_covariance,AgACI-EWA,calibration_only,0.1,0.9,2212,0.9502712477396021,0.05027124773960212,2.491354545292676,3.644996033024684,1.6807387123669544,17.332942715697303,0.06641268338854742,8
cross_environment,cross_environment:MH:OV_MH_02_easy,MH,OV_MH_02_easy,raw_openvins,loglinear_covariance,ACI,recent_100,0.1,0.9,2212,0.8413200723327305,0.05867992766726948,2.612218499230011,3.754988004332967,1.7604324700056562,17.376652268948064,0.13948414576431623,36
cross_environment,cross_environment:MH:OV_MH_02_easy,MH,OV_MH_02_easy,raw_openvins,loglinear_covariance,AgACI-EWA,recent_100,0.1,0.9,2212,0.8200723327305606,0.07992766726943945,2.4079219613726117,3.584689585137708,1.4662106297401083,15.671465514218422,0.14376715570279228,38
cross_environment,cross_environment:MH:OV_MH_02_easy,MH,OV_MH_02_easy,raw_openvins,loglinear_covariance,ACI,recent_300,0.1,0.9,2212,0.8688969258589512,0.031103074141048848,3.0507267951264434,3.942842512871109,2.0818014856650136,19.68301847629464,0.14364884051112184,42
cross_environment,cross_environment:MH:OV_MH_02_easy,MH,OV_MH_02_easy,raw_openvins,loglinear_covariance,AgACI-EWA,recent_300,0.1,0.9,2212,0.8698010849909584,0.030198915009041594,2.44731165866704,3.54387267536525,1.4787677921750495,15.689724952363292,0.11649787032655004,20
cross_environment,cross_environment:MH:OV_MH_02_easy,MH,OV_MH_02_easy,raw_openvins,loglinear_covariance_time,ACI,calibration_only,0.1,0.9,2212,0.916365280289331,0.01636528028933093,2.5718235572974613,3.5862251180996987,2.025595851527921,17.987495879329398,0.10059630856602006,28
cross_environment,cross_environment:MH:OV_MH_02_easy,MH,OV_MH_02_easy,raw_openvins,loglinear_covariance_time,AgACI-EWA,calibration_only,0.1,0.9,2212,0.9498191681735986,0.04981916817359855,2.4528459444060022,3.628641322929345,1.6074716398348374,16.965583318888008,0.06033128253667803,5
cross_environment,cross_environment:MH:OV_MH_02_easy,MH,OV_MH_02_easy,raw_openvins,loglinear_covariance_time,ACI,recent_100,0.1,0.9,2212,0.8417721518987342,0.0582278481012658,2.6079551949211877,3.747786470605512,1.7479907587465036,17.297134735992017,0.14350212967345014,39
cross_environment,cross_environment:MH:OV_MH_02_easy,MH,OV_MH_02_easy,raw_openvins,loglinear_covariance_time,AgACI-EWA,recent_100,0.1,0.9,2212,0.8223327305605787,0.07766726943942137,2.4308828670738833,3.5483646583639996,1.4731521652501962,15.707037621529057,0.1425461429247516,38
cross_environment,cross_environment:MH:OV_MH_02_easy,MH,OV_MH_02_easy,raw_openvins,loglinear_covariance_time,ACI,recent_300,0.1,0.9,2212,0.8707052441229657,0.02929475587703434,3.005312022667023,3.924478821584731,2.0704066061276336,19.545078635575177,0.14629436819687663,51
cross_environment,cross_environment:MH:OV_MH_02_easy,MH,OV_MH_02_easy,raw_openvins,loglinear_covariance_time,AgACI-EWA,recent_300,0.1,0.9,2212,0.8661844484629295,0.0338155515370705,2.4427882583235707,3.509233928393766,1.4729089558703814,15.647919647867637,0.11596781826786572,20
cross_environment,cross_environment:MH:OV_MH_02_easy,MH,OV_MH_02_easy,raw_openvins_fit_bias,constant,ACI,calibration_only,0.1,0.9,2212,0.9249547920433996,0.024954792043399565,5.889214601610243,6.335288581690695,5.670562363851837,56.4665066876961,0.0824751538097494,13
cross_environment,cross_environment:MH:OV_MH_02_easy,MH,OV_MH_02_easy,raw_openvins_fit_bias,constant,AgACI-EWA,calibration_only,0.1,0.9,2212,0.918625678119349,0.01862567811934901,5.218629930495334,6.311460461205099,5.020828649265764,47.2339583320546,0.02220539517274051,1
cross_environment,cross_environment:MH:OV_MH_02_easy,MH,OV_MH_02_easy,raw_openvins_fit_bias,loglinear_covariance,ACI,calibration_only,0.1,0.9,2212,0.8933092224231465,0.006690777576853546,5.263153548365584,6.85626837317856,5.494723786276473,137.41430351657826,0.0633790818741126,15
cross_environment,cross_environment:MH:OV_MH_02_easy,MH,OV_MH_02_easy,raw_openvins_fit_bias,loglinear_covariance,AgACI-EWA,calibration_only,0.1,0.9,2212,0.9254068716094033,0.025406871609403248,5.435256488397149,6.613229098351573,4.958238458792857,53.69663026335392,0.033629910080454586,6
cross_environment,cross_environment:MH:OV_MH_02_easy,MH,OV_MH_02_easy,raw_openvins_fit_bias,loglinear_covariance_time,ACI,calibration_only,0.1,0.9,2212,0.8878842676311031,0.012115732368896959,5.444388450050846,6.707686062236157,5.517143986704883,137.51185547785263,0.07207761476573592,14
cross_environment,cross_environment:MH:OV_MH_02_easy,MH,OV_MH_02_easy,raw_openvins_fit_bias,loglinear_covariance_time,AgACI-EWA,calibration_only,0.1,0.9,2212,0.9272151898734177,0.027215189873417645,5.582506870631449,6.950245643848202,5.083810307304109,58.57302540557496,0.04047326076668271,7
cross_environment,cross_environment:MH:OV_MH_02_easy,MH,OV_MH_02_easy,diagonal_openvins,constant,ACI,calibration_only,0.1,0.9,2212,0.9172694394213382,0.017269439421338184,1.1216996618768844,3.2391382312887043,1.0566390129088379,11.4372351035445,0.08229058211074324,13
cross_environment,cross_environment:MH:OV_MH_02_easy,MH,OV_MH_02_easy,diagonal_openvins,constant,AgACI-EWA,calibration_only,0.1,0.9,2212,0.9412296564195298,0.0412296564195298,0.726815322474081,3.3080347690499083,0.40026673566256127,10.108441363825289,0.048315191670610845,5
cross_environment,cross_environment:MH:OV_MH_02_easy,MH,OV_MH_02_easy,diagonal_openvins,loglinear_covariance,ACI,calibration_only,0.1,0.9,2212,0.8395117540687161,0.06048824593128388,1.0510642935757901,3.526722796211957,0.9007545054305841,11.57028890223145,0.13549455750118314,14
cross_environment,cross_environment:MH:OV_MH_02_easy,MH,OV_MH_02_easy,diagonal_openvins,loglinear_covariance,AgACI-EWA,calibration_only,0.1,0.9,2212,0.9100361663652803,0.010036166365280264,1.276347170329709,3.5518538441335044,0.9448671101792969,11.927622144601605,0.08378608613345971,13
cross_environment,cross_environment:MH:OV_MH_02_easy,MH,OV_MH_02_easy,diagonal_openvins,loglinear_covariance_time,ACI,calibration_only,0.1,0.9,2212,0.8358951175406871,0.0641048824593129,1.0694226729784457,3.4803122053152995,0.9079101413354416,11.577185095353922,0.1384477046852816,13
cross_environment,cross_environment:MH:OV_MH_02_easy,MH,OV_MH_02_easy,diagonal_openvins,loglinear_covariance_time,AgACI-EWA,calibration_only,0.1,0.9,2212,0.906871609403255,0.00687160940325493,1.501931725549695,3.5385557197229165,1.0189980906017,12.323540914934057,0.08987221959299595,19
cross_environment,cross_environment:MH:OV_MH_02_easy,MH,OV_MH_02_easy,diagonal_openvins_fit_bias,constant,ACI,calibration_only,0.1,0.9,2212,0.906871609403255,0.00687160940325493,1.4644537969258447,3.0984137021513924,1.7002213051090453,13.702245054522205,0.09805016564126855,33
cross_environment,cross_environment:MH:OV_MH_02_easy,MH,OV_MH_02_easy,diagonal_openvins_fit_bias,constant,AgACI-EWA,calibration_only,0.1,0.9,2212,0.9416817359855335,0.041681735985533486,0.9686541143398353,3.188543407729628,1.3765701405446231,12.56405506926579,0.04688594415522992,4
cross_environment,cross_environment:MH:OV_MH_02_easy,MH,OV_MH_02_easy,diagonal_openvins_fit_bias,loglinear_covariance,ACI,calibration_only,0.1,0.9,2212,0.9109403254972875,0.010940325497287517,1.762972295447117,3.2102592794654488,1.8025530268760586,14.46388656114882,0.07420255560814021,19
cross_environment,cross_environment:MH:OV_MH_02_easy,MH,OV_MH_02_easy,diagonal_openvins_fit_bias,loglinear_covariance,AgACI-EWA,calibration_only,0.1,0.9,2212,0.9312839059674503,0.03128390596745023,1.5910441689592165,3.1494799741670993,1.6997937270299308,13.945172573146465,0.06562233790818764,16
cross_environment,cross_environment:MH:OV_MH_02_easy,MH,OV_MH_02_easy,diagonal_openvins_fit_bias,loglinear_covariance_time,ACI,calibration_only,0.1,0.9,2212,0.9109403254972875,0.010940325497287517,1.7497633398070969,3.159529447792379,1.783545254870978,14.367695228429264,0.07459062943681982,20
cross_environment,cross_environment:MH:OV_MH_02_easy,MH,OV_MH_02_easy,diagonal_openvins_fit_bias,loglinear_covariance_time,AgACI-EWA,calibration_only,0.1,0.9,2212,0.9376130198915009,0.0376130198915009,1.581556280874127,3.1186520668812774,1.683259492736675,13.834363002436675,0.0681921438712733,17
cross_environment,cross_environment:MH:OV_MH_02_easy,MH,OV_MH_02_easy,standardized_correlation,constant,ACI,calibration_only,0.1,0.9,2212,0.9145569620253164,0.014556962025316422,3.150625885839963,4.748009662539758,3.2809400762065524,3.6894435647963197,0.10065309985802202,20
cross_environment,cross_environment:MH:OV_MH_02_easy,MH,OV_MH_02_easy,standardized_correlation,constant,AgACI-EWA,calibration_only,0.1,0.9,2212,0.9199819168173599,0.019981916817359835,2.662480018135057,4.508390251799677,2.8487514079096328,3.240662526642613,0.03558920965451987,6
cross_environment,cross_environment:MH:OV_MH_02_easy,MH,OV_MH_02_easy,standardized_correlation,constant,ACI,recent_100,0.1,0.9,2212,0.870253164556962,0.029746835443038022,2.898584027203041,4.759761010093628,2.9823313359417485,3.411730971142344,0.08644581164221497,26
cross_environment,cross_environment:MH:OV_MH_02_easy,MH,OV_MH_02_easy,standardized_correlation,constant,AgACI-EWA,recent_100,0.1,0.9,2212,0.8612115732368897,0.03878842676311034,2.702210429161187,4.64539789016311,2.857865698388332,3.261616340326023,0.07308566019876951,29
cross_environment,cross_environment:MH:OV_MH_02_easy,MH,OV_MH_02_easy,standardized_correlation,constant,ACI,recent_300,0.1,0.9,2212,0.8801989150090416,0.01980108499095845,2.9537485333153968,4.815735084992948,3.03500356343762,3.460945554653513,0.10829626123994339,40
cross_environment,cross_environment:MH:OV_MH_02_easy,MH,OV_MH_02_easy,standardized_correlation,constant,AgACI-EWA,recent_300,0.1,0.9,2212,0.8725135623869801,0.027486437613019943,2.680924471034367,4.533381359914799,2.8057457621804343,3.19850132501248,0.07839564600094662,30
cross_environment,cross_environment:MH:OV_MH_02_easy,MH,OV_MH_02_easy,standardized_correlation,loglinear_covariance,ACI,calibration_only,0.1,0.9,2212,0.9181735985533453,0.018173598553345327,3.13487907885893,4.551984027953266,3.1921684343306405,3.6362333380730627,0.08225272124940859,19
cross_environment,cross_environment:MH:OV_MH_02_easy,MH,OV_MH_02_easy,standardized_correlation,loglinear_covariance,AgACI-EWA,calibration_only,0.1,0.9,2212,0.9349005424954792,0.03490054249547914,2.9493424395719012,4.637758743704714,3.0700098760487076,3.5308624459406093,0.06268338854708971,21
cross_environment,cross_environment:MH:OV_MH_02_easy,MH,OV_MH_02_easy,standardized_correlation,loglinear_covariance,ACI,recent_100,0.1,0.9,2212,0.8354430379746836,0.06455696202531647,3.022661854067781,4.768689195736892,3.098090365135225,3.584952430133251,0.12681022243256035,26
cross_environment,cross_environment:MH:OV_MH_02_easy,MH,OV_MH_02_easy,standardized_correlation,loglinear_covariance,AgACI-EWA,recent_100,0.1,0.9,2212,0.8227848101265823,0.07721518987341769,2.774285993949697,4.598769492986234,2.8770932135213925,3.2952489591327194,0.11326076668244194,29
cross_environment,cross_environment:MH:OV_MH_02_easy,MH,OV_MH_02_easy,standardized_correlation,loglinear_covariance,ACI,recent_300,0.1,0.9,2212,0.8734177215189873,0.02658227848101269,3.3901867588893966,4.795901235867527,3.342149446893115,3.9253536613935016,0.11078561287269295,33
cross_environment,cross_environment:MH:OV_MH_02_easy,MH,OV_MH_02_easy,standardized_correlation,loglinear_covariance,AgACI-EWA,recent_300,0.1,0.9,2212,0.8928571428571429,0.0071428571428571175,2.8754565778741057,4.53404812502667,2.9377015670686073,3.3500779889104857,0.08399905347846676,22
cross_environment,cross_environment:MH:OV_MH_02_easy,MH,OV_MH_02_easy,standardized_correlation,loglinear_covariance_time,ACI,calibration_only,0.1,0.9,2212,0.918625678119349,0.01862567811934901,3.140052642711697,4.550673013232298,3.1852757800117524,3.6255025939486254,0.08180312352106027,19
cross_environment,cross_environment:MH:OV_MH_02_easy,MH,OV_MH_02_easy,standardized_correlation,loglinear_covariance_time,AgACI-EWA,calibration_only,0.1,0.9,2212,0.9353526220614828,0.03535262206148282,2.9400135011328383,4.612877316916863,3.063370293135987,3.5200534401962877,0.06406530998580245,20
cross_environment,cross_environment:MH:OV_MH_02_easy,MH,OV_MH_02_easy,standardized_correlation,loglinear_covariance_time,ACI,recent_100,0.1,0.9,2212,0.8358951175406871,0.0641048824593129,2.9982825938046904,4.75627024263225,3.0901521017218894,3.5728059088061386,0.12677236157122576,27
cross_environment,cross_environment:MH:OV_MH_02_easy,MH,OV_MH_02_easy,standardized_correlation,loglinear_covariance_time,AgACI-EWA,recent_100,0.1,0.9,2212,0.8245931283905967,0.07540687160940329,2.7721525625654655,4.590207321139725,2.8725126653957096,3.288174867296687,0.11448177946048267,25
cross_environment,cross_environment:MH:OV_MH_02_easy,MH,OV_MH_02_easy,standardized_correlation,loglinear_covariance_time,ACI,recent_300,0.1,0.9,2212,0.8729656419529838,0.02703435804701626,3.373591426422035,4.7843983558840755,3.3360048524670223,3.9160948971700433,0.11185991481306208,33
cross_environment,cross_environment:MH:OV_MH_02_easy,MH,OV_MH_02_easy,standardized_correlation,loglinear_covariance_time,AgACI-EWA,recent_300,0.1,0.9,2212,0.8942133815551537,0.005786618444846292,2.8611816560413628,4.525242849407083,2.937857338567738,3.349901359204745,0.08415996213913883,23
cross_environment,cross_environment:MH:OV_MH_02_easy,MH,OV_MH_02_easy,whitened_correlation,constant,ACI,calibration_only,0.1,0.9,2212,0.8973779385171791,0.0026220614828209587,4.2604621187883165,5.097689459742319,3.948334668559618,1.8547290179220057,0.07310459062943689,10
cross_environment,cross_environment:MH:OV_MH_02_easy,MH,OV_MH_02_easy,whitened_correlation,constant,AgACI-EWA,calibration_only,0.1,0.9,2212,0.9751356238698011,0.0751356238698011,4.30823281638952,5.121787627672641,3.831382604638175,1.8263193567735811,0.07513961192617176,1
cross_environment,cross_environment:MH:OV_MH_02_easy,MH,OV_MH_02_easy,whitened_correlation,loglinear_covariance,ACI,calibration_only,0.1,0.9,2212,0.8973779385171791,0.0026220614828209587,4.306478720576504,5.067904281830452,3.9555227852279278,1.8522488820594638,0.05548982489351635,8
cross_environment,cross_environment:MH:OV_MH_02_easy,MH,OV_MH_02_easy,whitened_correlation,loglinear_covariance,AgACI-EWA,calibration_only,0.1,0.9,2212,0.9606690777576854,0.060669077757685375,4.323814560487159,5.096481251864614,3.8511728570624935,1.8303823033884754,0.06306672976810268,4
cross_environment,cross_environment:MH:OV_MH_02_easy,MH,OV_MH_02_easy,whitened_correlation,loglinear_covariance_time,ACI,calibration_only,0.1,0.9,2212,0.900994575045208,0.000994575045207946,4.275897582025407,5.056804641343913,3.9419634560655687,1.8444737149157766,0.0569616658778988,10
cross_environment,cross_environment:MH:OV_MH_02_easy,MH,OV_MH_02_easy,whitened_correlation,loglinear_covariance_time,AgACI-EWA,calibration_only,0.1,0.9,2212,0.9575045207956601,0.05750452079566004,4.330448146838844,5.084925019542174,3.8391012702348335,1.824958738452929,0.06000946521533408,4
cross_environment,cross_environment:MH:OV_MH_02_easy,MH,OV_MH_02_easy,correlation_shrink_0.25,constant,ACI,calibration_only,0.1,0.9,2212,0.9217902350813744,0.021790235081374343,1.3045928307180499,2.901100993057786,1.1566618712918335,12.320928652435038,0.08642214860388096,21
cross_environment,cross_environment:MH:OV_MH_02_easy,MH,OV_MH_02_easy,correlation_shrink_0.25,constant,AgACI-EWA,calibration_only,0.1,0.9,2212,0.9439421338155516,0.043942133815551565,0.9580099470695194,3.0290970910436195,0.3990146306766144,10.645303796713955,0.053213440605774126,5
cross_environment,cross_environment:MH:OV_MH_02_easy,MH,OV_MH_02_easy,correlation_shrink_0.25,loglinear_covariance,ACI,calibration_only,0.1,0.9,2212,0.9095840867992767,0.009584086799276692,1.2775688291456024,3.467127852030054,0.9483978994210935,12.736107746650479,0.053000473260766776,12
cross_environment,cross_environment:MH:OV_MH_02_easy,MH,OV_MH_02_easy,correlation_shrink_0.25,loglinear_covariance,AgACI-EWA,calibration_only,0.1,0.9,2212,0.9466546112115732,0.046654611211573216,1.4611106329454202,3.159557941124603,0.9242932646917297,12.626914659450065,0.06468054898248965,17
cross_environment,cross_environment:MH:OV_MH_02_easy,MH,OV_MH_02_easy,correlation_shrink_0.25,loglinear_covariance_time,ACI,calibration_only,0.1,0.9,2212,0.9073236889692586,0.007323688969258613,1.2878596049874984,3.4686947145527687,0.986666899510724,13.13207059413168,0.05440132513014675,11
cross_environment,cross_environment:MH:OV_MH_02_easy,MH,OV_MH_02_easy,correlation_shrink_0.25,loglinear_covariance_time,AgACI-EWA,calibration_only,0.1,0.9,2212,0.9484629294755877,0.048462929475587724,1.57460496410136,3.1906807457637694,1.002004964071515,13.071520819638076,0.0631945101751068,15
cross_environment,cross_environment:MH:OV_MH_02_easy,MH,OV_MH_02_easy,correlation_shrink_0.25_fit_bias,constant,ACI,calibration_only,0.1,0.9,2212,0.9113924050632911,0.011392405063291089,2.0636552675200877,3.064693667255259,2.1821908249731727,16.695789959205694,0.09669663984855677,34
cross_environment,cross_environment:MH:OV_MH_02_easy,MH,OV_MH_02_easy,correlation_shrink_0.25_fit_bias,constant,AgACI-EWA,calibration_only,0.1,0.9,2212,0.9222423146473779,0.022242314647377914,1.4177640068815691,3.1783455144052004,1.6884009503542587,14.566986732343691,0.0405773781353528,6
cross_environment,cross_environment:MH:OV_MH_02_easy,MH,OV_MH_02_easy,correlation_shrink_0.25_fit_bias,loglinear_covariance,ACI,calibration_only,0.1,0.9,2212,0.9041591320072333,0.004159132007233279,1.9443309740780093,3.6854575774028864,2.0482951495847193,16.753984940802603,0.04952200662565084,11
cross_environment,cross_environment:MH:OV_MH_02_easy,MH,OV_MH_02_easy,correlation_shrink_0.25_fit_bias,loglinear_covariance,AgACI-EWA,calibration_only,0.1,0.9,2212,0.9326401446654611,0.03264014466546106,2.067345371503514,3.5020296931442956,2.1023356094001118,17.064850610187616,0.05884524372929512,12
cross_environment,cross_environment:MH:OV_MH_02_easy,MH,OV_MH_02_easy,correlation_shrink_0.25_fit_bias,loglinear_covariance_time,ACI,calibration_only,0.1,0.9,2212,0.903254972875226,0.0032549728752260254,1.9962122765473111,3.5311114184151555,2.058198037814718,16.764257248743824,0.05335541883577863,14
cross_environment,cross_environment:MH:OV_MH_02_easy,MH,OV_MH_02_easy,correlation_shrink_0.25_fit_bias,loglinear_covariance_time,AgACI-EWA,calibration_only,0.1,0.9,2212,0.9358047016274864,0.03580470162748639,2.125901604001946,3.458853270503661,2.1187063892423934,17.125578178424387,0.06309512541410346,14
cross_environment,cross_environment:MH:OV_MH_02_easy,MH,OV_MH_02_easy,correlation_shrink_0.50,constant,ACI,calibration_only,0.1,0.9,2212,0.918625678119349,0.01862567811934901,1.208674913399793,3.0858575527506833,1.0828260228988311,11.76006032251558,0.08285849503076219,12
cross_environment,cross_environment:MH:OV_MH_02_easy,MH,OV_MH_02_easy,correlation_shrink_0.50,constant,AgACI-EWA,calibration_only,0.1,0.9,2212,0.9448462929475587,0.04484629294755871,0.8791689450270592,3.1799572620744283,0.3994305709855603,10.341513722133469,0.05169900615239031,6
cross_environment,cross_environment:MH:OV_MH_02_easy,MH,OV_MH_02_easy,correlation_shrink_0.50,loglinear_covariance,ACI,calibration_only,0.1,0.9,2212,0.8639240506329114,0.03607594936708858,1.1074533576003516,3.2576803088242263,0.9328213649486705,12.546824579243134,0.1018409843823947,20
cross_environment,cross_environment:MH:OV_MH_02_easy,MH,OV_MH_02_easy,correlation_shrink_0.50,loglinear_covariance,AgACI-EWA,calibration_only,0.1,0.9,2212,0.9425858951175407,0.04258589511754063,1.4749982186614874,3.6773330005807345,1.0586930389050109,13.132821397568428,0.06722669190724116,18
cross_environment,cross_environment:MH:OV_MH_02_easy,MH,OV_MH_02_easy,correlation_shrink_0.50,loglinear_covariance_time,ACI,calibration_only,0.1,0.9,2212,0.8539783001808319,0.04602169981916815,1.119544451448812,3.2832823352633875,0.9345238965792635,12.518827310787806,0.11095125414103169,20
cross_environment,cross_environment:MH:OV_MH_02_easy,MH,OV_MH_02_easy,correlation_shrink_0.50,loglinear_covariance_time,AgACI-EWA,calibration_only,0.1,0.9,2212,0.930379746835443,0.030379746835442978,1.7581428820389546,3.60107964509179,1.142613947480534,13.532503250790406,0.06913866540463814,14
cross_environment,cross_environment:MH:OV_MH_02_easy,MH,OV_MH_02_easy,correlation_shrink_0.50_fit_bias,constant,ACI,calibration_only,0.1,0.9,2212,0.909132007233273,0.00913200723327301,1.665650558780349,3.0367856382784244,1.8613843825509095,14.709188177615154,0.09718883104590652,34
cross_environment,cross_environment:MH:OV_MH_02_easy,MH,OV_MH_02_easy,correlation_shrink_0.50_fit_bias,constant,AgACI-EWA,calibration_only,0.1,0.9,2212,0.9267631103074141,0.026763110307414073,1.0935874176054385,3.130426176854553,1.4433631808516103,13.139401915316501,0.04229531471841009,4
cross_environment,cross_environment:MH:OV_MH_02_easy,MH,OV_MH_02_easy,correlation_shrink_0.50_fit_bias,loglinear_covariance,ACI,calibration_only,0.1,0.9,2212,0.9082278481012658,0.008227848101265756,1.8690605702899945,3.5135393133320614,1.9060719831809292,15.545325052497645,0.05947468054898259,15
cross_environment,cross_environment:MH:OV_MH_02_easy,MH,OV_MH_02_easy,correlation_shrink_0.50_fit_bias,loglinear_covariance,AgACI-EWA,calibration_only,0.1,0.9,2212,0.9326401446654611,0.03264014466546106,1.9942847256934897,3.3468524710918386,1.937616186431148,15.642521798988271,0.0642735447231427,15
cross_environment,cross_environment:MH:OV_MH_02_easy,MH,OV_MH_02_easy,correlation_shrink_0.50_fit_bias,loglinear_covariance_time,ACI,calibration_only,0.1,0.9,2212,0.9077757685352622,0.007775768535262184,1.879137476739884,3.3882301608575154,1.885511686167853,15.363975857301908,0.06021769995267404,14
cross_environment,cross_environment:MH:OV_MH_02_easy,MH,OV_MH_02_easy,correlation_shrink_0.50_fit_bias,loglinear_covariance_time,AgACI-EWA,calibration_only,0.1,0.9,2212,0.9362567811934901,0.03625678119349007,2.024566845868841,3.2887276581271565,1.9548067591245235,15.667133694118428,0.06565546616185543,16
cross_environment,cross_environment:MH:OV_MH_02_easy,MH,OV_MH_02_easy,correlation_shrink_0.75,constant,ACI,calibration_only,0.1,0.9,2212,0.9172694394213382,0.017269439421338184,1.1487986521882,3.2382882355769302,1.0571388419958054,11.531460867427427,0.08245149077141525,13
cross_environment,cross_environment:MH:OV_MH_02_easy,MH,OV_MH_02_easy,correlation_shrink_0.75,constant,AgACI-EWA,calibration_only,0.1,0.9,2212,0.9452983725135624,0.04529837251356239,0.7418323648679528,3.2800008601074735,0.3902403980454952,10.144287650699809,0.05096071935636574,5
cross_environment,cross_environment:MH:OV_MH_02_easy,MH,OV_MH_02_easy,correlation_shrink_0.75,loglinear_covariance,ACI,calibration_only,0.1,0.9,2212,0.8367992766726944,0.06320072332730564,1.1101562546058883,3.6752899448654652,0.8939236107982687,11.735181929778262,0.1333743492664458,16
cross_environment,cross_environment:MH:OV_MH_02_easy,MH,OV_MH_02_easy,correlation_shrink_0.75,loglinear_covariance,AgACI-EWA,calibration_only,0.1,0.9,2212,0.9136528028933092,0.013652802893309168,1.5946186094087724,3.666980760681969,1.0457729008558685,12.641713513120932,0.08239469947941333,19
cross_environment,cross_environment:MH:OV_MH_02_easy,MH,OV_MH_02_easy,correlation_shrink_0.75,loglinear_covariance_time,ACI,calibration_only,0.1,0.9,2212,0.8291139240506329,0.07088607594936713,1.108401274375503,3.629329816190388,0.8816891699754461,11.678345864762061,0.1408755324183625,16
cross_environment,cross_environment:MH:OV_MH_02_easy,MH,OV_MH_02_easy,correlation_shrink_0.75,loglinear_covariance_time,AgACI-EWA,calibration_only,0.1,0.9,2212,0.9014466546112115,0.0014466546112115175,1.6912302048105037,3.5743546985995507,1.0994189247898292,12.945840741992212,0.08916232844297223,25
cross_environment,cross_environment:MH:OV_MH_02_easy,MH,OV_MH_02_easy,correlation_shrink_0.75_fit_bias,constant,ACI,calibration_only,0.1,0.9,2212,0.9077757685352622,0.007775768535262184,1.4942683612874976,3.079590590019831,1.7283344310123097,13.905562761964084,0.09950780880265046,34
cross_environment,cross_environment:MH:OV_MH_02_easy,MH,OV_MH_02_easy,correlation_shrink_0.75_fit_bias,constant,AgACI-EWA,calibration_only,0.1,0.9,2212,0.9330922242314648,0.03309222423146474,0.9776853639283845,3.1732056943937264,1.365141143566557,12.609579257131305,0.041836251774728196,4
cross_environment,cross_environment:MH:OV_MH_02_easy,MH,OV_MH_02_easy,correlation_shrink_0.75_fit_bias,loglinear_covariance,ACI,calibration_only,0.1,0.9,2212,0.9109403254972875,0.010940325497287517,1.799407032052743,3.1670081576144202,1.7933023396769439,14.597334295639854,0.07141031708471379,22
cross_environment,cross_environment:MH:OV_MH_02_easy,MH,OV_MH_02_easy,correlation_shrink_0.75_fit_bias,loglinear_covariance,AgACI-EWA,calibration_only,0.1,0.9,2212,0.9335443037974683,0.03354430379746831,1.613438309152254,3.3176258563559973,1.7477182977771415,14.377681225196268,0.06287269285376264,13
cross_environment,cross_environment:MH:OV_MH_02_easy,MH,OV_MH_02_easy,correlation_shrink_0.75_fit_bias,loglinear_covariance_time,ACI,calibration_only,0.1,0.9,2212,0.9109403254972875,0.010940325497287517,1.7896203208588393,3.049341525025026,1.7673883336590477,14.430084023975082,0.07252247988641752,22
cross_environment,cross_environment:MH:OV_MH_02_easy,MH,OV_MH_02_easy,correlation_shrink_0.75_fit_bias,loglinear_covariance_time,AgACI-EWA,calibration_only,0.1,0.9,2212,0.9385171790235082,0.03851717902350815,1.6212918790742705,3.1307436144738783,1.7434114253673376,14.293703695395862,0.06312825366777115,12
cross_environment,cross_environment:MH:OV_MH_02_easy,MH,OV_MH_02_easy,normalized_empirical_blend_0.25,constant,ACI,calibration_only,0.1,0.9,2212,0.7721518987341772,0.1278481012658228,-2.6009698639800605,-1.4638024142917543,-2.483922788183296,5.070948181417298,0.18073828679602466,242
cross_environment,cross_environment:MH:OV_MH_02_easy,MH,OV_MH_02_easy,normalized_empirical_blend_0.25,constant,AgACI-EWA,calibration_only,0.1,0.9,2212,0.7970162748643761,0.10298372513562393,-2.7126730997459014,-1.4637629869132183,-2.7290140518832056,4.780692702291127,0.15740653099858043,242
cross_environment,cross_environment:MH:OV_MH_02_easy,MH,OV_MH_02_easy,normalized_empirical_blend_0.25,loglinear_covariance,ACI,calibration_only,0.1,0.9,2212,0.6550632911392406,0.24493670886075947,-2.741499277729973,-2.276350280819399,-2.8979460842345124,4.463995996617767,0.2877330809275911,318
cross_environment,cross_environment:MH:OV_MH_02_easy,MH,OV_MH_02_easy,normalized_empirical_blend_0.25,loglinear_covariance,AgACI-EWA,calibration_only,0.1,0.9,2212,0.6885171790235082,0.21148282097649185,-2.765962603850977,-2.281589031060248,-2.9574459835683244,4.404092402483854,0.2765168007572174,322
cross_environment,cross_environment:MH:OV_MH_02_easy,MH,OV_MH_02_easy,normalized_empirical_blend_0.25,loglinear_covariance_time,ACI,calibration_only,0.1,0.9,2212,0.666365280289331,0.23363471971066907,-2.7420260966478374,-2.2426430520259446,-2.888948105362649,4.481092461769348,0.27836251774727877,318
cross_environment,cross_environment:MH:OV_MH_02_easy,MH,OV_MH_02_easy,normalized_empirical_blend_0.25,loglinear_covariance_time,AgACI-EWA,calibration_only,0.1,0.9,2212,0.6993670886075949,0.20063291139240513,-2.7538561746316823,-2.256048293724634,-2.9369213768191367,4.43246865542937,0.2684429720776149,322
cross_environment,cross_environment:MH:OV_MH_02_easy,MH,OV_MH_02_easy,normalized_empirical_blend_0.50,constant,ACI,calibration_only,0.1,0.9,2212,0.7843580470162749,0.11564195298372515,-2.633299546008905,-1.4385984734426847,-2.4661031842971486,5.014670934592212,0.17161855182205404,188
cross_environment,cross_environment:MH:OV_MH_02_easy,MH,OV_MH_02_easy,normalized_empirical_blend_0.50,constant,AgACI-EWA,calibration_only,0.1,0.9,2212,0.8024412296564195,0.09755877034358051,-2.733641497914882,-1.4376922031401795,-2.6867686417158225,4.737687448437595,0.14613819214387147,189
cross_environment,cross_environment:MH:OV_MH_02_easy,MH,OV_MH_02_easy,normalized_empirical_blend_0.50,constant,ACI,recent_100,0.1,0.9,2212,0.7775768535262206,0.12242314647377939,-2.5650165015973325,-1.097264606307869,-2.4621900050210357,5.1395469026111105,0.18880265026029355,92
cross_environment,cross_environment:MH:OV_MH_02_easy,MH,OV_MH_02_easy,normalized_empirical_blend_0.50,constant,AgACI-EWA,recent_100,0.1,0.9,2212,0.7486437613019892,0.15135623869801085,-2.656574558198961,-1.1600152437509255,-2.6541056829045857,4.85078148809654,0.19232844297207763,74
cross_environment,cross_environment:MH:OV_MH_02_easy,MH,OV_MH_02_easy,normalized_empirical_blend_0.50,constant,ACI,recent_300,0.1,0.9,2212,0.8191681735985533,0.0808318264014467,-2.381319738371297,-0.9241916532794343,-2.1832288631386327,5.588275925421812,0.16986275437766224,94
cross_environment,cross_environment:MH:OV_MH_02_easy,MH,OV_MH_02_easy,normalized_empirical_blend_0.50,constant,AgACI-EWA,recent_300,0.1,0.9,2212,0.8178119349005425,0.08218806509945753,-2.664355550451763,-1.1665328178294692,-2.6417245021191516,4.8611347081446175,0.12543303360151448,74
cross_environment,cross_environment:MH:OV_MH_02_easy,MH,OV_MH_02_easy,normalized_empirical_blend_0.50,loglinear_covariance,ACI,calibration_only,0.1,0.9,2212,0.5438517179023508,0.35614828209764926,-2.8866012837232677,-2.1931276501808146,-2.9518138203788724,4.30877916241658,0.4048130619971605,324
cross_environment,cross_environment:MH:OV_MH_02_easy,MH,OV_MH_02_easy,normalized_empirical_blend_0.50,loglinear_covariance,AgACI-EWA,calibration_only,0.1,0.9,2212,0.5632911392405063,0.3367088607594937,-2.8877812122672637,-2.137489112989782,-2.9745294710895083,4.286078319627832,0.39668717463322306,324
cross_environment,cross_environment:MH:OV_MH_02_easy,MH,OV_MH_02_easy,normalized_empirical_blend_0.50,loglinear_covariance,ACI,recent_100,0.1,0.9,2212,0.7979204339963833,0.10207956600361667,-2.520649587120085,-1.061555810522625,-2.429735743844111,5.274888152233352,0.1908613345953622,92
cross_environment,cross_environment:MH:OV_MH_02_easy,MH,OV_MH_02_easy,normalized_empirical_blend_0.50,loglinear_covariance,AgACI-EWA,recent_100,0.1,0.9,2212,0.7784810126582279,0.12151898734177213,-2.6299186735655056,-1.1608046778973973,-2.6108154542583906,4.9635425985136665,0.18550402271651686,74
cross_environment,cross_environment:MH:OV_MH_02_easy,MH,OV_MH_02_easy,normalized_empirical_blend_0.50,loglinear_covariance,ACI,recent_300,0.1,0.9,2212,0.8544303797468354,0.04556962025316458,-2.321635148373293,-0.8706178501446626,-2.1068799475936464,5.827392419362522,0.16187411263606266,91
cross_environment,cross_environment:MH:OV_MH_02_easy,MH,OV_MH_02_easy,normalized_empirical_blend_0.50,loglinear_covariance,AgACI-EWA,recent_300,0.1,0.9,2212,0.8458408679927667,0.054159132007233324,-2.6374805115686293,-1.1604340598303717,-2.5986829036393777,4.965477433498258,0.11890676762896367,74
cross_environment,cross_environment:MH:OV_MH_02_easy,MH,OV_MH_02_easy,normalized_empirical_blend_0.50,loglinear_covariance_time,ACI,calibration_only,0.1,0.9,2212,0.5284810126582279,0.37151898734177213,-2.9252123985976093,-2.1723645713459314,-2.955277629904968,4.30270451295873,0.4204448651206816,323
cross_environment,cross_environment:MH:OV_MH_02_easy,MH,OV_MH_02_easy,normalized_empirical_blend_0.50,loglinear_covariance_time,AgACI-EWA,calibration_only,0.1,0.9,2212,0.5551537070524413,0.34484629294755875,-2.923238515153888,-2.147478930492324,-2.991020523803264,4.264393733261988,0.4120444865120683,324
cross_environment,cross_environment:MH:OV_MH_02_easy,MH,OV_MH_02_easy,normalized_empirical_blend_0.50,loglinear_covariance_time,ACI,recent_100,0.1,0.9,2212,0.8006329113924051,0.09936708860759491,-2.521626909786928,-1.0578259297965897,-2.4284545179076282,5.280567126546284,0.18872219592995756,92
cross_environment,cross_environment:MH:OV_MH_02_easy,MH,OV_MH_02_easy,normalized_empirical_blend_0.50,loglinear_covariance_time,AgACI-EWA,recent_100,0.1,0.9,2212,0.779385171790235,0.12061482820976499,-2.6288398566485105,-1.1542043447684016,-2.6091663736003716,4.968313622472631,0.18616185518220543,74
cross_environment,cross_environment:MH:OV_MH_02_easy,MH,OV_MH_02_easy,normalized_empirical_blend_0.50,loglinear_covariance_time,ACI,recent_300,0.1,0.9,2212,0.8544303797468354,0.04556962025316458,-2.319674815084498,-0.8673309037793437,-2.1068241208969622,5.836254698784674,0.1616848083293897,90
cross_environment,cross_environment:MH:OV_MH_02_easy,MH,OV_MH_02_easy,normalized_empirical_blend_0.50,loglinear_covariance_time,AgACI-EWA,recent_300,0.1,0.9,2212,0.846745027124774,0.05325497287522607,-2.6373089506485963,-1.153623887142356,-2.5977608546039135,4.967355546809738,0.11929010884997646,74
cross_environment,cross_environment:MH:OV_MH_02_easy,MH,OV_MH_02_easy,normalized_empirical_blend_0.75,constant,ACI,calibration_only,0.1,0.9,2212,0.8503616636528029,0.049638336347197165,-2.4084517822642613,-1.259478414672222,-2.2153975133762516,5.544676201973727,0.12971131093232383,87
cross_environment,cross_environment:MH:OV_MH_02_easy,MH,OV_MH_02_easy,normalized_empirical_blend_0.75,constant,AgACI-EWA,calibration_only,0.1,0.9,2212,0.8905967450271248,0.009403254972875197,-2.5005377809459612,-1.2774118136767179,-2.382991782027853,5.292540425153134,0.10348319924278308,88
cross_environment,cross_environment:MH:OV_MH_02_easy,MH,OV_MH_02_easy,normalized_empirical_blend_0.75,loglinear_covariance,ACI,calibration_only,0.1,0.9,2212,0.7007233273056058,0.1992766726943942,-2.4340022413540296,-1.8425290351139851,-2.4429578354448283,5.172765772544292,0.25945101751064836,201
cross_environment,cross_environment:MH:OV_MH_02_easy,MH,OV_MH_02_easy,normalized_empirical_blend_0.75,loglinear_covariance,AgACI-EWA,calibration_only,0.1,0.9,2212,0.7075045207956601,0.19249547920433996,-2.520495218773268,-1.8652666269643625,-2.512969872251826,5.059530812975727,0.2597397065783248,201
cross_environment,cross_environment:MH:OV_MH_02_easy,MH,OV_MH_02_easy,normalized_empirical_blend_0.75,loglinear_covariance_time,ACI,calibration_only,0.1,0.9,2212,0.6993670886075949,0.20063291139240513,-2.4672717237692123,-1.8432949896644861,-2.449371866597714,5.162697928922547,0.26477046852815905,201
cross_environment,cross_environment:MH:OV_MH_02_easy,MH,OV_MH_02_easy,normalized_empirical_blend_0.75,loglinear_covariance_time,AgACI-EWA,calibration_only,0.1,0.9,2212,0.6993670886075949,0.20063291139240513,-2.5370105943199195,-1.876720178187532,-2.5261317738022377,5.040814340899349,0.264718409843824,203
cross_environment,cross_environment:MH:OV_MH_03_medium,MH,OV_MH_03_medium,raw_openvins,constant,ACI,calibration_only,0.1,0.9,2245,0.9256124721603564,0.025612472160356337,1.4482263094858912,3.528422264616831,1.6679824486490136,17.552839222380378,0.06610904007455748,4
cross_environment,cross_environment:MH:OV_MH_03_medium,MH,OV_MH_03_medium,raw_openvins,constant,AgACI-EWA,calibration_only,0.1,0.9,2245,0.911804008908686,0.011804008908685937,1.1526585948918626,2.202403884552901,0.9302337587873324,13.940047084720144,0.018508853681267673,2
cross_environment,cross_environment:MH:OV_MH_03_medium,MH,OV_MH_03_medium,raw_openvins,constant,ACI,recent_100,0.1,0.9,2245,0.7986636971046771,0.10133630289532292,1.3169086251495035,2.2553184288394212,1.1611743812997652,29.32835270423378,0.14815936626281456,49
cross_environment,cross_environment:MH:OV_MH_03_medium,MH,OV_MH_03_medium,raw_openvins,constant,AgACI-EWA,recent_100,0.1,0.9,2245,0.7884187082405345,0.11158129175946552,1.2130576982559234,2.22033367917752,1.0107060320015135,30.842514152798394,0.15483690587138857,49
cross_environment,cross_environment:MH:OV_MH_03_medium,MH,OV_MH_03_medium,raw_openvins,constant,ACI,recent_300,0.1,0.9,2245,0.8311804008908686,0.06881959910913138,1.3842161303822564,2.2002679153055054,1.3645087120897903,46.117148655659356,0.1424091332712023,49
cross_environment,cross_environment:MH:OV_MH_03_medium,MH,OV_MH_03_medium,raw_openvins,constant,AgACI-EWA,recent_300,0.1,0.9,2245,0.8285077951002228,0.07149220489977726,1.2504452455325836,2.3402060539382927,1.1043141384630455,35.66513068670716,0.13519105312208765,49
cross_environment,cross_environment:MH:OV_MH_03_medium,MH,OV_MH_03_medium,raw_openvins,loglinear_covariance,ACI,calibration_only,0.1,0.9,2245,0.9269487750556793,0.026948775055679275,1.824500649524115,3.250183304229742,1.8368642931393804,18.46595333876616,0.10114165890027983,17
cross_environment,cross_environment:MH:OV_MH_03_medium,MH,OV_MH_03_medium,raw_openvins,loglinear_covariance,AgACI-EWA,calibration_only,0.1,0.9,2245,0.9158129175946548,0.015812917594654752,1.19163550623343,2.1526369827899408,0.8741230449895323,13.384450069600414,0.031593662628145565,5
cross_environment,cross_environment:MH:OV_MH_03_medium,MH,OV_MH_03_medium,raw_openvins,loglinear_covariance,ACI,recent_100,0.1,0.9,2245,0.8320712694877506,0.06792873051224946,1.4628097503162838,2.9701087233734316,1.3441568869562033,22.62719091610406,0.12722273998136072,38
cross_environment,cross_environment:MH:OV_MH_03_medium,MH,OV_MH_03_medium,raw_openvins,loglinear_covariance,AgACI-EWA,recent_100,0.1,0.9,2245,0.799554565701559,0.100445434298441,1.1334466347094292,2.243551138720069,0.8031092771652194,13.24234309012428,0.12986020503261872,39
cross_environment,cross_environment:MH:OV_MH_03_medium,MH,OV_MH_03_medium,raw_openvins,loglinear_covariance,ACI,recent_300,0.1,0.9,2245,0.8516703786191536,0.0483296213808464,1.661862038629808,3.245319011040399,1.5719162123070827,18.180248458906963,0.14657036346691532,39
cross_environment,cross_environment:MH:OV_MH_03_medium,MH,OV_MH_03_medium,raw_openvins,loglinear_covariance,AgACI-EWA,recent_300,0.1,0.9,2245,0.8512249443207127,0.048775055679287305,1.1695727448461302,2.2184786016083797,0.8548273253051545,14.132908333156722,0.10447343895619762,38
cross_environment,cross_environment:MH:OV_MH_03_medium,MH,OV_MH_03_medium,raw_openvins,loglinear_covariance_time,ACI,calibration_only,0.1,0.9,2245,0.9273942093541203,0.02739420935412029,1.8061944824693725,3.1553459874975864,1.796004960003567,18.143535878781933,0.0991985088536815,16
cross_environment,cross_environment:MH:OV_MH_03_medium,MH,OV_MH_03_medium,raw_openvins,loglinear_covariance_time,AgACI-EWA,calibration_only,0.1,0.9,2245,0.9153674832962138,0.015367483296213735,1.1903440598782993,2.164923783701354,0.8654369662310804,13.365459607034698,0.03308014911463204,5
cross_environment,cross_environment:MH:OV_MH_03_medium,MH,OV_MH_03_medium,raw_openvins,loglinear_covariance_time,ACI,recent_100,0.1,0.9,2245,0.8334075723830735,0.06659242761692652,1.4525466677633743,2.934260609142284,1.328426270526241,22.600229227979682,0.12470643056849959,28
cross_environment,cross_environment:MH:OV_MH_03_medium,MH,OV_MH_03_medium,raw_openvins,loglinear_covariance_time,AgACI-EWA,recent_100,0.1,0.9,2245,0.801336302895323,0.09866369710467704,1.1306696215252643,2.223685199384413,0.8006736446712375,13.207701715164346,0.12758154706430558,27
cross_environment,cross_environment:MH:OV_MH_03_medium,MH,OV_MH_03_medium,raw_openvins,loglinear_covariance_time,ACI,recent_300,0.1,0.9,2245,0.8525612472160357,0.047438752783964366,1.6486786115125032,3.157837500161527,1.5418547169962236,17.92434097923634,0.14445945945945962,34
cross_environment,cross_environment:MH:OV_MH_03_medium,MH,OV_MH_03_medium,raw_openvins,loglinear_covariance_time,AgACI-EWA,recent_300,0.1,0.9,2245,0.8503340757238307,0.04966592427616934,1.1705141840178328,2.197042565723355,0.8630008438734798,14.124134665443304,0.10519571295433369,27
cross_environment,cross_environment:MH:OV_MH_03_medium,MH,OV_MH_03_medium,raw_openvins_fit_bias,constant,ACI,calibration_only,0.1,0.9,2245,0.9153674832962138,0.015367483296213735,5.5313573655193515,6.3005973195252505,5.49502665176863,59.834433424272774,0.09301025163094144,23
cross_environment,cross_environment:MH:OV_MH_03_medium,MH,OV_MH_03_medium,raw_openvins_fit_bias,constant,AgACI-EWA,calibration_only,0.1,0.9,2245,0.9158129175946548,0.015812917594654752,5.02899747734147,6.010600312770458,4.939939680083151,50.478366936027676,0.028634669151910732,2
cross_environment,cross_environment:MH:OV_MH_03_medium,MH,OV_MH_03_medium,raw_openvins_fit_bias,loglinear_covariance,ACI,calibration_only,0.1,0.9,2245,0.9033407572383073,0.0033407572383072903,5.749287149790737,6.551771974099514,5.464179761202762,90.59290707010936,0.08243243243243253,28
cross_environment,cross_environment:MH:OV_MH_03_medium,MH,OV_MH_03_medium,raw_openvins_fit_bias,loglinear_covariance,AgACI-EWA,calibration_only,0.1,0.9,2245,0.9229398663697105,0.02293986636971046,5.9354890662030595,6.993317865257379,5.550906788572802,77.66239069669825,0.08154706430568517,24
cross_environment,cross_environment:MH:OV_MH_03_medium,MH,OV_MH_03_medium,raw_openvins_fit_bias,loglinear_covariance_time,ACI,calibration_only,0.1,0.9,2245,0.9033407572383073,0.0033407572383072903,5.697357400835433,6.802124505201978,5.560784253491505,90.72373647339587,0.08597390493942231,24
cross_environment,cross_environment:MH:OV_MH_03_medium,MH,OV_MH_03_medium,raw_openvins_fit_bias,loglinear_covariance_time,AgACI-EWA,calibration_only,0.1,0.9,2245,0.9224944320712695,0.022494432071269443,5.9667798955583145,7.769181001319774,5.816713522364323,84.06238044766539,0.08267474370922664,26
cross_environment,cross_environment:MH:OV_MH_03_medium,MH,OV_MH_03_medium,diagonal_openvins,constant,ACI,calibration_only,0.1,0.9,2245,0.9193763919821827,0.01937639198218266,-0.17431214301876707,1.0671537000446496,-0.2972363383801729,8.48673310793895,0.07491146318732543,17
cross_environment,cross_environment:MH:OV_MH_03_medium,MH,OV_MH_03_medium,diagonal_openvins,constant,AgACI-EWA,calibration_only,0.1,0.9,2245,0.910913140311804,0.010913140311804015,-1.0113058541361042,0.8647821189706993,-1.0891359954484248,6.831446858379651,0.030400745573159495,8
cross_environment,cross_environment:MH:OV_MH_03_medium,MH,OV_MH_03_medium,diagonal_openvins,loglinear_covariance,ACI,calibration_only,0.1,0.9,2245,0.9131403118040089,0.013140311804008875,-0.3652845955698192,1.6130612480588062,-0.3395123727295512,9.238713300757146,0.09345759552656124,29
cross_environment,cross_environment:MH:OV_MH_03_medium,MH,OV_MH_03_medium,diagonal_openvins,loglinear_covariance,AgACI-EWA,calibration_only,0.1,0.9,2245,0.9207126948775056,0.0207126948775056,-1.4158052452274452,0.7181599543312029,-1.254035630465432,6.602207763550402,0.045330848089468995,8
cross_environment,cross_environment:MH:OV_MH_03_medium,MH,OV_MH_03_medium,diagonal_openvins,loglinear_covariance_time,ACI,calibration_only,0.1,0.9,2245,0.9135857461024499,0.013585746102449892,-0.3914230697180532,1.5795980817177044,-0.3731165336885501,9.120309897039306,0.09499534016775416,30
cross_environment,cross_environment:MH:OV_MH_03_medium,MH,OV_MH_03_medium,diagonal_openvins,loglinear_covariance_time,AgACI-EWA,calibration_only,0.1,0.9,2245,0.9158129175946548,0.015812917594654752,-1.4329663543561288,0.6807716344464064,-1.2862479342945488,6.5330893326419845,0.04542870456663576,9
cross_environment,cross_environment:MH:OV_MH_03_medium,MH,OV_MH_03_medium,diagonal_openvins_fit_bias,constant,ACI,calibration_only,0.1,0.9,2245,0.910913140311804,0.010913140311804015,0.7868760463612094,1.7939699767564377,0.8148548591311512,12.058932657591026,0.09461323392357894,19
cross_environment,cross_environment:MH:OV_MH_03_medium,MH,OV_MH_03_medium,diagonal_openvins_fit_bias,constant,AgACI-EWA,calibration_only,0.1,0.9,2245,0.9051224944320713,0.005122494432071245,0.006025787532589533,1.7128748472878412,0.15581007832958924,10.026921134418474,0.03226001863932906,8
cross_environment,cross_environment:MH:OV_MH_03_medium,MH,OV_MH_03_medium,diagonal_openvins_fit_bias,loglinear_covariance,ACI,calibration_only,0.1,0.9,2245,0.9055679287305123,0.0055679287305122616,1.6316812597281167,3.2396652687511716,1.4225310632795614,16.586203848248886,0.08311742777260035,26
cross_environment,cross_environment:MH:OV_MH_03_medium,MH,OV_MH_03_medium,diagonal_openvins_fit_bias,loglinear_covariance,AgACI-EWA,calibration_only,0.1,0.9,2245,0.8962138084632517,0.0037861915367483068,0.6098231587264458,2.318756865967851,0.6163143553499831,11.96071833707316,0.044725069897483705,7
cross_environment,cross_environment:MH:OV_MH_03_medium,MH,OV_MH_03_medium,diagonal_openvins_fit_bias,loglinear_covariance_time,ACI,calibration_only,0.1,0.9,2245,0.9064587973273942,0.0064587973273941834,1.6078546697350502,3.208737280450241,1.397331820227527,16.423853305329487,0.08322460391425926,26
cross_environment,cross_environment:MH:OV_MH_03_medium,MH,OV_MH_03_medium,diagonal_openvins_fit_bias,loglinear_covariance_time,AgACI-EWA,calibration_only,0.1,0.9,2245,0.8971046770601336,0.002895322939866385,0.5851638325455593,2.268149599706706,0.5971030848857074,11.870187345468404,0.04441752096924513,7
cross_environment,cross_environment:MH:OV_MH_03_medium,MH,OV_MH_03_medium,standardized_correlation,constant,ACI,calibration_only,0.1,0.9,2245,0.910913140311804,0.010913140311804015,2.75662411076786,3.406741715112512,2.704113433107131,3.6736480006500716,0.11214818266542427,36
cross_environment,cross_environment:MH:OV_MH_03_medium,MH,OV_MH_03_medium,standardized_correlation,constant,AgACI-EWA,calibration_only,0.1,0.9,2245,0.9064587973273942,0.0064587973273941834,1.9959109497048524,3.5318606226164713,2.2202092771630637,3.4079576616254323,0.040270270270270386,11
cross_environment,cross_environment:MH:OV_MH_03_medium,MH,OV_MH_03_medium,standardized_correlation,constant,ACI,recent_100,0.1,0.9,2245,0.8730512249443207,0.026948775055679275,2.3133102599970456,4.734566911628131,2.580006773091871,3.807713180201243,0.0872833178005592,29
cross_environment,cross_environment:MH:OV_MH_03_medium,MH,OV_MH_03_medium,standardized_correlation,constant,AgACI-EWA,recent_100,0.1,0.9,2245,0.8489977728285077,0.051002227171492276,1.8462385187026076,3.612899830445007,2.1348734218991785,3.182449593669415,0.07599720410065228,26
cross_environment,cross_environment:MH:OV_MH_03_medium,MH,OV_MH_03_medium,standardized_correlation,constant,ACI,recent_300,0.1,0.9,2245,0.888641425389755,0.011358574610245031,2.4260831648933596,3.5600615721894053,2.4417085363928916,3.474481143428262,0.09650046598322473,28
cross_environment,cross_environment:MH:OV_MH_03_medium,MH,OV_MH_03_medium,standardized_correlation,constant,AgACI-EWA,recent_300,0.1,0.9,2245,0.8779510022271715,0.022048997772828538,1.8398775033169605,3.348346724185324,2.0309891896793215,3.053750979967989,0.049226467847157514,24
cross_environment,cross_environment:MH:OV_MH_03_medium,MH,OV_MH_03_medium,standardized_correlation,loglinear_covariance,ACI,calibration_only,0.1,0.9,2245,0.910913140311804,0.010913140311804015,2.752162974626007,3.386398791651475,2.820326045594887,3.8446329474372494,0.11290773532152862,58
cross_environment,cross_environment:MH:OV_MH_03_medium,MH,OV_MH_03_medium,standardized_correlation,loglinear_covariance,AgACI-EWA,calibration_only,0.1,0.9,2245,0.9055679287305123,0.0055679287305122616,1.9521274937906359,3.320346949006928,2.1385018073879456,3.2275384508748837,0.04759086672879785,10
cross_environment,cross_environment:MH:OV_MH_03_medium,MH,OV_MH_03_medium,standardized_correlation,loglinear_covariance,ACI,recent_100,0.1,0.9,2245,0.8685968819599109,0.031403118040089106,2.34949685739576,4.079750601425865,2.498826743391598,3.628152022374381,0.10369058713886305,33
cross_environment,cross_environment:MH:OV_MH_03_medium,MH,OV_MH_03_medium,standardized_correlation,loglinear_covariance,AgACI-EWA,recent_100,0.1,0.9,2245,0.8360801781737194,0.06391982182628064,1.9213251651977323,3.442878700723889,2.0861368043790702,3.117209778229655,0.09969245107176133,21
cross_environment,cross_environment:MH:OV_MH_03_medium,MH,OV_MH_03_medium,standardized_correlation,loglinear_covariance,ACI,recent_300,0.1,0.9,2245,0.8877505567928731,0.012249443207126953,2.551137156393552,3.9413982328561077,2.6673351235753784,3.800917593161733,0.10368126747437104,27
cross_environment,cross_environment:MH:OV_MH_03_medium,MH,OV_MH_03_medium,standardized_correlation,loglinear_covariance,AgACI-EWA,recent_300,0.1,0.9,2245,0.8806236080178174,0.01937639198218266,1.8254046037313834,3.2836052266797404,1.991883583232657,3.0024446241407494,0.06059645852749302,15
cross_environment,cross_environment:MH:OV_MH_03_medium,MH,OV_MH_03_medium,standardized_correlation,loglinear_covariance_time,ACI,calibration_only,0.1,0.9,2245,0.9113585746102449,0.01135857461024492,2.742675690507977,3.3563370696902775,2.8038695052057045,3.8194178144913327,0.11317334575955286,58
cross_environment,cross_environment:MH:OV_MH_03_medium,MH,OV_MH_03_medium,standardized_correlation,loglinear_covariance_time,AgACI-EWA,calibration_only,0.1,0.9,2245,0.9069042316258352,0.0069042316258352,1.9359854902431444,3.3134549402814217,2.1412682831730567,3.2242529618048392,0.048476234855545294,10
cross_environment,cross_environment:MH:OV_MH_03_medium,MH,OV_MH_03_medium,standardized_correlation,loglinear_covariance_time,ACI,recent_100,0.1,0.9,2245,0.8699331848552339,0.030066815144766168,2.338447365172411,4.0940702324015685,2.4935858337490333,3.62220767224599,0.10293103448275867,34
cross_environment,cross_environment:MH:OV_MH_03_medium,MH,OV_MH_03_medium,standardized_correlation,loglinear_covariance_time,AgACI-EWA,recent_100,0.1,0.9,2245,0.8360801781737194,0.06391982182628064,1.9216215533442287,3.465043118054862,2.086288675140747,3.115500494181835,0.0999254426840633,21
cross_environment,cross_environment:MH:OV_MH_03_medium,MH,OV_MH_03_medium,standardized_correlation,loglinear_covariance_time,ACI,recent_300,0.1,0.9,2245,0.8877505567928731,0.012249443207126953,2.5355723284082923,3.9385627746111362,2.6557090984779728,3.786615684231101,0.10371854613233936,27
cross_environment,cross_environment:MH:OV_MH_03_medium,MH,OV_MH_03_medium,standardized_correlation,loglinear_covariance_time,AgACI-EWA,recent_300,0.1,0.9,2245,0.8824053452115813,0.017594654788418707,1.8406368898609933,3.2913443652385217,1.9854403347757903,2.995060999947872,0.0594874184529357,14
cross_environment,cross_environment:MH:OV_MH_03_medium,MH,OV_MH_03_medium,whitened_correlation,constant,ACI,calibration_only,0.1,0.9,2245,0.8975501113585747,0.0024498886414253684,4.005114473331205,5.178505207437274,4.109682026435991,2.1652538296880417,0.05908667287977632,16
cross_environment,cross_environment:MH:OV_MH_03_medium,MH,OV_MH_03_medium,whitened_correlation,constant,AgACI-EWA,calibration_only,0.1,0.9,2245,0.9371937639198218,0.037193763919821765,3.9792218107203126,5.244974179148094,3.825998495448054,2.051976610647107,0.04114165890027993,1
cross_environment,cross_environment:MH:OV_MH_03_medium,MH,OV_MH_03_medium,whitened_correlation,loglinear_covariance,ACI,calibration_only,0.1,0.9,2245,0.8984409799554566,0.0015590200445434466,3.9467209068673625,5.156626012759115,3.977937853811198,2.0800052492581593,0.052786579683131406,12
cross_environment,cross_environment:MH:OV_MH_03_medium,MH,OV_MH_03_medium,whitened_correlation,loglinear_covariance,AgACI-EWA,calibration_only,0.1,0.9,2245,0.9532293986636972,0.053229398663697136,3.978642732880566,5.252048099120404,3.7820770259647216,2.020772977181143,0.056840633737185856,1
cross_environment,cross_environment:MH:OV_MH_03_medium,MH,OV_MH_03_medium,whitened_correlation,loglinear_covariance_time,ACI,calibration_only,0.1,0.9,2245,0.9011135857461025,0.00111358574610243,3.919420723096408,5.144448094225555,3.9517069818781687,2.0644684625865906,0.04641658900279589,8
cross_environment,cross_environment:MH:OV_MH_03_medium,MH,OV_MH_03_medium,whitened_correlation,loglinear_covariance_time,AgACI-EWA,calibration_only,0.1,0.9,2245,0.9416481069042316,0.0416481069042316,3.979758198501573,5.213380729507985,3.767435311106212,2.012568729930194,0.04456197576887274,2
cross_environment,cross_environment:MH:OV_MH_03_medium,MH,OV_MH_03_medium,correlation_shrink_0.25,constant,ACI,calibration_only,0.1,0.9,2245,0.9233853006681515,0.023385300668151476,0.18225634522159062,1.1759730054561488,0.006422267322180697,9.573860111598256,0.08431500465983241,18
cross_environment,cross_environment:MH:OV_MH_03_medium,MH,OV_MH_03_medium,correlation_shrink_0.25,constant,AgACI-EWA,calibration_only,0.1,0.9,2245,0.9082405345211582,0.008240534521158138,-0.8746722302150163,0.977719374212775,-0.9134029898765411,7.450171074284234,0.031342031686859395,6
cross_environment,cross_environment:MH:OV_MH_03_medium,MH,OV_MH_03_medium,correlation_shrink_0.25,loglinear_covariance,ACI,calibration_only,0.1,0.9,2245,0.911804008908686,0.011804008908685937,-0.08681360334219779,1.881254245236231,0.04943264544019271,10.575529054958515,0.10340167753960876,32
cross_environment,cross_environment:MH:OV_MH_03_medium,MH,OV_MH_03_medium,correlation_shrink_0.25,loglinear_covariance,AgACI-EWA,calibration_only,0.1,0.9,2245,0.9242761692650334,0.024276169265033398,-0.7008561695665989,1.0848077330079497,-0.6475723692627867,8.23824113898768,0.057250698974837116,8
cross_environment,cross_environment:MH:OV_MH_03_medium,MH,OV_MH_03_medium,correlation_shrink_0.25,loglinear_covariance_time,ACI,calibration_only,0.1,0.9,2245,0.911804008908686,0.011804008908685937,-0.12568745633947298,1.9271998955267857,0.03981806065101962,10.625158891213669,0.10462255358807102,34
cross_environment,cross_environment:MH:OV_MH_03_medium,MH,OV_MH_03_medium,correlation_shrink_0.25,loglinear_covariance_time,AgACI-EWA,calibration_only,0.1,0.9,2245,0.9233853006681515,0.023385300668151476,-0.7458157028413446,1.0309539022533807,-0.6521424746279737,8.244418031807642,0.0637092264678474,9
cross_environment,cross_environment:MH:OV_MH_03_medium,MH,OV_MH_03_medium,correlation_shrink_0.25_fit_bias,constant,ACI,calibration_only,0.1,0.9,2245,0.9171492204899777,0.01714922048997769,1.5139686651765576,2.340399150576321,1.5052056506211504,15.410529811435481,0.09678471575023319,23
cross_environment,cross_environment:MH:OV_MH_03_medium,MH,OV_MH_03_medium,correlation_shrink_0.25_fit_bias,constant,AgACI-EWA,calibration_only,0.1,0.9,2245,0.9073496659242761,0.007349665924276105,0.6474943594471476,2.420280054430294,0.8200597984271233,12.658583633181092,0.03406337371854625,9
cross_environment,cross_environment:MH:OV_MH_03_medium,MH,OV_MH_03_medium,correlation_shrink_0.25_fit_bias,loglinear_covariance,ACI,calibration_only,0.1,0.9,2245,0.910467706013363,0.010467706013362998,2.2051018675458636,3.7444964396112588,2.106721255081209,20.76708276424476,0.0830288909599256,24
cross_environment,cross_environment:MH:OV_MH_03_medium,MH,OV_MH_03_medium,correlation_shrink_0.25_fit_bias,loglinear_covariance,AgACI-EWA,calibration_only,0.1,0.9,2245,0.9153674832962138,0.015367483296213735,1.4609860319165637,3.1776535824593215,1.4298121790979155,16.199524226071524,0.05736719478098809,15
cross_environment,cross_environment:MH:OV_MH_03_medium,MH,OV_MH_03_medium,correlation_shrink_0.25_fit_bias,loglinear_covariance_time,ACI,calibration_only,0.1,0.9,2245,0.9113585746102449,0.01135857461024492,2.2367155457988828,3.669306026037796,2.0803434620457546,20.519971581153392,0.08449207828518189,26
cross_environment,cross_environment:MH:OV_MH_03_medium,MH,OV_MH_03_medium,correlation_shrink_0.25_fit_bias,loglinear_covariance_time,AgACI-EWA,calibration_only,0.1,0.9,2245,0.910467706013363,0.010467706013362998,1.5465045441469876,3.0353193605975957,1.4471426226166664,16.255235002563037,0.06244175209692467,16
cross_environment,cross_environment:MH:OV_MH_03_medium,MH,OV_MH_03_medium,correlation_shrink_0.50,constant,ACI,calibration_only,0.1,0.9,2245,0.9207126948775056,0.0207126948775056,-0.06758750809326486,1.064675876258839,-0.17969861309630544,8.888310623566882,0.07878844361602999,17
cross_environment,cross_environment:MH:OV_MH_03_medium,MH,OV_MH_03_medium,correlation_shrink_0.50,constant,AgACI-EWA,calibration_only,0.1,0.9,2245,0.9095768374164811,0.009576837416481077,-1.0370110495330644,0.8687359732545166,-1.0881340922313252,6.962976610744946,0.03289375582479043,7
cross_environment,cross_environment:MH:OV_MH_03_medium,MH,OV_MH_03_medium,correlation_shrink_0.50,loglinear_covariance,ACI,calibration_only,0.1,0.9,2245,0.911804008908686,0.011804008908685937,-0.4779302334749662,1.8000251076023723,-0.27444276989616617,9.59094116311294,0.10115563839701791,33
cross_environment,cross_environment:MH:OV_MH_03_medium,MH,OV_MH_03_medium,correlation_shrink_0.50,loglinear_covariance,AgACI-EWA,calibration_only,0.1,0.9,2245,0.9296213808463252,0.02962138084632515,-1.1226358615536078,0.8017858387300422,-1.0312939241565455,7.20154998916845,0.05762814538676631,8
cross_environment,cross_environment:MH:OV_MH_03_medium,MH,OV_MH_03_medium,correlation_shrink_0.50,loglinear_covariance_time,ACI,calibration_only,0.1,0.9,2245,0.911804008908686,0.011804008908685937,-0.4789625119277874,1.7750219550044475,-0.28939973247540085,9.560309697862118,0.10329916123019593,38
cross_environment,cross_environment:MH:OV_MH_03_medium,MH,OV_MH_03_medium,correlation_shrink_0.50,loglinear_covariance_time,AgACI-EWA,calibration_only,0.1,0.9,2245,0.93184855233853,0.03184855233853001,-1.1850013878680565,0.7701951005802659,-1.0497358567789854,7.163215376275075,0.061071761416589244,9
cross_environment,cross_environment:MH:OV_MH_03_medium,MH,OV_MH_03_medium,correlation_shrink_0.50_fit_bias,constant,ACI,calibration_only,0.1,0.9,2245,0.9140311804008908,0.014031180400890797,1.03016208875197,2.0357170863236673,1.0533103523842111,13.154832382900352,0.09727865796831332,20
cross_environment,cross_environment:MH:OV_MH_03_medium,MH,OV_MH_03_medium,correlation_shrink_0.50_fit_bias,constant,AgACI-EWA,calibration_only,0.1,0.9,2245,0.9077951002227171,0.007795100222717122,0.1376005395701707,1.9631379947236112,0.32525259369370374,10.657435117749595,0.03194315004659842,8
cross_environment,cross_environment:MH:OV_MH_03_medium,MH,OV_MH_03_medium,correlation_shrink_0.50_fit_bias,loglinear_covariance,ACI,calibration_only,0.1,0.9,2245,0.910467706013363,0.010467706013362998,1.8199075713784003,3.4737114981094623,1.7038416958091487,18.261193202929345,0.08414725069897498,27
cross_environment,cross_environment:MH:OV_MH_03_medium,MH,OV_MH_03_medium,correlation_shrink_0.50_fit_bias,loglinear_covariance,AgACI-EWA,calibration_only,0.1,0.9,2245,0.9095768374164811,0.009576837416481077,0.7973882179876401,2.7149009027932585,0.8794298044031333,13.55211047525808,0.04723671947809891,8
cross_environment,cross_environment:MH:OV_MH_03_medium,MH,OV_MH_03_medium,correlation_shrink_0.50_fit_bias,loglinear_covariance_time,ACI,calibration_only,0.1,0.9,2245,0.910913140311804,0.010913140311804015,1.7640312483051925,3.3726301529510283,1.6345298009057447,17.76762828017023,0.08411929170549876,28
cross_environment,cross_environment:MH:OV_MH_03_medium,MH,OV_MH_03_medium,correlation_shrink_0.50_fit_bias,loglinear_covariance_time,AgACI-EWA,calibration_only,0.1,0.9,2245,0.910913140311804,0.010913140311804015,0.8522526995995126,2.652471540141018,0.8791593634382378,13.406356926435537,0.04856011183597407,9
cross_environment,cross_environment:MH:OV_MH_03_medium,MH,OV_MH_03_medium,correlation_shrink_0.75,constant,ACI,calibration_only,0.1,0.9,2245,0.9198218262806236,0.019821826280623567,-0.16332577765133127,1.034834764523687,-0.2665629273429492,8.589448131635235,0.0751724137931036,17
cross_environment,cross_environment:MH:OV_MH_03_medium,MH,OV_MH_03_medium,correlation_shrink_0.75,constant,AgACI-EWA,calibration_only,0.1,0.9,2245,0.9086859688195991,0.008685968819599044,-1.0549932129011186,0.8917712251132575,-1.108469686460068,6.834338540641786,0.02923578751164972,7
cross_environment,cross_environment:MH:OV_MH_03_medium,MH,OV_MH_03_medium,correlation_shrink_0.75,loglinear_covariance,ACI,calibration_only,0.1,0.9,2245,0.9126948775055679,0.012694877505567859,-0.5112447125079029,1.6648390795170498,-0.3721167208228928,9.210201439838338,0.0938210624417523,29
cross_environment,cross_environment:MH:OV_MH_03_medium,MH,OV_MH_03_medium,correlation_shrink_0.75,loglinear_covariance,AgACI-EWA,calibration_only,0.1,0.9,2245,0.9309576837416481,0.03095768374164809,-1.335632743650116,0.68598020375732,-1.2502330744342909,6.606113325549998,0.05240447343895641,8
cross_environment,cross_environment:MH:OV_MH_03_medium,MH,OV_MH_03_medium,correlation_shrink_0.75,loglinear_covariance_time,ACI,calibration_only,0.1,0.9,2245,0.9131403118040089,0.013140311804008875,-0.5332098287815894,1.6255751832287193,-0.400239325856408,9.114568807812367,0.0934389561975771,29
cross_environment,cross_environment:MH:OV_MH_03_medium,MH,OV_MH_03_medium,correlation_shrink_0.75,loglinear_covariance_time,AgACI-EWA,calibration_only,0.1,0.9,2245,0.9256124721603564,0.025612472160356337,-1.470966172273438,0.678099507199569,-1.3213397594869472,6.482125018103245,0.04956663560111859,7
cross_environment,cross_environment:MH:OV_MH_03_medium,MH,OV_MH_03_medium,correlation_shrink_0.75_fit_bias,constant,ACI,calibration_only,0.1,0.9,2245,0.912249443207127,0.012249443207126953,0.8002467515372516,1.8661783600500785,0.8578055768197662,12.267108465426999,0.0961789375582481,20
cross_environment,cross_environment:MH:OV_MH_03_medium,MH,OV_MH_03_medium,correlation_shrink_0.75_fit_bias,constant,AgACI-EWA,calibration_only,0.1,0.9,2245,0.9051224944320713,0.005122494432071245,-0.05160132721246846,1.8233470792951751,0.14211131027101853,10.009792586306137,0.03092264678471583,9
cross_environment,cross_environment:MH:OV_MH_03_medium,MH,OV_MH_03_medium,correlation_shrink_0.75_fit_bias,loglinear_covariance,ACI,calibration_only,0.1,0.9,2245,0.9091314031180401,0.00913140311804006,1.6518206214948385,3.2976350829978625,1.4781431998785546,16.931164773986062,0.08474836905871402,27
cross_environment,cross_environment:MH:OV_MH_03_medium,MH,OV_MH_03_medium,correlation_shrink_0.75_fit_bias,loglinear_covariance,AgACI-EWA,calibration_only,0.1,0.9,2245,0.8975501113585747,0.0024498886414253684,0.6170811812086221,2.3973509673312634,0.6248566020859,12.19089228058086,0.04704100652376518,7
cross_environment,cross_environment:MH:OV_MH_03_medium,MH,OV_MH_03_medium,correlation_shrink_0.75_fit_bias,loglinear_covariance_time,ACI,calibration_only,0.1,0.9,2245,0.910022271714922,0.010022271714921982,1.6243617396955727,3.202300710671692,1.4125276388196941,16.508862122772186,0.08546132339235803,27
cross_environment,cross_environment:MH:OV_MH_03_medium,MH,OV_MH_03_medium,correlation_shrink_0.75_fit_bias,loglinear_covariance_time,AgACI-EWA,calibration_only,0.1,0.9,2245,0.8975501113585747,0.0024498886414253684,0.5599071511560751,2.3439442211120145,0.5941736989982609,12.025266505938005,0.04728331780055921,7
cross_environment,cross_environment:MH:OV_MH_03_medium,MH,OV_MH_03_medium,normalized_empirical_blend_0.25,constant,ACI,calibration_only,0.1,0.9,2245,0.8195991091314031,0.08040089086859692,-2.6356041634955947,-1.7594263908896843,-2.5996255724104103,5.138620548068436,0.1472320596458528,75
cross_environment,cross_environment:MH:OV_MH_03_medium,MH,OV_MH_03_medium,normalized_empirical_blend_0.25,constant,AgACI-EWA,calibration_only,0.1,0.9,2245,0.8400890868596882,0.05991091314031183,-2.830688188728746,-1.7592546630590076,-2.831260499380258,4.835527809580345,0.12247437092264699,76
cross_environment,cross_environment:MH:OV_MH_03_medium,MH,OV_MH_03_medium,normalized_empirical_blend_0.25,loglinear_covariance,ACI,calibration_only,0.1,0.9,2245,0.7367483296213808,0.1632516703786192,-2.933623261499922,-1.801884638102344,-2.8446241574279156,4.781805228616834,0.20068033550792175,111
cross_environment,cross_environment:MH:OV_MH_03_medium,MH,OV_MH_03_medium,normalized_empirical_blend_0.25,loglinear_covariance,AgACI-EWA,calibration_only,0.1,0.9,2245,0.7697104677060134,0.13028953229398665,-2.99779754684438,-1.8093701344179518,-2.90985697506629,4.697098010420422,0.1761649580615098,112
cross_environment,cross_environment:MH:OV_MH_03_medium,MH,OV_MH_03_medium,normalized_empirical_blend_0.25,loglinear_covariance_time,ACI,calibration_only,0.1,0.9,2245,0.7469933184855234,0.1530066815144766,-2.935465699246432,-1.7742743669905725,-2.831067912207389,4.809585386300126,0.19034482758620686,110
cross_environment,cross_environment:MH:OV_MH_03_medium,MH,OV_MH_03_medium,normalized_empirical_blend_0.25,loglinear_covariance_time,AgACI-EWA,calibration_only,0.1,0.9,2245,0.7790645879732739,0.12093541202672609,-2.9953233041521035,-1.7664066666475378,-2.898937277390699,4.725792543528448,0.1664911463187326,109
cross_environment,cross_environment:MH:OV_MH_03_medium,MH,OV_MH_03_medium,normalized_empirical_blend_0.50,constant,ACI,calibration_only,0.1,0.9,2245,0.865478841870824,0.034521158129176,-2.7351767723456337,-2.0755853319342608,-2.7438124106462527,4.944620559988481,0.11161696178937562,39
cross_environment,cross_environment:MH:OV_MH_03_medium,MH,OV_MH_03_medium,normalized_empirical_blend_0.50,constant,AgACI-EWA,calibration_only,0.1,0.9,2245,0.8779510022271715,0.022048997772828538,-3.02902248827624,-2.0809694867448223,-3.042169500494198,4.548849958225984,0.08323392357875127,39
cross_environment,cross_environment:MH:OV_MH_03_medium,MH,OV_MH_03_medium,normalized_empirical_blend_0.50,constant,ACI,recent_100,0.1,0.9,2245,0.8285077951002228,0.07149220489977726,-2.609862122998085,-1.7607212963974583,-2.7209650842697832,5.093892429110828,0.12159366262814542,35
cross_environment,cross_environment:MH:OV_MH_03_medium,MH,OV_MH_03_medium,normalized_empirical_blend_0.50,constant,AgACI-EWA,recent_100,0.1,0.9,2245,0.8017817371937639,0.09821826280623613,-2.968135481394798,-1.840286366792172,-2.9397731881346556,4.745941607259333,0.13285647716682195,32
cross_environment,cross_environment:MH:OV_MH_03_medium,MH,OV_MH_03_medium,normalized_empirical_blend_0.50,constant,ACI,recent_300,0.1,0.9,2245,0.8623608017817372,0.03763919821826278,-2.353534082948592,-1.6905225427709176,-2.5537508414184558,5.35525073047166,0.13032152842497682,35
cross_environment,cross_environment:MH:OV_MH_03_medium,MH,OV_MH_03_medium,normalized_empirical_blend_0.50,constant,AgACI-EWA,recent_300,0.1,0.9,2245,0.8628062360801781,0.037193763919821876,-2.959305892585311,-1.9292827370964671,-2.9517588501102505,4.714484838147007,0.07938490214352288,18
cross_environment,cross_environment:MH:OV_MH_03_medium,MH,OV_MH_03_medium,normalized_empirical_blend_0.50,loglinear_covariance,ACI,calibration_only,0.1,0.9,2245,0.7028953229398663,0.19710467706013368,-3.233068900588254,-2.3997900312732163,-3.2014568776808776,4.287212298113416,0.23997204100652378,114
cross_environment,cross_environment:MH:OV_MH_03_medium,MH,OV_MH_03_medium,normalized_empirical_blend_0.50,loglinear_covariance,AgACI-EWA,calibration_only,0.1,0.9,2245,0.7398663697104677,0.1601336302895323,-3.274068579074135,-2.3767441111632506,-3.236846566834926,4.241137268235013,0.2240027958993477,114
cross_environment,cross_environment:MH:OV_MH_03_medium,MH,OV_MH_03_medium,normalized_empirical_blend_0.50,loglinear_covariance,ACI,recent_100,0.1,0.9,2245,0.8552338530066815,0.04476614699331849,-2.6200863068018077,-1.8879559777396213,-2.6929074093834986,5.102574050135459,0.1172180801491147,40
cross_environment,cross_environment:MH:OV_MH_03_medium,MH,OV_MH_03_medium,normalized_empirical_blend_0.50,loglinear_covariance,AgACI-EWA,recent_100,0.1,0.9,2245,0.820935412026726,0.07906458797327398,-2.9314298451990934,-2.0438830743447847,-2.9433756511649403,4.714710917594673,0.1250838769804287,40
cross_environment,cross_environment:MH:OV_MH_03_medium,MH,OV_MH_03_medium,normalized_empirical_blend_0.50,loglinear_covariance,ACI,recent_300,0.1,0.9,2245,0.8699331848552339,0.030066815144766168,-2.374359678377834,-1.9038669076836743,-2.486091610757595,5.410090661467824,0.12266542404473453,40
cross_environment,cross_environment:MH:OV_MH_03_medium,MH,OV_MH_03_medium,normalized_empirical_blend_0.50,loglinear_covariance,AgACI-EWA,recent_300,0.1,0.9,2245,0.8628062360801781,0.037193763919821876,-3.047712146395213,-2.108766099084234,-3.0098812405730646,4.609151225287827,0.09190587138863007,40
cross_environment,cross_environment:MH:OV_MH_03_medium,MH,OV_MH_03_medium,normalized_empirical_blend_0.50,loglinear_covariance_time,ACI,calibration_only,0.1,0.9,2245,0.6913140311804009,0.2086859688195991,-3.2577495371656617,-2.396997779925516,-3.210596866991608,4.275721237194995,0.25146318732525635,115
cross_environment,cross_environment:MH:OV_MH_03_medium,MH,OV_MH_03_medium,normalized_empirical_blend_0.50,loglinear_covariance_time,AgACI-EWA,calibration_only,0.1,0.9,2245,0.7175946547884187,0.18240534521158136,-3.2981102037240424,-2.3735425788120392,-3.2491857054447975,4.225930790443678,0.2352702702702703,115
cross_environment,cross_environment:MH:OV_MH_03_medium,MH,OV_MH_03_medium,normalized_empirical_blend_0.50,loglinear_covariance_time,ACI,recent_100,0.1,0.9,2245,0.8538975501113586,0.04610244988864143,-2.609526389460818,-1.888371761130913,-2.6917940724017058,5.10096777620007,0.11801491146318738,40
cross_environment,cross_environment:MH:OV_MH_03_medium,MH,OV_MH_03_medium,normalized_empirical_blend_0.50,loglinear_covariance_time,AgACI-EWA,recent_100,0.1,0.9,2245,0.823162583518931,0.07683741648106901,-2.9459448073948575,-2.109531678908395,-2.94553969873365,4.7090068358198245,0.12408201304753025,40
cross_environment,cross_environment:MH:OV_MH_03_medium,MH,OV_MH_03_medium,normalized_empirical_blend_0.50,loglinear_covariance_time,ACI,recent_300,0.1,0.9,2245,0.867260579064588,0.032739420935412045,-2.3865225768630403,-1.8927242529343413,-2.4925811358008345,5.398504391114263,0.12416589002795912,40
cross_environment,cross_environment:MH:OV_MH_03_medium,MH,OV_MH_03_medium,normalized_empirical_blend_0.50,loglinear_covariance_time,AgACI-EWA,recent_300,0.1,0.9,2245,0.8628062360801781,0.037193763919821876,-3.0435560508013086,-2.146637763812478,-3.0054944950026363,4.615753901648605,0.09491146318732534,40
cross_environment,cross_environment:MH:OV_MH_03_medium,MH,OV_MH_03_medium,normalized_empirical_blend_0.75,constant,ACI,calibration_only,0.1,0.9,2245,0.9028953229398664,0.002895322939866385,-2.645563118368706,-2.2353791489279162,-2.6470414026131373,5.294722160141859,0.09668219944082025,34
cross_environment,cross_environment:MH:OV_MH_03_medium,MH,OV_MH_03_medium,normalized_empirical_blend_0.75,constant,AgACI-EWA,calibration_only,0.1,0.9,2245,0.9033407572383073,0.0033407572383072903,-3.017339990168095,-2.2852554577420023,-3.0030456510390335,4.763824260211967,0.044874184529357014,9
cross_environment,cross_environment:MH:OV_MH_03_medium,MH,OV_MH_03_medium,normalized_empirical_blend_0.75,loglinear_covariance,ACI,calibration_only,0.1,0.9,2245,0.8262806236080178,0.07371937639198223,-2.9984368053226973,-2.397695698326198,-2.9626070378395144,4.816860939297095,0.14319198508853684,67
cross_environment,cross_environment:MH:OV_MH_03_medium,MH,OV_MH_03_medium,normalized_empirical_blend_0.75,loglinear_covariance,AgACI-EWA,calibration_only,0.1,0.9,2245,0.8530066815144766,0.04699331848552346,-3.1130785492022657,-2.466826331012134,-3.0921763219680862,4.625593662060414,0.13199440820130487,68
cross_environment,cross_environment:MH:OV_MH_03_medium,MH,OV_MH_03_medium,normalized_empirical_blend_0.75,loglinear_covariance_time,ACI,calibration_only,0.1,0.9,2245,0.823162583518931,0.07683741648106901,-3.00785869942883,-2.3334681878247707,-2.9528082355534377,4.83175167725614,0.14493010251630944,66
cross_environment,cross_environment:MH:OV_MH_03_medium,MH,OV_MH_03_medium,normalized_empirical_blend_0.75,loglinear_covariance_time,AgACI-EWA,calibration_only,0.1,0.9,2245,0.8432071269487751,0.056792873051224935,-3.11577471707624,-2.3942722842476565,-3.091067980905591,4.632652236628914,0.13185461323392372,68
cross_environment,cross_environment:MH:OV_MH_04_difficult,MH,OV_MH_04_difficult,raw_openvins,constant,ACI,calibration_only,0.1,0.9,1591,0.9377749842866122,0.03777498428661219,2.59542770639562,4.594255455056272,2.9249009555206333,18.662246764223543,0.06631367292225217,15
cross_environment,cross_environment:MH:OV_MH_04_difficult,MH,OV_MH_04_difficult,raw_openvins,constant,AgACI-EWA,calibration_only,0.1,0.9,1591,0.9377749842866122,0.03777498428661219,2.227057607126987,3.113610110853437,2.2034577199579846,14.35252465547305,0.03752680965147491,1
cross_environment,cross_environment:MH:OV_MH_04_difficult,MH,OV_MH_04_difficult,raw_openvins,constant,ACI,recent_100,0.1,0.9,1591,0.8384663733500943,0.06153362664990569,2.434632572183869,2.996026649641861,2.2309340930574897,14.186397082591249,0.11361260053619293,25
cross_environment,cross_environment:MH:OV_MH_04_difficult,MH,OV_MH_04_difficult,raw_openvins,constant,AgACI-EWA,recent_100,0.1,0.9,1591,0.8233815210559396,0.07661847894406038,2.2197099322448546,2.923782256210181,2.0966142972155732,13.593241426113375,0.12140080428954415,25
cross_environment,cross_environment:MH:OV_MH_04_difficult,MH,OV_MH_04_difficult,raw_openvins,constant,ACI,recent_300,0.1,0.9,1591,0.8541797611565053,0.04582023884349473,2.430278284738187,2.969337616906799,2.3221168643262455,14.531736743014955,0.11817024128686325,25
cross_environment,cross_environment:MH:OV_MH_04_difficult,MH,OV_MH_04_difficult,raw_openvins,constant,AgACI-EWA,recent_300,0.1,0.9,1591,0.8573224387177876,0.04267756128221245,2.2071295036515473,2.87448290954927,2.0680405041412464,13.47052955005184,0.10196380697050934,23
cross_environment,cross_environment:MH:OV_MH_04_difficult,MH,OV_MH_04_difficult,raw_openvins,loglinear_covariance,ACI,calibration_only,0.1,0.9,1591,0.9270898805782527,0.02708988057825268,2.49161452092417,3.3206514617262712,2.3351821012149205,14.46662707766249,0.08420911528150153,19
cross_environment,cross_environment:MH:OV_MH_04_difficult,MH,OV_MH_04_difficult,raw_openvins,loglinear_covariance,AgACI-EWA,calibration_only,0.1,0.9,1591,0.9484600879949717,0.0484600879949717,2.3073794469072,3.001933990767917,2.177748535773244,13.769514464354438,0.06990616621983946,15
cross_environment,cross_environment:MH:OV_MH_04_difficult,MH,OV_MH_04_difficult,raw_openvins,loglinear_covariance,ACI,recent_100,0.1,0.9,1591,0.8541797611565053,0.04582023884349473,2.418488306522791,3.2121402627042057,2.252615417448406,13.982811539225144,0.1244571045576408,28
cross_environment,cross_environment:MH:OV_MH_04_difficult,MH,OV_MH_04_difficult,raw_openvins,loglinear_covariance,AgACI-EWA,recent_100,0.1,0.9,1591,0.8416090509113765,0.05839094908862352,2.267995045463114,2.9955745696421507,2.070167056819692,13.159428972931622,0.1099597855227882,28
cross_environment,cross_environment:MH:OV_MH_04_difficult,MH,OV_MH_04_difficult,raw_openvins,loglinear_covariance,ACI,recent_300,0.1,0.9,1591,0.9000628535512256,6.285355122559455e-05,2.618803405057734,3.6654781141726254,2.5207933168536294,15.380385238462159,0.11826407506702435,27
cross_environment,cross_environment:MH:OV_MH_04_difficult,MH,OV_MH_04_difficult,raw_openvins,loglinear_covariance,AgACI-EWA,recent_300,0.1,0.9,1591,0.896291640477687,0.003708359522313076,2.2105910907684585,2.952050545754312,2.0517548966491557,13.071765287897122,0.0855563002680966,22
cross_environment,cross_environment:MH:OV_MH_04_difficult,MH,OV_MH_04_difficult,raw_openvins,loglinear_covariance_time,ACI,calibration_only,0.1,0.9,1591,0.9283469516027656,0.02834695160276557,2.5034532387333144,3.3370461612602504,2.3563005944382764,14.551837643509126,0.08270777479892777,18
cross_environment,cross_environment:MH:OV_MH_04_difficult,MH,OV_MH_04_difficult,raw_openvins,loglinear_covariance_time,AgACI-EWA,calibration_only,0.1,0.9,1591,0.9459459459459459,0.04594594594594592,2.3411041774769883,3.015738589383661,2.204136535850773,13.863545359142302,0.07084450402144804,17
cross_environment,cross_environment:MH:OV_MH_04_difficult,MH,OV_MH_04_difficult,raw_openvins,loglinear_covariance_time,ACI,recent_100,0.1,0.9,1591,0.8573224387177876,0.04267756128221245,2.419135035313646,3.220835789046319,2.247422073172259,13.953223217990235,0.1213471849865952,28
cross_environment,cross_environment:MH:OV_MH_04_difficult,MH,OV_MH_04_difficult,raw_openvins,loglinear_covariance_time,AgACI-EWA,recent_100,0.1,0.9,1591,0.8516656191074796,0.0483343808925204,2.2752731854331394,3.001473741456344,2.076051620498345,13.181915140848854,0.10011394101876679,28
cross_environment,cross_environment:MH:OV_MH_04_difficult,MH,OV_MH_04_difficult,raw_openvins,loglinear_covariance_time,ACI,recent_300,0.1,0.9,1591,0.9006913890634821,0.0006913890634820952,2.646052697987882,3.6148844898105423,2.52148131645607,15.35169076450517,0.11910857908847207,26
cross_environment,cross_environment:MH:OV_MH_04_difficult,MH,OV_MH_04_difficult,raw_openvins,loglinear_covariance_time,AgACI-EWA,recent_300,0.1,0.9,1591,0.9000628535512256,6.285355122559455e-05,2.219164664032677,2.953801732803141,2.05299837622005,13.06527568147837,0.08277479892761404,22
cross_environment,cross_environment:MH:OV_MH_04_difficult,MH,OV_MH_04_difficult,raw_openvins_fit_bias,constant,ACI,calibration_only,0.1,0.9,1591,0.9277184160905091,0.027718416090509068,6.1294670863449845,7.256028798471073,6.251059151017138,53.78465084082845,0.06700402144772136,12
cross_environment,cross_environment:MH:OV_MH_04_difficult,MH,OV_MH_04_difficult,raw_openvins_fit_bias,constant,AgACI-EWA,calibration_only,0.1,0.9,1591,0.9157762413576367,0.015776241357636667,5.754017353169019,6.32431063639053,5.430732256865873,42.42556741468657,0.019953083109919795,2
cross_environment,cross_environment:MH:OV_MH_04_difficult,MH,OV_MH_04_difficult,raw_openvins_fit_bias,loglinear_covariance,ACI,calibration_only,0.1,0.9,1591,0.8950345694531741,0.004965430546825966,5.492037684723734,6.393005267117907,5.327923110243838,41.06276763325331,0.05575737265415555,12
cross_environment,cross_environment:MH:OV_MH_04_difficult,MH,OV_MH_04_difficult,raw_openvins_fit_bias,loglinear_covariance,AgACI-EWA,calibration_only,0.1,0.9,1591,0.9138906348208674,0.013890634820867387,5.430880718943289,6.432042147387346,5.077699450517292,42.57804899466779,0.0350000000000001,3
cross_environment,cross_environment:MH:OV_MH_04_difficult,MH,OV_MH_04_difficult,raw_openvins_fit_bias,loglinear_covariance_time,ACI,calibration_only,0.1,0.9,1591,0.8969201759899434,0.0030798240100565755,5.466412140057343,6.317236966269827,5.267871738736385,38.8145790578979,0.05280160857908857,9
cross_environment,cross_environment:MH:OV_MH_04_difficult,MH,OV_MH_04_difficult,raw_openvins_fit_bias,loglinear_covariance_time,AgACI-EWA,calibration_only,0.1,0.9,1591,0.9138906348208674,0.013890634820867387,5.470349658432593,6.306581815745495,5.054145675125407,41.23331345153712,0.03707104557640765,8
cross_environment,cross_environment:MH:OV_MH_04_difficult,MH,OV_MH_04_difficult,diagonal_openvins,constant,ACI,calibration_only,0.1,0.9,1591,0.9132620993086109,0.013262099308610886,1.137690143631393,2.124452305186174,1.1469841545962773,9.396402472355271,0.09422922252010738,19
cross_environment,cross_environment:MH:OV_MH_04_difficult,MH,OV_MH_04_difficult,diagonal_openvins,constant,AgACI-EWA,calibration_only,0.1,0.9,1591,0.9157762413576367,0.015776241357636667,0.4540477130940497,1.9503539791740465,0.4796592840324204,7.85492662606941,0.0323056300268098,5
cross_environment,cross_environment:MH:OV_MH_04_difficult,MH,OV_MH_04_difficult,diagonal_openvins,loglinear_covariance,ACI,calibration_only,0.1,0.9,1591,0.8717787554996858,0.02822124450031427,0.394220774446139,2.155184570148297,0.5766934268567473,8.155395515692314,0.06759383378016082,11
cross_environment,cross_environment:MH:OV_MH_04_difficult,MH,OV_MH_04_difficult,diagonal_openvins,loglinear_covariance,AgACI-EWA,calibration_only,0.1,0.9,1591,0.9138906348208674,0.013890634820867387,0.5022073482408089,2.328408370290475,0.6852164404499078,8.434058673073244,0.046005361930295086,9
cross_environment,cross_environment:MH:OV_MH_04_difficult,MH,OV_MH_04_difficult,diagonal_openvins,loglinear_covariance_time,ACI,calibration_only,0.1,0.9,1591,0.8648648648648649,0.03513513513513511,0.394508814155925,2.22906605910247,0.5785585396512467,8.164716653923895,0.07489276139410182,11
cross_environment,cross_environment:MH:OV_MH_04_difficult,MH,OV_MH_04_difficult,diagonal_openvins,loglinear_covariance_time,AgACI-EWA,calibration_only,0.1,0.9,1591,0.918918918918919,0.018918918918918948,0.5814978891465241,2.3473308653842713,0.7391796400758898,8.568782964390167,0.061836461126005535,9
cross_environment,cross_environment:MH:OV_MH_04_difficult,MH,OV_MH_04_difficult,diagonal_openvins_fit_bias,constant,ACI,calibration_only,0.1,0.9,1591,0.9088623507228158,0.008862350722815826,2.6197511196605348,3.4458697545526658,2.646213502930438,15.079256992697106,0.06641420911528158,15
cross_environment,cross_environment:MH:OV_MH_04_difficult,MH,OV_MH_04_difficult,diagonal_openvins_fit_bias,constant,AgACI-EWA,calibration_only,0.1,0.9,1591,0.9157762413576367,0.015776241357636667,2.3680554572609225,3.2824045944707407,2.2190035591826196,13.401951246346085,0.030643431635388907,5
cross_environment,cross_environment:MH:OV_MH_04_difficult,MH,OV_MH_04_difficult,diagonal_openvins_fit_bias,loglinear_covariance,ACI,calibration_only,0.1,0.9,1591,0.8925204274041484,0.007479572595851636,2.3343327952673967,3.481254141417282,2.1937356808543824,13.332866179589203,0.036561662198391465,6
cross_environment,cross_environment:MH:OV_MH_04_difficult,MH,OV_MH_04_difficult,diagonal_openvins_fit_bias,loglinear_covariance,AgACI-EWA,calibration_only,0.1,0.9,1591,0.9421747328724073,0.04217473287240725,2.4291344009049958,3.576404433937636,2.243739660917246,13.560711214327691,0.054256032171582126,7
cross_environment,cross_environment:MH:OV_MH_04_difficult,MH,OV_MH_04_difficult,diagonal_openvins_fit_bias,loglinear_covariance_time,ACI,calibration_only,0.1,0.9,1591,0.8893777498428661,0.010622250157133917,2.331370619824491,3.497723349681859,2.174235074669877,13.258012871064915,0.038632707774798956,7
cross_environment,cross_environment:MH:OV_MH_04_difficult,MH,OV_MH_04_difficult,diagonal_openvins_fit_bias,loglinear_covariance_time,AgACI-EWA,calibration_only,0.1,0.9,1591,0.9396605908233815,0.03966059082338147,2.4593544885162455,3.509563148441625,2.239338422650633,13.542814499039235,0.05004691689008073,7
cross_environment,cross_environment:MH:OV_MH_04_difficult,MH,OV_MH_04_difficult,standardized_correlation,constant,ACI,calibration_only,0.1,0.9,1591,0.9050911376492772,0.005091137649277155,4.345371773330202,5.048169394311569,4.292390736921921,4.28871445410515,0.07567024128686345,28
cross_environment,cross_environment:MH:OV_MH_04_difficult,MH,OV_MH_04_difficult,standardized_correlation,constant,AgACI-EWA,calibration_only,0.1,0.9,1591,0.9258328095537398,0.02583280955373979,4.107053697848211,5.025983819478352,4.061786489830774,4.052097367169388,0.0396380697050941,7
cross_environment,cross_environment:MH:OV_MH_04_difficult,MH,OV_MH_04_difficult,standardized_correlation,constant,ACI,recent_100,0.1,0.9,1591,0.884978001257071,0.015021998742928977,4.4602102355274615,5.318115782743443,4.319845134715924,4.402525370470396,0.07741286863270781,14
cross_environment,cross_environment:MH:OV_MH_04_difficult,MH,OV_MH_04_difficult,standardized_correlation,constant,AgACI-EWA,recent_100,0.1,0.9,1591,0.8812067881835324,0.018793211816467648,4.180709011228841,5.024753526985442,4.087328166039219,4.056343811272194,0.06201072386058984,14
cross_environment,cross_environment:MH:OV_MH_04_difficult,MH,OV_MH_04_difficult,standardized_correlation,constant,ACI,recent_300,0.1,0.9,1591,0.8937774984286612,0.0062225015713388565,4.428422238578648,5.200881816362158,4.329991080112588,4.371234226668676,0.09412198391420927,41
cross_environment,cross_environment:MH:OV_MH_04_difficult,MH,OV_MH_04_difficult,standardized_correlation,constant,AgACI-EWA,recent_300,0.1,0.9,1591,0.8988057825267127,0.0011942174732872957,4.148870644233891,4.9610595255221694,4.0843409906932555,4.044714601562584,0.05950402144772133,16
cross_environment,cross_environment:MH:OV_MH_04_difficult,MH,OV_MH_04_difficult,standardized_correlation,loglinear_covariance,ACI,calibration_only,0.1,0.9,1591,0.901948460087995,0.0019484600879949854,4.132057892691136,4.951944339204396,4.072137714835367,4.027021877664887,0.04395442359249341,10
cross_environment,cross_environment:MH:OV_MH_04_difficult,MH,OV_MH_04_difficult,standardized_correlation,loglinear_covariance,AgACI-EWA,calibration_only,0.1,0.9,1591,0.9415461973601509,0.04154619736015086,4.142298078833473,5.042582458248966,4.10461201252737,4.092168875106426,0.05284182305630059,9
cross_environment,cross_environment:MH:OV_MH_04_difficult,MH,OV_MH_04_difficult,standardized_correlation,loglinear_covariance,ACI,recent_100,0.1,0.9,1591,0.8648648648648649,0.03513513513513511,4.530478965486107,5.4818851739383545,4.385546292036119,4.5073935631279065,0.10782171581769447,27
cross_environment,cross_environment:MH:OV_MH_04_difficult,MH,OV_MH_04_difficult,standardized_correlation,loglinear_covariance,AgACI-EWA,recent_100,0.1,0.9,1591,0.8485229415461973,0.05147705845380268,4.25989969359981,5.1558973982753775,4.137505873692137,4.1405676336446335,0.10017426273458448,25
cross_environment,cross_environment:MH:OV_MH_04_difficult,MH,OV_MH_04_difficult,standardized_correlation,loglinear_covariance,ACI,recent_300,0.1,0.9,1591,0.896291640477687,0.003708359522313076,4.654954032207259,5.331256680840351,4.549095966869775,4.71317832074042,0.10099195710455777,37
cross_environment,cross_environment:MH:OV_MH_04_difficult,MH,OV_MH_04_difficult,standardized_correlation,loglinear_covariance,AgACI-EWA,recent_300,0.1,0.9,1591,0.8799497171590195,0.020050282840980538,4.260572363552,4.9592658525237745,4.079153019307812,4.047912777864811,0.07690348525469176,25
cross_environment,cross_environment:MH:OV_MH_04_difficult,MH,OV_MH_04_difficult,standardized_correlation,loglinear_covariance_time,ACI,calibration_only,0.1,0.9,1591,0.9013199245757385,0.0013199245757384848,4.119845159942782,4.956023579633478,4.055490157102228,4.005027320306813,0.04223190348525482,10
cross_environment,cross_environment:MH:OV_MH_04_difficult,MH,OV_MH_04_difficult,standardized_correlation,loglinear_covariance_time,AgACI-EWA,calibration_only,0.1,0.9,1591,0.9384035197988686,0.03840351979886858,4.14189505445081,5.022228745945695,4.0868237688590465,4.061926710514708,0.047620643431635704,9
cross_environment,cross_environment:MH:OV_MH_04_difficult,MH,OV_MH_04_difficult,standardized_correlation,loglinear_covariance_time,ACI,recent_100,0.1,0.9,1591,0.8648648648648649,0.03513513513513511,4.527344281674315,5.480774911463152,4.382110296534197,4.4996042693031715,0.1047319034852548,20
cross_environment,cross_environment:MH:OV_MH_04_difficult,MH,OV_MH_04_difficult,standardized_correlation,loglinear_covariance_time,AgACI-EWA,recent_100,0.1,0.9,1591,0.8535512256442489,0.04644877435575112,4.26726786149192,5.144372655156634,4.138543931151703,4.138941501574414,0.09434986595174265,25
cross_environment,cross_environment:MH:OV_MH_04_difficult,MH,OV_MH_04_difficult,standardized_correlation,loglinear_covariance_time,ACI,recent_300,0.1,0.9,1591,0.8950345694531741,0.004965430546825966,4.658247494847538,5.315715276400921,4.548032369260797,4.709285816320618,0.10152144772117976,37
cross_environment,cross_environment:MH:OV_MH_04_difficult,MH,OV_MH_04_difficult,standardized_correlation,loglinear_covariance_time,AgACI-EWA,recent_300,0.1,0.9,1591,0.8824638592080453,0.017536140791954757,4.267886711440805,4.949315661415403,4.080502202257017,4.047036248736531,0.07532841823056306,25
cross_environment,cross_environment:MH:OV_MH_04_difficult,MH,OV_MH_04_difficult,whitened_correlation,constant,ACI,calibration_only,0.1,0.9,1591,0.9270898805782527,0.02708988057825268,5.3262884324146285,6.916356379408493,5.068028479702143,2.1694431577417173,0.089839142091153,15
cross_environment,cross_environment:MH:OV_MH_04_difficult,MH,OV_MH_04_difficult,whitened_correlation,constant,AgACI-EWA,calibration_only,0.1,0.9,1591,0.9465744814582024,0.04657448145820242,5.021781491526057,6.9376268437616995,4.835496622618859,2.077714330454558,0.06926943699731934,7
cross_environment,cross_environment:MH:OV_MH_04_difficult,MH,OV_MH_04_difficult,whitened_correlation,loglinear_covariance,ACI,calibration_only,0.1,0.9,1591,0.8428661219358894,0.05713387806411063,5.120403183166621,10.341769755044787,5.24180565913411,2.9912910965716586,0.14502680965147463,12
cross_environment,cross_environment:MH:OV_MH_04_difficult,MH,OV_MH_04_difficult,whitened_correlation,loglinear_covariance,AgACI-EWA,calibration_only,0.1,0.9,1591,0.8937774984286612,0.0062225015713388565,5.555767357837406,8.16393744601271,5.454867357466873,3.02347936840242,0.11774128686327094,17
cross_environment,cross_environment:MH:OV_MH_04_difficult,MH,OV_MH_04_difficult,whitened_correlation,loglinear_covariance_time,ACI,calibration_only,0.1,0.9,1591,0.8956631049654306,0.004336895034569466,5.225195686755216,6.929594110010134,5.121939645523062,2.526924613213176,0.10075737265415564,12
cross_environment,cross_environment:MH:OV_MH_04_difficult,MH,OV_MH_04_difficult,whitened_correlation,loglinear_covariance_time,AgACI-EWA,calibration_only,0.1,0.9,1591,0.9377749842866122,0.03777498428661219,5.830140687588029,6.9392731065468585,5.3382863819079684,2.5658566541195817,0.09918230563002708,14
cross_environment,cross_environment:MH:OV_MH_04_difficult,MH,OV_MH_04_difficult,correlation_shrink_0.25,constant,ACI,calibration_only,0.1,0.9,1591,0.918918918918919,0.018918918918918948,1.3475396754360123,2.167090975728012,1.2798790435340854,10.108016652303748,0.09328418230563014,19
cross_environment,cross_environment:MH:OV_MH_04_difficult,MH,OV_MH_04_difficult,correlation_shrink_0.25,constant,AgACI-EWA,calibration_only,0.1,0.9,1591,0.9220615964802011,0.022061596480201118,0.6968039859460404,2.0224002445597753,0.6224979113328512,8.390317586813119,0.03141420911528172,4
cross_environment,cross_environment:MH:OV_MH_04_difficult,MH,OV_MH_04_difficult,correlation_shrink_0.25,loglinear_covariance,ACI,calibration_only,0.1,0.9,1591,0.9063482086737901,0.006348208673790046,0.7198576675816142,2.1291192784768054,0.7225190261318629,8.486407493478211,0.036407506702412946,8
cross_environment,cross_environment:MH:OV_MH_04_difficult,MH,OV_MH_04_difficult,correlation_shrink_0.25,loglinear_covariance,AgACI-EWA,calibration_only,0.1,0.9,1591,0.9484600879949717,0.0484600879949717,0.7835448655899206,2.1076891268870517,0.750372788378698,8.560427680603393,0.0538605898123328,7
cross_environment,cross_environment:MH:OV_MH_04_difficult,MH,OV_MH_04_difficult,correlation_shrink_0.25,loglinear_covariance_time,ACI,calibration_only,0.1,0.9,1591,0.907605279698303,0.007605279698302936,0.6795990980129325,2.1460960543701235,0.7041290542245761,8.445108180996423,0.03717158176943708,9
cross_environment,cross_environment:MH:OV_MH_04_difficult,MH,OV_MH_04_difficult,correlation_shrink_0.25,loglinear_covariance_time,AgACI-EWA,calibration_only,0.1,0.9,1591,0.9434318038969202,0.04343180389692014,0.7905213013895676,2.1474442180366546,0.7598896054015305,8.609634835735008,0.0490616621983918,9
cross_environment,cross_environment:MH:OV_MH_04_difficult,MH,OV_MH_04_difficult,correlation_shrink_0.25_fit_bias,constant,ACI,calibration_only,0.1,0.9,1591,0.912005028284098,0.012005028284097996,2.9379339566662406,3.570079139039219,3.002077625851147,17.37135326550669,0.08319034852546926,23
cross_environment,cross_environment:MH:OV_MH_04_difficult,MH,OV_MH_04_difficult,correlation_shrink_0.25_fit_bias,constant,AgACI-EWA,calibration_only,0.1,0.9,1591,0.9107479572595851,0.010747957259585106,2.6205086593386353,3.4903833003427174,2.5195801505156297,15.105888041845835,0.03322386058981242,5
cross_environment,cross_environment:MH:OV_MH_04_difficult,MH,OV_MH_04_difficult,correlation_shrink_0.25_fit_bias,loglinear_covariance,ACI,calibration_only,0.1,0.9,1591,0.901948460087995,0.0019484600879949854,2.6486945351984774,3.6826392184983456,2.4621044676569217,14.961689193350296,0.02323726541554969,4
cross_environment,cross_environment:MH:OV_MH_04_difficult,MH,OV_MH_04_difficult,correlation_shrink_0.25_fit_bias,loglinear_covariance,AgACI-EWA,calibration_only,0.1,0.9,1591,0.9490886235072281,0.04908862350722809,2.6875992541536293,3.634605832449912,2.469735632684771,14.93013535362929,0.05304959785522827,7
cross_environment,cross_environment:MH:OV_MH_04_difficult,MH,OV_MH_04_difficult,correlation_shrink_0.25_fit_bias,loglinear_covariance_time,ACI,calibration_only,0.1,0.9,1591,0.9032055311125079,0.0032055311125078756,2.634653220544892,3.7783393831291043,2.4666802699254866,15.011377380039535,0.02428954423592504,6
cross_environment,cross_environment:MH:OV_MH_04_difficult,MH,OV_MH_04_difficult,correlation_shrink_0.25_fit_bias,loglinear_covariance_time,AgACI-EWA,calibration_only,0.1,0.9,1591,0.9497171590194846,0.04971715901948459,2.682666642383463,3.666371519472891,2.4834889497801913,15.04122515838251,0.05217158176943741,7
cross_environment,cross_environment:MH:OV_MH_04_difficult,MH,OV_MH_04_difficult,correlation_shrink_0.50,constant,ACI,calibration_only,0.1,0.9,1591,0.9151477058453803,0.015147705845380277,1.226182622107828,2.13147218706428,1.1784205955702225,9.614159128543216,0.09380026809651486,19
cross_environment,cross_environment:MH:OV_MH_04_difficult,MH,OV_MH_04_difficult,correlation_shrink_0.50,constant,AgACI-EWA,calibration_only,0.1,0.9,1591,0.9201759899434317,0.020175989943431727,0.6051363818379984,1.9592670142532214,0.5301611426120719,8.04137955173683,0.031501340482573914,5
cross_environment,cross_environment:MH:OV_MH_04_difficult,MH,OV_MH_04_difficult,correlation_shrink_0.50,loglinear_covariance,ACI,calibration_only,0.1,0.9,1591,0.901948460087995,0.0019484600879949854,0.5272995850460367,2.102134009025332,0.5931723529114445,8.26875457288367,0.037184986595174295,10
cross_environment,cross_environment:MH:OV_MH_04_difficult,MH,OV_MH_04_difficult,correlation_shrink_0.50,loglinear_covariance,AgACI-EWA,calibration_only,0.1,0.9,1591,0.9321181646763043,0.03211816467630424,0.6775464512006248,2.1580244561353474,0.7009253207495934,8.491253512976343,0.04711796246648821,7
cross_environment,cross_environment:MH:OV_MH_04_difficult,MH,OV_MH_04_difficult,correlation_shrink_0.50,loglinear_covariance_time,ACI,calibration_only,0.1,0.9,1591,0.8975487115021998,0.002451288497800186,0.5491663443308461,2.192488887275518,0.6521153318646346,8.538102282076327,0.040918230563002686,11
cross_environment,cross_environment:MH:OV_MH_04_difficult,MH,OV_MH_04_difficult,correlation_shrink_0.50,loglinear_covariance_time,AgACI-EWA,calibration_only,0.1,0.9,1591,0.9352608422375864,0.03526084223758641,0.6865439788817955,2.177307493918855,0.7175449166357052,8.627415844581462,0.047265415549598164,7
cross_environment,cross_environment:MH:OV_MH_04_difficult,MH,OV_MH_04_difficult,correlation_shrink_0.50_fit_bias,constant,ACI,calibration_only,0.1,0.9,1591,0.9101194217473287,0.010119421747328716,2.705180361914403,3.493475064648681,2.7611482095455733,15.830622844852043,0.07089812332439688,16
cross_environment,cross_environment:MH:OV_MH_04_difficult,MH,OV_MH_04_difficult,correlation_shrink_0.50_fit_bias,constant,AgACI-EWA,calibration_only,0.1,0.9,1591,0.9151477058453803,0.015147705845380277,2.4097859977321336,3.3089326482542347,2.290404738823294,13.843994152525017,0.032211796246648945,5
cross_environment,cross_environment:MH:OV_MH_04_difficult,MH,OV_MH_04_difficult,correlation_shrink_0.50_fit_bias,loglinear_covariance,ACI,calibration_only,0.1,0.9,1591,0.9032055311125079,0.0032055311125078756,2.448633665138278,3.677292719100045,2.3071592433186967,14.108836560584532,0.024979892761394243,7
cross_environment,cross_environment:MH:OV_MH_04_difficult,MH,OV_MH_04_difficult,correlation_shrink_0.50_fit_bias,loglinear_covariance,AgACI-EWA,calibration_only,0.1,0.9,1591,0.9377749842866122,0.03777498428661219,2.4872972852519917,3.450778539542906,2.3029435490951307,13.974200460046132,0.04740616621983945,8
cross_environment,cross_environment:MH:OV_MH_04_difficult,MH,OV_MH_04_difficult,correlation_shrink_0.50_fit_bias,loglinear_covariance_time,ACI,calibration_only,0.1,0.9,1591,0.901948460087995,0.0019484600879949854,2.443912977172504,3.690277697583422,2.3055006758505843,14.108018289408589,0.024068364611260155,7
cross_environment,cross_environment:MH:OV_MH_04_difficult,MH,OV_MH_04_difficult,correlation_shrink_0.50_fit_bias,loglinear_covariance_time,AgACI-EWA,calibration_only,0.1,0.9,1591,0.9365179132620993,0.0365179132620993,2.4671802448861433,3.455861656722016,2.3045700619776333,14.018222432737465,0.04973860589812361,8
cross_environment,cross_environment:MH:OV_MH_04_difficult,MH,OV_MH_04_difficult,correlation_shrink_0.75,constant,ACI,calibration_only,0.1,0.9,1591,0.9138906348208674,0.013890634820867387,1.1263836037379757,2.103205593300755,1.1237924991740067,9.362778587421085,0.09350536193029503,18
cross_environment,cross_environment:MH:OV_MH_04_difficult,MH,OV_MH_04_difficult,correlation_shrink_0.75,constant,AgACI-EWA,calibration_only,0.1,0.9,1591,0.9157762413576367,0.015776241357636667,0.47338864491404564,1.9297703461247995,0.45232052765252834,7.8049474300437724,0.030717158176943874,7
cross_environment,cross_environment:MH:OV_MH_04_difficult,MH,OV_MH_04_difficult,correlation_shrink_0.75,loglinear_covariance,ACI,calibration_only,0.1,0.9,1591,0.8711502199874293,0.02884978001257077,0.39399440948112474,2.1038006943413228,0.5657050848591624,8.2010706315584,0.06669571045576402,11
cross_environment,cross_environment:MH:OV_MH_04_difficult,MH,OV_MH_04_difficult,correlation_shrink_0.75,loglinear_covariance,AgACI-EWA,calibration_only,0.1,0.9,1591,0.9302325581395349,0.03023255813953485,0.6810134866889515,2.430111128821469,0.7805597697848908,8.743460282660127,0.04977211796246677,8
cross_environment,cross_environment:MH:OV_MH_04_difficult,MH,OV_MH_04_difficult,correlation_shrink_0.75,loglinear_covariance_time,ACI,calibration_only,0.1,0.9,1591,0.8629792583280955,0.0370207416719045,0.3767128009453753,2.1607186817222654,0.551552281016011,8.168262323011271,0.07396112600536187,11
cross_environment,cross_environment:MH:OV_MH_04_difficult,MH,OV_MH_04_difficult,correlation_shrink_0.75,loglinear_covariance_time,AgACI-EWA,calibration_only,0.1,0.9,1591,0.9283469516027656,0.02834695160276557,0.6529219477287551,2.486231857571074,0.7985474006463721,8.86244428906722,0.04878686327077776,8
cross_environment,cross_environment:MH:OV_MH_04_difficult,MH,OV_MH_04_difficult,correlation_shrink_0.75_fit_bias,constant,ACI,calibration_only,0.1,0.9,1591,0.9088623507228158,0.008862350722815826,2.627024707222329,3.42840807891697,2.663682669276887,15.212508954809278,0.06864611260053623,13
cross_environment,cross_environment:MH:OV_MH_04_difficult,MH,OV_MH_04_difficult,correlation_shrink_0.75_fit_bias,constant,AgACI-EWA,calibration_only,0.1,0.9,1591,0.9145191703331238,0.014519170333123776,2.353552952718185,3.271016449403878,2.2159664840604054,13.431974683650159,0.03052278820375349,5
cross_environment,cross_environment:MH:OV_MH_04_difficult,MH,OV_MH_04_difficult,correlation_shrink_0.75_fit_bias,loglinear_covariance,ACI,calibration_only,0.1,0.9,1591,0.9000628535512256,6.285355122559455e-05,2.358489022339227,3.603321447801382,2.225135628305755,13.591211481418338,0.0281635388739947,7
cross_environment,cross_environment:MH:OV_MH_04_difficult,MH,OV_MH_04_difficult,correlation_shrink_0.75_fit_bias,loglinear_covariance,AgACI-EWA,calibration_only,0.1,0.9,1591,0.9396605908233815,0.03966059082338147,2.4666317704944065,3.4457559437727525,2.2530584331166494,13.668161387027371,0.05244638069705122,9
cross_environment,cross_environment:MH:OV_MH_04_difficult,MH,OV_MH_04_difficult,correlation_shrink_0.75_fit_bias,loglinear_covariance_time,ACI,calibration_only,0.1,0.9,1591,0.896291640477687,0.003708359522313076,2.368598524194109,3.610952469560724,2.227247268137999,13.600740832781897,0.028773458445040246,7
cross_environment,cross_environment:MH:OV_MH_04_difficult,MH,OV_MH_04_difficult,correlation_shrink_0.75_fit_bias,loglinear_covariance_time,AgACI-EWA,calibration_only,0.1,0.9,1591,0.9390320553111251,0.03903205531112508,2.399960218364063,3.341096013158843,2.194867359384895,13.38564605710759,0.050609919571045874,8
cross_environment,cross_environment:MH:OV_MH_04_difficult,MH,OV_MH_04_difficult,normalized_empirical_blend_0.25,constant,ACI,calibration_only,0.1,0.9,1591,0.4010056568196103,0.4989943431803897,-1.565342707039826,-1.1231297061111816,-1.6114408037095636,6.382100428819606,0.4913069705093834,241
cross_environment,cross_environment:MH:OV_MH_04_difficult,MH,OV_MH_04_difficult,normalized_empirical_blend_0.25,constant,AgACI-EWA,calibration_only,0.1,0.9,1591,0.41357636706473916,0.48642363293526086,-1.5642031198875817,-1.1220954646075816,-1.6466447732505185,6.334759898330137,0.4805764075067025,242
cross_environment,cross_environment:MH:OV_MH_04_difficult,MH,OV_MH_04_difficult,normalized_empirical_blend_0.25,loglinear_covariance,ACI,calibration_only,0.1,0.9,1591,0.16907605279698304,0.730923947203017,-2.375856732047999,-2.1019233717906802,-2.4102608089665116,4.895799926496371,0.741313672922252,417
cross_environment,cross_environment:MH:OV_MH_04_difficult,MH,OV_MH_04_difficult,normalized_empirical_blend_0.25,loglinear_covariance,AgACI-EWA,calibration_only,0.1,0.9,1591,0.17347580138277813,0.726524198617222,-2.3758699159423786,-2.101298749963825,-2.4111814619687024,4.893671388328803,0.7392560321715818,417
cross_environment,cross_environment:MH:OV_MH_04_difficult,MH,OV_MH_04_difficult,normalized_empirical_blend_0.25,loglinear_covariance_time,ACI,calibration_only,0.1,0.9,1591,0.17724701445631677,0.7227529855436833,-2.339391171467989,-2.0674467567083745,-2.3758080635912613,4.953888579922513,0.7345978552278821,417
cross_environment,cross_environment:MH:OV_MH_04_difficult,MH,OV_MH_04_difficult,normalized_empirical_blend_0.25,loglinear_covariance_time,AgACI-EWA,calibration_only,0.1,0.9,1591,0.1879321181646763,0.7120678818353237,-2.340560581113328,-2.067358449641901,-2.376409799661901,4.953602928311675,0.7277345844504022,417
cross_environment,cross_environment:MH:OV_MH_04_difficult,MH,OV_MH_04_difficult,normalized_empirical_blend_0.50,constant,ACI,calibration_only,0.1,0.9,1591,0.5763670647391578,0.32363293526084225,-1.625409580068034,-0.9460186927588783,-1.5809001929538584,6.0607583954799935,0.30819705093833777,231
cross_environment,cross_environment:MH:OV_MH_04_difficult,MH,OV_MH_04_difficult,normalized_empirical_blend_0.50,constant,AgACI-EWA,calibration_only,0.1,0.9,1591,0.57950974230044,0.3204902576995601,-1.6258159142054645,-0.9740590230432069,-1.6250802956093848,5.994194705186849,0.31695040214477216,231
cross_environment,cross_environment:MH:OV_MH_04_difficult,MH,OV_MH_04_difficult,normalized_empirical_blend_0.50,constant,ACI,recent_100,0.1,0.9,1591,0.802639849151477,0.09736015084852301,-0.9663440137153323,-0.16955593056331608,-1.0441018462488487,7.370227464161461,0.1365951742627346,50
cross_environment,cross_environment:MH:OV_MH_04_difficult,MH,OV_MH_04_difficult,normalized_empirical_blend_0.50,constant,AgACI-EWA,recent_100,0.1,0.9,1591,0.77561282212445,0.12438717787554998,-1.1945352873446726,-0.33855527723056333,-1.262777520030552,6.881643762615555,0.14475201072386057,47
cross_environment,cross_environment:MH:OV_MH_04_difficult,MH,OV_MH_04_difficult,normalized_empirical_blend_0.50,constant,ACI,recent_300,0.1,0.9,1591,0.8460087994971716,0.05399120050282846,-0.9242451139382712,-0.20266571042801118,-0.9439373004675076,7.57390581703989,0.12622654155495988,47
cross_environment,cross_environment:MH:OV_MH_04_difficult,MH,OV_MH_04_difficult,normalized_empirical_blend_0.50,constant,AgACI-EWA,recent_300,0.1,0.9,1591,0.8403519798868636,0.05964802011313641,-1.2386257509922816,-0.5015847314898441,-1.2766952607682998,6.810100665888247,0.09663538873994643,40
cross_environment,cross_environment:MH:OV_MH_04_difficult,MH,OV_MH_04_difficult,normalized_empirical_blend_0.50,loglinear_covariance,ACI,calibration_only,0.1,0.9,1591,0.16090509113764928,0.7390949088623507,-2.557134683095283,-2.2136768763861205,-2.5952395683064,4.336502801744128,0.749966487935657,461
cross_environment,cross_environment:MH:OV_MH_04_difficult,MH,OV_MH_04_difficult,normalized_empirical_blend_0.50,loglinear_covariance,AgACI-EWA,calibration_only,0.1,0.9,1591,0.16090509113764928,0.7390949088623507,-2.5556660881384357,-2.2085190619485253,-2.5955398038906794,4.336534157340314,0.7518766756032172,463
cross_environment,cross_environment:MH:OV_MH_04_difficult,MH,OV_MH_04_difficult,normalized_empirical_blend_0.50,loglinear_covariance,ACI,recent_100,0.1,0.9,1591,0.7950974230043998,0.10490257699560024,-0.9660417278373767,-0.16955593056331608,-1.0659940598311919,7.322647145633571,0.1504758713136729,50
cross_environment,cross_environment:MH:OV_MH_04_difficult,MH,OV_MH_04_difficult,normalized_empirical_blend_0.50,loglinear_covariance,AgACI-EWA,recent_100,0.1,0.9,1591,0.7699560025141421,0.13004399748585793,-1.191380604595044,-0.329010075162115,-1.2685595158805876,6.870110744656285,0.15817694369973187,47
cross_environment,cross_environment:MH:OV_MH_04_difficult,MH,OV_MH_04_difficult,normalized_empirical_blend_0.50,loglinear_covariance,ACI,recent_300,0.1,0.9,1591,0.8378378378378378,0.06216216216216219,-0.9213348820241327,-0.20266571042801118,-0.9699236422909837,7.5169784122028735,0.13983914209115292,47
cross_environment,cross_environment:MH:OV_MH_04_difficult,MH,OV_MH_04_difficult,normalized_empirical_blend_0.50,loglinear_covariance,AgACI-EWA,recent_300,0.1,0.9,1591,0.8346951602765557,0.06530483972344436,-1.2260729182929566,-0.5007757160914732,-1.2988388534313595,6.760820892993641,0.11176273458445043,40
cross_environment,cross_environment:MH:OV_MH_04_difficult,MH,OV_MH_04_difficult,normalized_empirical_blend_0.50,loglinear_covariance_time,ACI,calibration_only,0.1,0.9,1591,0.16467630421118792,0.7353236957888121,-2.5988551115121403,-2.259930184124519,-2.631569955782097,4.290963929241829,0.7479490616621984,463
cross_environment,cross_environment:MH:OV_MH_04_difficult,MH,OV_MH_04_difficult,normalized_empirical_blend_0.50,loglinear_covariance_time,AgACI-EWA,calibration_only,0.1,0.9,1591,0.16593337523570081,0.7340666247642992,-2.5995344644878795,-2.25595485019492,-2.633959459976876,4.2861936132831895,0.7490683646112601,463
cross_environment,cross_environment:MH:OV_MH_04_difficult,MH,OV_MH_04_difficult,normalized_empirical_blend_0.50,loglinear_covariance_time,ACI,recent_100,0.1,0.9,1591,0.7957259585166562,0.10427404148334385,-0.9660417278373767,-0.16955593056331608,-1.063037222620262,7.329361473496062,0.15141420911528153,50
cross_environment,cross_environment:MH:OV_MH_04_difficult,MH,OV_MH_04_difficult,normalized_empirical_blend_0.50,loglinear_covariance_time,AgACI-EWA,recent_100,0.1,0.9,1591,0.7705845380263985,0.12941546197360154,-1.1865440749480172,-0.3097689689379539,-1.258425095884393,6.891696469514073,0.15925603217158177,47
cross_environment,cross_environment:MH:OV_MH_04_difficult,MH,OV_MH_04_difficult,normalized_empirical_blend_0.50,loglinear_covariance_time,ACI,recent_300,0.1,0.9,1591,0.8384663733500943,0.06153362664990569,-0.9213348820241327,-0.20266571042801118,-0.9670293941158794,7.523558676083904,0.1407774798927615,47
cross_environment,cross_environment:MH:OV_MH_04_difficult,MH,OV_MH_04_difficult,normalized_empirical_blend_0.50,loglinear_covariance_time,AgACI-EWA,recent_300,0.1,0.9,1591,0.8372093023255814,0.06279069767441858,-1.216959183030701,-0.4960203493274413,-1.2894433283817566,6.779850251490718,0.11394772117962472,40
cross_environment,cross_environment:MH:OV_MH_04_difficult,MH,OV_MH_04_difficult,normalized_empirical_blend_0.75,constant,ACI,calibration_only,0.1,0.9,1591,0.6907605279698303,0.20923947203016968,-1.3340790108727116,-0.7262344823221882,-1.2839408742109235,6.433440578006576,0.21347855227882037,162
cross_environment,cross_environment:MH:OV_MH_04_difficult,MH,OV_MH_04_difficult,normalized_empirical_blend_0.75,constant,AgACI-EWA,calibration_only,0.1,0.9,1591,0.7341294783155248,0.16587052168447525,-1.336445603844874,-0.6913786690460757,-1.349153724962456,6.322630858082115,0.2101742627345847,164
cross_environment,cross_environment:MH:OV_MH_04_difficult,MH,OV_MH_04_difficult,normalized_empirical_blend_0.75,loglinear_covariance,ACI,calibration_only,0.1,0.9,1591,0.257071024512885,0.642928975487115,-1.8974242512338009,-1.4674718799697768,-1.9317677826140465,5.195087153669625,0.6527546916890081,442
cross_environment,cross_environment:MH:OV_MH_04_difficult,MH,OV_MH_04_difficult,normalized_empirical_blend_0.75,loglinear_covariance,AgACI-EWA,calibration_only,0.1,0.9,1591,0.2715273412947832,0.6284726587052168,-1.900285004730626,-1.4627801520652621,-1.934406515086707,5.1911481060018625,0.6493230563002681,445
cross_environment,cross_environment:MH:OV_MH_04_difficult,MH,OV_MH_04_difficult,normalized_empirical_blend_0.75,loglinear_covariance_time,ACI,calibration_only,0.1,0.9,1591,0.25769956002514144,0.6423004399748586,-1.9096543863945419,-1.482474144418167,-1.9484903862127316,5.170101661214949,0.6535321715817696,444
cross_environment,cross_environment:MH:OV_MH_04_difficult,MH,OV_MH_04_difficult,normalized_empirical_blend_0.75,loglinear_covariance_time,AgACI-EWA,calibration_only,0.1,0.9,1591,0.2740414833438089,0.6259585166561912,-1.9272088541668726,-1.4906033216328956,-1.953063354703671,5.159659927015178,0.6448056300268097,446
cross_environment,cross_environment:MH:OV_MH_05_difficult,MH,OV_MH_05_difficult,raw_openvins,constant,ACI,calibration_only,0.1,0.9,1806,0.9302325581395349,0.03023255813953485,3.814559611775824,4.259892779738259,3.5562358058182437,25.52661506095023,0.08623315758640908,14
cross_environment,cross_environment:MH:OV_MH_05_difficult,MH,OV_MH_05_difficult,raw_openvins,constant,AgACI-EWA,calibration_only,0.1,0.9,1806,0.9197120708748616,0.019712070874861598,3.2970618509242207,4.205359600918307,2.8374072035691795,20.994621460291867,0.027000585823081628,1
cross_environment,cross_environment:MH:OV_MH_05_difficult,MH,OV_MH_05_difficult,raw_openvins,constant,ACI,recent_100,0.1,0.9,1806,0.8211517165005537,0.07884828349944628,3.320613552347318,4.293749218907263,2.863149969787903,21.419567490701834,0.14975395430579966,41
cross_environment,cross_environment:MH:OV_MH_05_difficult,MH,OV_MH_05_difficult,raw_openvins,constant,AgACI-EWA,recent_100,0.1,0.9,1806,0.7890365448504983,0.11096345514950168,3.296155419678423,4.208812902725513,2.702935205925539,20.404537124071453,0.15801405975395424,42
cross_environment,cross_environment:MH:OV_MH_05_difficult,MH,OV_MH_05_difficult,raw_openvins,constant,ACI,recent_300,0.1,0.9,1806,0.8433001107419712,0.056699889258028824,3.2987772169589142,4.381902220240789,2.9694367489228655,22.0360315986858,0.16207381370826027,51
cross_environment,cross_environment:MH:OV_MH_05_difficult,MH,OV_MH_05_difficult,raw_openvins,constant,AgACI-EWA,recent_300,0.1,0.9,1806,0.8499446290143965,0.05005537098560353,3.275438411908966,4.193694561743209,2.6867875679547737,20.27095344863473,0.12126537785588762,26
cross_environment,cross_environment:MH:OV_MH_05_difficult,MH,OV_MH_05_difficult,raw_openvins,loglinear_covariance,ACI,calibration_only,0.1,0.9,1806,0.9136212624584718,0.013621262458471728,3.2581940288333646,4.402175806766187,3.017882571753368,21.940988669206472,0.0693263034563564,19
cross_environment,cross_environment:MH:OV_MH_05_difficult,MH,OV_MH_05_difficult,raw_openvins,loglinear_covariance,AgACI-EWA,calibration_only,0.1,0.9,1806,0.9523809523809523,0.052380952380952306,3.275130086442334,4.582768563930814,2.877871805366037,24.13022724164651,0.05181019332161728,2
cross_environment,cross_environment:MH:OV_MH_05_difficult,MH,OV_MH_05_difficult,raw_openvins,loglinear_covariance,ACI,recent_100,0.1,0.9,1806,0.8250276854928018,0.07497231450719821,3.2069453480407666,4.776800351986896,3.019673135541023,22.60081882286594,0.15565905096660818,52
cross_environment,cross_environment:MH:OV_MH_05_difficult,MH,OV_MH_05_difficult,raw_openvins,loglinear_covariance,AgACI-EWA,recent_100,0.1,0.9,1806,0.7973421926910299,0.10265780730897012,2.917234709970355,4.4851729830203855,2.7249509857456897,20.39755646264351,0.15049794961921506,53
cross_environment,cross_environment:MH:OV_MH_05_difficult,MH,OV_MH_05_difficult,raw_openvins,loglinear_covariance,ACI,recent_300,0.1,0.9,1806,0.8831672203765227,0.01683277962347729,3.6110069281669386,4.698319578516919,3.19934241972601,23.553687629131378,0.1499589923843002,53
cross_environment,cross_environment:MH:OV_MH_05_difficult,MH,OV_MH_05_difficult,raw_openvins,loglinear_covariance,AgACI-EWA,recent_300,0.1,0.9,1806,0.8654485049833887,0.03455149501661137,2.933594010254346,4.399314472032085,2.717396776180983,20.231613469187916,0.10210310486233175,53
cross_environment,cross_environment:MH:OV_MH_05_difficult,MH,OV_MH_05_difficult,raw_openvins,loglinear_covariance_time,ACI,calibration_only,0.1,0.9,1806,0.9141749723145072,0.01417497231450715,3.2676199338941103,4.379012160519096,3.0074971984819414,21.882738464573958,0.07245459871118942,21
cross_environment,cross_environment:MH:OV_MH_05_difficult,MH,OV_MH_05_difficult,raw_openvins,loglinear_covariance_time,AgACI-EWA,calibration_only,0.1,0.9,1806,0.9523809523809523,0.052380952380952306,3.2315883858774344,4.541518452642315,2.856791231691332,23.118224009622264,0.05405975395430616,1
cross_environment,cross_environment:MH:OV_MH_05_difficult,MH,OV_MH_05_difficult,raw_openvins,loglinear_covariance_time,ACI,recent_100,0.1,0.9,1806,0.8266888150609081,0.07331118493909194,3.2163849225560095,4.784357643789204,3.0042801053032107,22.463318089839888,0.155038078500293,52
cross_environment,cross_environment:MH:OV_MH_05_difficult,MH,OV_MH_05_difficult,raw_openvins,loglinear_covariance_time,AgACI-EWA,recent_100,0.1,0.9,1806,0.8001107419712071,0.0998892580287929,2.9302094525254647,4.441636574498193,2.723938434087411,20.37207712888339,0.1471353251318102,52
cross_environment,cross_environment:MH:OV_MH_05_difficult,MH,OV_MH_05_difficult,raw_openvins,loglinear_covariance_time,ACI,recent_300,0.1,0.9,1806,0.8837209302325582,0.016279069767441867,3.5481914603665015,4.661307501138452,3.177453242419134,23.358937612894945,0.15008787346221467,53
cross_environment,cross_environment:MH:OV_MH_05_difficult,MH,OV_MH_05_difficult,raw_openvins,loglinear_covariance_time,AgACI-EWA,recent_300,0.1,0.9,1806,0.8637873754152824,0.036212624584717634,2.913718518913545,4.38941791940362,2.715956502461835,20.2145613540108,0.10251903925014662,53
cross_environment,cross_environment:MH:OV_MH_05_difficult,MH,OV_MH_05_difficult,raw_openvins_fit_bias,constant,ACI,calibration_only,0.1,0.9,1806,0.9341085271317829,0.03410852713178292,5.60084764507021,6.8981777136385745,5.693116138641558,53.43831544665641,0.09098418277680166,20
cross_environment,cross_environment:MH:OV_MH_05_difficult,MH,OV_MH_05_difficult,raw_openvins_fit_bias,constant,AgACI-EWA,calibration_only,0.1,0.9,1806,0.929125138427464,0.029125138427464003,5.275386261077041,6.683887416299756,5.328732538528238,46.74678729603694,0.0334446397188053,4
cross_environment,cross_environment:MH:OV_MH_05_difficult,MH,OV_MH_05_difficult,raw_openvins_fit_bias,loglinear_covariance,ACI,calibration_only,0.1,0.9,1806,0.8925802879291251,0.007419712070874884,5.191923366752018,6.865034507984013,5.537601048725698,103.95172206071852,0.056590509666080854,18
cross_environment,cross_environment:MH:OV_MH_05_difficult,MH,OV_MH_05_difficult,raw_openvins_fit_bias,loglinear_covariance,AgACI-EWA,calibration_only,0.1,0.9,1806,0.9396456256921373,0.039645625692137254,5.232470693782487,6.795421116311417,5.33557964428402,51.42520793461845,0.05404803749267754,18
cross_environment,cross_environment:MH:OV_MH_05_difficult,MH,OV_MH_05_difficult,raw_openvins_fit_bias,loglinear_covariance_time,ACI,calibration_only,0.1,0.9,1806,0.8853820598006644,0.0146179401993356,5.212836826278929,6.8278160249890245,5.644695860419694,118.4126964234144,0.06357352079671943,20
cross_environment,cross_environment:MH:OV_MH_05_difficult,MH,OV_MH_05_difficult,raw_openvins_fit_bias,loglinear_covariance_time,AgACI-EWA,calibration_only,0.1,0.9,1806,0.9479512735326688,0.047951273532668814,5.244059804138789,7.09776895577438,5.429188172718891,56.00855394446658,0.06386643233743446,23
cross_environment,cross_environment:MH:OV_MH_05_difficult,MH,OV_MH_05_difficult,diagonal_openvins,constant,ACI,calibration_only,0.1,0.9,1806,0.902547065337763,0.0025470653377629437,1.7694863406648014,4.218095477086014,2.1689014028348037,15.615530030268323,0.07793204452255428,23
cross_environment,cross_environment:MH:OV_MH_05_difficult,MH,OV_MH_05_difficult,diagonal_openvins,constant,AgACI-EWA,calibration_only,0.1,0.9,1806,0.9147286821705426,0.014728682170542573,1.492337784327301,4.442440141257619,1.5436107809661408,14.495266552631803,0.04033977738722923,11
cross_environment,cross_environment:MH:OV_MH_05_difficult,MH,OV_MH_05_difficult,diagonal_openvins,loglinear_covariance,ACI,calibration_only,0.1,0.9,1806,0.7619047619047619,0.13809523809523816,1.2805285643445554,4.377668379663918,1.427872663738969,13.396066984301525,0.18468072642062097,85
cross_environment,cross_environment:MH:OV_MH_05_difficult,MH,OV_MH_05_difficult,diagonal_openvins,loglinear_covariance,AgACI-EWA,calibration_only,0.1,0.9,1806,0.8250276854928018,0.07497231450719821,1.633185649990458,4.392578513611303,1.6995547888350633,14.57793214987721,0.1289338019917985,85
cross_environment,cross_environment:MH:OV_MH_05_difficult,MH,OV_MH_05_difficult,diagonal_openvins,loglinear_covariance_time,ACI,calibration_only,0.1,0.9,1806,0.7574750830564784,0.14252491694352165,1.2380716655406183,4.287400706511427,1.3841929155007937,13.14916092438283,0.19036321031048625,91
cross_environment,cross_environment:MH:OV_MH_05_difficult,MH,OV_MH_05_difficult,diagonal_openvins,loglinear_covariance_time,AgACI-EWA,calibration_only,0.1,0.9,1806,0.8255813953488372,0.07441860465116279,1.648417408186611,4.316831885667607,1.6972230993393949,14.460889456869694,0.13161687170474523,92
cross_environment,cross_environment:MH:OV_MH_05_difficult,MH,OV_MH_05_difficult,diagonal_openvins_fit_bias,constant,ACI,calibration_only,0.1,0.9,1806,0.9213732004429679,0.021373200442967866,2.107455860878532,3.5135787053871543,2.1232048089520963,14.717616015504767,0.07497363796133585,14
cross_environment,cross_environment:MH:OV_MH_05_difficult,MH,OV_MH_05_difficult,diagonal_openvins_fit_bias,constant,AgACI-EWA,calibration_only,0.1,0.9,1806,0.9246954595791805,0.024695459579180512,1.6811248930791418,3.620711567329459,1.7479262354076488,13.259063813932356,0.0304159343878152,4
cross_environment,cross_environment:MH:OV_MH_05_difficult,MH,OV_MH_05_difficult,diagonal_openvins_fit_bias,loglinear_covariance,ACI,calibration_only,0.1,0.9,1806,0.9136212624584718,0.013621262458471728,2.1131618586971506,3.6911023770809215,2.254017000638824,15.607792554797165,0.04503222026947884,10
cross_environment,cross_environment:MH:OV_MH_05_difficult,MH,OV_MH_05_difficult,diagonal_openvins_fit_bias,loglinear_covariance,AgACI-EWA,calibration_only,0.1,0.9,1806,0.9313399778516057,0.031339977851605694,2.162645735264809,3.734112274876132,2.1937895311124813,15.469235075167758,0.03852958406561247,11
cross_environment,cross_environment:MH:OV_MH_05_difficult,MH,OV_MH_05_difficult,diagonal_openvins_fit_bias,loglinear_covariance_time,ACI,calibration_only,0.1,0.9,1806,0.9130675526024363,0.013067552602436305,2.0873307017087184,3.725885613796127,2.244171018763767,15.568067932461961,0.04475102519039271,10
cross_environment,cross_environment:MH:OV_MH_05_difficult,MH,OV_MH_05_difficult,diagonal_openvins_fit_bias,loglinear_covariance_time,AgACI-EWA,calibration_only,0.1,0.9,1806,0.9330011074197121,0.03300110741971207,2.1315784485448663,3.8269086229579505,2.182308156810283,15.469969906134969,0.0499648506151145,11
cross_environment,cross_environment:MH:OV_MH_05_difficult,MH,OV_MH_05_difficult,standardized_correlation,constant,ACI,calibration_only,0.1,0.9,1806,0.9191583610188261,0.019158361018826064,3.234603386170643,4.332865972285179,3.398496792736355,3.694840901074631,0.09400117164616309,58
cross_environment,cross_environment:MH:OV_MH_05_difficult,MH,OV_MH_05_difficult,standardized_correlation,constant,AgACI-EWA,calibration_only,0.1,0.9,1806,0.9401993355481728,0.04019933554817279,3.023093120129177,4.302136553896461,3.0973952249345396,3.441935893375099,0.052735793790275695,8
cross_environment,cross_environment:MH:OV_MH_05_difficult,MH,OV_MH_05_difficult,standardized_correlation,constant,ACI,recent_100,0.1,0.9,1806,0.853266888150609,0.046733111849390996,3.190695574981677,4.642139732884673,3.4030306614844505,3.797301073330842,0.12227299355594615,34
cross_environment,cross_environment:MH:OV_MH_05_difficult,MH,OV_MH_05_difficult,standardized_correlation,constant,AgACI-EWA,recent_100,0.1,0.9,1806,0.8266888150609081,0.07331118493909194,3.0501931905298725,4.368199693815053,3.1497000228572554,3.453051423518495,0.1193087287639133,40
cross_environment,cross_environment:MH:OV_MH_05_difficult,MH,OV_MH_05_difficult,standardized_correlation,constant,ACI,recent_300,0.1,0.9,1806,0.897563676633444,0.0024363233665559703,3.2315485140095905,4.640692724998283,3.4283789793705988,3.7509383741606483,0.1178968951376687,39
cross_environment,cross_environment:MH:OV_MH_05_difficult,MH,OV_MH_05_difficult,standardized_correlation,constant,AgACI-EWA,recent_300,0.1,0.9,1806,0.8925802879291251,0.007419712070874884,3.014922289420099,4.290903079817221,3.119212230987318,3.413801434832191,0.07760984182776816,25
cross_environment,cross_environment:MH:OV_MH_05_difficult,MH,OV_MH_05_difficult,standardized_correlation,loglinear_covariance,ACI,calibration_only,0.1,0.9,1806,0.9147286821705426,0.014728682170542573,3.456408379389261,4.36683115112555,3.5040066857423198,3.8485915219415343,0.09216168717047468,19
cross_environment,cross_environment:MH:OV_MH_05_difficult,MH,OV_MH_05_difficult,standardized_correlation,loglinear_covariance,AgACI-EWA,calibration_only,0.1,0.9,1806,0.9435215946843853,0.04352159468438532,3.12950799142786,4.327945314256382,3.2132123556974497,3.5129027434523947,0.05759812536613972,9
cross_environment,cross_environment:MH:OV_MH_05_difficult,MH,OV_MH_05_difficult,standardized_correlation,loglinear_covariance,ACI,recent_100,0.1,0.9,1806,0.8538205980066446,0.04617940199335546,3.5638875776541967,4.670296269545345,3.4839985438124206,3.879468689814805,0.11317516110134741,34
cross_environment,cross_environment:MH:OV_MH_05_difficult,MH,OV_MH_05_difficult,standardized_correlation,loglinear_covariance,AgACI-EWA,recent_100,0.1,0.9,1806,0.8383167220376523,0.06168327796234774,3.2611422791410067,4.3879014162918875,3.2309620941927224,3.547374763890056,0.10803163444639714,34
cross_environment,cross_environment:MH:OV_MH_05_difficult,MH,OV_MH_05_difficult,standardized_correlation,loglinear_covariance,ACI,recent_300,0.1,0.9,1806,0.9097452934662237,0.009745293466223659,3.7751620359997373,4.50093644335039,3.677890813349041,4.09703841786743,0.10770943175161118,34
cross_environment,cross_environment:MH:OV_MH_05_difficult,MH,OV_MH_05_difficult,standardized_correlation,loglinear_covariance,AgACI-EWA,recent_300,0.1,0.9,1806,0.9136212624584718,0.013621262458471728,3.2926941623215846,4.302170667655337,3.247907329736214,3.5548917940190385,0.07005858230814309,18
cross_environment,cross_environment:MH:OV_MH_05_difficult,MH,OV_MH_05_difficult,standardized_correlation,loglinear_covariance_time,ACI,calibration_only,0.1,0.9,1806,0.9147286821705426,0.014728682170542573,3.4531518536370873,4.374160840108154,3.5013527878857995,3.8429351042273834,0.08972466315172835,19
cross_environment,cross_environment:MH:OV_MH_05_difficult,MH,OV_MH_05_difficult,standardized_correlation,loglinear_covariance_time,AgACI-EWA,calibration_only,0.1,0.9,1806,0.9462901439645626,0.04629014396456255,3.124669315510406,4.308166159541802,3.2154311835946245,3.5130348428331732,0.057328646748682245,9
cross_environment,cross_environment:MH:OV_MH_05_difficult,MH,OV_MH_05_difficult,standardized_correlation,loglinear_covariance_time,ACI,recent_100,0.1,0.9,1806,0.853266888150609,0.046733111849390996,3.557795756874062,4.6622924709661255,3.4804154154799356,3.8740864166760245,0.11319859402460458,34
cross_environment,cross_environment:MH:OV_MH_05_difficult,MH,OV_MH_05_difficult,standardized_correlation,loglinear_covariance_time,AgACI-EWA,recent_100,0.1,0.9,1806,0.8333333333333334,0.06666666666666665,3.2581061042929718,4.377572171726305,3.227419162865048,3.5421829372164297,0.11372583479789099,34
cross_environment,cross_environment:MH:OV_MH_05_difficult,MH,OV_MH_05_difficult,standardized_correlation,loglinear_covariance_time,ACI,recent_300,0.1,0.9,1806,0.9091915836101883,0.009191583610188236,3.7735482799769704,4.496136198370701,3.6779196026582857,4.095520928636276,0.10810779144698322,34
cross_environment,cross_environment:MH:OV_MH_05_difficult,MH,OV_MH_05_difficult,standardized_correlation,loglinear_covariance_time,AgACI-EWA,recent_300,0.1,0.9,1806,0.915282392026578,0.015282392026577996,3.304652510309996,4.3004710107718065,3.2430201977330997,3.548010032694963,0.07386643233743426,18
cross_environment,cross_environment:MH:OV_MH_05_difficult,MH,OV_MH_05_difficult,whitened_correlation,constant,ACI,calibration_only,0.1,0.9,1806,0.9363233665559247,0.03632336655592472,5.197061201900551,5.995407550622076,4.811654420457047,2.29306680066736,0.05245459871118951,5
cross_environment,cross_environment:MH:OV_MH_05_difficult,MH,OV_MH_05_difficult,whitened_correlation,constant,AgACI-EWA,calibration_only,0.1,0.9,1806,0.9811738648947951,0.08117386489479506,5.16898839260723,6.0037691191180595,4.676225965023727,2.2515031883763292,0.0844756883421211,7
cross_environment,cross_environment:MH:OV_MH_05_difficult,MH,OV_MH_05_difficult,whitened_correlation,loglinear_covariance,ACI,calibration_only,0.1,0.9,1806,0.9258028792912514,0.025802879291251357,5.290598849973288,5.989907998086858,4.920421021590158,2.387323345125502,0.05678383128295279,14
cross_environment,cross_environment:MH:OV_MH_05_difficult,MH,OV_MH_05_difficult,whitened_correlation,loglinear_covariance,AgACI-EWA,calibration_only,0.1,0.9,1806,0.959579180509413,0.05957918050941302,5.26945737086033,6.0128829390078575,4.854711488072033,2.378640491791496,0.07652606912712397,16
cross_environment,cross_environment:MH:OV_MH_05_difficult,MH,OV_MH_05_difficult,whitened_correlation,loglinear_covariance_time,ACI,calibration_only,0.1,0.9,1806,0.929125138427464,0.029125138427464003,5.220443259244059,5.983598300637417,4.883004792566018,2.3657120655533443,0.05239015817223229,12
cross_environment,cross_environment:MH:OV_MH_05_difficult,MH,OV_MH_05_difficult,whitened_correlation,loglinear_covariance_time,AgACI-EWA,calibration_only,0.1,0.9,1806,0.9723145071982281,0.07231450719822807,5.188424494440137,6.003480991454266,4.792403235428305,2.3454986881753874,0.07424135910954932,2
cross_environment,cross_environment:MH:OV_MH_05_difficult,MH,OV_MH_05_difficult,correlation_shrink_0.25,constant,ACI,calibration_only,0.1,0.9,1806,0.9053156146179402,0.0053156146179401675,1.8933530972407908,4.119465460749969,2.2842750313407527,16.73427905186854,0.08155243116578809,23
cross_environment,cross_environment:MH:OV_MH_05_difficult,MH,OV_MH_05_difficult,correlation_shrink_0.25,constant,AgACI-EWA,calibration_only,0.1,0.9,1806,0.9235880398671097,0.023588039867109667,1.5709279195475219,4.321127146250742,1.6990680286737254,15.33154420627196,0.04340949033391931,9
cross_environment,cross_environment:MH:OV_MH_05_difficult,MH,OV_MH_05_difficult,correlation_shrink_0.25,loglinear_covariance,ACI,calibration_only,0.1,0.9,1806,0.8831672203765227,0.01683277962347729,1.6858986322247729,4.709899612809457,1.7966700931279678,16.77900846247847,0.059302870533098954,13
cross_environment,cross_environment:MH:OV_MH_05_difficult,MH,OV_MH_05_difficult,correlation_shrink_0.25,loglinear_covariance,AgACI-EWA,calibration_only,0.1,0.9,1806,0.9258028792912514,0.025802879291251357,2.0954241163422744,4.3230197237187555,2.004118112649188,16.902381987449466,0.04102519039250171,18
cross_environment,cross_environment:MH:OV_MH_05_difficult,MH,OV_MH_05_difficult,correlation_shrink_0.25,loglinear_covariance_time,ACI,calibration_only,0.1,0.9,1806,0.872093023255814,0.027906976744186074,1.6776978779602851,4.719182884208573,1.7802966919566414,17.05568432681418,0.06921499707088455,12
cross_environment,cross_environment:MH:OV_MH_05_difficult,MH,OV_MH_05_difficult,correlation_shrink_0.25,loglinear_covariance_time,AgACI-EWA,calibration_only,0.1,0.9,1806,0.9318936877076412,0.03189368770764123,2.0202974282864976,4.52040732588239,2.0197340673397357,17.42442551609172,0.05036321031048649,17
cross_environment,cross_environment:MH:OV_MH_05_difficult,MH,OV_MH_05_difficult,correlation_shrink_0.25_fit_bias,constant,ACI,calibration_only,0.1,0.9,1806,0.9246954595791805,0.024695459579180512,2.6084348352860673,3.5121173854443213,2.45733205414658,16.96917664652162,0.08262448740480395,25
cross_environment,cross_environment:MH:OV_MH_05_difficult,MH,OV_MH_05_difficult,correlation_shrink_0.25_fit_bias,constant,AgACI-EWA,calibration_only,0.1,0.9,1806,0.9147286821705426,0.014728682170542573,1.975652280879736,3.5214379846113713,1.9694912060922338,14.66524860799911,0.03019332161687186,4
cross_environment,cross_environment:MH:OV_MH_05_difficult,MH,OV_MH_05_difficult,correlation_shrink_0.25_fit_bias,loglinear_covariance,ACI,calibration_only,0.1,0.9,1806,0.9091915836101883,0.009191583610188236,2.292734743419589,3.8755610797694766,2.429240091265066,17.246039447779655,0.03832454598711209,10
cross_environment,cross_environment:MH:OV_MH_05_difficult,MH,OV_MH_05_difficult,correlation_shrink_0.25_fit_bias,loglinear_covariance,AgACI-EWA,calibration_only,0.1,0.9,1806,0.946843853820598,0.04684385382059797,2.5003346094757513,3.7963953131737167,2.453215872517415,17.473684892243753,0.05670181605155276,9
cross_environment,cross_environment:MH:OV_MH_05_difficult,MH,OV_MH_05_difficult,correlation_shrink_0.25_fit_bias,loglinear_covariance_time,ACI,calibration_only,0.1,0.9,1806,0.9097452934662237,0.009745293466223659,2.3590144537553046,3.7809842623561596,2.4015026390953134,17.070715807920383,0.039320445225542074,10
cross_environment,cross_environment:MH:OV_MH_05_difficult,MH,OV_MH_05_difficult,correlation_shrink_0.25_fit_bias,loglinear_covariance_time,AgACI-EWA,calibration_only,0.1,0.9,1806,0.946843853820598,0.04684385382059797,2.5440973963644016,3.820635162493927,2.466269822014614,17.57456002703032,0.05680726420621007,9
cross_environment,cross_environment:MH:OV_MH_05_difficult,MH,OV_MH_05_difficult,correlation_shrink_0.50,constant,ACI,calibration_only,0.1,0.9,1806,0.9036544850498339,0.0036544850498339,1.8013589574797102,4.199613512037512,2.1980170384440467,16.006996821772614,0.07964264792032819,25
cross_environment,cross_environment:MH:OV_MH_05_difficult,MH,OV_MH_05_difficult,correlation_shrink_0.50,constant,AgACI-EWA,calibration_only,0.1,0.9,1806,0.9219269102990033,0.021926910299003288,1.5317473779825308,4.3826302601185,1.6414853769806586,14.916712186695891,0.0442647920328063,16
cross_environment,cross_environment:MH:OV_MH_05_difficult,MH,OV_MH_05_difficult,correlation_shrink_0.50,loglinear_covariance,ACI,calibration_only,0.1,0.9,1806,0.8095238095238095,0.09047619047619049,1.4459230100284395,5.1627503799197605,1.5358687404813682,14.984800182627083,0.13234329232571765,18
cross_environment,cross_environment:MH:OV_MH_05_difficult,MH,OV_MH_05_difficult,correlation_shrink_0.50,loglinear_covariance,AgACI-EWA,calibration_only,0.1,0.9,1806,0.8842746400885936,0.015725359911406445,1.8020639292147616,5.083208188283191,1.8509314730080508,16.407923567909428,0.07909783245459878,19
cross_environment,cross_environment:MH:OV_MH_05_difficult,MH,OV_MH_05_difficult,correlation_shrink_0.50,loglinear_covariance_time,ACI,calibration_only,0.1,0.9,1806,0.8006644518272426,0.09933554817275747,1.4606761458597441,4.900255305338144,1.4982580834881525,14.59638505623499,0.13942589338019915,19
cross_environment,cross_environment:MH:OV_MH_05_difficult,MH,OV_MH_05_difficult,correlation_shrink_0.50,loglinear_covariance_time,AgACI-EWA,calibration_only,0.1,0.9,1806,0.8765227021040974,0.023477297895902582,1.747185375767799,4.836607293633513,1.8428779112794207,16.120992784146658,0.08260691271236091,18
cross_environment,cross_environment:MH:OV_MH_05_difficult,MH,OV_MH_05_difficult,correlation_shrink_0.50_fit_bias,constant,ACI,calibration_only,0.1,0.9,1806,0.9235880398671097,0.023588039867109667,2.257254670587583,3.4824812729128447,2.194083406135717,15.305422212920865,0.07883421206795564,19
cross_environment,cross_environment:MH:OV_MH_05_difficult,MH,OV_MH_05_difficult,correlation_shrink_0.50_fit_bias,constant,AgACI-EWA,calibration_only,0.1,0.9,1806,0.9180509413067552,0.01805094130675522,1.5978315374048373,3.5259883937773933,1.732875048690363,13.374667492578206,0.03040421792618648,4
cross_environment,cross_environment:MH:OV_MH_05_difficult,MH,OV_MH_05_difficult,correlation_shrink_0.50_fit_bias,loglinear_covariance,ACI,calibration_only,0.1,0.9,1806,0.9102990033222591,0.010299003322259082,2.174177973732963,3.7492503976529368,2.3038947885983863,16.29868532467009,0.04093731693028726,10
cross_environment,cross_environment:MH:OV_MH_05_difficult,MH,OV_MH_05_difficult,correlation_shrink_0.50_fit_bias,loglinear_covariance,AgACI-EWA,calibration_only,0.1,0.9,1806,0.9390919158361019,0.03909191583610183,2.3979075089948756,3.794783605520031,2.3256343920571947,16.560746889429357,0.05430579964850647,9
cross_environment,cross_environment:MH:OV_MH_05_difficult,MH,OV_MH_05_difficult,correlation_shrink_0.50_fit_bias,loglinear_covariance_time,ACI,calibration_only,0.1,0.9,1806,0.9102990033222591,0.010299003322259082,2.1593378727413373,3.7911762300398975,2.2726311194164173,16.12111938187879,0.04038078500292932,10
cross_environment,cross_environment:MH:OV_MH_05_difficult,MH,OV_MH_05_difficult,correlation_shrink_0.50_fit_bias,loglinear_covariance_time,AgACI-EWA,calibration_only,0.1,0.9,1806,0.9401993355481728,0.04019933554817279,2.4079724013668833,3.7186000188352226,2.3058654439841564,16.420326983939233,0.055752782659637096,8
cross_environment,cross_environment:MH:OV_MH_05_difficult,MH,OV_MH_05_difficult,correlation_shrink_0.75,constant,ACI,calibration_only,0.1,0.9,1806,0.902547065337763,0.0025470653377629437,1.802865064627631,4.203282397842656,2.1746730042406286,15.718705120389584,0.07833626244874059,24
cross_environment,cross_environment:MH:OV_MH_05_difficult,MH,OV_MH_05_difficult,correlation_shrink_0.75,constant,AgACI-EWA,calibration_only,0.1,0.9,1806,0.9186046511627907,0.018604651162790642,1.502000170340911,4.457874476313592,1.566746085388604,14.597870394789144,0.03995313415348583,12
cross_environment,cross_environment:MH:OV_MH_05_difficult,MH,OV_MH_05_difficult,correlation_shrink_0.75,loglinear_covariance,ACI,calibration_only,0.1,0.9,1806,0.7563676633444075,0.1436323366555925,1.2483129759019111,4.227585526662514,1.355715528936787,13.173805311175936,0.191095489162273,97
cross_environment,cross_environment:MH:OV_MH_05_difficult,MH,OV_MH_05_difficult,correlation_shrink_0.75,loglinear_covariance,AgACI-EWA,calibration_only,0.1,0.9,1806,0.8233665559246954,0.07663344407530459,1.6240434916257174,4.252819850589834,1.6599783825965795,14.434572608636469,0.13497949619215002,97
cross_environment,cross_environment:MH:OV_MH_05_difficult,MH,OV_MH_05_difficult,correlation_shrink_0.75,loglinear_covariance_time,ACI,calibration_only,0.1,0.9,1806,0.7475083056478405,0.15249169435215948,1.216886371375404,4.107733690876598,1.326383384954316,12.957297047770055,0.19915641476274165,103
cross_environment,cross_environment:MH:OV_MH_05_difficult,MH,OV_MH_05_difficult,correlation_shrink_0.75,loglinear_covariance_time,AgACI-EWA,calibration_only,0.1,0.9,1806,0.8167220376522702,0.08327796234772977,1.5702503447265435,4.159314433290682,1.6317899216056182,14.226171720604732,0.14283538371411839,104
cross_environment,cross_environment:MH:OV_MH_05_difficult,MH,OV_MH_05_difficult,correlation_shrink_0.75_fit_bias,constant,ACI,calibration_only,0.1,0.9,1806,0.9224806201550387,0.02248062015503871,2.1378506062543856,3.469032274985567,2.1214514691153608,14.775446049124902,0.07682483889865277,11
cross_environment,cross_environment:MH:OV_MH_05_difficult,MH,OV_MH_05_difficult,correlation_shrink_0.75_fit_bias,constant,AgACI-EWA,calibration_only,0.1,0.9,1806,0.9180509413067552,0.01805094130675522,1.556795391512285,3.5642098341409283,1.6981124133487315,13.104342633083764,0.03091974223784438,4
cross_environment,cross_environment:MH:OV_MH_05_difficult,MH,OV_MH_05_difficult,correlation_shrink_0.75_fit_bias,loglinear_covariance,ACI,calibration_only,0.1,0.9,1806,0.9119601328903655,0.01196013289036546,2.124383969199226,3.66374780849089,2.2081904894278224,15.52063319115247,0.043872290568248595,10
cross_environment,cross_environment:MH:OV_MH_05_difficult,MH,OV_MH_05_difficult,correlation_shrink_0.75_fit_bias,loglinear_covariance,AgACI-EWA,calibration_only,0.1,0.9,1806,0.9324473975636767,0.03244739756367665,2.1981731821203216,3.7337621214271195,2.20689718126383,15.638335517780295,0.04261277094317548,10
cross_environment,cross_environment:MH:OV_MH_05_difficult,MH,OV_MH_05_difficult,correlation_shrink_0.75_fit_bias,loglinear_covariance_time,ACI,calibration_only,0.1,0.9,1806,0.9119601328903655,0.01196013289036546,2.0825750783666326,3.7008302272709654,2.196171982216299,15.460313807859139,0.042466315172818014,10
cross_environment,cross_environment:MH:OV_MH_05_difficult,MH,OV_MH_05_difficult,correlation_shrink_0.75_fit_bias,loglinear_covariance_time,AgACI-EWA,calibration_only,0.1,0.9,1806,0.9374307862679956,0.037430786267995564,2.1651205973394467,3.7700574442709813,2.1837729678050173,15.514431326755222,0.04290568248389022,10
cross_environment,cross_environment:MH:OV_MH_05_difficult,MH,OV_MH_05_difficult,normalized_empirical_blend_0.25,constant,ACI,calibration_only,0.1,0.9,1806,0.40863787375415284,0.4913621262458472,-1.6700340006806589,-1.3333778801668457,-1.9001885290999825,6.143094635462853,0.5169771528998244,489
cross_environment,cross_environment:MH:OV_MH_05_difficult,MH,OV_MH_05_difficult,normalized_empirical_blend_0.25,constant,AgACI-EWA,calibration_only,0.1,0.9,1806,0.42967884828349945,0.4703211517165006,-1.6531853684187992,-1.3333778801668457,-1.9590584146255139,6.06714783801068,0.5104393673110722,489
cross_environment,cross_environment:MH:OV_MH_05_difficult,MH,OV_MH_05_difficult,normalized_empirical_blend_0.25,loglinear_covariance,ACI,calibration_only,0.1,0.9,1806,0.24640088593576967,0.6535991140642303,-2.566435038668832,-2.227990320986767,-2.5803473676941686,4.889503136326089,0.6717926186291742,502
cross_environment,cross_environment:MH:OV_MH_05_difficult,MH,OV_MH_05_difficult,normalized_empirical_blend_0.25,loglinear_covariance,AgACI-EWA,calibration_only,0.1,0.9,1806,0.2563676633444075,0.6436323366555925,-2.5637426409128325,-2.2244823084396,-2.5963916804419314,4.872275760326996,0.6807850029291155,502
cross_environment,cross_environment:MH:OV_MH_05_difficult,MH,OV_MH_05_difficult,normalized_empirical_blend_0.25,loglinear_covariance_time,ACI,calibration_only,0.1,0.9,1806,0.24750830564784054,0.6524916943521595,-2.5265394119929283,-2.189729705663991,-2.542993416067363,4.963764244060877,0.6702870533099006,502
cross_environment,cross_environment:MH:OV_MH_05_difficult,MH,OV_MH_05_difficult,normalized_empirical_blend_0.25,loglinear_covariance_time,AgACI-EWA,calibration_only,0.1,0.9,1806,0.260797342192691,0.639202657807309,-2.524551105962206,-2.1866646163583363,-2.5586485690176413,4.947739136778754,0.6753251318101935,502
cross_environment,cross_environment:MH:OV_MH_05_difficult,MH,OV_MH_05_difficult,normalized_empirical_blend_0.50,constant,ACI,calibration_only,0.1,0.9,1806,0.4640088593576966,0.43599114064230343,-1.8192764410284719,-1.2609377967303352,-1.9441917428030964,5.900206001403498,0.4721323960164032,485
cross_environment,cross_environment:MH:OV_MH_05_difficult,MH,OV_MH_05_difficult,normalized_empirical_blend_0.50,constant,AgACI-EWA,calibration_only,0.1,0.9,1806,0.4739756367663344,0.4260243632336656,-1.7896033619319458,-1.2633439540138554,-2.0270225945535576,5.780639868327483,0.4647861745752784,485
cross_environment,cross_environment:MH:OV_MH_05_difficult,MH,OV_MH_05_difficult,normalized_empirical_blend_0.50,constant,ACI,recent_100,0.1,0.9,1806,0.7497231450719822,0.1502768549280178,-0.8982057158326553,1.0964922552594043,-0.8544555630950925,9.624034387296664,0.20977152899824267,117
cross_environment,cross_environment:MH:OV_MH_05_difficult,MH,OV_MH_05_difficult,normalized_empirical_blend_0.50,constant,AgACI-EWA,recent_100,0.1,0.9,1806,0.7253599114064231,0.17464008859357694,-1.3985469392092722,0.9184903288159543,-1.2052660990485171,8.563140112265083,0.20234915055653196,117
cross_environment,cross_environment:MH:OV_MH_05_difficult,MH,OV_MH_05_difficult,normalized_empirical_blend_0.50,constant,ACI,recent_300,0.1,0.9,1806,0.8366555924695459,0.06334440753045412,-0.2335872593334729,1.8551004168351053,-0.30298939686981713,11.238712247719736,0.1597305213825427,63
cross_environment,cross_environment:MH:OV_MH_05_difficult,MH,OV_MH_05_difficult,normalized_empirical_blend_0.50,constant,AgACI-EWA,recent_300,0.1,0.9,1806,0.8156146179401993,0.08438538205980073,-1.4100536291424617,0.9048954461785188,-1.274804346941181,8.353795967243043,0.11875805506736974,50
cross_environment,cross_environment:MH:OV_MH_05_difficult,MH,OV_MH_05_difficult,normalized_empirical_blend_0.50,loglinear_covariance,ACI,calibration_only,0.1,0.9,1806,0.23920265780730898,0.660797342192691,-2.862121362738307,-2.4668617741842542,-2.8408319700204356,4.366064244107044,0.6757234915055653,499
cross_environment,cross_environment:MH:OV_MH_05_difficult,MH,OV_MH_05_difficult,normalized_empirical_blend_0.50,loglinear_covariance,AgACI-EWA,calibration_only,0.1,0.9,1806,0.24529346622369877,0.6547065337763013,-2.874673378224069,-2.4661437701096993,-2.849039132262892,4.359262674908322,0.6852138254247218,499
cross_environment,cross_environment:MH:OV_MH_05_difficult,MH,OV_MH_05_difficult,normalized_empirical_blend_0.50,loglinear_covariance,ACI,recent_100,0.1,0.9,1806,0.7668881506090809,0.13311184939091913,-1.1437572413333381,1.1879531065555202,-0.8555726712497451,9.523672976325603,0.20196836555360295,93
cross_environment,cross_environment:MH:OV_MH_05_difficult,MH,OV_MH_05_difficult,normalized_empirical_blend_0.50,loglinear_covariance,AgACI-EWA,recent_100,0.1,0.9,1806,0.7491694352159468,0.1508305647840532,-1.4072756634925514,0.8064318420612127,-1.2097559093242842,8.491668688806676,0.18864089045108384,93
cross_environment,cross_environment:MH:OV_MH_05_difficult,MH,OV_MH_05_difficult,normalized_empirical_blend_0.50,loglinear_covariance,ACI,recent_300,0.1,0.9,1806,0.8466223698781838,0.05337763012181618,-0.33303802654218195,1.8699984425516876,-0.3029290685529159,11.094029151164051,0.1631107205623904,60
cross_environment,cross_environment:MH:OV_MH_05_difficult,MH,OV_MH_05_difficult,normalized_empirical_blend_0.50,loglinear_covariance,AgACI-EWA,recent_300,0.1,0.9,1806,0.8178294573643411,0.08217054263565893,-1.3855323829326553,0.6521538813681191,-1.299509544808123,8.18388660345493,0.12521382542472184,50
cross_environment,cross_environment:MH:OV_MH_05_difficult,MH,OV_MH_05_difficult,normalized_empirical_blend_0.50,loglinear_covariance_time,ACI,calibration_only,0.1,0.9,1806,0.22702104097452935,0.6729789590254707,-2.901782728287543,-2.5174896751416647,-2.869977922625091,4.3324773565414665,0.6875629759812537,498
cross_environment,cross_environment:MH:OV_MH_05_difficult,MH,OV_MH_05_difficult,normalized_empirical_blend_0.50,loglinear_covariance_time,AgACI-EWA,calibration_only,0.1,0.9,1806,0.23311184939091917,0.6668881506090809,-2.9062717657769737,-2.5111828046180076,-2.8774212835106954,4.326624588547357,0.695038078500293,498
cross_environment,cross_environment:MH:OV_MH_05_difficult,MH,OV_MH_05_difficult,normalized_empirical_blend_0.50,loglinear_covariance_time,ACI,recent_100,0.1,0.9,1806,0.7657807308970099,0.1342192691029901,-1.1438216778824462,1.1662589272674682,-0.8547039599292501,9.526756931019003,0.20216754540128892,92
cross_environment,cross_environment:MH:OV_MH_05_difficult,MH,OV_MH_05_difficult,normalized_empirical_blend_0.50,loglinear_covariance_time,AgACI-EWA,recent_100,0.1,0.9,1806,0.7491694352159468,0.1508305647840532,-1.407263527770366,0.793825050088282,-1.2060673219805063,8.506329132065664,0.18821909783245463,93
cross_environment,cross_environment:MH:OV_MH_05_difficult,MH,OV_MH_05_difficult,normalized_empirical_blend_0.50,loglinear_covariance_time,ACI,recent_300,0.1,0.9,1806,0.845514950166113,0.05448504983388702,-0.33303802654218195,1.8720167101946652,-0.3035740474991832,11.09563986841456,0.16359695371997682,60
cross_environment,cross_environment:MH:OV_MH_05_difficult,MH,OV_MH_05_difficult,normalized_empirical_blend_0.50,loglinear_covariance_time,AgACI-EWA,recent_300,0.1,0.9,1806,0.8194905869324474,0.08050941306755266,-1.3862129060535922,0.6557363245452068,-1.2961470493061544,8.193987346772118,0.12480374926772123,50
cross_environment,cross_environment:MH:OV_MH_05_difficult,MH,OV_MH_05_difficult,normalized_empirical_blend_0.75,constant,ACI,calibration_only,0.1,0.9,1806,0.5514950166112956,0.3485049833887044,-1.6089917409788788,-0.9014290111426657,-1.6925311306175312,6.400096141043805,0.39097832454598724,211
cross_environment,cross_environment:MH:OV_MH_05_difficult,MH,OV_MH_05_difficult,normalized_empirical_blend_0.75,constant,AgACI-EWA,calibration_only,0.1,0.9,1806,0.5714285714285714,0.3285714285714286,-1.6632234801207364,-0.906862950811961,-1.8093616404852133,6.20957575653724,0.3805975395430581,212
cross_environment,cross_environment:MH:OV_MH_05_difficult,MH,OV_MH_05_difficult,normalized_empirical_blend_0.75,loglinear_covariance,ACI,calibration_only,0.1,0.9,1806,0.3283499446290144,0.5716500553709856,-2.3508218310771705,-1.909394742786708,-2.3595024121987564,5.1347509040212325,0.5882601054481547,480
cross_environment,cross_environment:MH:OV_MH_05_difficult,MH,OV_MH_05_difficult,normalized_empirical_blend_0.75,loglinear_covariance,AgACI-EWA,calibration_only,0.1,0.9,1806,0.3383167220376523,0.5616832779623477,-2.3620588970707663,-1.909394742786708,-2.375994670746654,5.107892894518814,0.5918101933216171,480
cross_environment,cross_environment:MH:OV_MH_05_difficult,MH,OV_MH_05_difficult,normalized_empirical_blend_0.75,loglinear_covariance_time,ACI,calibration_only,0.1,0.9,1806,0.3266888150609081,0.573311184939092,-2.376094092762859,-1.8841773968714466,-2.37136486634281,5.123864843869093,0.5883655536028121,479
cross_environment,cross_environment:MH:OV_MH_05_difficult,MH,OV_MH_05_difficult,normalized_empirical_blend_0.75,loglinear_covariance_time,AgACI-EWA,calibration_only,0.1,0.9,1806,0.33942414174972313,0.5605758582502769,-2.3837171554871315,-1.8795601475140526,-2.386526219677813,5.100230223681112,0.5955008787346223,479
cross_environment,cross_environment:V1:OV_V1_01_easy,V1,OV_V1_01_easy,raw_openvins,constant,ACI,calibration_only,0.1,0.9,2706,0.7653362897265337,0.13466371027346635,3.8612837792900683,20.587963643586235,6.634837900584047,2403.2292962618267,0.15168776371308001,8
cross_environment,cross_environment:V1:OV_V1_01_easy,V1,OV_V1_01_easy,raw_openvins,constant,AgACI-EWA,calibration_only,0.1,0.9,2706,0.7930524759793053,0.10694752402069474,4.073021846092109,19.297604402938475,6.144219239820248,1878.0181468078156,0.14364787111622543,25
cross_environment,cross_environment:V1:OV_V1_01_easy,V1,OV_V1_01_easy,raw_openvins,constant,ACI,recent_100,0.1,0.9,2706,0.8288987435328898,0.07110125646711019,4.990584644326652,7.089371549484965,4.893678818096781,87.00950718918101,0.13395473724587648,51
cross_environment,cross_environment:V1:OV_V1_01_easy,V1,OV_V1_01_easy,raw_openvins,constant,AgACI-EWA,recent_100,0.1,0.9,2706,0.7919438285291944,0.1080561714708056,4.490713371406069,6.644828728968925,4.364337321712878,73.88671246393052,0.13939010356731868,46
cross_environment,cross_environment:V1:OV_V1_01_easy,V1,OV_V1_01_easy,raw_openvins,constant,ACI,recent_300,0.1,0.9,2706,0.8584626755358463,0.0415373244641537,5.326942938689414,7.512374903025344,5.279112049127557,96.288806062204,0.1440659762178751,51
cross_environment,cross_environment:V1:OV_V1_01_easy,V1,OV_V1_01_easy,raw_openvins,constant,AgACI-EWA,recent_300,0.1,0.9,2706,0.8344419807834442,0.0655580192165558,4.318329028063757,6.373293341966414,4.273447432485608,70.10323388264985,0.10832757959340239,25
cross_environment,cross_environment:V1:OV_V1_01_easy,V1,OV_V1_01_easy,raw_openvins,loglinear_covariance,ACI,calibration_only,0.1,0.9,2706,0.9135254988913526,0.013525498891352572,5.342105708592088,8.091908672303123,5.381555966283362,102.79007177816933,0.10772535481396261,44
cross_environment,cross_environment:V1:OV_V1_01_easy,V1,OV_V1_01_easy,raw_openvins,loglinear_covariance,AgACI-EWA,calibration_only,0.1,0.9,2706,0.9050258684405026,0.005025868440502568,4.549295240442267,6.650748409356346,4.328247660473999,74.14839685652636,0.032282316839278964,5
cross_environment,cross_environment:V1:OV_V1_01_easy,V1,OV_V1_01_easy,raw_openvins,loglinear_covariance,ACI,recent_100,0.1,0.9,2706,0.8288987435328898,0.07110125646711019,5.071045296730772,7.156136222732915,5.018106614793525,92.21986631333749,0.13395473724587648,51
cross_environment,cross_environment:V1:OV_V1_01_easy,V1,OV_V1_01_easy,raw_openvins,loglinear_covariance,AgACI-EWA,recent_100,0.1,0.9,2706,0.7912047302291205,0.1087952697708795,4.555948976582457,6.7928863938089545,4.467810093870025,77.8830971752995,0.13944764096662823,46
cross_environment,cross_environment:V1:OV_V1_01_easy,V1,OV_V1_01_easy,raw_openvins,loglinear_covariance,ACI,recent_300,0.1,0.9,2706,0.8584626755358463,0.0415373244641537,5.397115572852028,7.7030015554004,5.4035398458243,101.4991651863605,0.1440659762178751,51
cross_environment,cross_environment:V1:OV_V1_01_easy,V1,OV_V1_01_easy,raw_openvins,loglinear_covariance,AgACI-EWA,recent_300,0.1,0.9,2706,0.8322246858832225,0.06777531411677751,4.408955291847688,6.516280397037147,4.378910508975629,74.11291608313367,0.10906789413118528,25
cross_environment,cross_environment:V1:OV_V1_01_easy,V1,OV_V1_01_easy,raw_openvins,loglinear_covariance_time,ACI,calibration_only,0.1,0.9,2706,0.9138950480413895,0.013895048041389524,5.322344116279985,8.120186091462546,5.391607685979925,103.29681332308934,0.10843881856540104,44
cross_environment,cross_environment:V1:OV_V1_01_easy,V1,OV_V1_01_easy,raw_openvins,loglinear_covariance_time,AgACI-EWA,calibration_only,0.1,0.9,2706,0.9046563192904656,0.004656319290465616,4.472569144342886,6.576952192089911,4.297544235257468,73.47790986807755,0.03161871883390881,5
cross_environment,cross_environment:V1:OV_V1_01_easy,V1,OV_V1_01_easy,raw_openvins,loglinear_covariance_time,ACI,recent_100,0.1,0.9,2706,0.8288987435328898,0.07110125646711019,5.071045296730772,7.156136222732915,5.020118010205263,92.43533276400241,0.13395473724587648,51
cross_environment,cross_environment:V1:OV_V1_01_easy,V1,OV_V1_01_easy,raw_openvins,loglinear_covariance_time,AgACI-EWA,recent_100,0.1,0.9,2706,0.7912047302291205,0.1087952697708795,4.555948953610322,6.797730293931486,4.469222258977412,78.01282523663738,0.13944764096662823,46
cross_environment,cross_environment:V1:OV_V1_01_easy,V1,OV_V1_01_easy,raw_openvins,loglinear_covariance_time,ACI,recent_300,0.1,0.9,2706,0.8584626755358463,0.0415373244641537,5.397115572852028,7.7030015554004,5.405551241236039,101.71463163702542,0.1440659762178751,51
cross_environment,cross_environment:V1:OV_V1_01_easy,V1,OV_V1_01_easy,raw_openvins,loglinear_covariance_time,AgACI-EWA,recent_300,0.1,0.9,2706,0.8322246858832225,0.06777531411677751,4.4089544166214845,6.516294050910536,4.380326695349391,74.24278595544422,0.10906789413118528,25
cross_environment,cross_environment:V1:OV_V1_01_easy,V1,OV_V1_01_easy,raw_openvins_fit_bias,constant,ACI,calibration_only,0.1,0.9,2706,0.745750184774575,0.15424981522542502,3.7547540168878584,18.842564312997357,6.3242497941656906,1792.8686628217881,0.17424242424242406,14
cross_environment,cross_environment:V1:OV_V1_01_easy,V1,OV_V1_01_easy,raw_openvins_fit_bias,constant,AgACI-EWA,calibration_only,0.1,0.9,2706,0.7653362897265337,0.13466371027346635,3.9181848846289986,18.489390725345963,5.914265455271203,1451.4054460433326,0.1685538933640199,26
cross_environment,cross_environment:V1:OV_V1_01_easy,V1,OV_V1_01_easy,raw_openvins_fit_bias,loglinear_covariance,ACI,calibration_only,0.1,0.9,2706,0.9138950480413895,0.013895048041389524,4.868550728745594,8.071259357409136,5.001927836091735,93.17932251114784,0.1011430763329499,24
cross_environment,cross_environment:V1:OV_V1_01_easy,V1,OV_V1_01_easy,raw_openvins_fit_bias,loglinear_covariance,AgACI-EWA,calibration_only,0.1,0.9,2706,0.9035476718403548,0.0035476718403547602,3.9970132199212376,6.271866501821322,3.8273359810851355,65.52527508942934,0.033099347909474566,6
cross_environment,cross_environment:V1:OV_V1_01_easy,V1,OV_V1_01_easy,raw_openvins_fit_bias,loglinear_covariance_time,ACI,calibration_only,0.1,0.9,2706,0.9138950480413895,0.013895048041389524,4.9072949071282395,8.131603670396437,5.042826353231184,94.55563928747624,0.10149597238204851,24
cross_environment,cross_environment:V1:OV_V1_01_easy,V1,OV_V1_01_easy,raw_openvins_fit_bias,loglinear_covariance_time,AgACI-EWA,calibration_only,0.1,0.9,2706,0.9031781226903178,0.0031781226903178084,3.981272535528335,6.273911526854549,3.82486226008321,65.52442350928114,0.03330648254698894,5
cross_environment,cross_environment:V1:OV_V1_01_easy,V1,OV_V1_01_easy,diagonal_openvins,constant,ACI,calibration_only,0.1,0.9,2706,0.8680709534368071,0.03192904656319295,0.1515871934787567,1.6873451706905032,0.18950423662039712,17.77491174459249,0.1203337169159955,42
cross_environment,cross_environment:V1:OV_V1_01_easy,V1,OV_V1_01_easy,diagonal_openvins,constant,AgACI-EWA,calibration_only,0.1,0.9,2706,0.8529194382852919,0.04708056171470809,-1.2397932821536783,1.445152044946611,-1.1462710530407947,13.365615162704826,0.08611814345991564,42
cross_environment,cross_environment:V1:OV_V1_01_easy,V1,OV_V1_01_easy,diagonal_openvins,loglinear_covariance,ACI,calibration_only,0.1,0.9,2706,0.7653362897265337,0.13466371027346635,-1.1524537596776279,0.17007498072674476,-1.370059123781825,10.757663946235393,0.17494054468738016,138
cross_environment,cross_environment:V1:OV_V1_01_easy,V1,OV_V1_01_easy,diagonal_openvins,loglinear_covariance,AgACI-EWA,calibration_only,0.1,0.9,2706,0.7487065779748706,0.1512934220251294,-1.6343755127564084,0.03386225389832909,-1.642027849452703,10.081883395963741,0.16178749520521668,138
cross_environment,cross_environment:V1:OV_V1_01_easy,V1,OV_V1_01_easy,diagonal_openvins,loglinear_covariance_time,ACI,calibration_only,0.1,0.9,2706,0.7634885439763488,0.13651145602365122,-1.2594840250916368,0.017173834166876567,-1.4487173175077992,10.545995765215658,0.17199462984273114,138
cross_environment,cross_environment:V1:OV_V1_01_easy,V1,OV_V1_01_easy,diagonal_openvins,loglinear_covariance_time,AgACI-EWA,calibration_only,0.1,0.9,2706,0.745750184774575,0.15424981522542502,-1.7205690013277826,-0.012090425246197078,-1.6981477038574706,9.981975639529349,0.16243191407748367,138
cross_environment,cross_environment:V1:OV_V1_01_easy,V1,OV_V1_01_easy,diagonal_openvins_fit_bias,constant,ACI,calibration_only,0.1,0.9,2706,0.8662232076866223,0.03377679231337771,0.15464171015732653,1.6830204589167872,0.007877642042362774,16.821004457106444,0.12839662447257394,60
cross_environment,cross_environment:V1:OV_V1_01_easy,V1,OV_V1_01_easy,diagonal_openvins_fit_bias,constant,AgACI-EWA,calibration_only,0.1,0.9,2706,0.8473762010347377,0.05262379896526237,-1.4035697725400933,1.2059786989454775,-1.306688375023219,12.64969284858927,0.09448024549290376,48
cross_environment,cross_environment:V1:OV_V1_01_easy,V1,OV_V1_01_easy,diagonal_openvins_fit_bias,loglinear_covariance,ACI,calibration_only,0.1,0.9,2706,0.7535107169253511,0.14648928307464892,-1.4700198836348308,0.2889649046600278,-1.4857837987219773,10.662703265198102,0.19030303030303033,189
cross_environment,cross_environment:V1:OV_V1_01_easy,V1,OV_V1_01_easy,diagonal_openvins_fit_bias,loglinear_covariance,AgACI-EWA,calibration_only,0.1,0.9,2706,0.7575757575757576,0.14242424242424245,-1.9763151803737768,-0.2172109308367558,-1.9310126000010195,9.655439836062216,0.17402378212504802,192
cross_environment,cross_environment:V1:OV_V1_01_easy,V1,OV_V1_01_easy,diagonal_openvins_fit_bias,loglinear_covariance_time,ACI,calibration_only,0.1,0.9,2706,0.746119733924612,0.15388026607538807,-1.6141314680321583,-0.1928870608937796,-1.69904074323104,9.454393647396447,0.19212888377445342,189
cross_environment,cross_environment:V1:OV_V1_01_easy,V1,OV_V1_01_easy,diagonal_openvins_fit_bias,loglinear_covariance_time,AgACI-EWA,calibration_only,0.1,0.9,2706,0.7490761271249076,0.15092387287509246,-2.062194354499624,-0.35755874715995173,-2.054075554596861,8.726518023226825,0.1742692750287687,189
cross_environment,cross_environment:V1:OV_V1_01_easy,V1,OV_V1_01_easy,standardized_correlation,constant,ACI,calibration_only,0.1,0.9,2706,0.7065779748706578,0.19342202512934226,2.0810193195376328,3.4843187325479064,2.0951550620821147,12.299519978360388,0.20874568469505175,205
cross_environment,cross_environment:V1:OV_V1_01_easy,V1,OV_V1_01_easy,standardized_correlation,constant,AgACI-EWA,calibration_only,0.1,0.9,2706,0.7069475240206947,0.1930524759793053,2.002191388275281,3.6202343101181977,2.052993026771967,12.298384748026118,0.20563866513233597,205
cross_environment,cross_environment:V1:OV_V1_01_easy,V1,OV_V1_01_easy,standardized_correlation,constant,ACI,recent_100,0.1,0.9,2706,0.8307464892830746,0.06925351071692543,3.840005803169493,8.459643076439873,4.471761302881299,39.7682199204542,0.13154200230149604,47
cross_environment,cross_environment:V1:OV_V1_01_easy,V1,OV_V1_01_easy,standardized_correlation,constant,AgACI-EWA,recent_100,0.1,0.9,2706,0.7923133776792314,0.10768662232076864,2.7186454758766416,6.859405269962011,3.2614244325739454,26.293002069126782,0.12718450326045258,47
cross_environment,cross_environment:V1:OV_V1_01_easy,V1,OV_V1_01_easy,standardized_correlation,constant,ACI,recent_300,0.1,0.9,2706,0.8806356245380635,0.01936437546193648,4.599455488466637,8.643782885533017,4.967253961810389,40.14737216849359,0.10502109704641366,47
cross_environment,cross_environment:V1:OV_V1_01_easy,V1,OV_V1_01_easy,standardized_correlation,constant,AgACI-EWA,recent_300,0.1,0.9,2706,0.8621581670362158,0.03784183296378418,2.6445761163220114,6.65225342451437,3.167955576391733,24.049968839156982,0.06986574606827771,47
cross_environment,cross_environment:V1:OV_V1_01_easy,V1,OV_V1_01_easy,standardized_correlation,loglinear_covariance,ACI,calibration_only,0.1,0.9,2706,0.6419068736141907,0.2580931263858093,1.8613667084233434,3.3895056700429333,1.935250401066199,10.90266194833305,0.2834675872650556,222
cross_environment,cross_environment:V1:OV_V1_01_easy,V1,OV_V1_01_easy,standardized_correlation,loglinear_covariance,AgACI-EWA,calibration_only,0.1,0.9,2706,0.6282335550628233,0.2717664449371767,1.49852752871542,3.1944484875224646,1.6756736060732522,10.286464771451632,0.28686996547756044,223
cross_environment,cross_environment:V1:OV_V1_01_easy,V1,OV_V1_01_easy,standardized_correlation,loglinear_covariance,ACI,recent_100,0.1,0.9,2706,0.8255728011825573,0.07442719881744275,3.9109011921190837,9.508724865592562,4.740607372759162,46.436424111785016,0.13499424626006912,47
cross_environment,cross_environment:V1:OV_V1_01_easy,V1,OV_V1_01_easy,standardized_correlation,loglinear_covariance,AgACI-EWA,recent_100,0.1,0.9,2706,0.7823355506282336,0.11766444937176646,2.7329176422786348,7.253417569877424,3.4367939415999134,29.056439906311752,0.1413502109704641,47
cross_environment,cross_environment:V1:OV_V1_01_easy,V1,OV_V1_01_easy,standardized_correlation,loglinear_covariance,ACI,recent_300,0.1,0.9,2706,0.8736141906873615,0.026385809312638564,5.258693745158698,9.943328338838153,5.562605078372914,52.41520044153746,0.11764096662830856,47
cross_environment,cross_environment:V1:OV_V1_01_easy,V1,OV_V1_01_easy,standardized_correlation,loglinear_covariance,AgACI-EWA,recent_300,0.1,0.9,2706,0.8540280857354028,0.045971914264597236,2.8069495211230486,7.079560473303548,3.3386893316423114,25.74430374834379,0.07792481779823553,47
cross_environment,cross_environment:V1:OV_V1_01_easy,V1,OV_V1_01_easy,standardized_correlation,loglinear_covariance_time,ACI,calibration_only,0.1,0.9,2706,0.5558019216555802,0.34419807834441984,1.2207684964908783,3.356796997064782,1.5014737605132087,9.445244125494355,0.35508247027234363,230
cross_environment,cross_environment:V1:OV_V1_01_easy,V1,OV_V1_01_easy,standardized_correlation,loglinear_covariance_time,AgACI-EWA,calibration_only,0.1,0.9,2706,0.5362158167036216,0.3637841832963784,1.1584063299396528,3.0251429960298215,1.3842746540211912,9.143315309903581,0.3689835059455312,230
cross_environment,cross_environment:V1:OV_V1_01_easy,V1,OV_V1_01_easy,standardized_correlation,loglinear_covariance_time,ACI,recent_100,0.1,0.9,2706,0.811160384331116,0.08883961566888399,3.786790571386266,9.37694170885862,4.581690252854315,46.90016693377188,0.14389336401994635,47
cross_environment,cross_environment:V1:OV_V1_01_easy,V1,OV_V1_01_easy,standardized_correlation,loglinear_covariance_time,AgACI-EWA,recent_100,0.1,0.9,2706,0.7760532150776053,0.12394678492239475,2.4287446801551718,7.581287431972597,3.3098021506665547,27.880714914335844,0.14362485615650167,47
cross_environment,cross_environment:V1:OV_V1_01_easy,V1,OV_V1_01_easy,standardized_correlation,loglinear_covariance_time,ACI,recent_300,0.1,0.9,2706,0.8758314855875832,0.024168514412416853,4.776010940209606,9.85392500535205,5.399037840916437,53.48579839066884,0.11035289604909869,47
cross_environment,cross_environment:V1:OV_V1_01_easy,V1,OV_V1_01_easy,standardized_correlation,loglinear_covariance_time,AgACI-EWA,recent_300,0.1,0.9,2706,0.8555062823355506,0.04449371766444943,2.493042494692501,6.931538385202431,3.247819061669209,25.5288012666517,0.07334100498657456,47
cross_environment,cross_environment:V1:OV_V1_01_easy,V1,OV_V1_01_easy,whitened_correlation,constant,ACI,calibration_only,0.1,0.9,2706,0.5114560236511456,0.3885439763488544,6.996334298651115,16.800085317017107,10.39671009945852,224.72487278718464,0.3865746068277713,12
cross_environment,cross_environment:V1:OV_V1_01_easy,V1,OV_V1_01_easy,whitened_correlation,constant,AgACI-EWA,calibration_only,0.1,0.9,2706,0.7742054693274205,0.1257945306725795,15.20465924976369,17.04083941052938,13.0495958687119,336.25380811826255,0.1180935941695432,51
cross_environment,cross_environment:V1:OV_V1_01_easy,V1,OV_V1_01_easy,whitened_correlation,loglinear_covariance,ACI,calibration_only,0.1,0.9,2706,0.5033259423503326,0.39667405764966746,6.165777293839605,14.622764016711143,8.968708612123496,112.44958330491879,0.39501342539317214,12
cross_environment,cross_environment:V1:OV_V1_01_easy,V1,OV_V1_01_easy,whitened_correlation,loglinear_covariance,AgACI-EWA,calibration_only,0.1,0.9,2706,0.7860310421286031,0.11396895787139694,13.039022546808052,14.857153930305165,11.54521529881547,169.71332828151867,0.11284618335251213,19
cross_environment,cross_environment:V1:OV_V1_01_easy,V1,OV_V1_01_easy,whitened_correlation,loglinear_covariance_time,ACI,calibration_only,0.1,0.9,2706,0.5011086474501109,0.39889135254988917,5.797682510211153,14.662751000911133,8.825235874119286,113.9513652863404,0.397506712696586,12
cross_environment,cross_environment:V1:OV_V1_01_easy,V1,OV_V1_01_easy,whitened_correlation,loglinear_covariance_time,AgACI-EWA,calibration_only,0.1,0.9,2706,0.7856614929785661,0.11433850702143389,13.080005498285388,14.898067984466657,11.492971896892398,171.75500122492295,0.11304564633678524,19
cross_environment,cross_environment:V1:OV_V1_01_easy,V1,OV_V1_01_easy,correlation_shrink_0.25,constant,ACI,calibration_only,0.1,0.9,2706,0.8669623059866962,0.03303769401330381,0.6617181941391186,2.1907492511223756,0.6727327371769383,20.682239394317374,0.12442270809359428,47
cross_environment,cross_environment:V1:OV_V1_01_easy,V1,OV_V1_01_easy,correlation_shrink_0.25,constant,AgACI-EWA,calibration_only,0.1,0.9,2706,0.8536585365853658,0.04634146341463419,-0.3011810932072878,1.9052479864312755,-0.26175681179333965,16.825317460886286,0.08416954353663217,47
cross_environment,cross_environment:V1:OV_V1_01_easy,V1,OV_V1_01_easy,correlation_shrink_0.25,loglinear_covariance,ACI,calibration_only,0.1,0.9,2706,0.9216555801921655,0.021655580192165513,2.4391728909996138,6.020044531854531,2.531567521056057,42.961912668247564,0.1117913310318376,51
cross_environment,cross_environment:V1:OV_V1_01_easy,V1,OV_V1_01_easy,correlation_shrink_0.25,loglinear_covariance,AgACI-EWA,calibration_only,0.1,0.9,2706,0.9065040650406504,0.006504065040650375,0.20817806021283047,3.5480412470909846,0.5419809001290052,25.46607834587481,0.03711929420790193,7
cross_environment,cross_environment:V1:OV_V1_01_easy,V1,OV_V1_01_easy,correlation_shrink_0.25,loglinear_covariance_time,ACI,calibration_only,0.1,0.9,2706,0.9198078344419808,0.019807834441980754,2.2476365158353317,5.81483831990854,2.433323694600468,40.94685110210116,0.11188339087073289,51
cross_environment,cross_environment:V1:OV_V1_01_easy,V1,OV_V1_01_easy,correlation_shrink_0.25,loglinear_covariance_time,AgACI-EWA,calibration_only,0.1,0.9,2706,0.9061345158906134,0.006134515890613423,0.15092741889276606,3.387285834315434,0.46732274282514197,24.694364850511462,0.039727656309934904,8
cross_environment,cross_environment:V1:OV_V1_01_easy,V1,OV_V1_01_easy,correlation_shrink_0.25_fit_bias,constant,ACI,calibration_only,0.1,0.9,2706,0.8617886178861789,0.038211382113821135,0.655941553006171,2.097388635006154,0.5319333190896867,19.835920174250827,0.1322976601457615,44
cross_environment,cross_environment:V1:OV_V1_01_easy,V1,OV_V1_01_easy,correlation_shrink_0.25_fit_bias,constant,AgACI-EWA,calibration_only,0.1,0.9,2706,0.844789356984479,0.05521064301552103,-0.36915413076169656,1.622253143546451,-0.4821892676948124,15.734922641070703,0.09469121595703875,44
cross_environment,cross_environment:V1:OV_V1_01_easy,V1,OV_V1_01_easy,correlation_shrink_0.25_fit_bias,loglinear_covariance,ACI,calibration_only,0.1,0.9,2706,0.9194382852919438,0.019438285291943802,2.1781280534082175,5.632232514235521,2.2685239088347195,39.92862066041821,0.11305715381664772,40
cross_environment,cross_environment:V1:OV_V1_01_easy,V1,OV_V1_01_easy,correlation_shrink_0.25_fit_bias,loglinear_covariance,AgACI-EWA,calibration_only,0.1,0.9,2706,0.9057649667405765,0.0057649667405764715,-0.19402438308100534,3.020039637023303,0.13943048851973752,23.16679877958046,0.03697353279631771,5
cross_environment,cross_environment:V1:OV_V1_01_easy,V1,OV_V1_01_easy,correlation_shrink_0.25_fit_bias,loglinear_covariance_time,ACI,calibration_only,0.1,0.9,2706,0.918329637841833,0.018329637841832946,2.169317554963026,5.628433777152279,2.2543738041015478,39.16647365168874,0.11225930187955525,50
cross_environment,cross_environment:V1:OV_V1_01_easy,V1,OV_V1_01_easy,correlation_shrink_0.25_fit_bias,loglinear_covariance_time,AgACI-EWA,calibration_only,0.1,0.9,2706,0.9050258684405026,0.005025868440502568,-0.1921683899922586,2.8543733287220867,0.08104579694780417,22.397146287511088,0.0377138473341006,6
cross_environment,cross_environment:V1:OV_V1_01_easy,V1,OV_V1_01_easy,correlation_shrink_0.50,constant,ACI,calibration_only,0.1,0.9,2706,0.8699186991869918,0.030081300813008194,0.3591495819311632,1.8953067469915839,0.37127773654361673,18.840334230850935,0.12209436133486776,43
cross_environment,cross_environment:V1:OV_V1_01_easy,V1,OV_V1_01_easy,correlation_shrink_0.50,constant,AgACI-EWA,calibration_only,0.1,0.9,2706,0.8529194382852919,0.04708056171470809,-0.8896700653059235,1.658182290473233,-0.8306705748650149,14.477604992043705,0.08483697736862296,44
cross_environment,cross_environment:V1:OV_V1_01_easy,V1,OV_V1_01_easy,correlation_shrink_0.50,loglinear_covariance,ACI,calibration_only,0.1,0.9,2706,0.9157427937915743,0.015742793791574283,1.9423590290987969,4.680228401939676,1.991815893938782,33.52811840114013,0.11970847717683183,58
cross_environment,cross_environment:V1:OV_V1_01_easy,V1,OV_V1_01_easy,correlation_shrink_0.50,loglinear_covariance,AgACI-EWA,calibration_only,0.1,0.9,2706,0.9061345158906134,0.006134515890613423,-0.32794130004502353,2.907055253759874,-0.07944279025152466,21.203551915450166,0.04538933640199474,10
cross_environment,cross_environment:V1:OV_V1_01_easy,V1,OV_V1_01_easy,correlation_shrink_0.50,loglinear_covariance_time,ACI,calibration_only,0.1,0.9,2706,0.9131559497413156,0.01315594974131562,1.9770233251982265,4.42843381770478,1.9587269957988989,32.72230274075355,0.11892596854622196,58
cross_environment,cross_environment:V1:OV_V1_01_easy,V1,OV_V1_01_easy,correlation_shrink_0.50,loglinear_covariance_time,AgACI-EWA,calibration_only,0.1,0.9,2706,0.9061345158906134,0.006134515890613423,-0.22435894006207402,2.904626633678564,-0.0030329739525267545,21.32797283209381,0.04898350594553134,11
cross_environment,cross_environment:V1:OV_V1_01_easy,V1,OV_V1_01_easy,correlation_shrink_0.50_fit_bias,constant,ACI,calibration_only,0.1,0.9,2706,0.8651145602365115,0.03488543976348857,0.3578801308171018,1.7993700447953644,0.22521740219028832,18.03516764371042,0.12963943229766026,60
cross_environment,cross_environment:V1:OV_V1_01_easy,V1,OV_V1_01_easy,correlation_shrink_0.50_fit_bias,constant,AgACI-EWA,calibration_only,0.1,0.9,2706,0.8477457501847746,0.05225424981522542,-1.0206228764199534,1.4357658779371523,-1.025984154147769,13.654500995022671,0.09508630609896435,45
cross_environment,cross_environment:V1:OV_V1_01_easy,V1,OV_V1_01_easy,correlation_shrink_0.50_fit_bias,loglinear_covariance,ACI,calibration_only,0.1,0.9,2706,0.9153732446415374,0.015373244641537331,1.8342347069570568,4.60717917132901,1.8225622522783274,32.24883186831949,0.11888761028001558,52
cross_environment,cross_environment:V1:OV_V1_01_easy,V1,OV_V1_01_easy,correlation_shrink_0.50_fit_bias,loglinear_covariance,AgACI-EWA,calibration_only,0.1,0.9,2706,0.9061345158906134,0.006134515890613423,-0.6049152866273548,2.814125599414048,-0.2938178413921813,20.494419859482303,0.04672803989259695,9
cross_environment,cross_environment:V1:OV_V1_01_easy,V1,OV_V1_01_easy,correlation_shrink_0.50_fit_bias,loglinear_covariance_time,ACI,calibration_only,0.1,0.9,2706,0.9138950480413895,0.013895048041389524,1.7822447865757383,4.258442794523816,1.733938929194928,30.71250460374205,0.12176448024549315,57
cross_environment,cross_environment:V1:OV_V1_01_easy,V1,OV_V1_01_easy,correlation_shrink_0.50_fit_bias,loglinear_covariance_time,AgACI-EWA,calibration_only,0.1,0.9,2706,0.9061345158906134,0.006134515890613423,-0.4495605026837266,2.6728279613279105,-0.2830678864379304,19.910539789417207,0.04799386267740708,10
cross_environment,cross_environment:V1:OV_V1_01_easy,V1,OV_V1_01_easy,correlation_shrink_0.75,constant,ACI,calibration_only,0.1,0.9,2706,0.8691796008869179,0.030820399113082098,0.24620609140430183,1.7411635349135928,0.24521460718417556,18.09715474414491,0.12016110471806683,42
cross_environment,cross_environment:V1:OV_V1_01_easy,V1,OV_V1_01_easy,correlation_shrink_0.75,constant,AgACI-EWA,calibration_only,0.1,0.9,2706,0.8547671840354767,0.04523281596452333,-1.1136605234728698,1.4663228422554502,-1.0628625209496445,13.628451832329894,0.08483314154200233,42
cross_environment,cross_environment:V1:OV_V1_01_easy,V1,OV_V1_01_easy,correlation_shrink_0.75,loglinear_covariance,ACI,calibration_only,0.1,0.9,2706,0.8721359940872137,0.02786400591278637,0.5043318946903135,4.2428681189375155,0.5945844617996006,25.071969995745086,0.11909858074415054,71
cross_environment,cross_environment:V1:OV_V1_01_easy,V1,OV_V1_01_easy,correlation_shrink_0.75,loglinear_covariance,AgACI-EWA,calibration_only,0.1,0.9,2706,0.8658536585365854,0.034146341463414664,-0.9005099855806389,2.5147046036815563,-0.5641726165377366,17.42051921781048,0.07001150747986198,71
cross_environment,cross_environment:V1:OV_V1_01_easy,V1,OV_V1_01_easy,correlation_shrink_0.75,loglinear_covariance_time,ACI,calibration_only,0.1,0.9,2706,0.803030303030303,0.09696969696969704,-0.23421397754866824,4.691260453636001,0.4519646791783868,24.684396318139896,0.16269275028768707,140
cross_environment,cross_environment:V1:OV_V1_01_easy,V1,OV_V1_01_easy,correlation_shrink_0.75,loglinear_covariance_time,AgACI-EWA,calibration_only,0.1,0.9,2706,0.7997043606799704,0.1002956393200296,-1.0171183076036137,3.121871072568858,-0.4518729441625155,17.310741322995234,0.13892213271960113,140
cross_environment,cross_environment:V1:OV_V1_01_easy,V1,OV_V1_01_easy,correlation_shrink_0.75_fit_bias,constant,ACI,calibration_only,0.1,0.9,2706,0.8658536585365854,0.034146341463414664,0.18215500920231253,1.7209110499286187,0.04509817011197452,17.036656111823223,0.12846950517836606,60
cross_environment,cross_environment:V1:OV_V1_01_easy,V1,OV_V1_01_easy,correlation_shrink_0.75_fit_bias,constant,AgACI-EWA,calibration_only,0.1,0.9,2706,0.8473762010347377,0.05262379896526237,-1.3325480554321136,1.2505444428053103,-1.2391933716533772,12.88513471184776,0.09430763329497509,48
cross_environment,cross_environment:V1:OV_V1_01_easy,V1,OV_V1_01_easy,correlation_shrink_0.75_fit_bias,loglinear_covariance,ACI,calibration_only,0.1,0.9,2706,0.8883961566888396,0.011603843311160378,0.781469952487071,4.0181464470193236,0.8272180215096497,26.541822675423703,0.12220943613348698,44
cross_environment,cross_environment:V1:OV_V1_01_easy,V1,OV_V1_01_easy,correlation_shrink_0.75_fit_bias,loglinear_covariance,AgACI-EWA,calibration_only,0.1,0.9,2706,0.8817442719881744,0.018255728011825623,-1.2066563346342276,2.2002070697641942,-0.8546109535322457,16.51423396652373,0.05943229766014583,45
cross_environment,cross_environment:V1:OV_V1_01_easy,V1,OV_V1_01_easy,correlation_shrink_0.75_fit_bias,loglinear_covariance_time,ACI,calibration_only,0.1,0.9,2706,0.8495934959349594,0.05040650406504066,0.2349416483401896,4.34288010760155,0.430205545037382,24.695429465186816,0.14093210586881488,91
cross_environment,cross_environment:V1:OV_V1_01_easy,V1,OV_V1_01_easy,correlation_shrink_0.75_fit_bias,loglinear_covariance_time,AgACI-EWA,calibration_only,0.1,0.9,2706,0.8296378418329637,0.07036215816703628,-1.3262768388216775,2.582186746259862,-0.8167041779724629,16.44590071668982,0.09511315688530879,91
cross_environment,cross_environment:V1:OV_V1_01_easy,V1,OV_V1_01_easy,normalized_empirical_blend_0.25,constant,ACI,calibration_only,0.1,0.9,2706,0.9031781226903178,0.0031781226903178084,-2.782529140524696,-2.280758239477803,-2.7128719966086154,4.3534379683475875,0.03337552742616033,5
cross_environment,cross_environment:V1:OV_V1_01_easy,V1,OV_V1_01_easy,normalized_empirical_blend_0.25,constant,AgACI-EWA,calibration_only,0.1,0.9,2706,0.9881744271988174,0.0881744271988174,-2.73803586709219,-2.2728481457290055,-2.6976249131629833,4.374705043077421,0.08840429612581555,3
cross_environment,cross_environment:V1:OV_V1_01_easy,V1,OV_V1_01_easy,normalized_empirical_blend_0.25,loglinear_covariance,ACI,calibration_only,0.1,0.9,2706,0.8991130820399114,0.0008869179600886623,-2.7795700121335,-2.333360686857808,-2.7407273831714916,4.3068772285527634,0.02125431530494821,4
cross_environment,cross_environment:V1:OV_V1_01_easy,V1,OV_V1_01_easy,normalized_empirical_blend_0.25,loglinear_covariance,AgACI-EWA,calibration_only,0.1,0.9,2706,0.9815225424981523,0.08152254249815227,-2.7673903197965197,-2.333084729654333,-2.7248312931291068,4.329045500931137,0.08199462984273155,3
cross_environment,cross_environment:V1:OV_V1_01_easy,V1,OV_V1_01_easy,normalized_empirical_blend_0.25,loglinear_covariance_time,ACI,calibration_only,0.1,0.9,2706,0.8976348854397634,0.002365114560236581,-2.7784336659301587,-2.3036904864550487,-2.7385062817108756,4.310934136842041,0.021641733793632528,4
cross_environment,cross_environment:V1:OV_V1_01_easy,V1,OV_V1_01_easy,normalized_empirical_blend_0.25,loglinear_covariance_time,AgACI-EWA,calibration_only,0.1,0.9,2706,0.9796747967479674,0.0796747967479674,-2.7690879471501404,-2.303914749743759,-2.7276192421688297,4.325448251587348,0.08017644802454973,3
cross_environment,cross_environment:V1:OV_V1_01_easy,V1,OV_V1_01_easy,normalized_empirical_blend_0.50,constant,ACI,calibration_only,0.1,0.9,2706,0.9053954175905395,0.00539541759053952,-3.232037448749637,-2.6317800096209427,-3.120356885598456,3.7236337345017487,0.05556578442654396,2
cross_environment,cross_environment:V1:OV_V1_01_easy,V1,OV_V1_01_easy,normalized_empirical_blend_0.50,constant,AgACI-EWA,calibration_only,0.1,0.9,2706,0.983370288248337,0.08337028824833703,-3.271337631901384,-2.6327031787391455,-3.159524814831259,3.6716108712251785,0.08295742232451138,4
cross_environment,cross_environment:V1:OV_V1_01_easy,V1,OV_V1_01_easy,normalized_empirical_blend_0.50,constant,ACI,recent_100,0.1,0.9,2706,0.7734663710273466,0.1265336289726534,-3.1546696735339834,-2.708820208733097,-3.085689749540179,3.758412498027461,0.16324510932105862,36
cross_environment,cross_environment:V1:OV_V1_01_easy,V1,OV_V1_01_easy,normalized_empirical_blend_0.50,constant,AgACI-EWA,recent_100,0.1,0.9,2706,0.7712490761271249,0.12875092387287512,-3.2242249733487585,-2.7305127793309167,-3.1442542361339147,3.6851368212540727,0.16528193325661675,37
cross_environment,cross_environment:V1:OV_V1_01_easy,V1,OV_V1_01_easy,normalized_empirical_blend_0.50,constant,ACI,recent_300,0.1,0.9,2706,0.8329637841832964,0.0670362158167036,-3.097127395619851,-2.716431026696957,-3.0377515145261142,3.815662116572319,0.14671269658611436,37
cross_environment,cross_environment:V1:OV_V1_01_easy,V1,OV_V1_01_easy,normalized_empirical_blend_0.50,constant,AgACI-EWA,recent_300,0.1,0.9,2706,0.8577235772357723,0.04227642276422772,-3.227545907818344,-2.744324299583467,-3.1442999027065843,3.684456207401554,0.12032988108937487,36
cross_environment,cross_environment:V1:OV_V1_01_easy,V1,OV_V1_01_easy,normalized_empirical_blend_0.50,loglinear_covariance,ACI,calibration_only,0.1,0.9,2706,0.9002217294900222,0.00022172949002219333,-3.2815782419366086,-2.7413018379886447,-3.1991884822397414,3.613604484093107,0.03145761411584196,3
cross_environment,cross_environment:V1:OV_V1_01_easy,V1,OV_V1_01_easy,normalized_empirical_blend_0.50,loglinear_covariance,AgACI-EWA,calibration_only,0.1,0.9,2706,0.9830007390983001,0.08300073909830008,-3.2615515896927305,-2.7133033763932426,-3.1857504860976955,3.630764900388915,0.0826045262754128,4
cross_environment,cross_environment:V1:OV_V1_01_easy,V1,OV_V1_01_easy,normalized_empirical_blend_0.50,loglinear_covariance,ACI,recent_100,0.1,0.9,2706,0.7734663710273466,0.1265336289726534,-3.1546696735339834,-2.7235837870012536,-3.104023385211022,3.7279036993557826,0.16324510932105862,36
cross_environment,cross_environment:V1:OV_V1_01_easy,V1,OV_V1_01_easy,normalized_empirical_blend_0.50,loglinear_covariance,AgACI-EWA,recent_100,0.1,0.9,2706,0.7779009608277901,0.12209903917220988,-3.2057948871504816,-2.7537282018606426,-3.1486554552797483,3.6734174143300997,0.163114691215957,37
cross_environment,cross_environment:V1:OV_V1_01_easy,V1,OV_V1_01_easy,normalized_empirical_blend_0.50,loglinear_covariance,ACI,recent_300,0.1,0.9,2706,0.8329637841832964,0.0670362158167036,-3.097127395619851,-2.7369639852928267,-3.056085150196957,3.7851533179006407,0.14671269658611436,37
cross_environment,cross_environment:V1:OV_V1_01_easy,V1,OV_V1_01_easy,normalized_empirical_blend_0.50,loglinear_covariance,AgACI-EWA,recent_300,0.1,0.9,2706,0.860679970436068,0.03932002956393199,-3.2136588545286844,-2.758461209382469,-3.148142007511622,3.673429447064421,0.12015726889144623,36
cross_environment,cross_environment:V1:OV_V1_01_easy,V1,OV_V1_01_easy,normalized_empirical_blend_0.50,loglinear_covariance_time,ACI,calibration_only,0.1,0.9,2706,0.8980044345898004,0.001995565410199629,-3.278841460849046,-2.6828102994884016,-3.1945867672260597,3.6208119363030855,0.023371691599539713,4
cross_environment,cross_environment:V1:OV_V1_01_easy,V1,OV_V1_01_easy,normalized_empirical_blend_0.50,loglinear_covariance_time,AgACI-EWA,calibration_only,0.1,0.9,2706,0.9815225424981523,0.08152254249815227,-3.2645521117553864,-2.690737059559764,-3.1806185953946073,3.6370353533284403,0.08222094361334913,4
cross_environment,cross_environment:V1:OV_V1_01_easy,V1,OV_V1_01_easy,normalized_empirical_blend_0.50,loglinear_covariance_time,ACI,recent_100,0.1,0.9,2706,0.7734663710273466,0.1265336289726534,-3.1618903604689934,-2.7305868968501796,-3.10827588099244,3.722171383944823,0.16125815113156877,36
cross_environment,cross_environment:V1:OV_V1_01_easy,V1,OV_V1_01_easy,normalized_empirical_blend_0.50,loglinear_covariance_time,AgACI-EWA,recent_100,0.1,0.9,2706,0.7819660014781966,0.11803399852180341,-3.1940574439116336,-2.753953801802571,-3.141419583896964,3.6817994288935365,0.15960490985807435,37
cross_environment,cross_environment:V1:OV_V1_01_easy,V1,OV_V1_01_easy,normalized_empirical_blend_0.50,loglinear_covariance_time,ACI,recent_300,0.1,0.9,2706,0.8329637841832964,0.0670362158167036,-3.1005752528995645,-2.7458487425245024,-3.060337645978375,3.7794210024896806,0.14472573839662453,37
cross_environment,cross_environment:V1:OV_V1_01_easy,V1,OV_V1_01_easy,normalized_empirical_blend_0.50,loglinear_covariance_time,AgACI-EWA,recent_300,0.1,0.9,2706,0.8628972653362897,0.03710273466371028,-3.2006048097249264,-2.7591045658782645,-3.140469828938573,3.6823592729096664,0.1205178365937861,36
cross_environment,cross_environment:V1:OV_V1_01_easy,V1,OV_V1_01_easy,normalized_empirical_blend_0.75,constant,ACI,calibration_only,0.1,0.9,2706,0.9076127124907613,0.007612712490761231,-3.362776441926706,-2.714423202652492,-3.2632750867790445,3.7116575714824362,0.08118527042577689,11
cross_environment,cross_environment:V1:OV_V1_01_easy,V1,OV_V1_01_easy,normalized_empirical_blend_0.75,constant,AgACI-EWA,calibration_only,0.1,0.9,2706,0.9519586104951958,0.05195861049519579,-3.548763860126613,-2.7998835114391625,-3.4250541200295483,3.5180504414308027,0.051415420023015405,5
cross_environment,cross_environment:V1:OV_V1_01_easy,V1,OV_V1_01_easy,normalized_empirical_blend_0.75,loglinear_covariance,ACI,calibration_only,0.1,0.9,2706,0.9161123429416113,0.016112342941611235,-3.3362623446008226,-2.109886993276068,-3.0959077843309144,4.035147176546143,0.07953586497890311,8
cross_environment,cross_environment:V1:OV_V1_01_easy,V1,OV_V1_01_easy,normalized_empirical_blend_0.75,loglinear_covariance,AgACI-EWA,calibration_only,0.1,0.9,2706,0.9408721359940873,0.04087213599408723,-3.544033370196697,-2.7516738842195467,-3.3805651459184,3.6072039227483876,0.04212888377445379,4
cross_environment,cross_environment:V1:OV_V1_01_easy,V1,OV_V1_01_easy,normalized_empirical_blend_0.75,loglinear_covariance_time,ACI,calibration_only,0.1,0.9,2706,0.9150036954915004,0.01500369549150038,-3.3272240681362426,-1.6434453494612775,-3.0222954471735632,4.168973355019456,0.09299578059071749,59
cross_environment,cross_environment:V1:OV_V1_01_easy,V1,OV_V1_01_easy,normalized_empirical_blend_0.75,loglinear_covariance_time,AgACI-EWA,calibration_only,0.1,0.9,2706,0.9275683665927569,0.027568366592756854,-3.5422792887672814,-2.684484056336736,-3.3674229313876203,3.629964847715602,0.036728039892597236,13
cross_environment,cross_environment:V1:OV_V1_02_medium,V1,OV_V1_02_medium,raw_openvins,constant,ACI,calibration_only,0.1,0.9,1522,0.9421813403416557,0.04218134034165566,1.1383950943861993,2.6705319554040905,1.3979280307427047,18.274120718592375,0.09949402670414648,35
cross_environment,cross_environment:V1:OV_V1_02_medium,V1,OV_V1_02_medium,raw_openvins,constant,AgACI-EWA,calibration_only,0.1,0.9,1522,0.9139290407358739,0.013929040735873865,0.20407331809352502,2.0171157134040674,0.2631605193067303,13.092363392468624,0.033302881236823796,4
cross_environment,cross_environment:V1:OV_V1_02_medium,V1,OV_V1_02_medium,raw_openvins,constant,ACI,recent_100,0.1,0.9,1522,0.871222076215506,0.028777923784494064,0.6190676782231623,2.5102052149706187,0.62829487028409,14.722299040337434,0.10468025298664796,33
cross_environment,cross_environment:V1:OV_V1_02_medium,V1,OV_V1_02_medium,raw_openvins,constant,AgACI-EWA,recent_100,0.1,0.9,1522,0.8436268068331143,0.056373193166885716,0.27727993121950956,2.353260693447386,0.20775648362428584,13.057326203297793,0.09128601546029512,19
cross_environment,cross_environment:V1:OV_V1_02_medium,V1,OV_V1_02_medium,raw_openvins,constant,ACI,recent_300,0.1,0.9,1522,0.8915900131406045,0.008409986859395535,0.7782491808304526,2.461322668106941,0.766751768041976,15.33083347686429,0.1146943078004218,37
cross_environment,cross_environment:V1:OV_V1_02_medium,V1,OV_V1_02_medium,raw_openvins,constant,AgACI-EWA,recent_300,0.1,0.9,1522,0.8731931668856767,0.026806833114323303,0.15068016802030293,1.9311544189918721,0.14753397243161717,12.64927652919919,0.06764581869290236,14
cross_environment,cross_environment:V1:OV_V1_02_medium,V1,OV_V1_02_medium,raw_openvins,loglinear_covariance,ACI,calibration_only,0.1,0.9,1522,0.9566360052562418,0.056636005256241795,3.609072128950012,5.381141842729696,3.40889535824054,38.792117313501706,0.09872803935347889,13
cross_environment,cross_environment:V1:OV_V1_02_medium,V1,OV_V1_02_medium,raw_openvins,loglinear_covariance,AgACI-EWA,calibration_only,0.1,0.9,1522,0.9113009198423128,0.01130091984231274,1.308650773509922,3.2328474934987295,1.3168860526107484,20.88063487617684,0.027125790583274977,11
cross_environment,cross_environment:V1:OV_V1_02_medium,V1,OV_V1_02_medium,raw_openvins,loglinear_covariance,ACI,recent_100,0.1,0.9,1522,0.885676741130092,0.01432325886990804,1.1721718895568838,3.738980521243174,1.5873461314904327,26.14544255042352,0.08657765284609988,29
cross_environment,cross_environment:V1:OV_V1_02_medium,V1,OV_V1_02_medium,raw_openvins,loglinear_covariance,AgACI-EWA,recent_100,0.1,0.9,1522,0.8699080157687253,0.030091984231274682,0.5244477300876325,2.547623039054937,0.5282253136690479,15.74368684161833,0.06491215741391423,9
cross_environment,cross_environment:V1:OV_V1_02_medium,V1,OV_V1_02_medium,raw_openvins,loglinear_covariance,ACI,recent_300,0.1,0.9,1522,0.9014454664914586,0.0014454664914586024,1.1267595391604797,3.266284570564564,1.4719898871228,20.97095639959627,0.09011243851018988,30
cross_environment,cross_environment:V1:OV_V1_02_medium,V1,OV_V1_02_medium,raw_openvins,loglinear_covariance,AgACI-EWA,recent_300,0.1,0.9,1522,0.8896189224704336,0.010381077529566407,0.4943371233021754,2.5322821601693555,0.553061416530713,15.142434929196309,0.053450456781447615,7
cross_environment,cross_environment:V1:OV_V1_02_medium,V1,OV_V1_02_medium,raw_openvins,loglinear_covariance_time,ACI,calibration_only,0.1,0.9,1522,0.9572930354796321,0.05729303547963205,3.6905711560019236,5.3828598848217,3.4307921521634515,38.900632688474744,0.09442023893183449,13
cross_environment,cross_environment:V1:OV_V1_02_medium,V1,OV_V1_02_medium,raw_openvins,loglinear_covariance_time,AgACI-EWA,calibration_only,0.1,0.9,1522,0.9126149802890933,0.012614980289093247,1.350270800181451,3.433883058091349,1.3754369183083608,21.35462941150331,0.030878425860857543,11
cross_environment,cross_environment:V1:OV_V1_02_medium,V1,OV_V1_02_medium,raw_openvins,loglinear_covariance_time,ACI,recent_100,0.1,0.9,1522,0.8876478318002629,0.012352168199737168,1.1656150776452296,3.91042406509942,1.6483288956518283,27.337619693164573,0.08448348559381597,19
cross_environment,cross_environment:V1:OV_V1_02_medium,V1,OV_V1_02_medium,raw_openvins,loglinear_covariance_time,AgACI-EWA,recent_100,0.1,0.9,1522,0.8705650459921156,0.02943495400788443,0.548648544787393,2.620256368462707,0.575053149467184,16.20179156667578,0.06437807449051293,8
cross_environment,cross_environment:V1:OV_V1_02_medium,V1,OV_V1_02_medium,raw_openvins,loglinear_covariance_time,ACI,recent_300,0.1,0.9,1522,0.9007884362680684,0.0007884362680683488,1.1881619525888203,3.3357576484397926,1.5254499733306148,21.53407487284291,0.08908643710470845,28
cross_environment,cross_environment:V1:OV_V1_02_medium,V1,OV_V1_02_medium,raw_openvins,loglinear_covariance_time,AgACI-EWA,recent_300,0.1,0.9,1522,0.8902759526938239,0.009724047306176153,0.5311579156044646,2.580165196124392,0.5836920237442556,15.458427775751069,0.052452565003513675,7
cross_environment,cross_environment:V1:OV_V1_02_medium,V1,OV_V1_02_medium,raw_openvins_fit_bias,constant,ACI,calibration_only,0.1,0.9,1522,0.938239159001314,0.03823915900131403,1.8665026742100208,2.4795105251181506,1.7165832064297253,19.9414452803993,0.09572733661279013,26
cross_environment,cross_environment:V1:OV_V1_02_medium,V1,OV_V1_02_medium,raw_openvins_fit_bias,constant,AgACI-EWA,calibration_only,0.1,0.9,1522,0.9172141918528253,0.017214191852825245,0.49181363236747,2.1198195544831218,0.4530772233331001,14.32711574756242,0.04304286718201004,3
cross_environment,cross_environment:V1:OV_V1_02_medium,V1,OV_V1_02_medium,raw_openvins_fit_bias,loglinear_covariance,ACI,calibration_only,0.1,0.9,1522,0.9586070959264126,0.058607095926412556,3.124583512579698,5.2832904985091185,2.79518163919937,34.14346782839765,0.088025298664793,9
cross_environment,cross_environment:V1:OV_V1_02_medium,V1,OV_V1_02_medium,raw_openvins_fit_bias,loglinear_covariance,AgACI-EWA,calibration_only,0.1,0.9,1522,0.9139290407358739,0.013929040735873865,0.901398263153057,2.391246370515581,0.6940532874485847,15.902358272864195,0.02148981026001435,4
cross_environment,cross_environment:V1:OV_V1_02_medium,V1,OV_V1_02_medium,raw_openvins_fit_bias,loglinear_covariance_time,ACI,calibration_only,0.1,0.9,1522,0.9586070959264126,0.058607095926412556,3.315464402906816,5.253248335916208,2.8542140495304436,34.740481069137715,0.08482782853127231,9
cross_environment,cross_environment:V1:OV_V1_02_medium,V1,OV_V1_02_medium,raw_openvins_fit_bias,loglinear_covariance_time,AgACI-EWA,calibration_only,0.1,0.9,1522,0.9139290407358739,0.013929040735873865,0.8826839201829397,2.4152828568068423,0.67160225067977,16.013553491051994,0.02249472944483516,4
cross_environment,cross_environment:V1:OV_V1_02_medium,V1,OV_V1_02_medium,diagonal_openvins,constant,ACI,calibration_only,0.1,0.9,1522,0.9395532194480947,0.039553219448094645,-1.3303170121531318,0.0868347840905915,-1.2310930853516797,7.498973890169975,0.06702740688685896,10
cross_environment,cross_environment:V1:OV_V1_02_medium,V1,OV_V1_02_medium,diagonal_openvins,constant,AgACI-EWA,calibration_only,0.1,0.9,1522,0.9113009198423128,0.01130091984231274,-1.9117825804335218,-0.3898733262346367,-2.0134998682291827,6.2014267431750225,0.03371749824314844,9
cross_environment,cross_environment:V1:OV_V1_02_medium,V1,OV_V1_02_medium,diagonal_openvins,loglinear_covariance,ACI,calibration_only,0.1,0.9,1522,0.9513797634691196,0.051379763469119544,-0.9317964399563978,1.1523555614636802,-1.0810460146468654,8.838467556782495,0.07106113843991592,14
cross_environment,cross_environment:V1:OV_V1_02_medium,V1,OV_V1_02_medium,diagonal_openvins,loglinear_covariance,AgACI-EWA,calibration_only,0.1,0.9,1522,0.919185282522996,0.019185282522996006,-2.168149038971321,0.009231399837831404,-2.3278412062526157,5.990218182731969,0.03439212930428693,7
cross_environment,cross_environment:V1:OV_V1_02_medium,V1,OV_V1_02_medium,diagonal_openvins,loglinear_covariance_time,ACI,calibration_only,0.1,0.9,1522,0.9480946123521682,0.048094612352168165,-0.6259225662330321,1.7092434451334673,-0.884021460417812,9.919405553513963,0.06862965565706279,15
cross_environment,cross_environment:V1:OV_V1_02_medium,V1,OV_V1_02_medium,diagonal_openvins,loglinear_covariance_time,AgACI-EWA,calibration_only,0.1,0.9,1522,0.919185282522996,0.019185282522996006,-1.932120420939425,0.6076055320481393,-2.0415881812882932,6.914008638073682,0.03497540407589623,7
cross_environment,cross_environment:V1:OV_V1_02_medium,V1,OV_V1_02_medium,diagonal_openvins_fit_bias,constant,ACI,calibration_only,0.1,0.9,1522,0.9250985545335085,0.02509855453350851,-0.37826649492473496,0.3112748599695618,-0.4380189444150279,9.53333943611241,0.06257203092059052,12
cross_environment,cross_environment:V1:OV_V1_02_medium,V1,OV_V1_02_medium,diagonal_openvins_fit_bias,constant,AgACI-EWA,calibration_only,0.1,0.9,1522,0.9093298291721419,0.009329829172141868,-1.1221475892599315,0.38747989563532903,-1.2288587991499624,7.894264286898007,0.04080112438510201,11
cross_environment,cross_environment:V1:OV_V1_02_medium,V1,OV_V1_02_medium,diagonal_openvins_fit_bias,loglinear_covariance,ACI,calibration_only,0.1,0.9,1522,0.9494086727989488,0.04940867279894878,-0.5986015721122984,1.3744219080359703,-0.7859709371647808,9.763651764779581,0.0750808151791991,17
cross_environment,cross_environment:V1:OV_V1_02_medium,V1,OV_V1_02_medium,diagonal_openvins_fit_bias,loglinear_covariance,AgACI-EWA,calibration_only,0.1,0.9,1522,0.9172141918528253,0.017214191852825245,-1.7148044231085886,0.39408447188069046,-1.8416114346085526,7.021264162838641,0.03233309908643731,6
cross_environment,cross_environment:V1:OV_V1_02_medium,V1,OV_V1_02_medium,diagonal_openvins_fit_bias,loglinear_covariance_time,ACI,calibration_only,0.1,0.9,1522,0.9454664914586071,0.04546649145860704,-0.41203751064719807,1.8242249273237134,-0.6481456751788809,10.531793356857754,0.07692199578355607,19
cross_environment,cross_environment:V1:OV_V1_02_medium,V1,OV_V1_02_medium,diagonal_openvins_fit_bias,loglinear_covariance_time,AgACI-EWA,calibration_only,0.1,0.9,1522,0.9159001314060446,0.015900131406044626,-1.5750185901051363,0.727083252092729,-1.6741438442872711,7.602889736270916,0.033506676036542705,6
cross_environment,cross_environment:V1:OV_V1_02_medium,V1,OV_V1_02_medium,standardized_correlation,constant,ACI,calibration_only,0.1,0.9,1522,0.9329829172141918,0.032982917214191776,-4.199972332486679,-2.8603893384122876,-4.099768990862374,2.9198744789570514,0.08014054813773745,14
cross_environment,cross_environment:V1:OV_V1_02_medium,V1,OV_V1_02_medium,standardized_correlation,constant,AgACI-EWA,calibration_only,0.1,0.9,1522,0.9513797634691196,0.051379763469119544,-4.5282231683307055,-2.969077129986736,-4.440837849213294,2.666833035127618,0.06231904427266375,8
cross_environment,cross_environment:V1:OV_V1_02_medium,V1,OV_V1_02_medium,standardized_correlation,constant,ACI,recent_100,0.1,0.9,1522,0.8554533508541393,0.044546649145860706,-4.343113251873575,-2.536664082500397,-4.049339192456932,3.1162673247971635,0.09063246661981729,45
cross_environment,cross_environment:V1:OV_V1_02_medium,V1,OV_V1_02_medium,standardized_correlation,constant,AgACI-EWA,recent_100,0.1,0.9,1522,0.8462549277266754,0.05374507227332459,-4.4689308804882915,-3.0220466323594626,-4.3383613593584505,2.7460681602463226,0.09448348559381592,35
cross_environment,cross_environment:V1:OV_V1_02_medium,V1,OV_V1_02_medium,standardized_correlation,constant,ACI,recent_300,0.1,0.9,1522,0.9014454664914586,0.0014454664914586024,-4.27881899323509,-2.8290030557963335,-4.053207512782763,3.0080959804175302,0.12346451159522157,25
cross_environment,cross_environment:V1:OV_V1_02_medium,V1,OV_V1_02_medium,standardized_correlation,constant,AgACI-EWA,recent_300,0.1,0.9,1522,0.9211563731931669,0.021156373193166877,-4.507383680172666,-2.9785251312711116,-4.367286147418391,2.719720160227469,0.07810260014054834,14
cross_environment,cross_environment:V1:OV_V1_02_medium,V1,OV_V1_02_medium,standardized_correlation,loglinear_covariance,ACI,calibration_only,0.1,0.9,1522,0.9408672798948752,0.04086727989487515,-4.0797075780281205,-2.361633803480374,-3.8444923224857375,3.2653306613608115,0.08642304989458915,13
cross_environment,cross_environment:V1:OV_V1_02_medium,V1,OV_V1_02_medium,standardized_correlation,loglinear_covariance,AgACI-EWA,calibration_only,0.1,0.9,1522,0.9323258869908015,0.03232588699080152,-4.451581809769438,-2.9083061387418607,-4.374298577424829,2.765050880337678,0.046184118060435986,8
cross_environment,cross_environment:V1:OV_V1_02_medium,V1,OV_V1_02_medium,standardized_correlation,loglinear_covariance,ACI,recent_100,0.1,0.9,1522,0.8653088042049935,0.03469119579500657,-4.181122476397192,-2.5314734396336904,-3.985983661151331,3.150743224211106,0.0939494026704147,23
cross_environment,cross_environment:V1:OV_V1_02_medium,V1,OV_V1_02_medium,standardized_correlation,loglinear_covariance,AgACI-EWA,recent_100,0.1,0.9,1522,0.8685939553219448,0.03140604467805519,-4.409839377213854,-3.1737474647753356,-4.3178619792364215,2.7952616704997366,0.0821714687280394,23
cross_environment,cross_environment:V1:OV_V1_02_medium,V1,OV_V1_02_medium,standardized_correlation,loglinear_covariance,ACI,recent_300,0.1,0.9,1522,0.9027595269382391,0.0027595269382391097,-4.231486873994454,-2.992619657441365,-4.025204691826093,3.0551222684024077,0.10310611384399175,22
cross_environment,cross_environment:V1:OV_V1_02_medium,V1,OV_V1_02_medium,standardized_correlation,loglinear_covariance,AgACI-EWA,recent_300,0.1,0.9,1522,0.9159001314060446,0.015900131406044626,-4.4969455789006965,-3.1710016977638524,-4.3254963873550105,2.7721196987999837,0.062312016865776726,10
cross_environment,cross_environment:V1:OV_V1_02_medium,V1,OV_V1_02_medium,standardized_correlation,loglinear_covariance_time,ACI,calibration_only,0.1,0.9,1522,0.9356110381077529,0.0356110381077529,-3.9391640569944664,-2.27585613984283,-3.6501041644665873,3.495418123059594,0.08711173576950124,19
cross_environment,cross_environment:V1:OV_V1_02_medium,V1,OV_V1_02_medium,standardized_correlation,loglinear_covariance_time,AgACI-EWA,calibration_only,0.1,0.9,1522,0.9198423127463863,0.01984231274638626,-4.268118389223365,-2.886708746854131,-4.21167457916349,2.9208118434144295,0.03789880534082946,8
cross_environment,cross_environment:V1:OV_V1_02_medium,V1,OV_V1_02_medium,standardized_correlation,loglinear_covariance_time,ACI,recent_100,0.1,0.9,1522,0.8876478318002629,0.012352168199737168,-3.8288281267819406,-2.847515926990595,-3.79053344272011,3.333347546885028,0.05769501054111036,23
cross_environment,cross_environment:V1:OV_V1_02_medium,V1,OV_V1_02_medium,standardized_correlation,loglinear_covariance_time,AgACI-EWA,recent_100,0.1,0.9,1522,0.8791064388961892,0.020893561103810798,-4.16068748769262,-3.032536057075793,-4.149839441629917,2.956495000412013,0.05514406184118059,11
cross_environment,cross_environment:V1:OV_V1_02_medium,V1,OV_V1_02_medium,standardized_correlation,loglinear_covariance_time,ACI,recent_300,0.1,0.9,1522,0.9053876478318003,0.005387647831800235,-3.954999966226905,-3.157627677773408,-3.8491814691880775,3.2324948985893682,0.08376669009135643,14
cross_environment,cross_environment:V1:OV_V1_02_medium,V1,OV_V1_02_medium,standardized_correlation,loglinear_covariance_time,AgACI-EWA,recent_300,0.1,0.9,1522,0.9040735873850198,0.004073587385019728,-4.235704054852143,-3.1277396182927553,-4.145234502668492,2.9489799672047536,0.04501054111033041,11
cross_environment,cross_environment:V1:OV_V1_02_medium,V1,OV_V1_02_medium,whitened_correlation,constant,ACI,calibration_only,0.1,0.9,1522,0.9342969776609724,0.034296977660972394,-4.821848084355013,-2.791196104526659,-4.447047796995667,2.688806898080036,0.08245256500351396,21
cross_environment,cross_environment:V1:OV_V1_02_medium,V1,OV_V1_02_medium,whitened_correlation,constant,AgACI-EWA,calibration_only,0.1,0.9,1522,0.9579500657030223,0.0579500657030223,-5.066917156175485,-3.5811117375880275,-4.814950021633354,2.393836538419845,0.06167955024595967,2
cross_environment,cross_environment:V1:OV_V1_02_medium,V1,OV_V1_02_medium,whitened_correlation,loglinear_covariance,ACI,calibration_only,0.1,0.9,1522,0.9415243101182654,0.041524310118265406,-4.655981641419154,-2.6008674684836803,-4.22871513885635,2.938987784980405,0.09018973998594546,17
cross_environment,cross_environment:V1:OV_V1_02_medium,V1,OV_V1_02_medium,whitened_correlation,loglinear_covariance,AgACI-EWA,calibration_only,0.1,0.9,1522,0.9520367936925098,0.0520367936925098,-5.042203326878666,-3.6192424599826247,-4.753815038307681,2.4657189057668285,0.05472944483485633,2
cross_environment,cross_environment:V1:OV_V1_02_medium,V1,OV_V1_02_medium,whitened_correlation,loglinear_covariance_time,ACI,calibration_only,0.1,0.9,1522,0.9408672798948752,0.04086727989487515,-4.670939671071508,-2.701678007929241,-4.2916289181951965,2.848120891302749,0.08094869992972614,18
cross_environment,cross_environment:V1:OV_V1_02_medium,V1,OV_V1_02_medium,whitened_correlation,loglinear_covariance_time,AgACI-EWA,calibration_only,0.1,0.9,1522,0.9540078843626807,0.05400788436268067,-5.052939940930003,-3.6441667388029035,-4.768076258537895,2.438587785923401,0.05765284609978957,4
cross_environment,cross_environment:V1:OV_V1_02_medium,V1,OV_V1_02_medium,correlation_shrink_0.25,constant,ACI,calibration_only,0.1,0.9,1522,0.9448094612352168,0.044809461235216785,-1.057629203543645,0.3669622920491943,-0.8963281665345552,8.450157682467488,0.08299367533380202,19
cross_environment,cross_environment:V1:OV_V1_02_medium,V1,OV_V1_02_medium,correlation_shrink_0.25,constant,AgACI-EWA,calibration_only,0.1,0.9,1522,0.9152431011826544,0.015243101182654373,-1.680317003607274,-0.10562316838603321,-1.7901805775069828,6.78221904203902,0.03688685874912177,8
cross_environment,cross_environment:V1:OV_V1_02_medium,V1,OV_V1_02_medium,correlation_shrink_0.25,loglinear_covariance,ACI,calibration_only,0.1,0.9,1522,0.954664914586071,0.05466491458607092,0.30880342479381095,2.5648356474602494,0.11201106250223825,13.788497155983592,0.08607167955024617,14
cross_environment,cross_environment:V1:OV_V1_02_medium,V1,OV_V1_02_medium,correlation_shrink_0.25,loglinear_covariance,AgACI-EWA,calibration_only,0.1,0.9,1522,0.9152431011826544,0.015243101182654373,-1.4740343362389483,0.40298338663958977,-1.6922218918830552,7.517283666643469,0.026366830639494205,7
cross_environment,cross_environment:V1:OV_V1_02_medium,V1,OV_V1_02_medium,correlation_shrink_0.25,loglinear_covariance_time,ACI,calibration_only,0.1,0.9,1522,0.9579500657030223,0.0579500657030223,0.4648803847319183,2.764280856271156,0.020895205184763004,13.948285543835041,0.08299367533380209,15
cross_environment,cross_environment:V1:OV_V1_02_medium,V1,OV_V1_02_medium,correlation_shrink_0.25,loglinear_covariance_time,AgACI-EWA,calibration_only,0.1,0.9,1522,0.9132720105124835,0.0132720105124835,-1.662994640430548,0.2473199950794408,-1.8714109064050333,7.006128330591555,0.02539704848910768,6
cross_environment,cross_environment:V1:OV_V1_02_medium,V1,OV_V1_02_medium,correlation_shrink_0.25_fit_bias,constant,ACI,calibration_only,0.1,0.9,1522,0.9244415243101183,0.024441524310118257,-0.04982210325317471,0.6624291665121652,-0.06344169743533107,10.869736152545713,0.07390021082220677,13
cross_environment,cross_environment:V1:OV_V1_02_medium,V1,OV_V1_02_medium,correlation_shrink_0.25_fit_bias,constant,AgACI-EWA,calibration_only,0.1,0.9,1522,0.911957950065703,0.011957950065702994,-0.8281254991421045,0.5347070658441411,-1.021348286693457,8.580892524724613,0.04343640196767404,9
cross_environment,cross_environment:V1:OV_V1_02_medium,V1,OV_V1_02_medium,correlation_shrink_0.25_fit_bias,loglinear_covariance,ACI,calibration_only,0.1,0.9,1522,0.954664914586071,0.05466491458607092,0.6613663106064198,2.6745567065079827,0.3433829053534393,14.819501987249314,0.07883345045678174,11
cross_environment,cross_environment:V1:OV_V1_02_medium,V1,OV_V1_02_medium,correlation_shrink_0.25_fit_bias,loglinear_covariance,AgACI-EWA,calibration_only,0.1,0.9,1522,0.9139290407358739,0.013929040735873865,-1.6153203265697944,1.001211603791994,-1.530115038355216,8.109330517029516,0.026198172874209617,7
cross_environment,cross_environment:V1:OV_V1_02_medium,V1,OV_V1_02_medium,correlation_shrink_0.25_fit_bias,loglinear_covariance_time,ACI,calibration_only,0.1,0.9,1522,0.9559789750328516,0.05597897503285154,0.7108495457960098,2.7618759941004902,0.2757356268483666,14.839918094406361,0.07714687280393563,9
cross_environment,cross_environment:V1:OV_V1_02_medium,V1,OV_V1_02_medium,correlation_shrink_0.25_fit_bias,loglinear_covariance_time,AgACI-EWA,calibration_only,0.1,0.9,1522,0.9126149802890933,0.012614980289093247,-1.6023296193737027,0.7404700128274109,-1.5890112156834169,7.722038091202961,0.022565003513703632,4
cross_environment,cross_environment:V1:OV_V1_02_medium,V1,OV_V1_02_medium,correlation_shrink_0.50,constant,ACI,calibration_only,0.1,0.9,1522,0.9421813403416557,0.04218134034165566,-1.291058404828306,0.11153035849996866,-1.1418558973686554,7.749849460032579,0.0750667603654254,11
cross_environment,cross_environment:V1:OV_V1_02_medium,V1,OV_V1_02_medium,correlation_shrink_0.50,constant,AgACI-EWA,calibration_only,0.1,0.9,1522,0.9113009198423128,0.01130091984231274,-1.8655524521073668,-0.2619758201598782,-1.9642129892575473,6.35569978122651,0.03541110330288138,10
cross_environment,cross_environment:V1:OV_V1_02_medium,V1,OV_V1_02_medium,correlation_shrink_0.50,loglinear_covariance,ACI,calibration_only,0.1,0.9,1522,0.9579500657030223,0.0579500657030223,-0.5999840615523246,1.333393174282475,-0.8481497011203344,9.763908804508961,0.0815179198875617,15
cross_environment,cross_environment:V1:OV_V1_02_medium,V1,OV_V1_02_medium,correlation_shrink_0.50,loglinear_covariance,AgACI-EWA,calibration_only,0.1,0.9,1522,0.9159001314060446,0.015900131406044626,-2.261272483730259,-0.3881317874067829,-2.401340726245915,5.84487328123492,0.025600843288826627,6
cross_environment,cross_environment:V1:OV_V1_02_medium,V1,OV_V1_02_medium,correlation_shrink_0.50,loglinear_covariance_time,ACI,calibration_only,0.1,0.9,1522,0.9559789750328516,0.05597897503285154,-0.08137550577201846,1.8717927131182601,-0.6330263473967898,11.115945335076374,0.07516514406184142,12
cross_environment,cross_environment:V1:OV_V1_02_medium,V1,OV_V1_02_medium,correlation_shrink_0.50,loglinear_covariance_time,AgACI-EWA,calibration_only,0.1,0.9,1522,0.9145860709592641,0.014586070959264119,-1.9770608576659234,0.11498626046619158,-2.147842984613283,6.4505281033832365,0.02681658468025313,6
cross_environment,cross_environment:V1:OV_V1_02_medium,V1,OV_V1_02_medium,correlation_shrink_0.50_fit_bias,constant,ACI,calibration_only,0.1,0.9,1522,0.923784494086728,0.023784494086728003,-0.28152145513639315,0.3854620326257286,-0.31003065820199477,9.969588532781652,0.0679831342234717,12
cross_environment,cross_environment:V1:OV_V1_02_medium,V1,OV_V1_02_medium,correlation_shrink_0.50_fit_bias,constant,AgACI-EWA,calibration_only,0.1,0.9,1522,0.9113009198423128,0.01130091984231274,-0.9996243977153529,0.42108936936950103,-1.161861533158588,8.144385100108833,0.04333099086437116,11
cross_environment,cross_environment:V1:OV_V1_02_medium,V1,OV_V1_02_medium,correlation_shrink_0.50_fit_bias,loglinear_covariance,ACI,calibration_only,0.1,0.9,1522,0.9553219448094612,0.05532194480946118,-0.2759234108175077,1.4822115159080735,-0.6000948024103725,10.554568805404044,0.08118763176387941,11
cross_environment,cross_environment:V1:OV_V1_02_medium,V1,OV_V1_02_medium,correlation_shrink_0.50_fit_bias,loglinear_covariance,AgACI-EWA,calibration_only,0.1,0.9,1522,0.9113009198423128,0.01130091984231274,-1.9477545689974654,0.22548243143630756,-1.9563716560109254,6.78159923507293,0.023330990864371248,5
cross_environment,cross_environment:V1:OV_V1_02_medium,V1,OV_V1_02_medium,correlation_shrink_0.50_fit_bias,loglinear_covariance_time,ACI,calibration_only,0.1,0.9,1522,0.9520367936925098,0.0520367936925098,0.12050187961004788,1.9141973813003057,-0.36023708301859064,11.72746858147186,0.07505270555165165,16
cross_environment,cross_environment:V1:OV_V1_02_medium,V1,OV_V1_02_medium,correlation_shrink_0.50_fit_bias,loglinear_covariance_time,AgACI-EWA,calibration_only,0.1,0.9,1522,0.9159001314060446,0.015900131406044626,-1.61815944045762,0.5102487178928954,-1.7571100384838323,7.324578121712728,0.02693605059732979,5
cross_environment,cross_environment:V1:OV_V1_02_medium,V1,OV_V1_02_medium,correlation_shrink_0.75,constant,ACI,calibration_only,0.1,0.9,1522,0.9402102496714849,0.0402102496714849,-1.3501589308476873,-0.004767328864044204,-1.2588363611140483,7.431662046383484,0.0687280393534788,11
cross_environment,cross_environment:V1:OV_V1_02_medium,V1,OV_V1_02_medium,correlation_shrink_0.75,constant,AgACI-EWA,calibration_only,0.1,0.9,1522,0.911957950065703,0.011957950065702994,-1.913921317806425,-0.3541526550500867,-2.026012036887217,6.202775766471178,0.03487702037948013,8
cross_environment,cross_environment:V1:OV_V1_02_medium,V1,OV_V1_02_medium,correlation_shrink_0.75,loglinear_covariance,ACI,calibration_only,0.1,0.9,1522,0.9586070959264126,0.058607095926412556,-1.112659203807488,0.7866170258128283,-1.3958671790280084,8.160208173529329,0.07307097680955757,11
cross_environment,cross_environment:V1:OV_V1_02_medium,V1,OV_V1_02_medium,correlation_shrink_0.75,loglinear_covariance,AgACI-EWA,calibration_only,0.1,0.9,1522,0.9165571616294349,0.01655716162943488,-2.3650123932199403,-0.4006286520460889,-2.5347033967506998,5.508430018273016,0.02685172171468748,6
cross_environment,cross_environment:V1:OV_V1_02_medium,V1,OV_V1_02_medium,correlation_shrink_0.75,loglinear_covariance_time,ACI,calibration_only,0.1,0.9,1522,0.9513797634691196,0.051379763469119544,-0.6157262821580982,1.600440449721117,-0.8779400482188741,10.15399464275567,0.0684399156711177,19
cross_environment,cross_environment:V1:OV_V1_02_medium,V1,OV_V1_02_medium,correlation_shrink_0.75,loglinear_covariance_time,AgACI-EWA,calibration_only,0.1,0.9,1522,0.9159001314060446,0.015900131406044626,-1.8867516668834186,0.43546354716319124,-2.123805502843891,6.67607413382935,0.03189739985945207,7
cross_environment,cross_environment:V1:OV_V1_02_medium,V1,OV_V1_02_medium,correlation_shrink_0.75_fit_bias,constant,ACI,calibration_only,0.1,0.9,1522,0.9244415243101183,0.024441524310118257,-0.3511830034221939,0.31636256591358675,-0.4122512309760503,9.619061299545603,0.06460997891777953,12
cross_environment,cross_environment:V1:OV_V1_02_medium,V1,OV_V1_02_medium,correlation_shrink_0.75_fit_bias,constant,AgACI-EWA,calibration_only,0.1,0.9,1522,0.9086727989487516,0.008672798948751614,-1.0936965746287974,0.40042435820397604,-1.2190440258091053,7.949808783552556,0.040604356992269955,11
cross_environment,cross_environment:V1:OV_V1_02_medium,V1,OV_V1_02_medium,correlation_shrink_0.75_fit_bias,loglinear_covariance,ACI,calibration_only,0.1,0.9,1522,0.954664914586071,0.05466491458607092,-0.6877990122064723,1.0888051945833745,-0.9519050541817696,9.215795781888865,0.07139142656359833,13
cross_environment,cross_environment:V1:OV_V1_02_medium,V1,OV_V1_02_medium,correlation_shrink_0.75_fit_bias,loglinear_covariance,AgACI-EWA,calibration_only,0.1,0.9,1522,0.9165571616294349,0.01655716162943488,-1.9792269663287079,0.2415222136006105,-2.0335189062477874,6.569913993165469,0.02695713281799036,5
cross_environment,cross_environment:V1:OV_V1_02_medium,V1,OV_V1_02_medium,correlation_shrink_0.75_fit_bias,loglinear_covariance_time,ACI,calibration_only,0.1,0.9,1522,0.9480946123521682,0.048094612352168165,-0.2790296731503883,1.7410908388521542,-0.5474237653576707,10.997203638176483,0.07385101897399883,19
cross_environment,cross_environment:V1:OV_V1_02_medium,V1,OV_V1_02_medium,correlation_shrink_0.75_fit_bias,loglinear_covariance_time,AgACI-EWA,calibration_only,0.1,0.9,1522,0.9172141918528253,0.017214191852825245,-1.5778978387079503,0.6520609735332892,-1.7676978766522309,7.405718482972318,0.030983836964160426,6
cross_environment,cross_environment:V1:OV_V1_02_medium,V1,OV_V1_02_medium,normalized_empirical_blend_0.25,constant,ACI,calibration_only,0.1,0.9,1522,0.942838370565046,0.042838370565046024,-4.942078595179433,-2.901727922054883,-4.5876598516735845,2.7832482855974243,0.08492621222768824,17
cross_environment,cross_environment:V1:OV_V1_02_medium,V1,OV_V1_02_medium,normalized_empirical_blend_0.25,constant,AgACI-EWA,calibration_only,0.1,0.9,1522,0.9605781865965834,0.06057818659658343,-5.118722884246411,-4.011568527777225,-5.023686239213635,2.3942897635563893,0.061693605059733425,2
cross_environment,cross_environment:V1:OV_V1_02_medium,V1,OV_V1_02_medium,normalized_empirical_blend_0.25,loglinear_covariance,ACI,calibration_only,0.1,0.9,1522,0.9454664914586071,0.04546649145860704,-4.7340243426684525,-2.5199126829785885,-4.4001986689890185,3.0354745736133166,0.07775122979620544,12
cross_environment,cross_environment:V1:OV_V1_02_medium,V1,OV_V1_02_medium,normalized_empirical_blend_0.25,loglinear_covariance,AgACI-EWA,calibration_only,0.1,0.9,1522,0.9270696452036794,0.027069645203679382,-5.076066138261347,-3.878637970542212,-4.962907659614756,2.47890116551803,0.03725228390723852,6
cross_environment,cross_environment:V1:OV_V1_02_medium,V1,OV_V1_02_medium,normalized_empirical_blend_0.25,loglinear_covariance_time,ACI,calibration_only,0.1,0.9,1522,0.9441524310118266,0.04415243101182653,-4.6785591774495,-2.691149923319316,-4.4086239374189,3.004913643783501,0.07845397048489136,15
cross_environment,cross_environment:V1:OV_V1_02_medium,V1,OV_V1_02_medium,normalized_empirical_blend_0.25,loglinear_covariance_time,AgACI-EWA,calibration_only,0.1,0.9,1522,0.9329829172141918,0.032982917214191776,-5.02584016542705,-3.8453609794848784,-4.951326938126556,2.4930287942147134,0.04132817990161661,4
cross_environment,cross_environment:V1:OV_V1_02_medium,V1,OV_V1_02_medium,normalized_empirical_blend_0.50,constant,ACI,calibration_only,0.1,0.9,1522,0.9467805519053877,0.04678055190538766,-4.965213983345229,-3.0600170424821025,-4.663831968967412,2.8445172574520865,0.08519325368938886,23
cross_environment,cross_environment:V1:OV_V1_02_medium,V1,OV_V1_02_medium,normalized_empirical_blend_0.50,constant,AgACI-EWA,calibration_only,0.1,0.9,1522,0.9645203679369251,0.06452036793692506,-5.158277373713402,-3.9027593229671704,-5.07853475518241,2.484215513801553,0.06592410400562235,2
cross_environment,cross_environment:V1:OV_V1_02_medium,V1,OV_V1_02_medium,normalized_empirical_blend_0.50,constant,ACI,recent_100,0.1,0.9,1522,0.8587385019710907,0.04126149802890933,-4.949716611584128,-3.625794608590889,-4.822833190431926,2.663958075123673,0.09458186929023196,28
cross_environment,cross_environment:V1:OV_V1_02_medium,V1,OV_V1_02_medium,normalized_empirical_blend_0.50,constant,AgACI-EWA,recent_100,0.1,0.9,1522,0.8613666228646518,0.0386333771353482,-5.0549724858443685,-3.6680195925403187,-4.962531384812508,2.5585899416924733,0.10264933239634587,28
cross_environment,cross_environment:V1:OV_V1_02_medium,V1,OV_V1_02_medium,normalized_empirical_blend_0.50,constant,ACI,recent_300,0.1,0.9,1522,0.9034165571616294,0.0034165571616293633,-4.943432986801165,-3.4044581275672554,-4.731206725116768,2.7515313972229665,0.10637385804638105,41
cross_environment,cross_environment:V1:OV_V1_02_medium,V1,OV_V1_02_medium,normalized_empirical_blend_0.50,constant,AgACI-EWA,recent_300,0.1,0.9,1522,0.9145860709592641,0.014586070959264119,-5.060954835960321,-3.48584748182582,-4.976197700506644,2.556056433745038,0.07820098383696433,35
cross_environment,cross_environment:V1:OV_V1_02_medium,V1,OV_V1_02_medium,normalized_empirical_blend_0.50,loglinear_covariance,ACI,calibration_only,0.1,0.9,1522,0.9480946123521682,0.048094612352168165,-4.795315680311415,-2.835032890166127,-4.511469264106301,3.0467886041744983,0.07839775122979653,15
cross_environment,cross_environment:V1:OV_V1_02_medium,V1,OV_V1_02_medium,normalized_empirical_blend_0.50,loglinear_covariance,AgACI-EWA,calibration_only,0.1,0.9,1522,0.931011826544021,0.031011826544021015,-5.147830821727479,-3.912266504271304,-5.018475082348194,2.5584854109636344,0.04180604356992296,5
cross_environment,cross_environment:V1:OV_V1_02_medium,V1,OV_V1_02_medium,normalized_empirical_blend_0.50,loglinear_covariance,ACI,recent_100,0.1,0.9,1522,0.8830486202365309,0.016951379763469165,-4.85736933466759,-3.73697304356582,-4.742923675627862,2.760103259474344,0.0795291637385805,25
cross_environment,cross_environment:V1:OV_V1_02_medium,V1,OV_V1_02_medium,normalized_empirical_blend_0.50,loglinear_covariance,AgACI-EWA,recent_100,0.1,0.9,1522,0.8758212877792378,0.024178712220762177,-5.053360912608609,-3.804438130908147,-4.9255516124469025,2.6182518792351392,0.06904427266338722,25
cross_environment,cross_environment:V1:OV_V1_02_medium,V1,OV_V1_02_medium,normalized_empirical_blend_0.50,loglinear_covariance,ACI,recent_300,0.1,0.9,1522,0.9086727989487516,0.008672798948751614,-4.8397026728342905,-3.5944682004138206,-4.682449278040528,2.8166078745968486,0.10165846802529888,37
cross_environment,cross_environment:V1:OV_V1_02_medium,V1,OV_V1_02_medium,normalized_empirical_blend_0.50,loglinear_covariance,AgACI-EWA,recent_300,0.1,0.9,1522,0.9211563731931669,0.021156373193166877,-5.069485422138594,-3.711975016158723,-4.909974010970418,2.6292561562273313,0.06793394237526366,17
cross_environment,cross_environment:V1:OV_V1_02_medium,V1,OV_V1_02_medium,normalized_empirical_blend_0.50,loglinear_covariance_time,ACI,calibration_only,0.1,0.9,1522,0.9415243101182654,0.041524310118265406,-4.478499813706992,-3.1202955448070173,-4.308122194801643,3.1787363289792054,0.07264933239634601,16
cross_environment,cross_environment:V1:OV_V1_02_medium,V1,OV_V1_02_medium,normalized_empirical_blend_0.50,loglinear_covariance_time,AgACI-EWA,calibration_only,0.1,0.9,1522,0.923784494086728,0.023784494086728003,-4.85762002150436,-3.799120014085887,-4.84486452207895,2.698780530394182,0.042550948699929876,9
cross_environment,cross_environment:V1:OV_V1_02_medium,V1,OV_V1_02_medium,normalized_empirical_blend_0.50,loglinear_covariance_time,ACI,recent_100,0.1,0.9,1522,0.8830486202365309,0.016951379763469165,-4.523350481755516,-3.6394813059157833,-4.566473570354874,2.926516857527282,0.07580463808854539,25
cross_environment,cross_environment:V1:OV_V1_02_medium,V1,OV_V1_02_medium,normalized_empirical_blend_0.50,loglinear_covariance_time,AgACI-EWA,recent_100,0.1,0.9,1522,0.866622864651774,0.03337713534822606,-4.879297472785575,-3.7890255241965622,-4.851656316935294,2.6809843959886916,0.06942375263527754,25
cross_environment,cross_environment:V1:OV_V1_02_medium,V1,OV_V1_02_medium,normalized_empirical_blend_0.50,loglinear_covariance_time,ACI,recent_300,0.1,0.9,1522,0.9067017082785808,0.0067017082785807425,-4.62410748396189,-3.602965523861489,-4.5351059777090805,2.9330028502409493,0.07064652143359111,24
cross_environment,cross_environment:V1:OV_V1_02_medium,V1,OV_V1_02_medium,normalized_empirical_blend_0.50,loglinear_covariance_time,AgACI-EWA,recent_300,0.1,0.9,1522,0.9099868593955321,0.009986859395532122,-4.840926676841148,-3.696236080602292,-4.820048201737662,2.715277350093489,0.05366127898805344,16
cross_environment,cross_environment:V1:OV_V1_02_medium,V1,OV_V1_02_medium,normalized_empirical_blend_0.75,constant,ACI,calibration_only,0.1,0.9,1522,0.9520367936925098,0.0520367936925098,-4.756876937173308,-3.11456744110158,-4.638926674796127,3.089755059987508,0.08215038650737909,20
cross_environment,cross_environment:V1:OV_V1_02_medium,V1,OV_V1_02_medium,normalized_empirical_blend_0.75,constant,AgACI-EWA,calibration_only,0.1,0.9,1522,0.9651773981603153,0.06517739816031531,-5.211744755469239,-3.691699441053442,-5.075751874223789,2.6819632419476864,0.06397048489107564,2
cross_environment,cross_environment:V1:OV_V1_02_medium,V1,OV_V1_02_medium,normalized_empirical_blend_0.75,loglinear_covariance,ACI,calibration_only,0.1,0.9,1522,0.9533508541392904,0.053350854139290416,-4.493771846586305,-2.3083241827650887,-4.172931769624368,3.7269213734332904,0.08813773717498272,18
cross_environment,cross_environment:V1:OV_V1_02_medium,V1,OV_V1_02_medium,normalized_empirical_blend_0.75,loglinear_covariance,AgACI-EWA,calibration_only,0.1,0.9,1522,0.931011826544021,0.031011826544021015,-4.975480026966757,-3.8293916048890946,-4.900250301915502,2.894965524413562,0.0395783555867888,5
cross_environment,cross_environment:V1:OV_V1_02_medium,V1,OV_V1_02_medium,normalized_empirical_blend_0.75,loglinear_covariance_time,ACI,calibration_only,0.1,0.9,1522,0.9467805519053877,0.04678055190538766,-4.2349024916492475,-2.250120965430068,-3.9909606234942308,3.9142342891637916,0.08921995783555899,16
cross_environment,cross_environment:V1:OV_V1_02_medium,V1,OV_V1_02_medium,normalized_empirical_blend_0.75,loglinear_covariance_time,AgACI-EWA,calibration_only,0.1,0.9,1522,0.9231274638633377,0.02312746386333764,-4.763928298697936,-3.3994714634214636,-4.683520820704774,3.1166917211925735,0.03983134223471565,8
cross_environment,cross_environment:V1:OV_V1_03_difficult,V1,OV_V1_03_difficult,raw_openvins,constant,ACI,calibration_only,0.1,0.9,1895,0.9018469656992084,0.0018469656992083916,3.220987453803586,4.632617801603323,3.5021099729165326,144.91592011101508,0.10643652561247237,29
cross_environment,cross_environment:V1:OV_V1_03_difficult,V1,OV_V1_03_difficult,raw_openvins,constant,AgACI-EWA,calibration_only,0.1,0.9,1895,0.9102902374670184,0.010290237467018404,3.5985340323812736,4.754344902319959,3.5071089469953804,64.15725337705214,0.10329621380846346,43
cross_environment,cross_environment:V1:OV_V1_03_difficult,V1,OV_V1_03_difficult,raw_openvins,constant,ACI,recent_100,0.1,0.9,1895,0.8126649076517151,0.08733509234828496,3.492529716884029,4.9849374307580865,3.3337530174167282,36.540577617140244,0.18165367483296227,44
cross_environment,cross_environment:V1:OV_V1_03_difficult,V1,OV_V1_03_difficult,raw_openvins,constant,AgACI-EWA,recent_100,0.1,0.9,1895,0.7989445910290237,0.10105540897097631,3.196665706449565,4.8509431574368795,3.042876632010452,33.334124120502935,0.17141982182628077,33
cross_environment,cross_environment:V1:OV_V1_03_difficult,V1,OV_V1_03_difficult,raw_openvins,constant,ACI,recent_300,0.1,0.9,1895,0.8469656992084432,0.0530343007915568,4.0464040200726945,5.248191646852614,3.6590504687488505,40.4124001673032,0.17587416481069063,61
cross_environment,cross_environment:V1:OV_V1_03_difficult,V1,OV_V1_03_difficult,raw_openvins,constant,AgACI-EWA,recent_300,0.1,0.9,1895,0.8221635883905013,0.07783641160949872,3.1007602990288525,4.5910804908505884,2.898725909331934,31.713850552701132,0.1502672605790647,39
cross_environment,cross_environment:V1:OV_V1_03_difficult,V1,OV_V1_03_difficult,raw_openvins,loglinear_covariance,ACI,calibration_only,0.1,0.9,1895,0.9155672823218998,0.015567282321899745,5.134421143258852,7.325128033844547,4.978537069762083,97.70272339908757,0.09506681514476634,14
cross_environment,cross_environment:V1:OV_V1_03_difficult,V1,OV_V1_03_difficult,raw_openvins,loglinear_covariance,AgACI-EWA,calibration_only,0.1,0.9,1895,0.9129287598944591,0.012928759894459074,4.490652505336241,7.722872510622122,4.6716550416065195,124.02942690404575,0.05922048997772843,8
cross_environment,cross_environment:V1:OV_V1_03_difficult,V1,OV_V1_03_difficult,raw_openvins,loglinear_covariance,ACI,recent_100,0.1,0.9,1895,0.8918205804749341,0.008179419525065956,4.1033342368732555,7.758696485083605,4.473833396498687,67.14836232979337,0.07302338530066829,23
cross_environment,cross_environment:V1:OV_V1_03_difficult,V1,OV_V1_03_difficult,raw_openvins,loglinear_covariance,AgACI-EWA,recent_100,0.1,0.9,1895,0.8765171503957784,0.023482849604221645,3.6566108395490886,7.014473581749442,3.960580402195431,54.52773056571284,0.052772828507795154,16
cross_environment,cross_environment:V1:OV_V1_03_difficult,V1,OV_V1_03_difficult,raw_openvins,loglinear_covariance,ACI,recent_300,0.1,0.9,1895,0.895514511873351,0.004485488126649062,4.56283372075643,7.357745845750561,4.644462894154677,67.38223506230844,0.08625278396436546,20
cross_environment,cross_environment:V1:OV_V1_03_difficult,V1,OV_V1_03_difficult,raw_openvins,loglinear_covariance,AgACI-EWA,recent_300,0.1,0.9,1895,0.8939313984168865,0.006068601583113509,3.7286910397315083,6.560516217757786,3.896483855489025,50.10648142804955,0.05071269487750562,7
cross_environment,cross_environment:V1:OV_V1_03_difficult,V1,OV_V1_03_difficult,raw_openvins,loglinear_covariance_time,ACI,calibration_only,0.1,0.9,1895,0.9160949868073879,0.016094986807387857,5.090980667182508,7.333121673534274,4.955889993013773,95.11866956272087,0.09834075723830757,15
cross_environment,cross_environment:V1:OV_V1_03_difficult,V1,OV_V1_03_difficult,raw_openvins,loglinear_covariance_time,AgACI-EWA,calibration_only,0.1,0.9,1895,0.912401055408971,0.012401055408970962,4.408071744380457,7.419421881610748,4.529327220393861,115.4628272311006,0.05875278396436539,8
cross_environment,cross_environment:V1:OV_V1_03_difficult,V1,OV_V1_03_difficult,raw_openvins,loglinear_covariance_time,ACI,recent_100,0.1,0.9,1895,0.8928759894459103,0.0071240105540897325,4.068019899938239,7.72603777663462,4.451486709851789,67.26688537629926,0.07388084632516716,24
cross_environment,cross_environment:V1:OV_V1_03_difficult,V1,OV_V1_03_difficult,raw_openvins,loglinear_covariance_time,AgACI-EWA,recent_100,0.1,0.9,1895,0.8781002638522427,0.02189973614775731,3.6331798220983504,7.122680157468276,3.9679919410334126,54.99191830382312,0.053964365256124754,15
cross_environment,cross_environment:V1:OV_V1_03_difficult,V1,OV_V1_03_difficult,raw_openvins,loglinear_covariance_time,ACI,recent_300,0.1,0.9,1895,0.8965699208443272,0.0034300791556728383,4.484194022715245,7.473290802369257,4.645138636867426,68.01680007921006,0.08610801781737215,20
cross_environment,cross_environment:V1:OV_V1_03_difficult,V1,OV_V1_03_difficult,raw_openvins,loglinear_covariance_time,AgACI-EWA,recent_300,0.1,0.9,1895,0.8923482849604222,0.007651715039577844,3.742557699938331,6.621132967814325,3.903611070326168,50.51157298295868,0.051453229398663786,8
cross_environment,cross_environment:V1:OV_V1_03_difficult,V1,OV_V1_03_difficult,raw_openvins_fit_bias,constant,ACI,calibration_only,0.1,0.9,1895,0.8606860158311346,0.039313984168865446,3.3416624103852346,5.016383913471311,4.290792890344881,549.7255013179268,0.1359688195991093,36
cross_environment,cross_environment:V1:OV_V1_03_difficult,V1,OV_V1_03_difficult,raw_openvins_fit_bias,constant,AgACI-EWA,calibration_only,0.1,0.9,1895,0.8564643799472296,0.04353562005277045,4.019246638197927,4.72142773609877,4.092742779833666,202.0008369455109,0.17671492204899802,56
cross_environment,cross_environment:V1:OV_V1_03_difficult,V1,OV_V1_03_difficult,raw_openvins_fit_bias,loglinear_covariance,ACI,calibration_only,0.1,0.9,1895,0.9155672823218998,0.015567282321899745,4.824787048463877,6.834169289497183,4.753273434306018,60.59485632877069,0.08942650334075744,14
cross_environment,cross_environment:V1:OV_V1_03_difficult,V1,OV_V1_03_difficult,raw_openvins_fit_bias,loglinear_covariance,AgACI-EWA,calibration_only,0.1,0.9,1895,0.9102902374670184,0.010290237467018404,3.977123252213696,6.363715891718498,4.02671609228995,62.04527245083613,0.04253897550111368,11
cross_environment,cross_environment:V1:OV_V1_03_difficult,V1,OV_V1_03_difficult,raw_openvins_fit_bias,loglinear_covariance_time,ACI,calibration_only,0.1,0.9,1895,0.9155672823218998,0.015567282321899745,4.896715078433493,6.939979426998082,4.796344808817674,61.64240027367208,0.09060133630289553,14
cross_environment,cross_environment:V1:OV_V1_03_difficult,V1,OV_V1_03_difficult,raw_openvins_fit_bias,loglinear_covariance_time,AgACI-EWA,calibration_only,0.1,0.9,1895,0.9102902374670184,0.010290237467018404,4.084751628298692,6.3953892349588735,4.078934071331578,65.85571521568883,0.041403118040089185,10
cross_environment,cross_environment:V1:OV_V1_03_difficult,V1,OV_V1_03_difficult,diagonal_openvins,constant,ACI,calibration_only,0.1,0.9,1895,0.8970976253298153,0.0029023746701847264,1.4749887545084182,2.4701024353098346,1.4834602967819852,18.398284583948115,0.05714365256124726,16
cross_environment,cross_environment:V1:OV_V1_03_difficult,V1,OV_V1_03_difficult,diagonal_openvins,constant,AgACI-EWA,calibration_only,0.1,0.9,1895,0.8875989445910291,0.012401055408970962,0.9178847976977149,2.617956558543705,0.8634118305276086,16.269106197576292,0.03785634743875271,8
cross_environment,cross_environment:V1:OV_V1_03_difficult,V1,OV_V1_03_difficult,diagonal_openvins,loglinear_covariance,ACI,calibration_only,0.1,0.9,1895,0.9087071240105541,0.008707124010554068,1.5987780828324976,3.845783944542769,1.5314362612142758,21.8405601372901,0.06726057906458809,20
cross_environment,cross_environment:V1:OV_V1_03_difficult,V1,OV_V1_03_difficult,diagonal_openvins,loglinear_covariance,AgACI-EWA,calibration_only,0.1,0.9,1895,0.9050131926121372,0.005013192612137174,1.0384830934288978,3.554404989518461,0.9760462204191029,18.343834093464615,0.0313919821826281,8
cross_environment,cross_environment:V1:OV_V1_03_difficult,V1,OV_V1_03_difficult,diagonal_openvins,loglinear_covariance_time,ACI,calibration_only,0.1,0.9,1895,0.9055408970976253,0.005540897097625286,1.8155260184468087,4.389069265569911,1.7118540545945236,24.426086273777344,0.07214922048997785,21
cross_environment,cross_environment:V1:OV_V1_03_difficult,V1,OV_V1_03_difficult,diagonal_openvins,loglinear_covariance_time,AgACI-EWA,calibration_only,0.1,0.9,1895,0.903957783641161,0.00395778364116095,1.1846760014263804,3.7601895497113285,1.0536209943051849,19.112833536361293,0.030217149220490007,8
cross_environment,cross_environment:V1:OV_V1_03_difficult,V1,OV_V1_03_difficult,diagonal_openvins_fit_bias,constant,ACI,calibration_only,0.1,0.9,1895,0.8976253298153034,0.0023746701846966145,1.4088085669076413,2.6152558507868644,1.423740121014223,18.144692876896524,0.06522271714922057,25
cross_environment,cross_environment:V1:OV_V1_03_difficult,V1,OV_V1_03_difficult,diagonal_openvins_fit_bias,constant,AgACI-EWA,calibration_only,0.1,0.9,1895,0.8839050131926122,0.016094986807387857,0.8245007663398951,2.6480996336312863,0.7857418958318809,15.90339705975041,0.042650334075723814,10
cross_environment,cross_environment:V1:OV_V1_03_difficult,V1,OV_V1_03_difficult,diagonal_openvins_fit_bias,loglinear_covariance,ACI,calibration_only,0.1,0.9,1895,0.9145118733509234,0.01451187335092341,1.453317495295142,3.34686068914883,1.3214301250564404,19.80799161339265,0.07434855233853024,23
cross_environment,cross_environment:V1:OV_V1_03_difficult,V1,OV_V1_03_difficult,diagonal_openvins_fit_bias,loglinear_covariance,AgACI-EWA,calibration_only,0.1,0.9,1895,0.9092348284960422,0.00923482849604218,0.7813241080884339,3.1416269959035468,0.7909802951760692,17.356305968285177,0.0338307349665925,9
cross_environment,cross_environment:V1:OV_V1_03_difficult,V1,OV_V1_03_difficult,diagonal_openvins_fit_bias,loglinear_covariance_time,ACI,calibration_only,0.1,0.9,1895,0.9113456464379948,0.011345646437994739,1.580606703555441,3.6856800945974664,1.437991385394786,21.282238922820987,0.07809576837416496,23
cross_environment,cross_environment:V1:OV_V1_03_difficult,V1,OV_V1_03_difficult,diagonal_openvins_fit_bias,loglinear_covariance_time,AgACI-EWA,calibration_only,0.1,0.9,1895,0.9065963060686015,0.00659630606860151,0.8967922738731016,3.3741001988874855,0.8603951901383846,18.009818631759938,0.03304008908685973,9
cross_environment,cross_environment:V1:OV_V1_03_difficult,V1,OV_V1_03_difficult,standardized_correlation,constant,ACI,calibration_only,0.1,0.9,1895,0.9044854881266491,0.004485488126649062,-2.5505855889464977,-0.6686705528620356,-2.359387603285718,5.66768634464013,0.0708964365256126,23
cross_environment,cross_environment:V1:OV_V1_03_difficult,V1,OV_V1_03_difficult,standardized_correlation,constant,AgACI-EWA,calibration_only,0.1,0.9,1895,0.912401055408971,0.012401055408970962,-3.030446724682357,-1.3139616253060686,-2.7823705568643007,5.0681355271858415,0.04415924276169268,9
cross_environment,cross_environment:V1:OV_V1_03_difficult,V1,OV_V1_03_difficult,standardized_correlation,constant,ACI,recent_100,0.1,0.9,1895,0.8854881266490765,0.014511873350923521,-2.6960816458693664,0.507012469330155,-2.0854847446510867,6.856647529215804,0.07235523385300673,30
cross_environment,cross_environment:V1:OV_V1_03_difficult,V1,OV_V1_03_difficult,standardized_correlation,constant,AgACI-EWA,recent_100,0.1,0.9,1895,0.8796833773087072,0.020316622691292863,-3.0419614158865507,0.10097926045431135,-2.49580642450822,5.963615458215437,0.05512806236080173,20
cross_environment,cross_environment:V1:OV_V1_03_difficult,V1,OV_V1_03_difficult,standardized_correlation,constant,ACI,recent_300,0.1,0.9,1895,0.8860158311345646,0.013984168865435409,-2.656920244593489,0.3925513348638039,-2.0861613566741326,6.752134878672648,0.08533407572383082,25
cross_environment,cross_environment:V1:OV_V1_03_difficult,V1,OV_V1_03_difficult,standardized_correlation,constant,AgACI-EWA,recent_300,0.1,0.9,1895,0.8875989445910291,0.012401055408970962,-3.063105981231942,-0.2256133338896058,-2.6245582937428367,5.640013830846366,0.057572383073496686,13
cross_environment,cross_environment:V1:OV_V1_03_difficult,V1,OV_V1_03_difficult,standardized_correlation,loglinear_covariance,ACI,calibration_only,0.1,0.9,1895,0.9155672823218998,0.015567282321899745,-2.426853317543757,-1.3775581377881267,-2.3913779591720714,5.436055654139644,0.07726614699331867,19
cross_environment,cross_environment:V1:OV_V1_03_difficult,V1,OV_V1_03_difficult,standardized_correlation,loglinear_covariance,AgACI-EWA,calibration_only,0.1,0.9,1895,0.9150395778364117,0.015039577836411633,-2.9690572657858816,-1.092322779275517,-2.6820623640410406,5.231161835923808,0.035139198218262974,7
cross_environment,cross_environment:V1:OV_V1_03_difficult,V1,OV_V1_03_difficult,standardized_correlation,loglinear_covariance,ACI,recent_100,0.1,0.9,1895,0.8875989445910291,0.012401055408970962,-2.7447156383874836,0.12608269697340765,-2.2130735153685306,6.576713604608697,0.06946547884187096,21
cross_environment,cross_environment:V1:OV_V1_03_difficult,V1,OV_V1_03_difficult,standardized_correlation,loglinear_covariance,AgACI-EWA,recent_100,0.1,0.9,1895,0.8738786279683377,0.026121372031662315,-3.0474521258564558,-0.4240795273324165,-2.6077109755274854,5.60209549964237,0.0559910913140312,21
cross_environment,cross_environment:V1:OV_V1_03_difficult,V1,OV_V1_03_difficult,standardized_correlation,loglinear_covariance,ACI,recent_300,0.1,0.9,1895,0.8854881266490765,0.014511873350923521,-2.6824256143498157,-0.10416749810738256,-2.2494054129280903,6.1889577697204405,0.09374164810690437,26
cross_environment,cross_environment:V1:OV_V1_03_difficult,V1,OV_V1_03_difficult,standardized_correlation,loglinear_covariance,AgACI-EWA,recent_300,0.1,0.9,1895,0.8754617414248022,0.02453825857519787,-3.1148939882623967,-0.6863021256880297,-2.7296828157414166,5.382817708539718,0.06396993318485533,21
cross_environment,cross_environment:V1:OV_V1_03_difficult,V1,OV_V1_03_difficult,standardized_correlation,loglinear_covariance_time,ACI,calibration_only,0.1,0.9,1895,0.9145118733509234,0.01451187335092341,-2.505106379823734,-1.5855668009569626,-2.477616638410901,5.284264220040885,0.07494432071269502,15
cross_environment,cross_environment:V1:OV_V1_03_difficult,V1,OV_V1_03_difficult,standardized_correlation,loglinear_covariance_time,AgACI-EWA,calibration_only,0.1,0.9,1895,0.9129287598944591,0.012928759894459074,-2.926833148383899,-1.3568633240548973,-2.697468507674484,5.147632161825482,0.035907572383073676,9
cross_environment,cross_environment:V1:OV_V1_03_difficult,V1,OV_V1_03_difficult,standardized_correlation,loglinear_covariance_time,ACI,recent_100,0.1,0.9,1895,0.8944591029023746,0.005540897097625397,-2.667589334886303,-0.3527957189580989,-2.236039208055819,6.358685792962319,0.051982182628062444,14
cross_environment,cross_environment:V1:OV_V1_03_difficult,V1,OV_V1_03_difficult,standardized_correlation,loglinear_covariance_time,AgACI-EWA,recent_100,0.1,0.9,1895,0.8802110817941953,0.01978891820580475,-2.9498154008401283,-0.7176814477636857,-2.5997070650824607,5.540994549891802,0.043173719376391896,17
cross_environment,cross_environment:V1:OV_V1_03_difficult,V1,OV_V1_03_difficult,standardized_correlation,loglinear_covariance_time,ACI,recent_300,0.1,0.9,1895,0.8960422163588391,0.00395778364116095,-2.633896374537267,-0.4580103046708503,-2.312661151750387,5.986230933580217,0.0776113585746104,16
cross_environment,cross_environment:V1:OV_V1_03_difficult,V1,OV_V1_03_difficult,standardized_correlation,loglinear_covariance_time,AgACI-EWA,recent_300,0.1,0.9,1895,0.8881266490765172,0.01187335092348285,-3.0378419923522584,-1.0228377840417011,-2.7044826240144024,5.348916398168504,0.044086859688196076,17
cross_environment,cross_environment:V1:OV_V1_03_difficult,V1,OV_V1_03_difficult,whitened_correlation,constant,ACI,calibration_only,0.1,0.9,1895,0.9034300791556729,0.0034300791556728383,-3.350453734972061,-2.688682266149426,-3.2350525802084755,3.7800750573672497,0.0783853006681516,19
cross_environment,cross_environment:V1:OV_V1_03_difficult,V1,OV_V1_03_difficult,whitened_correlation,constant,AgACI-EWA,calibration_only,0.1,0.9,1895,0.9393139841688655,0.039313984168865446,-3.5543877417362113,-2.7753466724727445,-3.453796980443178,3.5381665535438036,0.04272271714922087,3
cross_environment,cross_environment:V1:OV_V1_03_difficult,V1,OV_V1_03_difficult,whitened_correlation,loglinear_covariance,ACI,calibration_only,0.1,0.9,1895,0.9139841688654353,0.013984168865435298,-3.238538966352478,-2.2033548151293165,-3.1016782655581614,3.9927357632571066,0.08442093541202689,23
cross_environment,cross_environment:V1:OV_V1_03_difficult,V1,OV_V1_03_difficult,whitened_correlation,loglinear_covariance,AgACI-EWA,calibration_only,0.1,0.9,1895,0.9324538258575198,0.03245382585751977,-3.5218133315489677,-2.7177470225366194,-3.401243718859755,3.6225158022813275,0.03282850779510064,3
cross_environment,cross_environment:V1:OV_V1_03_difficult,V1,OV_V1_03_difficult,whitened_correlation,loglinear_covariance_time,ACI,calibration_only,0.1,0.9,1895,0.9102902374670184,0.010290237467018404,-3.210993139632734,-2.3662210649908944,-3.130963020087527,3.9394058168449457,0.08822383073496672,23
cross_environment,cross_environment:V1:OV_V1_03_difficult,V1,OV_V1_03_difficult,whitened_correlation,loglinear_covariance_time,AgACI-EWA,calibration_only,0.1,0.9,1895,0.9240105540897098,0.024010554089709757,-3.497476556577788,-2.7145742387328626,-3.404324478219785,3.6104568096453575,0.033552338530067075,4
cross_environment,cross_environment:V1:OV_V1_03_difficult,V1,OV_V1_03_difficult,correlation_shrink_0.25,constant,ACI,calibration_only,0.1,0.9,1895,0.8970976253298153,0.0029023746701847264,1.997794215248497,2.8574411474118504,1.8843306592260276,21.093792840256985,0.0592984409799556,21
cross_environment,cross_environment:V1:OV_V1_03_difficult,V1,OV_V1_03_difficult,correlation_shrink_0.25,constant,AgACI-EWA,calibration_only,0.1,0.9,1895,0.8823218997361477,0.017678100263852303,1.248756007180738,2.8063126514763708,1.2074609899666908,18.194078390157244,0.04285077951002218,4
cross_environment,cross_environment:V1:OV_V1_03_difficult,V1,OV_V1_03_difficult,correlation_shrink_0.25,loglinear_covariance,ACI,calibration_only,0.1,0.9,1895,0.9139841688654353,0.013984168865435298,2.7753189574565695,5.604672584551604,2.8677162370514906,35.48440894886218,0.07208797327394223,12
cross_environment,cross_environment:V1:OV_V1_03_difficult,V1,OV_V1_03_difficult,correlation_shrink_0.25,loglinear_covariance,AgACI-EWA,calibration_only,0.1,0.9,1895,0.9029023746701847,0.0029023746701847264,1.762210080971938,4.584813932165212,1.7373034566201664,25.075782663090678,0.02838530066815153,10
cross_environment,cross_environment:V1:OV_V1_03_difficult,V1,OV_V1_03_difficult,correlation_shrink_0.25,loglinear_covariance_time,ACI,calibration_only,0.1,0.9,1895,0.912401055408971,0.012401055408970962,2.7810097211638123,5.855986942709715,2.857525908322012,36.35533227578766,0.07391425389755024,12
cross_environment,cross_environment:V1:OV_V1_03_difficult,V1,OV_V1_03_difficult,correlation_shrink_0.25,loglinear_covariance_time,AgACI-EWA,calibration_only,0.1,0.9,1895,0.9029023746701847,0.0029023746701847264,1.8447058028738699,5.2176819039663265,1.7727049613681425,26.793817629090917,0.028930957683741702,9
cross_environment,cross_environment:V1:OV_V1_03_difficult,V1,OV_V1_03_difficult,correlation_shrink_0.25_fit_bias,constant,ACI,calibration_only,0.1,0.9,1895,0.895514511873351,0.004485488126649062,1.8192269815698676,2.8978054044907613,1.819767652706001,20.775949733802445,0.07020044543429857,26
cross_environment,cross_environment:V1:OV_V1_03_difficult,V1,OV_V1_03_difficult,correlation_shrink_0.25_fit_bias,constant,AgACI-EWA,calibration_only,0.1,0.9,1895,0.8796833773087072,0.020316622691292863,1.2371108131064208,2.9207556653005846,1.1550333778998807,17.92258543738255,0.04824053452115814,10
cross_environment,cross_environment:V1:OV_V1_03_difficult,V1,OV_V1_03_difficult,correlation_shrink_0.25_fit_bias,loglinear_covariance,ACI,calibration_only,0.1,0.9,1895,0.9182058047493403,0.018205804749340304,2.998171119844839,5.761561904478611,2.917778719020346,36.936261063557616,0.0877060133630291,13
cross_environment,cross_environment:V1:OV_V1_03_difficult,V1,OV_V1_03_difficult,correlation_shrink_0.25_fit_bias,loglinear_covariance,AgACI-EWA,calibration_only,0.1,0.9,1895,0.9007915567282322,0.0007915567282321678,1.6277028002673468,5.155271920675603,1.6655781309185438,26.18370513583466,0.030378619153674867,10
cross_environment,cross_environment:V1:OV_V1_03_difficult,V1,OV_V1_03_difficult,correlation_shrink_0.25_fit_bias,loglinear_covariance_time,ACI,calibration_only,0.1,0.9,1895,0.9176781002638522,0.017678100263852192,2.647390242920748,5.419119131431517,2.66510523685695,33.59069385785257,0.08101336302895336,14
cross_environment,cross_environment:V1:OV_V1_03_difficult,V1,OV_V1_03_difficult,correlation_shrink_0.25_fit_bias,loglinear_covariance_time,AgACI-EWA,calibration_only,0.1,0.9,1895,0.903957783641161,0.00395778364116095,1.5431810378475728,5.112610203903,1.644628621588695,26.74465483440775,0.028769487750556842,8
cross_environment,cross_environment:V1:OV_V1_03_difficult,V1,OV_V1_03_difficult,correlation_shrink_0.50,constant,ACI,calibration_only,0.1,0.9,1895,0.8970976253298153,0.0029023746701847264,1.697009228909975,2.6461642248967885,1.6442869726002876,19.433584252938775,0.05687639198218273,17
cross_environment,cross_environment:V1:OV_V1_03_difficult,V1,OV_V1_03_difficult,correlation_shrink_0.50,constant,AgACI-EWA,calibration_only,0.1,0.9,1895,0.8844327176781003,0.015567282321899745,1.060145253610635,2.6924805194884978,0.9853733154336919,17.015966537775103,0.04094097995545649,6
cross_environment,cross_environment:V1:OV_V1_03_difficult,V1,OV_V1_03_difficult,correlation_shrink_0.50,loglinear_covariance,ACI,calibration_only,0.1,0.9,1895,0.9134564643799472,0.013456464379947186,2.1267865076828603,4.778743459527905,2.142488609513067,28.270267864744337,0.0752505567928732,13
cross_environment,cross_environment:V1:OV_V1_03_difficult,V1,OV_V1_03_difficult,correlation_shrink_0.50,loglinear_covariance,AgACI-EWA,calibration_only,0.1,0.9,1895,0.9023746701846965,0.0023746701846965035,1.3004075017124812,4.51559444691572,1.3256319540117332,22.861160065616293,0.03190979955456569,10
cross_environment,cross_environment:V1:OV_V1_03_difficult,V1,OV_V1_03_difficult,correlation_shrink_0.50,loglinear_covariance_time,ACI,calibration_only,0.1,0.9,1895,0.9076517150395779,0.007651715039577844,2.0151812762327204,3.6253563915389306,1.80892764269559,22.496443880755077,0.06901447661469945,16
cross_environment,cross_environment:V1:OV_V1_03_difficult,V1,OV_V1_03_difficult,correlation_shrink_0.50,loglinear_covariance_time,AgACI-EWA,calibration_only,0.1,0.9,1895,0.9050131926121372,0.005013192612137174,1.4879883897864659,3.50506243382864,1.166455895882776,19.29846073668341,0.029660356347438774,7
cross_environment,cross_environment:V1:OV_V1_03_difficult,V1,OV_V1_03_difficult,correlation_shrink_0.50_fit_bias,constant,ACI,calibration_only,0.1,0.9,1895,0.8976253298153034,0.0023746701846966145,1.5790282891302727,2.6663395474622513,1.5901867430803507,19.190661515275963,0.06637527839643663,25
cross_environment,cross_environment:V1:OV_V1_03_difficult,V1,OV_V1_03_difficult,correlation_shrink_0.50_fit_bias,constant,AgACI-EWA,calibration_only,0.1,0.9,1895,0.8849604221635884,0.015039577836411633,1.0464405977298963,2.718062637353987,0.9242409000607806,16.6703201678595,0.04351336302895323,10
cross_environment,cross_environment:V1:OV_V1_03_difficult,V1,OV_V1_03_difficult,correlation_shrink_0.50_fit_bias,loglinear_covariance,ACI,calibration_only,0.1,0.9,1895,0.9182058047493403,0.018205804749340304,1.9568753676545185,4.241513017983542,1.9190452679067738,25.066419977736363,0.08044543429844114,16
cross_environment,cross_environment:V1:OV_V1_03_difficult,V1,OV_V1_03_difficult,correlation_shrink_0.50_fit_bias,loglinear_covariance,AgACI-EWA,calibration_only,0.1,0.9,1895,0.9029023746701847,0.0029023746701847264,1.0881826523806044,4.308557823843272,1.134685839936005,21.65312408109659,0.03308463251670381,10
cross_environment,cross_environment:V1:OV_V1_03_difficult,V1,OV_V1_03_difficult,correlation_shrink_0.50_fit_bias,loglinear_covariance_time,ACI,calibration_only,0.1,0.9,1895,0.9134564643799472,0.013456464379947186,1.8322569104623536,3.5859251598661133,1.6329811789595265,21.221122113321226,0.07657572383073515,18
cross_environment,cross_environment:V1:OV_V1_03_difficult,V1,OV_V1_03_difficult,correlation_shrink_0.50_fit_bias,loglinear_covariance_time,AgACI-EWA,calibration_only,0.1,0.9,1895,0.9060686015831134,0.006068601583113398,1.1571919553961312,3.4019846113889285,0.9460126386098275,18.047730416053344,0.029599109131403196,7
cross_environment,cross_environment:V1:OV_V1_03_difficult,V1,OV_V1_03_difficult,correlation_shrink_0.75,constant,ACI,calibration_only,0.1,0.9,1895,0.8976253298153034,0.0023746701846966145,1.530105250462917,2.5095407775009577,1.50361894878901,18.514130412507374,0.056954342984409864,16
cross_environment,cross_environment:V1:OV_V1_03_difficult,V1,OV_V1_03_difficult,correlation_shrink_0.75,constant,AgACI-EWA,calibration_only,0.1,0.9,1895,0.8860158311345646,0.013984168865435409,0.9396944792574811,2.6388108098450576,0.8647143576028997,16.379065503353445,0.0404064587973273,8
cross_environment,cross_environment:V1:OV_V1_03_difficult,V1,OV_V1_03_difficult,correlation_shrink_0.75,loglinear_covariance,ACI,calibration_only,0.1,0.9,1895,0.9076517150395779,0.007651715039577844,1.592615641943695,3.003387600727989,1.3685131078070336,19.0222169915083,0.0647772828507796,16
cross_environment,cross_environment:V1:OV_V1_03_difficult,V1,OV_V1_03_difficult,correlation_shrink_0.75,loglinear_covariance,AgACI-EWA,calibration_only,0.1,0.9,1895,0.903957783641161,0.00395778364116095,1.0475916891670423,3.002337548685974,0.8163518951194002,16.693529552023122,0.0316258351893096,9
cross_environment,cross_environment:V1:OV_V1_03_difficult,V1,OV_V1_03_difficult,correlation_shrink_0.75,loglinear_covariance_time,ACI,calibration_only,0.1,0.9,1895,0.9029023746701847,0.0029023746701847264,1.883375333833941,3.5197737345142404,1.576818056401294,21.148946212611246,0.06889198218262814,18
cross_environment,cross_environment:V1:OV_V1_03_difficult,V1,OV_V1_03_difficult,correlation_shrink_0.75,loglinear_covariance_time,AgACI-EWA,calibration_only,0.1,0.9,1895,0.9029023746701847,0.0029023746701847264,1.38850765797131,3.4640048745512244,1.0962494389435034,18.86032325674641,0.03200445434298446,8
cross_environment,cross_environment:V1:OV_V1_03_difficult,V1,OV_V1_03_difficult,correlation_shrink_0.75_fit_bias,constant,ACI,calibration_only,0.1,0.9,1895,0.8981530343007915,0.0018469656992085026,1.4831601518844728,2.6272755999657393,1.477993617985996,18.47308153661855,0.06464922048997782,25
cross_environment,cross_environment:V1:OV_V1_03_difficult,V1,OV_V1_03_difficult,correlation_shrink_0.75_fit_bias,constant,AgACI-EWA,calibration_only,0.1,0.9,1895,0.8854881266490765,0.014511873350923521,0.884163101247216,2.663458723604707,0.8053508565693814,16.069511742744737,0.04268930957683739,10
cross_environment,cross_environment:V1:OV_V1_03_difficult,V1,OV_V1_03_difficult,correlation_shrink_0.75_fit_bias,loglinear_covariance,ACI,calibration_only,0.1,0.9,1895,0.9145118733509234,0.01451187335092341,1.3812261488918907,2.909385597979123,1.24154424948608,18.19068133966845,0.07137527839643674,19
cross_environment,cross_environment:V1:OV_V1_03_difficult,V1,OV_V1_03_difficult,correlation_shrink_0.75_fit_bias,loglinear_covariance,AgACI-EWA,calibration_only,0.1,0.9,1895,0.9092348284960422,0.00923482849604218,0.7189499876766607,2.965578798199525,0.6736658946558349,16.055194728100155,0.03252783964365267,8
cross_environment,cross_environment:V1:OV_V1_03_difficult,V1,OV_V1_03_difficult,correlation_shrink_0.75_fit_bias,loglinear_covariance_time,ACI,calibration_only,0.1,0.9,1895,0.9102902374670184,0.010290237467018404,1.7204168670719788,3.2967936847802455,1.4110856048202247,19.80081726188784,0.07663697104677082,22
cross_environment,cross_environment:V1:OV_V1_03_difficult,V1,OV_V1_03_difficult,correlation_shrink_0.75_fit_bias,loglinear_covariance_time,AgACI-EWA,calibration_only,0.1,0.9,1895,0.9065963060686015,0.00659630606860151,1.110018658201561,3.4369330981176214,0.922298602652795,17.90960161791508,0.0318652561247217,7
cross_environment,cross_environment:V1:OV_V1_03_difficult,V1,OV_V1_03_difficult,normalized_empirical_blend_0.25,constant,ACI,calibration_only,0.1,0.9,1895,0.9076517150395779,0.007651715039577844,-3.285495327318695,-2.7977036625332823,-3.3176672808015657,4.058551370322205,0.07253897550111377,15
cross_environment,cross_environment:V1:OV_V1_03_difficult,V1,OV_V1_03_difficult,normalized_empirical_blend_0.25,constant,AgACI-EWA,calibration_only,0.1,0.9,1895,0.9467018469656993,0.046701846965699234,-3.480208046200536,-2.8790471111547684,-3.491736854931261,3.837370115412313,0.04412583518931003,2
cross_environment,cross_environment:V1:OV_V1_03_difficult,V1,OV_V1_03_difficult,normalized_empirical_blend_0.25,loglinear_covariance,ACI,calibration_only,0.1,0.9,1895,0.9113456464379948,0.011345646437994739,-3.266459669773363,-2.574771050940416,-3.258472196992693,4.178506945746012,0.06884743875278415,12
cross_environment,cross_environment:V1:OV_V1_03_difficult,V1,OV_V1_03_difficult,normalized_empirical_blend_0.25,loglinear_covariance,AgACI-EWA,calibration_only,0.1,0.9,1895,0.9224274406332453,0.02242744063324531,-3.4353859476190083,-2.7457579990317145,-3.422666408490333,3.947489584163434,0.02500000000000036,4
cross_environment,cross_environment:V1:OV_V1_03_difficult,V1,OV_V1_03_difficult,normalized_empirical_blend_0.25,loglinear_covariance_time,ACI,calibration_only,0.1,0.9,1895,0.9087071240105541,0.008707124010554068,-2.940008901827577,-2.0475135424761377,-2.9553311995485014,4.645001202106683,0.07922605790645897,24
cross_environment,cross_environment:V1:OV_V1_03_difficult,V1,OV_V1_03_difficult,normalized_empirical_blend_0.25,loglinear_covariance_time,AgACI-EWA,calibration_only,0.1,0.9,1895,0.9213720316622691,0.021372031662269086,-3.2638171785384538,-2.3578331615631476,-3.2478801962553154,4.2120480093501085,0.033752783964365485,6
cross_environment,cross_environment:V1:OV_V1_03_difficult,V1,OV_V1_03_difficult,normalized_empirical_blend_0.50,constant,ACI,calibration_only,0.1,0.9,1895,0.9071240105540898,0.0071240105540897325,-3.292014386862479,-2.729895839919749,-3.3077718786848105,4.294213362715374,0.07744432071269501,13
cross_environment,cross_environment:V1:OV_V1_03_difficult,V1,OV_V1_03_difficult,normalized_empirical_blend_0.50,constant,AgACI-EWA,calibration_only,0.1,0.9,1895,0.9572559366754617,0.057255936675461694,-3.4363009602061156,-2.759085267977221,-3.4289890135719614,4.13653383316888,0.05985523385300708,2
cross_environment,cross_environment:V1:OV_V1_03_difficult,V1,OV_V1_03_difficult,normalized_empirical_blend_0.50,constant,ACI,recent_100,0.1,0.9,1895,0.8733509234828496,0.026649076517150427,-3.2899589238324793,-2.647808690551823,-3.2942720585533496,4.3203562591607625,0.1072995545657017,50
cross_environment,cross_environment:V1:OV_V1_03_difficult,V1,OV_V1_03_difficult,normalized_empirical_blend_0.50,constant,AgACI-EWA,recent_100,0.1,0.9,1895,0.8633245382585752,0.036675461741424775,-3.329461301226461,-2.7533935001669163,-3.3896746881313238,4.184218670161831,0.0970879732739422,33
cross_environment,cross_environment:V1:OV_V1_03_difficult,V1,OV_V1_03_difficult,normalized_empirical_blend_0.50,constant,ACI,recent_300,0.1,0.9,1895,0.8802110817941953,0.01978891820580475,-3.171302138825558,-2.7000389794936517,-3.2071674947562028,4.431428468294207,0.1275445434298443,34
cross_environment,cross_environment:V1:OV_V1_03_difficult,V1,OV_V1_03_difficult,normalized_empirical_blend_0.50,constant,AgACI-EWA,recent_300,0.1,0.9,1895,0.8759894459102903,0.024010554089709757,-3.3789245120628175,-2.8082595330615963,-3.4077914279779464,4.153801228390734,0.09146993318485531,27
cross_environment,cross_environment:V1:OV_V1_03_difficult,V1,OV_V1_03_difficult,normalized_empirical_blend_0.50,loglinear_covariance,ACI,calibration_only,0.1,0.9,1895,0.9097625329815303,0.009762532981530292,-3.134661644263115,-2.352884602373129,-3.1500798529690943,4.558234256704859,0.08182628062360826,25
cross_environment,cross_environment:V1:OV_V1_03_difficult,V1,OV_V1_03_difficult,normalized_empirical_blend_0.50,loglinear_covariance,AgACI-EWA,calibration_only,0.1,0.9,1895,0.925065963060686,0.02506596306068598,-3.3411166021916046,-2.5064783276657847,-3.3247537977455606,4.304627671196595,0.0335467706013366,5
cross_environment,cross_environment:V1:OV_V1_03_difficult,V1,OV_V1_03_difficult,normalized_empirical_blend_0.50,loglinear_covariance,ACI,recent_100,0.1,0.9,1895,0.8854881266490765,0.014511873350923521,-3.1428951838387444,-2.3660869617136737,-3.1543547271405656,4.5571165847988375,0.07500556792873062,20
cross_environment,cross_environment:V1:OV_V1_03_difficult,V1,OV_V1_03_difficult,normalized_empirical_blend_0.50,loglinear_covariance,AgACI-EWA,recent_100,0.1,0.9,1895,0.8796833773087072,0.020316622691292863,-3.283537229812568,-2.467145846063402,-3.282771799575773,4.364388551487569,0.06142538975501118,22
cross_environment,cross_environment:V1:OV_V1_03_difficult,V1,OV_V1_03_difficult,normalized_empirical_blend_0.50,loglinear_covariance,ACI,recent_300,0.1,0.9,1895,0.8944591029023746,0.005540897097625397,-3.0785861447397753,-2.3049580942449426,-3.083666601858704,4.659922125988471,0.11457126948775075,36
cross_environment,cross_environment:V1:OV_V1_03_difficult,V1,OV_V1_03_difficult,normalized_empirical_blend_0.50,loglinear_covariance,AgACI-EWA,recent_300,0.1,0.9,1895,0.8839050131926122,0.016094986807387857,-3.304668445055949,-2.565942616169762,-3.2968007576591725,4.335466405844419,0.06593541202672616,16
cross_environment,cross_environment:V1:OV_V1_03_difficult,V1,OV_V1_03_difficult,normalized_empirical_blend_0.50,loglinear_covariance_time,ACI,calibration_only,0.1,0.9,1895,0.9076517150395779,0.007651715039577844,-2.881559566262423,-1.630246804601819,-2.769966692194169,5.285854752254138,0.06923162583518946,23
cross_environment,cross_environment:V1:OV_V1_03_difficult,V1,OV_V1_03_difficult,normalized_empirical_blend_0.50,loglinear_covariance_time,AgACI-EWA,calibration_only,0.1,0.9,1895,0.9350923482849605,0.03509234828496044,-3.1125223687246057,-1.8422673882439475,-3.014971849334865,4.871341415981776,0.0444821826280627,6
cross_environment,cross_environment:V1:OV_V1_03_difficult,V1,OV_V1_03_difficult,normalized_empirical_blend_0.50,loglinear_covariance_time,ACI,recent_100,0.1,0.9,1895,0.8928759894459103,0.0071240105540897325,-2.92849925427058,-1.278067869123233,-2.7263021614813443,5.4412423863908055,0.07300111358574618,24
cross_environment,cross_environment:V1:OV_V1_03_difficult,V1,OV_V1_03_difficult,normalized_empirical_blend_0.50,loglinear_covariance_time,AgACI-EWA,recent_100,0.1,0.9,1895,0.8770448548812665,0.022955145118733533,-3.10746318441295,-1.558676696864259,-2.9379288293351253,5.04441762466517,0.058440979955456544,22
cross_environment,cross_environment:V1:OV_V1_03_difficult,V1,OV_V1_03_difficult,normalized_empirical_blend_0.50,loglinear_covariance_time,ACI,recent_300,0.1,0.9,1895,0.8960422163588391,0.00395778364116095,-2.8826996407217473,-1.2883239666183286,-2.686099587265299,5.502426831787378,0.09036748329621394,33
cross_environment,cross_environment:V1:OV_V1_03_difficult,V1,OV_V1_03_difficult,normalized_empirical_blend_0.50,loglinear_covariance_time,AgACI-EWA,recent_300,0.1,0.9,1895,0.8854881266490765,0.014511873350923521,-3.1600358698683646,-1.8568590849348776,-3.0237079892491496,4.847980142676059,0.05928173719376396,22
cross_environment,cross_environment:V1:OV_V1_03_difficult,V1,OV_V1_03_difficult,normalized_empirical_blend_0.75,constant,ACI,calibration_only,0.1,0.9,1895,0.9065963060686015,0.00659630606860151,-3.1220338970981496,-2.387514035285328,-3.0708916139579747,5.009229545578974,0.07920378619153697,29
cross_environment,cross_environment:V1:OV_V1_03_difficult,V1,OV_V1_03_difficult,normalized_empirical_blend_0.75,constant,AgACI-EWA,calibration_only,0.1,0.9,1895,0.9620052770448548,0.06200527704485481,-3.1788513096449424,-2.3799499485065945,-3.1793521488863736,4.860237769247236,0.06811804008908724,3
cross_environment,cross_environment:V1:OV_V1_03_difficult,V1,OV_V1_03_difficult,normalized_empirical_blend_0.75,loglinear_covariance,ACI,calibration_only,0.1,0.9,1895,0.9139841688654353,0.013984168865435298,-2.535402579739017,-1.4645585846850209,-2.570120411516302,6.061451986121552,0.08912026726057927,17
cross_environment,cross_environment:V1:OV_V1_03_difficult,V1,OV_V1_03_difficult,normalized_empirical_blend_0.75,loglinear_covariance,AgACI-EWA,calibration_only,0.1,0.9,1895,0.9203166226912929,0.020316622691292863,-2.9735416185926056,-1.6404464282102325,-2.8657684780219737,5.506953398180489,0.03713808463251696,6
cross_environment,cross_environment:V1:OV_V1_03_difficult,V1,OV_V1_03_difficult,normalized_empirical_blend_0.75,loglinear_covariance_time,ACI,calibration_only,0.1,0.9,1895,0.9160949868073879,0.016094986807387857,-2.677109846835112,-1.4791949949484375,-2.623934547406737,5.952897192971415,0.0910801781737196,24
cross_environment,cross_environment:V1:OV_V1_03_difficult,V1,OV_V1_03_difficult,normalized_empirical_blend_0.75,loglinear_covariance_time,AgACI-EWA,calibration_only,0.1,0.9,1895,0.9197889182058048,0.01978891820580475,-3.0486225185209195,-1.7602427304602752,-2.929853779240379,5.389191547834321,0.03184855233853029,5
cross_environment,cross_environment:V2:OV_V2_01_easy,V2,OV_V2_01_easy,raw_openvins,constant,ACI,calibration_only,0.1,0.9,2070,0.8391304347826087,0.060869565217391286,4.582017544950767,5.320036837354207,5.220324010698266,283.088548698661,0.08303906646372394,19
cross_environment,cross_environment:V2:OV_V2_01_easy,V2,OV_V2_01_easy,raw_openvins,constant,AgACI-EWA,calibration_only,0.1,0.9,2070,0.8797101449275362,0.020289855072463836,4.576799884576709,5.325742337005228,5.047816807851603,262.9760486712256,0.09486555048198904,10
cross_environment,cross_environment:V2:OV_V2_01_easy,V2,OV_V2_01_easy,raw_openvins,constant,ACI,recent_100,0.1,0.9,2070,0.808695652173913,0.09130434782608698,4.738408276388028,5.557971249540612,4.373367748192512,49.76632444918511,0.16106037544393714,61
cross_environment,cross_environment:V2:OV_V2_01_easy,V2,OV_V2_01_easy,raw_openvins,constant,AgACI-EWA,recent_100,0.1,0.9,2070,0.7932367149758454,0.10676328502415466,4.547944440479126,5.513313114342567,4.232027964502708,47.32037924129699,0.16741755454084223,51
cross_environment,cross_environment:V2:OV_V2_01_easy,V2,OV_V2_01_easy,raw_openvins,constant,ACI,recent_300,0.1,0.9,2070,0.8555555555555555,0.04444444444444451,4.747064310664043,5.531685452315087,4.4247803393977865,50.68171829905309,0.13427194317605284,41
cross_environment,cross_environment:V2:OV_V2_01_easy,V2,OV_V2_01_easy,raw_openvins,constant,AgACI-EWA,recent_300,0.1,0.9,2070,0.8260869565217391,0.07391304347826089,4.546869601624267,5.410809603854559,4.189564113616972,46.55738327042105,0.1368746829020802,32
cross_environment,cross_environment:V2:OV_V2_01_easy,V2,OV_V2_01_easy,raw_openvins,loglinear_covariance,ACI,calibration_only,0.1,0.9,2070,0.8961352657004831,0.0038647342995169476,4.735944986207394,5.764817749631779,4.392651744818046,51.415059674920116,0.014951801116184747,7
cross_environment,cross_environment:V2:OV_V2_01_easy,V2,OV_V2_01_easy,raw_openvins,loglinear_covariance,AgACI-EWA,calibration_only,0.1,0.9,2070,0.9314009661835749,0.03140096618357491,4.7297781942017245,5.748937363009592,4.373793729430218,50.73659481584506,0.03775748351090853,8
cross_environment,cross_environment:V2:OV_V2_01_easy,V2,OV_V2_01_easy,raw_openvins,loglinear_covariance,ACI,recent_100,0.1,0.9,2070,0.8845410628019323,0.01545893719806768,4.9264592792510316,6.016486152379561,4.572892881120927,54.890039432039494,0.06594622019279557,16
cross_environment,cross_environment:V2:OV_V2_01_easy,V2,OV_V2_01_easy,raw_openvins,loglinear_covariance,AgACI-EWA,recent_100,0.1,0.9,2070,0.8729468599033816,0.02705314009661841,4.805330109804003,5.794904109238426,4.448711665319125,52.16986126377777,0.06532724505327245,12
cross_environment,cross_environment:V2:OV_V2_01_easy,V2,OV_V2_01_easy,raw_openvins,loglinear_covariance,ACI,recent_300,0.1,0.9,2070,0.893719806763285,0.006280193236715026,4.961550449764443,6.077260194242153,4.595915105994647,55.35455036434197,0.0856062912227297,16
cross_environment,cross_environment:V2:OV_V2_01_easy,V2,OV_V2_01_easy,raw_openvins,loglinear_covariance,AgACI-EWA,recent_300,0.1,0.9,2070,0.8951690821256039,0.004830917874396157,4.802473302231171,5.7928707774675035,4.46333219118412,55.93023841558271,0.07045662100456633,12
cross_environment,cross_environment:V2:OV_V2_01_easy,V2,OV_V2_01_easy,raw_openvins,loglinear_covariance_time,ACI,calibration_only,0.1,0.9,2070,0.8956521739130435,0.004347826086956497,4.756391173518608,5.735868337879017,4.389937873717962,51.351122516768186,0.019746321664129922,7
cross_environment,cross_environment:V2:OV_V2_01_easy,V2,OV_V2_01_easy,raw_openvins,loglinear_covariance_time,AgACI-EWA,calibration_only,0.1,0.9,2070,0.9352657004830918,0.035265700483091744,4.772654268336788,5.718809472666229,4.379845902003952,50.931547703097685,0.039710806697108456,5
cross_environment,cross_environment:V2:OV_V2_01_easy,V2,OV_V2_01_easy,raw_openvins,loglinear_covariance_time,ACI,recent_100,0.1,0.9,2070,0.8772946859903382,0.022705314009661803,4.88748175132813,6.026206543612263,4.564474455377232,54.99700425631483,0.06150177574835112,25
cross_environment,cross_environment:V2:OV_V2_01_easy,V2,OV_V2_01_easy,raw_openvins,loglinear_covariance_time,AgACI-EWA,recent_100,0.1,0.9,2070,0.8657004830917875,0.034299516908212535,4.789895156485156,5.805144291156241,4.440005313216199,52.21962317705152,0.05971080669710802,18
cross_environment,cross_environment:V2:OV_V2_01_easy,V2,OV_V2_01_easy,raw_openvins,loglinear_covariance_time,ACI,recent_300,0.1,0.9,2070,0.8908212560386474,0.009178743961352653,4.989318082236732,6.131467878230516,4.613518399707281,56.10574934568978,0.08246575342465765,17
cross_environment,cross_environment:V2:OV_V2_01_easy,V2,OV_V2_01_easy,raw_openvins,loglinear_covariance_time,AgACI-EWA,recent_300,0.1,0.9,2070,0.8835748792270531,0.01642512077294689,4.80133303890619,5.768328965571642,4.433970443163632,52.116681483788334,0.05577371892440391,11
cross_environment,cross_environment:V2:OV_V2_01_easy,V2,OV_V2_01_easy,raw_openvins_fit_bias,constant,ACI,calibration_only,0.1,0.9,2070,0.8473429951690822,0.05265700483091784,4.085145300903183,5.539375377897723,5.127237506222908,493.6625941433862,0.11337899543378997,27
cross_environment,cross_environment:V2:OV_V2_01_easy,V2,OV_V2_01_easy,raw_openvins_fit_bias,constant,AgACI-EWA,calibration_only,0.1,0.9,2070,0.8652173913043478,0.034782608695652195,4.165416889752997,5.451417324658984,4.955411428343917,474.625853174842,0.08880771182141048,16
cross_environment,cross_environment:V2:OV_V2_01_easy,V2,OV_V2_01_easy,raw_openvins_fit_bias,loglinear_covariance,ACI,calibration_only,0.1,0.9,2070,0.8903381642512077,0.009661835748792313,4.3651601553268575,6.056768873155318,4.426925486093886,228.4445604768381,0.05196347031963478,15
cross_environment,cross_environment:V2:OV_V2_01_easy,V2,OV_V2_01_easy,raw_openvins_fit_bias,loglinear_covariance,AgACI-EWA,calibration_only,0.1,0.9,2070,0.9067632850241546,0.006763285024154575,4.455163476828673,5.964229078570266,4.2485370744836555,66.57600146474833,0.05235920852359222,10
cross_environment,cross_environment:V2:OV_V2_01_easy,V2,OV_V2_01_easy,raw_openvins_fit_bias,loglinear_covariance_time,ACI,calibration_only,0.1,0.9,2070,0.8903381642512077,0.009661835748792313,4.347578319912662,6.062796807503846,4.431473084742025,261.2355628806996,0.052526636225266446,15
cross_environment,cross_environment:V2:OV_V2_01_easy,V2,OV_V2_01_easy,raw_openvins_fit_bias,loglinear_covariance_time,AgACI-EWA,calibration_only,0.1,0.9,2070,0.9091787439613527,0.009178743961352653,4.44415463917798,5.959988113668473,4.248886728914622,69.31933612536236,0.052805682394723656,10
cross_environment,cross_environment:V2:OV_V2_01_easy,V2,OV_V2_01_easy,diagonal_openvins,constant,ACI,calibration_only,0.1,0.9,2070,0.7560386473429952,0.14396135265700483,3.057943145780854,5.043905184434487,3.1101059921284167,32.919610846259474,0.16231354642313534,22
cross_environment,cross_environment:V2:OV_V2_01_easy,V2,OV_V2_01_easy,diagonal_openvins,constant,AgACI-EWA,calibration_only,0.1,0.9,2070,0.7855072463768116,0.11449275362318845,3.1307260255031197,5.043024695807272,3.063825674806121,32.89660062416934,0.13876712328767107,17
cross_environment,cross_environment:V2:OV_V2_01_easy,V2,OV_V2_01_easy,diagonal_openvins,loglinear_covariance,ACI,calibration_only,0.1,0.9,2070,0.8932367149758454,0.006763285024154575,3.1459245003177196,4.939768514535024,3.1189974025168627,33.95501537767415,0.027595129375951304,10
cross_environment,cross_environment:V2:OV_V2_01_easy,V2,OV_V2_01_easy,diagonal_openvins,loglinear_covariance,AgACI-EWA,calibration_only,0.1,0.9,2070,0.908695652173913,0.008695652173912993,3.131470840996001,4.968601524243524,3.096703628540973,34.074901222411526,0.026473871131405525,10
cross_environment,cross_environment:V2:OV_V2_01_easy,V2,OV_V2_01_easy,diagonal_openvins,loglinear_covariance_time,ACI,calibration_only,0.1,0.9,2070,0.893719806763285,0.006280193236715026,3.1932645979753422,4.9298854542914015,3.1152503978920465,33.9750061944008,0.02815322171486556,10
cross_environment,cross_environment:V2:OV_V2_01_easy,V2,OV_V2_01_easy,diagonal_openvins,loglinear_covariance_time,AgACI-EWA,calibration_only,0.1,0.9,2070,0.9111111111111111,0.011111111111111072,3.142424609379389,4.937830090397276,3.084060346143631,33.97663946540895,0.02764079147640805,10
cross_environment,cross_environment:V2:OV_V2_01_easy,V2,OV_V2_01_easy,diagonal_openvins_fit_bias,constant,ACI,calibration_only,0.1,0.9,2070,0.7671497584541063,0.13285024154589375,3.0147758912313476,5.115782320017684,3.110704507210395,33.068664935738745,0.15049720953830528,22
cross_environment,cross_environment:V2:OV_V2_01_easy,V2,OV_V2_01_easy,diagonal_openvins_fit_bias,constant,AgACI-EWA,calibration_only,0.1,0.9,2070,0.7956521739130434,0.10434782608695659,3.088052400341259,5.099039729269369,3.082694417225471,33.01508508716888,0.1244596651445965,16
cross_environment,cross_environment:V2:OV_V2_01_easy,V2,OV_V2_01_easy,diagonal_openvins_fit_bias,loglinear_covariance,ACI,calibration_only,0.1,0.9,2070,0.8956521739130435,0.004347826086956497,3.0769119235778923,5.531786039523689,3.2348731110001316,36.75124333892684,0.02900050735667184,10
cross_environment,cross_environment:V2:OV_V2_01_easy,V2,OV_V2_01_easy,diagonal_openvins_fit_bias,loglinear_covariance,AgACI-EWA,calibration_only,0.1,0.9,2070,0.9207729468599034,0.020772946859903385,3.141702512939789,5.042104670910413,3.1507532200800017,34.36636448389518,0.03662100456621029,8
cross_environment,cross_environment:V2:OV_V2_01_easy,V2,OV_V2_01_easy,diagonal_openvins_fit_bias,loglinear_covariance_time,ACI,calibration_only,0.1,0.9,2070,0.8956521739130435,0.004347826086956497,3.0815067726489547,5.522799960957025,3.244935984063635,36.970248395241505,0.02885337392186716,10
cross_environment,cross_environment:V2:OV_V2_01_easy,V2,OV_V2_01_easy,diagonal_openvins_fit_bias,loglinear_covariance_time,AgACI-EWA,calibration_only,0.1,0.9,2070,0.921256038647343,0.021256038647342934,3.1367024824845444,5.070271815775847,3.1466794964392504,34.377099231609584,0.03699137493658068,8
cross_environment,cross_environment:V2:OV_V2_01_easy,V2,OV_V2_01_easy,standardized_correlation,constant,ACI,calibration_only,0.1,0.9,2070,0.8951690821256039,0.004830917874396157,1.9248203161070656,3.847225470963836,2.2308390684328825,5.2124312014393,0.054753932014206065,18
cross_environment,cross_environment:V2:OV_V2_01_easy,V2,OV_V2_01_easy,standardized_correlation,constant,AgACI-EWA,calibration_only,0.1,0.9,2070,0.9169082125603865,0.016908212560386437,2.0781602749311143,3.587995284978022,2.1074267237589623,4.887886966082391,0.04285134449518027,8
cross_environment,cross_environment:V2:OV_V2_01_easy,V2,OV_V2_01_easy,standardized_correlation,constant,ACI,recent_100,0.1,0.9,2070,0.8985507246376812,0.0014492753623188692,2.5813857036071615,3.5034776663831297,2.20484616306188,4.8195056740913955,0.07667174023338418,20
cross_environment,cross_environment:V2:OV_V2_01_easy,V2,OV_V2_01_easy,standardized_correlation,constant,AgACI-EWA,recent_100,0.1,0.9,2070,0.878743961352657,0.021256038647343045,2.1387433365725186,3.2951904264679284,1.9048386384941747,4.387579892761461,0.06825976661593101,20
cross_environment,cross_environment:V2:OV_V2_01_easy,V2,OV_V2_01_easy,standardized_correlation,constant,ACI,recent_300,0.1,0.9,2070,0.8990338164251208,0.0009661835748792091,2.5586431916478913,3.3871712817280017,2.246715207006021,4.839017378296891,0.08858447488584488,22
cross_environment,cross_environment:V2:OV_V2_01_easy,V2,OV_V2_01_easy,standardized_correlation,constant,AgACI-EWA,recent_300,0.1,0.9,2070,0.8864734299516909,0.01352657004830915,2.1353852060792295,3.1482945343274604,1.874493411958382,4.319614812866051,0.06271943176052765,20
cross_environment,cross_environment:V2:OV_V2_01_easy,V2,OV_V2_01_easy,standardized_correlation,loglinear_covariance,ACI,calibration_only,0.1,0.9,2070,0.8961352657004831,0.0038647342995169476,2.07285057413565,3.029893301195119,1.9780994189387913,4.473284583120489,0.06936073059360741,21
cross_environment,cross_environment:V2:OV_V2_01_easy,V2,OV_V2_01_easy,standardized_correlation,loglinear_covariance,AgACI-EWA,calibration_only,0.1,0.9,2070,0.921256038647343,0.021256038647342934,1.8265235675867195,3.2656182499978654,1.8504221241872019,4.625601674995425,0.04773211567732135,9
cross_environment,cross_environment:V2:OV_V2_01_easy,V2,OV_V2_01_easy,standardized_correlation,loglinear_covariance,ACI,recent_100,0.1,0.9,2070,0.8975845410628019,0.0024154589371980784,2.3246319670309994,3.2907796358275903,2.0295629750001094,4.558561369892162,0.0818975139523086,19
cross_environment,cross_environment:V2:OV_V2_01_easy,V2,OV_V2_01_easy,standardized_correlation,loglinear_covariance,AgACI-EWA,recent_100,0.1,0.9,2070,0.8739130434782608,0.026086956521739202,1.947029539299848,3.018414192501878,1.7546622571053065,4.17780789382287,0.07907153729071541,19
cross_environment,cross_environment:V2:OV_V2_01_easy,V2,OV_V2_01_easy,standardized_correlation,loglinear_covariance,ACI,recent_300,0.1,0.9,2070,0.8975845410628019,0.0024154589371980784,2.453538843630861,3.281755157793108,2.1350202270759704,4.671864834619204,0.09308980213089815,22
cross_environment,cross_environment:V2:OV_V2_01_easy,V2,OV_V2_01_easy,standardized_correlation,loglinear_covariance,AgACI-EWA,recent_300,0.1,0.9,2070,0.8884057971014493,0.011594202898550732,1.9637475760415521,3.0204034971037,1.7483200664144471,4.142240329359767,0.07090309487569768,20
cross_environment,cross_environment:V2:OV_V2_01_easy,V2,OV_V2_01_easy,standardized_correlation,loglinear_covariance_time,ACI,calibration_only,0.1,0.9,2070,0.8961352657004831,0.0038647342995169476,2.086291361561484,3.028154593893053,1.9883814725804303,4.492517334199991,0.06979198376458662,21
cross_environment,cross_environment:V2:OV_V2_01_easy,V2,OV_V2_01_easy,standardized_correlation,loglinear_covariance_time,AgACI-EWA,calibration_only,0.1,0.9,2070,0.9173913043478261,0.017391304347826098,1.8859054074977675,3.280260538941346,1.8891662540114684,4.631863587810972,0.04578893962455622,10
cross_environment,cross_environment:V2:OV_V2_01_easy,V2,OV_V2_01_easy,standardized_correlation,loglinear_covariance_time,ACI,recent_100,0.1,0.9,2070,0.8980676328502415,0.0019323671497585293,2.3593598340476505,3.327928007272488,2.063091754775156,4.6057631724990715,0.08116692034500265,20
cross_environment,cross_environment:V2:OV_V2_01_easy,V2,OV_V2_01_easy,standardized_correlation,loglinear_covariance_time,AgACI-EWA,recent_100,0.1,0.9,2070,0.8739130434782608,0.026086956521739202,1.9910254813624213,3.033843750817117,1.7701646604188725,4.203743108262194,0.07889396245560634,19
cross_environment,cross_environment:V2:OV_V2_01_easy,V2,OV_V2_01_easy,standardized_correlation,loglinear_covariance_time,ACI,recent_300,0.1,0.9,2070,0.8975845410628019,0.0024154589371980784,2.4572984423277324,3.276983630905797,2.1529879884139143,4.694994381204069,0.09447995941146639,23
cross_environment,cross_environment:V2:OV_V2_01_easy,V2,OV_V2_01_easy,standardized_correlation,loglinear_covariance_time,AgACI-EWA,recent_300,0.1,0.9,2070,0.8888888888888888,0.011111111111111183,1.9440280467203404,3.04162505944726,1.761721684691253,4.162873643257902,0.07073566717402341,20
cross_environment,cross_environment:V2:OV_V2_01_easy,V2,OV_V2_01_easy,whitened_correlation,constant,ACI,calibration_only,0.1,0.9,2070,0.8632850241545894,0.03671497584541061,5.153440792194119,6.416347327770665,5.788917937597615,24.924767229706763,0.09148655504819894,27
cross_environment,cross_environment:V2:OV_V2_01_easy,V2,OV_V2_01_easy,whitened_correlation,constant,AgACI-EWA,calibration_only,0.1,0.9,2070,0.9082125603864735,0.008212560386473444,5.358968041676575,6.438721666343747,5.434970425305778,15.283893766297776,0.0641298833079656,17
cross_environment,cross_environment:V2:OV_V2_01_easy,V2,OV_V2_01_easy,whitened_correlation,loglinear_covariance,ACI,calibration_only,0.1,0.9,2070,0.9,0.0,5.53633951367026,6.390036925174959,5.1883829492309195,4.631869548705174,0.08689497716894994,34
cross_environment,cross_environment:V2:OV_V2_01_easy,V2,OV_V2_01_easy,whitened_correlation,loglinear_covariance,AgACI-EWA,calibration_only,0.1,0.9,2070,0.9400966183574879,0.0400966183574879,5.219874838372892,6.44406525446086,4.984121830273939,5.30133942126135,0.05432775240994445,8
cross_environment,cross_environment:V2:OV_V2_01_easy,V2,OV_V2_01_easy,whitened_correlation,loglinear_covariance_time,ACI,calibration_only,0.1,0.9,2070,0.9,0.0,5.532353162500613,6.386258157440873,5.185165980704969,4.627876373225515,0.0872704211060377,34
cross_environment,cross_environment:V2:OV_V2_01_easy,V2,OV_V2_01_easy,whitened_correlation,loglinear_covariance_time,AgACI-EWA,calibration_only,0.1,0.9,2070,0.9410628019323671,0.04106280193236711,5.2599603658446865,6.44749228411808,4.994703078660976,5.301821994202873,0.055804160324708516,11
cross_environment,cross_environment:V2:OV_V2_01_easy,V2,OV_V2_01_easy,correlation_shrink_0.25,constant,ACI,calibration_only,0.1,0.9,2070,0.7338164251207729,0.16618357487922708,3.510123906924642,5.138767002438229,3.3538895515894613,35.845820371419045,0.189370877727042,34
cross_environment,cross_environment:V2:OV_V2_01_easy,V2,OV_V2_01_easy,correlation_shrink_0.25,constant,AgACI-EWA,calibration_only,0.1,0.9,2070,0.7676328502415459,0.1323671497584541,3.607050427239492,5.105400703153036,3.3080158444513037,35.69810856501844,0.1526534753932013,34
cross_environment,cross_environment:V2:OV_V2_01_easy,V2,OV_V2_01_easy,correlation_shrink_0.25,loglinear_covariance,ACI,calibration_only,0.1,0.9,2070,0.7260869565217392,0.17391304347826086,3.4072176644854357,4.519325598086634,3.195939748978155,33.58623380126018,0.19591070522577367,53
cross_environment,cross_environment:V2:OV_V2_01_easy,V2,OV_V2_01_easy,correlation_shrink_0.25,loglinear_covariance,AgACI-EWA,calibration_only,0.1,0.9,2070,0.751207729468599,0.14879227053140098,3.4096086083011734,4.5814655767080845,3.114214559341624,33.13582740853551,0.1932572298325724,53
cross_environment,cross_environment:V2:OV_V2_01_easy,V2,OV_V2_01_easy,correlation_shrink_0.25,loglinear_covariance_time,ACI,calibration_only,0.1,0.9,2070,0.8560386473429952,0.04396135265700485,3.4675081262536587,5.012462360129337,3.375758788408498,36.492229458750046,0.06559614408929466,8
cross_environment,cross_environment:V2:OV_V2_01_easy,V2,OV_V2_01_easy,correlation_shrink_0.25,loglinear_covariance_time,AgACI-EWA,calibration_only,0.1,0.9,2070,0.8835748792270531,0.01642512077294689,3.4714765760368635,5.034232379145501,3.3278743911362683,36.22791226877708,0.06593099949264335,11
cross_environment,cross_environment:V2:OV_V2_01_easy,V2,OV_V2_01_easy,correlation_shrink_0.25_fit_bias,constant,ACI,calibration_only,0.1,0.9,2070,0.7579710144927536,0.1420289855072464,3.448621608367337,5.167519888821951,3.3648691149870746,36.06472372949916,0.16580923389142552,33
cross_environment,cross_environment:V2:OV_V2_01_easy,V2,OV_V2_01_easy,correlation_shrink_0.25_fit_bias,constant,AgACI-EWA,calibration_only,0.1,0.9,2070,0.8009661835748793,0.09903381642512077,3.572456916606157,5.170757909163091,3.341978807466049,36.227177390174056,0.12347539320142047,33
cross_environment,cross_environment:V2:OV_V2_01_easy,V2,OV_V2_01_easy,correlation_shrink_0.25_fit_bias,loglinear_covariance,ACI,calibration_only,0.1,0.9,2070,0.6826086956521739,0.21739130434782616,3.4180449902913814,4.353964350649929,3.1393037515142885,32.51538305648332,0.24391679350583453,81
cross_environment,cross_environment:V2:OV_V2_01_easy,V2,OV_V2_01_easy,correlation_shrink_0.25_fit_bias,loglinear_covariance,AgACI-EWA,calibration_only,0.1,0.9,2070,0.6903381642512078,0.20966183574879227,3.452981998104516,4.393511189202362,3.0530827447993927,32.06514778228761,0.2526788432267885,80
cross_environment,cross_environment:V2:OV_V2_01_easy,V2,OV_V2_01_easy,correlation_shrink_0.25_fit_bias,loglinear_covariance_time,ACI,calibration_only,0.1,0.9,2070,0.6922705314009662,0.20772946859903385,3.4214377805010727,4.440352623838732,3.1800628483056896,33.017303042722524,0.22319127346524603,71
cross_environment,cross_environment:V2:OV_V2_01_easy,V2,OV_V2_01_easy,correlation_shrink_0.25_fit_bias,loglinear_covariance_time,AgACI-EWA,calibration_only,0.1,0.9,2070,0.6975845410628019,0.20241545893719814,3.458656780304201,4.506754353947964,3.0896477018234383,32.54746280097053,0.22912734652460687,72
cross_environment,cross_environment:V2:OV_V2_01_easy,V2,OV_V2_01_easy,correlation_shrink_0.50,constant,ACI,calibration_only,0.1,0.9,2070,0.744927536231884,0.155072463768116,3.186519346792749,5.095675263800278,3.2010065149783573,34.029403053436425,0.1750481988838152,23
cross_environment,cross_environment:V2:OV_V2_01_easy,V2,OV_V2_01_easy,correlation_shrink_0.50,constant,AgACI-EWA,calibration_only,0.1,0.9,2070,0.7758454106280194,0.12415458937198065,3.3028718482947603,5.090460941205827,3.176969327932996,34.24585735512881,0.15190766108574313,23
cross_environment,cross_environment:V2:OV_V2_01_easy,V2,OV_V2_01_easy,correlation_shrink_0.50,loglinear_covariance,ACI,calibration_only,0.1,0.9,2070,0.8884057971014493,0.011594202898550732,3.252274979085211,5.0740239740499975,3.263008385321587,36.28145564003182,0.03523084728564178,10
cross_environment,cross_environment:V2:OV_V2_01_easy,V2,OV_V2_01_easy,correlation_shrink_0.50,loglinear_covariance,AgACI-EWA,calibration_only,0.1,0.9,2070,0.9260869565217391,0.02608695652173909,3.33491513403047,5.038633102115526,3.2174806603698007,35.60545030677229,0.03570776255707791,10
cross_environment,cross_environment:V2:OV_V2_01_easy,V2,OV_V2_01_easy,correlation_shrink_0.50,loglinear_covariance_time,ACI,calibration_only,0.1,0.9,2070,0.8893719806763285,0.010628019323671523,3.2482290883311435,5.008433712062738,3.2304986187538183,35.70775669276545,0.03364789446981224,10
cross_environment,cross_environment:V2:OV_V2_01_easy,V2,OV_V2_01_easy,correlation_shrink_0.50,loglinear_covariance_time,AgACI-EWA,calibration_only,0.1,0.9,2070,0.9193236714975845,0.019323671497584516,3.3026836184166974,4.979551784767102,3.188641952503395,34.99054704235362,0.03170471841704737,9
cross_environment,cross_environment:V2:OV_V2_01_easy,V2,OV_V2_01_easy,correlation_shrink_0.50_fit_bias,constant,ACI,calibration_only,0.1,0.9,2070,0.7618357487922706,0.13816425120772946,3.132030297165464,5.147934591220286,3.20655851650038,34.209724563602926,0.15843226788432255,23
cross_environment,cross_environment:V2:OV_V2_01_easy,V2,OV_V2_01_easy,correlation_shrink_0.50_fit_bias,constant,AgACI-EWA,calibration_only,0.1,0.9,2070,0.8106280193236715,0.08937198067632857,3.3311792685009998,5.1079232618502175,3.2084607210131013,34.49484151757313,0.11776763064434283,17
cross_environment,cross_environment:V2:OV_V2_01_easy,V2,OV_V2_01_easy,correlation_shrink_0.50_fit_bias,loglinear_covariance,ACI,calibration_only,0.1,0.9,2070,0.8748792270531401,0.02512077294685988,3.228730612048537,5.204369087293275,3.280233092811768,36.45300017206377,0.04670725520040577,10
cross_environment,cross_environment:V2:OV_V2_01_easy,V2,OV_V2_01_easy,correlation_shrink_0.50_fit_bias,loglinear_covariance,AgACI-EWA,calibration_only,0.1,0.9,2070,0.9130434782608695,0.01304347826086949,3.2581600316587105,5.076676669136158,3.217011690722631,35.45054861105196,0.03429731100963996,10
cross_environment,cross_environment:V2:OV_V2_01_easy,V2,OV_V2_01_easy,correlation_shrink_0.50_fit_bias,loglinear_covariance_time,ACI,calibration_only,0.1,0.9,2070,0.878743961352657,0.021256038647343045,3.178430624437911,5.214950636464974,3.25574724407834,36.21164088322535,0.04324200913241998,10
cross_environment,cross_environment:V2:OV_V2_01_easy,V2,OV_V2_01_easy,correlation_shrink_0.50_fit_bias,loglinear_covariance_time,AgACI-EWA,calibration_only,0.1,0.9,2070,0.9135265700483092,0.01352657004830915,3.2466350793060235,5.023879509077952,3.2224522904203945,35.38100434317709,0.03366311516996468,10
cross_environment,cross_environment:V2:OV_V2_01_easy,V2,OV_V2_01_easy,correlation_shrink_0.75,constant,ACI,calibration_only,0.1,0.9,2070,0.751207729468599,0.14879227053140098,3.0890081777162415,5.063195634529148,3.1421153900794527,33.28910924876407,0.16728564180618963,22
cross_environment,cross_environment:V2:OV_V2_01_easy,V2,OV_V2_01_easy,correlation_shrink_0.75,constant,AgACI-EWA,calibration_only,0.1,0.9,2070,0.7797101449275362,0.12028985507246381,3.1625399046911333,5.063275759375204,3.1025022731534446,33.339381774817646,0.14263825469304908,23
cross_environment,cross_environment:V2:OV_V2_01_easy,V2,OV_V2_01_easy,correlation_shrink_0.75,loglinear_covariance,ACI,calibration_only,0.1,0.9,2070,0.8913043478260869,0.008695652173913104,3.22567353826299,4.892490429375945,3.1495553816253823,34.4896709932629,0.03187214611872145,9
cross_environment,cross_environment:V2:OV_V2_01_easy,V2,OV_V2_01_easy,correlation_shrink_0.75,loglinear_covariance,AgACI-EWA,calibration_only,0.1,0.9,2070,0.914975845410628,0.01497584541062802,3.2610844510274637,4.898747940209881,3.138077174037968,34.20749268409896,0.03291222729578908,9
cross_environment,cross_environment:V2:OV_V2_01_easy,V2,OV_V2_01_easy,correlation_shrink_0.75,loglinear_covariance_time,ACI,calibration_only,0.1,0.9,2070,0.8922705314009662,0.007729468599033784,3.1979769189559244,4.955523907415486,3.1365704116527113,34.38532184350262,0.03005580923389143,10
cross_environment,cross_environment:V2:OV_V2_01_easy,V2,OV_V2_01_easy,correlation_shrink_0.75,loglinear_covariance_time,AgACI-EWA,calibration_only,0.1,0.9,2070,0.9173913043478261,0.017391304347826098,3.1605764362420894,4.952377725400955,3.101388279728162,34.07321240186638,0.03433282597666174,10
cross_environment,cross_environment:V2:OV_V2_01_easy,V2,OV_V2_01_easy,correlation_shrink_0.75_fit_bias,constant,ACI,calibration_only,0.1,0.9,2070,0.7652173913043478,0.13478260869565217,3.050033863927675,5.124341041630537,3.1404774975067475,33.43328061874541,0.15261288685946206,22
cross_environment,cross_environment:V2:OV_V2_01_easy,V2,OV_V2_01_easy,correlation_shrink_0.75_fit_bias,constant,AgACI-EWA,calibration_only,0.1,0.9,2070,0.7966183574879228,0.10338164251207727,3.1451487636467164,5.098309356995165,3.112032951615157,33.37648125518028,0.12517503805175023,16
cross_environment,cross_environment:V2:OV_V2_01_easy,V2,OV_V2_01_easy,correlation_shrink_0.75_fit_bias,loglinear_covariance,ACI,calibration_only,0.1,0.9,2070,0.8956521739130435,0.004347826086956497,3.177156244989484,5.559519988871437,3.3032168518932896,37.80730262516373,0.027727042110603856,9
cross_environment,cross_environment:V2:OV_V2_01_easy,V2,OV_V2_01_easy,correlation_shrink_0.75_fit_bias,loglinear_covariance,AgACI-EWA,calibration_only,0.1,0.9,2070,0.9231884057971015,0.023188405797101463,3.201714215750873,5.076167488993992,3.185997498601338,34.7782765093753,0.03723490613901595,8
cross_environment,cross_environment:V2:OV_V2_01_easy,V2,OV_V2_01_easy,correlation_shrink_0.75_fit_bias,loglinear_covariance_time,ACI,calibration_only,0.1,0.9,2070,0.8956521739130435,0.004347826086956497,3.168792080123592,5.577243372658705,3.308972282205969,38.01340212452503,0.027874175545408515,10
cross_environment,cross_environment:V2:OV_V2_01_easy,V2,OV_V2_01_easy,correlation_shrink_0.75_fit_bias,loglinear_covariance_time,AgACI-EWA,calibration_only,0.1,0.9,2070,0.9164251207729469,0.01642512077294689,3.21475286589979,5.048679823768056,3.193189801105819,34.77559904820819,0.03486047691527164,8
cross_environment,cross_environment:V2:OV_V2_01_easy,V2,OV_V2_01_easy,normalized_empirical_blend_0.25,constant,ACI,calibration_only,0.1,0.9,2070,0.9096618357487922,0.009661835748792202,-3.2764594715407527,-2.3790159959619883,-3.159759516695039,3.5928387995893445,0.07538305428716395,17
cross_environment,cross_environment:V2:OV_V2_01_easy,V2,OV_V2_01_easy,normalized_empirical_blend_0.25,constant,AgACI-EWA,calibration_only,0.1,0.9,2070,0.9304347826086956,0.030434782608695587,-3.3246338115486873,-2.4377967984885336,-3.3382715708201336,3.418201550991341,0.039939117199391444,11
cross_environment,cross_environment:V2:OV_V2_01_easy,V2,OV_V2_01_easy,normalized_empirical_blend_0.25,loglinear_covariance,ACI,calibration_only,0.1,0.9,2070,0.9154589371980676,0.015458937198067568,-3.21860477294139,-1.5136833353521508,-2.9607405243895393,3.994756000614067,0.0714003044140032,16
cross_environment,cross_environment:V2:OV_V2_01_easy,V2,OV_V2_01_easy,normalized_empirical_blend_0.25,loglinear_covariance,AgACI-EWA,calibration_only,0.1,0.9,2070,0.9183574879227053,0.018357487922705307,-3.2740585407391904,-2.3641830243240456,-3.28037162765524,3.5342908992659616,0.024327752409944444,4
cross_environment,cross_environment:V2:OV_V2_01_easy,V2,OV_V2_01_easy,normalized_empirical_blend_0.25,loglinear_covariance_time,ACI,calibration_only,0.1,0.9,2070,0.914975845410628,0.01497584541062802,-3.1941193947991144,-1.506544138723959,-2.95463847245413,4.013621476230279,0.07150684931506862,17
cross_environment,cross_environment:V2:OV_V2_01_easy,V2,OV_V2_01_easy,normalized_empirical_blend_0.25,loglinear_covariance_time,AgACI-EWA,calibration_only,0.1,0.9,2070,0.9178743961352657,0.017874396135265647,-3.2663416242953742,-2.3641239069239948,-3.275691045034765,3.546833396152379,0.024140030441400527,6
cross_environment,cross_environment:V2:OV_V2_01_easy,V2,OV_V2_01_easy,normalized_empirical_blend_0.50,constant,ACI,calibration_only,0.1,0.9,2070,0.9057971014492754,0.005797101449275366,-2.9201541509782953,-2.3565007316961077,-2.9213870766886303,4.096789886742193,0.07900558092338929,16
cross_environment,cross_environment:V2:OV_V2_01_easy,V2,OV_V2_01_easy,normalized_empirical_blend_0.50,constant,AgACI-EWA,calibration_only,0.1,0.9,2070,0.9318840579710145,0.03188405797101446,-3.0263924196701915,-2.3277338969906816,-3.1181441251531306,3.8899281358971036,0.04648909183155779,12
cross_environment,cross_environment:V2:OV_V2_01_easy,V2,OV_V2_01_easy,normalized_empirical_blend_0.50,constant,ACI,recent_100,0.1,0.9,2070,0.8391304347826087,0.060869565217391286,-2.794090336758102,-2.2482986704332784,-2.8750601489021923,4.172553849427588,0.1267732115677321,26
cross_environment,cross_environment:V2:OV_V2_01_easy,V2,OV_V2_01_easy,normalized_empirical_blend_0.50,constant,AgACI-EWA,recent_100,0.1,0.9,2070,0.8115942028985508,0.08840579710144925,-2.9359602097500663,-2.382668779042449,-3.0497718100381777,3.959138481732,0.13866057838660575,21
cross_environment,cross_environment:V2:OV_V2_01_easy,V2,OV_V2_01_easy,normalized_empirical_blend_0.50,constant,ACI,recent_300,0.1,0.9,2070,0.8835748792270531,0.01642512077294689,-2.7139992177548207,-2.240387322997464,-2.784083085165418,4.27811456630209,0.10925925925925943,34
cross_environment,cross_environment:V2:OV_V2_01_easy,V2,OV_V2_01_easy,normalized_empirical_blend_0.50,constant,AgACI-EWA,recent_300,0.1,0.9,2070,0.8855072463768116,0.01449275362318847,-2.949130507721301,-2.3841069026688677,-3.0530372141699065,3.9476610376850148,0.08355657026889911,17
cross_environment,cross_environment:V2:OV_V2_01_easy,V2,OV_V2_01_easy,normalized_empirical_blend_0.50,loglinear_covariance,ACI,calibration_only,0.1,0.9,2070,0.9140096618357488,0.01400966183574881,-3.0092305655895806,-1.6288552358238004,-2.799366862259946,4.434229753355791,0.07459665144596668,16
cross_environment,cross_environment:V2:OV_V2_01_easy,V2,OV_V2_01_easy,normalized_empirical_blend_0.50,loglinear_covariance,AgACI-EWA,calibration_only,0.1,0.9,2070,0.9222222222222223,0.022222222222222254,-3.055443618412728,-2.1331677171025567,-3.0656394879421445,4.02716424374256,0.03076610857432802,4
cross_environment,cross_environment:V2:OV_V2_01_easy,V2,OV_V2_01_easy,normalized_empirical_blend_0.50,loglinear_covariance,ACI,recent_100,0.1,0.9,2070,0.8497584541062801,0.050241545893719874,-2.8322207756464133,-2.2541400189625342,-2.879584179179062,4.221119440058461,0.11104515474378489,28
cross_environment,cross_environment:V2:OV_V2_01_easy,V2,OV_V2_01_easy,normalized_empirical_blend_0.50,loglinear_covariance,AgACI-EWA,recent_100,0.1,0.9,2070,0.8236714975845411,0.07632850241545897,-2.947590314982518,-2.3793167343853314,-3.0273965503440965,4.031481640186393,0.12235413495687468,19
cross_environment,cross_environment:V2:OV_V2_01_easy,V2,OV_V2_01_easy,normalized_empirical_blend_0.50,loglinear_covariance,ACI,recent_300,0.1,0.9,2070,0.8801932367149758,0.019806763285024176,-2.8319271670608472,-2.2628100384353025,-2.802330684011123,4.303725348012295,0.11072044647387123,31
cross_environment,cross_environment:V2:OV_V2_01_easy,V2,OV_V2_01_easy,normalized_empirical_blend_0.50,loglinear_covariance,AgACI-EWA,recent_300,0.1,0.9,2070,0.8826086956521739,0.017391304347826098,-3.0134614511583373,-2.3867586897542137,-3.074248201853428,3.973547610500056,0.08102486047691529,16
cross_environment,cross_environment:V2:OV_V2_01_easy,V2,OV_V2_01_easy,normalized_empirical_blend_0.50,loglinear_covariance_time,ACI,calibration_only,0.1,0.9,2070,0.9130434782608695,0.01304347826086949,-3.003625348425904,-1.6464964905617478,-2.7902416441814033,4.452361602354421,0.07455098934551004,16
cross_environment,cross_environment:V2:OV_V2_01_easy,V2,OV_V2_01_easy,normalized_empirical_blend_0.50,loglinear_covariance_time,AgACI-EWA,calibration_only,0.1,0.9,2070,0.9251207729468599,0.02512077294685988,-3.0404463907885733,-2.1569270364552744,-3.060509317209308,4.037165304671197,0.03188736681887397,6
cross_environment,cross_environment:V2:OV_V2_01_easy,V2,OV_V2_01_easy,normalized_empirical_blend_0.50,loglinear_covariance_time,ACI,recent_100,0.1,0.9,2070,0.8454106280193237,0.05458937198067637,-2.8423887767651372,-2.253076142846704,-2.8785186282800765,4.228507294919031,0.11558092338914258,28
cross_environment,cross_environment:V2:OV_V2_01_easy,V2,OV_V2_01_easy,normalized_empirical_blend_0.50,loglinear_covariance_time,AgACI-EWA,recent_100,0.1,0.9,2070,0.8207729468599034,0.07922705314009659,-2.9619082411294806,-2.379151207824203,-3.0277769505033674,4.0359444182356485,0.12685438863521056,22
cross_environment,cross_environment:V2:OV_V2_01_easy,V2,OV_V2_01_easy,normalized_empirical_blend_0.50,loglinear_covariance_time,ACI,recent_300,0.1,0.9,2070,0.8768115942028986,0.023188405797101463,-2.838644546223202,-2.2712459804071257,-2.8016564320618995,4.310238359137441,0.11300355149670228,31
cross_environment,cross_environment:V2:OV_V2_01_easy,V2,OV_V2_01_easy,normalized_empirical_blend_0.50,loglinear_covariance_time,AgACI-EWA,recent_300,0.1,0.9,2070,0.8758454106280193,0.024154589371980673,-3.0180868744774636,-2.3819230213099702,-3.0717595026306728,3.980747188008887,0.08262303399289703,16
cross_environment,cross_environment:V2:OV_V2_01_easy,V2,OV_V2_01_easy,normalized_empirical_blend_0.75,constant,ACI,calibration_only,0.1,0.9,2070,0.9,0.0,-2.4354290205140354,-1.8850794033098763,-2.4286832598580306,5.322505666756301,0.08030441400304424,18
cross_environment,cross_environment:V2:OV_V2_01_easy,V2,OV_V2_01_easy,normalized_empirical_blend_0.75,constant,AgACI-EWA,calibration_only,0.1,0.9,2070,0.9400966183574879,0.0400966183574879,-2.5265093198953785,-1.7767121754170554,-2.581790325561226,5.146098061285951,0.05112125824454619,13
cross_environment,cross_environment:V2:OV_V2_01_easy,V2,OV_V2_01_easy,normalized_empirical_blend_0.75,loglinear_covariance,ACI,calibration_only,0.1,0.9,2070,0.9106280193236715,0.010628019323671523,-2.4477471387234986,-1.6914582182729967,-2.375167088328476,5.534371587032919,0.07044647387113157,17
cross_environment,cross_environment:V2:OV_V2_01_easy,V2,OV_V2_01_easy,normalized_empirical_blend_0.75,loglinear_covariance,AgACI-EWA,calibration_only,0.1,0.9,2070,0.9516908212560387,0.05169082125603863,-2.4624602905433552,-1.6937620838781304,-2.56786415635475,5.2310721876624315,0.05210553018772235,5
cross_environment,cross_environment:V2:OV_V2_01_easy,V2,OV_V2_01_easy,normalized_empirical_blend_0.75,loglinear_covariance_time,ACI,calibration_only,0.1,0.9,2070,0.9096618357487922,0.009661835748792202,-2.4155318426128467,-1.7162601690642947,-2.3602630187771014,5.560508655765448,0.07102486047691542,18
cross_environment,cross_environment:V2:OV_V2_01_easy,V2,OV_V2_01_easy,normalized_empirical_blend_0.75,loglinear_covariance_time,AgACI-EWA,calibration_only,0.1,0.9,2070,0.9444444444444444,0.0444444444444444,-2.469659371130915,-1.6779237884942004,-2.563987239655091,5.243410787963726,0.049452054794520924,3
cross_environment,cross_environment:V2:OV_V2_02_medium,V2,OV_V2_02_medium,raw_openvins,constant,ACI,calibration_only,0.1,0.9,2249,0.8932859048465985,0.006714095153401489,3.1668397582088748,4.772462573268861,3.3932923605601815,48.4765429001783,0.07589302325581411,25
cross_environment,cross_environment:V2:OV_V2_02_medium,V2,OV_V2_02_medium,raw_openvins,constant,AgACI-EWA,calibration_only,0.1,0.9,2249,0.9017341040462428,0.001734104046242746,3.245677068352224,4.73924716574459,3.374615868087675,51.23378042359579,0.07149767441860481,29
cross_environment,cross_environment:V2:OV_V2_02_medium,V2,OV_V2_02_medium,raw_openvins,constant,ACI,recent_100,0.1,0.9,2249,0.8270342374388617,0.07296576256113829,3.678857344569753,4.813884246114011,3.453073653865458,37.20516305679751,0.17125581395348854,60
cross_environment,cross_environment:V2:OV_V2_02_medium,V2,OV_V2_02_medium,raw_openvins,constant,AgACI-EWA,recent_100,0.1,0.9,2249,0.8003557136505114,0.09964428634948863,3.3702256022905672,4.755728335628768,3.23863774006113,46.19239857647469,0.16266511627906988,60
cross_environment,cross_environment:V2:OV_V2_02_medium,V2,OV_V2_02_medium,raw_openvins,constant,ACI,recent_300,0.1,0.9,2249,0.8648288128056915,0.03517118719430856,4.106967842401593,4.815491017307379,3.7799604205407302,40.74417192759779,0.15086511627906993,51
cross_environment,cross_environment:V2:OV_V2_02_medium,V2,OV_V2_02_medium,raw_openvins,constant,AgACI-EWA,recent_300,0.1,0.9,2249,0.8385949310804802,0.0614050689195198,3.305951640898037,4.693893710334241,3.1754358529789593,34.10759390925509,0.12367441860465131,43
cross_environment,cross_environment:V2:OV_V2_02_medium,V2,OV_V2_02_medium,raw_openvins,loglinear_covariance,ACI,calibration_only,0.1,0.9,2249,0.8963983992885727,0.003601600711427344,4.246035387055837,6.033276089040854,4.128797983932636,54.33630428131305,0.04727441860465125,15
cross_environment,cross_environment:V2:OV_V2_02_medium,V2,OV_V2_02_medium,raw_openvins,loglinear_covariance,AgACI-EWA,calibration_only,0.1,0.9,2249,0.9026233881725211,0.0026233881725210573,4.424369878694707,6.157958256840042,4.28951454500576,56.571661664247166,0.06236279069767449,13
cross_environment,cross_environment:V2:OV_V2_02_medium,V2,OV_V2_02_medium,raw_openvins,loglinear_covariance,ACI,recent_100,0.1,0.9,2249,0.8968430413517119,0.003156958648288133,4.346937130114435,6.675263878266193,4.294026907482635,55.029479765512455,0.05529302325581405,29
cross_environment,cross_environment:V2:OV_V2_02_medium,V2,OV_V2_02_medium,raw_openvins,loglinear_covariance,AgACI-EWA,recent_100,0.1,0.9,2249,0.8852823477100934,0.014717652289906624,4.2543547824960175,6.343935924039875,4.1123199046643,85.5939160728246,0.052334883720930286,30
cross_environment,cross_environment:V2:OV_V2_02_medium,V2,OV_V2_02_medium,raw_openvins,loglinear_covariance,ACI,recent_300,0.1,0.9,2249,0.8977323254779902,0.0022676745220098216,4.465047627930719,6.478867436104918,4.3453933814386,54.421078637275016,0.06764651162790705,16
cross_environment,cross_environment:V2:OV_V2_02_medium,V2,OV_V2_02_medium,raw_openvins,loglinear_covariance,AgACI-EWA,recent_300,0.1,0.9,2249,0.8941751889728768,0.005824811027123178,4.307757635251891,6.280847439620656,4.180413833000032,97.7466131051166,0.0628697674418605,17
cross_environment,cross_environment:V2:OV_V2_02_medium,V2,OV_V2_02_medium,raw_openvins,loglinear_covariance_time,ACI,calibration_only,0.1,0.9,2249,0.8963983992885727,0.003601600711427344,4.405472244596696,5.995326202383625,4.193640647682593,50.941434541815845,0.055460465116279084,12
cross_environment,cross_environment:V2:OV_V2_02_medium,V2,OV_V2_02_medium,raw_openvins,loglinear_covariance_time,AgACI-EWA,calibration_only,0.1,0.9,2249,0.9008448199199645,0.0008448199199644346,4.143926823233187,6.0074012226399,4.0193339954058604,50.35303642453649,0.037720930232558174,13
cross_environment,cross_environment:V2:OV_V2_02_medium,V2,OV_V2_02_medium,raw_openvins,loglinear_covariance_time,ACI,recent_100,0.1,0.9,2249,0.897287683414851,0.0027123165851490327,4.430661386124685,6.679608546275175,4.433038483929335,122.48498323515533,0.053776744186046624,29
cross_environment,cross_environment:V2:OV_V2_02_medium,V2,OV_V2_02_medium,raw_openvins,loglinear_covariance_time,AgACI-EWA,recent_100,0.1,0.9,2249,0.8910626945309026,0.008937305469097434,4.336946680501013,6.5818248801161845,4.271659246502085,78.05650931539707,0.05861860465116282,28
cross_environment,cross_environment:V2:OV_V2_02_medium,V2,OV_V2_02_medium,raw_openvins,loglinear_covariance_time,ACI,recent_300,0.1,0.9,2249,0.8995108937305469,0.0004891062694530879,4.502366019806866,6.531925188441018,4.522195712829649,225.121663187355,0.06514883720930238,15
cross_environment,cross_environment:V2:OV_V2_02_medium,V2,OV_V2_02_medium,raw_openvins,loglinear_covariance_time,AgACI-EWA,recent_300,0.1,0.9,2249,0.8950644730991552,0.0049355269008448666,4.373840786082674,6.407983695414116,4.257175906570315,88.52771744051094,0.06398604651162791,15
cross_environment,cross_environment:V2:OV_V2_02_medium,V2,OV_V2_02_medium,raw_openvins_fit_bias,constant,ACI,calibration_only,0.1,0.9,2249,0.8030235660293463,0.0969764339706537,4.870923273289327,19.127065318236586,6.36567746350395,881.43300130593,0.1249255813953488,27
cross_environment,cross_environment:V2:OV_V2_02_medium,V2,OV_V2_02_medium,raw_openvins_fit_bias,constant,AgACI-EWA,calibration_only,0.1,0.9,2249,0.8061360604713206,0.09386393952867944,4.900808849591975,19.079842868430273,6.166563147365772,763.1904461213485,0.14076279069767444,23
cross_environment,cross_environment:V2:OV_V2_02_medium,V2,OV_V2_02_medium,raw_openvins_fit_bias,loglinear_covariance,ACI,calibration_only,0.1,0.9,2249,0.8897287683414851,0.010271231658514957,5.212775074435239,6.638437475752787,5.26048586836813,259.36073987607716,0.028483720930232558,14
cross_environment,cross_environment:V2:OV_V2_02_medium,V2,OV_V2_02_medium,raw_openvins_fit_bias,loglinear_covariance,AgACI-EWA,calibration_only,0.1,0.9,2249,0.8963983992885727,0.003601600711427344,5.574357711995489,6.865911446862658,5.403489358637078,90.90117994496218,0.055669767441860495,15
cross_environment,cross_environment:V2:OV_V2_02_medium,V2,OV_V2_02_medium,raw_openvins_fit_bias,loglinear_covariance_time,ACI,calibration_only,0.1,0.9,2249,0.889284126278346,0.010715873721654057,5.2433885581538355,6.6582480631762255,5.306317516057027,307.81862451533954,0.028823255813953494,14
cross_environment,cross_environment:V2:OV_V2_02_medium,V2,OV_V2_02_medium,raw_openvins_fit_bias,loglinear_covariance_time,AgACI-EWA,calibration_only,0.1,0.9,2249,0.8968430413517119,0.003156958648288133,5.560007205508358,6.871913800768517,5.397723060451385,93.4930873871771,0.05540930232558143,15
cross_environment,cross_environment:V2:OV_V2_02_medium,V2,OV_V2_02_medium,diagonal_openvins,constant,ACI,calibration_only,0.1,0.9,2249,0.9052912405513561,0.005291240551356102,0.3739823939652531,1.3506648634336682,0.37549547251031856,12.871335819095538,0.06971162790697683,12
cross_environment,cross_environment:V2:OV_V2_02_medium,V2,OV_V2_02_medium,diagonal_openvins,constant,AgACI-EWA,calibration_only,0.1,0.9,2249,0.902178746109382,0.002178746109381957,-0.20634082957498556,1.6972270733026857,-0.09961934369995135,11.644800978768277,0.029451162790697743,6
cross_environment,cross_environment:V2:OV_V2_02_medium,V2,OV_V2_02_medium,diagonal_openvins,loglinear_covariance,ACI,calibration_only,0.1,0.9,2249,0.9052912405513561,0.005291240551356102,0.12804795826217052,2.8209433982097405,0.39328614069593626,14.488773970283823,0.07247906976744199,14
cross_environment,cross_environment:V2:OV_V2_02_medium,V2,OV_V2_02_medium,diagonal_openvins,loglinear_covariance,AgACI-EWA,calibration_only,0.1,0.9,2249,0.9017341040462428,0.001734104046242746,-0.6265377435957316,2.3299971131041426,-0.34775916974275406,11.98534438037668,0.0376232558139536,9
cross_environment,cross_environment:V2:OV_V2_02_medium,V2,OV_V2_02_medium,diagonal_openvins,loglinear_covariance_time,ACI,calibration_only,0.1,0.9,2249,0.904846598488217,0.004846598488217002,0.08559160224582207,2.9079535674409076,0.35879498033271695,14.59489145886123,0.07350232558139545,15
cross_environment,cross_environment:V2:OV_V2_02_medium,V2,OV_V2_02_medium,diagonal_openvins,loglinear_covariance_time,AgACI-EWA,calibration_only,0.1,0.9,2249,0.9012894619831036,0.0012894619831035348,-0.6603757264685424,2.3634211493929547,-0.37368969676294433,12.002676585133102,0.0363953488372094,7
cross_environment,cross_environment:V2:OV_V2_02_medium,V2,OV_V2_02_medium,diagonal_openvins_fit_bias,constant,ACI,calibration_only,0.1,0.9,2249,0.902178746109382,0.002178746109381957,0.5945665439743735,1.9772412429055048,0.6958148847879434,14.369178711678945,0.0676372093023257,13
cross_environment,cross_environment:V2:OV_V2_02_medium,V2,OV_V2_02_medium,diagonal_openvins_fit_bias,constant,AgACI-EWA,calibration_only,0.1,0.9,2249,0.8990662516674077,0.0009337483325922991,0.17438133320104043,2.004239205140748,0.3184120431880488,13.354872073214702,0.02726046511627911,5
cross_environment,cross_environment:V2:OV_V2_02_medium,V2,OV_V2_02_medium,diagonal_openvins_fit_bias,loglinear_covariance,ACI,calibration_only,0.1,0.9,2249,0.9035126722987995,0.0035126722987994796,0.7897158338668167,3.1856297601576826,0.9352772165169339,16.95449378584027,0.06501395348837216,16
cross_environment,cross_environment:V2:OV_V2_02_medium,V2,OV_V2_02_medium,diagonal_openvins_fit_bias,loglinear_covariance,AgACI-EWA,calibration_only,0.1,0.9,2249,0.8963983992885727,0.003601600711427344,0.1285108378730886,2.705065400525963,0.3466811681398256,14.827202304399208,0.03737674418604653,9
cross_environment,cross_environment:V2:OV_V2_02_medium,V2,OV_V2_02_medium,diagonal_openvins_fit_bias,loglinear_covariance_time,ACI,calibration_only,0.1,0.9,2249,0.9035126722987995,0.0035126722987994796,0.7694633046436277,3.1433822987049926,0.9304399946718364,16.819097973551028,0.06562325581395356,15
cross_environment,cross_environment:V2:OV_V2_02_medium,V2,OV_V2_02_medium,diagonal_openvins_fit_bias,loglinear_covariance_time,AgACI-EWA,calibration_only,0.1,0.9,2249,0.8968430413517119,0.003156958648288133,0.12708246800186807,2.7115207452908643,0.3507518507717868,14.787041139255138,0.03765116279069768,10
cross_environment,cross_environment:V2:OV_V2_02_medium,V2,OV_V2_02_medium,standardized_correlation,constant,ACI,calibration_only,0.1,0.9,2249,0.8941751889728768,0.005824811027123178,1.5446634284781111,2.4528316285531937,1.7353710866305103,4.301615496973227,0.04559069767441865,19
cross_environment,cross_environment:V2:OV_V2_02_medium,V2,OV_V2_02_medium,standardized_correlation,constant,AgACI-EWA,calibration_only,0.1,0.9,2249,0.8977323254779902,0.0022676745220098216,1.3473360926778843,2.3550075095283076,1.5736138689836885,4.36214160924748,0.03291627906976746,10
cross_environment,cross_environment:V2:OV_V2_02_medium,V2,OV_V2_02_medium,standardized_correlation,constant,ACI,recent_100,0.1,0.9,2249,0.9008448199199645,0.0008448199199644346,1.722825769389675,4.3551489232186835,2.1940896479145495,5.583209199649625,0.04704651162790709,27
cross_environment,cross_environment:V2:OV_V2_02_medium,V2,OV_V2_02_medium,standardized_correlation,constant,AgACI-EWA,recent_100,0.1,0.9,2249,0.876834148510449,0.02316585148955097,1.4096732526200149,3.099266024401438,1.6974827542798097,4.688460155626179,0.04099999999999995,22
cross_environment,cross_environment:V2:OV_V2_02_medium,V2,OV_V2_02_medium,standardized_correlation,constant,ACI,recent_300,0.1,0.9,2249,0.899955535793686,4.446420631398773e-05,1.6665789966502427,3.2062761663480877,2.035870408634955,4.87558834942578,0.05906046511627912,15
cross_environment,cross_environment:V2:OV_V2_02_medium,V2,OV_V2_02_medium,standardized_correlation,constant,AgACI-EWA,recent_300,0.1,0.9,2249,0.8906180524677635,0.009381947532236534,1.3704765492388438,2.6398556227693546,1.542666502073905,4.246538780340543,0.031665116279069774,9
cross_environment,cross_environment:V2:OV_V2_02_medium,V2,OV_V2_02_medium,standardized_correlation,loglinear_covariance,ACI,calibration_only,0.1,0.9,2249,0.8963983992885727,0.003601600711427344,1.716752399823732,2.740595619059558,1.7087238336015658,4.194051591173028,0.0464651162790698,15
cross_environment,cross_environment:V2:OV_V2_02_medium,V2,OV_V2_02_medium,standardized_correlation,loglinear_covariance,AgACI-EWA,calibration_only,0.1,0.9,2249,0.9057358826144953,0.0057358826144953134,1.4025434737138482,2.6468212921579526,1.4988226140304959,4.1027013111776425,0.03187441860465125,7
cross_environment,cross_environment:V2:OV_V2_02_medium,V2,OV_V2_02_medium,standardized_correlation,loglinear_covariance,ACI,recent_100,0.1,0.9,2249,0.8963983992885727,0.003601600711427344,1.8038088980308276,3.497625690438005,2.001102664269702,4.858099292134011,0.05407906976744193,24
cross_environment,cross_environment:V2:OV_V2_02_medium,V2,OV_V2_02_medium,standardized_correlation,loglinear_covariance,AgACI-EWA,recent_100,0.1,0.9,2249,0.8772787905735883,0.02272120942641176,1.455518488479127,2.9286466559750868,1.545924675369195,4.133541528953284,0.03939534883720927,15
cross_environment,cross_environment:V2:OV_V2_02_medium,V2,OV_V2_02_medium,standardized_correlation,loglinear_covariance,ACI,recent_300,0.1,0.9,2249,0.8986216096042685,0.0013783903957315102,1.8459321051772415,3.090546573923171,1.9508948698574422,4.598432314304047,0.057986046511627955,18
cross_environment,cross_environment:V2:OV_V2_02_medium,V2,OV_V2_02_medium,standardized_correlation,loglinear_covariance,AgACI-EWA,recent_300,0.1,0.9,2249,0.8910626945309026,0.008937305469097434,1.424507663806347,2.7428440859082204,1.4937875991075924,4.039516719610346,0.03125581395348841,10
cross_environment,cross_environment:V2:OV_V2_02_medium,V2,OV_V2_02_medium,standardized_correlation,loglinear_covariance_time,ACI,calibration_only,0.1,0.9,2249,0.8963983992885727,0.003601600711427344,1.6485929059791653,2.6317648433034506,1.663804121313488,4.108501040100214,0.04891627906976749,17
cross_environment,cross_environment:V2:OV_V2_02_medium,V2,OV_V2_02_medium,standardized_correlation,loglinear_covariance_time,AgACI-EWA,calibration_only,0.1,0.9,2249,0.9044019564250778,0.004401956425077791,1.3776421858416494,2.5561874623909695,1.4548497314956048,4.018409848345591,0.02662790697674433,9
cross_environment,cross_environment:V2:OV_V2_02_medium,V2,OV_V2_02_medium,standardized_correlation,loglinear_covariance_time,ACI,recent_100,0.1,0.9,2249,0.8963983992885727,0.003601600711427344,1.7892289555653047,3.653526396593876,1.9794561446865027,4.841012544001382,0.05618604651162798,24
cross_environment,cross_environment:V2:OV_V2_02_medium,V2,OV_V2_02_medium,standardized_correlation,loglinear_covariance_time,AgACI-EWA,recent_100,0.1,0.9,2249,0.8795020008892841,0.020497999110715925,1.4210780113059123,2.7907851440037463,1.520812765061564,4.090533844246378,0.03700930232558137,15
cross_environment,cross_environment:V2:OV_V2_02_medium,V2,OV_V2_02_medium,standardized_correlation,loglinear_covariance_time,ACI,recent_300,0.1,0.9,2249,0.8986216096042685,0.0013783903957315102,1.7799755652995852,3.004981664106576,1.8901511245955458,4.4928425834894465,0.06060000000000009,18
cross_environment,cross_environment:V2:OV_V2_02_medium,V2,OV_V2_02_medium,standardized_correlation,loglinear_covariance_time,AgACI-EWA,recent_300,0.1,0.9,2249,0.8955091151622944,0.004490884837705655,1.3712342814303504,2.649210565157198,1.4616376745764306,3.985342452813285,0.03160465116279077,9
cross_environment,cross_environment:V2:OV_V2_02_medium,V2,OV_V2_02_medium,whitened_correlation,constant,ACI,calibration_only,0.1,0.9,2249,0.8670520231213873,0.03294797687861273,5.321324935234186,6.388496857635922,5.861118558492964,23.55327797111125,0.07845116279069773,25
cross_environment,cross_environment:V2:OV_V2_02_medium,V2,OV_V2_02_medium,whitened_correlation,constant,AgACI-EWA,calibration_only,0.1,0.9,2249,0.8803912850155625,0.019608714984437503,5.63762954278577,6.352510749065775,5.752386360673404,13.100316519945107,0.11159534883720947,36
cross_environment,cross_environment:V2:OV_V2_02_medium,V2,OV_V2_02_medium,whitened_correlation,loglinear_covariance,ACI,calibration_only,0.1,0.9,2249,0.8968430413517119,0.003156958648288133,5.4594115954966895,6.433820814174107,5.365242640942314,5.092602476027641,0.08913953488372113,34
cross_environment,cross_environment:V2:OV_V2_02_medium,V2,OV_V2_02_medium,whitened_correlation,loglinear_covariance,AgACI-EWA,calibration_only,0.1,0.9,2249,0.9070698088039129,0.007069808803912836,5.44206209711102,6.416859858988917,5.261553468329136,5.330707327332829,0.07055348837209321,30
cross_environment,cross_environment:V2:OV_V2_02_medium,V2,OV_V2_02_medium,whitened_correlation,loglinear_covariance_time,ACI,calibration_only,0.1,0.9,2249,0.8968430413517119,0.003156958648288133,5.464306286892021,6.431346559781033,5.367776949799467,5.097054882231203,0.08834883720930253,33
cross_environment,cross_environment:V2:OV_V2_02_medium,V2,OV_V2_02_medium,whitened_correlation,loglinear_covariance_time,AgACI-EWA,calibration_only,0.1,0.9,2249,0.9066251667407736,0.006625166740773625,5.439227655187033,6.439032048231615,5.263548700170569,5.334568770540329,0.07121860465116298,30
cross_environment,cross_environment:V2:OV_V2_02_medium,V2,OV_V2_02_medium,correlation_shrink_0.25,constant,ACI,calibration_only,0.1,0.9,2249,0.904846598488217,0.004846598488217002,0.7632572511680866,1.8669452515385083,0.7873874730229511,14.731677803528948,0.06866046511627916,14
cross_environment,cross_environment:V2:OV_V2_02_medium,V2,OV_V2_02_medium,correlation_shrink_0.25,constant,AgACI-EWA,calibration_only,0.1,0.9,2249,0.9012894619831036,0.0012894619831035348,0.15709841337490005,1.9491794359503616,0.27813261879844114,13.121780314897096,0.02885116279069773,7
cross_environment,cross_environment:V2:OV_V2_02_medium,V2,OV_V2_02_medium,correlation_shrink_0.25,loglinear_covariance,ACI,calibration_only,0.1,0.9,2249,0.9097376611827479,0.009737661182747881,0.6502632291155575,2.035865035507886,0.6499841877242061,14.344526507840254,0.08624186046511645,27
cross_environment,cross_environment:V2:OV_V2_02_medium,V2,OV_V2_02_medium,correlation_shrink_0.25,loglinear_covariance,AgACI-EWA,calibration_only,0.1,0.9,2249,0.9057358826144953,0.0057358826144953134,0.0038888087605943866,1.679992108499461,0.038091914649553374,12.184253761509721,0.03693488372093034,5
cross_environment,cross_environment:V2:OV_V2_02_medium,V2,OV_V2_02_medium,correlation_shrink_0.25,loglinear_covariance_time,ACI,calibration_only,0.1,0.9,2249,0.9079590929301912,0.007959092930191147,0.6023408938330785,2.276723570724411,0.6623077689255744,14.687057456732697,0.08423720930232571,27
cross_environment,cross_environment:V2:OV_V2_02_medium,V2,OV_V2_02_medium,correlation_shrink_0.25,loglinear_covariance_time,AgACI-EWA,calibration_only,0.1,0.9,2249,0.9057358826144953,0.0057358826144953134,0.000131229238816033,1.911432068894192,0.06388599748781963,12.484194921078954,0.03465581395348846,7
cross_environment,cross_environment:V2:OV_V2_02_medium,V2,OV_V2_02_medium,correlation_shrink_0.25_fit_bias,constant,ACI,calibration_only,0.1,0.9,2249,0.902178746109382,0.002178746109381957,1.2471641724542,2.2870495384526586,1.2738815322754542,17.26928257993312,0.06543255813953497,15
cross_environment,cross_environment:V2:OV_V2_02_medium,V2,OV_V2_02_medium,correlation_shrink_0.25_fit_bias,constant,AgACI-EWA,calibration_only,0.1,0.9,2249,0.8963983992885727,0.003601600711427344,0.6641553587195883,2.268751769159941,0.8439793745223217,15.647461450046633,0.025395348837209335,7
cross_environment,cross_environment:V2:OV_V2_02_medium,V2,OV_V2_02_medium,correlation_shrink_0.25_fit_bias,loglinear_covariance,ACI,calibration_only,0.1,0.9,2249,0.9052912405513561,0.005291240551356102,1.2735517398678553,2.4586755007186145,1.2374024661065839,17.293004896502016,0.075879069767442,22
cross_environment,cross_environment:V2:OV_V2_02_medium,V2,OV_V2_02_medium,correlation_shrink_0.25_fit_bias,loglinear_covariance,AgACI-EWA,calibration_only,0.1,0.9,2249,0.9052912405513561,0.005291240551356102,0.678741299164308,2.024251933731837,0.7301002532800601,14.923166804980061,0.03002325581395364,8
cross_environment,cross_environment:V2:OV_V2_02_medium,V2,OV_V2_02_medium,correlation_shrink_0.25_fit_bias,loglinear_covariance_time,ACI,calibration_only,0.1,0.9,2249,0.9044019564250778,0.004401956425077791,1.3995034278278435,2.6675196284740195,1.3340720709668026,17.9561192010107,0.06986046511627916,22
cross_environment,cross_environment:V2:OV_V2_02_medium,V2,OV_V2_02_medium,correlation_shrink_0.25_fit_bias,loglinear_covariance_time,AgACI-EWA,calibration_only,0.1,0.9,2249,0.904846598488217,0.004846598488217002,0.7795143957143651,2.191378510071615,0.8159984204007464,15.41610325255444,0.02914418604651174,6
cross_environment,cross_environment:V2:OV_V2_02_medium,V2,OV_V2_02_medium,correlation_shrink_0.50,constant,ACI,calibration_only,0.1,0.9,2249,0.9052912405513561,0.005291240551356102,0.5496350371182803,1.537987773039378,0.5643748315223104,13.685637983896516,0.06800000000000007,13
cross_environment,cross_environment:V2:OV_V2_02_medium,V2,OV_V2_02_medium,correlation_shrink_0.50,constant,AgACI-EWA,calibration_only,0.1,0.9,2249,0.9030680302356603,0.0030680302356602684,-0.06538870663104746,1.80181489789046,0.04570815173199208,12.22172492180812,0.0299581395348838,7
cross_environment,cross_environment:V2:OV_V2_02_medium,V2,OV_V2_02_medium,correlation_shrink_0.50,loglinear_covariance,ACI,calibration_only,0.1,0.9,2249,0.9070698088039129,0.007069808803912836,0.3003447272385902,2.3617577627324975,0.4511557431047733,13.921843542338236,0.07625581395348852,16
cross_environment,cross_environment:V2:OV_V2_02_medium,V2,OV_V2_02_medium,correlation_shrink_0.50,loglinear_covariance,AgACI-EWA,calibration_only,0.1,0.9,2249,0.9030680302356603,0.0030680302356602684,-0.3334999064778703,1.9463731397316408,-0.19810677688384903,11.855653382469653,0.035595348837209356,6
cross_environment,cross_environment:V2:OV_V2_02_medium,V2,OV_V2_02_medium,correlation_shrink_0.50,loglinear_covariance_time,ACI,calibration_only,0.1,0.9,2249,0.9061805246776345,0.006180524677634525,0.22164390326544314,2.5649193632708243,0.4344528884154662,14.167370793202977,0.07679534883720943,16
cross_environment,cross_environment:V2:OV_V2_02_medium,V2,OV_V2_02_medium,correlation_shrink_0.50,loglinear_covariance_time,AgACI-EWA,calibration_only,0.1,0.9,2249,0.9035126722987995,0.0035126722987994796,-0.42742767299795403,2.089066091921973,-0.21284847350284297,11.988956730097755,0.03498139534883728,7
cross_environment,cross_environment:V2:OV_V2_02_medium,V2,OV_V2_02_medium,correlation_shrink_0.50_fit_bias,constant,ACI,calibration_only,0.1,0.9,2249,0.9030680302356603,0.0030680302356602684,0.8499909263932697,1.9971484034530247,0.8927711903265587,15.248762795226016,0.06835813953488382,13
cross_environment,cross_environment:V2:OV_V2_02_medium,V2,OV_V2_02_medium,correlation_shrink_0.50_fit_bias,constant,AgACI-EWA,calibration_only,0.1,0.9,2249,0.8968430413517119,0.003156958648288133,0.3445490323468867,2.110550683958365,0.5055959599573487,14.180108897304759,0.026986046511627945,6
cross_environment,cross_environment:V2:OV_V2_02_medium,V2,OV_V2_02_medium,correlation_shrink_0.50_fit_bias,loglinear_covariance,ACI,calibration_only,0.1,0.9,2249,0.9039573143619386,0.00395731436193858,0.9796456699760352,2.6944603603332498,1.0258948237110888,16.501755273103626,0.06813953488372101,18
cross_environment,cross_environment:V2:OV_V2_02_medium,V2,OV_V2_02_medium,correlation_shrink_0.50_fit_bias,loglinear_covariance,AgACI-EWA,calibration_only,0.1,0.9,2249,0.8981769675411294,0.0018230324588706104,0.22397184574961493,2.2847217295070448,0.39337028208787367,13.937414925920331,0.030009302325581452,7
cross_environment,cross_environment:V2:OV_V2_02_medium,V2,OV_V2_02_medium,correlation_shrink_0.50_fit_bias,loglinear_covariance_time,ACI,calibration_only,0.1,0.9,2249,0.9039573143619386,0.00395731436193858,0.9897364118995746,2.740589431286229,1.0357283811224012,16.6124806867733,0.06783255813953497,18
cross_environment,cross_environment:V2:OV_V2_02_medium,V2,OV_V2_02_medium,correlation_shrink_0.50_fit_bias,loglinear_covariance_time,AgACI-EWA,calibration_only,0.1,0.9,2249,0.8977323254779902,0.0022676745220098216,0.22888026574245401,2.2929873021172362,0.395666981641546,13.991108703267574,0.02970232558139541,7
cross_environment,cross_environment:V2:OV_V2_02_medium,V2,OV_V2_02_medium,correlation_shrink_0.75,constant,ACI,calibration_only,0.1,0.9,2249,0.9057358826144953,0.0057358826144953134,0.39684491426639035,1.3737501513111205,0.4142838281055244,13.020739332604041,0.06913488372093031,15
cross_environment,cross_environment:V2:OV_V2_02_medium,V2,OV_V2_02_medium,correlation_shrink_0.75,constant,AgACI-EWA,calibration_only,0.1,0.9,2249,0.902178746109382,0.002178746109381957,-0.16928001815628946,1.6989886465083162,-0.061774145449133455,11.75989744307775,0.03079534883720938,6
cross_environment,cross_environment:V2:OV_V2_02_medium,V2,OV_V2_02_medium,correlation_shrink_0.75,loglinear_covariance,ACI,calibration_only,0.1,0.9,2249,0.9057358826144953,0.0057358826144953134,0.18283132115440992,2.7801917880684317,0.4298697065803001,14.47056448609993,0.07215348837209315,14
cross_environment,cross_environment:V2:OV_V2_02_medium,V2,OV_V2_02_medium,correlation_shrink_0.75,loglinear_covariance,AgACI-EWA,calibration_only,0.1,0.9,2249,0.9026233881725211,0.0026233881725210573,-0.5354413104409881,2.2927564146311687,-0.2798127040506033,12.084946487492436,0.0365813953488373,7
cross_environment,cross_environment:V2:OV_V2_02_medium,V2,OV_V2_02_medium,correlation_shrink_0.75,loglinear_covariance_time,ACI,calibration_only,0.1,0.9,2249,0.9052912405513561,0.005291240551356102,0.14249842326388418,2.867440062844526,0.41007960852638126,14.604484773387473,0.07109767441860476,15
cross_environment,cross_environment:V2:OV_V2_02_medium,V2,OV_V2_02_medium,correlation_shrink_0.75,loglinear_covariance_time,AgACI-EWA,calibration_only,0.1,0.9,2249,0.902178746109382,0.002178746109381957,-0.5944117337945123,2.312599632216151,-0.32691301011856927,11.978487798167624,0.035702325581395425,6
cross_environment,cross_environment:V2:OV_V2_02_medium,V2,OV_V2_02_medium,correlation_shrink_0.75_fit_bias,constant,ACI,calibration_only,0.1,0.9,2249,0.9026233881725211,0.0026233881725210573,0.6334956968196543,1.9335502668018907,0.7248261681850275,14.48279486310675,0.0694186046511629,13
cross_environment,cross_environment:V2:OV_V2_02_medium,V2,OV_V2_02_medium,correlation_shrink_0.75_fit_bias,constant,AgACI-EWA,calibration_only,0.1,0.9,2249,0.8977323254779902,0.0022676745220098216,0.21214164446249484,2.0263986675884564,0.3471875643656159,13.49151478438005,0.02794883720930236,6
cross_environment,cross_environment:V2:OV_V2_02_medium,V2,OV_V2_02_medium,correlation_shrink_0.75_fit_bias,loglinear_covariance,ACI,calibration_only,0.1,0.9,2249,0.9026233881725211,0.0026233881725210573,0.8408478446967393,3.0849015113515685,0.9841805323319484,17.027424253986094,0.06426046511627913,17
cross_environment,cross_environment:V2:OV_V2_02_medium,V2,OV_V2_02_medium,correlation_shrink_0.75_fit_bias,loglinear_covariance,AgACI-EWA,calibration_only,0.1,0.9,2249,0.8955091151622944,0.004490884837705655,0.15638778534798092,2.650932241743362,0.39224047676239704,14.94937924070774,0.03651627906976745,13
cross_environment,cross_environment:V2:OV_V2_02_medium,V2,OV_V2_02_medium,correlation_shrink_0.75_fit_bias,loglinear_covariance_time,ACI,calibration_only,0.1,0.9,2249,0.9035126722987995,0.0035126722987994796,0.8046449158041593,3.001780557186288,0.9531031392784269,16.729188370241186,0.06626046511627916,16
cross_environment,cross_environment:V2:OV_V2_02_medium,V2,OV_V2_02_medium,correlation_shrink_0.75_fit_bias,loglinear_covariance_time,AgACI-EWA,calibration_only,0.1,0.9,2249,0.897287683414851,0.0027123165851490327,0.13194580297457215,2.653504219005692,0.38918069439704445,14.845982812641365,0.035460465116279115,13
cross_environment,cross_environment:V2:OV_V2_02_medium,V2,OV_V2_02_medium,normalized_empirical_blend_0.25,constant,ACI,calibration_only,0.1,0.9,2249,0.9217429968875056,0.021742996887505583,-4.573613104958877,-2.675681315245751,-4.376976616830634,2.5228807906666084,0.08486511627906997,38
cross_environment,cross_environment:V2:OV_V2_02_medium,V2,OV_V2_02_medium,normalized_empirical_blend_0.25,constant,AgACI-EWA,calibration_only,0.1,0.9,2249,0.9297465540240106,0.029746554024010607,-5.01483203861299,-3.92534435306256,-4.888444372350332,2.0847572098290383,0.03493023255813986,2
cross_environment,cross_environment:V2:OV_V2_02_medium,V2,OV_V2_02_medium,normalized_empirical_blend_0.25,loglinear_covariance,ACI,calibration_only,0.1,0.9,2249,0.9235215651400622,0.023521565140062206,-4.523389818284041,-1.781119693095352,-4.162115275057229,2.906995438404339,0.07632558139534906,27
cross_environment,cross_environment:V2:OV_V2_02_medium,V2,OV_V2_02_medium,normalized_empirical_blend_0.25,loglinear_covariance,AgACI-EWA,calibration_only,0.1,0.9,2249,0.9155180080035571,0.015518008003557071,-5.003147666068818,-3.940216397430368,-4.846444742966384,2.1690712128517577,0.020362790697674722,3
cross_environment,cross_environment:V2:OV_V2_02_medium,V2,OV_V2_02_medium,normalized_empirical_blend_0.25,loglinear_covariance_time,ACI,calibration_only,0.1,0.9,2249,0.9226322810137839,0.022632281013783895,-4.508770227806356,-1.777909394481875,-4.151551445106941,2.930577460852939,0.07714418604651184,27
cross_environment,cross_environment:V2:OV_V2_02_medium,V2,OV_V2_02_medium,normalized_empirical_blend_0.25,loglinear_covariance_time,AgACI-EWA,calibration_only,0.1,0.9,2249,0.9115162294353045,0.011516229435304504,-5.013165359563812,-3.9504402955847304,-4.854278528203067,2.172181447707414,0.020111627906976976,3
cross_environment,cross_environment:V2:OV_V2_02_medium,V2,OV_V2_02_medium,normalized_empirical_blend_0.50,constant,ACI,calibration_only,0.1,0.9,2249,0.9190751445086706,0.01907514450867054,-4.476894840796494,-2.929723472578218,-4.291907661906522,2.7007244918154765,0.08725116279069779,38
cross_environment,cross_environment:V2:OV_V2_02_medium,V2,OV_V2_02_medium,normalized_empirical_blend_0.50,constant,AgACI-EWA,calibration_only,0.1,0.9,2249,0.9310804802134282,0.03108048021342813,-4.798866646933295,-3.743849662642279,-4.705629953495062,2.33351794228151,0.035800000000000345,2
cross_environment,cross_environment:V2:OV_V2_02_medium,V2,OV_V2_02_medium,normalized_empirical_blend_0.50,constant,ACI,recent_100,0.1,0.9,2249,0.8430413517118719,0.05695864828812813,-4.543134276694133,-3.431033657952087,-4.487045906665204,2.4950430794243466,0.11673023255813955,51
cross_environment,cross_environment:V2:OV_V2_02_medium,V2,OV_V2_02_medium,normalized_empirical_blend_0.50,constant,AgACI-EWA,recent_100,0.1,0.9,2249,0.8239217429968875,0.07607825700311255,-4.657796492600873,-3.675714730747675,-4.6312940751692135,2.3809532023104047,0.11882325581395345,43
cross_environment,cross_environment:V2:OV_V2_02_medium,V2,OV_V2_02_medium,normalized_empirical_blend_0.50,constant,ACI,recent_300,0.1,0.9,2249,0.8839484215206759,0.016051578479324147,-4.485007009658782,-3.46179362710168,-4.3803177045241215,2.5771859396425674,0.09712093023255819,32
cross_environment,cross_environment:V2:OV_V2_02_medium,V2,OV_V2_02_medium,normalized_empirical_blend_0.50,constant,AgACI-EWA,recent_300,0.1,0.9,2249,0.879057358826145,0.020942641173855026,-4.712800706184513,-3.630941348045409,-4.648903538953272,2.3695618806275545,0.0722604651162791,20
cross_environment,cross_environment:V2:OV_V2_02_medium,V2,OV_V2_02_medium,normalized_empirical_blend_0.50,loglinear_covariance,ACI,calibration_only,0.1,0.9,2249,0.9212983548243664,0.021298354824366372,-4.29411571868974,-1.8686110635032713,-3.998152450098198,3.182732885678042,0.07399534883720943,23
cross_environment,cross_environment:V2:OV_V2_02_medium,V2,OV_V2_02_medium,normalized_empirical_blend_0.50,loglinear_covariance,AgACI-EWA,calibration_only,0.1,0.9,2249,0.9137394397510005,0.013739439751000448,-4.711745368193677,-3.7321543174219687,-4.621759705033072,2.4633163535591645,0.020869767441860722,3
cross_environment,cross_environment:V2:OV_V2_02_medium,V2,OV_V2_02_medium,normalized_empirical_blend_0.50,loglinear_covariance,ACI,recent_100,0.1,0.9,2249,0.8492663405958204,0.05073365940417962,-4.5233734163632455,-3.4589684308636843,-4.405332300181521,2.6423735404935305,0.11139534883720938,57
cross_environment,cross_environment:V2:OV_V2_02_medium,V2,OV_V2_02_medium,normalized_empirical_blend_0.50,loglinear_covariance,AgACI-EWA,recent_100,0.1,0.9,2249,0.8212538906180524,0.0787461093819476,-4.682999530477227,-3.670060027008062,-4.569821515072392,2.493819233140228,0.11406511627906973,58
cross_environment,cross_environment:V2:OV_V2_02_medium,V2,OV_V2_02_medium,normalized_empirical_blend_0.50,loglinear_covariance,ACI,recent_300,0.1,0.9,2249,0.8786127167630058,0.021387283236994237,-4.450055985650021,-3.4906256238990836,-4.319453083118467,2.7068943726296912,0.10532558139534894,35
cross_environment,cross_environment:V2:OV_V2_02_medium,V2,OV_V2_02_medium,normalized_empirical_blend_0.50,loglinear_covariance,AgACI-EWA,recent_300,0.1,0.9,2249,0.8701645175633614,0.029835482436638583,-4.701673997801738,-3.7733275166088656,-4.581784092107609,2.479988508151709,0.07051627906976742,18
cross_environment,cross_environment:V2:OV_V2_02_medium,V2,OV_V2_02_medium,normalized_empirical_blend_0.50,loglinear_covariance_time,ACI,calibration_only,0.1,0.9,2249,0.9204090706980881,0.02040907069808806,-4.2934320757176465,-1.8813483996644254,-3.9919836122614782,3.1993439689965593,0.07386511627906989,27
cross_environment,cross_environment:V2:OV_V2_02_medium,V2,OV_V2_02_medium,normalized_empirical_blend_0.50,loglinear_covariance_time,AgACI-EWA,calibration_only,0.1,0.9,2249,0.9195197865718097,0.01951978657180964,-4.729143173852316,-3.7156943947739327,-4.6290422720017,2.4659384079882702,0.025004651162791013,4
cross_environment,cross_environment:V2:OV_V2_02_medium,V2,OV_V2_02_medium,normalized_empirical_blend_0.50,loglinear_covariance_time,ACI,recent_100,0.1,0.9,2249,0.8492663405958204,0.05073365940417962,-4.554621552910203,-3.4607397524076067,-4.423176006826123,2.6332525549199284,0.11272093023255823,54
cross_environment,cross_environment:V2:OV_V2_02_medium,V2,OV_V2_02_medium,normalized_empirical_blend_0.50,loglinear_covariance_time,AgACI-EWA,recent_100,0.1,0.9,2249,0.8234771009337484,0.07652289906625165,-4.691123482362695,-3.672940693612963,-4.575344113898461,2.4950127003666087,0.11400930232558135,52
cross_environment,cross_environment:V2:OV_V2_02_medium,V2,OV_V2_02_medium,normalized_empirical_blend_0.50,loglinear_covariance_time,ACI,recent_300,0.1,0.9,2249,0.8781680746998666,0.021831925300133448,-4.455071883475529,-3.484066259978567,-4.33129240580826,2.7024260107670544,0.10623255813953496,33
cross_environment,cross_environment:V2:OV_V2_02_medium,V2,OV_V2_02_medium,normalized_empirical_blend_0.50,loglinear_covariance_time,AgACI-EWA,recent_300,0.1,0.9,2249,0.8701645175633614,0.029835482436638583,-4.713953774020618,-3.7500233128064893,-4.588523059208626,2.4811475661981546,0.07487441860465117,17
cross_environment,cross_environment:V2:OV_V2_02_medium,V2,OV_V2_02_medium,normalized_empirical_blend_0.75,constant,ACI,calibration_only,0.1,0.9,2249,0.9146287238772788,0.01462872387727876,-4.050963583570844,-2.9460037148487714,-3.9154306010083215,3.317441087547846,0.08703255813953502,35
cross_environment,cross_environment:V2:OV_V2_02_medium,V2,OV_V2_02_medium,normalized_empirical_blend_0.75,constant,AgACI-EWA,calibration_only,0.1,0.9,2249,0.9257447754557581,0.02574477545575804,-4.319212339753182,-3.345851807986942,-4.272027880615421,2.962249182692347,0.03326511627907005,4
cross_environment,cross_environment:V2:OV_V2_02_medium,V2,OV_V2_02_medium,normalized_empirical_blend_0.75,loglinear_covariance,ACI,calibration_only,0.1,0.9,2249,0.9172965762561138,0.017296576256113805,-3.934209653315736,-2.0717768407983947,-3.7003091795274856,3.758920458662357,0.07857674418604663,26
cross_environment,cross_environment:V2:OV_V2_02_medium,V2,OV_V2_02_medium,normalized_empirical_blend_0.75,loglinear_covariance,AgACI-EWA,calibration_only,0.1,0.9,2249,0.925300133392619,0.02530013339261894,-4.317521622542598,-3.4047064139536216,-4.230828270304236,3.062685479097674,0.026888372093023635,5
cross_environment,cross_environment:V2:OV_V2_02_medium,V2,OV_V2_02_medium,normalized_empirical_blend_0.75,loglinear_covariance_time,ACI,calibration_only,0.1,0.9,2249,0.9159626500666963,0.015962650066696282,-3.9313355707334123,-2.0825021920522513,-3.7150734013310296,3.756346977107992,0.080679069767442,24
cross_environment,cross_environment:V2:OV_V2_02_medium,V2,OV_V2_02_medium,normalized_empirical_blend_0.75,loglinear_covariance_time,AgACI-EWA,calibration_only,0.1,0.9,2249,0.9199644286349489,0.01996442863494885,-4.319276364887213,-3.3649658910886826,-4.23409563770612,3.06833846781077,0.02681860465116309,6
cross_environment,cross_environment:V2:OV_V2_03_difficult,V2,OV_V2_03_difficult,raw_openvins,constant,ACI,calibration_only,0.1,0.9,1755,0.8934472934472935,0.0065527065527065664,3.252436976171696,4.22384686454321,3.317479187062752,53.24218611460198,0.06434782608695658,17
cross_environment,cross_environment:V2:OV_V2_03_difficult,V2,OV_V2_03_difficult,raw_openvins,constant,AgACI-EWA,calibration_only,0.1,0.9,1755,0.9048433048433049,0.004843304843304863,3.1439000709531317,4.8527087035384175,3.221564453364855,47.96299871013627,0.04815217391304355,11
cross_environment,cross_environment:V2:OV_V2_03_difficult,V2,OV_V2_03_difficult,raw_openvins,constant,ACI,recent_100,0.1,0.9,1755,0.864957264957265,0.03504273504273503,3.4458646980781644,4.785841515842013,3.2056350887910514,34.49246351388276,0.09861111111111115,18
cross_environment,cross_environment:V2:OV_V2_03_difficult,V2,OV_V2_03_difficult,raw_openvins,constant,AgACI-EWA,recent_100,0.1,0.9,1755,0.852991452991453,0.047008547008547064,3.180812298688595,4.4363966399955785,2.9626365857688532,31.4360565840372,0.08012681159420283,17
cross_environment,cross_environment:V2:OV_V2_03_difficult,V2,OV_V2_03_difficult,raw_openvins,constant,ACI,recent_300,0.1,0.9,1755,0.8757834757834758,0.024216524216524205,3.5206438432759786,5.0595094047238565,3.2895001112628286,35.47982028929091,0.11109299516908228,25
cross_environment,cross_environment:V2:OV_V2_03_difficult,V2,OV_V2_03_difficult,raw_openvins,constant,AgACI-EWA,recent_300,0.1,0.9,1755,0.8655270655270655,0.034472934472934535,3.222414028329446,4.333925902080607,2.9706695978665922,31.380852659938363,0.0743900966183575,11
cross_environment,cross_environment:V2:OV_V2_03_difficult,V2,OV_V2_03_difficult,raw_openvins,loglinear_covariance,ACI,calibration_only,0.1,0.9,1755,0.8957264957264958,0.004273504273504258,3.9627705846015893,5.963020148518994,3.780523397877535,54.23626293096921,0.060682367149758575,15
cross_environment,cross_environment:V2:OV_V2_03_difficult,V2,OV_V2_03_difficult,raw_openvins,loglinear_covariance,AgACI-EWA,calibration_only,0.1,0.9,1755,0.9111111111111111,0.011111111111111072,4.096815875702136,6.251998388105416,3.890606288920742,56.89585243600824,0.05512681159420301,17
cross_environment,cross_environment:V2:OV_V2_03_difficult,V2,OV_V2_03_difficult,raw_openvins,loglinear_covariance,ACI,recent_100,0.1,0.9,1755,0.8968660968660969,0.0031339031339031598,4.147522954596198,7.182456208623647,4.115157354983861,55.77506939389625,0.0591968599033817,14
cross_environment,cross_environment:V2:OV_V2_03_difficult,V2,OV_V2_03_difficult,raw_openvins,loglinear_covariance,AgACI-EWA,recent_100,0.1,0.9,1755,0.8769230769230769,0.023076923076923106,3.7335216339732415,5.829925648436669,3.584520503843292,43.4914432374293,0.04760869565217385,16
cross_environment,cross_environment:V2:OV_V2_03_difficult,V2,OV_V2_03_difficult,raw_openvins,loglinear_covariance,ACI,recent_300,0.1,0.9,1755,0.8991452991452992,0.0008547008547008517,4.310962915204346,6.454891275408596,4.0183998268017005,51.24498572148679,0.06990942028985517,15
cross_environment,cross_environment:V2:OV_V2_03_difficult,V2,OV_V2_03_difficult,raw_openvins,loglinear_covariance,AgACI-EWA,recent_300,0.1,0.9,1755,0.8809116809116809,0.019088319088319095,3.8063411103376286,5.68923700052478,3.5744340881600705,42.30044761469852,0.04407004830917874,16
cross_environment,cross_environment:V2:OV_V2_03_difficult,V2,OV_V2_03_difficult,raw_openvins,loglinear_covariance_time,ACI,calibration_only,0.1,0.9,1755,0.8945868945868946,0.005413105413105468,4.009488473564868,5.979213453703875,3.8297179488545963,45.593568549456236,0.06248188405797108,15
cross_environment,cross_environment:V2:OV_V2_03_difficult,V2,OV_V2_03_difficult,raw_openvins,loglinear_covariance_time,AgACI-EWA,calibration_only,0.1,0.9,1755,0.9150997150997151,0.015099715099715083,3.9264039670447772,6.0200084410414245,3.7857996642365817,49.19661835577617,0.0419263285024156,6
cross_environment,cross_environment:V2:OV_V2_03_difficult,V2,OV_V2_03_difficult,raw_openvins,loglinear_covariance_time,ACI,recent_100,0.1,0.9,1755,0.8974358974358975,0.002564102564102555,4.21068963846875,7.415861460597881,4.175085849465426,56.850283029536314,0.0645169082125605,14
cross_environment,cross_environment:V2:OV_V2_03_difficult,V2,OV_V2_03_difficult,raw_openvins,loglinear_covariance_time,AgACI-EWA,recent_100,0.1,0.9,1755,0.8740740740740741,0.025925925925925908,3.794429422986667,5.913796687949872,3.6339592670556087,44.59594802244301,0.04849033816425115,16
cross_environment,cross_environment:V2:OV_V2_03_difficult,V2,OV_V2_03_difficult,raw_openvins,loglinear_covariance_time,ACI,recent_300,0.1,0.9,1755,0.8991452991452992,0.0008547008547008517,4.239895998826661,6.694560599836489,4.111780430862097,53.316062944877935,0.06967995169082136,20
cross_environment,cross_environment:V2:OV_V2_03_difficult,V2,OV_V2_03_difficult,raw_openvins,loglinear_covariance_time,AgACI-EWA,recent_300,0.1,0.9,1755,0.8814814814814815,0.01851851851851849,3.766817278312754,5.810850332051077,3.5601712359319033,42.28373470396405,0.04614130434782611,11
cross_environment,cross_environment:V2:OV_V2_03_difficult,V2,OV_V2_03_difficult,raw_openvins_fit_bias,constant,ACI,calibration_only,0.1,0.9,1755,0.8672364672364672,0.03276353276353283,4.3381885577545365,5.322147150607704,4.825718212080428,304.6197058618452,0.0793357487922706,15
cross_environment,cross_environment:V2:OV_V2_03_difficult,V2,OV_V2_03_difficult,raw_openvins_fit_bias,constant,AgACI-EWA,calibration_only,0.1,0.9,1755,0.8894586894586894,0.010541310541310578,4.701944627931676,5.377306464673546,4.925242505427358,276.8433622682228,0.08893719806763298,41
cross_environment,cross_environment:V2:OV_V2_03_difficult,V2,OV_V2_03_difficult,raw_openvins_fit_bias,loglinear_covariance,ACI,calibration_only,0.1,0.9,1755,0.8843304843304843,0.015669515669515688,4.798780760395452,6.349397158625171,4.906580172656599,303.20001682870236,0.03940821256038641,17
cross_environment,cross_environment:V2:OV_V2_03_difficult,V2,OV_V2_03_difficult,raw_openvins_fit_bias,loglinear_covariance,AgACI-EWA,calibration_only,0.1,0.9,1755,0.8843304843304843,0.015669515669515688,4.947019215222808,6.45139946657046,4.747510896907803,103.326302629893,0.06684178743961355,20
cross_environment,cross_environment:V2:OV_V2_03_difficult,V2,OV_V2_03_difficult,raw_openvins_fit_bias,loglinear_covariance_time,ACI,calibration_only,0.1,0.9,1755,0.8843304843304843,0.015669515669515688,4.79338473924328,6.348791004316922,4.9098534612199725,343.4283217961753,0.03937801932367144,17
cross_environment,cross_environment:V2:OV_V2_03_difficult,V2,OV_V2_03_difficult,raw_openvins_fit_bias,loglinear_covariance_time,AgACI-EWA,calibration_only,0.1,0.9,1755,0.886039886039886,0.013960113960113985,4.953720954499586,6.514674458679405,4.763704065818273,111.21105284446901,0.06717391304347829,21
cross_environment,cross_environment:V2:OV_V2_03_difficult,V2,OV_V2_03_difficult,diagonal_openvins,constant,ACI,calibration_only,0.1,0.9,1755,0.8951566951566952,0.004843304843304863,1.7734308921647468,2.772644997383584,1.5576489718597344,18.869063133636335,0.07103260869565227,12
cross_environment,cross_environment:V2:OV_V2_03_difficult,V2,OV_V2_03_difficult,diagonal_openvins,constant,AgACI-EWA,calibration_only,0.1,0.9,1755,0.89002849002849,0.009971509971509973,1.0197711215471053,2.6950509566688243,0.8751033384221868,16.50990074450689,0.035440821256038584,11
cross_environment,cross_environment:V2:OV_V2_03_difficult,V2,OV_V2_03_difficult,diagonal_openvins,loglinear_covariance,ACI,calibration_only,0.1,0.9,1755,0.8974358974358975,0.002564102564102555,1.7458123562789805,3.798417210218398,1.456928796026429,20.52426693323402,0.06327294685990346,19
cross_environment,cross_environment:V2:OV_V2_03_difficult,V2,OV_V2_03_difficult,diagonal_openvins,loglinear_covariance,AgACI-EWA,calibration_only,0.1,0.9,1755,0.8923076923076924,0.007692307692307665,1.0142978921157155,3.4930797788590735,0.9091031151301202,18.533298381794964,0.03451086956521732,11
cross_environment,cross_environment:V2:OV_V2_03_difficult,V2,OV_V2_03_difficult,diagonal_openvins,loglinear_covariance_time,ACI,calibration_only,0.1,0.9,1755,0.8974358974358975,0.002564102564102555,1.7050621902471779,3.9345437445316387,1.4697175040024653,20.891009865061626,0.06312801932367153,20
cross_environment,cross_environment:V2:OV_V2_03_difficult,V2,OV_V2_03_difficult,diagonal_openvins,loglinear_covariance_time,AgACI-EWA,calibration_only,0.1,0.9,1755,0.8985754985754986,0.0014245014245014564,1.0679105303860066,3.5725185298013047,0.949630537048382,18.895625232089156,0.03401570048309178,10
cross_environment,cross_environment:V2:OV_V2_03_difficult,V2,OV_V2_03_difficult,diagonal_openvins_fit_bias,constant,ACI,calibration_only,0.1,0.9,1755,0.8917378917378918,0.00826210826210827,1.995962506294326,2.831217585945214,1.741341423584803,20.138857757485663,0.05905193236714982,13
cross_environment,cross_environment:V2:OV_V2_03_difficult,V2,OV_V2_03_difficult,diagonal_openvins_fit_bias,constant,AgACI-EWA,calibration_only,0.1,0.9,1755,0.8837606837606837,0.016239316239316293,1.289178161178505,2.7885900399157904,1.188097658704882,18.11089975703331,0.03998792270531387,8
cross_environment,cross_environment:V2:OV_V2_03_difficult,V2,OV_V2_03_difficult,diagonal_openvins_fit_bias,loglinear_covariance,ACI,calibration_only,0.1,0.9,1755,0.8934472934472935,0.0065527065527065664,1.908593161858942,3.853715631434447,1.7461037877580101,22.103438683501974,0.050217391304347894,15
cross_environment,cross_environment:V2:OV_V2_03_difficult,V2,OV_V2_03_difficult,diagonal_openvins_fit_bias,loglinear_covariance,AgACI-EWA,calibration_only,0.1,0.9,1755,0.9031339031339032,0.0031339031339031598,1.5533208305526536,3.8267003371045587,1.5769893180516026,22.084042711217375,0.03741545893719811,8
cross_environment,cross_environment:V2:OV_V2_03_difficult,V2,OV_V2_03_difficult,diagonal_openvins_fit_bias,loglinear_covariance_time,ACI,calibration_only,0.1,0.9,1755,0.8934472934472935,0.0065527065527065664,1.930809560682384,3.802121289735237,1.7373070642824306,21.969593023508732,0.05129830917874401,14
cross_environment,cross_environment:V2:OV_V2_03_difficult,V2,OV_V2_03_difficult,diagonal_openvins_fit_bias,loglinear_covariance_time,AgACI-EWA,calibration_only,0.1,0.9,1755,0.8997150997150997,0.0002849002849003579,1.588313734181277,3.793423839529787,1.5910683003765282,22.42384899560218,0.03949275362318842,8
cross_environment,cross_environment:V2:OV_V2_03_difficult,V2,OV_V2_03_difficult,standardized_correlation,constant,ACI,calibration_only,0.1,0.9,1755,0.8940170940170941,0.005982905982905962,1.6645559041416584,2.993682038387395,1.8393464768019179,4.546989250156217,0.06207125603864745,17
cross_environment,cross_environment:V2:OV_V2_03_difficult,V2,OV_V2_03_difficult,standardized_correlation,constant,AgACI-EWA,calibration_only,0.1,0.9,1755,0.8974358974358975,0.002564102564102555,1.451808098512486,2.8771284585399153,1.7539476518195862,4.772710660986191,0.04572463768115944,10
cross_environment,cross_environment:V2:OV_V2_03_difficult,V2,OV_V2_03_difficult,standardized_correlation,constant,ACI,recent_100,0.1,0.9,1755,0.8974358974358975,0.002564102564102555,1.6642285815576363,6.148093552754425,2.5132970579832343,7.468551191914876,0.05853864734299526,12
cross_environment,cross_environment:V2:OV_V2_03_difficult,V2,OV_V2_03_difficult,standardized_correlation,constant,AgACI-EWA,recent_100,0.1,0.9,1755,0.8826210826210826,0.01737891737891739,1.4866259449355388,3.753863970569814,1.8719637044151762,5.117621697743238,0.04339371980676333,12
cross_environment,cross_environment:V2:OV_V2_03_difficult,V2,OV_V2_03_difficult,standardized_correlation,constant,ACI,recent_300,0.1,0.9,1755,0.8997150997150997,0.0002849002849003579,1.9889353179381652,4.212794863022456,2.218970129938898,5.649625283363134,0.06743961352657016,15
cross_environment,cross_environment:V2:OV_V2_03_difficult,V2,OV_V2_03_difficult,standardized_correlation,constant,AgACI-EWA,recent_300,0.1,0.9,1755,0.8928774928774929,0.007122507122507171,1.4471314015213919,3.356458440639383,1.8139363138282103,4.929416309937785,0.04032608695652183,11
cross_environment,cross_environment:V2:OV_V2_03_difficult,V2,OV_V2_03_difficult,standardized_correlation,loglinear_covariance,ACI,calibration_only,0.1,0.9,1755,0.8968660968660969,0.0031339031339031598,1.576876321276917,2.6375191775534432,1.5648800330130719,3.8852037844404252,0.06902777777777792,20
cross_environment,cross_environment:V2:OV_V2_03_difficult,V2,OV_V2_03_difficult,standardized_correlation,loglinear_covariance,AgACI-EWA,calibration_only,0.1,0.9,1755,0.8928774928774929,0.007122507122507171,1.3177284526483861,2.5621942584017123,1.4533420643543205,4.045080152167627,0.032282608695652186,5
cross_environment,cross_environment:V2:OV_V2_03_difficult,V2,OV_V2_03_difficult,standardized_correlation,loglinear_covariance,ACI,recent_100,0.1,0.9,1755,0.9002849002849003,0.0002849002849002469,1.7050288062040218,5.183755882448346,2.139793163176144,5.588285976882985,0.051425120772946954,9
cross_environment,cross_environment:V2:OV_V2_03_difficult,V2,OV_V2_03_difficult,standardized_correlation,loglinear_covariance,AgACI-EWA,recent_100,0.1,0.9,1755,0.8905982905982905,0.00940170940170948,1.3901885035600685,3.151300907631176,1.6255678347024436,4.420695384945146,0.032258454106280234,9
cross_environment,cross_environment:V2:OV_V2_03_difficult,V2,OV_V2_03_difficult,standardized_correlation,loglinear_covariance,ACI,recent_300,0.1,0.9,1755,0.8997150997150997,0.0002849002849003579,1.672222704052185,3.348010948197367,1.8151708375275069,4.617549754638652,0.06454710144927553,21
cross_environment,cross_environment:V2:OV_V2_03_difficult,V2,OV_V2_03_difficult,standardized_correlation,loglinear_covariance,AgACI-EWA,recent_300,0.1,0.9,1755,0.8962962962962963,0.0037037037037037646,1.396742959704862,3.1195083119968765,1.6188713622598465,4.43072562308096,0.03270531400966193,9
cross_environment,cross_environment:V2:OV_V2_03_difficult,V2,OV_V2_03_difficult,standardized_correlation,loglinear_covariance_time,ACI,calibration_only,0.1,0.9,1755,0.8985754985754986,0.0014245014245014564,1.5491967987446063,2.51832514491746,1.5290053379486492,3.8065598148247686,0.07041062801932381,20
cross_environment,cross_environment:V2:OV_V2_03_difficult,V2,OV_V2_03_difficult,standardized_correlation,loglinear_covariance_time,AgACI-EWA,calibration_only,0.1,0.9,1755,0.8934472934472935,0.0065527065527065664,1.247927811085225,2.5020470269342,1.4219955447074546,4.044356306680081,0.032977053140096635,5
cross_environment,cross_environment:V2:OV_V2_03_difficult,V2,OV_V2_03_difficult,standardized_correlation,loglinear_covariance_time,ACI,recent_100,0.1,0.9,1755,0.9014245014245015,0.0014245014245014564,1.6478891876854176,5.2104902037292655,2.1082194438772595,5.643792944663026,0.05223429951690831,13
cross_environment,cross_environment:V2:OV_V2_03_difficult,V2,OV_V2_03_difficult,standardized_correlation,loglinear_covariance_time,AgACI-EWA,recent_100,0.1,0.9,1755,0.8866096866096866,0.01339031339031338,1.3501117582893554,3.0898502374284207,1.594281182601457,4.377687480071291,0.036853864734299566,9
cross_environment,cross_environment:V2:OV_V2_03_difficult,V2,OV_V2_03_difficult,standardized_correlation,loglinear_covariance_time,ACI,recent_300,0.1,0.9,1755,0.8991452991452992,0.0008547008547008517,1.609866792439222,3.4099262013806726,1.8079968969538398,4.626307543135497,0.06434782608695669,25
cross_environment,cross_environment:V2:OV_V2_03_difficult,V2,OV_V2_03_difficult,standardized_correlation,loglinear_covariance_time,AgACI-EWA,recent_300,0.1,0.9,1755,0.8945868945868946,0.005413105413105468,1.3651884842272128,3.0188250885532564,1.5858802400690408,4.378585652532493,0.03778985507246389,12
cross_environment,cross_environment:V2:OV_V2_03_difficult,V2,OV_V2_03_difficult,whitened_correlation,constant,ACI,calibration_only,0.1,0.9,1755,0.8854700854700854,0.01452991452991459,5.000838927716601,5.9213665054800035,5.1906719240882335,11.910350544102819,0.06990338164251217,14
cross_environment,cross_environment:V2:OV_V2_03_difficult,V2,OV_V2_03_difficult,whitened_correlation,constant,AgACI-EWA,calibration_only,0.1,0.9,1755,0.901994301994302,0.00199430199430195,5.091554160134009,5.910300960142914,5.19664922445906,11.351663498404175,0.07104468599033834,16
cross_environment,cross_environment:V2:OV_V2_03_difficult,V2,OV_V2_03_difficult,whitened_correlation,loglinear_covariance,ACI,calibration_only,0.1,0.9,1755,0.901994301994302,0.00199430199430195,5.126530195113893,5.851185161468174,4.9969461928062895,4.434463736074137,0.08305555555555581,24
cross_environment,cross_environment:V2:OV_V2_03_difficult,V2,OV_V2_03_difficult,whitened_correlation,loglinear_covariance,AgACI-EWA,calibration_only,0.1,0.9,1755,0.9116809116809117,0.011680911680911676,4.968818078170487,5.897238654805809,4.9528294263289,4.50386037179588,0.0712620772946862,17
cross_environment,cross_environment:V2:OV_V2_03_difficult,V2,OV_V2_03_difficult,whitened_correlation,loglinear_covariance_time,ACI,calibration_only,0.1,0.9,1755,0.901994301994302,0.00199430199430195,5.125441406167322,5.849786286579841,4.997363410729415,4.434989747330287,0.08185990338164276,24
cross_environment,cross_environment:V2:OV_V2_03_difficult,V2,OV_V2_03_difficult,whitened_correlation,loglinear_covariance_time,AgACI-EWA,calibration_only,0.1,0.9,1755,0.9111111111111111,0.011111111111111072,4.965989346022386,5.8941299115257575,4.950696500630134,4.501311248982834,0.07069444444444466,17
cross_environment,cross_environment:V2:OV_V2_03_difficult,V2,OV_V2_03_difficult,correlation_shrink_0.25,constant,ACI,calibration_only,0.1,0.9,1755,0.8945868945868946,0.005413105413105468,2.168506193595599,2.9378653309789633,1.86401631627589,20.877917444195262,0.07079710144927545,14
cross_environment,cross_environment:V2:OV_V2_03_difficult,V2,OV_V2_03_difficult,correlation_shrink_0.25,constant,AgACI-EWA,calibration_only,0.1,0.9,1755,0.8905982905982905,0.00940170940170948,1.4093864469852413,2.8998747248654158,1.1986226156536313,18.378189589823155,0.0372101449275362,10
cross_environment,cross_environment:V2:OV_V2_03_difficult,V2,OV_V2_03_difficult,correlation_shrink_0.25,loglinear_covariance,ACI,calibration_only,0.1,0.9,1755,0.8957264957264958,0.004273504273504258,1.7052130086497037,3.079037690922182,1.5648114363320043,19.63459524543604,0.07479468599033823,18
cross_environment,cross_environment:V2:OV_V2_03_difficult,V2,OV_V2_03_difficult,correlation_shrink_0.25,loglinear_covariance,AgACI-EWA,calibration_only,0.1,0.9,1755,0.8905982905982905,0.00940170940170948,1.2746805273937447,2.9597226849559712,1.0894970799161587,17.750710076150888,0.04172101449275359,7
cross_environment,cross_environment:V2:OV_V2_03_difficult,V2,OV_V2_03_difficult,correlation_shrink_0.25,loglinear_covariance_time,ACI,calibration_only,0.1,0.9,1755,0.8962962962962963,0.0037037037037037646,1.735740313539127,3.3249181446811624,1.6558853922876187,20.42319840293873,0.06774154589371986,16
cross_environment,cross_environment:V2:OV_V2_03_difficult,V2,OV_V2_03_difficult,correlation_shrink_0.25,loglinear_covariance_time,AgACI-EWA,calibration_only,0.1,0.9,1755,0.8940170940170941,0.005982905982905962,1.2311891937037185,3.092686321915081,1.0892846934741838,18.219573275681515,0.0371920289855072,5
cross_environment,cross_environment:V2:OV_V2_03_difficult,V2,OV_V2_03_difficult,correlation_shrink_0.25_fit_bias,constant,ACI,calibration_only,0.1,0.9,1755,0.8894586894586894,0.010541310541310578,2.3745505617208345,3.116506137660575,2.1292363389133295,22.923294969065424,0.05865942028985505,16
cross_environment,cross_environment:V2:OV_V2_03_difficult,V2,OV_V2_03_difficult,correlation_shrink_0.25_fit_bias,constant,AgACI-EWA,calibration_only,0.1,0.9,1755,0.8809116809116809,0.019088319088319095,1.7516719888868764,3.0828563658542314,1.615914101227987,20.732532896171488,0.04203502415458925,6
cross_environment,cross_environment:V2:OV_V2_03_difficult,V2,OV_V2_03_difficult,correlation_shrink_0.25_fit_bias,loglinear_covariance,ACI,calibration_only,0.1,0.9,1755,0.8917378917378918,0.00826210826210827,1.9579425179792764,3.137859180386007,1.7815789024879276,21.087524393179873,0.06996980676328508,20
cross_environment,cross_environment:V2:OV_V2_03_difficult,V2,OV_V2_03_difficult,correlation_shrink_0.25_fit_bias,loglinear_covariance,AgACI-EWA,calibration_only,0.1,0.9,1755,0.8849002849002849,0.015099715099715083,1.5443500173933788,3.151238049344153,1.4631759425221205,19.518568889815988,0.04280797101449273,4
cross_environment,cross_environment:V2:OV_V2_03_difficult,V2,OV_V2_03_difficult,correlation_shrink_0.25_fit_bias,loglinear_covariance_time,ACI,calibration_only,0.1,0.9,1755,0.8917378917378918,0.00826210826210827,1.9448717184624638,3.1932819489116167,1.8021565832808768,21.23176200194024,0.06795893719806764,25
cross_environment,cross_environment:V2:OV_V2_03_difficult,V2,OV_V2_03_difficult,correlation_shrink_0.25_fit_bias,loglinear_covariance_time,AgACI-EWA,calibration_only,0.1,0.9,1755,0.8854700854700854,0.01452991452991459,1.5529103428358155,3.1045711115579167,1.4575983894349258,19.4733956123343,0.04198671497584535,4
cross_environment,cross_environment:V2:OV_V2_03_difficult,V2,OV_V2_03_difficult,correlation_shrink_0.50,constant,ACI,calibration_only,0.1,0.9,1755,0.8945868945868946,0.005413105413105468,1.987044429888849,2.8472815687713258,1.6922843618602188,19.74279190240641,0.07088768115942037,13
cross_environment,cross_environment:V2:OV_V2_03_difficult,V2,OV_V2_03_difficult,correlation_shrink_0.50,constant,AgACI-EWA,calibration_only,0.1,0.9,1755,0.8877492877492877,0.012250712250712281,1.124757472805607,2.7959049643318314,0.9986783792243779,17.31891902806752,0.0363043478260869,10
cross_environment,cross_environment:V2:OV_V2_03_difficult,V2,OV_V2_03_difficult,correlation_shrink_0.50,loglinear_covariance,ACI,calibration_only,0.1,0.9,1755,0.8974358974358975,0.002564102564102555,1.7004925261800832,3.329219327454937,1.4878931496213468,19.594234282404905,0.06594806763285029,18
cross_environment,cross_environment:V2:OV_V2_03_difficult,V2,OV_V2_03_difficult,correlation_shrink_0.50,loglinear_covariance,AgACI-EWA,calibration_only,0.1,0.9,1755,0.8985754985754986,0.0014245014245014564,1.0677278655914222,3.161178261572668,0.9822394986303434,18.494994296637515,0.03318236714975842,11
cross_environment,cross_environment:V2:OV_V2_03_difficult,V2,OV_V2_03_difficult,correlation_shrink_0.50,loglinear_covariance_time,ACI,calibration_only,0.1,0.9,1755,0.8968660968660969,0.0031339031339031598,1.6498689181760238,3.546918263997604,1.5343840429152653,20.28129675635096,0.06603864734299521,18
cross_environment,cross_environment:V2:OV_V2_03_difficult,V2,OV_V2_03_difficult,correlation_shrink_0.50,loglinear_covariance_time,AgACI-EWA,calibration_only,0.1,0.9,1755,0.8934472934472935,0.0065527065527065664,1.0701540434036438,3.2069566253702333,0.9620795859448463,18.486200496030786,0.03564613526570039,10
cross_environment,cross_environment:V2:OV_V2_03_difficult,V2,OV_V2_03_difficult,correlation_shrink_0.50_fit_bias,constant,ACI,calibration_only,0.1,0.9,1755,0.8905982905982905,0.00940170940170948,2.1642034184478014,2.9337379318513297,1.8891694572147877,21.19024508581651,0.06123792270531402,14
cross_environment,cross_environment:V2:OV_V2_03_difficult,V2,OV_V2_03_difficult,correlation_shrink_0.50_fit_bias,constant,AgACI-EWA,calibration_only,0.1,0.9,1755,0.8814814814814815,0.01851851851851849,1.511506914213717,2.8987671073290726,1.3737336397777107,19.31638537346365,0.041956521739130274,10
cross_environment,cross_environment:V2:OV_V2_03_difficult,V2,OV_V2_03_difficult,correlation_shrink_0.50_fit_bias,loglinear_covariance,ACI,calibration_only,0.1,0.9,1755,0.8911680911680911,0.008831908831908875,1.878001295086067,3.3959159980748286,1.7142740529303948,20.806136630081692,0.057047101449275404,16
cross_environment,cross_environment:V2:OV_V2_03_difficult,V2,OV_V2_03_difficult,correlation_shrink_0.50_fit_bias,loglinear_covariance,AgACI-EWA,calibration_only,0.1,0.9,1755,0.8974358974358975,0.002564102564102555,1.4481118332423115,3.13181477894282,1.3428620595542728,19.180650075252117,0.03974033816425121,7
cross_environment,cross_environment:V2:OV_V2_03_difficult,V2,OV_V2_03_difficult,correlation_shrink_0.50_fit_bias,loglinear_covariance_time,ACI,calibration_only,0.1,0.9,1755,0.8911680911680911,0.008831908831908875,1.8534839046387486,3.3967535496100627,1.711043709186298,20.812169690212077,0.056545893719806804,16
cross_environment,cross_environment:V2:OV_V2_03_difficult,V2,OV_V2_03_difficult,correlation_shrink_0.50_fit_bias,loglinear_covariance_time,AgACI-EWA,calibration_only,0.1,0.9,1755,0.9037037037037037,0.0037037037037036535,1.5314545260961658,3.139858946915535,1.3963003137461645,19.308857931149102,0.03731280193236724,8
cross_environment,cross_environment:V2:OV_V2_03_difficult,V2,OV_V2_03_difficult,correlation_shrink_0.75,constant,ACI,calibration_only,0.1,0.9,1755,0.8951566951566952,0.004843304843304863,1.8331056659214902,2.803076821451835,1.6006345430957498,19.151656296555526,0.07147946859903388,12
cross_environment,cross_environment:V2:OV_V2_03_difficult,V2,OV_V2_03_difficult,correlation_shrink_0.75,constant,AgACI-EWA,calibration_only,0.1,0.9,1755,0.8888888888888888,0.011111111111111183,0.9744367131740646,2.7035678829688483,0.8665784046629913,16.54469395030751,0.034559178743961284,11
cross_environment,cross_environment:V2:OV_V2_03_difficult,V2,OV_V2_03_difficult,correlation_shrink_0.75,loglinear_covariance,ACI,calibration_only,0.1,0.9,1755,0.8974358974358975,0.002564102564102555,1.7475132242517049,3.7203308335968126,1.4684236551718084,20.316062068163852,0.06506642512077299,19
cross_environment,cross_environment:V2:OV_V2_03_difficult,V2,OV_V2_03_difficult,correlation_shrink_0.75,loglinear_covariance,AgACI-EWA,calibration_only,0.1,0.9,1755,0.8940170940170941,0.005982905982905962,1.0472574908618508,3.4087116819173278,0.930004197097051,18.46091471033059,0.03500603864734292,11
cross_environment,cross_environment:V2:OV_V2_03_difficult,V2,OV_V2_03_difficult,correlation_shrink_0.75,loglinear_covariance_time,ACI,calibration_only,0.1,0.9,1755,0.8974358974358975,0.002564102564102555,1.6986111531174277,3.8543451330940837,1.49688066940207,20.82588120728774,0.06446256038647347,19
cross_environment,cross_environment:V2:OV_V2_03_difficult,V2,OV_V2_03_difficult,correlation_shrink_0.75,loglinear_covariance_time,AgACI-EWA,calibration_only,0.1,0.9,1755,0.8962962962962963,0.0037037037037037646,1.0553998422442241,3.4774347627468853,0.948210806422626,18.832457402152535,0.03428140096618353,11
cross_environment,cross_environment:V2:OV_V2_03_difficult,V2,OV_V2_03_difficult,correlation_shrink_0.75_fit_bias,constant,ACI,calibration_only,0.1,0.9,1755,0.8917378917378918,0.00826210826210827,2.0313523720578655,2.8561716660172425,1.7653754431858961,20.329512544276433,0.059323671497584565,13
cross_environment,cross_environment:V2:OV_V2_03_difficult,V2,OV_V2_03_difficult,correlation_shrink_0.75_fit_bias,constant,AgACI-EWA,calibration_only,0.1,0.9,1755,0.8814814814814815,0.01851851851851849,1.3734541519443795,2.8212024483387625,1.2447609710254712,18.530376681852186,0.04147342995169066,7
cross_environment,cross_environment:V2:OV_V2_03_difficult,V2,OV_V2_03_difficult,correlation_shrink_0.75_fit_bias,loglinear_covariance,ACI,calibration_only,0.1,0.9,1755,0.8934472934472935,0.0065527065527065664,1.935870256494761,3.76730280359688,1.7532640564788395,21.953703302063403,0.051533816425120824,14
cross_environment,cross_environment:V2:OV_V2_03_difficult,V2,OV_V2_03_difficult,correlation_shrink_0.75_fit_bias,loglinear_covariance,AgACI-EWA,calibration_only,0.1,0.9,1755,0.9048433048433049,0.004843304843304863,1.6695098612491162,3.754156868931218,1.6345262721709704,22.256493783016186,0.03725241545893726,8
cross_environment,cross_environment:V2:OV_V2_03_difficult,V2,OV_V2_03_difficult,correlation_shrink_0.75_fit_bias,loglinear_covariance_time,ACI,calibration_only,0.1,0.9,1755,0.8934472934472935,0.0065527065527065664,1.9773107092133593,3.731367204414154,1.7668025893514898,22.001150765769452,0.05164855072463773,15
cross_environment,cross_environment:V2:OV_V2_03_difficult,V2,OV_V2_03_difficult,correlation_shrink_0.75_fit_bias,loglinear_covariance_time,AgACI-EWA,calibration_only,0.1,0.9,1755,0.9037037037037037,0.0037037037037036535,1.634111732498539,3.6881493349751984,1.604190870211825,22.146109303964288,0.038393719806763364,8
cross_environment,cross_environment:V2:OV_V2_03_difficult,V2,OV_V2_03_difficult,normalized_empirical_blend_0.25,constant,ACI,calibration_only,0.1,0.9,1755,0.913960113960114,0.013960113960113985,-3.3689385015070945,-2.348304902437682,-3.2212278396613416,3.5316385009801925,0.08151570048309197,18
cross_environment,cross_environment:V2:OV_V2_03_difficult,V2,OV_V2_03_difficult,normalized_empirical_blend_0.25,constant,AgACI-EWA,calibration_only,0.1,0.9,1755,0.9122507122507123,0.012250712250712281,-3.7126302926901555,-2.6985479343422716,-3.6388948348327563,3.1009848682679158,0.027016908212560538,4
cross_environment,cross_environment:V2:OV_V2_03_difficult,V2,OV_V2_03_difficult,normalized_empirical_blend_0.25,loglinear_covariance,ACI,calibration_only,0.1,0.9,1755,0.9168091168091168,0.016809116809116786,-3.2080629163298466,-1.369098470675583,-2.976654186227758,4.003982860468263,0.08323067632850258,18
cross_environment,cross_environment:V2:OV_V2_03_difficult,V2,OV_V2_03_difficult,normalized_empirical_blend_0.25,loglinear_covariance,AgACI-EWA,calibration_only,0.1,0.9,1755,0.9094017094017094,0.009401709401709368,-3.7156491170401003,-2.6067246664277612,-3.607761142575963,3.2000707959571884,0.025477053140096743,4
cross_environment,cross_environment:V2:OV_V2_03_difficult,V2,OV_V2_03_difficult,normalized_empirical_blend_0.25,loglinear_covariance_time,ACI,calibration_only,0.1,0.9,1755,0.9156695156695157,0.015669515669515688,-3.225438380530526,-1.3250400410140695,-2.976289512826111,4.01821433549318,0.08252415458937214,17
cross_environment,cross_environment:V2:OV_V2_03_difficult,V2,OV_V2_03_difficult,normalized_empirical_blend_0.25,loglinear_covariance_time,AgACI-EWA,calibration_only,0.1,0.9,1755,0.9065527065527066,0.0065527065527065664,-3.7026808453119946,-2.6272981446758275,-3.6051134330386936,3.210683742413704,0.024824879227053263,4
cross_environment,cross_environment:V2:OV_V2_03_difficult,V2,OV_V2_03_difficult,normalized_empirical_blend_0.50,constant,ACI,calibration_only,0.1,0.9,1755,0.9116809116809117,0.011680911680911676,-3.299111602455623,-2.4935765679107016,-3.2275136670264803,3.7056235344384945,0.08013285024154605,25
cross_environment,cross_environment:V2:OV_V2_03_difficult,V2,OV_V2_03_difficult,normalized_empirical_blend_0.50,constant,AgACI-EWA,calibration_only,0.1,0.9,1755,0.9173789173789174,0.01737891737891739,-3.600249000729902,-2.7122082393871385,-3.5698600631999344,3.3324999673058984,0.030966183574879375,3
cross_environment,cross_environment:V2:OV_V2_03_difficult,V2,OV_V2_03_difficult,normalized_empirical_blend_0.50,constant,ACI,recent_100,0.1,0.9,1755,0.878062678062678,0.021937321937322007,-3.390949341569554,-2.664546046565475,-3.3430557551879625,3.57120818828553,0.07158212560386472,24
cross_environment,cross_environment:V2:OV_V2_03_difficult,V2,OV_V2_03_difficult,normalized_empirical_blend_0.50,constant,AgACI-EWA,recent_100,0.1,0.9,1755,0.8689458689458689,0.03105413105413113,-3.6031505538321067,-2.6858260298127106,-3.515631280556735,3.382290839694881,0.07111714975845405,16
cross_environment,cross_environment:V2:OV_V2_03_difficult,V2,OV_V2_03_difficult,normalized_empirical_blend_0.50,constant,ACI,recent_300,0.1,0.9,1755,0.886039886039886,0.013960113960113985,-3.4464840286621676,-2.662195949796454,-3.364825713927429,3.5427966552617742,0.09612318840579717,24
cross_environment,cross_environment:V2:OV_V2_03_difficult,V2,OV_V2_03_difficult,normalized_empirical_blend_0.50,constant,AgACI-EWA,recent_300,0.1,0.9,1755,0.886039886039886,0.013960113960113985,-3.6652864876770153,-2.723764806022424,-3.557986041703892,3.326307253232217,0.06527173913043477,12
cross_environment,cross_environment:V2:OV_V2_03_difficult,V2,OV_V2_03_difficult,normalized_empirical_blend_0.50,loglinear_covariance,ACI,calibration_only,0.1,0.9,1755,0.9156695156695157,0.015669515669515688,-3.1631049438873244,-1.4961751324821424,-2.9739364983157093,4.207568072188964,0.07517512077294704,25
cross_environment,cross_environment:V2:OV_V2_03_difficult,V2,OV_V2_03_difficult,normalized_empirical_blend_0.50,loglinear_covariance,AgACI-EWA,calibration_only,0.1,0.9,1755,0.9088319088319088,0.008831908831908764,-3.587057881994082,-2.573351502297642,-3.504733821836264,3.479123160567787,0.02848429951690829,3
cross_environment,cross_environment:V2:OV_V2_03_difficult,V2,OV_V2_03_difficult,normalized_empirical_blend_0.50,loglinear_covariance,ACI,recent_100,0.1,0.9,1755,0.8729344729344729,0.027065527065527117,-3.3355182004293136,-2.3626706151892822,-3.235875738352375,3.7845580328807027,0.08359299516908214,25
cross_environment,cross_environment:V2:OV_V2_03_difficult,V2,OV_V2_03_difficult,normalized_empirical_blend_0.50,loglinear_covariance,AgACI-EWA,recent_100,0.1,0.9,1755,0.852991452991453,0.047008547008547064,-3.5891772264323665,-2.7159798204821937,-3.476761852240893,3.4906377781803615,0.07755434782608689,14
cross_environment,cross_environment:V2:OV_V2_03_difficult,V2,OV_V2_03_difficult,normalized_empirical_blend_0.50,loglinear_covariance,ACI,recent_300,0.1,0.9,1755,0.882051282051282,0.017948717948717996,-3.28978229174586,-2.5498311791485406,-3.2423045972340656,3.7663149278533603,0.09741545893719813,18
cross_environment,cross_environment:V2:OV_V2_03_difficult,V2,OV_V2_03_difficult,normalized_empirical_blend_0.50,loglinear_covariance,AgACI-EWA,recent_300,0.1,0.9,1755,0.8803418803418803,0.0196581196581197,-3.610019773739042,-2.771688529944259,-3.5013409147057017,3.450824258969401,0.0628683574879227,15
cross_environment,cross_environment:V2:OV_V2_03_difficult,V2,OV_V2_03_difficult,normalized_empirical_blend_0.50,loglinear_covariance_time,ACI,calibration_only,0.1,0.9,1755,0.9156695156695157,0.015669515669515688,-3.1819829600659295,-1.4883352663829676,-2.979861876569797,4.213773837784518,0.076485507246377,26
cross_environment,cross_environment:V2:OV_V2_03_difficult,V2,OV_V2_03_difficult,normalized_empirical_blend_0.50,loglinear_covariance_time,AgACI-EWA,calibration_only,0.1,0.9,1755,0.9082621082621083,0.00826210826210827,-3.565809331560799,-2.597341031862973,-3.507319597962184,3.486083192937458,0.028846618357488033,4
cross_environment,cross_environment:V2:OV_V2_03_difficult,V2,OV_V2_03_difficult,normalized_empirical_blend_0.50,loglinear_covariance_time,ACI,recent_100,0.1,0.9,1755,0.8723646723646724,0.02763532763532761,-3.335205514228207,-2.419560231352423,-3.2431924896856965,3.7812772684574125,0.08445048309178743,25
cross_environment,cross_environment:V2:OV_V2_03_difficult,V2,OV_V2_03_difficult,normalized_empirical_blend_0.50,loglinear_covariance_time,AgACI-EWA,recent_100,0.1,0.9,1755,0.8564102564102564,0.04358974358974366,-3.5770273957001875,-2.717788541906348,-3.4676318106819544,3.5052410014681272,0.07345410628019317,14
cross_environment,cross_environment:V2:OV_V2_03_difficult,V2,OV_V2_03_difficult,normalized_empirical_blend_0.50,loglinear_covariance_time,ACI,recent_300,0.1,0.9,1755,0.8814814814814815,0.01851851851851849,-3.3107139241680423,-2.585578441752856,-3.2566718051103467,3.755723980951604,0.09789855072463771,18
cross_environment,cross_environment:V2:OV_V2_03_difficult,V2,OV_V2_03_difficult,normalized_empirical_blend_0.50,loglinear_covariance_time,AgACI-EWA,recent_300,0.1,0.9,1755,0.8803418803418803,0.0196581196581197,-3.5931290332947547,-2.7488867647881423,-3.4898777939856394,3.4698540608202286,0.0660507246376812,13
cross_environment,cross_environment:V2:OV_V2_03_difficult,V2,OV_V2_03_difficult,normalized_empirical_blend_0.75,constant,ACI,calibration_only,0.1,0.9,1755,0.905982905982906,0.005982905982905962,-3.152074717958887,-2.478191558867063,-3.0669331166167324,4.288060241822855,0.07831521739130445,27
cross_environment,cross_environment:V2:OV_V2_03_difficult,V2,OV_V2_03_difficult,normalized_empirical_blend_0.75,constant,AgACI-EWA,calibration_only,0.1,0.9,1755,0.9207977207977208,0.020797720797720798,-3.328227152073419,-2.5100371088854003,-3.3206503561959004,3.9814821055277814,0.036382850241546076,4
cross_environment,cross_environment:V2:OV_V2_03_difficult,V2,OV_V2_03_difficult,normalized_empirical_blend_0.75,loglinear_covariance,ACI,calibration_only,0.1,0.9,1755,0.9133903133903134,0.01339031339031338,-3.074674590388807,-1.4666501463467985,-2.876645693570285,4.727911739254453,0.06602657004830931,27
cross_environment,cross_environment:V2:OV_V2_03_difficult,V2,OV_V2_03_difficult,normalized_empirical_blend_0.75,loglinear_covariance,AgACI-EWA,calibration_only,0.1,0.9,1755,0.9133903133903134,0.01339031339031338,-3.319572608602682,-2.3589772589785936,-3.262650352958289,4.130692279616735,0.026678743961352815,3
cross_environment,cross_environment:V2:OV_V2_03_difficult,V2,OV_V2_03_difficult,normalized_empirical_blend_0.75,loglinear_covariance_time,ACI,calibration_only,0.1,0.9,1755,0.9128205128205128,0.012820512820512775,-3.0836654156702643,-1.4743994338066517,-2.8819338972538264,4.730849900310048,0.06959541062801945,28
cross_environment,cross_environment:V2:OV_V2_03_difficult,V2,OV_V2_03_difficult,normalized_empirical_blend_0.75,loglinear_covariance_time,AgACI-EWA,calibration_only,0.1,0.9,1755,0.9133903133903134,0.01339031339031338,-3.3495782750450456,-2.36439892717189,-3.2747045357370608,4.1214127193989345,0.02633454106280208,3
